stamp_sec,receive_sec,linear_x,linear_y,linear_z,angular_x,angular_y,angular_z
0.218,1790081554.9,0,0,-9.8,0,0,0
0.238,1790081554.92,0,0,-9.8,0,0,0
0.258,1790081554.94,0,0,-9.8,0,0,0
0.278,1790081554.96,4.47206282331e-22,5.4989151102e-27,-9.8,-8.35908245758e-27,-2.08617017271e-19,3.68362766005e-25
0.298,1790081554.98,-4.47179830579e-22,-5.49884649429e-27,-9.8,8.34631947745e-27,2.08604677711e-19,-3.68356940008e-25
0.318,1790081555,-2.64519253612e-26,2.71334727355e-32,-9.8,1.26603875522e-29,1.23395604076e-23,-3.75986383328e-35
0.338,1790081555.02,2.89762378611e-34,2.1738889525e-34,-9.8,1.01409760501e-31,-1.35171271115e-31,5.44344298275e-37
0.358,1790081555.04,6.34758709665e-21,7.36602990995e-26,-9.8,-7.87236487297e-27,-2.96108270564e-18,4.91941473269e-24
0.378,1790081555.06,0.0624695608487,6.64458439261e-05,78.160138762,-0.00263147453155,2.4989140705,-8.91180041175e-05
0.398,1790081555.08,1.90791170731e-06,-1.31215652288e-06,0.489999514491,-0.000110291829187,-0.000138562449352,9.44906242385e-05
0.418,1790081555.1,-0.222927527731,-0.000273487156029,-0.40246380498,0.0073619023899,-8.91680466712,0.000472461856661
0.438,1790081555.12,0.222925505354,0.000274870121765,-0.087535713396,-0.00724459211669,8.91695128562,-0.000572133648912
0.458,1790081555.15,2.02231608404e-06,-1.37433714075e-06,0.489999518367,-0.000117655410846,-0.000146620951881,9.96717702267e-05
0.478,1790081555.16,-0.22292752768,-0.00027351805453,-0.402463804964,0.00736318876001,-8.91680466383,0.000472455901745
0.498,1790081555.19,0.222925505314,0.000274901222697,-0.0875357134121,-0.00724588893635,8.91695128275,-0.000572126849188
0.518,1790081555.21,2.02231544644e-06,-1.37431756626e-06,0.489999518367,-0.000117653846149,-0.000146620963027,9.96709255041e-05
0.538,1790081555.23,-0.222927527638,-0.000273549208381,-0.402463805079,0.00736448524138,-8.91680466092,0.000472449959457
0.558,1790081555.25,0.222925505273,0.000274932356764,-0.0875357132965,-0.0072471869883,8.91695127984,-0.000572120054107
0.578,1790081555.27,2.0223146587e-06,-1.37429789786e-06,0.489999518367,-0.00011765227093,-0.000146620962977,9.9670072712e-05
0.598,1790081555.29,-0.222927527597,-0.000273580361827,-0.402463805195,0.00736578170596,-8.91680465801,0.000472444017234
0.618,1790081555.31,0.222925505232,0.000274963490365,-0.0875357131812,-0.00724848502324,8.91695127693,-0.000572113259557
0.638,1790081555.33,2.02231381785e-06,-1.37427817038e-06,0.489999518368,-0.000117650695921,-0.000146620963844,9.96692203853e-05
0.658,1790081555.35,-0.222927527555,-0.000273611514864,-0.402463805311,0.00736707815348,-8.9168046551,0.0004724380751
0.678,1790081555.37,0.222925505191,0.000274994623637,-0.0875357130657,-0.00724978304125,8.91695127402,-0.000572106464941
0.698,1790081555.39,2.02231300851e-06,-1.37425852334e-06,0.489999518368,-0.00011764912068,-0.000146620963082,9.96683679033e-05
0.718,1790081555.41,-0.222927527513,-0.000273642667482,-0.402463805426,0.00736837458365,-8.91680465219,0.000472432133029
0.738,1790081555.43,0.222925505149,0.000275025756463,-0.0875357129499,-0.00725108104185,8.9169512711,-0.000572099670387
0.758,1790081555.45,2.02231214682e-06,-1.37423884741e-06,0.489999518368,-0.00011764754564,-0.000146620961644,9.96675154216e-05
0.778,1790081555.47,-0.222927527471,-0.000273673819691,-0.402463805542,0.00736967099681,-8.91680464928,0.000472426191039
0.798,1790081555.49,0.222925505108,0.000275056888869,-0.0875357128346,-0.00725237902538,8.91695126819,-0.000572092874985
0.818,1790081555.51,2.02231133766e-06,-1.37421916106e-06,0.489999518368,-0.000117645970562,-0.000146620962443,9.96666620086e-05
0.838,1790081555.53,-0.222927527429,-0.000273704971493,-0.402463805657,0.00737096739299,-8.91680464637,0.000472420249129
0.858,1790081555.55,0.222925505067,0.000275088020896,-0.0875357127192,-0.00725367699215,8.91695126528,-0.000572086080282
0.878,1790081555.57,2.02231056059e-06,-1.37419950122e-06,0.489999518368,-0.000117644395376,-0.000146620962335,9.96658092161e-05
0.898,1790081555.59,-0.222927527387,-0.000273736122882,-0.402463805773,0.00737226377205,-8.91680464346,0.000472414307294
0.918,1790081555.61,0.222925505026,0.00027511915253,-0.0875357126036,-0.00725497494167,8.91695126237,-0.000572079285965
0.938,1790081555.63,2.02230974968e-06,-1.37417986433e-06,0.489999518368,-0.000117642820182,-0.00014662096101,9.96649567342e-05
0.958,1790081555.65,-0.222927527345,-0.000273767273864,-0.402463805889,0.00737356013405,-8.91680464055,0.000472408365547
0.978,1790081555.67,0.222925504985,0.000275150283688,-0.0875357124881,-0.00725627287393,8.91695125946,-0.000572072491735
0.998,1790081555.69,2.0223089553e-06,-1.37416015843e-06,0.489999518368,-0.000117641245227,-0.000146620959814,9.96641042524e-05
1.018,1790081555.71,-0.222927527304,-0.000273798424427,-0.402463806004,0.00737485647866,-8.91680463763,0.000472402423875
1.038,1790081555.73,0.222925504944,0.000275181414388,-0.0875357123726,-0.00725757078879,8.91695125655,-0.000572065698047
1.058,1790081555.75,2.0223081135e-06,-1.37414041035e-06,0.489999518368,-0.000117639670385,-0.000146620959894,9.96632522359e-05
1.078,1790081555.77,-0.222927527262,-0.000273829574589,-0.40246380612,0.0073761528066,-8.91680463472,0.000472396482282
1.098,1790081555.79,0.222925504903,0.000275212544846,-0.0875357122571,-0.00725886868718,8.91695125364,-0.000572058903816
1.118,1790081555.81,2.02230731226e-06,-1.37412082538e-06,0.489999518368,-0.000117638095147,-0.000146620959263,9.96623995988e-05
1.138,1790081555.83,-0.22292752722,-0.000273860724334,-0.402463806235,0.00737744911724,-8.91680463181,0.000472390540756
1.158,1790081555.85,0.222925504862,0.0002752436748,-0.0875357121416,-0.00726016656824,8.91695125072,-0.000572052109653
1.178,1790081555.87,2.0223064789e-06,-1.37410114629e-06,0.489999518369,-0.000117636520234,-0.000146620958538,9.96615469616e-05
1.198,1790081555.89,-0.222927527178,-0.000273891873673,-0.402463806351,0.00737874541084,-8.9168046289,0.000472384599327
1.218,1790081555.91,0.222925504821,0.000275274804364,-0.0875357120259,-0.00726146443199,8.91695124781,-0.000572045315432
1.238,1790081555.93,2.02230571232e-06,-1.37408148975e-06,0.489999518369,-0.000117634945335,-0.000146620957917,9.96606941694e-05
1.258,1790081555.95,-0.222927527136,-0.000273923022594,-0.402463806467,0.00738004168722,-8.91680462598,0.000472378657956
1.278,1790081555.97,0.22292550478,0.000275305933519,-0.0875357119105,-0.00726276227871,8.9169512449,-0.000572038521422
1.298,1790081555.99,2.02230483402e-06,-1.37406184141e-06,0.489999518369,-0.000117633370314,-0.000146620958213,9.96598415318e-05
1.318,1790081556.01,-0.222927527094,-0.000273954171113,-0.402463806582,0.00738133794683,-8.91680462307,0.000472372716667
1.338,1790081556.03,0.222925504739,0.000275337062216,-0.0875357117951,-0.00726406010846,8.91695124198,-0.000572031728272
1.358,1790081556.05,2.02230401064e-06,-1.37404213573e-06,0.489999518369,-0.000117631795519,-0.000146620958005,9.96589896708e-05
1.378,1790081556.07,-0.222927527052,-0.000273985319219,-0.402463806698,0.00738263418911,-8.91680462016,0.000472366775471
1.398,1790081556.09,0.222925504698,0.000275368190509,-0.0875357116795,-0.00726535792122,8.91695123907,-0.000572024933818
1.418,1790081556.11,2.02230320453e-06,-1.37402243995e-06,0.489999518369,-0.000117630220367,-0.000146620957853,9.96581364133e-05
1.438,1790081556.13,-0.22292752701,-0.000274016466908,-0.402463806814,0.00738393041416,-8.91680461725,0.000472360834342
1.458,1790081556.15,0.222925504657,0.000275399318423,-0.0875357115641,-0.00726665571635,8.91695123616,-0.000572018140517
1.478,1790081556.17,2.02230244736e-06,-1.37400278162e-06,0.489999518369,-0.000117628645623,-0.00014662095602,9.96572842417e-05
1.498,1790081556.19,-0.222927526968,-0.000274047614191,-0.402463806929,0.00738522662236,-8.91680461434,0.000472354893284
1.518,1790081556.21,0.222925504616,0.000275430445953,-0.0875357114486,-0.0072679534946,8.91695123324,-0.000572011347442
1.538,1790081556.23,2.02230153937e-06,-1.37398314428e-06,0.489999518369,-0.000117627070951,-0.000146620957043,9.96564322252e-05
1.558,1790081556.25,-0.222927526927,-0.000274078761064,-0.402463807045,0.00738652281339,-8.91680461142,0.000472348952317
1.578,1790081556.27,0.222925504575,0.000275461573012,-0.0875357113331,-0.00726925125589,8.91695123033,-0.000572004553373
1.598,1790081556.29,2.02230075727e-06,-1.3739634489e-06,0.489999518369,-0.000117625495952,-0.000146620955556,9.96555791221e-05
1.618,1790081556.31,-0.222927526885,-0.000274109907529,-0.40246380716,0.00738781898745,-8.91680460851,0.00047234301143
1.638,1790081556.33,0.222925504533,0.000275492699686,-0.0875357112176,-0.00727054900025,8.91695122742,-0.000571997760158
1.658,1790081556.35,2.02229993099e-06,-1.37394377058e-06,0.489999518369,-0.0001176239211,-0.000146620955373,9.96547267955e-05
1.678,1790081556.37,-0.222927526843,-0.000274141053582,-0.402463807276,0.00738911514443,-8.91680460559,0.000472337070606
1.698,1790081556.39,0.222925504492,0.000275523825952,-0.0875357111018,-0.00727184672726,8.9169512245,-0.000571990967008
1.718,1790081556.41,2.0222991445e-06,-1.37392410585e-06,0.48999951837,-0.00011762234624,-0.000146620954717,9.96538744686e-05
1.738,1790081556.43,-0.222927526801,-0.000274172199222,-0.402463807392,0.00739041128411,-8.91680460268,0.00047233112988
1.758,1790081556.45,0.222925504451,0.00027555495187,-0.0875357109864,-0.00727314443739,8.91695122159,-0.000571984173179
1.778,1790081556.47,2.02229835431e-06,-1.37390449515e-06,0.48999951837,-0.000117620771291,-0.00014662095326,9.96530213661e-05
1.798,1790081556.49,-0.222927526759,-0.00027420334445,-0.402463807507,0.00739170740679,-8.91680459976,0.000472325189217
1.818,1790081556.51,0.22292550441,0.000275586077284,-0.0875357108709,-0.00727444212989,8.91695121867,-0.00057197738112
1.838,1790081556.53,2.02229752315e-06,-1.37388480162e-06,0.48999951837,-0.000117619196633,-0.000146620953433,9.96521699703e-05
1.858,1790081556.55,-0.222927526717,-0.000274234489265,-0.402463807623,0.00739300351235,-8.91680459685,0.000472319248621
1.878,1790081556.57,0.222925504369,0.000275617202346,-0.0875357107553,-0.00727573980568,8.91695121575,-0.00057197058711
1.898,1790081556.59,2.02229674408e-06,-1.37386516318e-06,0.48999951837,-0.000117617621842,-0.000146620951908,9.96513165573e-05
1.918,1790081556.61,-0.222927526675,-0.000274265633674,-0.402463807738,0.00739429960079,-8.91680459394,0.000472313308131
1.938,1790081556.63,0.222925504328,0.000275648326992,-0.08753571064,-0.00727703746411,8.91695121284,-0.000571963794448
1.958,1790081556.65,2.02229590692e-06,-1.37384551589e-06,0.48999951837,-0.0001176160472,-0.000146620951242,9.96504643856e-05
1.978,1790081556.67,-0.222927526633,-0.000274296777681,-0.402463807854,0.00739559567261,-8.91680459102,0.000472307367702
1.998,1790081556.69,0.222925504287,0.000275679451156,-0.0875357105243,-0.00727833510573,8.91695120993,-0.000571957002003
2.018,1790081556.71,2.02229508067e-06,-1.37382579255e-06,0.48999951837,-0.000117614472618,-0.000146620951761,9.96496123691e-05
2.038,1790081556.73,-0.222927526591,-0.000274327921264,-0.40246380797,0.00739689172674,-8.91680458811,0.000472301427361
2.058,1790081556.75,0.222925504246,0.000275710575007,-0.0875357104087,-0.00727963273025,8.91695120701,-0.000571950209334
2.078,1790081556.77,2.0222942729e-06,-1.37380617584e-06,0.48999951837,-0.000117612897622,-0.000146620950177,9.96487600421e-05
2.098,1790081556.79,-0.222927526549,-0.000274359064434,-0.402463808085,0.0073981877637,-8.91680458519,0.000472295487093
2.118,1790081556.81,0.222925504204,0.000275741698404,-0.0875357102934,-0.00728093033705,8.9169512041,-0.000571943416583
2.138,1790081556.83,2.02229341981e-06,-1.37378651784e-06,0.48999951837,-0.000117611323204,-0.000146620950104,9.96479075603e-05
2.158,1790081556.85,-0.222927526507,-0.000274390207205,-0.402463808201,0.00739948378407,-8.91680458228,0.000472289546902
2.178,1790081556.87,0.222925504163,0.000275772821371,-0.0875357101781,-0.00728222792736,8.91695120118,-0.000571936623445
2.198,1790081556.89,2.02229261506e-06,-1.37376683312e-06,0.48999951837,-0.000117609748487,-0.000146620949508,9.96470546128e-05
2.218,1790081556.91,-0.222927526465,-0.000274421349565,-0.402463808317,0.00740077978735,-8.91680457937,0.000472283606789
2.238,1790081556.93,0.222925504122,0.000275803943949,-0.0875357100625,-0.00728352550072,8.91695119827,-0.000571929831625
2.258,1790081556.95,2.02229181105e-06,-1.37374716596e-06,0.489999518371,-0.000117608173813,-0.000146620950375,9.96462029066e-05
2.278,1790081556.97,-0.222927526423,-0.000274452491504,-0.402463808432,0.00740207577309,-8.91680457645,0.000472277666756
2.298,1790081556.99,0.222925504081,0.000275835066083,-0.0875357099471,-0.00728482305613,8.91695119535,-0.000571923038644
2.318,1790081557.01,2.0222909973e-06,-1.37372747849e-06,0.489999518371,-0.000117606599457,-0.000146620948567,9.96453499592e-05
2.338,1790081557.03,-0.222927526381,-0.000274483633044,-0.402463808548,0.00740337174224,-8.91680457354,0.000472271726798
2.358,1790081557.05,0.22292550404,0.000275866187832,-0.0875357098317,-0.00728612059528,8.91695119244,-0.000571916246204
2.378,1790081557.07,2.02229015233e-06,-1.3737078034e-06,0.489999518371,-0.00011760502481,-0.000146620948338,9.96444974772e-05
2.398,1790081557.09,-0.222927526339,-0.00027451477417,-0.402463808663,0.00740466769412,-8.91680457062,0.000472265786924
2.418,1790081557.11,0.222925503999,0.000275897309163,-0.0875357097161,-0.00728741811693,8.91695118952,-0.000571909454468
2.438,1790081557.13,2.02228936495e-06,-1.37368812591e-06,0.489999518371,-0.000117603450345,-0.000146620948369,9.96436456159e-05
2.458,1790081557.15,-0.222927526297,-0.000274545914874,-0.402463808779,0.0074059636285,-8.9168045677,0.000472259847124
2.478,1790081557.17,0.222925503958,0.000275928430103,-0.0875357096006,-0.00728871562127,8.9169511866,-0.000571902662496
2.498,1790081557.19,2.02228856544e-06,-1.37366847897e-06,0.489999518371,-0.000117601875692,-0.000146620948015,9.96427934439e-05
2.518,1790081557.21,-0.222927526255,-0.000274577055176,-0.402463808895,0.00740725954619,-8.91680456479,0.000472253907395
2.538,1790081557.23,0.222925503917,0.000275959550684,-0.0875357094852,-0.00729001310898,8.91695118369,-0.000571895870441
2.558,1790081557.25,2.02228767454e-06,-1.37364887427e-06,0.489999518371,-0.000117600301008,-0.000146620947639,9.9641941117e-05
2.578,1790081557.27,-0.222927526213,-0.000274608195067,-0.40246380901,0.00740855544673,-8.91680456187,0.000472247967749
2.598,1790081557.29,0.222925503875,0.000275990670813,-0.0875357093696,-0.00729131057925,8.91695118077,-0.000571889078467
2.618,1790081557.31,2.0222869235e-06,-1.37362922852e-06,0.489999518371,-0.00011759872664,-0.000146620946627,9.96410887904e-05
2.638,1790081557.33,-0.222927526171,-0.000274639334551,-0.402463809126,0.00740985133024,-8.91680455896,0.000472242028194
2.658,1790081557.35,0.222925503834,0.000276021790504,-0.0875357092541,-0.00729260803275,8.91695117785,-0.000571882286585
2.678,1790081557.37,2.02228611385e-06,-1.3736095512e-06,0.489999518371,-0.000117597152004,-0.000146620946597,9.96402364634e-05
2.698,1790081557.39,-0.222927526129,-0.00027467047362,-0.402463809241,0.00741114719654,-8.91680455604,0.000472236088709
2.718,1790081557.41,0.222925503793,0.000276052909721,-0.0875357091387,-0.00729390546862,8.91695117494,-0.000571875494308
2.738,1790081557.43,2.02228531646e-06,-1.37358981606e-06,0.489999518371,-0.000117595577778,-0.000146620945702,9.96393836711e-05
2.758,1790081557.45,-0.222927526087,-0.000274701612283,-0.402463809357,0.00741244304595,-8.91680455312,0.000472230149299
2.778,1790081557.47,0.222925503752,0.000276084028551,-0.0875357090232,-0.00729520288762,8.91695117202,-0.000571868703346
2.798,1790081557.49,2.02228444554e-06,-1.37357010269e-06,0.489999518372,-0.000117594003427,-0.000146620945675,9.96385321198e-05
2.818,1790081557.51,-0.222927526045,-0.000274732750531,-0.402463809472,0.00741373887818,-8.91680455021,0.000472224209961
2.838,1790081557.53,0.222925503711,0.000276115147088,-0.0875357089078,-0.00729650028989,8.91695116911,-0.00057186191075
2.858,1790081557.55,2.0222836628e-06,-1.37355050527e-06,0.489999518372,-0.000117592428824,-0.000146620945226,9.96376788621e-05
2.878,1790081557.57,-0.222927526003,-0.00027476388837,-0.402463809588,0.00741503469323,-8.91680454729,0.000472218270714
2.898,1790081557.59,0.222925503669,0.000276146265162,-0.0875357087923,-0.00729779767445,8.91695116619,-0.000571855119797
2.918,1790081557.61,2.02228284528e-06,-1.37353085602e-06,0.489999518372,-0.000117590854683,-0.000146620944385,9.9636827156e-05
2.938,1790081557.63,-0.222927525961,-0.0002747950258,-0.402463809704,0.00741633049139,-8.91680454437,0.000472212331533
2.958,1790081557.65,0.222925503628,0.000276177382819,-0.0875357086767,-0.00729909504244,8.91695116327,-0.000571848328599
2.978,1790081557.67,2.0222820481e-06,-1.37351120329e-06,0.489999518372,-0.000117589280058,-0.000146620943772,9.96359751393e-05
2.998,1790081557.69,-0.222927525919,-0.000274826162819,-0.402463809819,0.00741762627232,-8.91680454146,0.000472206392446
3.018,1790081557.71,0.222925503587,0.000276208500028,-0.0875357085612,-0.00730039239293,8.91695116035,-0.000571841537495
3.038,1790081557.73,2.02228119285e-06,-1.37349150944e-06,0.489999518372,-0.000117587705838,-0.00014662094349,9.96351231228e-05
3.058,1790081557.75,-0.222927525877,-0.000274857299424,-0.402463809935,0.00741892203616,-8.91680453854,0.000472200453423
3.078,1790081557.77,0.222925503546,0.00027623961688,-0.0875357084458,-0.00730168972655,8.91695115743,-0.000571834745989
3.098,1790081557.79,2.02228034824e-06,-1.37347187114e-06,0.489999518372,-0.000117586131466,-0.000146620943733,9.96342706406e-05
3.118,1790081557.81,-0.222927525835,-0.000274888435626,-0.40246381005,0.00742021778314,-8.91680453562,0.000472194514483
3.138,1790081557.83,0.222925503505,0.000276270733338,-0.0875357083303,-0.00730298704341,8.91695115452,-0.000571827954722
3.158,1790081557.85,2.02227954131e-06,-1.37345224426e-06,0.489999518372,-0.000117584556928,-0.000146620943293,9.96334183139e-05
3.178,1790081557.87,-0.222927525793,-0.000274919571413,-0.402463810166,0.00742151351286,-8.91680453271,0.000472188575624
3.198,1790081557.89,0.222925503463,0.000276301849255,-0.087535708215,-0.00730428434242,8.9169511516,-0.000571821164001
3.218,1790081557.91,2.02227881535e-06,-1.37343249088e-06,0.489999518372,-0.000117582982939,-0.000146620940939,9.96325664524e-05
3.238,1790081557.93,-0.222927525751,-0.000274950706781,-0.402463810281,0.00742280922516,-8.91680452979,0.000472182636843
3.258,1790081557.95,0.222925503422,0.0002763329649,-0.0875357080994,-0.00730558162441,8.91695114868,-0.000571814372117
3.278,1790081557.97,2.02227794954e-06,-1.37341288485e-06,0.489999518372,-0.000117581408563,-0.000146620940913,9.96317133494e-05
3.298,1790081557.99,-0.222927525709,-0.000274981841743,-0.402463810397,0.0074241049206,-8.91680452687,0.000472176698131
3.318,1790081558.01,0.222925503381,0.00027636408007,-0.0875357079839,-0.00730687888934,8.91695114576,-0.000571807581389
3.338,1790081558.03,2.02227712744e-06,-1.3733932084e-06,0.489999518372,-0.000117579834478,-0.000146620940129,9.96308613332e-05
3.358,1790081558.05,-0.222927525667,-0.000275012976303,-0.402463810513,0.00742540059929,-8.91680452395,0.000472170759503
3.378,1790081558.07,0.22292550334,0.000276395194808,-0.0875357078686,-0.00730817613757,8.91695114285,-0.000571800791209
3.398,1790081558.09,2.02227628902e-06,-1.37337350392e-06,0.489999518373,-0.000117578260231,-0.000146620940575,9.96300097818e-05
3.418,1790081558.11,-0.222927525625,-0.000275044110453,-0.402463810628,0.00742669626083,-8.91680452103,0.000472164820958
3.438,1790081558.13,0.222925503298,0.000276426309225,-0.087535707753,-0.00730947336862,8.91695113993,-0.000571794000958
3.458,1790081558.15,2.02227546789e-06,-1.37335388793e-06,0.489999518373,-0.000117576686047,-0.000146620939501,9.96291580759e-05
3.478,1790081558.17,-0.222927525583,-0.000275075244182,-0.402463810744,0.00742799190496,-8.91680451812,0.000472158882485
3.498,1790081558.19,0.222925503257,0.000276457423132,-0.0875357076376,-0.00731077058229,8.91695113701,-0.000571787209847
3.518,1790081558.21,2.0222746732e-06,-1.37333418315e-06,0.489999518373,-0.000117575111814,-0.000146620939141,9.96283054385e-05
3.538,1790081558.23,-0.222927525541,-0.000275106377507,-0.402463810859,0.00742928753221,-8.9168045152,0.000472152944095
3.558,1790081558.25,0.222925503216,0.000276488536714,-0.0875357075221,-0.00731206777919,8.91695113409,-0.00057178041944
3.578,1790081558.27,2.02227385279e-06,-1.37331455485e-06,0.489999518373,-0.000117573537585,-0.000146620939323,9.96274534219e-05
3.598,1790081558.29,-0.222927525499,-0.000275137510422,-0.402463810975,0.0074305831424,-8.91680451228,0.000472147005781
3.618,1790081558.31,0.222925503175,0.000276519649827,-0.0875357074066,-0.00731336495865,8.91695113117,-0.000571773629576
3.638,1790081558.33,2.02227310186e-06,-1.37329487206e-06,0.489999518373,-0.000117571963548,-0.000146620937591,9.9626601871e-05
3.658,1790081558.35,-0.222927525457,-0.000275168642921,-0.402463811091,0.00743187873537,-8.91680450936,0.000472141067537
3.678,1790081558.37,0.222925503133,0.000276550762557,-0.087535707291,-0.00731466212099,8.91695112825,-0.000571766838693
3.698,1790081558.39,2.02227219183e-06,-1.37327521774e-06,0.489999518373,-0.000117570389574,-0.000146620938002,9.96257492335e-05
3.718,1790081558.41,-0.222927525415,-0.000275199775015,-0.402463811206,0.00743317431144,-8.91680450644,0.000472135129378
3.738,1790081558.43,0.222925503092,0.000276581874968,-0.0875357071757,-0.00731595926684,8.91695112533,-0.000571760048672
3.758,1790081558.45,2.02227138455e-06,-1.37325565106e-06,0.489999518373,-0.000117568815115,-0.00014662093695,9.96248973723e-05
3.778,1790081558.47,-0.222927525373,-0.000275230906691,-0.402463811322,0.00743446987018,-8.91680450352,0.000472129191289
3.798,1790081558.49,0.222925503051,0.000276612986842,-0.0875357070603,-0.00731725639503,8.91695112241,-0.000571753259032
3.818,1790081558.51,2.02227059303e-06,-1.37323596608e-06,0.489999518373,-0.000117567241003,-0.000146620937749,9.96240458212e-05
3.838,1790081558.53,-0.222927525331,-0.000275262037969,-0.402463811437,0.00743576541215,-8.9168045006,0.0004721232533
3.858,1790081558.55,0.22292550301,0.000276644098358,-0.0875357069448,-0.00731855350636,8.91695111949,-0.000571746468096
3.878,1790081558.57,2.02226982861e-06,-1.37321631981e-06,0.489999518373,-0.000117565666998,-0.000146620934687,9.96231928735e-05
3.898,1790081558.59,-0.222927525289,-0.000275293168826,-0.402463811553,0.0074370609368,-8.91680449768,0.000472117315365
3.918,1790081558.61,0.222925502968,0.000276675209433,-0.0875357068294,-0.00731985060026,8.91695111657,-0.000571739678299
3.938,1790081558.63,2.02226901942e-06,-1.37319665566e-06,0.489999518373,-0.000117564093049,-0.000146620934958,9.96223410119e-05
3.958,1790081558.65,-0.222927525247,-0.000275324299281,-0.402463811668,0.00743835644456,-8.91680449477,0.00047211137753
3.978,1790081558.67,0.222925502927,0.000276706320107,-0.087535706714,-0.00732114767755,8.91695111365,-0.000571732888447
3.998,1790081558.69,2.0222681481e-06,-1.37317699085e-06,0.489999518374,-0.000117562518876,-0.000146620935424,9.96214889956e-05
4.018,1790081558.71,-0.222927525205,-0.000275355429323,-0.402463811784,0.00743965193519,-8.91680449185,0.000472105439762
4.038,1790081558.73,0.222925502886,0.000276737430386,-0.0875357065985,-0.00732244473737,8.91695111073,-0.000571726098507
4.058,1790081558.75,2.02226732738e-06,-1.37315734483e-06,0.489999518374,-0.00011756094503,-0.000146620935154,9.96206368239e-05
4.078,1790081558.77,-0.222927525162,-0.000275386558951,-0.402463811899,0.00744094740865,-8.91680448893,0.000472099502068
4.098,1790081558.79,0.222925502845,0.000276768540242,-0.0875357064832,-0.00732374178018,8.91695110781,-0.00057171930833
4.118,1790081558.81,2.02226643493e-06,-1.37313769021e-06,0.489999518374,-0.000117559370991,-0.000146620934985,9.96197843416e-05
4.138,1790081558.83,-0.22292752512,-0.000275417688164,-0.402463812015,0.00744224286492,-8.91680448601,0.000472093564444
4.158,1790081558.85,0.222925502803,0.000276799649604,-0.0875357063676,-0.0073250388056,8.91695110489,-0.000571712519
4.178,1790081558.87,2.0222657337e-06,-1.37311795317e-06,0.489999518374,-0.000117557797265,-0.000146620933075,9.96189326352e-05
4.198,1790081558.89,-0.222927525078,-0.000275448816977,-0.40246381213,0.00744353830439,-8.91680448309,0.000472087626916
4.218,1790081558.91,0.222925502762,0.000276830758743,-0.0875357062522,-0.00732633581434,8.91695110197,-0.000571705729765
4.238,1790081558.93,2.02226486795e-06,-1.37309839713e-06,0.489999518374,-0.000117556223255,-0.000146620933604,9.96180809289e-05
4.258,1790081558.95,-0.222927525036,-0.000275479945375,-0.402463812246,0.00744483372668,-8.91680448017,0.000472081689453
4.278,1790081558.97,0.222925502721,0.000276861867331,-0.0875357061368,-0.00732763280581,8.91695109905,-0.000571698939665
4.298,1790081558.99,2.02226412457e-06,-1.37307870641e-06,0.489999518374,-0.000117554649336,-0.00014662093247,9.96172282917e-05
4.318,1790081559.01,-0.222927524994,-0.000275511073361,-0.402463812361,0.00744612913181,-8.91680447725,0.000472075752075
4.338,1790081559.03,0.22292550268,0.000276892975568,-0.0875357060215,-0.00732892978035,8.91695109613,-0.00057169215089
4.358,1790081559.05,2.02226322924e-06,-1.37305907045e-06,0.489999518374,-0.000117553075379,-0.000146620933026,9.96163768957e-05
4.378,1790081559.07,-0.222927524952,-0.000275542200936,-0.402463812477,0.00744742451974,-8.91680447433,0.000472069814782
4.398,1790081559.09,0.222925502638,0.000276924083329,-0.0875357059059,-0.00733022673744,8.91695109321,-0.000571685362046
4.418,1790081559.11,2.02226246562e-06,-1.37303937481e-06,0.489999518374,-0.000117551501491,-0.000146620930847,9.96155253448e-05
4.438,1790081559.13,-0.22292752491,-0.000275573328102,-0.402463812592,0.0074487198907,-8.91680447141,0.000472063877561
4.458,1790081559.15,0.222925502597,0.000276955190745,-0.0875357057905,-0.00733152367764,8.91695109029,-0.000571678573119
4.478,1790081559.17,2.02226166511e-06,-1.37301974159e-06,0.489999518375,-0.000117549927589,-0.000146620931166,9.96146736383e-05
4.498,1790081559.19,-0.222927524868,-0.00027560445486,-0.402463812708,0.00745001524475,-8.91680446848,0.000472057940412
4.518,1790081559.21,0.222925502556,0.000276986297674,-0.087535705675,-0.00733282060064,8.91695108737,-0.000571671783797
4.538,1790081559.23,2.02226078861e-06,-1.37300002806e-06,0.489999518375,-0.000117548354007,-0.000146620930347,9.96138214667e-05
4.558,1790081559.25,-0.222927524825,-0.000275635581209,-0.402463812824,0.00745131058166,-8.91680446556,0.000472052003352
4.578,1790081559.27,0.222925502514,0.000277017404289,-0.0875357055596,-0.00733411750696,8.91695108444,-0.00057166499441
4.598,1790081559.29,2.02225994848e-06,-1.3729804108e-06,0.489999518375,-0.000117546779967,-0.000146620930839,9.96129691394e-05
4.618,1790081559.31,-0.222927524783,-0.000275666707142,-0.402463812939,0.00745260590145,-8.91680446264,0.000472046066352
4.638,1790081559.33,0.222925502473,0.00027704851049,-0.0875357054439,-0.00733541439576,8.91695108152,-0.000571658206013
4.658,1790081559.35,2.02225922021e-06,-1.37296079543e-06,0.489999518375,-0.000117545206263,-0.000146620929177,9.96121177435e-05
4.678,1790081559.37,-0.222927524741,-0.00027569783267,-0.402463813055,0.00745390120423,-8.91680445972,0.000472040129446
4.698,1790081559.39,0.222925502432,0.000277079616209,-0.0875357053286,-0.00733671126754,8.9169510786,-0.000571651416625
4.718,1790081559.41,2.02225840976e-06,-1.37294110372e-06,0.489999518375,-0.000117543632553,-0.000146620929616,9.96112652611e-05
4.738,1790081559.43,-0.222927524699,-0.000275728957785,-0.402463813171,0.00745519648986,-8.9168044568,0.000472034192615
4.758,1790081559.45,0.22292550239,0.000277110721572,-0.0875357052131,-0.00733800812227,8.91695107568,-0.000571644628398
4.778,1790081559.47,2.02225753713e-06,-1.37292146745e-06,0.489999518375,-0.000117542058862,-0.000146620929178,9.96104138654e-05
4.798,1790081559.49,-0.222927524657,-0.000275760082486,-0.402463813286,0.00745649175821,-8.91680445387,0.000472028255867
4.818,1790081559.51,0.222925502349,0.00027714182645,-0.0875357050977,-0.00733930495976,8.91695107275,-0.000571637839168
4.838,1790081559.53,2.02225673732e-06,-1.37290176194e-06,0.489999518375,-0.000117540484999,-0.000146620928799,9.96095613833e-05
4.858,1790081559.55,-0.222927524615,-0.000275791206788,-0.402463813402,0.00745778700994,-8.91680445095,0.000472022319201
4.878,1790081559.57,0.222925502308,0.000277172931052,-0.0875357049822,-0.00734060178049,8.91695106983,-0.00057163105033
4.898,1790081559.59,2.02225589551e-06,-1.37288217718e-06,0.489999518375,-0.000117538911358,-0.000146620929112,9.96087092113e-05
4.918,1790081559.61,-0.222927524573,-0.000275822330664,-0.402463813517,0.0074590822441,-8.91680444803,0.00047201638259
4.938,1790081559.63,0.222925502266,0.000277204035115,-0.0875357048668,-0.00734189858363,8.91695106691,-0.000571624262788
4.958,1790081559.65,2.02225513626e-06,-1.37286248107e-06,0.489999518375,-0.000117537337742,-0.000146620926992,9.96078582811e-05
4.978,1790081559.67,-0.22292752453,-0.000275853454139,-0.402463813633,0.0074603774615,-8.91680444511,0.000472010446073
4.998,1790081559.69,0.222925502225,0.000277235138831,-0.0875357047512,-0.00734319537006,8.91695106398,-0.000571617474098
5.018,1790081559.71,2.02225424447e-06,-1.37284283905e-06,0.489999518376,-0.000117535763992,-0.00014662092723,9.96070061091e-05
5.038,1790081559.73,-0.222927524488,-0.0002758845772,-0.402463813748,0.00746167266166,-8.91680444219,0.000472004509626
5.058,1790081559.75,0.222925502184,0.000277266242179,-0.0875357046359,-0.00734449213932,8.91695106106,-0.000571610685324
5.078,1790081559.77,2.0222534369e-06,-1.37282324244e-06,0.489999518376,-0.000117534190287,-0.000146620927079,9.96061537819e-05
5.098,1790081559.79,-0.222927524446,-0.000275915699857,-0.402463813864,0.00746296784497,-8.91680443926,0.00047199857327
5.118,1790081559.81,0.222925502142,0.000277297344997,-0.0875357045202,-0.0073457888912,8.91695105814,-0.000571603898193
5.138,1790081559.83,2.02225268125e-06,-1.37280351995e-06,0.489999518376,-0.000117532617026,-0.000146620924397,9.96053030068e-05
5.158,1790081559.85,-0.222927524404,-0.000275946822099,-0.402463813979,0.00746426301109,-8.91680443634,0.000471992636975
5.178,1790081559.87,0.222925502101,0.000277328447477,-0.0875357044048,-0.00734708562645,8.91695105521,-0.00057159710864
5.198,1790081559.89,2.02225182896e-06,-1.37278387519e-06,0.489999518376,-0.000117531043222,-0.000146620925084,9.96044497487e-05
5.218,1790081559.91,-0.222927524362,-0.000275977943929,-0.402463814095,0.00746555815992,-8.91680443341,0.000471986700782
5.238,1790081559.93,0.222925502059,0.000277359549566,-0.0875357042892,-0.0073483823443,8.91695105229,-0.000571590321051
5.258,1790081559.95,2.02225102214e-06,-1.37276425181e-06,0.489999518376,-0.000117529469475,-0.000146620924364,9.96035983527e-05
5.278,1790081559.97,-0.222927524319,-0.000276009065349,-0.402463814211,0.00746685329182,-8.91680443049,0.000471980764649
5.298,1790081559.99,0.222925502018,0.000277390651179,-0.0875357041738,-0.00734967904524,8.91695104936,-0.000571583533521
5.318,1790081560.01,2.02225024091e-06,-1.37274455931e-06,0.489999518376,-0.000117527895882,-0.00014662092407,9.96027469566e-05
5.338,1790081560.03,-0.222927524277,-0.00027604018636,-0.402463814326,0.00746814840663,-8.91680442757,0.000471974828603
5.358,1790081560.05,0.222925501977,0.00027742175241,-0.0875357040586,-0.00735097572869,8.91695104644,-0.000571576746078
5.378,1790081560.07,2.02224936393e-06,-1.37272489708e-06,0.489999518376,-0.000117526322531,-0.000146620924089,9.96018955605e-05
5.398,1790081560.09,-0.222927524235,-0.000276071306962,-0.402463814442,0.00746944350446,-8.91680442465,0.000471968892629
5.418,1790081560.11,0.222925501935,0.000277452853239,-0.0875357039431,-0.00735227239532,8.91695104352,-0.000571569957621
5.438,1790081560.13,2.02224854581e-06,-1.37270524069e-06,0.489999518376,-0.000117524749069,-0.000146620922742,9.96010430785e-05
5.458,1790081560.15,-0.222927524193,-0.000276102427151,-0.402463814557,0.00747073858509,-8.91680442172,0.000471962956736
5.478,1790081560.17,0.222925501894,0.00027748395366,-0.0875357038276,-0.00735356904466,8.91695104059,-0.000571563170177
5.498,1790081560.19,2.02224782327e-06,-1.37268558747e-06,0.489999518376,-0.00011752317573,-0.000146620922536,9.96001915272e-05
5.518,1790081560.21,-0.222927524151,-0.000276133546937,-0.402463814673,0.00747203364898,-8.9168044188,0.000471957020914
5.538,1790081560.23,0.222925501852,0.000277515053742,-0.0875357037122,-0.00735486567779,8.91695103767,-0.000571556382493
5.558,1790081560.25,2.02224694931e-06,-1.37266600111e-06,0.489999518377,-0.000117521601828,-0.000146620922798,9.95993396658e-05
5.578,1790081560.27,-0.222927524108,-0.000276164666305,-0.402463814788,0.00747332869551,-8.91680441587,0.000471951085169
5.598,1790081560.29,0.222925501811,0.000277546153359,-0.0875357035968,-0.00735616229306,8.91695103475,-0.000571549594887
5.618,1790081560.31,2.02224609822e-06,-1.37264636541e-06,0.489999518377,-0.00011752002845,-0.000146620922604,9.9598487804e-05
5.638,1790081560.33,-0.222927524066,-0.000276195785265,-0.402463814904,0.00747462372504,-8.91680441295,0.000471945149504
5.658,1790081560.35,0.22292550177,0.000277577252508,-0.0875357034813,-0.00735745889119,8.91695103182,-0.000571542807205
5.678,1790081560.37,2.02224534003e-06,-1.37262667234e-06,0.489999518377,-0.000117518455133,-0.000146620921299,9.95976357874e-05
5.698,1790081560.39,-0.222927524024,-0.000276226903823,-0.402463815019,0.00747591873777,-8.91680441002,0.000471939213923
5.718,1790081560.41,0.222925501728,0.000277608351365,-0.0875357033658,-0.00735875547284,8.9169510289,-0.000571536020073
5.738,1790081560.43,2.02224448636e-06,-1.37260708757e-06,0.489999518377,-0.000117516881583,-0.000146620920834,9.95967842362e-05
5.758,1790081560.45,-0.222927523982,-0.000276258021958,-0.402463815135,0.00747721373285,-8.9168044071,0.000471933278429
5.778,1790081560.47,0.222925501687,0.00027763944968,-0.0875357032503,-0.00736005203644,8.91695102597,-0.000571529233182
5.798,1790081560.49,2.02224368696e-06,-1.37258738634e-06,0.489999518377,-0.000117515308304,-0.000146620919232,9.95959328404e-05
5.818,1790081560.51,-0.22292752394,-0.000276289139688,-0.402463815251,0.00747850871122,-8.91680440418,0.000471927342997
5.838,1790081560.53,0.222925501645,0.000277670547652,-0.0875357031349,-0.00736134858365,8.91695102305,-0.000571522445733
5.858,1790081560.55,2.02224287788e-06,-1.37256774279e-06,0.489999518377,-0.000117513734871,-0.000146620918838,9.95950808233e-05
5.878,1790081560.57,-0.222927523897,-0.000276320257003,-0.402463815366,0.00747980367234,-8.91680440125,0.000471921407641
5.898,1790081560.59,0.222925501604,0.000277701645206,-0.0875357030194,-0.00736264511352,8.91695102012,-0.000571515658981
5.918,1790081560.61,2.02224205253e-06,-1.37254809854e-06,0.489999518377,-0.000117512161468,-0.000146620919097,9.95942294273e-05
5.938,1790081560.63,-0.222927523855,-0.000276351373909,-0.402463815482,0.00748109861635,-8.91680439832,0.000471915472372
5.958,1790081560.65,0.222925501562,0.000277732742332,-0.0875357029039,-0.00736394162605,8.91695101719,-0.000571508872315
5.978,1790081560.67,2.02224123243e-06,-1.37252843431e-06,0.489999518377,-0.000117510588284,-0.000146620918564,9.95933780316e-05
5.998,1790081560.69,-0.222927523813,-0.000276382490405,-0.402463815597,0.00748239354325,-8.9168043954,0.000471909537185
6.018,1790081560.71,0.222925501521,0.000277763839117,-0.0875357027887,-0.0073652381217,8.91695101427,-0.000571502085888
6.038,1790081560.73,2.02224039424e-06,-1.37250884085e-06,0.489999518377,-0.000117509014874,-0.000146620918428,9.95925267907e-05
6.058,1790081560.75,-0.22292752377,-0.000276413606498,-0.402463815713,0.00748368845337,-8.91680439247,0.000471903602076
6.078,1790081560.77,0.22292550148,0.000277794935441,-0.087535702673,-0.00736653460054,8.91695101134,-0.000571495299071
6.098,1790081560.79,2.02223959874e-06,-1.37248918866e-06,0.489999518377,-0.000117507441498,-0.000146620917209,9.95916750841e-05
6.118,1790081560.81,-0.222927523728,-0.000276444722169,-0.402463815828,0.00748498334616,-8.91680438955,0.000471897667024
6.138,1790081560.83,0.222925501438,0.000277826031359,-0.0875357025577,-0.00736783106188,8.91695100842,-0.000571488512157
6.158,1790081560.85,2.02223877698e-06,-1.37246955118e-06,0.489999518378,-0.000117505868279,-0.000146620918897,9.95908232224e-05
6.178,1790081560.87,-0.222927523686,-0.000276475837442,-0.402463815944,0.00748627822209,-8.91680438662,0.000471891732078
6.198,1790081560.89,0.222925501397,0.000277857126852,-0.0875357024422,-0.00736912750638,8.91695100549,-0.00057148172535
6.218,1790081560.91,2.02223799591e-06,-1.37244988928e-06,0.489999518378,-0.000117504295006,-0.000146620916097,9.95899713611e-05
6.238,1790081560.93,-0.222927523644,-0.0002765069523,-0.40246381606,0.00748757308087,-8.9168043837,0.000471885797199
6.258,1790081560.95,0.222925501355,0.000277888221923,-0.0875357023267,-0.00737042393372,8.91695100256,-0.00057147493892
6.278,1790081560.97,2.02223719009e-06,-1.37243021721e-06,0.489999518378,-0.000117502721848,-0.000146620915659,9.95891198098e-05
6.298,1790081560.99,-0.222927523601,-0.000276538066746,-0.402463816175,0.00748886792252,-8.91680438077,0.000471879862399
6.318,1790081561.01,0.222925501314,0.000277919316548,-0.0875357022113,-0.0073717203436,8.91695099963,-0.000571468152412
6.338,1790081561.03,2.02223633995e-06,-1.37241051424e-06,0.489999518378,-0.000117501148893,-0.000146620915575,9.95882681034e-05
6.358,1790081561.05,-0.222927523559,-0.000276569180783,-0.40246381629,0.00749016274719,-8.91680437785,0.000471873927671
6.378,1790081561.07,0.222925501272,0.000277950410816,-0.087535702096,-0.00737301673697,8.91695099671,-0.000571461366288
6.398,1790081561.09,2.02223556817e-06,-1.37239086064e-06,0.489999518378,-0.000117499575577,-0.000146620915296,9.95874167071e-05
6.418,1790081561.11,-0.222927523517,-0.000276600294405,-0.402463816406,0.00749145755458,-8.91680437492,0.000471867993022
6.438,1790081561.13,0.222925501231,0.000277981504717,-0.0875357019806,-0.00737431311286,8.91695099378,-0.000571454579622
6.458,1790081561.15,2.02223474914e-06,-1.37237125609e-06,0.489999518378,-0.000117498002411,-0.0001466209153,9.95865646905e-05
6.478,1790081561.17,-0.222927523475,-0.000276631407626,-0.402463816522,0.00749275234518,-8.91680437199,0.000471862058458
6.498,1790081561.19,0.222925501189,0.000278012598167,-0.0875357018651,-0.00737560947186,8.91695099085,-0.000571447793972
6.518,1790081561.21,2.02223388755e-06,-1.37235160256e-06,0.489999518378,-0.00011749642934,-0.000146620914395,9.95857136048e-05
6.538,1790081561.23,-0.222927523432,-0.000276662520433,-0.402463816637,0.00749404711862,-8.91680436907,0.000471856123971
6.558,1790081561.25,0.222925501148,0.000278043691275,-0.0875357017499,-0.0073769058139,8.91695098793,-0.000571441007624
6.578,1790081561.27,2.02223315864e-06,-1.37233202053e-06,0.489999518378,-0.000117494856018,-0.000146620914133,9.95848617434e-05
6.598,1790081561.29,-0.22292752339,-0.000276693632827,-0.402463816753,0.0074953418749,-8.91680436614,0.000471850189557
6.618,1790081561.31,0.222925501106,0.000278074783891,-0.0875357016342,-0.00737820213881,8.916950985,-0.000571434221658
6.638,1790081561.33,2.02223230048e-06,-1.37231235634e-06,0.489999518378,-0.000117493282838,-0.000146620913093,9.9584010192e-05
6.658,1790081561.35,-0.222927523348,-0.00027672474481,-0.402463816868,0.00749663661403,-8.91680436321,0.000471844255223
6.678,1790081561.37,0.222925501065,0.000278105876033,-0.087535701519,-0.00737949844608,8.91695098208,-0.000571427435617
6.698,1790081561.39,2.02223145913e-06,-1.3722926332e-06,0.489999518379,-0.000117491710032,-0.000146620913154,9.95831584855e-05
6.718,1790081561.41,-0.222927523305,-0.000276755856382,-0.402463816984,0.00749793133617,-8.91680436028,0.000471838320961
6.738,1790081561.43,0.222925501023,0.000278136967884,-0.0875357014035,-0.00738079473662,8.91695097915,-0.000571420649493
6.758,1790081561.45,2.02223075164e-06,-1.37227303031e-06,0.489999518379,-0.000117490136883,-0.000146620912126,9.95823066237e-05
6.778,1790081561.47,-0.222927523263,-0.000276786967556,-0.402463817099,0.00749922604157,-8.91680435736,0.00047183238679
6.798,1790081561.49,0.222925500982,0.000278168059289,-0.087535701288,-0.00738209101037,8.91695097622,-0.000571413864546
6.818,1790081561.51,2.02222987668e-06,-1.37225337738e-06,0.489999518379,-0.000117488563876,-0.000146620911832,9.95814558484e-05
6.838,1790081561.53,-0.222927523221,-0.000276818078304,-0.402463817215,0.00750052072934,-8.91680435443,0.000471826452689
6.858,1790081561.55,0.222925500941,0.000278199150268,-0.0875357011728,-0.00738338726662,8.91695097329,-0.000571407078118
6.878,1790081561.57,2.02222898402e-06,-1.37223372322e-06,0.489999518379,-0.000117486990834,-0.000146620912747,9.95806035213e-05
6.898,1790081561.59,-0.222927523179,-0.000276849188656,-0.40246381733,0.00750181540061,-8.9168043515,0.000471820518668
6.918,1790081561.61,0.222925500899,0.000278230240869,-0.0875357010572,-0.00738468350614,8.91695097036,-0.000571400292856
6.938,1790081561.63,2.02222828465e-06,-1.37221409025e-06,0.489999518379,-0.000117485417856,-0.000146620910189,9.95797522803e-05
6.958,1790081561.65,-0.222927523136,-0.000276880298587,-0.402463817446,0.0075031100544,-8.91680434857,0.000471814584725
6.978,1790081561.67,0.222925500857,0.000278261331001,-0.0875357009418,-0.00738597972828,8.91695096743,-0.000571393507672
6.998,1790081561.69,2.02222741823e-06,-1.37219440818e-06,0.489999518379,-0.000117483844817,-0.000146620911115,9.95789010395e-05
7.018,1790081561.71,-0.222927523094,-0.000276911408114,-0.402463817562,0.00750440469131,-8.91680434564,0.000471808650859
7.038,1790081561.73,0.222925500816,0.000278292420798,-0.0875357008261,-0.00738727593357,8.9169509645,-0.000571386722564
7.058,1790081561.75,2.02222660621e-06,-1.37217479473e-06,0.489999518379,-0.000117482271804,-0.000146620909348,9.95780497984e-05
7.078,1790081561.77,-0.222927523052,-0.000276942517225,-0.402463817677,0.00750569931092,-8.91680434272,0.000471802717077
7.098,1790081561.79,0.222925500774,0.000278323510202,-0.0875357007108,-0.00738857212174,8.91695096157,-0.000571379937386
7.118,1790081561.81,2.02222584309e-06,-1.37215520177e-06,0.489999518379,-0.000117480698634,-0.000146620908881,9.95771984025e-05
7.138,1790081561.83,-0.222927523009,-0.000276973625926,-0.402463817793,0.0075069939135,-8.91680433979,0.000471796783367
7.158,1790081561.85,0.222925500733,0.000278354599062,-0.0875357005954,-0.00738986829209,8.91695095865,-0.000571373152435
7.178,1790081561.87,2.022224955e-06,-1.3721354797e-06,0.48999951838,-0.000117479126118,-0.000146620910013,9.95763471616e-05
7.198,1790081561.89,-0.222927522967,-0.000277004734222,-0.402463817908,0.00750828849925,-8.91680433686,0.000471790849731
7.218,1790081561.91,0.222925500691,0.000278385687649,-0.0875357004799,-0.00739116444638,8.91695095572,-0.000571366366782
7.238,1790081561.93,2.02222412952e-06,-1.37211588706e-06,0.48999951838,-0.000117477552938,-0.00014662090832,9.95754951445e-05
7.258,1790081561.95,-0.222927522925,-0.000277035842106,-0.402463818024,0.00750958306782,-8.91680433393,0.000471784916182
7.278,1790081561.97,0.22292550065,0.000278416775774,-0.0875357003645,-0.00739246058316,8.91695095279,-0.000571359582456
7.298,1790081561.99,2.02222333325e-06,-1.37209624363e-06,0.48999951838,-0.000117475980092,-0.000146620908061,9.95746443691e-05
7.318,1790081562.01,-0.222927522882,-0.00027706694958,-0.402463818139,0.00751087761933,-8.916804331,0.000471778982705
7.338,1790081562.03,0.222925500608,0.00027844786349,-0.0875357002492,-0.00739375670269,8.91695094986,-0.000571352797118
7.358,1790081562.05,2.02222247867e-06,-1.37207660228e-06,0.48999951838,-0.000117474407415,-0.000146620908349,9.95737925074e-05
7.378,1790081562.07,-0.22292752284,-0.000277098056651,-0.402463818255,0.00751217215406,-8.91680432807,0.000471773049309
7.398,1790081562.09,0.222925500567,0.00027847895079,-0.0875357001337,-0.00739505280562,8.91695094693,-0.000571346012015
7.418,1790081562.11,2.02222169272e-06,-1.37205694746e-06,0.48999951838,-0.000117472834569,-0.000146620907387,9.9572940801e-05
7.438,1790081562.13,-0.222927522797,-0.000277129163305,-0.40246381837,0.0075134666715,-8.91680432514,0.000471767115984
7.458,1790081562.15,0.222925500525,0.000278510037694,-0.0875357000181,-0.0073963488911,8.916950944,-0.000571339227759
7.478,1790081562.17,2.02222092138e-06,-1.37203731551e-06,0.48999951838,-0.000117471261804,-0.00014662090538,9.95720898704e-05
7.498,1790081562.19,-0.222927522755,-0.000277160269542,-0.402463818486,0.0075147611715,-8.91680432221,0.000471761182748
7.518,1790081562.21,0.222925500484,0.000278541124164,-0.0875356999027,-0.00739764495927,8.91695094107,-0.000571332442972
7.538,1790081562.23,2.02222010292e-06,-1.37201766279e-06,0.48999951838,-0.000117469689042,-0.000146620904766,9.95712383189e-05
7.558,1790081562.25,-0.222927522713,-0.000277191375374,-0.402463818601,0.00751605565476,-8.91680431929,0.000471755249575
7.578,1790081562.27,0.222925500442,0.000278572210276,-0.0875356997876,-0.00739894101076,8.91695093814,-0.000571325659178
7.598,1790081562.29,2.02221927264e-06,-1.37199806057e-06,0.48999951838,-0.000117468116122,-0.000146620906315,9.9570387699e-05
7.618,1790081562.31,-0.22292752267,-0.000277222480798,-0.402463818717,0.00751735012098,-8.91680431635,0.000471749316489
7.638,1790081562.33,0.222925500401,0.000278603295911,-0.0875356996721,-0.00740023704501,8.91695093521,-0.000571318874385
7.658,1790081562.35,2.02221845065e-06,-1.37197838844e-06,0.48999951838,-0.000117466543394,-0.00014662090472,9.95695359925e-05
7.678,1790081562.37,-0.222927522628,-0.000277253585817,-0.402463818832,0.00751864457024,-8.91680431343,0.00047174338349
7.698,1790081562.39,0.222925500359,0.000278634381191,-0.0875356995567,-0.00740153306238,8.91695093228,-0.000571312089525
7.718,1790081562.41,2.02221759118e-06,-1.37195876493e-06,0.48999951838,-0.000117464970665,-0.000146620905118,9.95686841306e-05
7.738,1790081562.43,-0.222927522586,-0.000277284690418,-0.402463818948,0.0075199390022,-8.9168043105,0.000471737450561
7.758,1790081562.45,0.222925500318,0.000278665466063,-0.0875356994413,-0.00740282906239,8.91695092935,-0.00057130530582
7.778,1790081562.47,2.0222168448e-06,-1.37193915241e-06,0.48999951838,-0.000117463397956,-0.000146620903146,9.95678333553e-05
7.798,1790081562.49,-0.222927522543,-0.000277315794608,-0.402463819063,0.00752123341711,-8.91680430757,0.000471731517705
7.818,1790081562.51,0.222925500276,0.000278696550474,-0.0875356993259,-0.00740412504532,8.91695092642,-0.000571298521877
7.838,1790081562.53,2.02221599362e-06,-1.37191948985e-06,0.489999518381,-0.0001174618253,-0.000146620903748,9.95669822698e-05
7.858,1790081562.55,-0.222927522501,-0.000277346898392,-0.402463819179,0.00752252781499,-8.91680430463,0.000471725584941
7.878,1790081562.57,0.222925500234,0.000278727634498,-0.0875356992104,-0.00740542101112,8.91695092349,-0.000571291737406
7.898,1790081562.59,2.02221515666e-06,-1.37189984821e-06,0.489999518381,-0.000117460252636,-0.000146620902955,9.95661305629e-05
7.918,1790081562.61,-0.222927522458,-0.000277378001764,-0.402463819294,0.00752382219585,-8.9168043017,0.00047171965224
7.938,1790081562.63,0.222925500193,0.000278758718142,-0.0875356990949,-0.00740671696024,8.91695092056,-0.00057128495362
7.958,1790081562.65,2.02221437703e-06,-1.37188023484e-06,0.489999518381,-0.000117458679795,-0.000146620901899,9.95652794772e-05
7.978,1790081562.67,-0.222927522416,-0.000277409104727,-0.40246381941,0.00752511655964,-8.91680429877,0.000471713719622
7.998,1790081562.69,0.222925500151,0.000278789801306,-0.0875356989796,-0.00740801289183,8.91695091762,-0.000571278168829
8.018,1790081562.71,2.02221358525e-06,-1.37186055351e-06,0.489999518381,-0.000117457107314,-0.000146620902569,9.95644273051e-05
8.038,1790081562.73,-0.222927522374,-0.000277440207274,-0.402463819525,0.00752641090612,-8.91680429584,0.000471707787084
8.058,1790081562.75,0.22292550011,0.000278820884086,-0.0875356988641,-0.00740930880613,8.91695091469,-0.000571271385826
8.078,1790081562.77,2.02221269981e-06,-1.37184090343e-06,0.489999518381,-0.000117455534781,-0.000146620901683,9.95635768399e-05
8.098,1790081562.79,-0.222927522331,-0.000277471309418,-0.402463819641,0.0075277052358,-8.91680429291,0.000471701854627
8.118,1790081562.81,0.222925500068,0.000278851966451,-0.0875356987487,-0.00741060470388,8.91695091176,-0.000571264602127
8.138,1790081562.83,2.02221194165e-06,-1.37182123921e-06,0.489999518381,-0.000117453962113,-0.000146620901415,9.95627255989e-05
8.158,1790081562.85,-0.222927522289,-0.000277502411148,-0.402463819756,0.00752899954833,-8.91680428998,0.000471695922239
8.178,1790081562.87,0.222925500026,0.000278883048463,-0.0875356986334,-0.0074119005842,8.91695090883,-0.000571257818033
8.198,1790081562.89,2.02221107818e-06,-1.37180163772e-06,0.489999518381,-0.000117452389668,-0.000146620900774,9.95618738925e-05
8.218,1790081562.91,-0.222927522246,-0.000277533512472,-0.402463819872,0.00753029384389,-8.91680428705,0.000471689989937
8.238,1790081562.93,0.222925499985,0.000278914129997,-0.0875356985179,-0.00741319644776,8.9169509059,-0.000571251034335
8.258,1790081562.95,2.02221032191e-06,-1.37178196374e-06,0.489999518381,-0.000117450817018,-0.000146620900097,9.95610224962e-05
8.278,1790081562.97,-0.222927522204,-0.000277564613386,-0.402463819988,0.00753158812248,-8.91680428412,0.000471684057701
8.298,1790081562.99,0.222925499943,0.000278945211151,-0.0875356984025,-0.00741449229396,8.91695090297,-0.000571244251788
8.318,1790081563.01,2.02220948388e-06,-1.37176232269e-06,0.489999518382,-0.000117449244668,-0.000146620899715,9.95601721862e-05
8.338,1790081563.03,-0.222927522162,-0.000277595713887,-0.402463820103,0.00753288238378,-8.91680428119,0.000471678125555
8.358,1790081563.05,0.222925499902,0.000278976291904,-0.0875356982871,-0.00741578812325,8.91695090003,-0.000571237467315
8.378,1790081563.07,2.02220859972e-06,-1.37174268986e-06,0.489999518382,-0.00011744767211,-0.000146620899926,9.95593198589e-05
8.398,1790081563.09,-0.222927522119,-0.000277626813976,-0.402463820219,0.00753417662795,-8.91680427825,0.000471672193488
8.418,1790081563.11,0.22292549986,0.000279007372273,-0.0875356981716,-0.00741708393535,8.9169508971,-0.000571230684471
8.438,1790081563.13,2.02220783403e-06,-1.37172308721e-06,0.489999518382,-0.000117446099465,-0.000146620898436,9.95584690834e-05
8.458,1790081563.15,-0.222927522077,-0.000277657913662,-0.402463820334,0.00753547085542,-8.91680427532,0.00047166626149
8.478,1790081563.17,0.222925499818,0.000279038452171,-0.0875356980562,-0.00741837973041,8.91695089417,-0.000571223901388
8.498,1790081563.19,2.02220710141e-06,-1.37170341521e-06,0.489999518382,-0.000117444527233,-0.000146620896234,9.95576179975e-05
8.518,1790081563.21,-0.222927522034,-0.000277689012931,-0.402463820449,0.00753676506552,-8.91680427239,0.000471660329571
8.538,1790081563.23,0.222925499777,0.000279069531682,-0.087535697941,-0.00741967550825,8.91695089124,-0.000571217118228
8.558,1790081563.25,2.0222061743e-06,-1.37168377408e-06,0.489999518382,-0.000117442954805,-0.000146620898418,9.95567667565e-05
8.578,1790081563.27,-0.222927521992,-0.000277720111788,-0.402463820565,0.00753805925845,-8.91680426946,0.000471654397737
8.598,1790081563.29,0.222925499735,0.000279100610812,-0.0875356978255,-0.00742097126913,8.9169508883,-0.000571210335772
8.618,1790081563.31,2.02220538802e-06,-1.37166416255e-06,0.489999518382,-0.000117441382225,-0.000146620898155,9.95559161361e-05
8.638,1790081563.33,-0.222927521949,-0.000277751210248,-0.402463820681,0.00753935343479,-8.91680426652,0.000471648465981
8.658,1790081563.35,0.222925499693,0.000279131689473,-0.0875356977099,-0.00742226701308,8.91695088537,-0.000571203552154
8.678,1790081563.37,2.02220462761e-06,-1.3716444807e-06,0.489999518382,-0.000117439809936,-0.000146620896061,9.95550642745e-05
8.698,1790081563.39,-0.222927521907,-0.000277782308288,-0.402463820796,0.00754064759372,-8.91680426359,0.000471642534302
8.718,1790081563.41,0.222925499652,0.000279162767805,-0.0875356975945,-0.0074235627398,8.91695088244,-0.000571196769234
8.738,1790081563.43,2.02220380209e-06,-1.37162488854e-06,0.489999518382,-0.000117438237495,-0.000146620895714,9.95542130331e-05
8.758,1790081563.45,-0.222927521864,-0.000277813405914,-0.402463820912,0.00754194173546,-8.91680426066,0.000471636602695
8.778,1790081563.47,0.22292549961,0.000279193845663,-0.0875356974791,-0.00742485844927,8.9169508795,-0.00057118998623
8.798,1790081563.49,2.02220297747e-06,-1.37160523697e-06,0.489999518382,-0.000117436665113,-0.000146620896195,9.9553361637e-05
8.818,1790081563.51,-0.222927521822,-0.000277844503142,-0.402463821027,0.00754323586053,-8.91680425772,0.000471630671177
8.838,1790081563.53,0.222925499568,0.000279224923163,-0.0875356973636,-0.00742615414217,8.91695087657,-0.000571183203937
8.858,1790081563.55,2.02220213573e-06,-1.3715856247e-06,0.489999518382,-0.00011743509265,-0.000146620894544,9.95525108618e-05
8.878,1790081563.57,-0.222927521779,-0.000277875599956,-0.402463821143,0.00754452996842,-8.91680425479,0.000471624739728
8.898,1790081563.59,0.222925499527,0.000279256000178,-0.0875356972481,-0.00742744981747,8.91695087363,-0.000571176421091
8.918,1790081563.61,2.02220139428e-06,-1.37156594558e-06,0.489999518383,-0.000117433520501,-0.000146620893478,9.95516594652e-05
8.938,1790081563.63,-0.222927521737,-0.000277906696351,-0.402463821258,0.00754582405893,-8.91680425186,0.00047161880836
8.958,1790081563.65,0.222925499485,0.000279287076866,-0.0875356971329,-0.00742874547564,8.9169508707,-0.000571169639413
8.978,1790081563.67,2.02220053654e-06,-1.37154635102e-06,0.489999518383,-0.000117431948322,-0.000146620893501,9.95508091555e-05
8.998,1790081563.69,-0.222927521694,-0.000277937792343,-0.402463821374,0.0075471181327,-8.91680424892,0.000471612877061
9.018,1790081563.71,0.222925499443,0.000279318153078,-0.0875356970174,-0.00743004111683,8.91695086777,-0.000571162856718
9.038,1790081563.73,2.02219974933e-06,-1.37152669006e-06,0.489999518383,-0.00011743037611,-0.000146620893762,9.95499577592e-05
9.058,1790081563.75,-0.222927521652,-0.000277968887924,-0.402463821489,0.00754841218921,-8.91680424599,0.000471606945859
9.078,1790081563.77,0.222925499402,0.000279349228913,-0.0875356969021,-0.0074313367411,8.91695086483,-0.000571156073964
9.098,1790081563.79,2.02219889497e-06,-1.37150705935e-06,0.489999518383,-0.000117428803725,-0.000146620893811,9.95491062077e-05
9.118,1790081563.81,-0.22292752161,-0.000277999983096,-0.402463821605,0.00754970622881,-8.91680424306,0.000471601014721
9.138,1790081563.83,0.22292549936,0.000279380304328,-0.0875356967867,-0.00743263234815,8.9169508619,-0.000571149292826
9.158,1790081563.85,2.02219807963e-06,-1.37148741837e-06,0.489999518383,-0.000117427231628,-0.000146620892426,9.9548256208e-05
9.178,1790081563.87,-0.222927521567,-0.000278031077858,-0.40246382172,0.00755100025132,-8.91680424012,0.000471595083663
9.198,1790081563.89,0.222925499318,0.000279411379332,-0.0875356966712,-0.0074339279382,8.91695085896,-0.00057114251006
9.218,1790081563.91,2.02219726771e-06,-1.37146777796e-06,0.489999518383,-0.000117425659422,-0.000146620891358,9.95474045014e-05
9.238,1790081563.93,-0.222927521525,-0.00027806217221,-0.402463821836,0.0075522942568,-8.91680423719,0.00047158915268
9.258,1790081563.95,0.222925499277,0.000279442453925,-0.0875356965558,-0.00743522351123,8.91695085603,-0.000571135727526
9.278,1790081563.97,2.02219643156e-06,-1.37144813507e-06,0.489999518383,-0.000117424087236,-0.000146620891714,9.954655295e-05
9.298,1790081563.99,-0.222927521482,-0.000278093266155,-0.402463821952,0.00755358824523,-8.91680423425,0.000471583221791
9.318,1790081564.01,0.222925499235,0.000279473528201,-0.0875356964404,-0.00743651906743,8.91695085309,-0.000571128946482
9.338,1790081564.03,2.02219559518e-06,-1.37142858279e-06,0.489999518383,-0.000117422514775,-0.000146620891336,9.95457027951e-05
9.358,1790081564.05,-0.22292752144,-0.000278124359688,-0.402463822067,0.00755488221661,-8.91680423132,0.000471577290962
9.378,1790081564.07,0.222925499193,0.000279504601996,-0.087535696325,-0.00743781460641,8.91695085016,-0.000571122163636
9.398,1790081564.09,2.02219482959e-06,-1.3714089615e-06,0.489999518384,-0.000117420942553,-0.000146620890646,9.95448507784e-05
9.418,1790081564.11,-0.222927521397,-0.00027815545281,-0.402463822183,0.00755617617087,-8.91680422838,0.00047157136022
9.438,1790081564.13,0.222925499152,0.0002795356753,-0.0875356962095,-0.00743911012791,8.91695084722,-0.000571115382894
9.458,1790081564.15,2.02219400452e-06,-1.3713892604e-06,0.489999518384,-0.000117419370628,-0.00014662088981,9.95440007785e-05
9.478,1790081564.17,-0.222927521354,-0.000278186545521,-0.402463822298,0.00755747010811,-8.91680422545,0.000471565429544
9.498,1790081564.19,0.22292549911,0.000279566748264,-0.0875356960942,-0.00744040563245,8.91695084429,-0.000571108600976
9.518,1790081564.21,2.02219315919e-06,-1.37136962974e-06,0.489999518384,-0.000117417798657,-0.000146620890324,9.95431495375e-05
9.538,1790081564.23,-0.222927521312,-0.000278217637823,-0.402463822414,0.0075587640282,-8.91680422251,0.000471559498962
9.558,1790081564.25,0.222925499068,0.000279597820878,-0.0875356959786,-0.00744170112016,8.91695084135,-0.000571101819154
9.578,1790081564.27,2.02219236893e-06,-1.37135005741e-06,0.489999518384,-0.000117416226424,-0.000146620888464,9.95422982964e-05
9.598,1790081564.29,-0.222927521269,-0.000278248729722,-0.402463822529,0.00756005793147,-8.91680421958,0.000471553568462
9.618,1790081564.31,0.222925499027,0.000279628892999,-0.0875356958633,-0.00744299659077,8.91695083842,-0.000571095037722
9.638,1790081564.33,2.02219154894e-06,-1.37133039761e-06,0.489999518384,-0.000117414654336,-0.000146620888168,9.95414473654e-05
9.658,1790081564.35,-0.222927521227,-0.000278279821195,-0.402463822644,0.0075613518172,-8.91680421664,0.000471547638022
9.678,1790081564.37,0.222925498985,0.000279659964697,-0.0875356957479,-0.0074442920439,8.91695083548,-0.00057108825604
9.698,1790081564.39,2.02219070413e-06,-1.37131073647e-06,0.489999518384,-0.000117413082385,-0.00014662088861,9.95405961246e-05
9.718,1790081564.41,-0.222927521184,-0.000278310912274,-0.40246382276,0.00756264568645,-8.91680421371,0.000471541707665
9.738,1790081564.43,0.222925498943,0.000279691036035,-0.0875356956325,-0.00744558748044,8.91695083254,-0.000571081474908
9.758,1790081564.45,2.02218996464e-06,-1.37129111293e-06,0.489999518384,-0.000117411510422,-0.000146620886881,9.95397453487e-05
9.778,1790081564.47,-0.222927521142,-0.000278342002935,-0.402463822876,0.00756393953832,-8.91680421077,0.000471535777387
9.798,1790081564.49,0.222925498901,0.000279722106979,-0.0875356955172,-0.00744688289952,8.91695082961,-0.000571074693544
9.818,1790081564.51,2.02218913665e-06,-1.37127151424e-06,0.489999518384,-0.000117409938459,-0.000146620887104,9.9538894263e-05
9.838,1790081564.53,-0.222927521099,-0.000278373093185,-0.402463822991,0.00756523337305,-8.91680420784,0.000471529847194
9.858,1790081564.55,0.22292549886,0.000279753177466,-0.0875356954017,-0.00744817830196,8.91695082667,-0.000571067912729
9.878,1790081564.57,2.02218828437e-06,-1.37125186544e-06,0.489999518384,-0.00011740836614,-0.000146620886983,9.95380436425e-05
9.898,1790081564.59,-0.222927521057,-0.000278404183023,-0.402463823107,0.00756652719069,-8.9168042049,0.000471523917069
9.918,1790081564.61,0.222925498818,0.000279784247546,-0.0875356952863,-0.00744947368671,8.91695082373,-0.000571061131984
9.938,1790081564.63,2.0221874324e-06,-1.37123222537e-06,0.489999518385,-0.000117406794345,-0.000146620886468,9.95371930223e-05
9.958,1790081564.65,-0.222927521014,-0.000278435272464,-0.402463823222,0.00756782099176,-8.91680420197,0.000471517987025
9.978,1790081564.67,0.222925498776,0.000279815317239,-0.087535695171,-0.00745076905515,8.9169508208,-0.000571054350234
9.998,1790081564.69,2.02218668491e-06,-1.3712125919e-06,0.489999518385,-0.000117405222409,-0.00014662088559,9.95363413156e-05
10.018,1790081564.71,-0.222927520972,-0.000278466361483,-0.402463823338,0.00756911477532,-8.91680419903,0.000471512057059
10.038,1790081564.73,0.222925498734,0.00027984638652,-0.0875356950554,-0.00745206440606,8.91695081786,-0.000571047569646
10.058,1790081564.75,2.0221858635e-06,-1.37119296988e-06,0.489999518385,-0.000117403650386,-0.000146620885261,9.95354906948e-05
10.078,1790081564.77,-0.222927520929,-0.000278497450091,-0.402463823453,0.00757040854173,-8.91680419609,0.000471506127174
10.098,1790081564.79,0.222925498693,0.00027987745536,-0.0875356949402,-0.00745335973952,8.91695081492,-0.00057104078914
10.118,1790081564.81,2.02218498376e-06,-1.37117332048e-06,0.489999518385,-0.000117402078591,-0.000146620886225,9.95346400745e-05
10.138,1790081564.83,-0.222927520886,-0.000278528538295,-0.402463823569,0.00757170229134,-8.91680419315,0.000471500197362
10.158,1790081564.85,0.222925498651,0.000279908523797,-0.0875356948247,-0.00745465505625,8.91695081199,-0.000571034007932
10.178,1790081564.87,2.02218422823e-06,-1.37115367018e-06,0.489999518385,-0.000117400506832,-0.000146620884663,9.95337886783e-05
10.198,1790081564.89,-0.222927520844,-0.000278559626089,-0.402463823684,0.0075729960239,-8.91680419021,0.000471494267631
10.218,1790081564.91,0.222925498609,0.000279939591836,-0.0875356947092,-0.00745595035618,8.91695080905,-0.000571027226804
10.238,1790081564.93,2.02218345439e-06,-1.37113402947e-06,0.489999518385,-0.000117398934898,-0.000146620883639,9.95329372817e-05
10.258,1790081564.95,-0.222927520801,-0.000278590713474,-0.4024638238,0.00757428973938,-8.91680418728,0.000471488337984
10.278,1790081564.97,0.222925498567,0.000279970659511,-0.087535694594,-0.00745724563892,8.91695080611,-0.000571020446691
10.298,1790081564.99,2.02218256638e-06,-1.37111443652e-06,0.489999518385,-0.000117397362915,-0.000146620883655,9.95320868163e-05
10.318,1790081565.01,-0.222927520759,-0.000278621800446,-0.402463823915,0.00757558343775,-8.91680418434,0.000471482408403
10.338,1790081565.03,0.222925498526,0.000280001726708,-0.0875356944785,-0.0074585409044,8.91695080317,-0.000571013666646
10.358,1790081565.05,2.02218177541e-06,-1.37109477904e-06,0.489999518385,-0.000117395791156,-0.000146620882639,9.95312363512e-05
10.378,1790081565.07,-0.222927520716,-0.000278652887007,-0.402463824031,0.00757687711899,-8.91680418141,0.000471476478904
10.398,1790081565.09,0.222925498484,0.000280032793541,-0.0875356943631,-0.00745983615278,8.91695080024,-0.00057100688575
10.418,1790081565.11,2.02218095797e-06,-1.37107516628e-06,0.489999518385,-0.000117394219389,-0.000146620882234,9.95303849549e-05
10.438,1790081565.13,-0.222927520674,-0.000278683973165,-0.402463824146,0.00757817078343,-8.91680417847,0.00047147054949
10.458,1790081565.15,0.222925498442,0.000280063859931,-0.0875356942477,-0.0074611313842,8.9169507973,-0.00057100010587
10.478,1790081565.17,2.0221801937e-06,-1.37105551674e-06,0.489999518385,-0.000117392647683,-0.000146620881102,9.95295344897e-05
10.498,1790081565.19,-0.222927520631,-0.000278715058909,-0.402463824262,0.0075794644307,-8.91680417553,0.000471464620146
10.518,1790081565.21,0.2229254984,0.00028009492597,-0.0875356941323,-0.00746242659868,8.91695079436,-0.000570993326216
10.538,1790081565.23,2.02217931365e-06,-1.37103592704e-06,0.489999518386,-0.000117391075823,-0.000146620881421,9.95286841796e-05
10.558,1790081565.25,-0.222927520588,-0.00027874614424,-0.402463824377,0.00758075806067,-8.91680417259,0.000471458690892
10.578,1790081565.27,0.222925498359,0.000280125991503,-0.087535694017,-0.00746372179562,8.91695079142,-0.000570986545875
10.598,1790081565.29,2.02217854964e-06,-1.37101624431e-06,0.489999518386,-0.000117389504249,-0.000146620880568,9.95278330934e-05
10.618,1790081565.31,-0.222927520546,-0.000278777229165,-0.402463824493,0.00758205167391,-8.91680416965,0.000471452761696
10.638,1790081565.33,0.222925498317,0.0002801570567,-0.0875356939014,-0.00746501697581,8.91695078848,-0.000570979765438
10.658,1790081565.35,2.02217769316e-06,-1.37099663414e-06,0.489999518386,-0.000117387932629,-0.000146620880105,9.95269818522e-05
10.678,1790081565.37,-0.222927520503,-0.000278808313678,-0.402463824608,0.00758334526992,-8.91680416671,0.000471446832589
10.698,1790081565.39,0.222925498275,0.000280188121504,-0.0875356937861,-0.00746631213899,8.91695078554,-0.000570972985399
10.718,1790081565.41,2.02217691135e-06,-1.37097704284e-06,0.489999518386,-0.000117386360748,-0.000146620879044,9.95261309214e-05
10.738,1790081565.43,-0.222927520461,-0.000278839397781,-0.402463824724,0.00758463884884,-8.91680416378,0.000471440903562
10.758,1790081565.45,0.222925498233,0.000280219185853,-0.0875356936707,-0.00746760728498,8.9169507826,-0.000570966206373
10.778,1790081565.47,2.02217610722e-06,-1.3709574039e-06,0.489999518386,-0.000117384789079,-0.000146620879592,9.95252809218e-05
10.798,1790081565.49,-0.222927520418,-0.000278870481476,-0.402463824839,0.00758593241085,-8.91680416084,0.000471434974608
10.818,1790081565.51,0.222925498191,0.000280250249812,-0.0875356935553,-0.00746890241407,8.91695077967,-0.000570959426333
10.838,1790081565.53,2.02217527239e-06,-1.37093778326e-06,0.489999518386,-0.000117383217342,-0.000146620878091,9.9524429836e-05
10.858,1790081565.55,-0.222927520375,-0.000278901564768,-0.402463824955,0.00758722595594,-8.9168041579,0.000471429045746
10.878,1790081565.57,0.22292549815,0.000280281313295,-0.0875356934399,-0.00747019752592,8.91695077673,-0.000570952647161
10.898,1790081565.59,2.02217447022e-06,-1.37091809307e-06,0.489999518386,-0.000117381645861,-0.000146620878177,9.95235795258e-05
10.918,1790081565.61,-0.222927520333,-0.000278932647633,-0.40246382507,0.00758851948349,-8.91680415496,0.00047142311694
10.938,1790081565.63,0.222925498108,0.000280312376455,-0.0875356933246,-0.00747149262038,8.91695077379,-0.000570945867733
10.958,1790081565.65,2.0221736168e-06,-1.3708985038e-06,0.489999518386,-0.000117380074316,-0.000146620878001,9.95227289053e-05
10.978,1790081565.67,-0.22292752029,-0.0002789637301,-0.402463825186,0.00758981299424,-8.91680415202,0.000471417188235
10.998,1790081565.69,0.222925498066,0.000280343439207,-0.0875356932091,-0.00747278769827,8.91695077085,-0.000570939087786
11.018,1790081565.71,2.022172799e-06,-1.37087890319e-06,0.489999518386,-0.000117378502604,-0.000146620877608,9.95218776638e-05
11.038,1790081565.73,-0.222927520247,-0.000278994812158,-0.402463825301,0.00759110648809,-8.91680414908,0.000471411259597
11.058,1790081565.75,0.222925498024,0.000280374501447,-0.0875356930938,-0.00747408275867,8.91695076791,-0.000570932307907
11.078,1790081565.77,2.02217203759e-06,-1.3708592037e-06,0.489999518387,-0.000117376931292,-0.000146620876436,9.95210264225e-05
11.098,1790081565.79,-0.222927520205,-0.000279025893797,-0.402463825417,0.00759239996459,-8.91680414614,0.000471405331023
11.118,1790081565.81,0.222925497982,0.000280405563379,-0.0875356929784,-0.00747537780228,8.91695076497,-0.000570925529954
11.138,1790081565.83,2.0221711795e-06,-1.37083961314e-06,0.489999518387,-0.000117375359554,-0.000146620877264,9.95201770435e-05
11.158,1790081565.85,-0.222927520162,-0.000279056975035,-0.402463825532,0.00759369342423,-8.9168041432,0.000471399402551
11.178,1790081565.87,0.22292549794,0.000280436624873,-0.0875356928631,-0.00747667282899,8.91695076203,-0.000570918750085
11.198,1790081565.89,2.02217042212e-06,-1.3708199832e-06,0.489999518387,-0.0001173737879,-0.000146620875021,9.95193256473e-05
11.218,1790081565.91,-0.22292752012,-0.000279088055866,-0.402463825648,0.00759498686704,-8.91680414027,0.000471393474144
11.238,1790081565.93,0.222925497899,0.000280467685974,-0.0875356927478,-0.00747796783837,8.91695075909,-0.000570911971213
11.258,1790081565.95,2.02216950942e-06,-1.37080037327e-06,0.489999518387,-0.000117372216522,-0.000146620875435,9.95184751819e-05
11.278,1790081565.97,-0.222927520077,-0.000279119136281,-0.402463825763,0.00759628029252,-8.91680413733,0.000471387545812
11.298,1790081565.99,0.222925497857,0.000280498746685,-0.0875356926324,-0.00747926283066,8.91695075615,-0.00057090519195
11.318,1790081566.01,2.02216877198e-06,-1.37078078218e-06,0.489999518387,-0.000117370645221,-0.000146620874504,9.95176242512e-05
11.338,1790081566.03,-0.222927520034,-0.000279150216285,-0.402463825879,0.00759757370086,-8.91680413439,0.000471381617568
11.358,1790081566.05,0.222925497815,0.000280529806961,-0.087535692517,-0.00748055780589,8.91695075321,-0.000570898413395
11.378,1790081566.07,2.02216793701e-06,-1.37076117358e-06,0.489999518387,-0.000117369073541,-0.000146620874491,9.95167739409e-05
11.398,1790081566.09,-0.222927519992,-0.000279181295883,-0.402463825994,0.00759886709239,-8.91680413144,0.000471375689392
11.418,1790081566.11,0.222925497773,0.000280560866805,-0.0875356924016,-0.00748185276438,8.91695075027,-0.000570891635064
11.438,1790081566.13,2.02216714105e-06,-1.37074153309e-06,0.489999518387,-0.000117367502024,-0.000146620873663,9.95159237859e-05
11.458,1790081566.15,-0.222927519949,-0.000279212375067,-0.402463826109,0.00760016046665,-8.91680412851,0.000471369761298
11.478,1790081566.17,0.222925497731,0.000280591926262,-0.0875356922863,-0.00748314770523,8.91695074733,-0.000570884855418
11.498,1790081566.19,2.02216636601e-06,-1.37072192323e-06,0.489999518387,-0.000117365930729,-0.000146620873156,9.95150722344e-05
11.518,1790081566.21,-0.222927519906,-0.00027924345385,-0.402463826225,0.00760145382413,-8.91680412556,0.000471363833291
11.538,1790081566.23,0.222925497689,0.000280622985249,-0.0875356921708,-0.00748444262936,8.91695074439,-0.000570878076324
11.558,1790081566.25,2.02216552059e-06,-1.37070224505e-06,0.489999518387,-0.000117364359396,-0.000146620872648,9.95142211484e-05
11.578,1790081566.27,-0.222927519864,-0.000279274532209,-0.402463826341,0.00760274716411,-8.91680412262,0.000471357905344
11.598,1790081566.29,0.222925497647,0.000280654043902,-0.0875356920554,-0.0074857375363,8.91695074144,-0.000570871297602
11.618,1790081566.31,2.02216470391e-06,-1.3706826548e-06,0.489999518387,-0.000117362787814,-0.000146620871613,9.95133703725e-05
11.638,1790081566.33,-0.222927519821,-0.00027930561017,-0.402463826456,0.00760404048739,-8.91680411968,0.000471351977493
11.658,1790081566.35,0.222925497606,0.000280685102097,-0.0875356919401,-0.00748703242621,8.9169507385,-0.00057086451944
11.678,1790081566.37,2.02216385919e-06,-1.37066300582e-06,0.489999518388,-0.000117361216512,-0.000146620871162,9.95125200623e-05
11.698,1790081566.39,-0.222927519778,-0.000279336687717,-0.402463826571,0.00760533379352,-8.91680411675,0.000471346049712
11.718,1790081566.41,0.222925497564,0.000280716159939,-0.087535691825,-0.00748832729915,8.91695073557,-0.000570857741969
11.738,1790081566.43,2.02216304049e-06,-1.3706434175e-06,0.489999518388,-0.000117359645023,-0.000146620871905,9.95116703729e-05
11.758,1790081566.45,-0.222927519736,-0.000279367764855,-0.402463826687,0.00760662708259,-8.9168041138,0.000471340122013
11.778,1790081566.47,0.222925497522,0.00028074721733,-0.0875356917095,-0.00748962215478,8.91695073262,-0.000570850963339
11.798,1790081566.49,2.02216218575e-06,-1.37062378416e-06,0.489999518388,-0.000117358073923,-0.000146620871933,9.9510819442e-05
11.818,1790081566.51,-0.222927519693,-0.000279398841582,-0.402463826802,0.00760792035471,-8.91680411086,0.000471334194372
11.838,1790081566.53,0.22292549748,0.000280778274339,-0.087535691594,-0.00749091699335,8.91695072968,-0.000570844184767
11.858,1790081566.55,2.02216143206e-06,-1.37060418457e-06,0.489999518388,-0.00011735650276,-0.000146620870193,9.95099685112e-05
11.878,1790081566.57,-0.22292751965,-0.000279429917899,-0.402463826918,0.00760921360957,-8.91680410792,0.000471328266837
11.898,1790081566.59,0.222925497438,0.00028080933088,-0.0875356914788,-0.00749221181483,8.91695072674,-0.00057083740599
11.918,1790081566.61,2.0221605826e-06,-1.37058452714e-06,0.489999518388,-0.000117354931343,-0.00014662086964,9.95091172696e-05
11.938,1790081566.63,-0.222927519607,-0.000279460993809,-0.402463827033,0.00761050684766,-8.91680410498,0.000471322339358
11.958,1790081566.65,0.222925497396,0.000280840387056,-0.0875356913635,-0.00749350661955,8.9169507238,-0.000570830628355
11.978,1790081566.67,2.0221597644e-06,-1.37056490639e-06,0.489999518388,-0.000117353360199,-0.000146620871099,9.95082671147e-05
11.998,1790081566.69,-0.222927519565,-0.000279492069307,-0.402463827149,0.00761180006846,-8.91680410204,0.00047131641197
12.018,1790081566.71,0.222925497354,0.000280871442829,-0.0875356912481,-0.00749480140722,8.91695072086,-0.000570823850813
12.038,1790081566.73,2.02215895289e-06,-1.37054529822e-06,0.489999518388,-0.000117351788674,-0.000146620869604,9.95074169596e-05
12.058,1790081566.75,-0.222927519522,-0.000279523144399,-0.402463827264,0.00761309327249,-8.91680409909,0.000471310484652
12.078,1790081566.77,0.222925497312,0.000280902498135,-0.0875356911324,-0.00749609617744,8.91695071791,-0.000570817073494
12.098,1790081566.79,2.02215817005e-06,-1.370525628e-06,0.489999518388,-0.000117350217816,-0.000146620868159,9.95065669597e-05
12.118,1790081566.81,-0.222927519479,-0.000279554219079,-0.40246382738,0.00761438645925,-8.91680409615,0.00047130455742
12.138,1790081566.83,0.222925497271,0.000280933553107,-0.087535691017,-0.007497390931,8.91695071497,-0.000570810295176
12.158,1790081566.85,2.02215733151e-06,-1.37050603942e-06,0.489999518389,-0.000117348646254,-0.000146620867903,9.95057158737e-05
12.178,1790081566.87,-0.222927519436,-0.000279585293339,-0.402463827496,0.00761567962867,-8.91680409321,0.000471298630252
12.198,1790081566.89,0.222925497229,0.000280964607635,-0.0875356909016,-0.00749868566696,8.91695071202,-0.000570803518008
12.218,1790081566.91,2.02215650096e-06,-1.37048642056e-06,0.489999518389,-0.000117347075201,-0.000146620867832,9.95048658739e-05
12.238,1790081566.93,-0.222927519394,-0.000279616367209,-0.402463827611,0.00761697278174,-8.91680409026,0.000471292703179
12.258,1790081566.95,0.222925497187,0.000280995661736,-0.0875356907863,-0.00749998038634,8.91695070908,-0.000570796740314
12.278,1790081566.97,2.02215572003e-06,-1.37046676915e-06,0.489999518389,-0.000117345504168,-0.000146620867215,9.95040152534e-05
12.298,1790081566.99,-0.222927519351,-0.000279647440657,-0.402463827727,0.00761826591726,-8.91680408732,0.000471286776177
12.318,1790081567.01,0.222925497145,0.000281026715459,-0.0875356906708,-0.0075012750884,8.91695070613,-0.000570789962691
12.338,1790081567.03,2.02215490406e-06,-1.37044716034e-06,0.489999518389,-0.000117343933004,-0.000146620866431,9.95031646326e-05
12.358,1790081567.05,-0.222927519308,-0.000279678513695,-0.402463827842,0.00761955903582,-8.91680408438,0.000471280849247
12.378,1790081567.07,0.222925497103,0.000281057768792,-0.0875356905555,-0.00750256977335,8.91695070319,-0.000570783185606
12.398,1790081567.09,2.02215411702e-06,-1.37042757188e-06,0.489999518389,-0.000117342361939,-0.000146620866189,9.95023144774e-05
12.418,1790081567.11,-0.222927519266,-0.000279709586322,-0.402463827957,0.00762085213718,-8.91680408144,0.000471274922403
12.438,1790081567.13,0.222925497061,0.000281088821595,-0.0875356904403,-0.00750386444116,8.91695070025,-0.00057077640752
12.458,1790081567.15,2.0221533872e-06,-1.37040786462e-06,0.489999518389,-0.000117340790823,-0.000146620864603,9.95014632362e-05
12.478,1790081567.17,-0.222927519223,-0.000279740658549,-0.402463828073,0.00762214522185,-8.91680407849,0.000471268995641
12.498,1790081567.19,0.222925497019,0.000281119874134,-0.0875356903247,-0.0075051590922,8.9169506973,-0.000570769630758
12.518,1790081567.21,2.02215252562e-06,-1.37038829122e-06,0.489999518389,-0.000117339219899,-0.000146620864323,9.95006132365e-05
12.538,1790081567.23,-0.22292751918,-0.00027977173036,-0.402463828188,0.00762343828926,-8.91680407555,0.000471263068954
12.558,1790081567.25,0.222925496977,0.000281150926169,-0.0875356902094,-0.00750645372591,8.91695069436,-0.000570762853295
12.578,1790081567.27,2.0221517017e-06,-1.37036863331e-06,0.489999518389,-0.000117337648841,-0.000146620864589,9.94997624607e-05
12.598,1790081567.29,-0.222927519137,-0.000279802801764,-0.402463828304,0.00762473133982,-8.91680407261,0.000471257142331
12.618,1790081567.31,0.222925496935,0.000281181977906,-0.0875356900941,-0.00750774834303,8.91695069142,-0.000570756076361
12.638,1790081567.33,2.02215092012e-06,-1.37034908545e-06,0.489999518389,-0.000117336077558,-0.000146620862927,9.94989121502e-05
12.658,1790081567.35,-0.222927519095,-0.000279833872753,-0.402463828419,0.00762602437297,-8.91680406966,0.000471251215809
12.678,1790081567.37,0.222925496893,0.000281213029134,-0.0875356899787,-0.00750904294234,8.91695068847,-0.000570749299063
12.698,1790081567.39,2.02215004083e-06,-1.37032943636e-06,0.48999951839,-0.000117334506852,-0.000146620863551,9.94980613745e-05
12.718,1790081567.41,-0.222927519052,-0.000279864943337,-0.402463828535,0.00762731738939,-8.91680406672,0.000471245289348
12.738,1790081567.43,0.222925496851,0.000281244079992,-0.0875356898633,-0.00751033752523,8.91695068553,-0.000570742521981
12.758,1790081567.45,2.02214924154e-06,-1.37030982691e-06,0.48999951839,-0.000117332935716,-0.000146620862095,9.94972107536e-05
12.778,1790081567.47,-0.222927519009,-0.000279896013511,-0.40246382865,0.00762861038876,-8.91680406378,0.00047123936296
12.798,1790081567.49,0.222925496809,0.00028127513042,-0.0875356897481,-0.00751163209088,8.91695068259,-0.000570735746059
12.818,1790081567.51,2.02214847265e-06,-1.3702901997e-06,0.48999951839,-0.000117331364715,-0.000146620861862,9.94963612196e-05
12.838,1790081567.53,-0.222927518966,-0.000279927083271,-0.402463828765,0.0076299033707,-8.91680406083,0.000471233436674
12.858,1790081567.55,0.222925496767,0.000281306180398,-0.0875356896328,-0.00751292663904,8.91695067964,-0.000570728969152
12.878,1790081567.57,2.02214759859e-06,-1.37027053186e-06,0.48999951839,-0.000117329793931,-0.00014662086273,9.94955105987e-05
12.898,1790081567.59,-0.222927518924,-0.000279958152628,-0.402463828881,0.00763119633608,-8.91680405789,0.000471227510445
12.918,1790081567.61,0.222925496725,0.000281337230019,-0.0875356895174,-0.00751422117076,8.9169506767,-0.000570722192612
12.938,1790081567.63,2.02214680054e-06,-1.37025091371e-06,0.48999951839,-0.000117328222856,-0.000146620861346,9.94946602888e-05
12.958,1790081567.65,-0.222927518881,-0.00027998922157,-0.402463828997,0.00763248928411,-8.91680405494,0.000471221584298
12.978,1790081567.67,0.222925496683,0.000281368279314,-0.087535689402,-0.00751551568532,8.91695067375,-0.000570715416
12.998,1790081567.69,2.02214598667e-06,-1.37023138233e-06,0.48999951839,-0.000117326651746,-0.00014662086101,9.94938098233e-05
13.018,1790081567.71,-0.222927518838,-0.000280020290107,-0.402463829112,0.00763378221527,-8.916804052,0.000471215658235
13.038,1790081567.73,0.222925496641,0.000281399328106,-0.0875356892865,-0.00751681018256,8.91695067081,-0.000570708639161
13.058,1790081567.75,2.02214520237e-06,-1.37021175457e-06,0.48999951839,-0.000117325080933,-0.000146620859895,9.94929590473e-05
13.078,1790081567.77,-0.222927518795,-0.000280051358229,-0.402463829227,0.0076350751292,-8.91680404906,0.000471209732243
13.098,1790081567.79,0.222925496599,0.000281430376473,-0.0875356891713,-0.00751810466278,8.91695066786,-0.000570701863323
13.118,1790081567.81,2.0221443576e-06,-1.3701921148e-06,0.48999951839,-0.000117323510062,-0.000146620860089,9.94921092027e-05
13.138,1790081567.83,-0.222927518752,-0.000280082425943,-0.402463829343,0.00763636802619,-8.91680404611,0.000471203806328
13.158,1790081567.85,0.222925496557,0.00028146142448,-0.0875356890559,-0.00751939912574,8.91695066492,-0.000570695086787
13.178,1790081567.88,2.02214358021e-06,-1.37017252527e-06,0.48999951839,-0.000117321939376,-0.000146620859234,9.94912585821e-05
13.198,1790081567.9,-0.222927518709,-0.000280113493251,-0.402463829459,0.00763766090614,-8.91680404316,0.000471197880502
13.218,1790081567.91,0.222925496515,0.000281492472046,-0.0875356889405,-0.00752069357177,8.91695066197,-0.000570688310341
13.238,1790081567.93,2.02214276374e-06,-1.37015289792e-06,0.489999518391,-0.000117320368715,-0.000146620859042,9.94904079612e-05
13.258,1790081567.96,-0.222927518667,-0.000280144560142,-0.402463829574,0.00763895376885,-8.91680404022,0.000471191954749
13.278,1790081567.97,0.151866503612,0.011108196091,0.304688455289,-0.321292942025,5.80034138399,-0.0458826123278
13.298,1790081567.99,-0.00123691947053,0.000601694782783,0.17682384628,0.0321554351508,-0.229587037334,0.00367296829328
13.318,1790081568.01,-0.00711124403747,0.00174043199711,0.208748946674,0.0152974349876,1.32911161162,5.58102110242e-05
13.338,1790081568.04,-0.00320029670509,0.00292771263009,0.205037525488,0.0803071578072,0.17394234527,0.00219466612
13.358,1790081568.05,-0.000514476471516,0.00367319394474,0.206087614214,0.0746086957558,0.153365570945,0.00528482620498
13.378,1790081568.07,0.0031866074145,0.00412397274221,0.191319637608,0.0742527089812,-0.116800006025,0.0050602595189
13.398,1790081568.1,0.00604227856653,0.00424772308239,0.196863041616,0.0501984167789,-0.167916991863,0.00511804268722
13.418,1790081568.12,0.00817584529302,0.00417691875011,0.18078240868,0.0368567213642,-0.197139710597,0.00458857560717
13.438,1790081568.14,0.00943185468876,0.00396001635044,0.185945661519,0.0170550884333,-0.166576497685,0.00388327686832
13.458,1790081568.16,0.0100013500866,0.00368186459232,0.185952841004,0.00425187896321,-0.127376687687,0.00337697843131
13.478,1790081568.18,0.0100410036162,0.0033899123373,0.17361553831,-0.00368269093748,-0.0819102988844,0.00285130092836
13.498,1790081568.2,0.00978684662676,0.00312770875142,0.181128422459,-0.00711218407508,-0.043940231851,0.00240100251806
13.518,1790081568.22,0.00935377126264,0.00289223262881,0.166763200596,-0.00761244252221,-0.0156426763055,0.00200841485916
13.538,1790081568.24,0.00889765491867,0.0026966360145,0.173721564693,-0.00637622345106,0.00198709261022,0.00167517448959
13.558,1790081568.26,0.00846009539043,0.00252612513994,0.175277192495,-0.00442243005962,0.0107909748221,0.00139317190095
13.578,1790081568.28,0.0080662937827,0.00237013696132,0.163974805803,-0.00241573211762,0.0131353407226,0.00115573560083
13.598,1790081568.3,0.00774851007542,0.00222808151367,0.172872460372,-0.000762824568739,0.0115565733678,0.000956047696316
13.618,1790081568.32,0.00746227758981,0.0020963398338,0.158997165046,0.0067592976959,0.00810607026237,0.000781457930131
13.638,1790081568.33,0.00722597786634,0.00192326032425,0.167314337431,0.00107715071328,0.00420398054149,0.000646975243201
13.658,1790081568.36,0.00700104707101,0.00174821475039,0.169745629628,0.0010159765126,0.000804791424747,0.000528436389821
13.678,1790081568.38,0.00675471215674,0.00157845020018,0.158685777394,0.00626252731087,0.00482394280037,4.73691761274e-05
13.698,1790081568.4,0.00655911894874,0.00137020425155,0.168686425296,-0.000505587204263,-0.00327134997321,0.000345301351199
13.718,1790081568.42,0.00632176854985,0.00117263323164,0.155115422228,0.00252847753654,-0.000845488987609,8.00572226911e-05
13.738,1790081568.44,0.0060994667565,0.000962963017587,0.16396010768,0.000884083062836,-0.00267410586301,8.37031853697e-05
13.758,1790081568.46,0.00588077691395,0.00073047605216,0.16719693557,-0.00917300033479,-0.0125720381602,0.000620300060832
13.778,1790081568.48,0.0055821188019,0.000554847316205,0.156215404843,-0.00290185681786,-0.00598533772514,0.000202761618615
13.798,1790081568.5,0.0052753151758,0.000388250559461,0.166569600392,-0.00271533111711,-0.00532756164439,0.000170403232836
13.818,1790081568.52,0.00493185946089,0.000234323109524,0.153040739203,-0.000806835269143,-0.00299672777906,9.27782078042e-05
13.838,1790081568.54,0.00459011507793,8.20355215367e-05,0.162339599183,-0.000186763248523,-0.00190313026386,5.81674516254e-05
13.858,1790081568.56,0.00423802191324,-6.99973720279e-05,0.165545151916,0.000293605578908,-0.00101502490175,2.857574096e-05
13.878,1790081568.58,0.00387688198135,-0.000223790871603,0.154719225084,0.000359836326833,-0.000625927525908,7.63348162909e-06
13.898,1790081568.6,0.00352220209696,-0.000379748607285,0.165552915017,0.000236957331316,-0.000403904433582,-9.08701506459e-06
13.918,1790081568.62,0.00315751286194,-0.000535922416318,0.151856806285,1.92533578322e-05,-0.000390309622399,-2.23234972093e-05
13.938,1790081568.64,0.00279888425275,-0.000693416459149,0.16149312658,-0.000250235662237,-0.000364637321324,-3.29704437228e-05
13.958,1790081568.66,0.00243668588108,-0.00084961060667,0.164901848197,-0.000498272893378,-0.000354579723988,-4.15459248879e-05
13.978,1790081568.68,0.00206962294643,-0.00100246554379,0.153906564563,-0.000693877831089,-0.000339664186066,-4.84470825435e-05
13.998,1790081568.7,0.00170586905853,-0.00115464277059,0.165067261891,-0.000864296027015,-0.000228794081257,-5.39150861655e-05
14.018,1790081568.72,0.00133683791894,-0.00130040038229,0.151128261028,-0.000966880323008,-0.000140804095922,-5.82399755341e-05
14.038,1790081568.74,0.000970520236644,-0.00144531437731,0.161095887416,-0.00106213416892,4.80435381165e-05,-6.15442276115e-05
14.058,1790081568.76,0.000603349888624,-0.00158517219378,0.164626766199,-0.00112687660855,0.000238676664668,-6.40293179259e-05
14.078,1790081568.78,0.000236354441464,-0.0017181274661,0.153428827712,-0.00116578044868,0.000407349382619,-6.5837736238e-05
14.098,1790081568.8,-0.000128351668326,-0.00185028832192,0.164916408977,-0.00121854488375,0.000635893511353,-6.70370890951e-05
14.118,1790081568.82,-0.00049018434847,-0.00197282515345,0.150694218561,-0.00124418494294,0.000790199185564,-6.77887156302e-05
14.138,1790081568.84,-0.000849946064443,-0.00209521150217,0.160947789021,-0.00129483448408,0.00101129962737,-6.81054431236e-05
14.158,1790081568.86,-0.00120548098685,-0.00221118144091,0.164603848682,-0.00133885270274,0.00120269453376,-6.81019722063e-05
14.178,1790081568.88,-0.0015542542011,-0.00231843324512,0.153177627341,-0.00137174666138,0.00135048282115,-6.7845006813e-05
14.198,1790081568.9,-0.00190113476859,-0.00242558592608,0.164976370889,-0.00142353521095,0.00155073966984,-6.73371309101e-05
14.218,1790081568.92,-0.0022367974786,-0.00252066081189,0.150438227674,-0.00145085327224,0.00166927913053,-6.66835777335e-05
14.238,1790081568.94,-0.00257131228605,-0.00261625099011,0.160909976815,-0.00149858429607,0.00185701991005,-6.58514420389e-05
14.258,1790081568.96,-0.00289702865573,-0.00270419055116,0.164624619304,-0.00153651410294,0.00201614868592,-6.49138515002e-05
14.278,1790081568.98,-0.00321010429911,-0.00278179602901,0.152947615256,-0.00156063606128,0.00213349653943,-6.39026752739e-05
14.298,1790081569,-0.00352221924101,-0.00285978443598,0.165022971356,-0.00159802939541,0.00230626266642,-6.27954234094e-05
14.318,1790081569.02,-0.00381561425777,-0.00292367713922,0.150172537374,-0.00161153298299,0.00239841044892,-6.16682658015e-05
14.338,1790081569.04,-0.00410916692998,-0.00298863878822,0.160912977196,-0.00164053688784,0.0025598368987,-6.0474601773e-05
14.358,1790081569.06,-0.00438998832896,-0.00304506123101,0.164776230482,-0.00165993582843,0.0026925415505,-5.92663049499e-05
14.378,1790081569.08,-0.00465300415587,-0.00309001835176,0.152843594689,-0.00166699550068,0.00278314348766,-5.80596552707e-05
14.398,1790081569.1,-0.00491616864089,-0.00313584104396,0.165169786085,-0.00168426596191,0.00292628571965,-5.68259649165e-05
14.418,1790081569.12,-0.00515408476895,-0.0031662947539,0.149992027116,-0.00168203794572,0.00299025657084,-5.56222837148e-05
14.438,1790081569.14,-0.00539355484567,-0.00319835388459,0.160967583399,-0.00169130342222,0.00311878291023,-5.44027546924e-05
14.458,1790081569.16,-0.00561703837393,-0.00322144221981,0.164917886717,-0.00169260913414,0.00321844132191,-5.32052083137e-05
14.478,1790081569.18,-0.0058185017811,-0.00323255775285,0.152732761941,-0.00168411848808,0.00327712662422,-5.20377364671e-05
14.498,1790081569.2,-0.00602132909562,-0.00324500968067,0.165349866931,-0.00168224497629,0.00338354633639,-5.08735992236e-05
14.518,1790081569.22,-0.00619365364804,-0.00324159429809,0.149839300615,-0.00166603890655,0.00341562278067,-4.97546031268e-05
14.538,1790081569.24,-0.00636893384749,-0.00324023749034,0.161024389314,-0.00165637871559,0.00350534576009,-4.86418727587e-05
14.558,1790081569.26,-0.00652584481896,-0.00322993980956,0.16505938906,-0.00164051637427,0.00356765178919,-4.75624648159e-05
14.578,1790081569.28,-0.0066576689344,-0.00320776359731,0.152613886639,-0.00161766147998,0.00359207684206,-4.65199389023e-05
14.598,1790081569.3,-0.00677361967679,-0.00320491428544,0.164647689081,-0.0103405933731,-0.00508648774229,0.000448517297913
14.618,1790081569.32,-0.00691754544649,-0.00312607030728,0.149668324354,-0.00156621924065,0.00365938884179,-4.45842771257e-05
14.638,1790081569.34,-0.00704962802978,-0.00304833022398,0.161263801577,0.00300968099581,6.40839068108e-05,-0.000290223729064
14.658,1790081569.36,-0.00719062592288,-0.00299031208694,0.165323683062,0.000727951205886,0.00596780269424,-0.000105779826566
14.678,1790081569.38,-0.00728920595779,-0.00292976295199,0.15260681406,0.000574395254911,0.00619230945913,-9.96545119451e-05
14.698,1790081569.4,-0.00738169096156,-0.00288020094913,0.164547185657,-0.000408913200997,0.00686378812207,-7.25925003051e-05
14.718,1790081569.42,-0.00742490213225,-0.00282032563101,0.149542564938,-0.000878045329534,0.00634574377716,-6.49410992611e-05
14.738,1790081569.44,-0.00745412380063,-0.00275590598848,0.161391601372,0.00289374891853,0.00157111139264,-0.000296260672515
14.758,1790081569.46,-0.0074827652427,-0.00271262536723,0.164456605443,-0.00147136609963,0.00498571932407,-5.34658534678e-05
14.778,1790081569.48,-0.00747757236241,-0.00262031149355,0.153130718108,0.0156376221482,0.00462276664158,-2.91188611657e-05
14.798,1790081569.5,-0.00747234867779,-0.00264930103314,0.164757227284,-0.00254657570276,0.00496216286729,-1.63398748404e-05
14.818,1790081569.52,-0.00741678960212,-0.00263548902645,0.149662786946,0.00124942853744,4.05069381874e-05,-0.000277198674497
14.838,1790081569.54,-0.00739536582344,-0.00265167869174,0.161961966679,-0.00669201360819,0.00437594389346,-1.57320071179e-05
14.858,1790081569.56,-0.00736364327673,-0.00264635794198,0.165500664533,-0.0152460957781,0.012920810111,0.000481881845679
14.878,1790081569.58,-0.0072440465858,-0.00251442482606,0.153084997582,0.0108869950323,0.00491860555707,2.79089956351e-05
14.898,1790081569.6,-0.00712808415906,-0.00248937276495,0.164895240607,-0.00489860777187,0.00413761183489,-1.20831944014e-06
14.918,1790081569.62,-0.00698422559432,-0.00241205685022,0.149738733794,0.00178550560127,0.00698629098323,-0.000322449079289
14.938,1790081569.64,-0.00682017845592,-0.00236945700236,0.161964570631,-0.00501128282508,0.00178032021583,-5.88802745333e-05
14.958,1790081569.66,-0.00662902451278,-0.00231362973225,0.165005514416,-0.0132300714241,-0.00745577076797,0.000443229859075
14.978,1790081569.68,-0.00648374636217,-0.00217687799203,0.153501831075,-0.00475771305217,0.000562970388786,-2.31611129334e-05
14.998,1790081569.7,-0.00634599707225,-0.00203116163573,0.165029413637,-0.00320170744808,0.00137874924715,-3.46877586582e-05
15.018,1790081569.72,-0.00618763875634,-0.0018655079959,0.149764196009,-0.000598506158887,0.00341531849268,-7.93805596355e-05
15.038,1790081569.74,-0.00603006804079,-0.00170564139644,0.162003777957,0.000376313879392,0.00388940410747,-8.0049835617e-05
15.058,1790081569.76,-0.00585050725605,-0.00154629020914,0.164802945809,0.000916362570906,0.00405528081086,-7.82197285441e-05
15.078,1790081569.78,-0.00564565416585,-0.00138935904432,0.153349593164,0.000918698388524,0.00377700274747,-7.21187220662e-05
15.098,1790081569.8,-0.00543882022753,-0.00123980637403,0.165095071834,0.000736501577399,0.00336278126061,-6.58612525534e-05
15.118,1790081569.82,-0.00520356082932,-0.0010899083152,0.149574535012,0.000447748203861,0.00290075649901,-5.98094477097e-05
15.138,1790081569.84,-0.00497159269631,-0.000944878531298,0.162077031065,0.000205695724157,0.00247086027079,-5.43294999146e-05
15.158,1790081569.86,-0.00472481224109,-0.00079946188132,0.164926146269,2.35667367781e-05,0.00211173508404,-4.94532216108e-05
15.178,1790081569.88,-0.00446291250866,-0.000652847830657,0.153256018078,-8.46007888123e-05,0.00183269400062,-4.51588930634e-05
15.198,1790081569.9,-0.00420462972244,-0.000507409877253,0.165213314142,-9.98391833427e-05,0.00160898585889,-4.13738639078e-05
15.218,1790081569.92,-0.00392823038044,-0.000360026869058,0.149409284078,-7.95174003035e-05,0.00144682420703,-3.80666060133e-05
15.238,1790081569.94,-0.00365753284534,-0.000213344280697,0.162156182113,4.65300797313e-06,0.00129564319751,-3.51508434165e-05
15.258,1790081569.96,-0.00337775014663,-6.62676235263e-05,0.165032712113,0.000100284300668,0.00116517762128,-3.25975817296e-05
15.278,1790081569.98,-0.00308837559494,8.04897297539e-05,0.153154872883,0.000192222559618,0.00104673910156,-3.03609759295e-05
15.298,1790081570,-0.00280252442005,0.000226569010543,0.165357285727,0.000301702329771,0.000908600539411,-2.83772647205e-05
15.318,1790081570.02,-0.00250499719497,0.000370818632744,0.149256853922,0.000379783450092,0.000787555122787,-2.66385916145e-05
15.338,1790081570.04,-0.00221178977143,0.00051456948107,0.162234477079,0.000477248867766,0.00063250236714,-2.50748124555e-05
15.358,1790081570.06,-0.00191348088088,0.00065605105991,0.16522378496,0.000556990353661,0.000481640919575,-2.36827495408e-05
15.378,1790081570.08,-0.0016103967478,0.000794278268241,0.153116387354,0.000618414915975,0.000339166905944,-2.24394336284e-05
15.398,1790081570.1,-0.00131016229504,0.000931886067379,0.165499378601,0.000694704992086,0.000172183566628,-2.13002550896e-05
15.418,1790081570.12,-0.00100537108789,0.00106405466157,0.149110587087,0.00074115943514,3.48373923276e-05,-2.02817175312e-05
15.438,1790081570.14,-0.000703587319229,0.00119638194866,0.162335063577,0.00081285352441,-0.000136075064335,-1.93297787303e-05
15.458,1790081570.16,-0.000401262267224,0.00132439151484,0.165354487762,0.00087226656953,-0.000293052799375,-1.84602183249e-05
15.478,1790081570.18,-9.95434270187e-05,0.00144685732341,0.153038653727,0.000918135099917,-0.000432906730919,-1.76648352877e-05
15.498,1790081570.2,0.000199952010109,0.00156919839988,0.165668979409,0.000982300338334,-0.000596606761462,-1.69105543146e-05
15.518,1790081570.22,0.000496564838195,0.00168302787055,0.148973406524,0.00101896977191,-0.000722609678245,-1.62251095296e-05
15.538,1790081570.24,0.000791644085451,0.00179784398461,0.162390809202,0.00108085891957,-0.00088407508289,-1.55633593962e-05
15.558,1790081570.26,0.00108273407256,0.00190661664372,0.165483568696,0.00113072581327,-0.00102862011618,-1.49477918007e-05
15.578,1790081570.28,0.00136797125245,0.00200786592131,0.152945910329,0.00116691438477,-0.00115347617674,-1.43760850208e-05
15.598,1790081570.3,0.0016518582343,0.00210950531584,0.165785853921,0.00121952085393,-0.00130338363579,-1.38214368868e-05
15.618,1790081570.32,0.00192568909952,0.00219998859014,0.148809590211,0.00124543322968,-0.00141281272813,-1.33133339575e-05
15.638,1790081570.34,0.00219967325926,0.00229224793319,0.162484247907,0.00129363232208,-0.00155822528595,-1.28138851677e-05
15.658,1790081570.36,0.00246544876592,0.00237702451586,0.165609185971,0.00132989928275,-0.0016852759397,-1.23456869381e-05
15.678,1790081570.38,0.00272052611492,0.00245268989233,0.152852001609,0.00135304509819,-0.00179144503853,-1.19085056187e-05
15.698,1790081570.4,0.00297529515115,0.00252926173704,0.165902757395,0.00139023557254,-0.001921583176,-1.14809795576e-05
15.718,1790081570.42,0.00321343036591,0.00259261015165,0.14864165261,0.00140334844061,-0.00201098918356,-1.10890552445e-05
15.738,1790081570.44,0.00341861887478,0.00210343062355,0.0648982397027,-0.263034252471,-0.00201918390258,8.13549065608e-05
15.758,1790081570.46,0.00352940949542,0.00338583485241,-0.19092523663,-0.00879703519091,0.00830867241925,0.000571942657502
15.778,1790081570.48,0.00378184442222,0.00452563804779,-0.217266714641,0.0184146015965,-0.0019094710964,-1.67355816378e-05
15.798,1790081570.5,0.0040132471535,0.00564489577258,-0.235804514963,0.0729249895027,0.000148949433794,-0.000233704531018
15.818,1790081570.52,0.00426859935994,0.00640164981483,-0.229466441668,0.0731592411925,-0.00593452560747,-0.000176650653195
15.838,1790081570.54,0.00449043241334,0.00686732547723,-0.225988427768,0.0689805807654,-0.00521818273895,-0.00010784718582
15.858,1790081570.56,0.00469506690528,0.00704370448514,-0.219519726475,0.0490123141961,-0.0056186341266,-7.62403473349e-05
15.878,1790081570.58,0.00487837015783,0.0070386174262,-0.210193534903,0.032468940203,-0.00516316457188,-6.63252883891e-05
15.898,1790081570.6,0.00503887037022,0.00692481001832,-0.206266515819,0.0257229398794,-0.00436206899554,-4.232076172e-05
15.918,1790081570.62,0.00518557162165,0.00670097952188,-0.197455766768,0.00845418023322,-0.0037606952565,-2.81056710613e-05
15.938,1790081570.64,0.00531462829662,0.00645070719966,-0.195418203474,-3.53799750396e-05,-0.00330407868169,-1.97067685591e-05
15.958,1790081570.66,0.00543960295396,0.00621488331569,-0.191647157136,-0.00114257649801,-0.0066418032709,-0.000222076688771
15.978,1790081570.68,0.00552778369868,0.00597863424494,-0.185278517759,-0.00664856848189,-0.00201360773947,3.88692357892e-05
15.998,1790081570.7,0.00561171581668,0.00577428327134,-0.18424419659,-0.00510372037912,-0.00258466860783,-2.03303910139e-06
16.018,1790081570.72,0.00568744395076,0.00559276540281,-0.178006463625,-0.00386765330054,-0.00204524007896,1.53794626935e-05
16.038,1790081570.74,0.00575277655315,0.00542361760472,-0.178480808772,-0.00178283046638,-0.00226994924518,1.11032672862e-05
16.058,1790081570.76,0.00580454814635,0.00526808116412,-0.176603643965,0.00301584954312,0.000637601777307,-0.000170691393789
16.078,1790081570.78,0.00587017051854,0.00508510972255,-0.172086238419,-0.0021293145966,-0.00268768033917,9.02507178999e-06
16.098,1790081570.8,0.00591918462311,0.00492014219797,-0.172841998669,0.00187543704012,-0.00312692792695,1.2335028537e-05
16.118,1790081570.82,0.00596017220463,0.00474626625654,-0.167747275699,0.00199575924492,-0.00382705236634,2.70856641626e-05
16.138,1790081570.84,0.00598095925072,0.0045621583154,-0.169670454035,0.00269868587708,-0.00391030444124,2.54113957398e-05
16.158,1790081570.86,0.00598815177109,0.0043676226945,-0.168793655879,0.00266432317479,-0.00385705163425,2.29931431919e-05
16.178,1790081570.88,0.00598188782058,0.004163777868,-0.165242694217,0.00252205913775,-0.00366521787266,1.92514795784e-05
16.198,1790081570.9,0.00595824021916,0.003947600386,-0.166870812646,0.00223006592404,-0.00344995447301,1.57145342591e-05
16.218,1790081570.92,0.00592522459547,0.00372104171,-0.162185140471,-0.000243939340526,-0.00324981078925,1.41268419874e-05
16.238,1790081570.94,0.00587508605509,0.00349923376922,-0.165054828803,0.00161691777776,-0.00307439350649,9.64906233226e-06
16.258,1790081570.96,0.00580934485565,0.00327601390638,-0.164862068205,0.00437320329044,-8.95696059998e-05,-0.000159520287015
16.278,1790081570.98,0.00575412360425,0.00302847610399,-0.161548828703,0.0016843417351,-0.00283973343247,4.77157424715e-06
16.298,1790081571,0.00568189013259,0.00277473777734,-0.163791339719,0.0012833931587,-0.0029823495009,9.59965693771e-06
16.318,1790081571.02,0.00560262291125,0.00251744469035,-0.159299355791,0.000551764243962,-0.00342514036872,2.34705717333e-05
16.338,1790081571.04,0.00550464608915,0.00225678138978,-0.162664712054,0.000292329839801,-0.00336425876272,2.23751105178e-05
16.358,1790081571.06,0.00538957514932,0.00200182571289,-0.16277507717,0.00304067305651,-0.000298891578369,-0.000150001532086
16.378,1790081571.08,0.00528418770025,0.00172687667548,-0.159543116339,5.18850643061e-05,-0.00298094325083,1.68514585497e-05
16.398,1790081571.1,0.00516120311802,0.0014534706288,-0.162192579053,-0.000204983740503,-0.00296525984738,2.02922979448e-05
16.418,1790081571.12,0.0050311537967,0.00118146296673,-0.157652641539,-0.000768169029768,-0.00325847920153,3.29156753829e-05
16.438,1790081571.14,0.00488329201855,0.000912291888129,-0.161433456705,-0.00081195202999,-0.00306831351268,3.04231430497e-05
16.458,1790081571.16,0.00472535446285,0.00064676835774,-0.161623791867,-0.000805700707403,-0.00282696373697,2.70687256375e-05
16.478,1790081571.18,0.00455803332844,0.000384695136786,-0.158457613249,-0.000733718190636,-0.00251576003081,2.26126459771e-05
16.498,1790081571.2,0.00437810739629,0.000125080187399,-0.161418118483,-0.000674772788329,-0.00223248740087,1.84497178259e-05
16.518,1790081571.22,0.00419311688954,-0.000131888609859,-0.156731613449,-0.000665011643444,-0.00197474251468,1.47262868254e-05
16.538,1790081571.24,0.0039967661727,-0.000386288910114,-0.160831559177,-0.000687723939038,-0.00177391685086,1.15204648957e-05
16.558,1790081571.26,0.00379526719319,-0.000638196198552,-0.161147104159,-0.000757940787145,-0.00160604753645,8.8122546852e-06
16.578,1790081571.28,0.00358903584143,-0.000887481305674,-0.157876274599,-0.000864152279349,-0.00146256057026,6.54853835907e-06
16.598,1790081571.3,0.00337473032038,-0.00113295450752,-0.161065798895,-0.000979642867727,-0.00134533811409,4.65695190312e-06
16.618,1790081571.32,0.00315808789708,-0.00137559684998,-0.156184802757,-0.00111756065944,-0.00122440234253,3.10174386293e-06
16.638,1790081571.34,0.0029336809635,-0.00161263122182,-0.16057315241,-0.00124059895807,-0.00112129339683,1.80913612465e-06
16.658,1790081571.36,0.00270623261327,-0.00184547553031,-0.160943346565,-0.00136716658478,-0.00100923014806,7.58449177827e-07
16.678,1790081571.38,0.00247593944494,-0.00207376160164,-0.157540301008,-0.00149314251604,-0.000887650918451,-8.61137818371e-08
16.698,1790081571.4,0.00224039500137,-0.00229488573099,-0.160945444709,-0.00160174513582,-0.000772300182828,-7.6929492451e-07
16.718,1790081571.42,0.00200750112322,-0.0025154757152,-0.15578120233,-0.00353477892095,-0.00245522055474,0.000103090682741
16.738,1790081571.44,0.00175738153939,-0.00271417765868,-0.160489090611,-0.00180864330001,-0.000518440270247,-1.73273798421e-06
16.758,1790081571.46,0.00150788343385,-0.00290880130582,-0.160907147125,-0.0017618166123,-0.000249532236991,-6.11661254665e-06
16.778,1790081571.48,0.00125773484736,-0.00309751877621,-0.157348703586,-0.00152982844381,0.000212279885679,-1.57836512383e-05
16.798,1790081571.5,0.00100799250874,-0.00327869582921,-0.160932641327,-0.00160947519856,0.000334845397908,-1.60109870686e-05
16.818,1790081571.52,0.000764423297561,-0.00346062710525,-0.15552785227,-0.00366302129321,-0.00149012136721,9.41349527033e-05
16.838,1790081571.54,0.000508390307325,-0.00361882995186,-0.160491255225,-0.00192271456091,0.000435056797479,-1.39618997357e-05
16.858,1790081571.56,0.000256213996844,-0.00377310276786,-0.160943524933,-0.00195034796243,0.000602761247677,-1.66844506574e-05
16.878,1790081571.58,6.12046016607e-06,-0.00392112874122,-0.157224735859,-0.0017674469063,0.000987522121964,-2.50789122352e-05
16.898,1790081571.6,-0.000239666870893,-0.00405991558498,-0.160997755205,-0.00188829380558,0.00103808160287,-2.38182683542e-05
16.918,1790081571.62,-0.000481606967975,-0.00419540234433,-0.155399215059,-0.0020444715869,0.00107885681259,-2.19162196421e-05
16.938,1790081571.64,-0.000718786094779,-0.00431841254775,-0.160525188868,-0.00222167322902,0.00105264474866,-1.92744201257e-05
16.958,1790081571.66,-0.000952198797734,-0.00443484527945,-0.161017892842,-0.00238294188317,0.00105125744923,-1.67369517158e-05
16.978,1790081571.68,-0.00118203795575,-0.00454404771007,-0.157129119747,-0.00251857474524,0.00108060130784,-1.43930394676e-05
16.998,1790081571.7,-0.00140688064012,-0.0046398068426,-0.16108776918,-0.00260885994282,0.00112330815242,-1.23274066935e-05
17.018,1790081571.72,-0.00162885339454,-0.00473015411132,-0.155241533804,-0.0026777935617,0.00121104235638,-1.05035862235e-05
17.038,1790081571.74,-0.00184430498744,-0.00480463689683,-0.160600407108,-0.00270841106634,0.00129088565009,-8.93348889072e-06
17.058,1790081571.76,-0.00205565289981,-0.00487103750093,-0.161094512192,-0.00272550356649,0.00139147291937,-7.56759534441e-06
17.078,1790081571.78,-0.00226261707558,-0.00492920587405,-0.157037078388,-0.00273394739163,0.00150411075411,-6.3833026773e-06
17.098,1790081571.8,-0.0024619260027,-0.00497264315658,-0.161179607686,-0.00272737394265,0.00159982983366,-5.37449765663e-06
17.118,1790081571.82,-0.00265766015123,-0.00501083085393,-0.155083790225,-0.00272419432331,0.00171295604444,-4.49775779485e-06
17.138,1790081571.84,-0.00284356094587,-0.00503243159985,-0.160682143593,-0.00270801312579,0.00179482192163,-3.76338115938e-06
17.158,1790081571.86,-0.00302395974256,-0.00504622691795,-0.161202380872,-0.00269240517621,0.00188133695353,-3.1342875596e-06
17.178,1790081571.88,-0.00319858714942,-0.00505212182383,-0.156972101301,-0.00267630049618,0.00197006620753,-2.59789354542e-06
17.198,1790081571.9,-0.00336283198319,-0.00504320969882,-0.161287818721,-0.00265160013409,0.00203707848831,-2.1553592725e-06
17.218,1790081571.92,-0.00352292302653,-0.00502964694943,-0.154937901273,-0.00262832554616,0.00211966517062,-1.77640148839e-06
17.238,1790081571.94,-0.00367038245043,-0.00499958323108,-0.160768750947,-0.0025949738525,0.0021721469087,-1.47484124395e-06
17.258,1790081571.96,-0.00381141629388,-0.00496225994665,-0.16131087784,-0.00255900193474,0.00223025463573,-1.22532465344e-06
17.278,1790081571.98,-0.00394580071064,-0.0049176055722,-0.156909375929,-0.00251964931495,0.00229171161733,-1.02225569411e-06
17.298,1790081572,-0.00406787510055,-0.00484075966969,-0.161102126096,0.00682985200641,0.0023350535993,3.21918281394e-06
17.318,1790081572.02,-0.00418993483339,-0.00482997637267,-0.154878985012,-0.00480574608238,0.00476723369571,0.000136088508456
17.338,1790081572.04,-0.00428059939037,-0.00478541790473,-0.161031845027,-0.00766553646989,0.00241785233858,-3.05132218406e-06
17.358,1790081572.06,-0.00435834175518,-0.00469492863652,-0.161330324247,1.52062552317e-05,-0.0022593590898,-0.000267496671529
17.378,1790081572.08,-0.00446994845602,-0.00463179145401,-0.157036595671,-0.00827274437865,0.00648824686693,0.00024573841936
17.398,1790081572.1,-0.00453388655325,-0.0045125585166,-0.160909896636,-0.00288964757021,0.00230652934748,-7.07278668585e-06
17.418,1790081572.12,-0.00460412561655,-0.00439845085739,-0.1547575403,-0.00517641697894,0.00521770225046,0.000144730228253
17.438,1790081572.14,-0.00463834956837,-0.00424897721004,-0.161285005231,-0.00156194795829,0.00211142209632,-1.61711315798e-05
17.458,1790081572.16,-0.00467143544376,-0.00408261667148,-0.161300115663,0.00824774338852,0.00190994001695,-1.84713822755e-05
17.478,1790081572.18,-0.00469881472397,-0.00399833417343,-0.157152568226,-0.0101340741257,0.00148958192397,-3.91186760254e-05
17.498,1790081572.2,-0.00471753244847,-0.00383181988721,-0.161023489952,-0.0014137088929,0.00158820898155,-3.32440432599e-05
17.518,1790081572.22,-0.00473516475564,-0.00367563759049,-0.154896589462,-0.00225528681695,0.00176730618144,-3.08426861395e-05
17.538,1790081572.24,-0.00473986513146,-0.00350185549928,-0.161408329754,-0.00085099552889,0.00198902972457,-2.63725724093e-05
17.558,1790081572.26,-0.00474018781828,-0.00332976613423,-0.161105042347,-0.000751946207133,0.00218429217965,-2.27630029392e-05
17.578,1790081572.28,-0.00473365099021,-0.00315591177821,-0.157423694158,-0.000613123251109,0.00233074927036,-1.94989926465e-05
17.598,1790081572.3,-0.00471437168643,-0.00297757760547,-0.161120640322,-0.000691403321202,0.00240918336773,-1.67857791872e-05
17.618,1790081572.32,-0.00469062643192,-0.00279972236124,-0.154776328815,-0.000766969691117,0.00244516350265,-1.44851003002e-05
17.638,1790081572.34,-0.00465100990672,-0.00261509003544,-0.161482272339,-0.000845284481444,0.0024287305494,-1.25515342429e-05
17.658,1790081572.36,-0.00460538989234,-0.00242908449709,-0.161158756255,-0.000873419127776,0.00239111126803,-1.09088127298e-05
17.678,1790081572.38,-0.00455219313232,-0.00224052060397,-0.157346851899,-0.000854002655823,0.00233975836949,-9.5105157704e-06
17.698,1790081572.4,-0.00448630910555,-0.00204670079523,-0.161174817757,-0.000800123873186,0.00227423940777,-8.31993702912e-06
17.718,1790081572.42,-0.0044218182632,-0.0018572686615,-0.154531422087,-0.00342333548078,0.00492906504496,-0.000164275088605
17.738,1790081572.44,-0.00432331594677,-0.00164324508127,-0.161569678976,-0.000605851534512,0.00213841006944,-6.39165955003e-06
17.758,1790081572.46,-0.00422285272194,-0.00143113699364,-0.161244388038,-0.000244444241778,0.00182569052742,1.56069436524e-06
17.778,1790081572.48,-0.00411659765403,-0.00121829004825,-0.157311504926,0.000332905069642,0.00130561897778,1.5561504796e-05
17.798,1790081572.5,-0.00400272891208,-0.00100647082808,-0.161272071258,0.000441798526207,0.00124152778595,1.61452666388e-05
17.818,1790081572.52,-0.00388872406208,-0.000797682919226,-0.154492112506,0.000479974422826,0.00126032513959,1.54081061269e-05
17.838,1790081572.54,-0.00376434266756,-0.0005897234736,-0.161662594393,0.000422759452328,0.00134733436288,1.34305657022e-05
17.858,1790081572.56,-0.00363773577279,-0.000383924680457,-0.161325132722,0.000378216100174,0.00142675520899,1.13996424375e-05
17.878,1790081572.58,-0.00350698939092,-0.000179706046319,-0.15726861259,0.000361425268266,0.00147749349324,9.48658330946e-06
17.898,1790081572.6,-0.00336740363983,2.34647513877e-05,-0.161381883462,0.000371949098145,0.00148512063233,7.80048813011e-06
17.918,1790081572.62,-0.00322594095109,0.000225253981038,-0.154373705798,0.0004300985513,0.0014553231048,6.35452315181e-06
17.938,1790081572.64,-0.003073962329,0.000425110728024,-0.16177093909,0.000495539437775,0.00139419739674,5.1217073441e-06
17.958,1790081572.66,-0.00291909572745,0.00062335405018,-0.161448706344,0.000588649144221,0.00131121910088,4.08695642057e-06
17.978,1790081572.68,-0.00276034396801,0.000819577057482,-0.157240775318,0.000695645807624,0.00121491357753,3.2217646457e-06
17.998,1790081572.7,-0.00259437674504,0.00101253002193,-0.161444144429,0.000795981532456,0.00111216136504,2.49686070694e-06
18.018,1790081572.72,-0.00242723457601,0.0012035730679,-0.154227562694,0.000909965254688,0.0010052299095,1.90059410162e-06
18.038,1790081572.74,-0.00225245037932,0.0013892569627,-0.161863878152,0.000999961176378,0.000901611021367,1.40112278209e-06
18.058,1790081572.76,-0.00207613971755,0.00157215488613,-0.161502608492,0.00109572971271,0.000797082807831,9.95979560874e-07
18.078,1790081572.78,-0.00189763385626,0.0017514464394,-0.157177080183,0.00119107306678,0.000693099192663,6.69789635961e-07
18.098,1790081572.8,-0.00171462504268,0.00192467168021,-0.161532480868,0.00127146846006,0.000592440937741,4.05568401356e-07
18.118,1790081572.82,-0.00153148043231,0.00209530413165,-0.154098899206,0.00136250417977,0.000488516851844,2.04681512705e-07
18.138,1790081572.84,-0.00134399308065,0.00225735810256,-0.161973816507,0.0014291719179,0.000391525632528,4.3638620498e-08
18.158,1790081572.86,-0.00115623131027,0.00241575520665,-0.161617384614,0.0015025189557,0.000291234326261,-7.09134286687e-08
18.178,1790081572.88,-0.000967863754362,0.00256936798016,-0.157144338007,0.00157690284638,0.000189568416942,-1.47832803787e-07
18.198,1790081572.9,-0.000777762352681,0.00273810899076,-0.161191032727,0.0141174226654,8.89403392102e-05,6.81007241104e-07
18.218,1790081572.92,-0.000591886218605,0.00308074821635,-0.0869386806823,0.133473609772,-5.17557808309e-05,7.88191720475e-06
18.238,1790081572.94,-0.000405556196189,0.00249876677307,0.0256545660751,0.000747697692042,-0.000211464567529,-1.55055003471e-07
18.258,1790081572.96,-0.000213256006388,0.00203953279169,0.0393900686546,-0.0131380850372,-0.000315578910881,-5.11633419452e-07
18.278,1790081572.98,-2.16865669651e-05,0.0016166901337,0.0443553023829,-0.0350340450144,-0.000400971200907,-7.26117800698e-07
18.298,1790081573,0.000165717929788,0.00137023862521,0.0414544487998,-0.0356693254542,0.000940841044865,8.06988605112e-05
18.318,1790081573.02,0.00035836931457,0.00127418173676,0.0375039339335,-0.030773154802,0.00100519877736,8.86428197354e-05
18.338,1790081573.04,0.000555466545676,0.00130659884026,0.033316365264,-0.0219050391509,0.000695999046971,7.85679646802e-05
18.358,1790081573.06,0.000758169021661,0.00142236955108,0.0293919341249,-0.0145242275563,-0.00119570159602,-1.51932742757e-05
18.378,1790081573.08,0.00095187181747,0.00159667647021,0.025936640132,-0.00597631935311,-0.000468595285402,4.11865774437e-05
18.398,1790081573.1,0.00114509660353,0.00178880234052,0.0228307770063,-0.000747570170322,-0.000851125642267,2.79480038216e-05
18.418,1790081573.12,0.00133632699895,0.00197840896843,0.0200545370239,0.00163407981847,-0.00195918384323,-3.41991306222e-05
18.438,1790081573.14,0.00151694226532,0.00216125407882,0.0176600596504,0.00411273567463,-0.001253607219,9.34992538434e-06
18.458,1790081573.16,0.00169366259753,0.00232466871825,0.0155216726226,0.00459343176441,-0.00135644188943,2.60053550678e-06
18.478,1790081573.18,0.00186614990591,0.00246765599226,0.0136150495354,0.00379755201012,-0.0020302235222,-3.92091614523e-05
18.498,1790081573.2,0.00203091185848,0.00259710467605,0.0119352707334,0.00389069962537,-0.00264469813923,-7.22887837069e-06
18.518,1790081573.22,0.0021832598031,0.00271138665293,0.0104573938176,0.0038311185903,-0.00202926063212,-3.9668922351e-05
18.538,1790081573.24,0.00232817066651,0.00280839097636,0.00920226781913,0.00240021442552,-0.00185093657885,-3.62460402709e-05
18.558,1790081573.26,0.00246650000679,0.00289815587543,0.00805533310101,0.0023669941714,-0.00203600473164,-1.17155694992e-05
18.578,1790081573.28,0.00259580254876,0.00297901196513,0.00704545626798,0.00237836536107,-0.00155617750541,-3.02030017979e-05
18.598,1790081573.3,0.00272017716579,0.00304985580508,0.0061750786636,0.00190094803964,-0.00180375358846,-9.01361482086e-06
18.618,1790081573.32,0.00283653010208,0.00311428383407,0.00538953145076,0.00205418850976,-0.00145708887996,-2.497990876e-05
18.638,1790081573.34,0.00294772166133,0.00316943997464,0.00472174233493,0.00145590283134,-0.00147957800433,-2.22868124584e-05
18.658,1790081573.36,0.00305313030447,0.00322058419244,0.00410285451605,0.00188881705296,-0.00150967308352,-2.06182143359e-05
18.678,1790081573.38,0.00315274589478,0.00326375371708,0.00357086742442,0.00187318673238,-0.00159844017854,-1.76804031196e-05
18.698,1790081573.4,0.00324610773084,0.00329967823012,0.00310131009046,0.0019044479936,-0.00168940670838,-1.49875976205e-05
18.718,1790081573.42,0.00333284355137,0.00332802891641,0.00268808494983,0.00187176979064,-0.00177453178217,-1.25171232553e-05
18.738,1790081573.44,0.00341259989838,0.00334904920073,0.00232375400068,0.00183643226008,-0.00184368802058,-1.03719996507e-05
18.758,1790081573.46,0.00348510379827,0.00336287482454,0.00200255909798,0.00179698652787,-0.00189595250759,-8.52935073754e-06
18.778,1790081573.48,0.00355015279611,0.00336967686265,0.00171937716894,0.00176248285097,-0.0019326323385,-6.96342995817e-06
18.798,1790081573.5,0.00360760863718,0.00336958991297,0.00146973684763,0.00173299898626,-0.00195667639479,-5.63920233805e-06
18.818,1790081573.52,0.00365738262881,0.00336272748024,0.00124969522175,0.00170792541657,-0.00197108248473,-4.52374641843e-06
18.838,1790081573.54,0.00369942292292,0.00334918319307,0.00105577623164,0.00168528383818,-0.00197839600228,-3.58699345235e-06
18.858,1790081573.56,0.0037338177611,0.00332892895991,0.000886874367327,0.00160270354991,-0.00204088160077,7.1529637759e-07
18.878,1790081573.58,0.00376001243262,0.00330259198666,0.000734397757253,0.00163987268396,-0.00197835988142,-2.14964456974e-06
18.898,1790081573.6,0.00377852224437,0.00326975836607,0.000601763791692,0.00162044190148,-0.00196662059609,-1.79164059157e-06
18.918,1790081573.62,0.00378931657706,0.00323057762188,0.000484941848575,0.00160110676373,-0.00194850744254,-1.62103897566e-06
18.938,1790081573.64,0.00379248979972,0.0031851007529,0.000382231629363,0.00156878936274,-0.00193679352241,-1.25036870403e-06
18.958,1790081573.66,0.00378807247181,0.00313346855808,0.000291879425246,0.00153118896581,-0.00192364009405,-9.18182410139e-07
18.978,1790081573.68,0.00377611452412,0.00307582922276,0.000212433131002,0.00148889883181,-0.00190845258664,-6.21499580643e-07
18.998,1790081573.7,0.00375667183445,0.00301235159726,0.000142605546718,0.00144373811989,-0.00188951366649,-3.75006370497e-07
19.018,1790081573.72,0.0037298173854,0.00294321357929,8.12663571347e-05,0.00139635400479,-0.00186634584025,-1.7484286142e-07
19.038,1790081573.74,0.00369564131258,0.00286860133996,2.74181660956e-05,0.00134715522538,-0.00183875024789,-1.6362157282e-08
19.058,1790081573.76,0.00365425176242,0.00278870760393,-1.98190177522e-05,0.00129624369474,-0.00180685554509,1.06295040612e-07
19.078,1790081573.78,0.00360577398261,0.00270373162847,-6.12219517383e-05,0.00124361244089,-0.00177090823024,1.98659216435e-07
19.098,1790081573.8,0.00355034921371,0.00261387936005,-9.74763220325e-05,0.00118921215655,-0.00173120029305,2.65772240455e-07
19.118,1790081573.82,0.00348813342784,0.00251936373686,-0.000129187475959,0.00113300879498,-0.00168800975474,3.12077158052e-07
19.138,1790081573.84,0.00341929619778,0.0024204048622,-0.000156889864796,0.00107500523584,-0.00164157930802,3.41436437981e-07
19.158,1790081573.86,0.00334401973519,0.0023172300017,-0.000181055376274,0.0010152472001,-0.00159211161139,3.57195418108e-07
19.178,1790081573.88,0.00326249810778,0.00221007339382,-0.000202100682527,0.000953818438613,-0.00153977564345,3.62237887143e-07
19.198,1790081573.9,0.00317493659613,0.00209917590062,-0.000220393720297,0.00089083172445,-0.00148471663118,3.59050396713e-07
19.218,1790081573.92,0.00308155114305,0.00198478454631,-0.000236259416663,0.000826419355481,-0.00142706637411,3.49774588746e-07
19.238,1790081573.94,0.00298256785186,0.00186715198079,-0.000249984732928,0.00076072509901,-0.00136695139256,3.36255279216e-07
19.258,1790081573.96,0.00287822250098,0.00174653590339,-0.000261823116019,0.000693898193854,-0.00130449878505,3.20078712569e-07
19.278,1790081573.98,0.00276876005136,0.00162319846877,-0.000271998430388,0.000626089600641,-0.00123983954947,3.02605616061e-07
19.298,1790081574,0.00265443413476,0.00149740568997,-0.000280708421707,0.000557449813258,-0.00117311012292,2.84994613789e-07
19.318,1790081574.02,0.00253550651868,0.00136942684537,-0.000288127774466,0.000488127910413,-0.00110445268983,2.68224363137e-07
19.338,1790081574.04,0.00241224654716,0.001239533893,-0.000294410811033,0.000418271365028,-0.00103401463828,2.53121634647e-07
19.358,1790081574.06,0.00228493056079,0.00110800089187,-0.000299693867595,0.000348026140037,-0.000961947730581,2.40363503925e-07
19.378,1790081574.08,0.00215384129909,0.000975103428703,-0.000304097395889,0.000277536913119,-0.000888407260037,2.30500407792e-07
19.398,1790081574.1,0.00201926728965,0.000841118051571,-0.000307727814397,0.000206947218179,-0.000813551149242,2.23965517846e-07
19.418,1790081574.12,0.00188150222664,0.000706321705416,-0.000310679141273,0.000136399558113,-0.000737539243619,2.21086785857e-07
19.438,1790081574.14,0.00174084434338,0.000570991173562,-0.000313034435183,6.60353509962e-05,-0.000660532756788,2.2209463626e-07
19.458,1790081574.16,0.00159759577807,0.000435402522298,-0.00031486706611,-4.00527865489e-06,-0.000582693791705,2.27131541508e-07
19.478,1790081574.18,0.00145206193765,0.000299830550525,-0.000316241839319,-7.35835829576e-05,-0.000504184973387,2.36265657511e-07
19.498,1790081574.2,0.00130455085906,0.000164548245078,-0.000317215981207,-0.000142562614008,-0.000425169033836,2.49483407062e-07
19.518,1790081574.22,0.00115537257034,2.98262430839e-05,-0.000317840017018,-0.000210807382651,-0.000345808615317,2.66715668483e-07
19.538,1790081574.24,0.0010048384522,-0.000104067698821,-0.000318158536159,-0.000278185160348,-0.000266265923076,2.87830173833e-07
19.558,1790081574.26,0.00085326060123,-0.000236869224482,-0.000318210879239,-0.000344565827787,-0.000186702373671,3.12640755804e-07
19.578,1790081574.28,0.000700951196504,-0.000368317890199,-0.000318031731245,-0.000409822071586,-0.000107278448949,3.40917237434e-07
19.598,1790081574.3,0.000548221868937,-0.000498157663905,-0.000317651659931,-0.000473829639908,-2.81532046894e-05,3.72385458454e-07
19.618,1790081574.32,0.000395380375006,-0.000626140111315,-0.000317146541764,-0.000537976035006,5.20241824877e-05,4.93616299496e-07
19.638,1790081574.34,0.000242746409803,-0.000752008458004,-0.000316439455747,-0.000599043582481,0.000129998014966,5.25733556173e-07
19.658,1790081574.36,9.06194112644e-05,-0.000875527981799,-0.00031551125962,-0.000659919742723,0.000209527500312,4.79900479143e-07
19.678,1790081574.38,-6.06758952047e-05,-0.000996451758567,-0.000314648111976,-0.00071573000709,0.000282961682648,5.80375121289e-07
19.698,1790081574.4,-0.000210864419576,-0.00111456728698,-0.000313582210945,-0.000770486731295,0.000358269455206,6.50680742219e-07
19.718,1790081574.42,-0.00035964848948,-0.00122966384734,-0.00031238611846,-0.000826210395537,0.000433510851869,5.8562316577e-07
19.738,1790081574.44,-0.000506725457035,-0.00134151130239,-0.000311262390374,-0.000875889091428,0.000504189990763,7.21977286963e-07
19.758,1790081574.46,-0.000651825630773,-0.00144992461753,-0.00031001195096,-0.000925712643527,0.000575068686118,7.57482179388e-07
19.778,1790081574.48,-0.000794671596072,-0.00155470898676,-0.000308642938528,-0.00097557250963,0.000646062014604,6.98733594426e-07
19.798,1790081574.5,-0.000934980159832,-0.00165566165257,-0.000307309760932,-0.00102103109915,0.000714159110391,7.17192188768e-07
19.818,1790081574.52,-0.00107248168411,-0.00175260399239,-0.000305997912972,-0.00106232045353,0.000778147318181,8.62723081092e-07
19.838,1790081574.54,-0.00120692996753,-0.0018453812656,-0.000304627497696,-0.00110367077199,0.000840970188848,8.55875275387e-07
19.858,1790081574.56,-0.0013380808108,-0.00193382500889,-0.000303175396621,-0.00114102117571,0.000903568869701,9.43217474608e-07
19.878,1790081574.58,-0.00146568808047,-0.00201779588117,-0.000301670466627,-0.00117862395585,0.000965240674594,8.73672024541e-07
19.898,1790081574.6,-0.0015895046415,-0.00209713892006,-0.000300207688872,-0.00121185262073,0.00102288632926,9.04101450365e-07
19.918,1790081574.62,-0.00170930618765,-0.0021717262288,-0.000298736685747,-0.00124233787849,0.0010777721161,9.34349551841e-07
19.938,1790081574.64,-0.00182487465791,-0.00224143510432,-0.000297309069062,-0.00126831142322,0.00112827893802,1.0572366219e-06
19.958,1790081574.66,-0.00193601760119,-0.00230616933423,-0.000295821756969,-0.00129312196081,0.00117772142634,1.08511438145e-06
19.978,1790081574.68,-0.00204253912904,-0.00236582960833,-0.000294326098066,-0.00131534290936,0.00122466036445,1.10467720694e-06
19.998,1790081574.7,-0.00214425722113,-0.00242033189827,-0.000292768629533,-0.00133669012702,0.00127020254602,1.05082504414e-06
20.018,1790081574.72,-0.00224098907729,-0.00246958646383,-0.000291262311995,-0.00135354755255,0.00131182318719,1.05789541117e-06
20.038,1790081574.74,-0.00233257276082,-0.00251352926765,-0.000289755236504,-0.00136736036419,0.00135040888522,1.06478252567e-06
20.058,1790081574.76,-0.0024188567728,-0.0025521060021,-0.000288248585365,-0.00137804002852,0.00138583074639,1.0725924594e-06
20.078,1790081574.78,-0.00249970247234,-0.00258527528771,-0.000286739563396,-0.00138583502519,0.001418197258,1.07649745456e-06
20.098,1790081574.8,-0.00257498297094,-0.0026130066947,-0.00028522809309,-0.00139080984395,0.00144750173317,1.07588313125e-06
20.118,1790081574.82,-0.00264458337875,-0.00263528082383,-0.00028371408883,-0.00139301765014,0.00147373579716,1.07035103206e-06
20.138,1790081574.84,-0.0027084008025,-0.00265208905277,-0.00028219755975,-0.00139247585827,0.00149687128394,1.05990895125e-06
20.158,1790081574.86,-0.00276634449065,-0.00266343352076,-0.000280678470422,-0.00138919367885,0.00151687757394,1.04466071597e-06
20.178,1790081574.88,-0.00281833596066,-0.00266932710686,-0.000279156748503,-0.00138317901882,0.0015337257485,1.0247793773e-06
20.198,1790081574.9,-0.00286430912212,-0.00266979341236,-0.000277632290969,-0.00137444554444,0.00154739304379,1.00046983278e-06
20.218,1790081574.92,-0.00290421036876,-0.00266486671295,-0.000276104978863,-0.00136301530755,0.00155786473222,9.71966767976e-07
20.238,1790081574.94,-0.00293799863829,-0.00265459187341,-0.000274574690516,-0.00134891959837,0.00156513480647,9.39519873837e-07
20.258,1790081574.96,-0.0029656454352,-0.00263902422423,-0.000273041315344,-0.00133219848213,0.00156920584695,9.03405707918e-07
20.278,1790081574.98,-0.0029871348198,-0.0026182294026,-0.000271504763963,-0.00131289984993,0.00157008851,8.63913189558e-07
20.298,1790081575,-0.00300246336549,-0.00259228316288,-0.000269964979077,-0.001291078333,0.00156780096545,8.21349299698e-07
20.318,1790081575.02,-0.00301164008594,-0.00256127116015,-0.000268421942023,-0.00126679440805,0.00156236834681,7.76038289865e-07
20.338,1790081575.04,-0.00301468633651,-0.00252528871209,-0.00026687568142,-0.00124011356352,0.00155382229771,7.28313944313e-07
20.358,1790081575.06,-0.00301163568858,-0.00248444054088,-0.000265326277538,-0.00121110585825,0.00154220061053,6.7852157211e-07
20.378,1790081575.08,-0.00300253378182,-0.00243884049795,-0.000263773866652,-0.00117984546119,0.00152754700666,6.27017381884e-07
20.398,1790081575.1,-0.00298743815171,-0.0023886112729,-0.000262218644102,-0.00114641044716,0.0015099109556,5.74160062796e-07
20.418,1790081575.12,-0.00296641803609,-0.00233388408706,-0.000260660863895,-0.00111088258113,0.00148934748924,5.20316694723e-07
20.438,1790081575.14,-0.00293955415814,-0.00227479837226,-0.000259100844652,-0.00107334719193,0.00146591711687,4.65851678355e-07
20.458,1790081575.16,-0.00290693849023,-0.00221150143663,-0.000257538962751,-0.00103389294286,0.00143968562981,4.11129481952e-07
20.478,1790081575.18,-0.00286867399471,-0.00214414811645,-0.000255975656493,-0.000992611753172,0.00141072405361,3.56509756383e-07
20.498,1790081575.2,-0.0028248743458,-0.00207290041552,-0.000254411422522,-0.000949598584155,0.00137910836003,3.02348849895e-07
20.518,1790081575.22,-0.00277566363079,-0.00199792713257,-0.000252846808475,-0.000904951275592,0.00134491940496,2.48989525169e-07
20.538,1790081575.24,-0.00272117603372,-0.00191940347739,-0.000251282421076,-0.000858770285683,0.00130824271555,1.96767083739e-07
20.558,1790081575.26,-0.00266155549882,-0.00183751067659,-0.000249718905347,-0.000811158565135,0.00126916824548,1.4599886078e-07
20.578,1790081575.28,-0.00259695537821,-0.00175243556955,-0.00024815695641,-0.000762221237757,0.00122779021915,9.69926960536e-08
20.598,1790081575.3,-0.00252753806131,-0.00166437019612,-0.000246597303733,-0.000712065476124,0.00118420691834,5.00311507203e-08
20.618,1790081575.32,-0.00245347459007,-0.00157351137576,-0.000245040707764,-0.000660800182705,0.00113852037441,5.38210495036e-09
20.638,1790081575.34,-0.00237494425813,-0.00148006028064,-0.000243487959669,-0.000608535806367,0.00109083624538,-3.67110645701e-08
20.658,1790081575.36,-0.0022921341958,-0.00138422200159,-0.000241939865308,-0.000555384104128,0.00104126354197,-7.60272685425e-08
20.678,1790081575.38,-0.00220523894314,-0.00128620511023,-0.000240397247465,-0.000501457874307,0.000989914303337,-1.12368170721e-07
20.698,1790081575.4,-0.00211446000959,-0.00118622121594,-0.000238860934574,-0.000446870768845,0.000936903510585,-1.45565560328e-07
20.718,1790081575.42,-0.00202000542317,-0.00108448452006,-0.000237331756445,-0.000391737017766,0.000882348688011,-1.754726519e-07
20.738,1790081575.44,-0.00192208590344,-0.000981207995481,-0.000235746130944,-0.000334187120284,0.000824385717912,-3.15854451978e-07
20.758,1790081575.46,-0.00182093880623,-0.000876627384855,-0.000234298098403,-0.000280290352107,0.000769090822136,-2.24913523131e-07
20.778,1790081575.48,-0.00171677186978,-0.000770944909595,-0.000232798141069,-0.000224433796216,0.000710860566627,-2.37681769141e-07
20.798,1790081575.5,-0.00160981639992,-0.000664382556064,-0.000231309167348,-0.000168540941293,0.000651629483421,-2.45348195359e-07
20.818,1790081575.52,-0.0015003007202,-0.000557155530262,-0.00022976182939,-0.000110350252243,0.000589149105485,-3.73994317852e-07
20.838,1790081575.54,-0.00138847712909,-0.000449499300902,-0.000228291563885,-5.42574885981e-05,0.000527829784094,-3.83931576721e-07
20.858,1790081575.56,-0.00127458357209,-0.000341631287706,-0.000226837288927,1.36547383908e-06,0.000466060073323,-3.82752077034e-07
20.878,1790081575.58,-0.00115886255593,-0.000233769867128,-0.000225399256169,5.63448747505e-05,0.000404032040833,-3.70558287522e-07
20.898,1790081575.6,-0.00104155693485,-0.000126130224695,-0.000223974789514,0.00011084795691,0.000341598522411,-3.54973137642e-07
20.918,1790081575.62,-0.000922911573349,-1.89260957302e-05,-0.000222564035583,0.000164830323855,0.000278825626259,-3.37134124861e-07
20.938,1790081575.64,-0.000803172714143,8.76307799039e-05,-0.000221167320293,0.000218225030399,0.000215803539042,-3.17637221722e-07
20.958,1790081575.66,-0.000682588336341,0.000193331558288,-0.000219772216294,0.000271319333211,0.000153060833853,-2.73848751537e-07
20.978,1790081575.68,-0.000561402688279,0.00029796589487,-0.000218417603819,0.000322807285614,8.95558884234e-05,-2.74125938658e-07
20.998,1790081575.7,-0.000439866319683,0.000401333038474,-0.000217031991315,0.00037339444833,2.6264451462e-05,-1.91616028663e-07
21.018,1790081575.72,-0.000318229230713,0.000503236076589,-0.000215718049614,0.000423902320446,-3.57296252838e-05,-2.0765859466e-07
21.038,1790081575.74,-0.000196732174458,0.000603474273387,-0.000214398461267,0.000472661542046,-9.78492254672e-05,-1.85566946036e-07
21.058,1790081575.76,-7.56197808086e-05,0.000701857157824,-0.00021309526196,0.000520137639209,-0.000159394084476,-1.64229467821e-07
21.078,1790081575.78,4.48665751306e-05,0.000798198319752,-0.000211806175993,0.000566172953361,-0.000220304483617,-1.38792542773e-07
21.098,1790081575.8,0.000164487731822,0.000892317289932,-0.000210532314219,0.000610761648147,-0.000280378832842,-1.11975307592e-07
21.118,1790081575.82,0.000283010459592,0.000984039288829,-0.000209276237078,0.000653918182328,-0.000340964121369,9.89690472504e-10
21.138,1790081575.84,0.000400190900745,0.00107319587757,-0.00020805410995,0.000696079545758,-0.000398256612224,-1.22712765178e-08
21.158,1790081575.86,0.000515809793439,0.00115961831115,-0.000206801253618,0.000735181039846,-0.000455554675573,4.95513521219e-08
21.178,1790081575.88,0.000629639078529,0.00124315642394,-0.00020558418648,0.000773159363702,-0.000510753054657,6.82081480867e-08
21.198,1790081575.9,0.000741461283719,0.00132366037921,-0.000204382866599,0.00080940171524,-0.0005632422617,1.0119591865e-08
21.218,1790081575.92,0.000851077048502,0.00140098792623,-0.000203193135579,0.00084379214039,-0.000616877696181,1.03569790301e-07
21.238,1790081575.94,0.000958269919123,0.00147500422427,-0.000202018291076,0.000876341263995,-0.000667832992149,1.25516586326e-07
21.258,1790081575.96,0.00106284178625,0.00154558147633,-0.000200856173141,0.000906935446548,-0.000717185552601,1.47754816094e-07
21.278,1790081575.98,0.0011645974561,0.00161260080657,-0.000199728645826,0.000936205029492,-0.000763964366224,1.24983684982e-07
21.298,1790081576,0.00126335711401,0.00167594391513,-0.000198567735438,0.000962019924082,-0.000810285615781,1.81175827758e-07
21.318,1790081576.02,0.00135893580837,0.0017355127317,-0.000197438931337,0.000986321883801,-0.000854090292936,1.99175932624e-07
21.338,1790081576.04,0.00145116264434,0.00179121098846,-0.000196320257829,0.00100847077296,-0.000895921063239,2.16402881529e-07
21.358,1790081576.06,0.00153987330727,0.00184295199761,-0.000195212206483,0.00102853502767,-0.000935606511514,2.29905661194e-07
21.378,1790081576.08,0.00148469976963,0.00175381765405,0.0159945413228,-0.0695983078269,0.0711600893201,-0.000222375265679
21.398,1790081576.1,0.00170969492507,0.00193861517627,0.0321845964021,-0.140179393447,0.143208981707,-0.000444036120057
21.418,1790081576.12,0.00262969155075,0.00280137474971,0.0336443481891,-0.14554555083,0.147654302897,-0.0134101327716
21.438,1790081576.14,0.00416679652661,0.00427216388292,0.0334818592793,-0.132690479119,0.133504513128,-0.0263422536498
21.458,1790081576.16,0.00625545402883,0.00629107266124,0.0318903556166,-0.10617328604,0.105637942629,-0.0355170586851
21.478,1790081576.18,0.00873889517087,0.00870559088086,0.031975601103,-0.0910596142366,0.0886215523863,-0.0533720684165
21.498,1790081576.2,0.0115809068218,0.0114897267964,0.0304195234716,-0.0689641297925,0.0656581949611,-0.0596388359372
21.518,1790081576.22,0.0146653770897,0.0145283009357,0.0295465518341,-0.0553034841677,0.0510565069526,-0.0679669181083
21.538,1790081576.24,0.0179419051202,0.0177750398606,0.028739711254,-0.0455849540309,0.0407684529968,-0.0746137408056
21.558,1790081576.26,0.0213773138101,0.0211985810345,0.0274832066166,-0.0360231095277,0.0310637512478,-0.076931019051
21.578,1790081576.28,0.0249139554693,0.0247385116403,0.0281217854173,-0.0405327933517,0.0343659814284,-0.0894834521103
21.598,1790081576.3,0.0285996036519,0.0284511000663,0.0270561286352,-0.0351719120519,0.0290990400557,-0.0902046944559
21.618,1790081576.32,0.0323959410814,0.0322937640393,0.0266488164641,-0.0339178641246,0.0275160041242,-0.0939644856404
21.638,1790081576.34,0.0363025999065,0.0362679205853,0.0262489299197,-0.0320976140024,0.0255767701612,-0.0966490931885
21.658,1790081576.36,0.0403167876812,0.0403708688192,0.0253237028284,-0.026618979112,0.0204025610739,-0.0952581943514
21.678,1790081576.38,0.0444011718901,0.0445597169142,0.026328769587,-0.0331499243854,0.025625236914,-0.105554542032
21.698,1790081576.4,0.0486017761283,0.048890593063,0.0255040860026,-0.0277310344191,0.0205924532295,-0.103482421695
21.718,1790081576.42,0.0528847117346,0.0533232151936,0.0253296874646,-0.0257708830998,0.0184388481656,-0.105111896108
21.738,1790081576.44,0.0572448425673,0.05785381201,0.025125580676,-0.0229308540247,0.0156357606605,-0.105949838259
21.758,1790081576.46,0.0616743335333,0.062474082639,0.0243355595564,-0.0162739805462,0.00958331430732,-0.102649876671
21.778,1790081576.48,0.0661378579309,0.0671411796775,0.025533798711,-0.0222714188953,0.0141435693891,-0.112201724625
21.798,1790081576.5,0.0706698463612,0.0719010160947,0.024789087875,-0.0160421495847,0.00860655174096,-0.108646633022
21.818,1790081576.52,0.0752405106681,0.0767155141262,0.0247092271387,-0.0136602601928,0.00620747281856,-0.109305499855
21.838,1790081576.54,0.079842083971,0.0815777115403,0.0245766721836,-0.0105353511382,0.00331828577163,-0.109299407933
21.858,1790081576.56,0.0844651545509,0.0864770549275,0.0238075575337,-0.00353490228761,-0.00274555090704,-0.104955203991
21.878,1790081576.58,0.0890810298636,0.0913755965037,0.0251070289212,-0.00977297383481,0.00196746327429,-0.114537518184
21.898,1790081576.6,0.0937145664625,0.096310600405,0.0243542060561,-0.00335143733824,-0.00345255316395,-0.110168492745
21.918,1790081576.62,0.0983433406137,0.1012498274,0.0242813933771,-0.000934596254599,-0.00569898298373,-0.110366785378
21.938,1790081576.64,0.102958202062,0.106184348177,0.0241418149068,0.00222633023616,-0.00842723352212,-0.109945878314
21.958,1790081576.66,0.107548783432,0.111102025654,0.0233277671456,0.00937208569887,-0.0143306093301,-0.104962368339
21.978,1790081576.68,0.112094261023,0.115971512782,0.0246747445426,0.00275413498529,-0.0093258597566,-0.114922272707
21.998,1790081576.7,0.116609450199,0.120820665534,0.0238633460934,0.00924900117237,-0.0145493429589,-0.110036098712
22.018,1790081576.72,0.12108006079,0.125624339882,0.0237536176505,0.0116017381604,-0.0165739196402,-0.110019381626
22.038,1790081576.74,0.125495713942,0.130371940666,0.0235702909925,0.0146986332263,-0.0190779804152,-0.10939409273
22.058,1790081576.76,0.129845171405,0.135050007079,0.0226825079466,0.021865276573,-0.0247522946547,-0.103971928956
22.078,1790081576.78,0.134116014932,0.139634853654,0.0240493307738,0.0147897183033,-0.0193863691204,-0.114435228472
22.098,1790081576.8,0.138312848571,0.144144550361,0.0231554038178,0.0212688238735,-0.02437453188,-0.109132300354
22.118,1790081576.82,0.142429880947,0.14856184722,0.0230008936084,0.0233987417298,-0.0260740979216,-0.109057885676
22.138,1790081576.84,0.146443891638,0.152863448443,0.0225892364237,0.0207504136265,-0.0224710794786,-0.108057462315
22.158,1790081576.86,0.150402311245,0.157092475119,0.0218078870479,0.0333233657884,-0.0336223348715,-0.102612751519
22.178,1790081576.88,0.154251522521,0.161179167587,0.0232422720446,0.0272524391483,-0.0333517760629,-0.113920267596
22.198,1790081576.9,0.157950289289,0.165130680981,0.022253560606,0.0333518164352,-0.033950051999,-0.108115825336
22.218,1790081576.92,0.161556193311,0.16894707575,0.0221223756404,0.0366351556519,-0.0439990538173,-0.108426042342
22.238,1790081576.94,0.164966341998,0.17259726833,0.0216269338221,0.0382249002011,-0.0363016855226,-0.106120174143
22.258,1790081576.96,0.168265786489,0.17609192393,0.0208535109496,0.046239067195,-0.0420309094224,-0.101342549191
22.278,1790081576.98,0.171424230075,0.179400260728,0.0222962809759,0.0374548863425,-0.0344419877718,-0.113125241142
22.298,1790081577,0.174421419257,0.182511757381,0.0209977145512,0.0340606904412,-0.0290280164222,-0.106831713909
22.318,1790081577.02,0.177376572725,0.185519401978,0.0210358910133,0.0421216451409,-0.0458850300787,-0.107456464688
22.338,1790081577.04,0.180103351501,0.188316450849,0.0204993452036,0.0371394391249,-0.0319825654008,-0.105964366899
22.358,1790081577.06,0.182760336994,0.190979574168,0.0197927970581,0.0479628102148,-0.0450426121001,-0.100337785385
22.378,1790081577.08,0.185258502896,0.193457254701,0.0212559753029,0.0453608981649,-0.0402331792141,-0.112460159029
22.398,1790081577.1,0.187563842969,0.195693752554,0.0199237154578,0.0431516191749,-0.0354120008024,-0.105795145741
22.418,1790081577.12,0.189787690286,0.197789989333,0.0200860651477,0.0490176658289,-0.041628739133,-0.107288830134
22.438,1790081577.14,0.191840789568,0.199662127787,0.0194970715366,0.0528644072605,-0.0449539576676,-0.104044636265
22.458,1790081577.16,0.193734339405,0.201319619095,0.0187239124615,0.0612814727657,-0.0528903815765,-0.0988133891754
22.478,1790081577.18,0.195440708627,0.202731172822,0.020290911247,0.0473383974184,-0.0417308050925,-0.112312674246
22.498,1790081577.2,0.196954826787,0.203910124044,0.0189843479703,0.0458004646032,-0.0380885672124,-0.104957057578
22.518,1790081577.22,0.198374943164,0.204938764098,0.0192145340744,0.0505572836326,-0.0437373304302,-0.106573886109
22.538,1790081577.24,0.19961393778,0.205739514924,0.0186720792891,0.0543052346428,-0.0466963835019,-0.10322415847
22.558,1790081577.26,0.200686492135,0.206315590061,0.017864890727,0.0603213526789,-0.0565227629059,-0.0978178902008
22.578,1790081577.28,0.201553310885,0.206663462754,0.0196140685957,0.0482186651456,-0.0422810619382,-0.11195922294
22.598,1790081577.3,0.202236180957,0.206782156895,0.0183864569381,0.0540881513778,-0.0455678620634,-0.103341923933
22.618,1790081577.32,0.202767909763,0.206694818864,0.0186644987763,0.0514150576009,-0.0427544576396,-0.106069395785
22.638,1790081577.34,0.203131929208,0.206388154423,0.0181878484694,0.0537123428798,-0.0442533924929,-0.102696013375
22.658,1790081577.36,0.203328156498,0.205860017389,0.0174878296515,0.0571823897522,-0.0468792890476,-0.0975803055487
22.678,1790081577.38,0.203375501795,0.205121927973,0.0193079447141,0.0454366825899,-0.0383883875818,-0.111931291363
22.698,1790081577.4,0.203243020018,0.204167039888,0.0181386374021,0.0512264772315,-0.0427295123171,-0.102946497529
22.718,1790081577.42,0.202968006269,0.203019216818,0.0184963767373,0.0484131446216,-0.0408200155718,-0.105724689455
22.738,1790081577.44,0.202528259093,0.201666053845,0.018090666918,0.0505140082298,-0.0424194795704,-0.102187214602
22.758,1790081577.46,0.2019243183,0.200106055018,0.0174681250829,0.0536480862161,-0.0448012055558,-0.0969333096068
22.778,1790081577.48,0.201176065907,0.198350737387,0.0194022229987,0.0412072996906,-0.0356754306696,-0.111904578558
22.798,1790081577.5,0.200255408877,0.196399106041,0.0182884717944,0.0466868540483,-0.0396382018828,-0.10250868738
22.818,1790081577.52,0.199200936618,0.194273614411,0.0187349748774,0.0432866530938,-0.0371988215899,-0.105452792434
22.838,1790081577.54,0.197993009666,0.191966166465,0.0184063286156,0.0449073424542,-0.0383871902398,-0.101823543885
22.858,1790081577.56,0.196633323761,0.189476429794,0.0178454258803,0.0476388142966,-0.0404737123598,-0.0963366178615
22.878,1790081577.58,0.195141845089,0.186814788484,0.0198809679704,0.0344382132602,-0.0308436235037,-0.111952146396
22.898,1790081577.6,0.193495032415,0.183989557911,0.0188272465301,0.0395556885875,-0.0345948606929,-0.102228923557
22.918,1790081577.62,0.191729642375,0.1810189686,0.0193408405807,0.0356622566524,-0.0318881374507,-0.105280491211
22.938,1790081577.64,0.189828792796,0.177900303214,0.0190685159135,0.0369268804038,-0.0328974268374,-0.101502323617
22.958,1790081577.66,0.187794340714,0.174633655212,0.0185573680807,0.0393338855316,-0.0348387896497,-0.0958050110749
22.978,1790081577.68,0.185644389747,0.171226228694,0.020663874996,0.0254921152767,-0.0248601607327,-0.112032529798
22.998,1790081577.7,0.183361852962,0.167698239296,0.0196464529894,0.0303890434685,-0.0285161382245,-0.101928176506
23.018,1790081577.72,0.180979502689,0.164060822973,0.0202065053898,0.0260795820072,-0.0256052802535,-0.105116137648
23.038,1790081577.74,0.178483827881,0.160317335036,0.0199706710081,0.0270683108433,-0.0264757030257,-0.101216131029
23.058,1790081577.76,0.175876578219,0.156467738051,0.0194867159384,0.02924786703,-0.0283174880353,-0.0953150593356
23.078,1790081577.78,0.173172854123,0.152514406866,0.0216302547681,0.0148701386516,-0.0180692764282,-0.112146133506
23.098,1790081577.8,0.170363818865,0.148491480085,0.0206236271018,0.0196746541926,-0.0216855603763,-0.101643022651
23.118,1790081577.82,0.167476502665,0.144400569562,0.0212007821487,0.0150648095009,-0.0186379354053,-0.10496388178
23.138,1790081577.84,0.164501289193,0.140251457421,0.0209738049598,0.0158999789558,-0.0194256912277,-0.100938522333
23.158,1790081577.86,0.161439492324,0.136043327653,0.0204842454903,0.0180142620628,-0.0212505252907,-0.0947765156251
23.178,1790081577.88,0.158302205378,0.131772184081,0.0226322979538,0.00320203384367,-0.0108116204637,-0.112222102516
23.198,1790081577.9,0.155090141671,0.127487362016,0.0216164159725,0.00800820411338,-0.0144083039466,-0.10136434066
23.218,1790081577.92,0.151823226434,0.123179241431,0.0221770235072,0.00324773997121,-0.0113093276715,-0.104772234927
23.238,1790081577.94,0.148496091205,0.118863963725,0.0219280165534,0.00408696185014,-0.0120867266974,-0.100579846702
23.258,1790081577.96,0.145109383631,0.114539251742,0.0214162675585,0.00621657868137,-0.0139073034196,-0.0942269290361
23.278,1790081577.98,0.141669453887,0.110193808096,0.0235442429056,-0.00895114753184,-0.00333776977574,-0.112332185828
23.298,1790081578,0.138187493387,0.105892766109,0.0224953882724,-0.00399572763898,-0.00696148766888,-0.101104042749
23.318,1790081578.02,0.134676693919,0.101614159063,0.0232143903384,-0.0101289460984,-0.00293122652405,-0.106419458412
23.338,1790081578.04,0.131111450778,0.0973856567337,0.0226581807179,-0.00726045385887,0.0113189478989,-0.0995744172228
23.358,1790081578.06,0.127633826558,0.0931945989501,0.0222611925989,-0.00600136602506,-0.00620556153632,-0.0944978783875
23.378,1790081578.08,0.124114262546,0.0890260271679,0.0242725779945,-0.021051326498,-0.00684449932297,-0.112616573925
23.398,1790081578.1,0.120513780549,0.0849594593821,0.0229419468564,-0.0142683964166,-0.00490856672949,-0.0987147110508
23.418,1790081578.12,0.116899210976,0.080952994046,0.0237953474654,-0.0213861428288,0.00140080324295,-0.106013369728
23.438,1790081578.14,0.113271347834,0.0770457226611,0.0230829922501,-0.0177752745568,0.000622324424581,-0.0979649713561
23.458,1790081578.16,0.10964977123,0.07321838559,0.0227007104161,-0.0169089840175,-0.00774072040667,-0.0934496493246
23.478,1790081578.18,0.105961630645,0.0694535325965,0.0247997035656,-0.0327076105497,0.011846734016,-0.113449482489
23.498,1790081578.2,0.102294669392,0.0658335083311,0.0232521243411,-0.0333866326695,0.0199977696854,-0.100006014969
23.518,1790081578.22,0.0987420108082,0.0623740424856,0.0241592617941,-0.0318983839282,0.0135928483335,-0.106119670725
23.538,1790081578.24,0.0951858058821,0.059047460043,0.0235143805287,-0.0263384075355,0.0267785873758,-0.0987375599256
23.558,1790081578.26,0.0917813880832,0.0558319491303,0.0230158215939,-0.0245247734076,0.00623003338286,-0.093379827504
23.578,1790081578.28,0.0883596401523,0.0527025309729,0.0249933678242,-0.040451112027,0.0136202937197,-0.113383338815
23.598,1790081578.3,0.0849516708636,0.0497701547364,0.023612404312,-0.0322475828847,0.0244570510877,-0.0991128039134
23.618,1790081578.32,0.0816827827633,0.0469583106967,0.0242363523093,-0.0398322398082,0.0117324657758,-0.105714116576
23.638,1790081578.34,0.0783960119077,0.0443289102383,0.0235280832264,-0.0349737596117,0.0259175272467,-0.0981161929538
23.658,1790081578.36,0.0752644354309,0.0418379659925,0.023090227887,-0.0386024712164,0.00353986700921,-0.0924373456155
23.678,1790081578.38,0.0720915299128,0.0395003557184,0.0249241307252,-0.0503346234547,0.0150586276548,-0.113395056644
23.698,1790081578.4,0.0689767191023,0.0373982954126,0.0233792886942,-0.040942202637,0.00990906200399,-0.0976192824293
23.718,1790081578.42,0.0658877356995,0.0354506522093,0.0240864754001,-0.0467834701923,0.0162323119515,-0.105544830946
23.738,1790081578.44,0.0628575976736,0.0337114395917,0.0232294329858,-0.0414193896868,0.015334008816,-0.0966281134162
23.758,1790081578.46,0.0598827789672,0.0321444338502,0.0227938398418,-0.0394253675406,0.0160096852214,-0.0923749124504
23.778,1790081578.48,0.0569573330744,0.0307162690303,0.0247324367238,-0.0550960040316,0.0273261319329,-0.113752677874
23.798,1790081578.5,0.0541449208416,0.0295525141728,0.0231642086634,-0.0454623545065,0.0226452104125,-0.0974232653762
23.818,1790081578.52,0.0514137852063,0.0285578006017,0.0238736799267,-0.0516022658991,0.0270941345341,-0.105636008263
23.838,1790081578.54,0.0487904429956,0.0277922751446,0.0230023917404,-0.0456973743527,0.0242518135468,-0.0964920831444
23.858,1790081578.56,0.0462609409067,0.0272149427711,0.0225468272604,-0.0430237643256,0.0230622111711,-0.0920250711924
23.878,1790081578.58,0.04380914523,0.026787342288,0.024493702017,-0.0585052503735,0.0328742483434,-0.114051632686
23.898,1790081578.6,0.0415001600296,0.0266391017693,0.0229105290452,-0.0479264350445,0.027265649136,-0.0972741314037
23.918,1790081578.62,0.0392921728865,0.0266667129488,0.0236218105613,-0.0535492441963,0.0309834197262,-0.105677635889
23.938,1790081578.64,0.0372133422799,0.026930160436,0.02273925701,-0.0467881800072,0.0277362732034,-0.0962304194972
23.958,1790081578.66,0.0352464130185,0.0273840358975,0.0222854946489,-0.0434195927604,0.0262776341799,-0.0916454524198
23.978,1790081578.68,0.0333725487065,0.0279862320018,0.0242559633183,-0.0587337510127,0.0357618512498,-0.114251596999
23.998,1790081578.7,0.0316613537706,0.0288675542612,0.0226587231547,-0.0472187374184,0.0300412736728,-0.0969435747199
24.018,1790081578.72,0.0300654944546,0.029919261724,0.023397152629,-0.0524913385451,0.0335693850367,-0.105636324451
24.038,1790081578.74,0.0286156365471,0.0312000404962,0.0225195500836,-0.0450072350774,0.0302184068864,-0.0959674301505
24.058,1790081578.76,0.0272928323364,0.0326618441408,0.0220707453741,-0.0409599449283,0.0285669940255,-0.0911914631517
24.078,1790081578.78,0.0260761045521,0.0342596955313,0.0240926269286,-0.0562544011895,0.0377601873336,-0.114484056393
24.098,1790081578.8,0.0250378074284,0.0361231442267,0.0224945133608,-0.0439090269297,0.0319403790173,-0.096767061419
24.118,1790081578.82,0.0241269254271,0.0381419796013,0.0232636206131,-0.0488149283726,0.0351898590681,-0.105667491616
24.138,1790081578.84,0.0233748569642,0.040371229653,0.0223879770243,-0.040575319401,0.0316497915436,-0.0957124643901
24.158,1790081578.86,0.0227611088799,0.0427610128677,0.0219542375677,-0.0359209640399,0.0297856858399,-0.0908234605005
24.178,1790081578.88,0.0222632028691,0.0452651012432,0.0240330515782,-0.0512021496634,0.0386246954548,-0.11472897771
24.198,1790081578.9,0.0219538963474,0.0480085517075,0.0224217709398,-0.0379955658894,0.0326476017864,-0.0965196853809
24.218,1790081578.92,0.0217800955535,0.0508824929211,0.0232309064058,-0.0426357800543,0.0356283775067,-0.105692012694
24.238,1790081578.94,0.0217725897222,0.0539368097066,0.0223571773902,-0.0337337577353,0.0319116335483,-0.0955073771564
24.258,1790081578.96,0.0219100882198,0.0571213164156,0.0219319009164,-0.0285199632487,0.0298232704031,-0.0904820523991
24.278,1790081578.98,0.0221691232911,0.0603895640342,0.0240834783921,-0.0439611161283,0.0383553356691,-0.115125256332
24.298,1790081579,0.0226208407266,0.0638598903257,0.0224563216039,-0.0300229557245,0.0322481524186,-0.0965293467445
24.318,1790081579.02,0.0232124274308,0.0674284513368,0.0232914387278,-0.0343837841648,0.0349128743701,-0.105846090383
24.338,1790081579.04,0.0239721630869,0.0711378089431,0.0224003997701,-0.0248090897763,0.0309644792373,-0.0953332995556
24.358,1790081579.06,0.0248784075692,0.0749383746988,0.0219711736457,-0.0190859879881,0.0286292139692,-0.0901442815274
24.378,1790081579.08,0.0259074303222,0.0787848112137,0.0241800630486,-0.0346755582896,0.0368081746234,-0.11535704794
24.398,1790081579.1,0.0271260125361,0.0827857382578,0.0225120157418,-0.0200337644361,0.0305269223108,-0.0962809667657
24.418,1790081579.12,0.0284836596188,0.0868450353889,0.0233774896305,-0.0243386872461,0.0329446303815,-0.105890413154
24.438,1790081579.14,0.0300048196748,0.0909973445726,0.0224642217262,-0.0143019389819,0.0288161794055,-0.095174041039
24.458,1790081579.16,0.0316685374528,0.0951954758707,0.0220230501415,-0.0082446247581,0.0262706986365,-0.0898976471127
24.478,1790081579.18,0.0334643730253,0.0994026291237,0.0244935796336,-0.0212954664068,0.0254948972326,-0.115983814165
24.498,1790081579.2,0.035352252967,0.10367440541,0.0221632489047,-0.0141225282354,0.0439848927383,-0.0955766668982
24.518,1790081579.22,0.0375079545909,0.108013205779,0.0234302855555,-0.0135510067762,0.0311675932003,-0.106019732323
24.538,1790081579.24,0.0397957845634,0.112381190079,0.022273911754,-0.00072764516529,0.0241504294367,-0.0925513271384
24.558,1790081579.26,0.0422246614701,0.116731038167,0.0220875598404,7.9599660687e-05,0.0101846601855,-0.0902539976071
24.578,1790081579.28,0.0446922655121,0.12106941944,0.0245922291585,-0.00988280701986,0.0191636862146,-0.116710691844
24.598,1790081579.3,0.0472368098299,0.125406777894,0.0221747830763,-0.00134982628311,0.0406128561094,-0.0960159128998
24.618,1790081579.32,0.0500717652808,0.129774401312,0.0238511846894,0.00386759257493,0.0115981119745,-0.107103698721
24.638,1790081579.34,0.0529028022838,0.134065728278,0.0222232398221,0.0121088982919,0.0214145732857,-0.0927270245538
24.658,1790081579.36,0.0558959586588,0.138297853795,0.0219749966188,0.011618522967,0.00960600206665,-0.0902988256198
24.678,1790081579.38,0.0589326408828,0.142476177846,0.0245140325215,0.000703660717677,0.019430367541,-0.117338596875
24.698,1790081579.4,0.0620694045864,0.146609627879,0.022409334545,0.0146442218329,0.02327598008,-0.0966947804172
24.718,1790081579.42,0.065356669615,0.150663213536,0.0238059646803,-0.00398010898823,0.0246659640117,-0.108917296405
24.738,1790081579.44,0.0687608958883,0.154729995062,0.0219546841451,0.0228186251252,0.021292194822,-0.0927297265564
24.758,1790081579.46,0.0722945210602,0.158672880854,0.0217257638669,0.0287281408977,0.0182435690926,-0.0909422800121
24.778,1790081579.48,0.0759319910604,0.162474004508,0.0241374301271,0.012015303327,0.0242300987092,-0.118800590071
24.798,1790081579.5,0.0796915878893,0.166185462873,0.0217940597366,0.0307980430079,0.0145361971701,-0.0937254994676
24.818,1790081579.52,0.0835551093089,0.169749675753,0.0234535074991,0.00885261964447,0.0138022693086,-0.108743047129
24.838,1790081579.54,0.0874802794237,0.173264859767,0.0215461423251,0.0352061914685,0.00927198426897,-0.0924000679114
24.858,1790081579.56,0.0914847065401,0.176605526005,0.0212957271718,0.0402013957025,0.00695947453169,-0.0907271968023
24.878,1790081579.58,0.0955506648122,0.179760509097,0.0237590214423,0.0223502193403,0.0140880470463,-0.11922619332
24.898,1790081579.6,0.0996790936607,0.182783944796,0.0210111478928,0.0542476389363,0.00771752576963,-0.0943332850333
24.918,1790081579.62,0.103897719093,0.185552319057,0.0227082018937,0.0310825924279,0.00800342009094,-0.109744786253
24.938,1790081579.64,0.108151006027,0.188159012107,0.0210547597805,0.0424491503322,0.000897980628745,-0.0923211570817
24.958,1790081579.66,0.112441972329,0.190577925335,0.0208046944114,0.043830143062,-0.00171144095878,-0.0904346532917
24.978,1790081579.68,0.116760753094,0.192802068529,0.023341768003,0.0242044161835,0.00549287364317,-0.119567203153
24.998,1790081579.7,0.121096594401,0.194866999623,0.0208164908086,0.0439130631618,-0.00314006704169,-0.0934503217251
25.018,1790081579.72,0.125469712331,0.196752589684,0.0222171868314,0.0348015045359,-0.000290413626151,-0.109832195096
25.038,1790081579.74,0.129838752082,0.198439511776,0.0204740995325,0.0496613468111,-0.00710548424328,-0.0920528062411
25.058,1790081579.76,0.134212197239,0.199907920773,0.0201984158596,0.0528830075843,-0.0095548285453,-0.0902383705925
25.078,1790081579.78,0.138583738895,0.201143521491,0.0227906871691,0.0328179711017,-0.0023330989685,-0.119904746357
25.098,1790081579.8,0.142922479345,0.202176909336,0.0201882808173,0.0522139710955,-0.0112166765735,-0.0931422668074
25.118,1790081579.82,0.147269696888,0.203000389961,0.0216390860659,0.0417326608519,-0.00839032042695,-0.109980935068
25.138,1790081579.84,0.151565610164,0.203593732597,0.019863690082,0.0557337900319,-0.0153589613534,-0.0918820619939
25.158,1790081579.86,0.155829331937,0.203945146386,0.019588421929,0.0580229260953,-0.0178971001016,-0.090002455364
25.178,1790081579.88,0.160057333448,0.204044936321,0.0222583318044,0.0366869553718,-0.0105831315985,-0.120277775632
25.198,1790081579.9,0.164198952751,0.203924038011,0.0196081546723,0.055708958655,-0.0196193045538,-0.0929254377284
25.218,1790081579.92,0.168317349898,0.203581409904,0.0211046082317,0.0444022882148,-0.0167550027721,-0.110034587063
25.238,1790081579.94,0.172334952361,0.202997680963,0.0193072111725,0.058062552664,-0.0238247167447,-0.091497748392
25.258,1790081579.96,0.176281732583,0.202163994987,0.0190506093872,0.059781314002,-0.0263568476144,-0.0895750883134
25.278,1790081579.98,0.180157222766,0.20107283292,0.0218120582669,0.0374190419353,-0.0188285144337,-0.120533051218
25.298,1790081580,0.183892103966,0.199759725302,0.0191396027541,0.0561537058238,-0.0279258051018,-0.0926225522227
25.318,1790081580.02,0.187571023652,0.198224031298,0.0206966945177,0.0440691459693,-0.0249179924741,-0.110067076761
25.338,1790081580.04,0.191100097631,0.196451980878,0.0188995238573,0.0573672652195,-0.0320007825091,-0.0911205115221
25.358,1790081580.06,0.194519834931,0.194434580065,0.018674022535,0.0585253944411,-0.034455551435,-0.089140745041
25.378,1790081580.08,0.197832926416,0.192165541264,0.0215296051241,0.0351753913579,-0.0266414023015,-0.120780861672
25.398,1790081580.1,0.200953500199,0.189690556568,0.0188550672005,0.0535837491567,-0.0357265497958,-0.0923036437158
25.418,1790081580.12,0.203985742465,0.187003000184,0.0204708313866,0.0407878268436,-0.032525613622,-0.110013760024
25.438,1790081580.14,0.206821965709,0.184099672489,0.0186860465484,0.0537267570512,-0.039552885794,-0.0906141405452
25.458,1790081580.16,0.209512126876,0.180968073586,0.0184993802784,0.054330579418,-0.0418550772611,-0.0885659632781
25.478,1790081580.18,0.21206179757,0.177602095993,0.0214363203101,0.0301042578799,-0.0337127042549,-0.120797626663
25.498,1790081580.2,0.214371967125,0.174063016382,0.018771805546,0.0481902115053,-0.0427028414925,-0.0917108593758
25.518,1790081580.22,0.216563354633,0.170331730174,0.0204570715565,0.0346146131492,-0.0391916454458,-0.109833032032
25.538,1790081580.24,0.218517875079,0.166420785212,0.018703401293,0.0471214822023,-0.046032793927,-0.0900761651108
25.558,1790081580.26,0.220293477229,0.16231126041,0.018561941475,0.0471717785388,-0.0480846161963,-0.088004601199
25.578,1790081580.28,0.221898431025,0.157996333282,0.0215712675243,0.022141848975,-0.0395552111632,-0.120856619651
25.598,1790081580.3,0.223225027125,0.153557916365,0.0189276612389,0.0399400066609,-0.0483536338757,-0.0911634104749
25.618,1790081580.32,0.224406196166,0.148958235787,0.0206729378153,0.0256856614645,-0.0444823830083,-0.109690879438
25.638,1790081580.34,0.225317824277,0.144229702348,0.0189543103275,0.0378262987287,-0.0510479920921,-0.0895710521611
25.658,1790081580.36,0.22602357574,0.139343841517,0.0188515372962,0.0374271971506,-0.0527861899808,-0.0874428050722
25.678,1790081580.38,0.226534095774,0.134291938396,0.0219209323571,0.0116649104284,-0.043817711753,-0.120978825515
25.698,1790081580.4,0.22673814582,0.129180725285,0.0193070422873,0.0292029744567,-0.0523012808713,-0.0907266984773
25.718,1790081580.42,0.226775525586,0.12394864767,0.0210929526689,0.0144112004302,-0.0480349057226,-0.109608081128
25.738,1790081580.44,0.226480093467,0.118649327355,0.0188690409748,0.0299299097237,-0.0311153907407,-0.0885070751502
25.758,1790081580.46,0.226149187562,0.113230646552,0.019339626937,0.0256562699279,-0.0556414715211,-0.0870261903359
25.778,1790081580.48,0.225555890759,0.107691727587,0.0224759169887,-0.00145833009034,-0.0500370699851,-0.121239057975
25.798,1790081580.5,0.224622466289,0.102171161341,0.0199026241454,0.015452123024,-0.06020519681,-0.0903883537312
25.818,1790081580.52,0.223479231615,0.0965823099132,0.0217117005287,0.000251594680629,-0.054962025621,-0.109683927167
25.838,1790081580.54,0.221985181056,0.0910332057706,0.0199323754643,0.0355087479212,-0.0397978750585,-0.0877871889897
25.858,1790081580.56,0.220405564643,0.0852749946824,0.0202633033717,0.00911735405869,-0.0707388881254,-0.0870287030851
25.878,1790081580.58,0.218485925592,0.0795027848434,0.0234077504998,-0.0218856892342,-0.0639824480931,-0.121943076043
25.898,1790081580.6,0.216138239837,0.0738645402636,0.0202414617037,-0.00124477673106,-0.0585317853157,-0.0867612890547
25.918,1790081580.62,0.213661518765,0.068220446218,0.0228647274122,-0.0230593021035,-0.0714856647869,-0.110549329316
25.938,1790081580.65,0.210696156312,0.0627156308102,0.0204106866074,-0.00254453361901,-0.0521608081517,-0.0855300273212
25.958,1790081580.66,0.207571093497,0.0572160922461,0.0209695136431,-0.0128424047462,-0.044718579161,-0.0880753167195
25.978,1790081580.69,0.204263158516,0.0517801691705,0.02389824209,-0.0310209643784,-0.0348634314857,-0.124523480539
25.998,1790081580.71,0.200685957001,0.0465277343214,0.0209025306539,-0.00808236918966,-0.0449324556734,-0.0872474958203
26.018,1790081580.73,0.196988230242,0.0412597930112,0.023090058287,-0.0500690857245,-0.0584535092103,-0.111683528728
26.038,1790081580.75,0.192893598682,0.0363270876971,0.0210796350557,-0.0116452487516,-0.0475297294517,-0.0855206156916
26.058,1790081580.77,0.18863347908,0.0314146817441,0.0214748087654,-0.0123793605103,-0.0442023905234,-0.0885860849951
26.078,1790081580.79,0.184188360185,0.0265424171037,0.0245761999518,-0.0387936342498,-0.0328181039192,-0.125174435931
26.098,1790081580.81,0.179494481907,0.0219221326624,0.0216086954843,-0.0184619288553,-0.0413902331318,-0.0871340525927
26.118,1790081580.83,0.174666354442,0.0173359800196,0.0243352845875,-0.0561928678824,-0.0294218873984,-0.113289178371
26.138,1790081580.85,0.169626884234,0.0131106797304,0.0217618967859,-0.0249876006793,-0.0413602660535,-0.0854025371748
26.158,1790081580.87,0.164416320191,0.00897491945087,0.0220897563295,-0.0274709388894,-0.0413381777088,-0.0883837598157
26.178,1790081580.89,0.159028200854,0.00494441583149,0.0251268570906,-0.054903302233,-0.0312477918307,-0.125674613612
26.198,1790081580.91,0.153414856726,0.00125708349071,0.0221687888122,-0.0339180318415,-0.0382621860655,-0.087019500709
26.218,1790081580.93,0.14767221174,-0.00231641294662,0.0244536032669,-0.0548263561231,-0.0301733020426,-0.114604639006
26.238,1790081580.95,0.141732086506,-0.00556391399731,0.022274073629,-0.0387705513186,-0.0346666027623,-0.0852249210404
26.258,1790081580.97,0.135650982468,-0.00863686654633,0.022610436067,-0.0433277814516,-0.0319876727619,-0.0882183003525
26.278,1790081580.99,0.12943173911,-0.0115347722677,0.0256054800041,-0.0716054806188,-0.0204134570883,-0.126102747803
26.298,1790081581.01,0.123059092887,-0.0139988050251,0.0226508026036,-0.0491859591383,-0.0263158256867,-0.0867683668754
26.318,1790081581.03,0.116600243549,-0.0162882021365,0.0248965101138,-0.068990305182,-0.0180421467084,-0.114992244963
26.338,1790081581.05,0.110017422787,-0.0181794539906,0.0227143357752,-0.0512510143325,-0.0220566029277,-0.0851895725391
26.358,1790081581.07,0.103345223271,-0.0198529854422,0.0232167228078,-0.0625656154601,-0.0154155398754,-0.0876970230933
26.378,1790081581.09,0.0964395967173,-0.0212071694718,0.00803121056844,-0.0822239997563,-0.00826535222019,-0.12680685205
26.398,1790081581.11,0.0895718039587,-0.0221042881039,-0.00261697846883,-0.0571172811418,-0.0145678044076,-0.0869101640876
26.418,1790081581.13,0.082827629775,-0.0224811353235,-0.00294973189964,0.10318200977,-0.0663292045539,-0.0969862112813
26.438,1790081581.15,0.0757783813744,-0.0233035128928,-0.00433710898232,0.196813751259,-0.0981292778004,-0.0582596493198
26.458,1790081581.17,0.0682731675441,-0.025038489011,-0.0036325273263,0.183214267752,-0.0917952658397,-0.0487579056235
26.478,1790081581.19,0.0603619590725,-0.0275014877732,-0.00133315036491,0.127870631326,-0.0683600218914,-0.0705438319692
26.498,1790081581.21,0.0521462082638,-0.0303345069382,-0.0024370756019,0.096586605422,-0.0525132210642,-0.0278247066039
26.518,1790081581.23,0.0436981601014,-0.0334994396906,-0.000640394655375,0.0477848152114,-0.0304863417544,-0.0438489297269
26.538,1790081581.25,0.0351058682672,-0.0367039550866,-0.00139089762912,0.0299540731526,-0.0200588546877,-0.0119504104946
26.558,1790081581.27,0.026407872398,-0.0399437554971,-0.000794503236178,0.00907414284496,-0.00947799798191,-0.00889736649071
26.578,1790081581.29,0.0176372173178,-0.043151496521,0.00122551681596,-0.0187223910593,0.00321159488019,-0.0366621096534
26.598,1790081581.31,0.00886314169627,-0.0461206265548,-9.81999331476e-05,-0.0129757522388,0.00335956216366,0.000932309740692
26.618,1790081581.33,6.26839188167e-05,-0.0489977212313,0.00139060300168,-0.0284249164967,0.0107393931541,-0.019639944009
26.638,1790081581.35,-0.00871094719405,-0.0516233605703,0.000410984818631,-0.0211108116842,0.010064700879,0.00848587494496
26.658,1790081581.37,-0.0174777150004,-0.0540997173903,0.000739255232068,-0.0248868961472,0.0132696983663,0.00843658392071
26.678,1790081581.39,-0.0262310556968,-0.0564248586527,0.00246378569236,-0.042099586481,0.0216959952129,-0.0220925265992
26.698,1790081581.41,-0.0348955383375,-0.0584243557136,0.00095654597396,-0.0304736639157,0.0199638129305,0.0131922037197
26.718,1790081581.43,-0.0435249898802,-0.0602734075509,0.00218671634898,-0.0427959641676,0.0266781830838,-0.00932473300254
26.738,1790081581.45,-0.0520450186058,-0.0618172035358,0.00103299471022,-0.0340185964217,0.0261767277103,0.0171458143831
26.758,1790081581.47,-0.0604892304738,-0.0631672638509,0.00116568036633,-0.0371469628679,0.0297585204637,0.0155672423227
26.778,1790081581.49,-0.068848792427,-0.0643237531633,0.00266369205119,-0.0539881502798,0.038482182503,-0.0162486069831
26.798,1790081581.51,-0.0770281183737,-0.065109852605,0.00102916358948,-0.0419943033519,0.0371423767063,0.0179878176364
26.818,1790081581.53,-0.0851026688528,-0.065707791907,0.00207304419135,-0.0539310837717,0.0439383092131,-0.00550081174927
26.838,1790081581.55,-0.0929774958544,-0.0659615845204,0.000803597899528,-0.0445703932042,0.043544472068,0.0201786718646
26.858,1790081581.57,-0.10069952474,-0.065988118547,0.000799936856589,-0.0470473980946,0.0470234222404,0.0179190607563
26.878,1790081581.59,-0.108260211712,-0.0657908730403,0.00214381656389,-0.0632500834075,0.0554652535942,-0.0145684524628
26.898,1790081581.61,-0.115548590123,-0.0651946364459,0.000436017183249,-0.0503459702111,0.0540056856291,0.0191702061205
26.918,1790081581.63,-0.122661061071,-0.0643874673751,0.001356715199,-0.0614401628509,0.0604119694022,-0.00465882352709
26.938,1790081581.65,-0.129489192902,-0.0631860981052,-4.40767826008e-05,-0.0235300247695,0.0630637894324,0.0227084252441
26.958,1790081581.67,-0.136069625118,-0.0619381082259,-5.94188539364e-05,-0.0525742810562,0.0625919021044,0.0182473674745
26.978,1790081581.69,-0.142418930338,-0.0604208959112,0.00145928117841,-0.0807351515443,0.0619072555333,-0.0152672527777
26.998,1790081581.71,-0.148463568843,-0.0584151697618,-0.000683423908854,-0.0598046222524,0.0680935017719,0.0219642689838
27.018,1790081581.73,-0.154257301697,-0.0562068453797,0.000774777705152,-0.0832663449357,0.0615147036779,-0.00609602074177
27.038,1790081581.75,-0.159743005609,-0.0534947529951,-0.00156283986863,-0.0424614659986,0.0635587868186,0.0226823400865
27.058,1790081581.77,-0.165022809093,-0.0506706674364,-0.000905534143138,-0.0585298132123,0.0870051977237,0.0163385010836
27.078,1790081581.79,-0.169906028905,-0.0475605270383,0.00017969475636,-0.0679155251589,0.0913294573184,-0.0170290800137
27.098,1790081581.81,-0.174332373055,-0.0440727720994,-0.00174758974063,-0.0500065631585,0.0871931420737,0.0213828018371
27.118,1790081581.83,-0.178445045145,-0.0404395707846,-0.00067048282975,-0.0871866034989,0.0902411776546,-0.00670959234075
27.138,1790081581.85,-0.182108121634,-0.03629021713,-0.00217729746272,-0.0465121434806,0.0875847336673,0.0228524390967
27.158,1790081581.87,-0.185420595219,-0.031999959719,-0.00201662728127,-0.0433908319985,0.0889681075396,0.0156621517527
27.178,1790081581.89,-0.188370273809,-0.02754412067,-0.000717200846198,-0.0560392953742,0.0947320147336,-0.0173088841788
27.198,1790081581.91,-0.190825273082,-0.0227463191101,-0.00251223571856,-0.011781892835,0.0908595857471,0.0201632951879
27.218,1790081581.93,-0.192946488387,-0.0180223114084,-0.00137159554141,-0.0509047178594,0.0954555074755,-0.00860756622718
27.238,1790081581.95,-0.194579910135,-0.0129842472847,-0.00289706912551,-0.0408709146482,0.0926134280805,0.0227117906083
27.258,1790081581.97,-0.195839640931,-0.0077966478906,-0.00267448976716,-0.0443178433637,0.0945317204989,0.01574860684
27.278,1790081581.99,-0.196706585746,-0.00244779427702,-0.00128621085123,-0.0577598425252,0.100295481134,-0.0171894772065
27.298,1790081582.01,-0.197042932959,0.00319897768177,-0.0030926082511,-0.0366750924167,0.0960049143387,0.0212511022733
27.318,1790081582.03,-0.197022343894,0.00890998927791,-0.00184066588384,-0.0713429852468,0.101697084699,-0.00746761518632
27.338,1790081582.05,-0.196472827976,0.0150215062867,-0.00321424788378,-0.0271067212917,0.0964130192196,0.0228722686593
27.358,1790081582.07,-0.195526033642,0.0211620340971,-0.0028840856798,-0.0212905002802,0.0965839539883,0.0159571718233
27.378,1790081582.09,-0.194170433195,0.0273427149091,-0.00137197294727,-0.0321842239474,0.100983774767,-0.0169304906415
27.398,1790081582.11,-0.192274130902,0.033682535794,-0.00311539214146,-0.0115701705219,0.095845513217,0.0214404801066
27.418,1790081582.13,-0.190014784275,0.040000986981,-0.00166927254507,-0.0229276026756,0.0992459317304,-0.00823397411054
27.438,1790081582.15,-0.187234215435,0.0464203316621,-0.00305703608399,-0.00563195404917,0.0946361362027,0.0229722676937
27.458,1790081582.17,-0.184059504052,0.0528106231735,-0.00263887713572,-0.00596842921355,0.0946146572753,0.0160723137624
27.478,1790081582.19,-0.180480343698,0.0591683456192,-0.00101040254532,-0.0195739749265,0.0984989147196,-0.0167716589457
27.498,1790081582.21,-0.176370610986,0.0656090684,-0.00272143496005,0.00194710136633,0.0924240363346,0.0215333336664
27.518,1790081582.23,-0.171906991182,0.0719651703445,-0.00116422249883,-0.00820535961296,0.0947185125271,-0.00804646498845
27.538,1790081582.25,-0.166943406155,0.0783334857517,-0.00252367324529,0.0109869624606,0.0888764300402,0.0231162810233
27.558,1790081582.27,-0.161660168471,0.0845621161708,0.000219644507634,-0.014738831942,0.0963817668373,-0.0328534942907
27.578,1790081582.29,-0.155876424131,0.0908238304566,0.000451529353942,-0.00963598503161,0.0937666205872,-0.0328740887857
27.598,1790081582.31,-0.149596224771,0.0970997737688,-0.00218175043465,0.0269339093493,0.0816535345779,0.0265200580815
27.618,1790081582.33,-0.143020217599,0.103167109782,-0.000642855951082,0.0203573586698,0.0814971329838,0.00020504451444
27.638,1790081582.35,-0.13605612489,0.109078014271,0.00015508662121,0.0159670227546,0.0824279123611,-0.0143094786896
27.658,1790081582.37,-0.128671425389,0.114873656261,-0.000734786827485,0.0312222091617,0.0760112727853,0.00845269741258
27.678,1790081582.39,-0.120963808715,0.120461867641,0.000212570561208,0.0291848559686,0.0745250125696,0.00249123749528
27.698,1790081582.41,-0.112862002033,0.125866032076,-0.00163603468714,0.0535864517864,0.0655455111853,0.0453653664504
27.718,1790081582.43,-0.104510735072,0.130962015437,8.99941084771e-05,0.0432682208286,0.0667984499133,0.0339681409706
27.738,1790081582.45,-0.0958028074273,0.135804549681,-0.00129078557191,0.0609208529697,0.0596160917147,0.0685956652952
27.758,1790081582.47,-0.0868831039074,0.140302914006,0.00164036502786,0.0345455346658,0.0668681133698,0.0273620315364
27.778,1790081582.49,-0.0776498397693,0.144575459993,0.00420856998807,0.0144690456579,0.0717167951175,-0.00196776109535
27.798,1790081582.51,-0.0680313557333,0.14870998564,0.00241951864424,0.0357348703719,0.063046433359,0.0356804506506
27.818,1790081582.53,-0.0581660508304,0.152607832519,0.00415656706326,0.0263605508684,0.0629981032766,0.0215929123059
27.838,1790081582.55,-0.0479743755706,0.156308059901,0.0023095795552,0.0546700487888,0.0499821779281,0.0601930940407
27.858,1790081582.57,-0.0375754113892,0.159690889943,0.00262948359212,0.0614007263814,0.0431587127112,0.0660671171304
27.878,1790081582.59,-0.0269902070907,0.162723950314,0.004124765972,0.0577409507497,0.0394410352406,0.0544357272068
27.898,1790081582.61,-0.0161965826089,0.165418158984,0.00190650144385,0.0855681497574,0.0254390772449,0.0932335994425
27.918,1790081582.63,-0.00531270907524,0.167669796873,0.00354015344243,0.0758029743434,0.0238424795978,0.0770610145395
27.938,1790081582.65,0.00569227328558,0.169517474047,0.00115698290752,0.117171519998,0.0179084369547,0.109514262299
27.958,1790081582.67,0.016782355574,0.170757888327,0.00196994585649,0.0970339921452,0.00728037569956,0.107922445661
27.978,1790081582.69,0.0278865544938,0.171534329387,0.00370243603406,0.078408070597,0.00518370444627,0.0898226140594
27.998,1790081582.71,0.0390146335952,0.171893303506,0.00133961154818,0.100557974417,-0.0048861822087,0.121567644661
28.018,1790081582.73,0.0501198112535,0.17174559228,0.00343214059469,0.0675321740245,-0.00844739783926,0.0999969485768
28.038,1790081582.75,0.0611633768058,0.171254820072,0.000895827949645,0.103497474541,-0.0150156450701,0.129211290126
28.058,1790081582.77,0.0721454656653,0.170238195316,0.00144594345031,0.0982150650322,-0.0172863781354,0.121978967782
28.078,1790081582.79,0.0830440238038,0.16873704617,0.00319645773795,0.0812606623614,-0.0181220354871,0.101191956235
28.098,1790081582.81,0.0938296012509,0.166819528126,0.000708901331218,0.108601850163,-0.0277304670727,0.129122838049
28.118,1790081582.83,0.104507524745,0.164366733081,0.00280804474892,0.0769935787733,-0.030917642094,0.10607122895
28.138,1790081582.85,0.114991379677,0.161543061971,0.00018457743713,0.113432210255,-0.0397619934369,0.132493695665
28.158,1790081582.87,0.125310939115,0.158161041974,0.000714731561954,0.106868703248,-0.0432477739946,0.124219622507
28.178,1790081582.89,0.135426409355,0.154273665006,0.0023094331375,0.0945764945202,-0.0433852368516,0.103132275315
28.198,1790081582.91,0.145294614048,0.149918262045,-7.69502463582e-05,0.111973499484,-0.0560983462589,0.129114291156
28.218,1790081582.93,0.154926542125,0.145046722471,0.00210593018846,0.0895013850628,-0.0440731791666,0.104535092292
28.238,1790081582.95,0.164311713712,0.139736924431,-0.000613409936153,0.109227267794,-0.069055515091,0.130953476861
28.258,1790081582.97,0.173377686908,0.133915105881,-2.57196684277e-05,0.0901884014062,-0.067481102165,0.121998142206
28.278,1790081582.99,0.182145336353,0.127692780002,0.00172342571932,0.0813825491287,-0.0691956583885,0.101112377892
28.298,1790081583.01,0.19052013074,0.121063835038,-0.0010794729595,0.0989998721469,-0.0881972858772,0.128929549121
28.318,1790081583.03,0.198545427398,0.113969256623,0.00121951557884,0.0639108005426,-0.0891469827412,0.104485826403
28.338,1790081583.05,0.206072988585,0.106607630643,-0.0017051685027,0.0971626029338,-0.110989827279,0.128154113386
28.358,1790081583.07,0.213124985768,0.098776260501,-0.000799107819138,0.0850072897886,-0.101605459981,0.118700532708
28.378,1790081583.09,0.219731976996,0.0905602340956,0.000795510056464,0.0709378769951,-0.0990649529824,0.0987714960785
28.398,1790081583.11,0.225797687935,0.0820319745662,-0.00186355754565,0.0872520194697,-0.108139474334,0.125849440239
28.418,1790081583.13,0.231443631033,0.0730975895503,0.000265919259298,0.0641832983102,-0.102235325523,0.100535972907
28.438,1790081583.15,0.236526094421,0.0639005747283,-0.00219312931314,0.0792052088104,-0.113736903095,0.125682783026
28.458,1790081583.17,0.24113529208,0.0543419922045,-0.00152608291787,0.0667054959736,-0.113931487218,0.1165576257
28.478,1790081583.19,0.245229902641,0.0444849906093,0.00012475027119,0.0478247210001,-0.1116146125,0.0974239387355
28.498,1790081583.21,0.248717819478,0.0344538930373,-0.00248622820375,0.0614370241561,-0.123686157211,0.123748434835
28.518,1790081583.23,0.251724343269,0.0241219600294,-0.000334660747806,0.0370814559343,-0.118621724793,0.099307194605
28.538,1790081583.25,0.254086897884,0.0136818042663,-0.00272073201665,0.0509890081585,-0.130622002779,0.123733057128
28.558,1790081583.27,0.255907628638,0.00300167417782,-0.00201970596966,0.038418088133,-0.130134600251,0.115035387271
28.578,1790081583.29,0.257145264147,-0.0078452808679,-0.000348073402963,0.0198339731046,-0.126369219876,0.0966382722629
28.598,1790081583.31,0.25771146666,-0.0187093682477,-0.00286565698614,0.033206987777,-0.136896503678,0.122233208283
28.618,1790081583.33,0.257744228405,-0.0297627308742,-0.000699782284739,0.00921208276238,-0.129578824361,0.0986692288477
28.638,1790081583.35,0.257089178017,-0.0407661526907,-0.00298208035991,0.0226392672035,-0.139608706877,0.122418387261
28.658,1790081583.37,0.255857329501,-0.0518893514253,-0.00223728396287,0.00990723421677,-0.136887216958,0.114101467648
28.678,1790081583.39,0.254016750239,-0.0630476709877,-0.000542362923137,-0.00887805687834,-0.130900192029,0.0963732202147
28.698,1790081583.41,0.251494249818,-0.074063589518,-0.00293595352385,0.00362378203586,-0.139633765145,0.121267631515
28.718,1790081583.43,0.248425579126,-0.0851523456085,-0.000776696393524,-0.0204841018674,-0.130352653411,0.0986809055695
28.738,1790081583.45,0.244679180049,-0.0960273527273,-0.0029358423174,-0.00790346334221,-0.138799543437,0.12181946599
28.758,1790081583.47,0.240360069756,-0.106894003157,-0.00215274344403,-0.0209369084082,-0.134363525052,0.113891191492
28.778,1790081583.49,0.235446954554,-0.11765593452,-0.000450639261614,-0.0398238338705,-0.126656783083,0.0968312128682
28.798,1790081583.51,0.229888114963,-0.128110667419,-0.00270673015587,-0.0279096630207,-0.133914304595,0.121019690084
28.818,1790081583.53,0.223801602255,-0.138514256443,-0.000566177353734,-0.0517691375849,-0.122929059521,0.0992566616596
28.838,1790081583.55,0.217091565644,-0.148539132397,-0.00259384049086,-0.039507358674,-0.129873393392,0.121726800083
28.858,1790081583.57,0.209845300531,-0.158424412354,-0.00178717753905,-0.0522617187009,-0.123783812371,0.114111609225
28.878,1790081583.59,0.20205514684,-0.168065560337,-0.000104313834839,-0.0706146271925,-0.114399271618,0.0976851343604
28.898,1790081583.61,0.19369765953,-0.177242312385,-0.00222699291001,-0.0586582644061,-0.120119043687,0.121140661423
28.918,1790081583.63,0.184861658983,-0.186246897065,-0.000131257223582,-0.0817274009333,-0.107441318402,0.100108116694
28.938,1790081583.65,0.17549816067,-0.194721312123,-0.00203638154368,-0.0692373409088,-0.112842840491,0.121865193962
28.958,1790081583.67,0.16566781947,-0.202933757243,-0.00122640142527,-0.0812660879668,-0.105132001333,0.114461864752
28.978,1790081583.69,0.155378904464,-0.210774966619,0.000406230502825,-0.0986230695919,-0.0941864616902,0.0986369386425
28.998,1790081583.71,0.144640570303,-0.218014953498,-0.00159970286367,-0.0861708304148,-0.0984561496971,0.121326108012
29.018,1790081583.73,0.13350359788,-0.224974214212,0.000423936852297,-0.108090129268,-0.0842692443015,0.100933717006
29.038,1790081583.75,0.121972618227,-0.231276317735,-0.00137807406182,-0.0949595092757,-0.0882906269718,0.121927285564
29.058,1790081583.77,0.110074819053,-0.237211317083,-0.000595443795361,-0.105859220558,-0.0792147542555,0.114720815994
29.078,1790081583.79,0.0978357264904,-0.242677937456,0.00110334946515,-0.127718346556,-0.0659971001421,0.0991829602622
29.098,1790081583.81,0.0853016011427,-0.247389616039,-0.000940603223688,-0.108607573341,-0.0699575028833,0.121186475509
29.118,1790081583.83,0.0724756450828,-0.25174688547,0.000982554203019,-0.128992892898,-0.0545980335749,0.101413411
29.138,1790081583.85,0.0594243627649,-0.255342157047,-0.00110062273008,-0.113855261805,-0.0668961430644,0.122734083492
29.158,1790081583.87,0.0460729318407,-0.258522363371,0.000133562169313,-0.129481786356,-0.046465439378,0.114337364846
29.178,1790081583.89,0.0325398364481,-0.261098753811,0.0014912280884,-0.141986483174,-0.0295703513235,0.0993871579703
29.198,1790081583.91,0.0189095973371,-0.26288131287,-0.000490704725727,-0.121579234944,-0.0350410187546,0.122015660963
29.218,1790081583.93,0.00510499308372,-0.264271078569,0.00152716233471,-0.150278814107,-0.00750636939425,0.100794712296
29.238,1790081583.95,-0.00866364402472,-0.264782149202,-0.000373998667822,-0.122229789751,-0.0221391112732,0.122332013759
29.258,1790081583.97,-0.0225543845339,-0.264858096285,0.000522496336731,-0.132412710445,-0.0107113889312,0.112768628201
29.278,1790081583.99,-0.0364777355665,-0.264337151294,0.00188341842638,-0.143376701345,8.68543079621e-05,0.0982926864257
29.298,1790081584.01,-0.0503407185497,-0.263018040273,-5.29979598096e-05,-0.118681233353,-0.012615117826,0.119410891141
29.318,1790081584.03,-0.0643102249618,-0.261326337623,0.0018475906305,-0.146183689026,0.0143785013726,0.098745847601
29.338,1790081584.05,-0.0781145090002,-0.258787150183,-0.00027286785686,-0.129262859823,0.00352179349163,0.119897864058
29.358,1790081584.07,-0.0919512724479,-0.25577728445,0.000683903573619,-0.14211631672,0.0314287178338,0.11176152677
29.378,1790081584.09,-0.105607201818,-0.252127291092,0.00197376899607,-0.14930969097,0.0411392824809,0.0974074377874
29.398,1790081584.11,-0.119016141105,-0.24768010605,2.66664529867e-05,-0.130195187084,0.0410061631325,0.118610844176
29.418,1790081584.13,-0.13230229621,-0.242795946616,0.00204549487768,-0.14431903041,0.0651035413095,0.0981324114271
29.438,1790081584.15,-0.145180407907,-0.237108691894,-3.87017753782e-05,-0.124208740676,0.0538402480649,0.118344004054
29.458,1790081584.17,-0.157875653411,-0.230966675927,0.000698473188184,-0.130096979836,0.0648755336744,0.109232997578
29.478,1790081584.19,-0.170275111365,-0.22425742867,0.00186053237671,-0.138800734457,0.0757817865182,0.0956131444015
29.498,1790081584.21,-0.182244210497,-0.216811172467,-0.00010347074882,-0.118082134123,0.0717844104559,0.115735536111
29.518,1790081584.23,-0.193983138901,-0.2089776706,0.00181253038127,-0.131203414896,0.09509287002,0.0959560350415
29.538,1790081584.25,-0.20515838894,-0.200424124061,-0.000268682097643,-0.110120121098,0.0839731595885,0.115310378894
29.558,1790081584.27,-0.216034666594,-0.191475450729,0.000419106432568,-0.114587129325,0.095370485523,0.106474339039
29.578,1790081584.29,-0.226483980291,-0.182034594999,0.00153124367379,-0.12163082247,0.106704109661,0.0933880104216
29.598,1790081584.31,-0.236350893781,-0.171955566816,-0.000438485601493,-0.0993449545746,0.102885447301,0.112664440285
29.618,1790081584.33,-0.245864523775,-0.161561289898,0.00127888560023,-0.112748879512,0.119388403632,0.0931942744978
29.638,1790081584.35,-0.254713486077,-0.150556668371,-0.000651209113494,-0.0879708321128,0.114381375187,0.112189997257
29.658,1790081584.37,-0.263129519585,-0.13925015852,1.46980039355e-05,-0.0906885441693,0.12487906727,0.103726095579
29.678,1790081584.39,-0.270997467933,-0.127561338096,0.00112880175183,-0.0955693677335,0.13641768553,0.0912659430434
29.698,1790081584.41,-0.278140858859,-0.115373989985,-0.000855140072962,-0.0717934221857,0.131402449396,0.109743360022
29.718,1790081584.43,-0.284827591433,-0.102978653515,0.000869689493049,-0.0837236854551,0.146355387975,0.09110837879
29.738,1790081584.45,-0.290720741955,-0.0901291264057,-0.00108254133589,-0.0578887316692,0.139345651799,0.109313533717
29.758,1790081584.47,-0.296088460989,-0.0771009430594,-0.000405318255909,-0.059595146699,0.147746857156,0.101203785758
29.778,1790081584.49,-0.300815238131,-0.063830211017,0.000733745038216,-0.0635409308539,0.157139700905,0.0893236514923
29.798,1790081584.51,-0.304721127159,-0.0502274960777,-0.00128134490621,-0.0389954775744,0.149966909323,0.1070389596
29.818,1790081584.53,-0.308108114172,-0.0365419136344,0.000489616800672,-0.0500019195901,0.162887193096,0.0893567097323
29.838,1790081584.55,-0.310623437703,-0.022580300799,-0.00149829782212,-0.0234483024468,0.15386204213,0.106860482461
29.858,1790081584.57,-0.312564493492,-0.00857813456579,-0.000781853837242,-0.024399120577,0.160405747535,0.0992144346274
29.878,1790081584.59,-0.313816111267,0.00551126208085,0.000410520226269,-0.0275664761162,0.167950094084,0.0880749155338
29.898,1790081584.61,-0.314198231387,0.0197480882512,-0.00164801147687,-0.00243878149714,0.158902765115,0.105114938748
29.918,1790081584.63,-0.314037341991,0.0339313869059,0.00021511251374,-0.0128316231608,0.170039755816,0.0884375885253
29.938,1790081584.65,-0.312972811338,0.0481967463116,-0.00181824931417,0.0141165613331,0.159105483249,0.105279056943
29.958,1790081584.67,-0.311322570233,0.0623554684999,-0.00103933260823,0.013538253928,0.163799785797,0.0981750245795
29.978,1790081584.69,-0.3089749433,0.07643664589,0.000242779967535,0.0106234944832,0.169475210418,0.0877628032115
29.998,1790081584.71,-0.305754560642,0.0904711678761,-0.00187057949813,0.035847005277,0.158426057607,0.10413777302
30.018,1790081584.73,-0.302002452949,0.104313402974,0.000110279687313,0.0256066435852,0.167618358552,0.0885680534031
30.038,1790081584.75,-0.297362857668,0.118038119665,-0.00198391146851,0.0524593951737,0.154613347798,0.104765955988
30.058,1790081584.77,-0.292164195119,0.131509833286,-0.00113249795458,0.051789001667,0.157320550128,0.0982771659413
30.078,1790081584.79,-0.28630261444,0.144740509006,0.000258776502389,0.0486006455968,0.161071169532,0.0886097522755
30.098,1790081584.81,-0.279613871111,0.157732145084,-0.00192451842042,0.0734156796695,0.147981686496,0.104298971139
30.118,1790081584.83,-0.272441148351,0.170399908318,0.000200882992151,0.0627499916068,0.155311846688,0.0897905835962
30.138,1790081584.85,-0.264446766313,0.182757266095,-0.00196847761357,0.089000409974,0.140299046058,0.105289065231
30.158,1790081584.87,-0.255957105668,0.194726340099,-0.00103432098677,0.0877102370339,0.14115818441,0.0993661428953
30.178,1790081584.89,-0.246879098492,0.206303367336,0.000466652073446,0.083832931555,0.143098025186,0.090475209191
30.198,1790081584.91,-0.237067370249,0.217462903417,-0.00180512024113,0.107802137595,0.128095296152,0.10542930547
30.218,1790081584.93,-0.226851549913,0.228183183012,0.000470162137849,0.0962775161325,0.133752173773,0.0919719556971
30.238,1790081584.95,-0.215927515639,0.238418533321,-0.00179156113878,0.121491242689,0.116906731297,0.106692076505
30.258,1790081584.97,-0.204604433833,0.248149701111,-0.000780056037247,0.119158051539,0.116139261775,0.101297309005
30.278,1790081584.99,-0.192804065809,0.257359154553,0.000831143144857,0.11412191762,0.116547613204,0.093101616363
30.298,1790081585.01,-0.180406729632,0.265997793635,-0.00154438754457,0.136809228321,0.099876768967,0.10721195407
30.318,1790081585.03,-0.167711302931,0.274105035307,0.000875994306657,0.123997325036,0.104174860182,0.0947465544848
30.338,1790081585.05,-0.154463226027,0.281582823151,-0.0014932088881,0.147767902161,0.0857756370797,0.10856996593
30.358,1790081585.07,-0.140938296649,0.288467360521,-0.000410839408988,0.143969130454,0.0837339460583,0.103600200292
30.378,1790081585.09,-0.127078268338,0.294730724277,0.00136075000007,0.134761483661,0.0845577525845,0.0958636497282
30.398,1790081585.11,-0.112776897117,0.300318387425,-0.00137896358649,0.164946560632,0.0610207857894,0.109730095023
30.418,1790081585.13,-0.098342302887,0.305275326457,0.00145004565848,0.139297918124,0.0744952332476,0.0970218982931
30.438,1790081585.15,-0.0834849729962,0.309531555673,-0.00133638852913,0.173628579501,0.0439947539787,0.111032485906
30.458,1790081585.17,-0.0685430515443,0.313091602372,7.99325990328e-05,0.156644254769,0.04818077955,0.105619675416
30.478,1790081585.19,-0.0533955037607,0.315999160044,0.00184435242434,0.152078139321,0.0432455140152,0.0986600280645
30.498,1790081585.21,-0.0380317286313,0.318133147745,-0.0010068906632,0.176131086403,0.0213889990096,0.111403098666
30.518,1790081585.23,-0.02266031591,0.319620583152,0.00190883780229,0.149761945496,0.0334682769672,0.0997502030109
30.538,1790081585.25,-0.00709131503929,0.32034701221,-0.00100513325916,0.176009057385,0.00626678421283,0.112825111098
30.558,1790081585.27,0.00843914006682,0.320398223525,0.000415731356341,0.163638204651,0.00804027864263,0.107323268621
30.578,1790081585.29,0.0239990033214,0.319759405108,0.00221833328061,0.154913283967,0.00438904069312,0.100993387779
30.598,1790081585.31,0.0395751808071,0.318337561713,-0.000779960706962,0.174034149581,-0.019842410721,0.11261816379
30.618,1790081585.33,0.0550260845369,0.316304465387,0.00227695779019,0.152112854134,-0.00955375422661,0.10160872811
30.638,1790081585.35,0.0704417955906,0.313485862114,-0.000810212084752,0.175464934768,-0.0390744028969,0.113206923102
30.658,1790081585.37,0.0856598936384,0.310014728429,0.000722241686298,0.165451493638,-0.038584783022,0.107952431956
30.678,1790081585.39,0.10070919248,0.305842779573,0.00256805434752,0.155027121432,-0.0404628159343,0.102053134399
30.698,1790081585.41,0.115546333775,0.300896512202,-0.000556444785087,0.17093971458,-0.0606348314136,0.112360122729
30.718,1790081585.43,0.130144721017,0.295358969754,0.00258006718515,0.148399811786,-0.0553882095065,0.102090393023
30.738,1790081585.45,0.144448111352,0.28906016823,-0.000652503260862,0.166220300005,-0.0770042757707,0.112399976462
30.758,1790081585.47,0.158446371264,0.282152762172,0.000838495783498,0.152068823612,-0.0776138096962,0.107446461536
30.778,1790081585.49,0.172108931934,0.274608917716,0.00266231845202,0.137987093564,-0.0783653401496,0.101980381718
30.798,1790081585.51,0.1853641316,0.26638649949,-0.000533416495041,0.15187752049,-0.097663015059,0.110887171076
30.818,1790081585.53,0.198273158899,0.257640603452,0.0026234045634,0.127662339149,-0.0916389313626,0.101613913366
30.838,1790081585.55,0.210690661385,0.248249707732,-0.000683465103557,0.144047111844,-0.112837446342,0.110428009257
30.858,1790081585.57,0.222687963975,0.238333044702,0.000797767007223,0.128776309606,-0.112717783514,0.105860409493
30.878,1790081585.59,0.234206184834,0.227881968075,0.00261082409643,0.113615474839,-0.112591056839,0.100865198734
30.898,1790081585.61,0.245144046778,0.216884023341,-0.000636395261467,0.126182299829,-0.13112483397,0.108364393237
30.918,1790081585.63,0.255638178349,0.205446082516,0.00251782874261,0.100802565749,-0.123761187957,0.100116497908
30.938,1790081585.65,0.26547159473,0.193515261262,-0.000825578678895,0.115705997439,-0.143846662994,0.107463383722
30.958,1790081585.67,0.274786307212,0.181157778468,0.000637523559322,0.0991236758927,-0.142168893151,0.103334393484
30.978,1790081585.69,0.283503697564,0.168393082698,0.00242545842685,0.0826599500649,-0.140371346984,0.0988849581416
30.998,1790081585.71,0.291504671625,0.155247561172,-0.000832400859511,0.0937582988542,-0.157399367543,0.105054863532
31.018,1790081585.73,0.298985931681,0.141762714985,0.00228151358508,0.0672710728023,-0.148146434747,0.0979533229784
31.038,1790081585.75,0.30568278426,0.12797269121,-0.0010558658782,0.0808457200363,-0.166621554353,0.10393756481
31.058,1790081585.77,0.311790132372,0.113874368865,0.000384592778509,0.0632172009039,-0.163006503736,0.100347270571
31.078,1790081585.79,0.317218815231,0.0995203500398,0.002151262856,0.0457507474584,-0.159195975823,0.0965247296686
31.098,1790081585.81,0.321843380004,0.0849795841561,-0.00107030807817,0.0558336873866,-0.174463940241,0.101479086012
31.118,1790081585.83,0.325899218653,0.0702152122305,0.00199205017478,0.0286733182352,-0.163102941427,0.0956036579698
31.138,1790081585.85,0.329100427297,0.0553574636948,-0.00129321892228,0.0414711481366,-0.17980240607,0.100352184535
31.158,1790081585.87,0.331672127649,0.0403229117371,0.000118623291566,0.0233562379092,-0.174133137084,0.0974141507467
31.178,1790081585.89,0.33352395399,0.0251986343122,0.00184304796021,0.00552378144375,-0.168262638398,0.0943549374825
31.198,1790081585.91,0.334536405305,0.0100952947535,-0.00130294222752,0.0151743543962,-0.181675172679,0.0982326484969
31.218,1790081585.93,0.334959009718,-0.00510856430736,0.00169224006897,-0.0121654070892,-0.16810312574,0.0936715135615
31.238,1790081585.95,0.334512544128,-0.0201859097767,-0.00149912253006,0.000378962874589,-0.182932043605,0.0973191072803
31.258,1790081585.97,0.333428261812,-0.0353038913276,-0.00011766287381,-0.0177513544369,-0.175125279915,0.0951241822235
31.278,1790081585.99,0.331624666186,-0.0503421886946,0.00156505191467,-0.0355151875048,-0.167110007178,0.092906572012
31.298,1790081586.01,0.328999512898,-0.0651519906901,-0.0014681457165,-0.0258017185329,-0.17863259584,0.0958289848046
31.318,1790081586.03,0.325792566555,-0.0799377280156,0.00144319783143,-0.0528595054331,-0.162839265146,0.0926452007368
31.338,1790081586.05,0.321757835219,-0.0943828486776,-0.00162076539896,-0.0400550404971,-0.17583668711,0.0953100610861
31.358,1790081586.07,0.317110617524,-0.108736008321,-0.000214038273146,-0.0595643624356,-0.16434484252,0.0938906622996
31.378,1790081586.09,0.311792473577,-0.122832838547,0.00135514742752,-0.0748862782931,-0.155896313595,0.0925949677291
31.398,1790081586.11,0.305719941982,-0.136511404803,-0.00154026502161,-0.0645865052814,-0.165670310009,0.0946532189881
31.418,1790081586.13,0.299103093772,-0.150045651804,0.0012615191997,-0.0904491109386,-0.148174133196,0.0928551982027
31.438,1790081586.15,0.291747813794,-0.163044582356,-0.00173538787402,-0.0741533404567,-0.161960667737,0.0946412999959
31.458,1790081586.17,0.283823071588,-0.175849832394,-0.000284194248634,-0.0955408754222,-0.146856363396,0.0940397419542
31.478,1790081586.19,0.275304497086,-0.18824626956,0.00126627890572,-0.111024108885,-0.134731508796,0.0935797249427
31.498,1790081586.21,0.266147880129,-0.20004704133,-0.00156372501266,-0.0971507316352,-0.145273529455,0.0948583901887
31.518,1790081586.23,0.256505367412,-0.211616584288,0.00129916953155,-0.127463394663,-0.122481165394,0.0944188083675
31.538,1790081586.25,0.246265461564,-0.222450641028,-0.00172953936943,-0.108227106664,-0.134482618895,0.0953278690076
31.558,1790081586.27,0.235557057911,-0.232986828984,-0.000193168519352,-0.126060122051,-0.119099852883,0.095448819313
31.578,1790081586.29,0.224366273793,-0.242992047879,0.00129454570602,-0.139815359063,-0.106082457536,0.0958327356631
31.598,1790081586.31,0.212687368761,-0.252267099577,-0.0013959730911,-0.124825699069,-0.115335425763,0.0962164140318
31.618,1790081586.33,0.200613451236,-0.261222956643,0.00133695429316,-0.153164991643,-0.0919913679614,0.0970149212951
31.638,1790081586.35,0.188110117803,-0.2693211925,-0.00151720067757,-0.132692269612,-0.102438225758,0.0969608569468
31.658,1790081586.37,0.175241948911,-0.277038851603,-0.000100370681721,-0.149109099128,-0.0856958108295,0.097767746276
31.678,1790081586.39,0.162034005225,-0.284137204003,0.00138592449351,-0.161278831025,-0.0712965700793,0.0989384690733
31.698,1790081586.41,0.148512182025,-0.290407501549,-0.00123411651163,-0.145808453247,-0.07856899945,0.0983791518774
31.718,1790081586.43,0.134714572379,-0.296292980987,0.0015130820183,-0.169583764927,-0.0545087891856,0.100397120478
31.738,1790081586.45,0.120682894642,-0.30124826962,-0.00123103649135,-0.149207342842,-0.0651215769311,0.0992496139525
31.758,1790081586.47,0.106409362473,-0.305766627483,0.000175380156845,-0.163363984262,-0.047850568578,0.100738129112
31.778,1790081586.49,0.0919510626722,-0.309609621316,0.00153675725136,-0.174218481783,-0.0327244686654,0.102398922617
31.798,1790081586.51,0.0773720302124,-0.312574774261,-0.000923772979072,-0.156503359921,-0.0402458181687,0.10075716778
31.818,1790081586.53,0.0626318119159,-0.315119928628,0.00166733308239,-0.178862779191,-0.0148045218897,0.103852364126
31.838,1790081586.55,0.0478658988431,-0.316701017261,-0.000931190494934,-0.156644976151,-0.0253625021026,0.101553407015
31.858,1790081586.57,0.0329885077112,-0.317820623667,0.000408563627224,-0.16890623847,-0.00734044296048,0.103527124346
31.878,1790081586.59,0.0180932402118,-0.318246819797,0.00170123059742,-0.177669492456,0.00822728235088,0.10560863811
31.898,1790081586.61,0.00327463109751,-0.31779030608,-0.000654474518345,-0.158520295547,0.000932636178271,0.102901813157
31.918,1790081586.63,-0.0115754435066,-0.316905368457,0.00182191928237,-0.178201494428,0.0263187424653,0.106825263363
31.938,1790081586.65,-0.026244384133,-0.315073322066,-0.000660281314619,-0.154132709162,0.0151691887233,0.103310823303
31.958,1790081586.67,-0.040890726576,-0.312789526575,0.00061882500211,-0.164244335423,0.033120995235,0.105625504151
31.978,1790081586.69,-0.0553905731668,-0.309836562279,0.00184917711205,-0.170964817631,0.0485291882235,0.108004339697
31.998,1790081586.71,-0.0696237303968,-0.306042924604,-0.000418560922893,-0.150079700492,0.0404092737869,0.104130995196
32.018,1790081586.73,-0.0837654300793,-0.301848569235,0.00195313235662,-0.16773507001,0.0657640961134,0.108810203698
32.038,1790081586.75,-0.0975312775154,-0.29676967751,-0.000447669485965,-0.142096396571,0.0535523298695,0.10404729753
32.058,1790081586.77,-0.111148088129,-0.291281678455,0.0007650183075,-0.150250387166,0.071045657952,0.106602104345
32.078,1790081586.79,-0.12446650906,-0.285186779159,0.00194247956395,-0.155120064091,0.0858951166542,0.109204611109
32.098,1790081586.81,-0.137345536812,-0.27833378128,-0.000272662793352,-0.132757712119,0.0765250621078,0.104149186639
32.118,1790081586.83,-0.150021557095,-0.271137779469,0.00202137912885,-0.148523900941,0.101438374737,0.109517937144
32.138,1790081586.85,-0.162148959763,-0.263159605313,-0.00033436111492,-0.121588795534,0.0877355264511,0.103515017371
32.158,1790081586.87,-0.174016471703,-0.254844805225,0.000833461613467,-0.128031162408,0.104405439707,0.106293060142
32.178,1790081586.89,-0.18545399023,-0.246017301698,0.00197111022526,-0.131241422059,0.118262161394,0.109100037628
32.198,1790081586.91,-0.19630496739,-0.236548823824,-0.000225720747428,-0.107715736402,0.107243490559,0.102894232988
32.218,1790081586.93,-0.206860238638,-0.226820452277,0.00201525422565,-0.12172562516,0.131235584662,0.108929275606
32.238,1790081586.95,-0.216724512323,-0.216445885662,-0.000332285762045,-0.0938520252605,0.115674288578,0.101736961927
32.258,1790081586.97,-0.226241303697,-0.205831808913,0.000808644273835,-0.0988660866343,0.131150482675,0.104770377592
32.278,1790081586.99,-0.235224913675,-0.194825907297,0.0019300912351,-0.100788100321,0.143717536334,0.10784146889
32.298,1790081587.01,-0.243507367695,-0.183323406668,-0.000280020093453,-0.0765334159257,0.130781989592,0.100562508815
32.318,1790081587.03,-0.251427083035,-0.171663699375,0.00194600814668,-0.0891312988925,0.153548410937,0.10732576251
32.338,1790081587.05,-0.258549454401,-0.15951858525,-0.000426639294673,-0.060779883741,0.135908503115,0.099032420017
32.358,1790081587.07,-0.265265009156,-0.147247906446,0.000704178566312,-0.0647012342446,0.149885999165,0.102392382921
32.378,1790081587.09,-0.271377256658,-0.134724368996,0.00182396964723,-0.0656664903984,0.160860422241,0.105800542098
32.398,1790081587.11,-0.276711633225,-0.121867862918,-0.000428580194996,-0.0411427410343,0.145843020142,0.0975486544472
32.418,1790081587.13,-0.28164648448,-0.10896884902,0.00182628343534,-0.0527579996522,0.167197511194,0.10516551713
32.438,1790081587.15,-0.2857177657,-0.0957612428265,-0.000599533853511,-0.024435879282,0.147406039389,0.0958799713041
32.458,1790081587.17,-0.289354375756,-0.0825507387503,0.000541580503305,-0.0276777045783,0.159712774845,0.0996746036794
32.478,1790081587.19,-0.292353955741,-0.0692359473195,0.00168955374103,-0.0281868805222,0.169030893461,0.10356867303
32.498,1790081587.21,-0.294539468417,-0.0557614335076,-0.00060586144079,-0.00458008503409,0.152627080281,0.0943948298361
32.518,1790081587.23,-0.296313174596,-0.0423568816921,0.0016818672776,-0.0148508241102,0.171640995877,0.103017538307
32.538,1790081587.25,-0.297202982284,-0.0288295050782,-0.000795289592578,0.0121671864297,0.15054878003,0.0927638865353
32.558,1790081587.27,-0.297655024812,-0.0154165694913,0.00034088704564,0.0105643574629,0.159695627728,0.0972578873251
32.578,1790081587.29,-0.297479539559,-0.00205373843699,0.00154321447028,0.00971390114054,0.167702574832,0.101684091774
32.598,1790081587.31,-0.296488291027,0.0112961340362,-0.000992801968648,0.0347721188809,0.147348663721,0.0912772623377
32.618,1790081587.33,-0.295131843735,0.0244481346702,0.0015630117275,0.0183119242531,0.164147839888,0.101706049574
32.638,1790081587.35,-0.29291763178,0.0375723766025,-0.00102126162773,0.0483922264633,0.143871939386,0.0903601072509
32.658,1790081587.37,-0.29029709867,0.0504570718381,0.000236594436206,0.0444684093841,0.149698966223,0.0956891843965
32.678,1790081587.39,-0.287094701489,0.0631647034382,0.0015058555725,0.0457738970597,0.157755534649,0.090298161463
32.698,1790081587.41,-0.283116895036,0.0756888885018,-0.00114728017035,0.0712642058427,0.14112206571,0.07918187382
32.718,1790081587.43,-0.278788434117,0.0879065582108,0.00154357968894,0.0547230734148,0.156771624425,0.0649907769791
32.738,1790081587.45,-0.273623297125,0.0999202873632,-0.00140576029196,0.0838130268919,0.1237057636,0.0530205981791
32.758,1790081587.47,-0.268164753746,0.111589136623,0.000132100574294,0.0765887385812,0.129646165617,0.0410513773702
32.778,1790081587.49,-0.26218636047,0.122962993699,0.00143610194059,0.0747109670144,0.130693252132,0.0308261668576
32.798,1790081587.51,-0.255558110294,0.134025350018,-0.00131446612938,0.0982457759173,0.112474923977,0.0235870305633
32.818,1790081587.53,-0.24868565814,0.144719942645,0.00157206851787,0.0818585486115,0.124007428695,0.0154358022517
32.838,1790081587.55,-0.241123578128,0.15506942205,-0.00157315700662,0.108327938197,0.0976712013938,0.0107979403484
32.858,1790081587.57,-0.233349969971,0.16501707055,5.08699916087e-05,0.100320654692,0.104967248401,0.00546795979358
32.878,1790081587.59,-0.22515294648,0.174579065448,0.00143080140285,0.0976695235002,0.108487391072,0.00127266938343
32.898,1790081587.61,-0.216396571893,0.183716651779,-0.00151402938215,0.118491859634,0.0862800756344,-0.000907307937752
32.918,1790081587.63,-0.207492934626,0.192450479265,0.00157641609489,0.102843564221,0.101574510829,-0.0043780316146
32.938,1790081587.65,-0.197994308824,0.20071958022,-0.00171503784379,0.128368070341,0.0743212937508,-0.00514353463126
32.958,1790081587.67,-0.188359534015,0.208537898421,6.4789929026e-06,0.119639365789,0.0814031695935,-0.00723397271788
32.978,1790081587.69,-0.178390111928,0.215892955952,0.00144480267258,0.115475848201,0.0832270554583,-0.00872934740301
32.998,1790081587.71,-0.167977876515,0.222733784625,-0.00161694461414,0.135416232218,0.0601941409795,-0.0085938970958
33.018,1790081587.73,-0.157493116593,0.229134147001,0.00162650525081,0.11825205722,0.0741016059722,-0.0101521977713
33.038,1790081587.75,-0.146548388756,0.234979453088,-0.00180404311327,0.142440153739,0.0459008274979,-0.00933572919039
33.058,1790081587.77,-0.135555047676,0.240341840579,-3.58148866259e-06,0.132187258545,0.0519694912016,-0.0100888632388
33.078,1790081587.79,-0.124342981149,0.24519010981,0.00151470530118,0.12642597127,0.0531454328836,-0.0104776614234
33.098,1790081587.81,-0.112827933137,0.249463289473,-0.0016684443075,0.144913846227,0.0296594506661,-0.00947864684355
33.118,1790081587.83,-0.101327012965,0.253282308916,0.00171921454222,0.12617607067,0.0431935463312,-0.0102494349466
33.138,1790081587.85,-0.0895222904319,0.256491744658,-0.0018434423861,0.148995008428,0.0148446080156,-0.00890581408216
33.158,1790081587.87,-0.0777619368444,0.259209588629,4.05161235291e-05,0.137239992499,0.0207987220771,-0.00914263812622
33.178,1790081587.89,-0.0659057476943,0.261391320589,0.00162277014163,0.130041268362,0.0219306146656,-0.00912362768906
33.198,1790081587.91,-0.0538956045531,0.262971571705,-0.00167191640918,0.147206186111,-0.00151251502626,-0.00791532230165
33.218,1790081587.93,-0.0419832018135,0.264103433517,0.00184067191512,0.127023503489,0.0120418791794,-0.00837347363967
33.238,1790081587.95,-0.0299299187494,0.264608028215,-0.00184151280574,0.148569343544,-0.0161826186249,-0.00699827031048
33.258,1790081587.97,-0.0180100241807,0.26463223295,0.000116427519017,0.135370262772,-0.010066350458,-0.00707399590618
33.278,1790081587.99,-0.00611661892989,0.264125431779,0.00173997580924,0.126850137247,-0.00880188276942,-0.00695602297142
33.298,1790081588.01,0.00578060476895,0.263024706336,-0.00165178613226,0.142734959973,-0.0319952342348,-0.00585703123267
33.318,1790081588.03,0.0175021978871,0.261497982438,0.0019674750232,0.121130987052,-0.0181317579463,-0.00620606497983
33.338,1790081588.05,0.0292025006427,0.259363415791,-0.00181533428108,0.141440928748,-0.045992561587,-0.00505081920265
33.358,1790081588.07,0.0406870523803,0.256777498217,0.000200064602658,0.126869852579,-0.0394320497561,-0.00512103094699
33.378,1790081588.09,0.0520278916699,0.253692542003,0.0018668180264,0.117020520784,-0.0376537083038,-0.00504757106245
33.398,1790081588.11,0.0632292661139,0.250054735718,-0.00160307384011,0.131715895943,-0.0603250280123,-0.00421810052363
33.418,1790081588.13,0.0741859727495,0.246028231948,0.0020880564139,0.108856071011,-0.0458835452445,-0.00453393783431
33.438,1790081588.15,0.0849687848981,0.241449846324,-0.00177422793786,0.128074231019,-0.0731385848735,-0.00372279175753
33.458,1790081588.17,0.0954634775475,0.236464675357,0.000268800345425,0.112369310519,-0.0659265500025,-0.00384162236842
33.478,1790081588.19,0.105708226146,0.231036715214,0.00195801931957,0.101395527868,-0.0633990067387,-0.00386042992732
33.498,1790081588.21,0.11568391137,0.225127457734,-0.00156844721312,0.11507215955,-0.0853085659068,-0.0033680483641
33.518,1790081588.23,0.125356431361,0.218878581863,0.00217573715806,0.0910796888567,-0.0699545554148,-0.00366189879851
33.538,1790081588.25,0.134720207609,0.212166078202,-0.00173882066918,0.109362204827,-0.0963576277687,-0.00323935529689
33.558,1790081588.27,0.143735986143,0.205104115854,0.000324236141941,0.0926582821624,-0.0881831124294,-0.00340658980924
33.578,1790081588.29,0.152412126039,0.197676421408,0.00201206077339,0.0808151620234,-0.0847253607811,-0.00351071181967
33.598,1790081588.31,0.160710654798,0.189865385153,-0.00154612451669,0.0936809851779,-0.105672008567,-0.00335952732063
33.618,1790081588.33,0.168660270619,0.181773014528,0.00221581659859,0.0688338558878,-0.0892378997763,-0.0035993403789
33.638,1790081588.35,0.176191269355,0.173332314872,-0.00172269692468,0.0864105318137,-0.114620485604,-0.00355146262418
33.658,1790081588.37,0.183328662352,0.16460885926,0.000338880483874,0.0689892839687,-0.10533447569,-0.00372805339188
33.678,1790081588.39,0.190056979106,0.155613101117,0.00202808291082,0.0564398695331,-0.100693521102,-0.00387718981486
33.698,1790081588.41,0.196325404175,0.146352067747,-0.00153501934523,0.0687392992287,-0.120526654543,-0.00402610890126
33.718,1790081588.43,0.202212831285,0.136874434665,0.00220357575389,0.0433683779382,-0.102927860402,-0.00415915385709
33.738,1790081588.45,0.20760235569,0.127183688119,-0.00173014394825,0.0605067579896,-0.127179961904,-0.00443145559845
33.758,1790081588.47,0.212568169835,0.117283112076,0.000318891309798,0.0426304348115,-0.116651122306,-0.00455954555838
33.778,1790081588.49,0.217078438682,0.107214589076,0.00198759912297,0.0297052976067,-0.110779280513,-0.00469327664571
33.798,1790081588.51,0.221076213905,0.0970118591166,-0.00155328744115,0.0417061022204,-0.129407795192,-0.00507270113527
33.818,1790081588.53,0.224677798186,0.0866644655984,0.002084081102,0.0179955924293,-0.112478460196,-0.00495648492161
33.838,1790081588.55,0.227724760717,0.0762371634797,-0.00171183933708,0.0318079461513,-0.132358785128,-0.00560371821975
33.858,1790081588.57,0.230338849309,0.0656830618998,0.000264054798128,0.0149903971926,-0.121771839105,-0.00557299129822
33.878,1790081588.59,0.23247412757,0.0550761036386,0.0018107768633,0.00449499305254,-0.114513215567,-0.00568370910152
33.898,1790081588.61,0.23408493538,0.0444515180377,-0.00144931321839,0.0111859157339,-0.132119400092,-0.00617830568138
33.918,1790081588.63,0.235281253827,0.0337705897987,0.00193689515733,-0.00852095402897,-0.112137034545,-0.0059667097732
33.938,1790081588.65,0.235931368667,0.0231505012117,-0.00168200086667,0.00366273092341,-0.132879057125,-0.00655272266118
33.958,1790081588.67,0.236141584659,0.012481443354,0.000213395290574,-0.0135894580704,-0.11953936654,-0.00646072496186
33.978,1790081588.69,0.235887749629,0.00187171815778,0.0017412291011,-0.0246564463619,-0.113677682913,-0.00628389493035
33.998,1790081588.71,0.23510554612,-0.00861337968655,-0.00152852989011,-0.0170032166653,-0.127896719169,-0.00689327555859
34.018,1790081588.73,0.233931741563,-0.0190819906984,0.00184744443447,-0.0368617683132,-0.109219842474,-0.00639858168845
34.038,1790081588.75,0.232220191482,-0.0293373722401,-0.00173967155503,-0.0223376913547,-0.126979274543,-0.00718234300617
34.058,1790081588.77,0.230091473698,-0.039569731647,0.000162154642071,-0.0386753682638,-0.113090661889,-0.00687504463307
34.078,1790081588.79,0.227518780605,-0.0496423632572,0.00159496303956,-0.0491834931622,-0.105185645722,-0.00661662239515
34.098,1790081588.81,0.224460597735,-0.0594666565466,-0.00152074549329,-0.038978757155,-0.117759788035,-0.00722876933377
34.118,1790081588.83,0.221032261708,-0.0692274071593,0.00157163477407,-0.0616332657322,-0.0974592820657,-0.00657800840901
34.138,1790081588.85,0.217135014414,-0.078642989003,-0.0017890755365,-0.0457751325424,-0.115130697461,-0.00725996644501
34.158,1790081588.87,0.212853203839,-0.087971335412,3.70023088829e-05,-0.0628192254844,-0.101007126854,-0.00677819044878
34.178,1790081588.89,0.208170669697,-0.0970414282101,0.00135008783911,-0.0729719004194,-0.0909623874312,-0.00639482038369
34.198,1790081588.91,0.203076306616,-0.105749549395,-0.00155389058223,-0.061187744054,-0.103553793222,-0.00688314786911
34.218,1790081588.93,0.197647388903,-0.114328919866,0.00152081735639,-0.0806218261632,-0.0817758235969,-0.00604437540214
34.238,1790081588.95,0.191829114184,-0.122464997056,-0.00179081018156,-0.0659366438116,-0.0992182250556,-0.00666613023548
34.258,1790081588.97,0.185671884504,-0.130455498516,-3.01150017423e-07,-0.0815024609948,-0.0835826515009,-0.00599973053317
34.278,1790081588.99,0.179184038889,-0.13811344402,0.00124359312477,-0.0918964019044,-0.0734224728641,-0.00550947081204
34.298,1790081589.01,0.172368361394,-0.145319188984,-0.00155881610479,-0.0792871841355,-0.0851949595914,-0.00593299716846
34.318,1790081589.03,0.16526566643,-0.152348076922,0.00138829495065,-0.0990013922271,-0.0619173344628,-0.0048724919435
34.338,1790081589.05,0.157878847013,-0.158838193322,-0.00177513756625,-0.0823483011722,-0.0794252419008,-0.00552049739253
34.358,1790081589.07,0.150210649586,-0.165135348197,-6.12905932521e-05,-0.0974974136062,-0.0637140684744,-0.00479092636423
34.378,1790081589.09,0.142290920155,-0.171033597172,0.00116824676972,-0.105885348803,-0.0524212677507,-0.00419544409163
34.398,1790081589.11,0.134142634807,-0.176413900994,-0.00153003990377,-0.0921324372621,-0.0635930754655,-0.00455753400633
34.418,1790081589.13,0.125768849647,-0.18158329377,0.00128453493643,-0.111838171169,-0.0408362061351,-0.0035023148663
34.438,1790081589.15,0.117219056733,-0.18614783473,-0.00172228557096,-0.0928534302781,-0.0565736863087,-0.0040158628668
34.458,1790081589.17,0.108454002679,-0.190487254484,-4.41922518413e-05,-0.10626931122,-0.0397372532308,-0.00321176100698
34.478,1790081589.19,0.0995343162734,-0.194392306217,0.0011354422086,-0.11401105126,-0.0283847757566,-0.00262052935334
34.498,1790081589.21,0.0904994872181,-0.197741517597,-0.00146407825198,-0.0992548521103,-0.0392841669944,-0.00293478283704
34.518,1790081589.23,0.0813084624884,-0.200859965303,0.00125356543997,-0.118057800402,-0.0164507579375,-0.00191096189505
34.538,1790081589.25,0.0720651135263,-0.203341674237,-0.00164581647165,-0.0981183373778,-0.0321149946629,-0.00237666633711
34.558,1790081589.27,0.0626797333081,-0.205582744468,-1.58596646038e-05,-0.110553288407,-0.0151795919812,-0.0016156689216
34.578,1790081589.29,0.0532384727741,-0.207371116751,0.00112316690377,-0.117193152853,-0.00381138301702,-0.00107107614984
34.598,1790081589.31,0.0437970242293,-0.208589114887,-0.00138724696606,-0.101368033855,-0.014701489598,-0.0013608170065
34.618,1790081589.33,0.0342697029704,-0.209570224474,0.0012505714722,-0.119058062235,0.00817593501454,-0.000447904491686
34.638,1790081589.35,0.0248143410769,-0.209909359575,-0.0015537830927,-0.0980297756735,-0.0075411295733,-0.000877127200194
34.658,1790081589.37,0.0152911497679,-0.210008451435,3.19702321956e-05,-0.109349821059,0.00935732751495,-0.000227616679787
34.678,1790081589.39,0.00581090949524,-0.209658989101,0.00114047883741,-0.114866815939,0.0206085535731,0.000215262683146
34.698,1790081589.41,-0.00355593534118,-0.208749936543,-0.00129575286076,-0.0979645255673,0.00952545435265,-6.60385178133e-05
34.718,1790081589.43,-0.0129383834148,-0.207614297272,0.00127117942957,-0.114545656127,0.0321969754079,0.000665040005983
34.738,1790081589.45,-0.0221285088207,-0.2058586625,-0.00145685356016,-0.0924874055829,0.0161752573286,0.000265587660925
34.758,1790081589.47,-0.0313142160138,-0.203880649761,8.75651188281e-05,-0.102739527213,0.0327502619528,0.000749326751315
34.778,1790081589.49,-0.0403628211197,-0.20148027659,0.00117411336756,-0.107254493239,0.0436564452659,0.00104995132763
34.798,1790081589.51,-0.0491912205228,-0.198554994903,-0.00120650993261,-0.0893864940284,0.0321342497278,0.000770969601838
34.818,1790081589.53,-0.057969242804,-0.195429250367,0.00130263633098,-0.104958701483,0.054348567717,0.00127240406396
34.838,1790081589.55,-0.0664443414966,-0.191730074192,-0.00137080605187,-0.0819946481413,0.0377969529678,0.000907432601888
34.858,1790081589.57,-0.074848999003,-0.18784191966,0.000137853999852,-0.0912784677993,0.0538039805677,0.00119534779373
34.878,1790081589.59,-0.0830319137227,-0.183577177017,0.00120839307445,-0.0949223504229,0.0641557085533,0.00133495532777
34.898,1790081589.61,-0.0908996397609,-0.178843453272,-0.00113689069579,-0.0762319728496,0.0520010927955,0.00106718907226
34.918,1790081589.63,-0.0986592464514,-0.173949692283,0.00133415908717,-0.0909560957261,0.0735792280179,0.00132012444142
34.938,1790081589.65,-0.106019695743,-0.168550145189,-0.00130744586314,-0.0672487709233,0.0563276277993,0.00100800182364
34.958,1790081589.67,-0.11325351252,-0.163008787733,0.000179042966853,-0.075748950425,0.0716103382792,0.0010973439898
34.978,1790081589.69,-0.120193826736,-0.157152650114,0.00123558292616,-0.0786504652162,0.0811953086431,0.00108070140906
34.998,1790081589.71,-0.126739736719,-0.150901281209,-0.00109548468365,-0.0593116228887,0.0682494966294,0.000847256778095
35.018,1790081589.73,-0.133131060837,-0.144541970849,0.00135688473311,-0.0733633437979,0.08902135156,0.000860203077744
35.038,1790081589.75,-0.139045130843,-0.137761721515,-0.00127605244766,-0.0491035268062,0.0709348803098,0.000630318843767
35.058,1790081589.77,-0.144789268086,-0.130897787112,0.00020482801605,-0.0570514871623,0.085385103359,0.000541783985656
35.078,1790081589.79,-0.15018401918,-0.123793357671,0.00125208452049,-0.0593867462055,0.0940451193917,0.000395558989835
35.098,1790081589.81,-0.155123964539,-0.11638104097,-0.00108531599023,-0.0396030558281,0.0801965946768,0.000229689221555
35.118,1790081589.83,-0.15987646267,-0.108921214395,0.00136722514166,-0.0531783048667,0.100025147413,3.48269848798e-05
35.138,1790081589.85,-0.164094562769,-0.101137997239,-0.00127999338043,-0.0285709566675,0.0810104056987,-7.76333417431e-05
35.158,1790081589.87,-0.168114219945,-0.0933364186923,0.000202602705771,-0.0361466101831,0.0944908267911,-0.000305637653853
35.178,1790081589.89,-0.171747442738,-0.0853777687191,0.00125437871196,-0.0381749392251,0.102180317488,-0.000539962955236
35.198,1790081589.91,-0.174886267633,-0.0772075039856,-0.00110820618299,-0.0181658741176,0.0873703028881,-0.000601702535486
35.218,1790081589.93,-0.177819959252,-0.0690548899317,0.00136393249307,-0.0314948938207,0.106186039703,-0.00095597679573
35.238,1790081589.95,-0.180184891961,-0.0606842925203,-0.00131803544422,-0.00675934225488,0.0862072839763,-0.000917392456991
35.258,1790081589.97,-0.182340650455,-0.052365587943,0.000199120846377,-0.0148493347468,0.0993295803777,-0.00128333626935
35.278,1790081589.99,-0.184087558563,-0.0439730766653,0.0012468396743,-0.0161656741585,0.105380548279,-0.00151183172172
35.298,1790081590.01,-0.185323024396,-0.0354697764898,-0.0011573270734,0.00385822825571,0.0895902498742,-0.00143724768462
35.318,1790081590.03,-0.186346141912,-0.0270459959795,0.00129308195504,-0.00755425592377,0.105465554753,-0.00176005867835
35.338,1790081590.05,-0.186804190435,-0.0185249847267,-0.00138519647947,0.0153767902601,0.0862580192564,-0.00167406948935
35.358,1790081590.07,-0.187053596355,-0.0101223470875,0.000134093224356,0.00786005256787,0.0977067806125,-0.00203429906854
35.378,1790081590.09,-0.186898789047,-0.00173602819641,0.00117776792171,0.00683976078087,0.10232988059,-0.00220903280496
35.398,1790081590.11,-0.186251604719,0.00665141587251,-0.00108812533853,0.02427023956,0.0881642629054,-0.00212359021371
35.418,1790081590.13,-0.185390391928,0.0149013414222,0.00118608174289,0.0127316638301,0.102921103808,-0.00258732979614
35.438,1790081590.15,-0.183978529082,0.023146111711,-0.0014011194475,0.0345162538422,0.0824697557951,-0.00228978207722
35.458,1790081590.17,-0.182370770086,0.0312169815331,0.00010596997943,0.0272810744809,0.0934147088553,-0.00263534579345
35.478,1790081590.19,-0.180374039448,0.0391947699459,0.00116574989411,0.0268757068398,0.0961311802293,-0.0026915256807
35.498,1790081590.21,-0.177910306573,0.0470786987971,-0.00126047966416,0.0435184623627,0.0816024760773,-0.00254450586912
35.518,1790081590.23,-0.175258404375,0.0547735406731,0.00126251526479,0.0332248079644,0.0938240841988,-0.00277414287461
35.538,1790081590.25,-0.172091499652,0.0623584926773,-0.00148982694784,0.0540481116926,0.0731115138989,-0.00242247743656
35.558,1790081590.27,-0.168762339793,0.0697123995686,5.03331960076e-05,0.0471576610119,0.0824637601419,-0.00267438678519
35.578,1790081590.29,-0.16509131552,0.0768933098002,0.00111830134094,0.0464929583131,0.0862669037716,-0.00279073861685
35.598,1790081590.31,-0.160989555295,0.0838901367738,-0.00139194069139,0.0628688900996,0.0684913220169,-0.00233569263757
35.618,1790081590.33,-0.156750397417,0.0906362451406,0.00116326190754,0.0494489133481,0.0823423778434,-0.00279066385785
35.638,1790081590.35,-0.152049831842,0.0971918005736,-0.00159871676946,0.0700393911195,0.0612245330661,-0.00220718789399
35.658,1790081590.37,-0.147225602797,0.10346692215,6.47957138666e-05,0.0606652410176,0.0693244804289,-0.00244141607516
35.678,1790081590.39,-0.142107401934,0.109512666618,0.00108115465785,0.0589274636194,0.07170722162,-0.002500307691
35.698,1790081590.41,-0.136629810823,0.115318137718,-0.00128541510922,0.0755793257656,0.054416535993,-0.00191394020593
35.718,1790081590.43,-0.131052187004,0.120838580095,0.00119326311078,0.0627520112577,0.0667154655679,-0.00229304860779
35.738,1790081590.45,-0.125088945625,0.126101175267,-0.00158767824502,0.0835999170901,0.0447431669335,-0.00155038661378
35.758,1790081590.47,-0.119056138724,0.131044224591,9.41201028004e-05,0.0743151857792,0.0527150375984,-0.00177335601894
35.778,1790081590.49,-0.112798431333,0.135702032184,0.00114468969982,0.0720015849005,0.0556541025461,-0.00174124024965
35.798,1790081590.51,-0.106247221944,0.140051218555,-0.00137035569479,0.0852935731409,0.0357232511462,-0.00124080693038
35.818,1790081590.53,-0.0996605038661,0.144096416811,0.00121539835116,0.0724110425688,0.0487811570375,-0.00152192170879
35.838,1790081590.55,-0.0927727413749,0.147830113556,-0.00164467575187,0.0920249409912,0.0263022447105,-0.000759501521372
35.858,1790081590.57,-0.0858751338192,0.15122404579,8.97035174689e-05,0.0820167674425,0.0342113841235,-0.00094199581887
35.878,1790081590.59,-0.0788238523681,0.154297170719,0.00113565990712,0.0776550003353,0.035752422689,-0.000943758646083
35.898,1790081590.61,-0.0715753569753,0.15703891301,-0.00136403318486,0.0925002749856,0.0180174849592,-0.000317594613031
35.918,1790081590.63,-0.0643393409298,0.159453838816,0.00126064015847,0.0775281953891,0.0297097681706,-0.00062892448045
35.938,1790081590.65,-0.0568968939569,0.161527873606,-0.00166691019165,0.0965586215461,0.00731182735235,0.000106897280424
35.958,1790081590.67,-0.0495022148715,0.163251887163,0.000110130945734,0.0854041382097,0.0147757897385,-6.09061346856e-05
35.978,1790081590.69,-0.0420329840986,0.16464071384,0.00118908531874,0.0801258029777,0.0162086544819,-5.85521811833e-05
35.998,1790081590.71,-0.0344561424812,0.165683366944,-0.00136800039298,0.094066093623,-0.00165189844938,0.00051150795445
36.018,1790081590.73,-0.0269501306112,0.166399672768,0.00131789351776,0.0782017135,0.00998677607402,0.000225970962852
36.038,1790081590.75,-0.0193359970982,0.166766437338,-0.00167344562293,0.0964024938375,-0.0123803885794,0.000871058815902
36.058,1790081590.77,-0.0118292143643,0.166788258606,0.000145317867262,0.0843665031177,-0.00483814374796,0.000708581974303
36.078,1790081590.79,-0.00432752268861,0.166477998742,0.00125022844781,0.0782140942072,-0.00326546520696,0.000692841189645
36.098,1790081590.81,0.0031913836055,0.165827362145,-0.00135627397834,0.0913367009698,-0.0209552791731,0.00115941449559
36.118,1790081590.83,0.0105838285575,0.164862904004,0.00138183525139,0.0746043442308,-0.00911600075406,0.000892366570042
36.138,1790081590.85,0.0179875872422,0.163562209027,-0.00166364006327,0.0920170931028,-0.0312498357109,0.00139910852198
36.158,1790081590.87,0.0252283991597,0.161933826325,0.00018672304278,0.079144581338,-0.0234437091805,0.0012331011096
36.178,1790081590.89,0.032388326022,0.159993534085,0.00130508769767,0.0722013534711,-0.0215917164869,0.00118613822952
36.198,1790081590.91,0.0394794776877,0.157738256858,-0.00134145327967,0.0845606361504,-0.0389540987269,0.00151594500839
36.218,1790081590.93,0.0463936045449,0.155192664828,0.00143678787057,0.0670191580844,-0.0267337392161,0.00126814559398
36.238,1790081590.95,0.0532284496462,0.15234510893,-0.00165042187489,0.0837115531758,-0.0484746608804,0.00160579338512
36.258,1790081590.97,0.059850744506,0.149198042135,0.000220931899275,0.0700910287701,-0.0402340675538,0.00143659636612
36.278,1790081590.99,0.0663234648282,0.145775015362,0.00135072500184,0.0624246024377,-0.0379067303927,0.00135481408604
36.298,1790081591.01,0.0726502173701,0.142080478986,-0.0013245163922,0.0741227635062,-0.0547847514925,0.00153156365679
36.318,1790081591.03,0.0787565786597,0.138128738484,0.00147672576746,0.0559030258891,-0.0420315601252,0.00131271713095
36.338,1790081591.05,0.0847039344562,0.133928214543,-0.00163792610445,0.0719951462242,-0.0632368824669,0.00146954359376
36.358,1790081591.07,0.0903971847739,0.129465565753,0.000247061866115,0.0577440675331,-0.0543964145391,0.00130727943697
36.378,1790081591.09,0.0958826946344,0.124776444729,0.00137727899985,0.0495167086565,-0.0514782152766,0.00119968013354
36.398,1790081591.11,0.101157508274,0.119874563582,-0.00131341855866,0.0606888436471,-0.0677415350886,0.00122483156077
36.418,1790081591.13,0.106177318475,0.114756139701,0.00150026632247,0.0419161332621,-0.0543014920226,0.00105211762115
36.438,1790081591.15,0.110973300565,0.109457691884,-0.00162709722037,0.0575546704473,-0.0748605336339,0.00103504696128
36.458,1790081591.17,0.11548327282,0.103941577513,0.000255834960231,0.042860449059,-0.0653360521825,0.000898643697175
36.478,1790081591.19,0.119740358046,0.0982590523959,0.00138852170287,0.0341856739159,-0.0616775072379,0.000783277691359
36.498,1790081591.21,0.123737645179,0.0924343716839,-0.00130568415474,0.0450004378387,-0.0772432452271,0.0006740145692
36.518,1790081591.23,0.127455305769,0.0864392728989,0.00149456262476,0.0259069068552,-0.0630876112197,0.000569799090308
36.538,1790081591.25,0.130902024391,0.0803442090234,-0.00162938467445,0.0412576206403,-0.0829259164742,0.000401032119963
36.558,1790081591.27,0.134041319581,0.074080505697,0.000248666175061,0.0262575800716,-0.072606486161,0.000313621331712
36.578,1790081591.29,0.1368974088,0.0677176074337,0.00137004986377,0.0173506038451,-0.0681830177008,0.000214528894422
36.598,1790081591.31,0.139461999431,0.0612907000732,-0.00131217344973,0.027962492801,-0.0829783881795,-9.6694330339e-07
36.618,1790081591.33,0.141732916637,0.0547425473194,0.00147313935946,0.00865785896091,-0.0679870258782,-1.43230004718e-05
36.638,1790081591.35,0.14370565294,0.0481814566051,-0.00163193527168,0.0238875630312,-0.0870592633978,-0.000302065644081
36.658,1790081591.37,0.145359485307,0.0415015523639,0.000254885625658,0.00791306283074,-0.075061768678,-0.000359042722598
36.678,1790081591.39,0.146723624928,0.0348023429221,0.00128562013398,0.00146532325303,-0.0723588562609,-0.000299892022371
36.698,1790081591.41,0.14777068661,0.0281059181969,-0.00125818930159,0.00854049872839,-0.0828601249929,-0.00074848178999
36.718,1790081591.43,0.148531625613,0.0213533027033,0.00124663691497,-0.00777228746866,-0.0701942535599,-0.000585007186548
36.738,1790081591.45,0.14898259262,0.0146665392814,-0.0016054387233,0.00521564049468,-0.0860562416041,-0.000987754084172
36.758,1790081591.47,0.149121387477,0.00792120754877,0.000219261410262,-0.00922442593379,-0.0747123553479,-0.000899260982692
36.778,1790081591.49,0.148964845685,0.00122604076038,0.00117758775359,-0.0153417534772,-0.068881409321,-0.000816098278731
36.798,1790081591.51,0.148516977705,-0.00539141126988,-0.00122409666292,-0.00954899761957,-0.0823826164521,-0.00116010842665
36.818,1790081591.53,0.147776256282,-0.0120031684226,0.00126999386944,-0.0221270110461,-0.06701887826,-0.000987448304426
36.838,1790081591.55,0.146741338933,-0.0184816322574,-0.00160903621464,-0.0112648696639,-0.0832046933918,-0.00142709992765
36.858,1790081591.57,0.145404285467,-0.0249676079074,0.000228983436557,-0.0250255816323,-0.07115617105,-0.00121353768396
36.878,1790081591.59,0.143789419693,-0.0313413249063,0.00118222273756,-0.0321848719437,-0.0663125417408,-0.00107907330076
36.898,1790081591.61,0.141888825683,-0.0375537523472,-0.00117978889332,-0.0236778106311,-0.0762909095442,-0.00145541388605
36.918,1790081591.63,0.13971664198,-0.0437310257325,0.00113492624259,-0.0403995785157,-0.060989352698,-0.00118060429408
36.938,1790081591.65,0.137282251717,-0.0496808988181,-0.00160047896485,-0.0274995890855,-0.0761592505578,-0.00158722820484
36.958,1790081591.67,0.134565295255,-0.0555887397715,0.000176464627315,-0.0404575832096,-0.0627256874037,-0.00132551424363
36.978,1790081591.69,0.131602026561,-0.0613212082116,0.00100982510119,-0.0474392970491,-0.0563317250449,-0.00121159185695
36.998,1790081591.71,0.128402438263,-0.0668224466937,-0.00119814642328,-0.0373509214974,-0.0665008330134,-0.00149556478377
37.018,1790081591.73,0.1249604812,-0.072248197995,0.00106878060518,-0.0533841043215,-0.0507983469106,-0.00113187986492
37.038,1790081591.75,0.12130520809,-0.0773799542364,-0.00156550080394,-0.0387949392522,-0.065400128058,-0.00151092490269
37.058,1790081591.77,0.117400958026,-0.0824401033092,0.000148432131163,-0.0523086290243,-0.0519151309785,-0.00118105712367
37.078,1790081591.79,0.113294508457,-0.0872753173896,0.000960067546528,-0.0588529868612,-0.0451672787096,-0.00101006419037
37.098,1790081591.81,0.109002002705,-0.091827573091,-0.00119927301647,-0.0485740710869,-0.0549655356917,-0.0012671597611
37.118,1790081591.83,0.104502331349,-0.0962705947032,0.00102698615602,-0.0641963811539,-0.0387454350759,-0.00083859475218
37.138,1790081591.85,0.0998479333024,-0.100366024393,-0.0015458815133,-0.0491144460309,-0.052887535283,-0.00119379541616
37.158,1790081591.87,0.0949831955529,-0.104358566296,0.000135818949378,-0.0620382082528,-0.0389045718811,-0.000815426223605
37.178,1790081591.89,0.089969399847,-0.108085740818,0.000930419124448,-0.0679129835463,-0.0317307933118,-0.00060834569954
37.198,1790081591.91,0.0848309333158,-0.11149215241,-0.00123974897095,-0.0588199938058,-0.0418197412836,-0.000869181166901
37.218,1790081591.93,0.0795244819275,-0.114753042009,0.00099866469594,-0.0718311945184,-0.024586163578,-0.000383153866789
37.238,1790081591.95,0.0741318644104,-0.117628926396,-0.00151492039509,-0.0559602387289,-0.0384262483452,-0.000710922171947
37.258,1790081591.97,0.0685736999378,-0.120380971851,0.00013112947263,-0.0677181396024,-0.0240638857615,-0.00031642377945
37.278,1790081591.99,0.0629273058813,-0.122844769457,0.000917274850532,-0.0729198927684,-0.0166132946013,-9.70415562644e-05
37.298,1790081592.01,0.0572231942237,-0.124961324348,-0.0011432532028,-0.0612797247728,-0.0258583364196,-0.000304433676267
37.318,1790081592.03,0.0514019969022,-0.126931403774,0.000989154360732,-0.075584423371,-0.00914833557751,0.000141028535854
37.338,1790081592.05,0.0455693857686,-0.128496814021,-0.0014703172298,-0.0592138741387,-0.0229424030398,-0.000159731608687
37.358,1790081592.07,0.0396196627794,-0.129929608032,0.000135631212258,-0.0707654618107,-0.00866560529117,0.000210181390915
37.378,1790081592.09,0.0336444818016,-0.131060736284,0.000908459196019,-0.0753584681003,-0.00116746752604,0.000413341447581
37.398,1790081592.11,0.0276809177812,-0.131833403124,-0.00110886153306,-0.0630537560388,-0.0103986514701,0.000222678758399
37.418,1790081592.13,0.0216480074364,-0.132454317254,0.000982740249616,-0.0765598541609,0.00635622624188,0.0006206023007
37.438,1790081592.15,0.0156786908614,-0.13266533205,-0.00142726296036,-0.05940115849,-0.00744064908931,0.0003470040644
37.458,1790081592.17,0.00964056834784,-0.132743788306,0.000150051168915,-0.0701372637492,0.00682757935923,0.000664294597038
37.478,1790081592.19,0.00364040162903,-0.132522799848,0.000910699386256,-0.0739487972804,0.01427422994,0.000828515638968
37.498,1790081592.21,-0.00227894554823,-0.131949277054,-0.00107029124852,-0.0609064062901,0.0049347700245,0.000651172962619
37.518,1790081592.23,-0.00821997381235,-0.131231576666,0.000983830233242,-0.0736664125437,0.0215439683208,0.000970858345707
37.538,1790081592.25,-0.0140241494803,-0.130117042615,-0.00138527620194,-0.0558504843923,0.00756767981285,0.000725756343266
37.558,1790081592.27,-0.0198502871231,-0.12888220438,0.000171104814956,-0.0659418214239,0.0216586726683,0.000965917760614
37.578,1790081592.29,-0.0255776769314,-0.127364528034,0.000918458249153,-0.0690996995732,0.0288531464042,0.00107385398838
37.598,1790081592.31,-0.0311590211999,-0.125515504863,-0.00103397850251,-0.0554621074542,0.0192449980321,0.000909348796213
37.618,1790081592.33,-0.0367176610651,-0.123540420537,0.000995124535834,-0.0676209099938,0.0355809163835,0.00113007568533
37.638,1790081592.35,-0.0420716691256,-0.121196391812,-0.00134466161383,-0.0492426632587,0.021277966258,0.00091794932178
37.658,1790081592.37,-0.0474049386034,-0.118753929896,0.000193229599137,-0.0587488098344,0.0350274556514,0.00106562088352
37.678,1790081592.39,-0.0525846835471,-0.11605764321,0.000933895074306,-0.0613540279124,0.0418612345658,0.00110981882889
37.698,1790081592.41,-0.0575600646995,-0.113063907725,-0.00100062015173,-0.0471900165772,0.0318525548809,0.000962875937732
37.718,1790081592.43,-0.062473838765,-0.109971146182,0.00100963675328,-0.0588089135169,0.0477731028339,0.00107489566917
37.738,1790081592.45,-0.0671238824089,-0.106550500347,-0.00131322962948,-0.0399481398833,0.0330245613246,0.000904810776905
37.758,1790081592.47,-0.0717169021928,-0.103061862434,0.000212145810957,-0.0489550718494,0.0463102610787,0.000956545002783
37.778,1790081592.49,-0.0761100345301,-0.0993589802738,0.000945712056444,-0.051085077574,0.0526509334405,0.000938654852293
37.798,1790081592.51,-0.0802502682517,-0.0954037806923,-0.000980882147768,-0.0365055183362,0.0421450629742,0.000819325009912
37.818,1790081592.53,-0.0842976163434,-0.0913842864583,0.00102209771153,-0.0477160942151,0.0575654592758,0.000825092620993
37.838,1790081592.55,-0.0880332560579,-0.0870887657075,-0.00129609515539,-0.0284965373083,0.0422888196653,0.000709682026677
37.858,1790081592.57,-0.0916837353826,-0.0827624923203,0.000223035607492,-0.0371258548346,0.0550170906825,0.000672671530744
37.878,1790081592.59,-0.095098465504,-0.0782699580801,0.000955776774927,-0.0389299679585,0.0608035477245,0.000603157738445
37.898,1790081592.61,-0.098227058362,-0.0735822560538,-0.000922269115206,-0.0256513754736,0.051317676766,0.000428709188233
37.918,1790081592.63,-0.10122737794,-0.0688529910048,0.000911853116379,-0.0325865341595,0.0646193644758,0.000521813212503
37.938,1790081592.65,-0.103886727099,-0.0639289314168,-0.00127286552131,-0.0162980957953,0.0494556215151,0.000338602052723
37.958,1790081592.67,-0.106436311035,-0.0590088358355,0.000239916642743,-0.0243003582291,0.0610815695345,0.000245173293754
37.978,1790081592.69,-0.108722212291,-0.0539683095016,0.000874644116104,-0.0229827345856,0.0650739358197,0.000226230125126
37.998,1790081592.72,-0.110705120644,-0.0488098509156,-0.000930277919342,-0.012056879174,0.0551904363276,5.73633865487e-05
38.018,1790081592.73,-0.112548602337,-0.0436516789123,0.000913847307717,-0.018877846907,0.067812775402,8.90994132088e-05
38.038,1790081592.75,-0.114034152723,-0.0383635458332,-0.00128105842107,-0.0030369703733,0.0522482669332,-2.84646402325e-05
38.058,1790081592.77,-0.115401610961,-0.0331212600893,0.000268523145663,-0.0110784597794,0.0625492331475,-0.000171191768673
38.078,1790081592.8,-0.116498602237,-0.0278153169459,0.000822729141957,-0.0111982419325,0.0663895911311,-0.000251615376022
38.098,1790081592.82,-0.117287644892,-0.0224383424471,-0.000854254624412,0.00225243554836,0.0559471391431,-0.000218805451973
38.118,1790081592.83,-0.117932959046,-0.0171131527195,0.000873953613891,-0.00623981131849,0.0676277236246,-0.000405511712395
38.138,1790081592.86,-0.118223184653,-0.01171370131,-0.00125509910699,0.0115499205398,0.0525188489615,-0.000302890456305
38.158,1790081592.88,-0.118395972146,-0.00640883193044,0.000276860406313,0.00351323009709,0.0632174389924,-0.000495321784724
38.178,1790081592.9,-0.118293239665,-0.00109992271591,0.000917004372616,0.00352682832228,0.0654554261064,-0.000502221054244
38.198,1790081592.92,-0.11788526348,0.00421430859462,-0.000878598256215,0.0161156560399,0.0550130560841,-0.000511732405214
38.218,1790081592.93,-0.117338419252,0.00943205078254,0.000871585427691,0.00726521493793,0.0658652674831,-0.000728706069381
38.238,1790081592.96,-0.116443113112,0.0146606097896,-0.00129792836034,0.0246742599074,0.0501101620919,-0.000556684336789
38.258,1790081592.98,-0.115439639422,0.0197533788447,0.000249816506775,0.0164316570048,0.0599922680458,-0.000760073253613
38.278,1790081593,-0.114173698328,0.0247957035561,0.000804752817189,0.0156749225514,0.0621718491147,-0.000846823407021
38.298,1790081593.02,-0.112613529491,0.0297888349666,-0.000963211096434,0.02746130523,0.0492518370065,-0.00076378192069
38.318,1790081593.04,-0.110939564828,0.0346533936245,0.000853625323816,0.0195903477093,0.0605856718979,-0.000902659783428
38.338,1790081593.06,-0.10893851583,0.0394692830958,-0.00134013207241,0.0369068123842,0.0442295498814,-0.00063926124853
38.358,1790081593.08,-0.106850876923,0.044111100932,0.00024606702508,0.0285694341649,0.0538558809146,-0.00082872648582
38.378,1790081593.1,-0.10452479914,0.0486518343446,0.000812377215861,0.0274854760557,0.0555558900694,-0.000888822390005
38.398,1790081593.12,-0.101935205372,0.0530937149749,-0.00094618360484,0.0400174250611,0.0433665296909,-0.000672221559255
38.418,1790081593.14,-0.0992475537387,0.0573627734291,0.000870884421512,0.0304821275988,0.0530715696583,-0.000881735173538
38.438,1790081593.16,-0.0962673751679,0.0615317682882,-0.00136461080789,0.0472643010457,0.0361869626735,-0.000561730489774
38.458,1790081593.18,-0.0932275898003,0.0654947655926,0.000242023412442,0.0382333253275,0.0450524021715,-0.000747876762635
38.478,1790081593.2,-0.0899882720508,0.0693193888648,0.000856906231027,0.0378028350105,0.0474428729615,-0.000715668005122
38.498,1790081593.22,-0.0865164400717,0.0729957409967,-0.000971177691166,0.0487416448099,0.0337189767049,-0.000524134779557
38.518,1790081593.24,-0.0829806496839,0.0764739993355,0.00087885443609,0.0387368304074,0.0430266324108,-0.000719963029843
38.538,1790081593.26,-0.0791975752224,0.0798110274704,-0.00139996197863,0.0548823311226,0.0256423436046,-0.000367603987093
38.558,1790081593.28,-0.0753906192429,0.0829203649104,0.00023736688757,0.0454165235266,0.0342263976876,-0.000536363441651
38.578,1790081593.3,-0.0714255649674,0.0858583648875,0.000830418025815,0.0433885354721,0.0352576512622,-0.000550831816915
38.598,1790081593.32,-0.0672840075917,0.0886257460776,-0.000991585869897,0.0550672951959,0.0225165994626,-0.000267460136158
38.618,1790081593.34,-0.0631146302304,0.0911755728434,0.000893680950528,0.0446827070735,0.0317000291874,-0.000443576326079
38.638,1790081593.36,-0.0587505664055,0.0935542140581,-0.00142196883847,0.0606183587768,0.0144004417459,-7.14033658294e-05
38.658,1790081593.38,-0.054398518466,0.0956883945969,0.000242707427481,0.0506748529341,0.0227940025806,-0.000222652782114
38.678,1790081593.4,-0.0499351849539,0.0976287994433,0.00084351953455,0.0481283089251,0.0236198495338,-0.000224181107816
38.698,1790081593.42,-0.0453461106553,0.0993765996649,-0.00100803586093,0.0592007863169,0.0106777384196,5.7588383325e-05
38.718,1790081593.44,-0.0407677266885,0.100895365299,0.000912894986124,0.0481581398726,0.0196711854799,-0.000103818360501
38.738,1790081593.46,-0.0360511702669,0.102224405867,-0.00143701581765,0.0634547216717,0.00223566885896,0.00025108268934
38.758,1790081593.48,-0.0313842849837,0.103300768002,0.000246727063636,0.0522475569741,0.00998100980468,8.33071473797e-05
38.778,1790081593.5,-0.0266604352735,0.104178068376,0.000876564055905,0.0496654604882,0.0112877327891,0.000111864574041
38.798,1790081593.52,-0.021864545393,0.104854201426,-0.00100235571905,0.0601989689622,-0.00167350978536,0.000369346128514
38.818,1790081593.54,-0.0171190699142,0.105300363029,0.000948353111616,0.0487108343244,0.00739789015065,0.000223617374267
38.838,1790081593.56,-0.0122936038372,0.105551837612,-0.00143567746227,0.0634859174685,-0.0100258668502,0.000535723318847
38.858,1790081593.58,-0.00755743261382,0.105553951485,0.000289915679052,0.0522944650787,-0.00169091395039,0.00040725920113
38.878,1790081593.6,-0.00281093657865,0.105354124233,0.000908617707662,0.0485753335297,-0.000927508237849,0.000399903117103
38.898,1790081593.62,0.0019531369844,0.104957419506,-0.000995538469131,0.058528346899,-0.0138574666888,0.000611433373609
38.918,1790081593.64,0.00662842013877,0.104337789458,0.000976556361491,0.0463584868015,-0.00482152151421,0.000475203758411
38.938,1790081593.66,0.0113249698382,0.103532795176,-0.00143511358031,0.0605974958422,-0.0221167841822,0.000722572945677
38.958,1790081593.68,0.015894678277,0.102489548015,0.000312466961964,0.0488523407176,-0.0135994841185,0.000603581791547
38.978,1790081593.7,0.0204252607656,0.101257947921,0.000936864416801,0.0446477818697,-0.0126195035483,0.000583123843341
38.998,1790081593.72,0.0249215136489,0.0998457602094,-0.000987160255021,0.0541464910288,-0.0253076244607,0.000734784091204
39.018,1790081593.74,0.0292932520229,0.0982262949031,0.00100099140654,0.0415226077474,-0.0160196266458,0.00061205359629
39.038,1790081593.76,0.0336320819001,0.0964427743451,-0.00143438553423,0.0553430834694,-0.0330522752172,0.000780780058435
39.058,1790081593.78,0.0378108073604,0.0944390254693,0.000319348876789,0.043187375423,-0.0242855047018,0.000674429461502
39.078,1790081593.8,0.0419058114784,0.0922697963287,0.000949259764516,0.0385318668459,-0.0229891275829,0.000639584053433
39.098,1790081593.82,0.0459201877647,0.089946205877,-0.000988639264647,0.0476100140823,-0.0353591788027,0.000724026689455
39.118,1790081593.84,0.049782724511,0.0874406878283,0.000948236787118,0.0364618459451,-0.0276358790835,0.000735960495232
39.138,1790081593.86,0.0535522942046,0.0847909633753,-0.00143633157568,0.0479649775173,-0.0423971455425,0.000703177469291
39.158,1790081593.88,0.0571350768695,0.081946339166,0.000335143107665,0.0352558232009,-0.033103697034,0.000611054671889
39.178,1790081593.9,0.060596796892,0.0789681778482,0.000970968153514,0.0298422483226,-0.0310372793797,0.000553311693345
39.198,1790081593.92,0.0639050986079,0.0758649979352,-0.00633217200729,0.0541728682664,-0.0423560199265,0.000434122899408
39.218,1790081593.94,0.0669426759663,0.0724047190459,-0.0233673417983,0.0278615467057,-0.0320532464902,0.000552423358407
39.238,1790081593.96,0.0700608772279,0.0690684893933,-0.0267544496755,0.0736827186224,-0.084446353383,0.000716975616997
39.258,1790081593.98,0.0729579827877,0.0655538243104,-0.0287340960619,0.181802675007,-0.199625640694,0.000185091932075
39.278,1790081594,0.0749106129152,0.0611699808918,-0.0285167956369,0.191425777706,-0.212860481026,-0.000100651633194
39.298,1790081594.02,0.0760022463704,0.0560105963567,-0.0286912506396,0.188790442284,-0.213285423623,-0.000493899514141
39.318,1790081594.04,0.0762183705202,0.0500697582863,-0.0276087811107,0.157283865492,-0.184123642927,-0.000609097178354
39.338,1790081594.06,0.0757124089159,0.0435144204071,-0.02759834943,0.129991882691,-0.158759976216,-0.000888736036725
39.358,1790081594.08,0.0745845793803,0.0364453324374,-0.026481482085,0.0967172523448,-0.127507579021,-0.000984911458727
39.378,1790081594.1,0.0729726107745,0.0290126024085,-0.0257150983172,0.0724006150149,-0.105296805008,-0.00105192947763
39.398,1790081594.12,0.0709603000904,0.0213075965723,-0.0255515127904,0.0558328649275,-0.0920863886914,-0.00125510419148
39.418,1790081594.14,0.068596151469,0.0133911712605,-0.0245007217042,0.0421861941821,-0.0794138023204,-0.00133282405224
39.438,1790081594.16,0.065933326978,0.00532332485279,-0.0244979926152,0.0375819474501,-0.0782097002467,-0.0015659405488
39.458,1790081594.18,0.0629650302761,-0.00289641280318,-0.0235118456029,0.0305619172359,-0.0733719172757,-0.00168161063396
39.478,1790081594.2,0.0597142342621,-0.0112281848219,-0.0228647642087,0.0279653870489,-0.072235838189,-0.00183035013184
39.498,1790081594.22,0.0561817423057,-0.019665777098,-0.0227904749909,0.0276458695285,-0.074264186946,-0.00207859775838
39.518,1790081594.24,0.0523566421582,-0.0282205147574,-0.0218813626502,0.0232919845686,-0.0721454475204,-0.0021388391068
39.538,1790081594.26,0.0482510356746,-0.0368569191598,-0.0219431254317,0.0235042152946,-0.0743928704344,-0.00235801271723
39.558,1790081594.28,0.043847284848,-0.0456003297521,-0.0211173225366,0.0175543339283,-0.0704734714467,-0.00239661035946
39.578,1790081594.3,0.0391691407434,-0.0544087910259,-0.0205956359143,0.0132083824355,-0.0680898493112,-0.00244096782846
39.598,1790081594.32,0.0342248789677,-0.0632640718088,-0.0205481916449,0.0108972064398,-0.0674906317544,-0.00255132273328
39.618,1790081594.34,0.0290110331481,-0.0721739780375,-0.0198422435733,0.00411933875264,-0.0622860476858,-0.00252787705831
39.638,1790081594.36,0.0235581326238,-0.0810865849985,-0.0199626583102,0.00226864301738,-0.0617445855026,-0.00265167869582
39.658,1790081594.38,0.0178563294596,-0.0900248806305,-0.0192977571326,-0.00505571261754,-0.0562538166879,-0.00257234190536
39.678,1790081594.4,0.0119359041034,-0.0989369357833,-0.0189333849921,-0.00997798856082,-0.0519324183462,-0.00251835114407
39.698,1790081594.42,0.00581483854586,-0.107802929621,-0.0189811124206,-0.0127277670422,-0.0501257726204,-0.00253287412619
39.718,1790081594.44,-0.000508698849827,-0.116631627252,-0.018461123034,-0.0191877914958,-0.0444263823843,-0.00241013155656
39.738,1790081594.46,-0.00699833528674,-0.125369818678,-0.0186625090958,-0.0211359791742,-0.0436788690695,-0.00243530688115
39.758,1790081594.48,-0.0136691343762,-0.134041658088,-0.018206365492,-0.0273380323474,-0.0375944275225,-0.00225712290845
39.778,1790081594.5,-0.0204837312951,-0.142599909638,-0.0180250060175,-0.0319380233659,-0.0334587015971,-0.00213328872176
39.798,1790081594.52,-0.0274259921057,-0.151024852358,-0.0182035643657,-0.0343119195615,-0.0313452391936,-0.00206480435757
39.818,1790081594.54,-0.034498122663,-0.159328484232,-0.0179003050554,-0.0401019777967,-0.025797547827,-0.00186461961603
39.838,1790081594.56,-0.0416621361247,-0.167458411456,-0.0182254779241,-0.0417593703385,-0.0246422973651,-0.00180914662877
39.858,1790081594.58,-0.048933620246,-0.175441366017,-0.0179942793198,-0.0472790036695,-0.0187128805572,-0.00156300309794
39.878,1790081594.6,-0.0562746467658,-0.183231875898,-0.0180018096486,-0.0512055498798,-0.0144058349057,-0.00136372394683
39.898,1790081594.62,-0.0636674862066,-0.19081325084,-0.01832846023,-0.053322029151,-0.0121259992847,-0.00123793800743
39.918,1790081594.64,-0.0711155687462,-0.198198458825,-0.0182459727697,-0.0583582710625,-0.00668841131477,-0.000985983259776
39.938,1790081594.66,-0.0785799427902,-0.205337973364,-0.0186951072115,-0.0594945624205,-0.00503225703607,-0.000858568316096
39.958,1790081594.68,-0.0860745896206,-0.212260598544,-0.018687091865,-0.0643683530963,0.000497244711995,-0.000591610984152
39.978,1790081594.7,-0.0935629398123,-0.218923840203,-0.0188795351058,-0.067699771063,0.0046237982822,-0.000366905903379
39.998,1790081594.72,-0.101028160215,-0.225313239278,-0.0193350879199,-0.0692190608485,0.00708000543178,-0.000199524459175
40.018,1790081594.74,-0.10847334179,-0.231443346187,-0.0194493436089,-0.0733194238311,0.0122288410396,6.72047342838e-05
40.038,1790081594.76,-0.115860124191,-0.237270028911,-0.0200046738267,-0.0739353781005,0.0140282656864,0.000220013427036
40.058,1790081594.78,-0.123202192482,-0.242822019732,-0.0201766375526,-0.0777964513742,0.019172351197,0.000485370442984
40.078,1790081594.8,-0.130464494442,-0.248062539218,-0.0205110942215,-0.0802662560177,0.0230402791317,0.000707391049625
40.098,1790081594.82,-0.137631213063,-0.252980798986,-0.0210566454249,-0.0811309571323,0.0254147972956,0.000874439350506
40.118,1790081594.84,-0.144705708183,-0.257592100119,-0.0213146404842,-0.0841945284418,0.0300812100919,0.00111684336663
40.138,1790081594.86,-0.151651962753,-0.261859248503,-0.021925998973,-0.0842168683764,0.0318150934021,0.00125893542414
40.158,1790081594.88,-0.15848314224,-0.265809929846,-0.0222162225532,-0.086985400258,0.0363811785249,0.0014846905803
40.178,1790081594.9,-0.165167244155,-0.269414213082,-0.0226291767077,-0.0885209960256,0.0398091075238,0.00166839437806
40.198,1790081594.92,-0.1716902876,-0.272665298217,-0.0232012729096,-0.0886617543285,0.0419332563231,0.00180210739767
40.218,1790081594.94,-0.178055845372,-0.275578828519,-0.0235303631641,-0.0906256042979,0.0459588232565,0.00198726454155
40.238,1790081594.96,-0.184231810486,-0.278125581587,-0.0241298816075,-0.0899937147527,0.0474727648569,0.00208885138078
40.258,1790081594.98,-0.190230437575,-0.280331590524,-0.0244615175516,-0.0916169900873,0.0513121493181,0.00224617198794
40.278,1790081595,-0.196024047089,-0.28217450183,-0.0248768024273,-0.0921766717089,0.0541589120638,0.00236526550474
40.298,1790081595.02,-0.201601075042,-0.283651608317,-0.0254026831617,-0.0915539651088,0.0558891271373,0.0024414032537
40.318,1790081595.04,-0.206965245778,-0.284778601621,-0.0257249835804,-0.0923833739203,0.0591290976904,0.00254750040943
40.338,1790081595.06,-0.212089780287,-0.285534896963,-0.0262404443754,-0.0910794807392,0.0602907971594,0.00258883593685
40.358,1790081595.08,-0.216985647599,-0.285944373209,-0.0265361331508,-0.091550913596,0.0632761753255,0.00266174666391
40.378,1790081595.1,-0.221630523043,-0.285992525898,-0.0268805107787,-0.0911339384438,0.0654161612015,0.00270246839361
40.398,1790081595.12,-0.226015824349,-0.285680756431,-0.027291100789,-0.0897636358559,0.0666400158448,0.00270931209348
40.418,1790081595.14,-0.230145319091,-0.285024466825,-0.0275354338562,-0.0894863422694,0.0689893149723,0.00272930892576
40.438,1790081595.16,-0.233998582207,-0.284011778419,-0.0279038271298,-0.0875463436541,0.0697003452567,0.00270369557042
40.458,1790081595.18,-0.237584981926,-0.282664036975,-0.028099415526,-0.0869109185851,0.0717382998461,0.00269134200791
40.478,1790081595.2,-0.240888348593,-0.280974515172,-0.0283138963238,-0.0855747498452,0.0730891008908,0.00265477750975
40.498,1790081595.22,-0.243903385749,-0.278948421449,-0.0285568542644,-0.0835212750627,0.0737302713533,0.00259445099479
40.518,1790081595.24,-0.246633512578,-0.27660027023,-0.0286756240896,-0.0821116127304,0.0750194937686,0.00254170183024
40.538,1790081595.26,-0.249066537067,-0.273927760953,-0.0288512703563,-0.0797173897123,0.0753196189525,0.00245041712111
40.558,1790081595.28,-0.251208890891,-0.27094832677,-0.0289063333619,-0.0780748968099,0.0763651621391,0.00236628145976
40.578,1790081595.3,-0.253051234924,-0.267662784819,-0.0289569023632,-0.0759408407146,0.0769038910483,0.00226648910479
40.598,1790081595.32,-0.254591626856,-0.264079334703,-0.0290063790999,-0.0732105203455,0.076969264558,0.00215060501195
40.618,1790081595.34,-0.255833271926,-0.260212501275,-0.0289740629914,-0.0709495241226,0.0773858096756,0.00203971732352
40.638,1790081595.36,-0.25677043629,-0.256067280684,-0.0289441178797,-0.0681640059514,0.0769935837776,0.00190946639832
40.658,1790081595.38,-0.257408522957,-0.251657769164,-0.0288486355796,-0.0656554583625,0.0770065107408,0.00177836021656
40.678,1790081595.4,-0.257745053635,-0.246991432581,-0.0287320091506,-0.062843703784,0.0766773502394,0.00164020056701
40.698,1790081595.42,-0.257781658665,-0.242079270728,-0.0285873904457,-0.0596426541938,0.0760599493625,0.00149179651609
40.718,1790081595.44,-0.257521546318,-0.236934872808,-0.0284063902584,-0.0566229622742,0.0754893760944,0.00134818613773
40.738,1790081595.46,-0.256966376017,-0.231569437307,-0.0281913922821,-0.0534419359088,0.0746467510915,0.00119977959404
40.758,1790081595.48,-0.256119278314,-0.2259951549,-0.0279696857896,-0.0503324140923,0.0738284559144,0.00105961896521
40.778,1790081595.5,-0.254983870653,-0.220224592484,-0.0277098130233,-0.0470875685691,0.0727422708625,0.000911442034108
40.798,1790081595.52,-0.253564755104,-0.214270349658,-0.0274079840105,-0.0437149241734,0.0716040836478,0.000768951259877
40.818,1790081595.54,-0.251864577394,-0.208144132141,-0.0271106055258,-0.0400050510815,0.0700347799131,0.000621355341397
40.838,1790081595.56,-0.249892441779,-0.201863344314,-0.0267534139847,-0.0368576606903,0.0688256515682,0.00048603193256
40.858,1790081595.58,-0.247648713443,-0.195436047445,-0.0264429637412,-0.0330535723557,0.0669848868084,0.00035215134742
40.878,1790081595.6,-0.245144182825,-0.188880594241,-0.0260879910352,-0.0295212244961,0.0652004377525,0.000219341978294
40.898,1790081595.62,-0.242385954672,-0.182210005079,-0.0256719539096,-0.0257755486527,0.0634305393148,9.50807407775e-05
40.918,1790081595.64,-0.239377076131,-0.175436507731,-0.0253232836342,-0.0218579725287,0.061216056131,-1.92988929265e-05
40.938,1790081595.66,-0.236132173094,-0.168580081109,-0.0248689883058,-0.0185803060501,0.0595596758869,-0.000130363190487
40.958,1790081595.68,-0.232649649915,-0.161647277054,-0.024541139227,-0.014694425129,0.0570722111023,-0.00022301413924
40.978,1790081595.7,-0.228945801624,-0.154657960351,-0.0241413618941,-0.0107932028537,0.0546474217569,-0.000317670819208
40.998,1790081595.72,-0.225029785358,-0.147627531419,-0.0236898036527,-0.00746221386594,0.0526124341708,-0.000403323389763
41.018,1790081595.74,-0.220903973026,-0.140564585449,-0.0233494735761,-0.00340332891554,0.0497585487121,-0.000472062643189
41.038,1790081595.76,-0.216588314645,-0.133491784484,-0.0228649474001,-0.000419481502025,0.0478724857129,-0.000542551277606
41.058,1790081595.78,-0.21207856488,-0.126411961383,-0.0225703024171,0.00383444946543,0.0446098402707,-0.000587484842381
41.078,1790081595.8,-0.207396892161,-0.119348943285,-0.022203274693,0.00748309505281,0.0418526233532,-0.000629535824389
41.098,1790081595.82,-0.202553550788,-0.11231646792,-0.0217654512315,0.0105644939262,0.039563210645,-0.000668803895974
41.118,1790081595.84,-0.197550170944,-0.105321441579,-0.0214938281485,0.0146009613158,0.0362113826915,-0.000684228732446
41.138,1790081595.86,-0.19241117719,-0.0983876835009,-0.0210327652793,0.0171815955148,0.0342169569154,-0.000710309981712
41.158,1790081595.88,-0.187129800602,-0.0915150530442,-0.0208345547419,0.0214344252752,0.030438759133,-0.00070112549059
41.178,1790081595.9,-0.181732578062,-0.0847285635975,-0.0205454798687,0.0248602931562,0.0273843535604,-0.000694444721112
41.198,1790081595.92,-0.176230745432,-0.0780409245463,-0.0201676855184,0.0275225945021,0.0249893830435,-0.000690317719109
41.218,1790081595.94,-0.170624971177,-0.0714569572446,-0.0200102806115,0.031387608605,0.0212813942175,-0.000656953003193
41.238,1790081595.96,-0.164943104641,-0.0650005004151,-0.0196116792621,0.0333887664558,0.0193358546446,-0.000645362217269
41.258,1790081595.98,-0.15917586649,-0.0586683941364,-0.0195495147932,0.037467336486,0.0152021107336,-0.000590512862974
41.278,1790081596,-0.153353050922,-0.0524856165074,-0.0193717781435,0.0404973112824,0.0120141844376,-0.000545301116958
41.298,1790081596.02,-0.147486201677,-0.0464631382187,-0.0190820699964,0.0425800426523,0.00967120400115,-0.000509296770971
41.318,1790081596.04,-0.141574820638,-0.0406034412698,-0.0190662247526,0.0461265802427,0.0057591009859,-0.000440530110235
41.338,1790081596.06,-0.135649014858,-0.0349292703611,-0.0187483267091,0.047403545681,0.00401811012791,-0.000405107320045
41.358,1790081596.08,-0.129697079091,-0.0294344513399,-0.0188401876905,0.0511737537916,-0.000318432890936,-0.000321084746874
41.378,1790081596.1,-0.123750903755,-0.0241429358516,-0.018785074973,0.0536774178122,-0.00348553362593,-0.000254257222504
41.398,1790081596.12,-0.117821739576,-0.0190634516656,-0.0185880978985,0.0550527235039,-0.00561989043962,-0.000203486765267
41.418,1790081596.14,-0.111907741758,-0.0141959262283,-0.0187162083734,0.0581573383267,-0.00957838234101,-0.000118780892143
41.438,1790081596.16,-0.106039970861,-0.00956108453639,-0.0184740571584,0.0585930757251,-0.0109599242429,-7.72591995672e-05
41.458,1790081596.18,-0.100204456553,-0.00514970567686,-0.0187135726317,0.0619439851012,-0.0153452245621,1.47704262731e-05
41.478,1790081596.2,-0.094433946582,-0.000983934605595,-0.0187701156766,0.0638229466169,-0.0183462319932,8.32467534715e-05
41.498,1790081596.22,-0.0887388557856,0.0029301030363,-0.0186496482715,0.0643984270514,-0.0201288443857,0.000130059324067
41.518,1790081596.24,-0.083115855614,0.00659523601784,-0.0189038222072,0.0669777176293,-0.0239950625128,0.0002095849714
41.538,1790081596.26,-0.0775957801253,0.00999329593136,-0.0187138366516,0.0664937759826,-0.0248799349289,0.000239824686191
41.558,1790081596.28,-0.0721625542384,0.0131366931621,-0.0190763961714,0.0693557519436,-0.0291810373076,0.000318638690423
41.578,1790081596.3,-0.0668487385423,0.0160054550773,-0.0192151002419,0.0705391108352,-0.031877993565,0.000369896267425
41.598,1790081596.32,-0.0616633462339,0.0185963331708,-0.0191388614274,0.0702535183811,-0.0331767912999,0.000396444976981
41.618,1790081596.34,-0.0566014228523,0.0209151535177,-0.0194856750134,0.0722552432972,-0.0368237045351,0.000452073859023
41.638,1790081596.36,-0.0516925650459,0.0229464370166,-0.0193108993325,0.0708026010047,-0.0370846110848,0.000457707495146
41.658,1790081596.38,-0.0469186326584,0.0247061344795,-0.0197588517079,0.0731372658526,-0.0411812032308,0.000505873079811
41.678,1790081596.4,-0.0423111063242,0.0261764407787,-0.0199411306284,0.0735978503719,-0.0434616373551,0.000526108007022
41.698,1790081596.42,-0.0378772126992,0.0273570430497,-0.0198682342584,0.0724238892544,-0.0441607840874,0.000521948337579
41.718,1790081596.44,-0.0336101533819,0.0282570838958,-0.0202658349243,0.0738269949524,-0.0474758013679,0.000540808286189
41.738,1790081596.46,-0.0295375142191,0.0288634842461,-0.0200645997329,0.0713919397698,-0.0470044820837,0.00051555068059
41.758,1790081596.48,-0.0256389905843,0.0291962861533,-0.0205552183333,0.0731927566574,-0.0507930189829,0.000522483315591
41.778,1790081596.5,-0.0219443551929,0.0292394480871,-0.0207396361775,0.0729349466842,-0.0525617039417,0.000505336743009
41.798,1790081596.52,-0.0184587005874,0.0289955507146,-0.0206304604489,0.07088879821,-0.05257538837,0.000468119245685
41.818,1790081596.54,-0.0151731430088,0.0284773969676,-0.0210397508552,0.0717218060173,-0.0554832153208,0.000445488683575
41.838,1790081596.56,-0.0121129151654,0.0276735135818,-0.0207755752607,0.068337092998,-0.0542064955454,0.000391577459512
41.858,1790081596.58,-0.00925526350193,0.0266087510121,-0.0212723095012,0.0696477363632,-0.057623592939,0.000355210188229
41.878,1790081596.6,-0.00662806485659,0.0252679570787,-0.0214243310392,0.068715015658,-0.058815504595,0.000302831117214
41.898,1790081596.62,-0.00423404700459,0.0236564236085,-0.0212471596694,0.0658433226235,-0.0580807002761,0.000238607994415
41.918,1790081596.64,-0.00206213872902,0.0217897076516,-0.0216131948955,0.0654486576716,-0.0603952898958,0.000170434159551
41.938,1790081596.66,-0.000134041780793,0.0196630879494,-0.0212836833111,0.0618850421525,-0.0583909456822,0.000105759254589
41.958,1790081596.68,0.00157490252379,0.0173014380603,-0.0217609149662,0.0628306835957,-0.0614060200031,3.23967847422e-05
41.978,1790081596.7,0.00303869263809,0.0146899574023,-0.0218598927128,0.0614240015817,-0.0620069867495,-4.46918162594e-05
41.998,1790081596.72,0.00425775192987,0.0118363253136,-0.021611620813,0.0582310078378,-0.0609177308545,-9.83154390675e-05
42.018,1790081596.74,0.00524198809237,0.00875764208763,-0.0219083061442,0.0572988545112,-0.0621783700392,-0.000212467331234
42.038,1790081596.76,0.00597667411048,0.00544914896144,-0.0215049270292,0.0527345154556,-0.0596082290907,-0.000274638904092
42.058,1790081596.78,0.006487246258,0.00194339540015,-0.0219483829079,0.0531977481941,-0.0621121356656,-0.000376396393732
42.078,1790081596.8,0.00674934265146,-0.00177734414636,-0.0219562705716,0.0501676104326,-0.0617851042134,-0.000483106592076
42.098,1790081596.82,0.00676702406916,-0.00569377281048,-0.0216673438319,0.0472433198837,-0.0594924663746,-0.000534138747373
42.118,1790081596.84,0.0065573177749,-0.00979212190677,-0.0219038602541,0.0459215902199,-0.0607840568705,-0.000651113192568
42.138,1790081596.86,0.00610263852282,-0.0140773267618,-0.0214187119347,0.0409002415826,-0.0575009959326,-0.000697854052106
42.158,1790081596.88,0.00543237707673,-0.0185111309026,-0.0218455896551,0.0412637488527,-0.0595056866003,-0.000809891565202
42.178,1790081596.9,0.00452407586476,-0.0231149270865,-0.0217939062908,0.0377903112788,-0.0589033357894,-0.000906465401933
42.198,1790081596.92,0.00338271930953,-0.0278673121559,-0.0214515994714,0.0341025278946,-0.0562921173013,-0.000956441196945
42.218,1790081596.94,0.00202576841642,-0.0327476138187,-0.0216475359115,0.0329329151465,-0.0567647808104,-0.00104398950701
42.238,1790081596.96,0.000439021098034,-0.0377666928731,-0.0210991404483,0.0274290324491,-0.0526642526336,-0.00105790256865
42.258,1790081596.98,-0.00134299622535,-0.0428782950422,-0.0215123448904,0.0278852340174,-0.0543424066178,-0.00116708335267
42.278,1790081597,-0.00334379670481,-0.0481097304807,-0.0214363514177,0.0240111950675,-0.0530849415742,-0.00123499504279
42.298,1790081597.02,-0.00555523307783,-0.0534365213892,-0.0210573075324,0.0200405368399,-0.049793173478,-0.00124628677165
42.318,1790081597.04,-0.00795600039907,-0.0588343827194,-0.0212522269974,0.0187746444159,-0.0498681001579,-0.00131236518711
42.338,1790081597.06,-0.01056136439,-0.0643181840689,-0.0206797586679,0.0129360503988,-0.0448454968564,-0.00128139029834
42.358,1790081597.08,-0.0133286367577,-0.0698348082183,-0.021110691224,0.0131488558545,-0.0465990955291,-0.00137550342517
42.378,1790081597.1,-0.016286333862,-0.0754135429365,-0.0210088426779,0.0100657845145,-0.0446847432887,-0.0013916597128
42.398,1790081597.12,-0.0194216038249,-0.0810359491261,-0.0206440859456,0.00534713137961,-0.0411105399441,-0.00137089299655
42.418,1790081597.14,-0.022711444807,-0.0866691785578,-0.0208640861537,0.00414944104125,-0.0409047312517,-0.00140771121845
42.438,1790081597.16,-0.0261721456291,-0.0923343831447,-0.0203017006131,-0.00215110211127,-0.0355217491272,-0.00133733142856
42.458,1790081597.18,-0.029756503261,-0.0979686587175,-0.0207739400346,-0.00151018755396,-0.0369545883356,-0.0013953371898
42.478,1790081597.2,-0.0334947670588,-0.103609909427,-0.0207018231098,-0.00452191040878,-0.0346609875405,-0.00137072374585
42.498,1790081597.22,-0.0373720062399,-0.109238535714,-0.0203636386455,-0.00920061488848,-0.0306216391015,-0.00130157307681
42.518,1790081597.24,-0.0413612410899,-0.114818730322,-0.0206361750493,-0.0101455176889,-0.0302192623444,-0.00130620852392
42.538,1790081597.26,-0.0454816151505,-0.120377957625,-0.0201035113479,-0.0164893618949,-0.0243567500147,-0.001184385533
42.558,1790081597.28,-0.0496789644769,-0.125845913083,-0.0206417403971,-0.0154680189772,-0.0257496159913,-0.00121675396698
42.578,1790081597.3,-0.0539878971156,-0.131268250506,-0.0206244431712,-0.0182797545282,-0.0232413182317,-0.00115511043449
42.598,1790081597.32,-0.05839179739,-0.136624998223,-0.0203354543394,-0.0228367671941,-0.0189111829792,-0.00104415878921
42.618,1790081597.34,-0.0628600703848,-0.141877503521,-0.0206777528167,-0.0234197861566,-0.0184569940404,-0.00102126064512
42.638,1790081597.36,-0.0674158238121,-0.147060057679,-0.0201941231234,-0.029687617703,-0.0122545730568,-0.000857328755222
42.658,1790081597.38,-0.071997766579,-0.152095454315,-0.0208112126146,-0.0281574483058,-0.0137393875576,-0.000869515303285
42.678,1790081597.4,-0.0766460055699,-0.15703761759,-0.0208593348802,-0.0306507765989,-0.0111311231406,-0.000779876320384
42.698,1790081597.42,-0.0813425477681,-0.161866638225,-0.0206289620098,-0.0349661818368,-0.00662435209173,-0.00063858237784
42.718,1790081597.44,-0.0860533499052,-0.166541601494,-0.0210453226712,-0.0350722950816,-0.00623097248117,-0.00059750814229
42.738,1790081597.46,-0.0908063274032,-0.171103864324,-0.0206159189174,-0.0411438626417,0.000189789928448,-0.000406531830827
42.758,1790081597.48,-0.0955330736048,-0.175470161601,-0.0213111131166,-0.0389916286961,-0.00150898718267,-0.000408026422856
42.778,1790081597.5,-0.100280127833,-0.179702891348,-0.0214203636754,-0.0410725775559,0.00109133205428,-0.000303727516607
42.798,1790081597.52,-0.105028379094,-0.183782500956,-0.0212442921039,-0.0450429232223,0.00565214146895,-0.000148096002331
42.818,1790081597.54,-0.109740682861,-0.187666497251,-0.021726738983,-0.0445711385216,0.00585857847637,-0.000101667718521
42.838,1790081597.56,-0.114450555059,-0.191403367094,-0.0213409509781,-0.0503579365898,0.0123807976886,9.7848477525e-05
42.858,1790081597.58,-0.119082629311,-0.194904655124,-0.0221002658561,-0.0474989621783,0.0103490749643,9.56480111354e-05
42.878,1790081597.6,-0.123690529783,-0.198241005889,-0.0222568276795,-0.0490720339918,0.0128089515635,0.000198655009989
42.898,1790081597.62,-0.128254599814,-0.201393808413,-0.0221170055089,-0.0526218718694,0.0173082589091,0.000351065245928
42.918,1790081597.64,-0.132734944548,-0.204319557883,-0.0226447271686,-0.0515054514504,0.0172165462162,0.000389690889208
42.938,1790081597.66,-0.137171193857,-0.207073569032,-0.0222800204562,-0.0569439014182,0.0237303741279,0.000578627893913
42.958,1790081597.68,-0.141481421018,-0.209563225429,-0.0230791982083,-0.053325259592,0.0212614086273,0.000565107009772
42.978,1790081597.7,-0.145726768109,-0.211866943569,-0.0232563167208,-0.054343962787,0.0234808525158,0.000652302998088
42.998,1790081597.72,-0.149887379879,-0.213967296333,-0.0231253223409,-0.0574236879685,0.0278129655647,0.000785218568659
43.018,1790081597.74,-0.153921079128,-0.215820382985,-0.0236705698827,-0.0556175613009,0.027317932074,0.000804882826464
43.038,1790081597.76,-0.157873957921,-0.217487864657,-0.0232966944651,-0.0606660760609,0.0337201250144,0.000966395131302
43.058,1790081597.78,-0.161658056493,-0.218873982756,-0.0241077894347,-0.056249643538,0.0307096314148,0.000933724092284
43.078,1790081597.8,-0.165342315727,-0.220064302906,-0.0242757862314,-0.0566785297194,0.0325852056472,0.000993660559152
43.098,1790081597.82,-0.168907160286,-0.221042911535,-0.0241212960059,-0.0592714881627,0.0366633131686,0.00109473098287
43.118,1790081597.84,-0.17230854967,-0.221765971324,-0.0246529958885,-0.0567717901941,0.0356876623922,0.0010887089887
43.138,1790081597.86,-0.175599099824,-0.22230072755,-0.0242367589226,-0.061426769131,0.041899968667,0.00121077625435
43.158,1790081597.88,-0.178685446726,-0.222549272246,-0.0250309528655,-0.0562188378205,0.0382762696721,0.00115611572615
43.178,1790081597.9,-0.181644309087,-0.222603424532,-0.0251595055457,-0.0560649461675,0.0397356733457,0.00118280043823
43.198,1790081597.92,-0.184456689434,-0.222448862007,-0.0249518779567,-0.0581745236091,0.0434823393004,0.0012450184358
43.218,1790081597.94,-0.187077175356,-0.222042269745,-0.0254449579179,-0.0549858946582,0.041947762253,0.00121165674367
43.238,1790081597.96,-0.189564941116,-0.221455745341,-0.0249575070005,-0.0592626086604,0.047901639298,0.00128820211993
43.258,1790081597.98,-0.191821878326,-0.220590111401,-0.0257138532757,-0.0532836916573,0.0435997645383,0.00121386623419
43.278,1790081598,-0.193932388647,-0.219542543801,-0.0257793686084,-0.0525816221096,0.0445912713646,0.00120718087314
43.298,1790081598.02,-0.195878320203,-0.218300326224,-0.0254939500186,-0.0542587419744,0.0479703976702,0.00122996061235
43.318,1790081598.04,-0.197615129119,-0.216822846466,-0.0259045339092,-0.051191343822,0.0466016339377,0.00113214459058
43.338,1790081598.06,-0.199198953073,-0.215176593643,-0.0253601346559,-0.054004011303,0.0511195287823,0.001228016661
43.358,1790081598.08,-0.200538841818,-0.213273316534,-0.0260631050447,-0.047294443019,0.0460917997854,0.00114284109985
43.378,1790081598.1,-0.201725109242,-0.211212988583,-0.0260385261277,-0.046424199144,0.0469081783511,0.0010886899352
43.398,1790081598.12,-0.202736018243,-0.208979760935,-0.0256878290845,-0.0470486807237,0.0492092016641,0.0011176778779
43.418,1790081598.14,-0.203535621604,-0.206543125168,-0.025967325278,-0.0439923687777,0.0478904468498,0.00100318780628
43.438,1790081598.16,-0.204176945806,-0.203963061705,-0.0253768718454,-0.0466761017668,0.0527787983588,0.00101386872707
43.458,1790081598.18,-0.204565339196,-0.201156137913,-0.0260177630782,-0.0397134529633,0.0467730797025,0.000921778680249
43.478,1790081598.2,-0.204800707532,-0.198223044838,-0.0258949145484,-0.0392486034449,0.0478328861213,0.000798884427724
43.498,1790081598.22,-0.204856203563,-0.195143668897,-0.0254494480641,-0.0396168511862,0.0496644444821,0.000801994949598
43.518,1790081598.24,-0.204695497517,-0.191887663316,-0.0256877935208,-0.0352101889574,0.0468647624602,0.000729545764404
43.538,1790081598.26,-0.204382384317,-0.188523905668,-0.0250124646948,-0.0377167406808,0.0509086425979,0.000693836968346
43.558,1790081598.28,-0.203823675052,-0.18496736228,-0.0256228090915,-0.0295348838369,0.0447386693495,0.00064534449498
43.578,1790081598.3,-0.203119200212,-0.181327009666,-0.0253902106187,-0.0292071989842,0.0441616602377,0.000505972365566
43.598,1790081598.32,-0.202248929303,-0.177574677082,-0.0249622868111,-0.0285077831903,0.0459611931821,0.000507363395715
43.618,1790081598.34,-0.201180430989,-0.173695076374,-0.0250840821222,-0.024503043335,0.0433263204167,0.00044505834283
43.638,1790081598.36,-0.199972956151,-0.169746451935,-0.0243140338398,-0.0267094202611,0.0475659509424,0.000418203732346
43.658,1790081598.38,-0.198529519872,-0.16564991959,-0.0249252529256,-0.0188952620654,0.0404334129021,0.000341608460825
43.678,1790081598.4,-0.196960895923,-0.161508846299,-0.0246112128606,-0.0176636334759,0.0403218295345,0.000282243022231
43.698,1790081598.42,-0.195238146756,-0.157301933012,-0.0241492759166,-0.0174808250073,0.0411513839513,0.000224624129656
43.718,1790081598.44,-0.193336573491,-0.153010672274,-0.024251302526,-0.0132619262986,0.0379636311655,0.000174553054116
43.738,1790081598.46,-0.191316888744,-0.148694144483,-0.0234307579344,-0.0159117934409,0.0416314097371,0.000112941036635
43.758,1790081598.48,-0.189084861487,-0.144272140556,-0.0240454618182,-0.00744232905308,0.0341098408732,8.85371281947e-05
43.778,1790081598.5,-0.186752403077,-0.139849686459,-0.0237040530507,-0.00609206128003,0.0336762660618,4.12613818777e-05
43.798,1790081598.52,-0.18429195717,-0.135406462936,-0.0232096165282,-0.00584812379185,0.0342928952941,-4.96715786558e-06
43.818,1790081598.54,-0.18167920969,-0.130925079366,-0.0233144141967,-0.00152970970982,0.0307581769446,-3.25920083607e-05
43.838,1790081598.56,-0.178976519225,-0.126463155013,-0.0224582613359,-0.00430810367114,0.0342725494412,-9.08091921237e-05
43.858,1790081598.58,-0.176089884012,-0.121942699046,-0.023121001064,0.0043563747205,0.0262445939518,-8.21245905586e-05
43.878,1790081598.6,-0.173133857451,-0.11746702956,-0.0227753532776,0.00560199111985,0.0255856183055,-0.000114578023089
43.898,1790081598.62,-0.170081292926,-0.113016006455,-0.0222775869048,0.00570749211323,0.0260012060249,-0.000148634308424
43.918,1790081598.64,-0.166908827747,-0.108572765005,-0.0224176181891,0.0100039371291,0.0221467442961,-0.000152831389791
43.938,1790081598.66,-0.163680073045,-0.104193007509,-0.0215442889046,0.00692688592266,0.0256144427186,-0.000203874193947
43.958,1790081598.68,-0.1603015494,-0.0998005843963,-0.0222762467267,0.0156255670057,0.0172132986929,-0.000164413150892
43.978,1790081598.7,-0.156888711235,-0.0954958078437,-0.0219486267602,0.0166545421569,0.0164289675344,-0.00018085848628
43.998,1790081598.72,-0.153415047419,-0.0912586931686,-0.0214645661815,0.0164959650247,0.0167670670847,-0.000201790962166
44.018,1790081598.74,-0.149857875647,-0.0870724737583,-0.0216565046293,0.0206455616992,0.0127207210149,-0.000184845322376
44.038,1790081598.76,-0.146280815448,-0.082990099397,-0.0207815941167,0.0171707371561,0.0162438776254,-0.000227359471708
44.058,1790081598.78,-0.142591449308,-0.0789371706053,-0.0216036902732,0.0258359971613,0.00754231690905,-0.000163633418444
44.078,1790081598.8,-0.138904924248,-0.075010486557,-0.0213147636404,0.0266064150677,0.00667885171704,-0.000166209801947
44.098,1790081598.82,-0.135195705177,-0.0711902864199,-0.0208592470349,0.0261146205875,0.00701356828597,-0.0001763731823
44.118,1790081598.84,-0.131441674118,-0.0674596019836,-0.0211179270261,0.0300474027552,0.00285243784103,-0.000144254675916
44.138,1790081598.86,-0.127705654675,-0.0638683284039,-0.0202510810177,0.0260849871195,0.00652930691531,-0.000179757732998
44.158,1790081598.88,-0.123896760524,-0.0603434858113,-0.0211703680403,0.0346104225248,-0.0023539346981,-0.000102453217484
44.178,1790081598.9,-0.120128555773,-0.0569779849714,-0.0209214943542,0.0349926570658,-0.00315217582582,-9.68828773553e-05
44.198,1790081598.92,-0.116490229106,-0.0538038764712,-0.0107886150911,0.0341684564134,-0.002786723383,-0.000100447743772
44.218,1790081598.94,-0.112899192688,-0.0507747392779,0.0034832224847,0.0368422368712,-0.00597995819266,-0.0001314573745
44.238,1790081598.96,-0.109316939672,-0.0479601842417,0.00457653626074,-0.0321224046224,0.0623461606956,-0.00103996264433
44.258,1790081598.98,-0.105505702063,-0.0450453201391,0.00399855029874,-0.121859267848,0.151606147815,-0.00192550917697
44.278,1790081599,-0.100940495311,-0.0414918045189,0.003738947868,-0.127801999585,0.15657846054,-0.00199925934682
44.298,1790081599.02,-0.0957206762218,-0.0373962378235,0.00346112468765,-0.112931403477,0.140915679528,-0.00186551023183
44.318,1790081599.04,-0.0899220228331,-0.0328308062289,0.00330377080469,-0.0838483414092,0.110990102797,-0.0016656306009
44.338,1790081599.06,-0.083687545632,-0.0279354065779,0.00324150682453,-0.0538426356599,0.080091400613,-0.00151013777887
44.358,1790081599.08,-0.0771491947372,-0.0228386613071,0.00322010859796,-0.0288385746796,0.0542465899376,-0.0013385214221
44.378,1790081599.1,-0.0704111866377,-0.017641861099,0.00323537373584,-0.0103775274492,0.0348037314006,-0.00120499086933
44.398,1790081599.12,-0.0635493630727,-0.0124168998362,0.00326687340897,0.00173448849701,0.021717691959,-0.00108655655863
44.418,1790081599.14,-0.0566111497819,-0.00720746119215,0.00332535425482,0.00950722497205,0.0129090722578,-0.00101529011311
44.438,1790081599.16,-0.0496289488069,-0.00204197768477,0.0033807086389,0.0138200741439,0.0075455905847,-0.000944543718811
44.458,1790081599.18,-0.0426208683591,0.00306545590924,0.00343176688049,0.0161524608146,0.00409502943369,-0.000877384873638
44.478,1790081599.2,-0.0355983618869,0.00810788160017,0.00347956496255,0.0176413516903,0.00149061943226,-0.000813013064332
44.498,1790081599.22,-0.0285705670334,0.0130804996378,0.00351336337185,0.0187906632959,-0.000767168006012,-0.000744266893244
44.518,1790081599.24,-0.0215453055582,0.0179795957616,0.00354061412465,0.0200219654511,-0.00325514185336,-0.000668922781949
44.538,1790081599.26,-0.0145323853915,0.0228004947716,0.00355042864127,0.0214247080584,-0.00590154321392,-0.000587618538341
44.558,1790081599.28,-0.00754191765266,0.0275379589983,0.0035482068152,0.0231561158384,-0.00888717033544,-0.000505628418488
44.578,1790081599.3,-0.000585911238602,0.0321848828721,0.0035286704983,0.0250482389242,-0.0120464709435,-0.000418254060068
44.598,1790081599.32,0.00632305734043,0.0367336713014,0.00349116464911,0.0270309465429,-0.0153038160354,-0.000326006513266
44.618,1790081599.34,0.0131722516616,0.0411765505615,0.00343813895861,0.0291241978138,-0.0187087869161,-0.000236647057782
44.638,1790081599.36,0.0199479783128,0.0455050240919,0.00336607746478,0.0311795753314,-0.0220791443796,-0.000144118123509
44.658,1790081599.38,0.0266369611543,0.0497109775652,0.00327578666172,0.0331852196527,-0.0254104824708,-5.14441755688e-05
44.678,1790081599.4,0.0332260350217,0.0537864670405,0.00316722401324,0.0351094126466,-0.0286664782658,4.08605312869e-05
44.698,1790081599.42,0.0397023780748,0.0577239122253,0.00304071608951,0.0369412294095,-0.031834752748,0.000131985411115
44.718,1790081599.44,0.0460535209376,0.0615161072241,0.00289677246131,0.0386741904112,-0.0349062239381,0.000221284679211
44.738,1790081599.46,0.0522673194948,0.0651563306933,0.0027374718651,0.040348246318,-0.0378353968655,0.000310011724738
44.758,1790081599.48,0.0583324500583,0.0686377786828,0.00255970814257,0.0418389427871,-0.0407442697504,0.000391902830442
44.778,1790081599.5,0.0642373171459,0.0719548247663,0.00236857670225,0.0432667293537,-0.0435111056651,0.00047195696731
44.798,1790081599.52,0.0699710617047,0.0751019807229,0.00216670324734,0.0446756516837,-0.0461387821984,0.000548835309087
44.818,1790081599.54,0.0755234623806,0.0780732719215,0.00194766648123,0.0458282015707,-0.0487154124693,0.000618973102594
44.838,1790081599.56,0.0808843224043,0.0808646136915,0.00172075800115,0.046954176444,-0.0511481995023,0.000684918515146
44.858,1790081599.58,0.0860441233385,0.0834714798015,0.00148507343173,0.0479776248348,-0.0534639456186,0.000745182870968
44.878,1790081599.6,0.0909937775641,0.0858899036731,0.00124252087014,0.048910666252,-0.0556541568303,0.000799354305733
44.898,1790081599.62,0.0957247093614,0.0881162289155,0.00099476179146,0.0497421407284,-0.0577192263276,0.000847062425125
44.918,1790081599.64,0.100228833074,0.090147218192,0.000743636027411,0.050469689513,-0.0596560848104,0.00088801092909
44.938,1790081599.66,0.104498571234,0.0919800427351,0.00049100731975,0.0510903917061,-0.061462086732,0.000921966657681
44.958,1790081599.68,0.108526863173,0.0936122977552,0.000238756335812,0.0516030275442,-0.0631342502092,0.000948744598387
44.978,1790081599.7,0.11230717715,0.0950420044941,-1.12441563816e-05,0.0520070013914,-0.0646697530954,0.000968213978223
44.998,1790081599.72,0.115833520958,0.0962676118501,-0.000257146527441,0.0523022875969,-0.0660659863421,0.000980299063927
45.018,1790081599.74,0.119100437036,0.0972879125246,-0.000506597771886,0.052495558665,-0.0673794640445,0.000985536737331
45.038,1790081599.76,0.122102832213,0.0981023405655,-0.000738730320312,0.0525692122598,-0.0684833348729,0.000982489406109
45.058,1790081599.78,0.124836398525,0.0987105673534,-0.000960993263336,0.0525349393775,-0.06943453072,0.000972119779099
45.078,1790081599.8,0.12729744602,0.099112759403,-0.00117181037974,0.0523942839542,-0.0702326949571,0.00095461127284
