stamp_sec,receive_sec,x,y,z,qx,qy,qz,qw,yaw_rad
0.198,1790081554.88,0,0,0.15,0,0,0,1,0
0.218,1790081554.9,0,0,0.147942,0,0,0,1,0
0.238,1790081554.92,0,0,0.141964,0,0,0,1,0
0.258,1790081554.94,0,0,0.132066,0,0,0,1,0
0.278,1790081554.96,0,3.03318151478e-30,0.118248,4.02909745931e-30,-1.52638021585e-22,1.00686429932e-28,1,2.01372859864e-28
0.298,1790081554.98,0,1.08300743094e-35,0.10051,-6.28896060736e-33,3.52268476887e-29,-2.09613275588e-35,1,-4.19226551176e-35
0.318,1790081555,0,4.76620990769e-35,0.078852,-6.65182767337e-33,-2.46329538522e-33,1.14422901625e-33,1,2.28845803251e-33
0.338,1790081555.02,0,8.60324306318e-35,0.053274,-6.65588406379e-33,-2.45788849529e-33,2.30942098471e-33,1,4.61884196942e-33
0.358,1790081555.04,0,1.51935060905e-30,0.023776,-1.90175805872e-32,-3.19738893201e-23,5.07248306363e-29,1,1.01449661273e-28
0.378,1790081555.06,1.24923179422e-06,-7.2407927365e-09,0.0249952028416,-2.60437483382e-08,2.49890151032e-05,1.94809837484e-08,0.999999999688,3.89606659181e-08
0.398,1790081555.08,-9.40644164004e-10,-2.2200774661e-08,0.0250000000663,2.70488406892e-10,-1.25594559545e-10,4.79186044383e-08,1,9.58372088765e-08
0.418,1790081555.1,-1.96135340423e-06,-3.67122710452e-08,0.0249921563309,2.02256612722e-08,-3.91911953438e-05,7.52741841959e-08,0.999999999232,1.50546783403e-07
0.438,1790081555.12,1.24697369652e-06,-4.61654567464e-08,0.0249952028415,-2.59716015253e-08,2.49890956657e-05,9.79359894765e-08,0.999999999688,1.95870681123e-07
0.458,1790081555.14,-3.20930212109e-09,-6.11160463982e-08,0.0250000000663,2.70488432319e-10,-1.25594571383e-10,1.26318487211e-07,1,2.52636974421e-07
0.478,1790081555.16,-1.9636221848e-06,-7.56275721342e-08,0.0249921563309,2.02284568982e-08,-3.91911953441e-05,1.53672736352e-07,0.999999999232,3.07343887856e-07
0.498,1790081555.18,1.24470491018e-06,-8.50801430335e-08,0.0249952028415,-2.59731982662e-08,2.49890956474e-05,1.76334230714e-07,0.999999999688,3.52667163665e-07
0.518,1790081555.2,-5.47809170287e-09,-1.00030741389e-07,0.0250000000663,2.70488452663e-10,-1.25594583092e-10,2.04716358302e-07,1,4.09432716603e-07
0.538,1790081555.23,-1.9658909792e-06,-1.14542392656e-07,0.0249921563309,2.02312530801e-08,-3.91911953575e-05,2.32070245974e-07,0.999999999232,4.64138907243e-07
0.558,1790081555.24,1.24243611173e-06,-1.23994349592e-07,0.0249952028415,-2.59747950914e-08,2.4989095629e-05,2.54731438219e-07,0.999999999688,5.09461578741e-07
0.578,1790081555.27,-7.74689337492e-09,-1.38944956667e-07,0.0250000000663,2.70488473076e-10,-1.25594594652e-10,2.83113195738e-07,1,5.66226391475e-07
0.598,1790081555.29,-1.96815978569e-06,-1.53456733468e-07,0.0249921563308,2.02340492245e-08,-3.9191195371e-05,3.10466721924e-07,0.999999999232,6.20931859286e-07
0.618,1790081555.31,1.2401673012e-06,-1.62908076449e-07,0.0249952028415,-2.59763918941e-08,2.49890956106e-05,3.33127612065e-07,0.999999999688,6.66253926501e-07
0.638,1790081555.33,-1.00157071253e-08,-1.77858692244e-07,0.0250000000663,2.70488493458e-10,-1.25594606213e-10,3.61508999538e-07,1,7.23017999076e-07
0.658,1790081555.35,-1.97042860426e-06,-1.92370594578e-07,0.0249921563308,2.02368453326e-08,-3.91911953844e-05,3.8886216425e-07,0.999999999232,7.77722744079e-07
0.678,1790081555.37,1.23789847858e-06,-2.01821323613e-07,0.0249952028415,-2.59779886774e-08,2.49890955922e-05,4.11522752312e-07,0.999999999688,8.23044207062e-07
0.698,1790081555.39,-1.22845329589e-08,-2.16771948126e-07,0.0250000000663,2.70488513827e-10,-1.25594617821e-10,4.39903769734e-07,1,8.79807539467e-07
0.718,1790081555.41,-1.97269743492e-06,-2.31283975989e-07,0.0249921563308,2.02396414031e-08,-3.91911953978e-05,4.67256572985e-07,0.999999999232,9.34511561692e-07
0.738,1790081555.43,1.23562964389e-06,-2.40734091086e-07,0.0249952028415,-2.59795854383e-08,2.49890955737e-05,4.89916858948e-07,0.999999999688,9.798324204e-07
0.758,1790081555.45,-1.45533708778e-08,-2.5568472432e-07,0.0250000000663,2.70488534212e-10,-1.25594629388e-10,5.18297506347e-07,1,1.03659501269e-06
0.778,1790081555.47,-1.97496627766e-06,-2.70196877711e-07,0.0249921563308,2.02424374369e-08,-3.91911954112e-05,5.45649948133e-07,0.999999999232,1.09129831213e-06
0.798,1790081555.49,1.2333607971e-06,-2.79646378878e-07,0.0249952028415,-2.59811821784e-08,2.49890955553e-05,5.68309931992e-07,0.999999999688,1.13661856656e-06
0.818,1790081555.51,-1.68222208915e-08,-2.9459702083e-07,0.0250000000663,2.70488554577e-10,-1.25594641029e-10,5.96690209348e-07,1,1.1933804187e-06
0.838,1790081555.53,-1.9772351325e-06,-3.09109299746e-07,0.0249921563308,2.02452334339e-08,-3.91911954247e-05,6.24042289679e-07,0.999999999232,1.24808299536e-06
0.858,1790081555.55,1.23109193822e-06,-3.18558186991e-07,0.0249952028415,-2.59827788994e-08,2.49890955369e-05,6.4670197147e-07,0.999999999688,1.29340264558e-06
0.878,1790081555.57,-1.90910829861e-08,-3.33508837657e-07,0.0250000000663,2.70488574939e-10,-1.25594652596e-10,6.7508187882e-07,1,1.35016375764e-06
0.898,1790081555.59,-1.97950399941e-06,-3.48021242097e-07,0.0249921563308,2.02480293939e-08,-3.91911954381e-05,7.02433597695e-07,0.999999999232,1.40486561154e-06
0.918,1790081555.61,1.22882306727e-06,-3.5746951543e-07,0.0249952028415,-2.59843755991e-08,2.49890955184e-05,7.2509297742e-07,0.999999999688,1.45018465755e-06
0.938,1790081555.63,-2.13599571643e-08,-3.72420174816e-07,0.0250000000663,2.70488595312e-10,-1.25594664231e-10,7.53472514714e-07,1,1.50694502943e-06
0.958,1790081555.65,-1.98177287841e-06,-3.86932704781e-07,0.0249921563308,2.02508253175e-08,-3.91911954515e-05,7.80823872144e-07,0.999999999232,1.56164616058e-06
0.978,1790081555.67,1.22655418423e-06,-3.96380364205e-07,0.0249952028415,-2.59859722752e-08,2.49890955e-05,8.03482949791e-07,0.999999999687,1.60696460235e-06
0.998,1790081555.69,-2.36288434256e-08,-4.11331032311e-07,0.0250000000663,2.70488615682e-10,-1.25594675764e-10,8.31862117071e-07,1,1.66372423414e-06
1.018,1790081555.71,-1.98404176949e-06,-4.25843687798e-07,0.0249921563308,2.02536212041e-08,-3.91911954649e-05,8.59213113051e-07,0.999999999232,1.71842464253e-06
1.038,1790081555.73,1.2242852891e-06,-4.35290733327e-07,0.0249952028415,-2.598756893e-08,2.49890954816e-05,8.8187188861e-07,0.999999999687,1.76374248006e-06
1.058,1790081555.75,-2.58977417702e-08,-4.50241410148e-07,0.0250000000663,2.70488636103e-10,-1.25594687338e-10,9.10250685871e-07,1,1.82050137174e-06
1.078,1790081555.77,-1.98631067265e-06,-4.64754191156e-07,0.0249921563308,2.02564170538e-08,-3.91911954783e-05,9.37601320432e-07,0.999999999232,1.87520105744e-06
1.098,1790081555.79,1.2220163819e-06,-4.74200622793e-07,0.0249952028415,-2.59891655669e-08,2.49890954632e-05,9.60259793915e-07,0.999999999687,1.92051829074e-06
1.118,1790081555.81,-2.81666521937e-08,-4.89151308332e-07,0.0250000000663,2.70488656455e-10,-1.25594698926e-10,9.88638221177e-07,1,1.97727644235e-06
1.138,1790081555.83,-1.98857958789e-06,-5.03664214856e-07,0.0249921563308,2.02592128663e-08,-3.91911954917e-05,1.01598849428e-06,0.999999999232,2.03197540528e-06
1.158,1790081555.85,1.21974746261e-06,-5.13110032611e-07,0.0249952028415,-2.59907621813e-08,2.49890954447e-05,1.03864666572e-06,0.999999999687,2.07729203442e-06
1.178,1790081555.87,-3.04355746979e-08,-5.28060726866e-07,0.0250000000663,2.70488676821e-10,-1.25594710567e-10,1.06702472296e-06,0.999999999999,2.13404944593e-06
1.198,1790081555.89,-1.99084851522e-06,-5.42573758907e-07,0.0249921563308,2.02620086427e-08,-3.91911955051e-05,1.09437463466e-06,0.999999999231,2.18874768617e-06
1.218,1790081555.91,1.21747853125e-06,-5.52018962789e-07,0.0249952028415,-2.5992358774e-08,2.49890954263e-05,1.11703250404e-06,0.999999999687,2.23406371111e-06
1.238,1790081555.93,-3.27045092855e-08,-5.66969665763e-07,0.0250000000663,2.70488697194e-10,-1.25594722094e-10,1.14541019127e-06,0.999999999999,2.29082038254e-06
1.258,1790081555.95,-1.99311745462e-06,-5.81482823316e-07,0.0249921563308,2.02648043813e-08,-3.91911955186e-05,1.17275974152e-06,0.999999999231,2.34551790004e-06
1.278,1790081555.97,1.2152095878e-06,-5.90927413331e-07,0.0249952028415,-2.59939553469e-08,2.49890954079e-05,1.19541730884e-06,0.999999999687,2.39083332079e-06
1.298,1790081555.99,-3.4973455953e-08,-6.05878125021e-07,0.0250000000663,2.70488717567e-10,-1.25594733647e-10,1.22379462608e-06,0.999999999999,2.44758925216e-06
1.318,1790081556.01,-1.99538640611e-06,-6.20391408089e-07,0.0249921563308,2.02676000833e-08,-3.9191195532e-05,1.25114381491e-06,0.999999999231,2.50228604697e-06
1.338,1790081556.03,1.21294063227e-06,-6.29835384248e-07,0.0249952028415,-2.59955518968e-08,2.49890953894e-05,1.27380108017e-06,0.999999999687,2.54760086352e-06
1.358,1790081556.05,-3.72424147035e-08,-6.44786104655e-07,0.0250000000663,2.70488737923e-10,-1.25594745262e-10,1.30217802744e-06,0.999999999999,2.60435605488e-06
1.378,1790081556.07,-1.99765536968e-06,-6.59299513236e-07,0.0249921563308,2.02703957491e-08,-3.91911955454e-05,1.32952685488e-06,0.999999999231,2.65905212704e-06
1.398,1790081556.09,1.21067166466e-06,-6.68742875546e-07,0.0249952028415,-2.59971484293e-08,2.4989095371e-05,1.35218381811e-06,0.999999999687,2.70436633947e-06
1.418,1790081556.11,-3.95113855334e-08,-6.83693604671e-07,0.0250000000663,2.70488758311e-10,-1.25594756917e-10,1.3805603954e-06,0.999999999999,2.7611207908e-06
1.438,1790081556.13,-1.99992434533e-06,-6.98207138757e-07,0.0249921563308,2.02731913775e-08,-3.91911955588e-05,1.40790886143e-06,0.999999999231,2.81581614028e-06
1.458,1790081556.15,1.20840268497e-06,-7.07649887227e-07,0.0249952028415,-2.5998744937e-08,2.49890953526e-05,1.4305655226e-06,0.999999999687,2.86112974851e-06
1.478,1790081556.17,-4.17803684443e-08,-7.22600625066e-07,0.0250000000663,2.70488778667e-10,-1.25594768484e-10,1.45894172985e-06,0.999999999999,2.91788345971e-06
1.498,1790081556.19,-2.00219333306e-06,-7.37114284665e-07,0.0249921563308,2.02759869687e-08,-3.91911955722e-05,1.48628983447e-06,0.999999999231,2.97257808652e-06
1.518,1790081556.21,1.2061336932e-06,-7.46556419298e-07,0.0249952028415,-2.60003414236e-08,2.49890953342e-05,1.5089461936e-06,0.999999999687,3.01789109058e-06
1.538,1790081556.23,-4.40493634305e-08,-7.61507165858e-07,0.0250000000663,2.70488799051e-10,-1.25594779936e-10,1.53732203091e-06,0.999999999999,3.07464406182e-06
1.558,1790081556.25,-2.00446233287e-06,-7.76020950962e-07,0.0249921563308,2.02787825238e-08,-3.91911955856e-05,1.56466977411e-06,0.999999999231,3.12933796594e-06
1.578,1790081556.27,1.20386468935e-06,-7.85462471776e-07,0.0249952028415,-2.60019378919e-08,2.49890953157e-05,1.58732583121e-06,0.999999999687,3.17465036586e-06
1.598,1790081556.29,-4.63183705018e-08,-8.0041322705e-07,0.0250000000663,2.70488819386e-10,-1.25594791679e-10,1.61570129853e-06,0.999999999999,3.23140259707e-06
1.618,1790081556.31,-2.00673134475e-06,-8.14927137659e-07,0.0249921563308,2.02815780419e-08,-3.9191195599e-05,1.64304868034e-06,0.999999999231,3.28609577854e-06
1.638,1790081556.33,1.20159567342e-06,-8.24368044655e-07,0.0249952028415,-2.6003534339e-08,2.49890952973e-05,1.6657044354e-06,0.999999999686,3.33140757431e-06
1.658,1790081556.35,-4.85873896522e-08,-8.39318808646e-07,0.0250000000663,2.70488839796e-10,-1.25594803239e-10,1.69407953277e-06,0.999999999999,3.38815906553e-06
1.678,1790081556.37,-2.00900036872e-06,-8.53832844756e-07,0.0249921563308,2.02843735226e-08,-3.91911956124e-05,1.72142655319e-06,0.999999999231,3.44285152437e-06
1.698,1790081556.39,1.19932664541e-06,-8.63273137941e-07,0.0249952028415,-2.60051307637e-08,2.49890952789e-05,1.74408200624e-06,0.999999999686,3.48816271605e-06
1.718,1790081556.41,-5.08564208815e-08,-8.78223910649e-07,0.0250000000663,2.70488860147e-10,-1.2559481482e-10,1.77245673363e-06,0.999999999998,3.54491346726e-06
1.738,1790081556.43,-2.01126940477e-06,-8.92738072262e-07,0.0249921563308,2.02871689673e-08,-3.91911956259e-05,1.79980339268e-06,0.99999999923,3.59960520349e-06
1.758,1790081556.45,1.19705760532e-06,-9.02177751643e-07,0.0249952028415,-2.60067271702e-08,2.49890952604e-05,1.82245854369e-06,0.999999999686,3.64491579103e-06
1.778,1790081556.47,-5.31254641896e-08,-9.17128533069e-07,0.0250000000663,2.70488880515e-10,-1.25594826353e-10,1.85083290113e-06,0.999999999998,3.70166580226e-06
1.798,1790081556.49,-2.01353845289e-06,-9.31642820183e-07,0.0249921563308,2.02899643745e-08,-3.91911956393e-05,1.87817919877e-06,0.99999999923,3.75635681582e-06
1.818,1790081556.51,1.19478855316e-06,-9.41081885773e-07,0.0249952028415,-2.60083235513e-08,2.4989095242e-05,1.90083404776e-06,0.999999999686,3.80166679922e-06
1.838,1790081556.53,-5.53945195762e-08,-9.56032675916e-07,0.0250000000663,2.70488900867e-10,-1.25594837968e-10,1.92920803525e-06,0.999999999998,3.8584160705e-06
1.858,1790081556.55,-2.0158075131e-06,-9.70547088526e-07,0.0249921563308,2.02927597443e-08,-3.91911956527e-05,1.95655397153e-06,0.99999999923,3.91310636148e-06
1.878,1790081556.57,1.19251948891e-06,-9.79985540333e-07,0.0249952028415,-2.60099199139e-08,2.49890952236e-05,1.97920851852e-06,0.999999999686,3.95841574081e-06
1.898,1790081556.59,-5.76635870426e-08,-9.94936339192e-07,0.0250000000663,2.70488921245e-10,-1.25594849555e-10,2.00758213607e-06,0.999999999998,4.01516427214e-06
1.918,1790081556.61,-2.01807658538e-06,-1.0094508773e-06,0.0249921563308,2.02955550785e-08,-3.91911956661e-05,2.03492771098e-06,0.99999999923,4.06985384052e-06
1.938,1790081556.63,1.19025041258e-06,-1.01888871532e-06,0.0249952028415,-2.60115162543e-08,2.49890952052e-05,2.05758195595e-06,0.999999999686,4.11516261575e-06
1.958,1790081556.65,-5.99326665906e-08,-1.03383952289e-06,0.0250000000663,2.70488941613e-10,-1.25594861156e-10,2.08595520356e-06,0.999999999998,4.17191040712e-06
1.978,1790081556.67,-2.02034566975e-06,-1.04835418649e-06,0.0249921563308,2.02983503752e-08,-3.91911956795e-05,2.11330041709e-06,0.99999999923,4.22659925289e-06
1.998,1790081556.69,1.18798132418e-06,-1.05779141074e-06,0.0249952028415,-2.60131125721e-08,2.49890951867e-05,2.13595436005e-06,0.999999999685,4.27190742401e-06
2.018,1790081556.71,-6.22017582134e-08,-1.07274222703e-06,0.0250000000663,2.70488961974e-10,-1.2559487273e-10,2.1643272377e-06,0.999999999998,4.3286544754e-06
2.038,1790081556.73,-2.02261476619e-06,-1.08725701611e-06,0.0249921563308,2.03011456353e-08,-3.91911956929e-05,2.19167208988e-06,0.99999999923,4.38334259862e-06
2.058,1790081556.75,1.18571222369e-06,-1.09669362661e-06,0.0249952028415,-2.60147088738e-08,2.49890951683e-05,2.21432573084e-06,0.999999999685,4.42865016565e-06
2.078,1790081556.77,-6.44708619183e-08,-1.11164445161e-06,0.0250000000663,2.70488982338e-10,-1.2559488429e-10,2.24269823856e-06,0.999999999997,4.48539647712e-06
2.098,1790081556.79,-2.02488387471e-06,-1.12615936619e-06,0.0249921563308,2.03039408585e-08,-3.91911957063e-05,2.27004272936e-06,0.999999999229,4.54008387771e-06
2.118,1790081556.81,1.18344311113e-06,-1.13559536293e-06,0.0249952028415,-2.60163051497e-08,2.49890951499e-05,2.2926960683e-06,0.999999999685,4.58539084065e-06
2.138,1790081556.83,-6.67399776957e-08,-1.15054619664e-06,0.0250000000663,2.70489002698e-10,-1.25594895878e-10,2.3210682061e-06,0.999999999997,4.64213641221e-06
2.158,1790081556.85,-2.02715299531e-06,-1.16506123672e-06,0.0249921563308,2.03067360447e-08,-3.91911957197e-05,2.34841233556e-06,0.999999999229,4.69682309026e-06
2.178,1790081556.87,1.18117398649e-06,-1.17449661972e-06,0.0249952028415,-2.60179014066e-08,2.49890951315e-05,2.37106537253e-06,0.999999999685,4.74212944919e-06
2.198,1790081556.89,-6.90091055544e-08,-1.18944746215e-06,0.0250000000663,2.7048902305e-10,-1.25594907404e-10,2.39943714041e-06,0.999999999997,4.79887428082e-06
2.218,1790081556.91,-2.02942212798e-06,-1.2039626277e-06,0.0249921563308,2.0309531194e-08,-3.91911957331e-05,2.42678090852e-06,0.999999999229,4.85356023633e-06
2.238,1790081556.93,1.17890484977e-06,-1.21339739696e-06,0.0249952028415,-2.60194976431e-08,2.4989095113e-05,2.4494336435e-06,0.999999999685,4.89886599119e-06
2.258,1790081556.95,-7.12782454938e-08,-1.22834824811e-06,0.0250000000663,2.70489043417e-10,-1.25594919093e-10,2.47780504146e-06,0.999999999997,4.95561008292e-06
2.278,1790081556.97,-2.03169127274e-06,-1.24286353916e-06,0.0249921563308,2.03123263067e-08,-3.91911957466e-05,2.50514844823e-06,0.999999999229,5.01029531589e-06
2.298,1790081556.99,1.17663570098e-06,-1.25229769469e-06,0.0249952028415,-2.60210938553e-08,2.49890950946e-05,2.5278008812e-06,0.999999999685,5.05560046666e-06
2.318,1790081557.01,-7.35473975085e-08,-1.26724855455e-06,0.0250000000663,2.70489063775e-10,-1.25594930593e-10,2.55617190924e-06,0.999999999997,5.11234381848e-06
2.338,1790081557.03,-2.03396042957e-06,-1.28176397108e-06,0.0249921563308,2.03151213823e-08,-3.919119576e-05,2.58351495468e-06,0.999999999229,5.16702832893e-06
2.358,1790081557.05,1.1743665401e-06,-1.2911975129e-06,0.0249952028415,-2.60226900497e-08,2.49890950762e-05,2.60616708567e-06,0.999999999684,5.21233287566e-06
2.378,1790081557.07,-7.58165616005e-08,-1.30614838147e-06,0.0250000000663,2.7048908415e-10,-1.2559494218e-10,2.6345377438e-06,0.999999999997,5.2690754876e-06
2.398,1790081557.09,-2.03622959848e-06,-1.32066392348e-06,0.0249921563308,2.03179164213e-08,-3.91911957733e-05,2.6618804279e-06,0.999999999228,5.3237592755e-06
2.418,1790081557.11,1.17209736715e-06,-1.33009685159e-06,0.0249952028415,-2.60242862212e-08,2.49890950578e-05,2.68453225691e-06,0.999999999684,5.36906321821e-06
2.438,1790081557.13,-7.80857377725e-08,-1.34504772888e-06,0.0250000000663,2.7048910451e-10,-1.25594953855e-10,2.71290254514e-06,0.999999999996,5.42580509028e-06
2.458,1790081557.15,-2.03849877947e-06,-1.35956339637e-06,0.0249921563308,2.03207114233e-08,-3.91911957868e-05,2.74024486792e-06,0.999999999228,5.48048815568e-06
2.478,1790081557.17,1.16982818212e-06,-1.36899571077e-06,0.0249952028415,-2.60258823735e-08,2.49890950393e-05,2.76289639495e-06,0.999999999684,5.52579149437e-06
2.498,1790081557.19,-8.03549260255e-08,-1.38394659678e-06,0.0250000000663,2.70489124876e-10,-1.25594965423e-10,2.79126631327e-06,0.999999999996,5.58253262655e-06
2.518,1790081557.21,-2.04076797254e-06,-1.39846238975e-06,0.0249921563308,2.03235063882e-08,-3.91911958002e-05,2.81860827473e-06,0.999999999228,5.63721496945e-06
2.538,1790081557.23,1.16755898501e-06,-1.40789409045e-06,0.0249952028415,-2.60274785053e-08,2.49890950209e-05,2.84125949979e-06,0.999999999684,5.6825177041e-06
2.558,1790081557.25,-8.26241263499e-08,-1.42284498517e-06,0.0250000000663,2.70489145215e-10,-1.25594976935e-10,2.8696290482e-06,0.999999999996,5.73925809642e-06
2.578,1790081557.27,-2.04303717768e-06,-1.43736090361e-06,0.0249921563308,2.03263013164e-08,-3.91911958136e-05,2.89697064833e-06,0.999999999228,5.7939397168e-06
2.598,1790081557.29,1.16528977583e-06,-1.44679199063e-06,0.0249952028415,-2.60290746134e-08,2.49890950025e-05,2.91962157141e-06,0.999999999684,5.83924184742e-06
2.618,1790081557.31,-8.48933387487e-08,-1.46174289406e-06,0.0250000000663,2.70489165591e-10,-1.25594988462e-10,2.94799074996e-06,0.999999999996,5.89598149993e-06
2.638,1790081557.33,-2.04530639489e-06,-1.47625893799e-06,0.0249921563308,2.03290962083e-08,-3.9191195827e-05,2.97533198878e-06,0.999999999228,5.95066239783e-06
2.658,1790081557.35,1.16302055457e-06,-1.48568941133e-06,0.0249952028415,-2.60306707035e-08,2.49890949841e-05,2.99798260991e-06,0.999999999683,5.99596392447e-06
2.678,1790081557.37,-8.71625632283e-08,-1.50064032347e-06,0.0250000000663,2.7048918595e-10,-1.25595000103e-10,3.02635141856e-06,0.999999999995,6.05270283713e-06
2.698,1790081557.39,-2.04757562419e-06,-1.51515649288e-06,0.0249921563308,2.03318910631e-08,-3.91911958404e-05,3.05369229608e-06,0.999999999227,6.10738301257e-06
2.718,1790081557.41,1.16075132123e-06,-1.52458635254e-06,0.0249952028415,-2.60322667688e-08,2.49890949656e-05,3.07634261525e-06,0.999999999683,6.15268393523e-06
2.738,1790081557.43,-8.9431799781e-08,-1.53953727341e-06,0.0250000000663,2.70489206302e-10,-1.25595011718e-10,3.10471105404e-06,0.999999999995,6.20942210808e-06
2.758,1790081557.45,-2.04984486555e-06,-1.55405356829e-06,0.0249921563308,2.03346858808e-08,-3.91911958538e-05,3.13205157023e-06,0.999999999227,6.26410156103e-06
2.778,1790081557.47,1.15848207583e-06,-1.5634828143e-06,0.0249952028415,-2.60338628135e-08,2.49890949472e-05,3.15470158744e-06,0.999999999683,6.30940187968e-06
2.798,1790081557.49,-9.17010484056e-08,-1.57843374388e-06,0.0250000000663,2.70489226655e-10,-1.25595023258e-10,3.18306965634e-06,0.999999999995,6.36613931269e-06
2.818,1790081557.51,-2.052114119e-06,-1.59295016422e-06,0.0249921563308,2.03374806615e-08,-3.91911958672e-05,3.21040981124e-06,0.999999999227,6.42081804317e-06
2.838,1790081557.53,1.15621281834e-06,-1.60237879657e-06,0.0249952028415,-2.6035458841e-08,2.49890949288e-05,3.2330595265e-06,0.999999999683,6.46611775785e-06
2.858,1790081557.55,-9.3970309111e-08,-1.61732973486e-06,0.0250000000663,2.70489246989e-10,-1.25595034805e-10,3.26142722554e-06,0.999999999995,6.52285445109e-06
2.878,1790081557.57,-2.05438338451e-06,-1.63184628068e-06,0.0249921563307,2.03402754059e-08,-3.91911958806e-05,3.28876701913e-06,0.999999999227,6.5775324591e-06
2.898,1790081557.59,1.15394354878e-06,-1.64127429938e-06,0.0249952028415,-2.60370548434e-08,2.49890949104e-05,3.31141643244e-06,0.999999999682,6.62283156982e-06
2.918,1790081557.61,-9.62395818911e-08,-1.65622524639e-06,0.0250000000663,2.70489267376e-10,-1.2559504648e-10,3.33978376161e-06,0.999999999994,6.67956752323e-06
2.938,1790081557.63,-2.05665266211e-06,-1.67074191768e-06,0.0249921563307,2.03430701128e-08,-3.9191195894e-05,3.36712319391e-06,0.999999999226,6.73424480881e-06
2.958,1790081557.65,1.15167426714e-06,-1.68016932274e-06,0.0249952028415,-2.60386508284e-08,2.49890948919e-05,3.38977230528e-06,0.999999999682,6.77954331556e-06
2.978,1790081557.67,-9.85088667488e-08,-1.69512027846e-06,0.0250000000663,2.70489287719e-10,-1.25595057973e-10,3.41813926458e-06,0.999999999994,6.83627852918e-06
2.998,1790081557.69,-2.05892195179e-06,-1.70963707522e-06,0.0249921563307,2.03458647838e-08,-3.91911959074e-05,3.44547833561e-06,0.999999999226,6.89095509235e-06
3.018,1790081557.71,1.14940497342e-06,-1.71906386665e-06,0.0249952028415,-2.60402467887e-08,2.49890948735e-05,3.46812714503e-06,0.999999999682,6.93625299512e-06
3.038,1790081557.73,-1.00778163681e-07,-1.73401483108e-06,0.0250000000663,2.70489308085e-10,-1.25595069614e-10,3.49649373448e-06,0.999999999994,6.99298746898e-06
3.058,1790081557.75,-2.06119125354e-06,-1.7485317533e-06,0.0249921563307,2.03486594171e-08,-3.91911959208e-05,3.52383244422e-06,0.999999999226,7.04766330973e-06
3.078,1790081557.77,1.14713566763e-06,-1.75795793111e-06,0.0249952028415,-2.60418427304e-08,2.49890948551e-05,3.54648095172e-06,0.999999999681,7.09296060858e-06
3.098,1790081557.79,-1.03047472689e-07,-1.77290890425e-06,0.0250000000663,2.70489328431e-10,-1.25595081114e-10,3.57484717132e-06,0.999999999994,7.14969434265e-06
3.118,1790081557.81,-2.06346056736e-06,-1.78742595194e-06,0.0249921563307,2.03514540139e-08,-3.91911959342e-05,3.60218551976e-06,0.999999999226,7.20436946095e-06
3.138,1790081557.83,1.14486634977e-06,-1.79685151613e-06,0.0249952028415,-2.6043438653e-08,2.49890948367e-05,3.62483372532e-06,0.999999999681,7.24966615585e-06
3.158,1790081557.85,-1.05316793772e-07,-1.81180249799e-06,0.0250000000663,2.70489348775e-10,-1.25595092762e-10,3.65319957507e-06,0.999999999993,7.30639915016e-06
3.178,1790081557.87,-2.06572989325e-06,-1.82631967114e-06,0.0249921563307,2.03542485739e-08,-3.91911959476e-05,3.68053756227e-06,0.999999999225,7.3610735461e-06
3.198,1790081557.89,1.14259701983e-06,-1.83574462172e-06,0.0249952028415,-2.60450345488e-08,2.49890948182e-05,3.70318546588e-06,0.999999999681,7.40636963704e-06
3.218,1790081557.91,-1.07586126927e-07,-1.8506956123e-06,0.0250000000663,2.70489369115e-10,-1.25595104316e-10,3.7315509458e-06,0.999999999993,7.46310189162e-06
3.238,1790081557.93,-2.06799923123e-06,-1.8652129109e-06,0.0249921563307,2.03570430972e-08,-3.9191195961e-05,3.75888857171e-06,0.999999999225,7.51777556513e-06
3.258,1790081557.95,1.14032767782e-06,-1.87463724789e-06,0.0249952028415,-2.60466304276e-08,2.49890947998e-05,3.78153617343e-06,0.999999999681,7.5630710522e-06
3.278,1790081557.97,-1.09855472158e-07,-1.88958824718e-06,0.0250000000663,2.70489389469e-10,-1.25595115923e-10,3.8099012835e-06,0.999999999993,7.61980256702e-06
3.298,1790081557.99,-2.07026858127e-06,-1.90410567124e-06,0.0249921563307,2.03598375831e-08,-3.91911959744e-05,3.83723854817e-06,0.999999999225,7.67447551819e-06
3.318,1790081558.01,1.13805832373e-06,-1.91352939464e-06,0.0249952028415,-2.60482262833e-08,2.49890947814e-05,3.85988584797e-06,0.99999999968,7.71977040134e-06
3.338,1790081558.03,-1.12124829463e-07,-1.92848040264e-06,0.0250000000663,2.70489409821e-10,-1.25595127612e-10,3.8882505882e-06,0.999999999992,7.77650117642e-06
3.358,1790081558.05,-2.07253794339e-06,-1.94299795216e-06,0.0249921563307,2.03626320325e-08,-3.91911959878e-05,3.91558749161e-06,0.999999999224,7.83117340521e-06
3.378,1790081558.07,1.13578895757e-06,-1.95242106198e-06,0.0249952028415,-2.60498221193e-08,2.4989094763e-05,3.93823448948e-06,0.99999999968,7.87646768443e-06
3.398,1790081558.09,-1.14394198843e-07,-1.96737207869e-06,0.0250000000663,2.70489430179e-10,-1.25595139091e-10,3.96659885988e-06,0.999999999992,7.93319771979e-06
3.418,1790081558.11,-2.07480731758e-06,-1.98188975367e-06,0.0249921563307,2.03654264453e-08,-3.91911960012e-05,3.99393540201e-06,0.999999999224,7.98786922616e-06
3.438,1790081558.13,1.13351957933e-06,-1.99131224991e-06,0.0249952028415,-2.60514179339e-08,2.49890947445e-05,4.01658209798e-06,0.99999999968,8.0331629015e-06
3.458,1790081558.15,-1.16663580295e-07,-2.00626327534e-06,0.0250000000663,2.70489450527e-10,-1.25595150618e-10,4.04494609856e-06,0.999999999992,8.08989219715e-06
3.478,1790081558.17,-2.07707670385e-06,-2.02078107576e-06,0.0249921563307,2.03682208209e-08,-3.91911960146e-05,4.07228227946e-06,0.999999999224,8.14456298119e-06
3.498,1790081558.19,1.13125018902e-06,-2.03020295844e-06,0.0249952028415,-2.60530137278e-08,2.49890947261e-05,4.0949286735e-06,0.999999999679,8.1898560526e-06
3.518,1790081558.21,-1.18932973823e-07,-2.04515399258e-06,0.0250000000663,2.70489470885e-10,-1.25595162246e-10,4.12329230426e-06,0.999999999991,8.24658460855e-06
3.538,1790081558.23,-2.07934610219e-06,-2.05967191846e-06,0.0249921563307,2.037101516e-08,-3.9191196028e-05,4.1506281239e-06,0.999999999223,8.30125467023e-06
3.558,1790081558.25,1.12898078664e-06,-2.06909318757e-06,0.0249952028415,-2.60546095016e-08,2.49890947077e-05,4.17327421605e-06,0.999999999679,8.34654713777e-06
3.578,1790081558.27,-1.21202379422e-07,-2.08404423043e-06,0.0250000000663,2.70489491218e-10,-1.25595173813e-10,4.20163747702e-06,0.999999999991,8.40327495406e-06
3.598,1790081558.29,-2.08161551261e-06,-2.09856228176e-06,0.0249921563307,2.03738094621e-08,-3.91911960414e-05,4.22897293544e-06,0.999999999223,8.45794429344e-06
3.618,1790081558.31,1.12671137218e-06,-2.10798293733e-06,0.0249952028415,-2.60562052517e-08,2.49890946893e-05,4.25161872565e-06,0.999999999679,8.50323615706e-06
3.638,1790081558.33,-1.23471797097e-07,-2.1229339889e-06,0.0250000000663,2.70489511574e-10,-1.25595185339e-10,4.27998161681e-06,0.999999999991,8.55996323364e-06
3.658,1790081558.35,-2.0838849351e-06,-2.13745216567e-06,0.0249921563307,2.0376603727e-08,-3.91911960548e-05,4.30731671399e-06,0.999999999223,8.61463185068e-06
3.678,1790081558.37,1.12444194565e-06,-2.1468722077e-06,0.0249952028415,-2.6057800981e-08,2.49890946708e-05,4.32996220234e-06,0.999999999678,8.6599231105e-06
3.698,1790081558.39,-1.25741226847e-07,-2.16182326798e-06,0.0250000000663,2.70489531914e-10,-1.255951969e-10,4.35832472369e-06,0.999999999991,8.7166494474e-06
3.718,1790081558.41,-2.08615436966e-06,-2.1763415702e-06,0.0249921563307,2.03793979554e-08,-3.91911960682e-05,4.38565945963e-06,0.999999999222,8.77131734211e-06
3.738,1790081558.43,1.12217250705e-06,-2.18576099869e-06,0.0249952028415,-2.60593966941e-08,2.49890946524e-05,4.40830464608e-06,0.999999999678,8.81660799805e-06
3.758,1790081558.45,-1.28010668669e-07,-2.20071206768e-06,0.0250000000663,2.7048955225e-10,-1.25595208446e-10,4.43666679765e-06,0.99999999999,8.87333359532e-06
3.778,1790081558.47,-2.0884238163e-06,-2.21523049535e-06,0.0249921563307,2.03821921465e-08,-3.91911960816e-05,4.46400117237e-06,0.999999999222,8.92800076774e-06
3.798,1790081558.49,1.11990305637e-06,-2.22464931031e-06,0.0249952028415,-2.6060992383e-08,2.4989094634e-05,4.48664605693e-06,0.999999999678,8.97329081982e-06
3.818,1790081558.51,-1.30280122565e-07,-2.23960038801e-06,0.0250000000663,2.70489572637e-10,-1.25595220081e-10,4.51500783869e-06,0.99999999999,9.03001567742e-06
3.838,1790081558.53,-2.09069327501e-06,-2.25411894112e-06,0.0249921563307,2.03849863019e-08,-3.9191196095e-05,4.5423418522e-06,0.999999999222,9.08468212755e-06
3.858,1790081558.55,1.11763359362e-06,-2.26353714256e-06,0.0249952028415,-2.60625880501e-08,2.49890946156e-05,4.56498643489e-06,0.999999999677,9.1299715758e-06
3.878,1790081558.57,-1.32549588532e-07,-2.27848822897e-06,0.0250000000663,2.70489592948e-10,-1.25595231628e-10,4.59334784687e-06,0.999999999989,9.18669569377e-06
3.898,1790081558.59,-2.09296274579e-06,-2.29300690752e-06,0.0249921563307,2.03877804193e-08,-3.91911961084e-05,4.62068149917e-06,0.999999999221,9.24136142162e-06
3.918,1790081558.61,1.11536411879e-06,-2.30242449545e-06,0.0249952028415,-2.60641836955e-08,2.49890945972e-05,4.64332577996e-06,0.999999999677,9.28665026602e-06
3.938,1790081558.63,-1.34819066576e-07,-2.31737559057e-06,0.0250000000663,2.70489613317e-10,-1.25595243175e-10,4.67168682214e-06,0.999999999989,9.34337364431e-06
3.958,1790081558.65,-2.09523222865e-06,-2.33189439456e-06,0.0249921563307,2.03905745009e-08,-3.91911961218e-05,4.69902011321e-06,0.999999999221,9.39803864984e-06
3.978,1790081558.67,1.11309463189e-06,-2.34131136899e-06,0.0249952028415,-2.60657793225e-08,2.49890945787e-05,4.72166409214e-06,0.999999999677,9.44332689044e-06
3.998,1790081558.69,-1.37088556688e-07,-2.35626247283e-06,0.0250000000663,2.70489633643e-10,-1.25595254803e-10,4.75002476454e-06,0.999999999989,9.50004952911e-06
4.018,1790081558.71,-2.09750172357e-06,-2.37078140226e-06,0.0249921563307,2.03933685451e-08,-3.91911961352e-05,4.77735769442e-06,0.999999999221,9.55471381241e-06
4.038,1790081558.73,1.11082513293e-06,-2.3801977632e-06,0.0249952028415,-2.60673749255e-08,2.49890945603e-05,4.80000137146e-06,0.999999999676,9.60000144914e-06
4.058,1790081558.75,-1.39358058871e-07,-2.39514887575e-06,0.0250000000663,2.70489654009e-10,-1.25595266424e-10,4.82836167409e-06,0.999999999988,9.65672334821e-06
4.078,1790081558.77,-2.09977123057e-06,-2.40966793061e-06,0.0249921563307,2.03961625523e-08,-3.91911961486e-05,4.85569424275e-06,0.99999999922,9.71138690922e-06
4.098,1790081558.79,1.10855562189e-06,-2.41908367806e-06,0.0249952028415,-2.60689705094e-08,2.49890945419e-05,4.87833761793e-06,0.999999999676,9.75667394216e-06
4.118,1790081558.81,-1.41627573127e-07,-2.43403479932e-06,0.0250000000663,2.70489674343e-10,-1.25595277964e-10,4.90669755081e-06,0.999999999988,9.81339510165e-06
4.138,1790081558.83,-2.10204074964e-06,-2.44855397962e-06,0.0249921563307,2.03989565224e-08,-3.9191196162e-05,4.93402975831e-06,0.99999999922,9.86805794047e-06
4.158,1790081558.85,1.10628609878e-06,-2.45796911359e-06,0.0249952028415,-2.60705660701e-08,2.49890945235e-05,4.95667283162e-06,0.999999999675,9.9133443696e-06
4.178,1790081558.87,-1.43897099456e-07,-2.47292024357e-06,0.0250000000663,2.70489694699e-10,-1.25595289518e-10,4.98503239473e-06,0.999999999988,9.9700647895e-06
4.198,1790081558.89,-2.10431028078e-06,-2.4874395493e-06,0.0249921563307,2.04017504563e-08,-3.91911961754e-05,5.01236424102e-06,0.999999999219,1.0024726906e-05
4.218,1790081558.91,1.10401656359e-06,-2.49685406981e-06,0.0249952028415,-2.60721616123e-08,2.49890945051e-05,5.03500701245e-06,0.999999999675,1.00700127313e-05
4.238,1790081558.93,-1.46166637855e-07,-2.51180520849e-06,0.0250000000663,2.7048971503e-10,-1.25595301153e-10,5.06336620579e-06,0.999999999987,1.01267324116e-05
4.258,1790081558.95,-2.10657982399e-06,-2.52632463965e-06,0.0249921563307,2.04045443529e-08,-3.91911961888e-05,5.09069769089e-06,0.999999999219,1.01813938059e-05
4.278,1790081558.97,1.10174701634e-06,-2.53573854669e-06,0.0249952028415,-2.60737571318e-08,2.49890944866e-05,5.11334016048e-06,0.999999999675,1.02266790275e-05
4.298,1790081558.99,-1.48436188328e-07,-2.55068969409e-06,0.0250000000663,2.70489735351e-10,-1.25595312686e-10,5.14169898409e-06,0.999999999987,1.02833979682e-05
4.318,1790081559.01,-2.10884937928e-06,-2.56520925068e-06,0.0249921563307,2.04073382129e-08,-3.91911962021e-05,5.16903010799e-06,0.999999999219,1.03380586403e-05
4.338,1790081559.03,1.09947745701e-06,-2.57462254428e-06,0.0249952028415,-2.60753526321e-08,2.49890944682e-05,5.19167227573e-06,0.999999999674,1.0383343258e-05
4.358,1790081559.05,-1.50705750873e-07,-2.58957370038e-06,0.0250000000663,2.70489755723e-10,-1.25595324226e-10,5.22003072958e-06,0.999999999986,1.04400614592e-05
4.378,1790081559.07,-2.11111894663e-06,-2.60409338241e-06,0.0249921563307,2.04101320365e-08,-3.91911962155e-05,5.24736149232e-06,0.999999999218,1.04947214091e-05
4.398,1790081559.09,1.09720788561e-06,-2.61350606255e-06,0.0249952028415,-2.60769481102e-08,2.49890944498e-05,5.2700033582e-06,0.999999999674,1.0540005423e-05
4.418,1790081559.11,-1.52975325486e-07,-2.62845722737e-06,0.0250000000663,2.70489776036e-10,-1.25595335745e-10,5.2983614423e-06,0.999999999986,1.05967228846e-05
4.438,1790081559.13,-2.11338852606e-06,-2.64297703482e-06,0.0249921563307,2.04129258229e-08,-3.91911962289e-05,5.32569184387e-06,0.999999999218,1.06513821123e-05
4.458,1790081559.15,1.09493830214e-06,-2.65238910153e-06,0.0249952028415,-2.60785435676e-08,2.49890944314e-05,5.34833340792e-06,0.999999999673,1.06966655226e-05
4.478,1790081559.17,-1.55244912172e-07,-2.66734027506e-06,0.0250000000663,2.70489796384e-10,-1.2559534736e-10,5.37669112226e-06,0.999999999986,1.07533822446e-05
4.498,1790081559.19,-2.11565811756e-06,-2.68186020794e-06,0.0249921563307,2.04157195722e-08,-3.91911962423e-05,5.40402116268e-06,0.999999999217,1.08080407501e-05
4.518,1790081559.21,1.0926687066e-06,-2.69127166122e-06,0.0249952028415,-2.60801390013e-08,2.49890944129e-05,5.42666242487e-06,0.999999999673,1.08533235565e-05
4.538,1790081559.23,-1.57514510927e-07,-2.70622284345e-06,0.0250000000663,2.7048981675e-10,-1.25595358974e-10,5.45501976951e-06,0.999999999985,1.09100395391e-05
4.558,1790081559.25,-2.11792772113e-06,-2.72074290176e-06,0.0249921563307,2.04185132853e-08,-3.91911962557e-05,5.48234944874e-06,0.999999999217,1.09646973223e-05
4.578,1790081559.27,1.09039909899e-06,-2.73015374162e-06,0.0249952028415,-2.60817344191e-08,2.49890943945e-05,5.5049904091e-06,0.999999999673,1.10099795251e-05
4.598,1790081559.29,-1.59784121754e-07,-2.74510493257e-06,0.0250000000663,2.70489837066e-10,-1.25595370521e-10,5.533347384e-06,0.999999999985,1.10666947681e-05
4.618,1790081559.31,-2.12019733677e-06,-2.75962511629e-06,0.0249921563307,2.04213069605e-08,-3.91911962691e-05,5.56067670207e-06,0.999999999217,1.11213518292e-05
4.638,1790081559.33,1.08812947931e-06,-2.76903534274e-06,0.0249952028415,-2.60833298124e-08,2.49890943761e-05,5.58331736061e-06,0.999999999672,1.11666334281e-05
4.658,1790081559.35,-1.62053744653e-07,-2.78398654239e-06,0.0250000000663,2.70489857413e-10,-1.25595382136e-10,5.61167396579e-06,0.999999999984,1.12233479316e-05
4.678,1790081559.37,-2.12246696448e-06,-2.79850685154e-06,0.0249921563307,2.04241005998e-08,-3.91911962825e-05,5.63900292271e-06,0.999999999216,1.12780042706e-05
4.698,1790081559.39,1.08585984756e-06,-2.80791646458e-06,0.0249952028415,-2.60849251845e-08,2.49890943577e-05,5.6616432794e-06,0.999999999672,1.13232852658e-05
4.718,1790081559.41,-1.64323379621e-07,-2.82286767295e-06,0.0250000000663,2.70489877737e-10,-1.25595393649e-10,5.68999951483e-06,0.999999999984,1.13799990297e-05
4.738,1790081559.43,-2.12473660426e-06,-2.83738810751e-06,0.0249921563307,2.0426894202e-08,-3.91911962959e-05,5.7173281106e-06,0.999999999216,1.14346546465e-05
4.758,1790081559.45,1.08359020374e-06,-2.84679710716e-06,0.0249952028415,-2.60865205364e-08,2.49890943393e-05,5.73996816548e-06,0.999999999671,1.1479935038e-05
4.778,1790081559.47,-1.66593026657e-07,-2.86174832424e-06,0.0250000000663,2.70489898106e-10,-1.2559540527e-10,5.76832403122e-06,0.999999999983,1.15366480625e-05
4.798,1790081559.49,-2.1270062561e-06,-2.87626888422e-06,0.0249921563307,2.04296877678e-08,-3.91911963093e-05,5.79565226585e-06,0.999999999215,1.15913029571e-05
4.818,1790081559.51,1.08132054785e-06,-2.88567727048e-06,0.0249952028415,-2.60881158685e-08,2.49890943208e-05,5.8182920189e-06,0.999999999671,1.16365827449e-05
4.838,1790081559.53,-1.68862685762e-07,-2.90062849627e-06,0.0250000000663,2.70489918416e-10,-1.25595416844e-10,5.84664751492e-06,0.999999999983,1.16932950299e-05
4.858,1790081559.55,-2.12927592002e-06,-2.91514918166e-06,0.0249921563307,2.04324812968e-08,-3.91911963227e-05,5.87397538843e-06,0.999999999215,1.17479492024e-05
4.878,1790081559.57,1.07905087988e-06,-2.92455695454e-06,0.0249952028415,-2.60897111779e-08,2.49890943024e-05,5.89661483967e-06,0.99999999967,1.17932283865e-05
4.898,1790081559.59,-1.71132356943e-07,-2.93950818904e-06,0.0250000000663,2.7048993876e-10,-1.25595428397e-10,5.92496996599e-06,0.999999999982,1.18499399321e-05
4.918,1790081559.61,-2.13154559601e-06,-2.95402899984e-06,0.0249921563307,2.04352747879e-08,-3.9191196336e-05,5.95229747835e-06,0.999999999214,1.19045933824e-05
4.938,1790081559.63,1.07678119985e-06,-2.96343615935e-06,0.0249952028415,-2.60913064663e-08,2.4989094284e-05,5.97493662777e-06,0.99999999967,1.19498719628e-05
4.958,1790081559.65,-1.73402040185e-07,-2.97838740256e-06,0.0250000000663,2.70489959075e-10,-1.2559543991e-10,6.00329138439e-06,0.999999999982,1.20065827688e-05
4.978,1790081559.67,-2.13381528407e-06,-2.99290833878e-06,0.0249921563307,2.04380682429e-08,-3.91911963494e-05,6.03061853561e-06,0.999999999214,1.20612354971e-05
4.998,1790081559.69,1.07451150775e-06,-3.00231488492e-06,0.0249952028415,-2.60929017347e-08,2.49890942656e-05,6.0532573832e-06,0.999999999669,1.21065134737e-05
5.018,1790081559.71,-1.756717355e-07,-3.01726613684e-06,0.0250000000663,2.70489979414e-10,-1.25595451497e-10,6.08161177013e-06,0.999999999982,1.21632235403e-05
5.038,1790081559.73,-2.13608498419e-06,-3.03178719847e-06,0.0249921563307,2.04408616607e-08,-3.91911963628e-05,6.10893856025e-06,0.999999999213,1.22178755465e-05
5.058,1790081559.75,1.07224180359e-06,-3.04119313126e-06,0.0249952028415,-2.60944969824e-08,2.49890942472e-05,6.13157710607e-06,0.999999999669,1.22631529195e-05
5.078,1790081559.77,-1.77941442882e-07,-3.05614439189e-06,0.0250000000663,2.70489999749e-10,-1.25595463044e-10,6.1599311233e-06,0.999999999981,1.23198622467e-05
5.098,1790081559.79,-2.13835469639e-06,-3.07066557893e-06,0.0249921563307,2.04436550424e-08,-3.91911963762e-05,6.18725755229e-06,0.999999999213,1.23745135308e-05
5.118,1790081559.81,1.06997208735e-06,-3.08007089837e-06,0.0249952028415,-2.60960922046e-08,2.49890942287e-05,6.20989579628e-06,0.999999999668,1.24197903e-05
5.138,1790081559.83,-1.80211162335e-07,-3.09502216771e-06,0.0250000000663,2.70490020075e-10,-1.25595474618e-10,6.23824944383e-06,0.999999999981,1.24764988877e-05
5.158,1790081559.85,-2.14062442065e-06,-3.10954348015e-06,0.0249921563306,2.04464483864e-08,-3.91911963896e-05,6.26557551172e-06,0.999999999212,1.25311494497e-05
5.178,1790081559.87,1.06770235904e-06,-3.11894818625e-06,0.0249952028415,-2.60976874113e-08,2.49890942103e-05,6.28821345394e-06,0.999999999668,1.25764256154e-05
5.198,1790081559.89,-1.8248089386e-07,-3.1338994643e-06,0.0250000000663,2.70490040432e-10,-1.25595486199e-10,6.3165667318e-06,0.99999999998,1.26331334637e-05
5.218,1790081559.91,-2.14289415698e-06,-3.14842090215e-06,0.0249921563306,2.04492416947e-08,-3.91911964029e-05,6.34389243856e-06,0.999999999212,1.26877833036e-05
5.238,1790081559.93,1.06543261867e-06,-3.15782499492e-06,0.0249952028415,-2.6099282596e-08,2.49890941919e-05,6.36653007898e-06,0.999999999668,1.27330588656e-05
5.258,1790081559.95,-1.84750637448e-07,-3.17277628168e-06,0.0250000000663,2.70490060776e-10,-1.25595497725e-10,6.39488298717e-06,0.99999999998,1.27897659744e-05
5.278,1790081559.97,-2.14516390538e-06,-3.18729784493e-06,0.0249921563306,2.04520349653e-08,-3.91911964163e-05,6.42220833282e-06,0.999999999211,1.28444150922e-05
5.298,1790081559.99,1.06316286622e-06,-3.19670132438e-06,0.0249952028415,-2.61008777594e-08,2.49890941735e-05,6.44484567145e-06,0.999999999667,1.28896900506e-05
5.318,1790081560.01,-1.87020393102e-07,-3.21165261985e-06,0.0250000000663,2.70490081092e-10,-1.2559550936e-10,6.47319820997e-06,0.999999999979,1.294639642e-05
5.338,1790081560.03,-2.14743366585e-06,-3.2261743085e-06,0.0249921563306,2.04548281995e-08,-3.91911964297e-05,6.50052319452e-06,0.999999999211,1.30010448158e-05
5.358,1790081560.05,1.06089310172e-06,-3.23557717463e-06,0.0249952028415,-2.61024728991e-08,2.49890941551e-05,6.52316023135e-06,0.999999999666,1.30463191705e-05
5.378,1790081560.07,-1.89290160826e-07,-3.25052847881e-06,0.0250000000663,2.70490101391e-10,-1.255955209e-10,6.5515124002e-06,0.999999999979,1.31030248005e-05
5.398,1790081560.09,-2.14970343838e-06,-3.26505029286e-06,0.0249921563306,2.04576213966e-08,-3.91911964431e-05,6.57883702367e-06,0.99999999921,1.31576724742e-05
5.418,1790081560.11,1.05862332514e-06,-3.27445254568e-06,0.0249952028415,-2.61040680191e-08,2.49890941366e-05,6.60147375873e-06,0.999999999666,1.32029462253e-05
5.438,1790081560.13,-1.91559940618e-07,-3.28940385857e-06,0.0250000000663,2.70490121731e-10,-1.25595532521e-10,6.62982555792e-06,0.999999999978,1.32596511159e-05
5.458,1790081560.15,-2.15197322298e-06,-3.30392579803e-06,0.0249921563306,2.0460414557e-08,-3.91911964565e-05,6.65714982027e-06,0.99999999921,1.33142980676e-05
5.478,1790081560.17,1.0563535365e-06,-3.31332743755e-06,0.0249952028415,-2.61056631174e-08,2.49890941182e-05,6.67978625356e-06,0.999999999665,1.3359571215e-05
5.498,1790081560.19,-1.93829732477e-07,-3.32827875915e-06,0.0250000000663,2.70490142097e-10,-1.25595544088e-10,6.7081376831e-06,0.999999999978,1.34162753663e-05
5.518,1790081560.21,-2.15424301965e-06,-3.342800824e-06,0.0249921563306,2.04632076802e-08,-3.91911964699e-05,6.73546158438e-06,0.999999999209,1.34709215959e-05
5.538,1790081560.23,1.05408373578e-06,-3.35220185023e-06,0.0249952028415,-2.61072582004e-08,2.49890940998e-05,6.75809771587e-06,0.999999999665,1.35161941397e-05
5.558,1790081560.25,-1.96099536408e-07,-3.36715318053e-06,0.0250000000663,2.7049016237e-10,-1.25595555662e-10,6.78644877574e-06,0.999999999977,1.35728975516e-05
5.578,1790081560.27,-2.15651282839e-06,-3.38167537078e-06,0.0249921563306,2.04660007667e-08,-3.91911964833e-05,6.81377231594e-06,0.999999999209,1.36275430592e-05
5.598,1790081560.29,1.051813923e-06,-3.39107578373e-06,0.0249952028415,-2.61088532576e-08,2.49890940814e-05,6.83640814567e-06,0.999999999664,1.36728149994e-05
5.618,1790081560.31,-1.98369352402e-07,-3.40602712274e-06,0.0250000000663,2.70490182728e-10,-1.25595567209e-10,6.86475883593e-06,0.999999999976,1.3729517672e-05
5.638,1790081560.33,-2.1587826492e-06,-3.42054943837e-06,0.0249921563306,2.04687938164e-08,-3.91911964966e-05,6.89208201504e-06,0.999999999208,1.37841624575e-05
5.658,1790081560.35,1.04954409815e-06,-3.42994923804e-06,0.0249952028415,-2.61104482928e-08,2.4989094063e-05,6.91471754303e-06,0.999999999664,1.38294337942e-05
5.678,1790081560.37,-2.00639180469e-07,-3.44490058575e-06,0.0250000000663,2.70490203052e-10,-1.25595578735e-10,6.94306786362e-06,0.999999999976,1.38861357273e-05
5.698,1790081560.39,-2.16105248208e-06,-3.45942302678e-06,0.0249921563306,2.04715868295e-08,-3.919119651e-05,6.97039068165e-06,0.999999999208,1.39407797909e-05
5.718,1790081560.41,1.04727426123e-06,-3.46882221318e-06,0.0249952028415,-2.61120433099e-08,2.49890940445e-05,6.99302590785e-06,0.999999999663,1.39860505239e-05
5.738,1790081560.43,-2.029090206e-07,-3.48377356961e-06,0.0250000000663,2.70490223398e-10,-1.25595590323e-10,7.02137585881e-06,0.999999999975,1.40427517177e-05
5.758,1790081560.45,-2.16332232701e-06,-3.49829613603e-06,0.0249921563306,2.04743798062e-08,-3.91911965234e-05,7.04869831578e-06,0.999999999207,1.40973950593e-05
5.778,1790081560.47,1.04500441225e-06,-3.50769470917e-06,0.0249952028415,-2.61136383026e-08,2.49890940261e-05,7.07133324022e-06,0.999999999663,1.41426651887e-05
5.798,1790081560.49,-2.05178872794e-07,-3.5226460743e-06,0.0250000000663,2.70490243739e-10,-1.25595601964e-10,7.09968282153e-06,0.999999999975,1.41993656432e-05
5.818,1790081560.51,-2.16559218402e-06,-3.53716876611e-06,0.0249921563306,2.04771727454e-08,-3.91911965368e-05,7.12700491745e-06,0.999999999207,1.42540082628e-05
5.838,1790081560.53,1.0427345512e-06,-3.546566726e-06,0.0249952028415,-2.61152332766e-08,2.49890940077e-05,7.14963954015e-06,0.999999999662,1.42992777886e-05
5.858,1790081560.55,-2.07448737059e-07,-3.56151809984e-06,0.0250000000663,2.7049026405e-10,-1.25595613518e-10,7.17798875184e-06,0.999999999974,1.43559775038e-05
5.878,1790081560.57,-2.1678620531e-06,-3.57604091704e-06,0.0249921563306,2.04799656476e-08,-3.91911965502e-05,7.20531048672e-06,0.999999999206,1.44106194015e-05
5.898,1790081560.59,1.04046467808e-06,-3.58543826368e-06,0.0249952028415,-2.61168282295e-08,2.49890939893e-05,7.22794480767e-06,0.999999999662,1.44558883237e-05
5.918,1790081560.61,-2.09718613389e-07,-3.60038964623e-06,0.0250000000663,2.70490284361e-10,-1.25595625017e-10,7.25629364974e-06,0.999999999974,1.45125872996e-05
5.938,1790081560.63,-2.17013193424e-06,-3.61491258881e-06,0.0249921563306,2.04827585135e-08,-3.91911965635e-05,7.28361502355e-06,0.999999999205,1.45672284753e-05
5.958,1790081560.65,1.0381947929e-06,-3.62430932223e-06,0.0249952028415,-2.61184231595e-08,2.49890939709e-05,7.30624904275e-06,0.999999999661,1.4612496794e-05
5.978,1790081560.67,-2.11988501784e-07,-3.63926071349e-06,0.0250000000663,2.70490304709e-10,-1.25595636652e-10,7.33459751521e-06,0.999999999973,1.46691950305e-05
5.998,1790081560.69,-2.17240182744e-06,-3.65378378145e-06,0.0249921563306,2.04855513427e-08,-3.91911965769e-05,7.36191852798e-06,0.999999999205,1.47238354843e-05
6.018,1790081560.71,1.03592489566e-06,-3.66317990164e-06,0.0249952028415,-2.61200180709e-08,2.49890939524e-05,7.38455224542e-06,0.999999999661,1.47691031994e-05
6.038,1790081560.73,-2.14258402245e-07,-3.6781313016e-06,0.0250000000663,2.70490325008e-10,-1.25595648172e-10,7.41290034828e-06,0.999999999973,1.48258006967e-05
6.058,1790081560.75,-2.17467173271e-06,-3.69265449495e-06,0.0249921563306,2.04883441351e-08,-3.91911965903e-05,7.44022099998e-06,0.999999999204,1.48804404285e-05
6.078,1790081560.77,1.03365498634e-06,-3.70205000191e-06,0.0249952028415,-2.61216129612e-08,2.4989093934e-05,7.46285441571e-06,0.99999999966,1.492570754e-05
6.098,1790081560.79,-2.1652831477e-07,-3.71700141059e-06,0.0250000000663,2.70490345343e-10,-1.255956598e-10,7.49120214897e-06,0.999999999972,1.49824042981e-05
6.118,1790081560.81,-2.17694165004e-06,-3.73152472932e-06,0.0249921563306,2.04911368896e-08,-3.91911966037e-05,7.51852243962e-06,0.999999999204,1.50370433079e-05
6.138,1790081560.83,1.03138506497e-06,-3.74091962307e-06,0.0249952028415,-2.61232078291e-08,2.49890939156e-05,7.5411555536e-06,0.999999999659,1.50823098159e-05
6.158,1790081560.85,-2.18798239362e-07,-3.75587104046e-06,0.0250000000663,2.70490365657e-10,-1.25595671272e-10,7.56950291723e-06,0.999999999971,1.51390058346e-05
6.178,1790081560.87,-2.17921157945e-06,-3.77039448456e-06,0.0249921563306,2.04939296087e-08,-3.91911966171e-05,7.59682284686e-06,0.999999999203,1.51936441225e-05
6.198,1790081560.89,1.02911513152e-06,-3.77978876512e-06,0.0249952028415,-2.61248026764e-08,2.49890938972e-05,7.61945565912e-06,0.999999999659,1.5238910027e-05
6.218,1790081560.91,-2.21068176021e-07,-3.79474019121e-06,0.0250000000663,2.70490385957e-10,-1.25595682819e-10,7.64780265316e-06,0.999999999971,1.52956053065e-05
6.238,1790081560.93,-2.18148152091e-06,-3.80926376069e-06,0.0249921563306,2.04967222905e-08,-3.91911966304e-05,7.67512222178e-06,0.999999999203,1.53502428725e-05
6.258,1790081560.95,1.02684518601e-06,-3.81865742805e-06,0.0249952028415,-2.61263975022e-08,2.49890938788e-05,7.69775473232e-06,0.999999999658,1.53955081735e-05
6.278,1790081560.97,-2.23338124743e-07,-3.83360886285e-06,0.0250000000663,2.70490406307e-10,-1.25595694427e-10,7.72610135677e-06,0.99999999997,1.54522027137e-05
6.298,1790081560.99,-2.18375147444e-06,-3.84813255771e-06,0.0249921563306,2.04995149354e-08,-3.91911966438e-05,7.75342056434e-06,0.999999999202,1.55068395578e-05
6.318,1790081561.01,1.02457522844e-06,-3.85752561189e-06,0.0249952028415,-2.61279923047e-08,2.49890938603e-05,7.77605277317e-06,0.999999999658,1.55521042552e-05
6.338,1790081561.03,-2.25608085533e-07,-3.87247705539e-06,0.0250000000663,2.70490426636e-10,-1.25595705987e-10,7.80439902802e-06,0.99999999997,1.56087980562e-05
6.358,1790081561.05,-2.18602144004e-06,-3.88700087563e-06,0.0249921563306,2.05023075433e-08,-3.91911966572e-05,7.83171787458e-06,0.999999999201,1.56634341784e-05
6.378,1790081561.07,1.0223052588e-06,-3.89639331662e-06,0.0249952028415,-2.61295870904e-08,2.49890938419e-05,7.85434978168e-06,0.999999999657,1.57086982723e-05
6.398,1790081561.09,-2.27878058384e-07,-3.91134476884e-06,0.0250000000663,2.7049044696e-10,-1.25595717473e-10,7.88269566694e-06,0.999999999969,1.5765391334e-05
6.418,1790081561.11,-2.1882914177e-06,-3.92586871444e-06,0.0249921563306,2.05051001144e-08,-3.91911966706e-05,7.91001415248e-06,0.999999999201,1.58200267343e-05
6.438,1790081561.13,1.0200352771e-06,-3.93526054227e-06,0.0249952028415,-2.61311818537e-08,2.49890938235e-05,7.93264575787e-06,0.999999999656,1.58652902248e-05
6.458,1790081561.15,-2.30148043301e-07,-3.95021200319e-06,0.0250000000663,2.70490467253e-10,-1.2559572906e-10,7.96099127357e-06,0.999999999968,1.59219825473e-05
6.478,1790081561.17,-2.19056140743e-06,-3.96473607416e-06,0.0249921563306,2.05078926491e-08,-3.91911966839e-05,7.98830939808e-06,0.9999999992,1.59766172257e-05
6.498,1790081561.19,1.01776528333e-06,-3.97412728883e-06,0.0249952028415,-2.61327765951e-08,2.49890938051e-05,8.01094070175e-06,0.999999999656,1.60218801126e-05
6.518,1790081561.21,-2.32418040284e-07,-3.98907875845e-06,0.0250000000663,2.70490487588e-10,-1.25595740647e-10,8.03928584786e-06,0.999999999968,1.60785716959e-05
6.538,1790081561.23,-2.19283140922e-06,-4.0036029548e-06,0.0249921563306,2.05106851468e-08,-3.91911966973e-05,8.06660361138e-06,0.999999999199,1.61332056524e-05
6.558,1790081561.25,1.01549527749e-06,-4.0129935563e-06,0.0249952028415,-2.61343713177e-08,2.49890937867e-05,8.08923461333e-06,0.999999999655,1.61784679358e-05
6.578,1790081561.27,-2.34688049342e-07,-4.02794503464e-06,0.0250000000663,2.7049050791e-10,-1.25595752228e-10,8.11757938987e-06,0.999999999967,1.62351587799e-05
6.598,1790081561.29,-2.19510142309e-06,-4.04246935635e-06,0.0249921563306,2.05134776075e-08,-3.91911967107e-05,8.14489679239e-06,0.999999999199,1.62897920146e-05
6.618,1790081561.31,1.01322525957e-06,-4.05185934471e-06,0.0249952028415,-2.61359660191e-08,2.49890937683e-05,8.16752749265e-06,0.999999999654,1.63350536946e-05
6.638,1790081561.33,-2.36958070469e-07,-4.06681083175e-06,0.0250000000663,2.70490528217e-10,-1.25595763815e-10,8.19587189962e-06,0.999999999966,1.63917437994e-05
6.658,1790081561.35,-2.19737144903e-06,-4.08133527883e-06,0.0249921563306,2.05162700315e-08,-3.91911967241e-05,8.22318894114e-06,0.999999999198,1.64463763122e-05
6.678,1790081561.37,1.0109552296e-06,-4.09072465405e-06,0.0249952028415,-2.61375606958e-08,2.49890937498e-05,8.2458193397e-06,0.999999999654,1.64916373887e-05
6.698,1790081561.39,-2.3922810366e-07,-4.1056761498e-06,0.0250000000663,2.70490548514e-10,-1.25595775403e-10,8.27416337711e-06,0.999999999966,1.65483267544e-05
6.718,1790081561.41,-2.19964148703e-06,-4.12020072224e-06,0.0249921563306,2.05190624184e-08,-3.91911967374e-05,8.30148005764e-06,0.999999999198,1.66029585454e-05
6.738,1790081561.43,1.00868518755e-06,-4.12958948434e-06,0.0249952028415,-2.61391553543e-08,2.49890937314e-05,8.32411015453e-06,0.999999999653,1.66482190185e-05
6.758,1790081561.45,-2.41498148916e-07,-4.14454098879e-06,0.0250000000663,2.70490568833e-10,-1.25595786936e-10,8.3524538224e-06,0.999999999965,1.6704907645e-05
6.778,1790081561.47,-2.20191153709e-06,-4.1590656866e-06,0.0249921563306,2.05218547691e-08,-3.91911967508e-05,8.37977014194e-06,0.999999999197,1.67595387141e-05
6.798,1790081561.49,1.00641513345e-06,-4.16845383557e-06,0.0249952028415,-2.61407499906e-08,2.4989093713e-05,8.40239993712e-06,0.999999999652,1.68047985837e-05
6.818,1790081561.51,-2.43768206232e-07,-4.18340534873e-06,0.0250000000663,2.70490589163e-10,-1.25595798442e-10,8.43074323545e-06,0.999999999964,1.68614864711e-05
6.838,1790081561.53,-2.20418159921e-06,-4.1979301719e-06,0.0249921563306,2.05246470826e-08,-3.91911967642e-05,8.45805919399e-06,0.999999999196,1.69161168184e-05
6.858,1790081561.55,1.00414506728e-06,-4.20731770776e-06,0.0249952028415,-2.61423446075e-08,2.49890936946e-05,8.48068868748e-06,0.999999999652,1.69613760845e-05
6.878,1790081561.57,-2.46038275613e-07,-4.22226922963e-06,0.0250000000663,2.70490609483e-10,-1.25595810002e-10,8.50903161626e-06,0.999999999964,1.70180632327e-05
6.898,1790081561.59,-2.2064516734e-06,-4.23679417815e-06,0.0249921563306,2.05274393594e-08,-3.91911967776e-05,8.53634721384e-06,0.999999999196,1.70726928582e-05
6.918,1790081561.61,1.00187498905e-06,-4.24618110091e-06,0.0249952028415,-2.61439392022e-08,2.49890936762e-05,8.55897640564e-06,0.999999999651,1.71179515209e-05
6.938,1790081561.63,-2.48308357055e-07,-4.26113263148e-06,0.0250000000663,2.70490629811e-10,-1.25595821556e-10,8.58731896487e-06,0.999999999963,1.717463793e-05
6.958,1790081561.65,-2.20872175965e-06,-4.27565770536e-06,0.0249921563306,2.05302315993e-08,-3.91911967909e-05,8.61463420149e-06,0.999999999195,1.72292668337e-05
6.978,1790081561.67,9.99604898756e-07,-4.28504401502e-06,0.0249952028415,-2.61455337765e-08,2.49890936578e-05,8.63726309163e-06,0.99999999965,1.72745248929e-05
6.998,1790081561.69,-2.50578450565e-07,-4.2999955543e-06,0.0250000000663,2.70490650104e-10,-1.25595833116e-10,8.66560528133e-06,0.999999999962,1.73312105629e-05
7.018,1790081561.71,-2.21099185797e-06,-4.31452075353e-06,0.0249921563306,2.05330238025e-08,-3.91911968043e-05,8.69292015697e-06,0.999999999194,1.73858387448e-05
7.038,1790081561.73,9.97334796397e-07,-4.3239064501e-06,0.0249952028415,-2.61471283299e-08,2.49890936393e-05,8.71554874543e-06,0.99999999965,1.74310962006e-05
7.058,1790081561.75,-2.52848556134e-07,-4.33885799809e-06,0.0250000000663,2.70490670431e-10,-1.25595844778e-10,8.74389056561e-06,0.999999999962,1.74877811314e-05
7.078,1790081561.77,-2.21326196834e-06,-4.35338332268e-06,0.0249921563306,2.0535815969e-08,-3.91911968177e-05,8.7712050803e-06,0.999999999194,1.75424085916e-05
7.098,1790081561.79,9.95064681976e-07,-4.36276840617e-06,0.0249952028415,-2.61487228647e-08,2.49890936209e-05,8.79383336708e-06,0.999999999649,1.7587665444e-05
7.118,1790081561.81,-2.55118673766e-07,-4.37771996286e-06,0.0250000000663,2.70490690727e-10,-1.25595856318e-10,8.82217481772e-06,0.999999999961,1.76443496357e-05
7.138,1790081561.83,-2.21553209078e-06,-4.3922454128e-06,0.0249921563306,2.05386080985e-08,-3.9191196831e-05,8.84948897141e-06,0.999999999193,1.7698976374e-05
7.158,1790081561.85,9.92794555497e-07,-4.40162988322e-06,0.0249952028415,-2.61503173712e-08,2.49890936025e-05,8.87211695653e-06,0.999999999648,1.7744232623e-05
7.178,1790081561.87,-2.57388803459e-07,-4.41658144861e-06,0.0250000000663,2.70490711075e-10,-1.25595867818e-10,8.90045803765e-06,0.99999999996,1.78009160755e-05
7.198,1790081561.89,-2.21780222528e-06,-4.43110702391e-06,0.0249921563306,2.0541400191e-08,-3.91911968444e-05,8.92777183041e-06,0.999999999192,1.78555420921e-05
7.218,1790081561.91,9.90524416955e-07,-4.44049088126e-06,0.0249952028415,-2.61519118637e-08,2.49890935841e-05,8.95039951386e-06,0.999999999648,1.79007977377e-05
7.238,1790081561.93,-2.59658945215e-07,-4.45544245536e-06,0.0250000000663,2.70490731372e-10,-1.25595879446e-10,8.97874022548e-06,0.99999999996,1.79574804512e-05
7.258,1790081561.95,-2.22007237184e-06,-4.469968156e-06,0.0249921563306,2.05441922471e-08,-3.91911968578e-05,9.00605365729e-06,0.999999999191,1.8012105746e-05
7.278,1790081561.97,9.88254266349e-07,-4.4793514003e-06,0.0249952028415,-2.61535063324e-08,2.49890935657e-05,9.02868103907e-06,0.999999999647,1.80573607882e-05
7.298,1790081561.99,-2.61929099033e-07,-4.4943029831e-06,0.0250000000663,2.7049075167e-10,-1.25595891026e-10,9.05702138118e-06,0.999999999959,1.81140427626e-05
7.318,1790081562.01,-2.22234253047e-06,-4.50882880909e-06,0.0249921563306,2.05469842661e-08,-3.91911968711e-05,9.08433445206e-06,0.999999999191,1.81686673357e-05
7.338,1790081562.03,9.8598410368e-07,-4.51821144033e-06,0.0249952028415,-2.61551007787e-08,2.49890935472e-05,9.10696153221e-06,0.999999999646,1.82139217746e-05
7.358,1790081562.05,-2.64199264914e-07,-4.53316303185e-06,0.0250000000663,2.70490771982e-10,-1.25595902566e-10,9.13530150479e-06,0.999999999958,1.82706030098e-05
7.378,1790081562.07,-2.22461270116e-06,-4.54768898318e-06,0.0249921563305,2.05497762484e-08,-3.91911968845e-05,9.16261421474e-06,0.99999999919,1.83252268612e-05
7.398,1790081562.09,9.83713928951e-07,-4.55707100138e-06,0.0249952028415,-2.61566952059e-08,2.49890935288e-05,9.18524099324e-06,0.999999999646,1.83704806967e-05
7.418,1790081562.11,-2.66469442856e-07,-4.5720226016e-06,0.0250000000663,2.70490792298e-10,-1.25595914093e-10,9.21358059633e-06,0.999999999958,1.84271611929e-05
7.438,1790081562.13,-2.2268828839e-06,-4.58654867828e-06,0.0249921563305,2.05525681936e-08,-3.91911968979e-05,9.24089294531e-06,0.999999999189,1.84817843225e-05
7.458,1790081562.15,9.81443742159e-07,-4.59593008345e-06,0.0249952028415,-2.61582896109e-08,2.49890935104e-05,9.26351942216e-06,0.999999999645,1.85270375546e-05
7.478,1790081562.17,-2.68739632857e-07,-4.61088169237e-06,0.0250000000663,2.70490812614e-10,-1.25595925606e-10,9.29185865576e-06,0.999999999957,1.85837173118e-05
7.498,1790081562.19,-2.22915307871e-06,-4.62540789438e-06,0.0249921563305,2.05553601026e-08,-3.91911969112e-05,9.31917064382e-06,0.999999999189,1.86383397197e-05
7.518,1790081562.21,9.7917354331e-07,-4.63478868652e-06,0.0249952028415,-2.61598839957e-08,2.4989093492e-05,9.34179681901e-06,0.999999999644,1.86835923484e-05
7.538,1790081562.23,-2.71009834918e-07,-4.64974030415e-06,0.0250000000663,2.70490832904e-10,-1.25595937261e-10,9.37013568311e-06,0.999999999956,1.87402713665e-05
7.558,1790081562.25,-2.23142328558e-06,-4.6642666315e-06,0.0249921563305,2.0558151974e-08,-3.91911969246e-05,9.39744731022e-06,0.999999999188,1.87948930526e-05
7.578,1790081562.27,9.76903332397e-07,-4.67364681063e-06,0.0249952028415,-2.6161478361e-08,2.49890934736e-05,9.42007318377e-06,0.999999999643,1.8840145078e-05
7.598,1790081562.29,-2.73280049045e-07,-4.68859843696e-06,0.0250000000663,2.70490853227e-10,-1.25595948767e-10,9.44841167838e-06,0.999999999955,1.88968233571e-05
7.618,1790081562.31,-2.23369350451e-06,-4.70312488966e-06,0.0249921563305,2.0560943809e-08,-3.9191196938e-05,9.4757229446e-06,0.999999999187,1.89514443215e-05
7.638,1790081562.33,9.7463310942e-07,-4.71250445577e-06,0.0249952028415,-2.61630727032e-08,2.49890934552e-05,9.49834851655e-06,0.999999999643,1.89966957436e-05
7.658,1790081562.35,-2.75550275231e-07,-4.72745609081e-06,0.0250000000663,2.70490873514e-10,-1.25595960314e-10,9.52668664168e-06,0.999999999955,1.90533732836e-05
7.678,1790081562.37,-2.2359637355e-06,-4.74198266884e-06,0.0249921563305,2.05637356077e-08,-3.91911969514e-05,9.55399754699e-06,0.999999999186,1.91079935265e-05
7.698,1790081562.39,9.72362874388e-07,-4.75136162196e-06,0.0249952028415,-2.61646670249e-08,2.49890934368e-05,9.57662281727e-06,0.999999999642,1.91532443451e-05
7.718,1790081562.41,-2.77820513478e-07,-4.7663132657e-06,0.0250000000663,2.70490893841e-10,-1.25595971887e-10,9.60496057292e-06,0.999999999954,1.92099211461e-05
7.738,1790081562.43,-2.23823397856e-06,-4.78083996907e-06,0.0249921563305,2.05665273691e-08,-3.91911969647e-05,9.63227111731e-06,0.999999999186,1.92645406673e-05
7.758,1790081562.45,9.70092627291e-07,-4.7902183092e-06,0.0249952028415,-2.61662613257e-08,2.49890934183e-05,9.65489608596e-06,0.999999999641,1.93097908826e-05
7.778,1790081562.47,-2.80090763786e-07,-4.80516996164e-06,0.0250000000663,2.70490914171e-10,-1.25595983441e-10,9.68323347212e-06,0.999999999953,1.93664669446e-05
7.798,1790081562.49,-2.24050423367e-06,-4.81969679035e-06,0.0249921563305,2.05693190935e-08,-3.91911969781e-05,9.71054365562e-06,0.999999999185,1.9421085744e-05
7.818,1790081562.51,9.67822368135e-07,-4.82907451749e-06,0.0249952028415,-2.61678556053e-08,2.49890933999e-05,9.73316832266e-06,0.99999999964,1.9466335356e-05
7.838,1790081562.53,-2.82361026153e-07,-4.84402617863e-06,0.0250000000663,2.70490934456e-10,-1.25595994961e-10,9.76150533938e-06,0.999999999952,1.95230106791e-05
7.858,1790081562.55,-2.24277450084e-06,-4.85855313267e-06,0.0249921563305,2.05721107818e-08,-3.91911969915e-05,9.78881516198e-06,0.999999999184,1.95776287569e-05
7.878,1790081562.57,9.6555209692e-07,-4.86793024684e-06,0.0249952028415,-2.61694498635e-08,2.49890933815e-05,9.81143952739e-06,0.99999999964,1.96228777656e-05
7.898,1790081562.59,-2.8463130058e-07,-4.88288191669e-06,0.0250000000663,2.70490954772e-10,-1.25596006507e-10,9.83977617465e-06,0.999999999952,1.96795523496e-05
7.918,1790081562.61,-2.24504478007e-06,-4.89740899606e-06,0.0249921563305,2.05749024326e-08,-3.91911970048e-05,9.86708563634e-06,0.999999999183,1.97341697058e-05
7.938,1790081562.63,9.63281813644e-07,-4.90678549725e-06,0.0249952028415,-2.61710441033e-08,2.49890933631e-05,9.88970970015e-06,0.999999999639,1.97794181112e-05
7.958,1790081562.65,-2.86901587067e-07,-4.92173717581e-06,0.0250000000663,2.70490975054e-10,-1.25596018081e-10,9.91804597795e-06,0.999999999951,1.98360919562e-05
7.978,1790081562.67,-2.24731507137e-06,-4.9362643805e-06,0.0249921563305,2.05776940468e-08,-3.91911970182e-05,9.94535507875e-06,0.999999999183,1.98907085907e-05
7.998,1790081562.69,9.61011518308e-07,-4.94564026874e-06,0.0249952028415,-2.61726383186e-08,2.49890933447e-05,9.96797884095e-06,0.999999999638,1.99359563928e-05
8.018,1790081562.71,-2.89171885614e-07,-4.960591956e-06,0.0250000000663,2.70490995368e-10,-1.25596029594e-10,9.9963147493e-06,0.99999999995,1.99926294989e-05
8.038,1790081562.73,-2.24958537472e-06,-4.97511928602e-06,0.0249921563305,2.05804856243e-08,-3.91911970315e-05,1.00236234892e-05,0.999999999182,2.00472454118e-05
8.058,1790081562.75,9.58741210913e-07,-4.98449456131e-06,0.0249952028415,-2.6174232513e-08,2.49890933263e-05,1.00462469498e-05,0.999999999637,2.00924926106e-05
8.078,1790081562.77,-2.9144219622e-07,-4.99944625727e-06,0.0250000000663,2.70491015683e-10,-1.25596041215e-10,1.00745824887e-05,0.999999999949,2.01491649777e-05
8.098,1790081562.79,-2.25185569013e-06,-5.01397371263e-06,0.0249921563305,2.05832771651e-08,-3.91911970449e-05,1.01018908677e-05,0.999999999181,2.0203780169e-05
8.118,1790081562.81,9.5647089146e-07,-5.02334837497e-06,0.0249952028415,-2.61758266886e-08,2.49890933078e-05,1.01245140267e-05,0.999999999637,2.02490267645e-05
8.138,1790081562.83,-2.93712518885e-07,-5.03830007964e-06,0.0250000000663,2.70491035996e-10,-1.2559605281e-10,1.01528491962e-05,0.999999999948,2.03056983927e-05
8.158,1790081562.85,-2.2541260176e-06,-5.05282766031e-06,0.0249921563305,2.05860686688e-08,-3.91911970583e-05,1.01801572143e-05,0.99999999918,2.03603128623e-05
8.178,1790081562.87,9.54200559945e-07,-5.06220170971e-06,0.0249952028415,-2.61774208412e-08,2.49890932894e-05,1.02027800717e-05,0.999999999636,2.04055588546e-05
8.198,1790081562.89,-2.9598285361e-07,-5.07715342309e-06,0.0250000000663,2.7049105629e-10,-1.25596064295e-10,1.02311148717e-05,0.999999999948,2.04622297438e-05
8.218,1790081562.91,-2.25639635713e-06,-5.09168112908e-06,0.0249921563305,2.05888601359e-08,-3.91911970716e-05,1.0258422529e-05,0.999999999179,2.05168434918e-05
8.238,1790081562.93,9.51930216372e-07,-5.10105456556e-06,0.0249952028415,-2.61790149752e-08,2.4989093271e-05,1.02810450848e-05,0.999999999635,2.05620888808e-05
8.258,1790081562.95,-2.98253200396e-07,-5.11600628764e-06,0.0250000000663,2.70491076578e-10,-1.25596075937e-10,1.03093795154e-05,0.999999999947,2.06187590311e-05
8.278,1790081562.97,-2.25866670872e-06,-5.13053411896e-06,0.0249921563305,2.05916515657e-08,-3.9191197085e-05,1.03366868118e-05,0.999999999179,2.06733720575e-05
8.298,1790081562.99,9.49659860741e-07,-5.13990694252e-06,0.0249952028415,-2.61806090846e-08,2.49890932526e-05,1.0359309066e-05,0.999999999634,2.07186168433e-05
8.318,1790081563.01,-3.00523559236e-07,-5.1548586733e-06,0.0250000000663,2.70491096877e-10,-1.2559608745e-10,1.03876431271e-05,0.999999999946,2.07752862546e-05
8.338,1790081563.03,-2.26093707237e-06,-5.16938662994e-06,0.0249921563305,2.05944429593e-08,-3.91911970984e-05,1.04149500627e-05,0.999999999178,2.08298985595e-05
8.358,1790081563.05,9.47389493054e-07,-5.17875884058e-06,0.0249952028415,-2.61822031761e-08,2.49890932342e-05,1.04375720153e-05,0.999999999633,2.0875142742e-05
8.378,1790081563.07,-3.02793930135e-07,-5.19371058006e-06,0.0250000000663,2.70491117198e-10,-1.2559609901e-10,1.0465905707e-05,0.999999999945,2.09318114144e-05
8.398,1790081563.09,-2.26320744807e-06,-5.20823866202e-06,0.0249921563305,2.05972343161e-08,-3.91911971117e-05,1.04932122817e-05,0.999999999177,2.09864229977e-05
8.418,1790081563.11,9.45119113308e-07,-5.21761025976e-06,0.0249952028415,-2.61837972472e-08,2.49890932158e-05,1.05158339327e-05,0.999999999632,2.1031666577e-05
8.438,1790081563.13,-3.05064313092e-07,-5.23256200795e-06,0.0250000000663,2.70491137486e-10,-1.2559611053e-10,1.05441672551e-05,0.999999999944,2.10883345105e-05
8.458,1790081563.15,-2.26547783583e-06,-5.24709021522e-06,0.0249921563305,2.06000256358e-08,-3.91911971251e-05,1.05714734689e-05,0.999999999176,2.11429453722e-05
8.478,1790081563.17,9.42848721502e-07,-5.25646120007e-06,0.0249952028415,-2.61853912934e-08,2.49890931973e-05,1.05940948183e-05,0.999999999632,2.11881883482e-05
8.498,1790081563.19,-3.07334708107e-07,-5.27141295696e-06,0.0250000000663,2.70491157797e-10,-1.2559612209e-10,1.06224277712e-05,0.999999999944,2.12448555429e-05
8.518,1790081563.21,-2.26774823565e-06,-5.28594128954e-06,0.0249921563305,2.06028169186e-08,-3.91911971384e-05,1.06497336242e-05,0.999999999175,2.1299465683e-05
8.538,1790081563.23,9.40578317639e-07,-5.2953116615e-06,0.0249952028415,-2.61869853206e-08,2.4989093179e-05,1.06723546721e-05,0.999999999631,2.13447080558e-05
8.558,1790081563.25,-3.09605115183e-07,-5.3102634271e-06,0.0250000000663,2.7049117808e-10,-1.2559613365e-10,1.07006872556e-05,0.999999999943,2.14013745116e-05
8.578,1790081563.27,-2.27001864753e-06,-5.324791885e-06,0.0249921563305,2.0605608165e-08,-3.91911971518e-05,1.07279927477e-05,0.999999999174,2.14559839301e-05
8.598,1790081563.29,9.38307901716e-07,-5.33416164408e-06,0.0249952028415,-2.61885793287e-08,2.49890931605e-05,1.0750613494e-05,0.99999999963,2.15012256997e-05
8.618,1790081563.31,-3.11875534316e-07,-5.34911341837e-06,0.0250000000663,2.7049119839e-10,-1.2559614519e-10,1.07789457081e-05,0.999999999942,2.15578914166e-05
8.638,1790081563.33,-2.27228907147e-06,-5.36364200158e-06,0.0249921563305,2.06083993746e-08,-3.91911971651e-05,1.08062508394e-05,0.999999999174,2.16125001136e-05
8.658,1790081563.35,9.36037473736e-07,-5.37301114779e-06,0.0249952028415,-2.61901733131e-08,2.49890931421e-05,1.08288712841e-05,0.999999999629,2.165774128e-05
8.678,1790081563.37,-3.14145965505e-07,-5.38796293079e-06,0.0250000000663,2.70491218654e-10,-1.25596156764e-10,1.08572031288e-05,0.999999999941,2.1714406258e-05
8.698,1790081563.39,-2.27455950746e-06,-5.40249163931e-06,0.0249921563305,2.06111905473e-08,-3.91911971785e-05,1.08845078993e-05,0.999999999173,2.17690142336e-05
8.718,1790081563.41,9.337670337e-07,-5.41186017265e-06,0.0249952028415,-2.61917672781e-08,2.49890931237e-05,1.09071280424e-05,0.999999999628,2.18142547967e-05
8.738,1790081563.43,-3.16416408753e-07,-5.42681196435e-06,0.0250000000663,2.70491238964e-10,-1.25596168297e-10,1.09354595177e-05,0.99999999994,2.18709190359e-05
8.758,1790081563.45,-2.27682995551e-06,-5.44134079818e-06,0.0249921563305,2.0613981683e-08,-3.91911971919e-05,1.09627639274e-05,0.999999999172,2.19255262899e-05
8.778,1790081563.47,9.31496581602e-07,-5.45070871867e-06,0.0249952028415,-2.61933612218e-08,2.49890931053e-05,1.0985383769e-05,0.999999999627,2.19707662499e-05
8.798,1790081563.49,-3.1868686406e-07,-5.46566051907e-06,0.0250000000663,2.70491259261e-10,-1.25596179973e-10,1.10137148749e-05,0.999999999939,2.20274297502e-05
8.818,1790081563.51,-2.27910041562e-06,-5.48018947821e-06,0.0249921563305,2.06167727824e-08,-3.91911972052e-05,1.10410189237e-05,0.999999999171,2.20820362826e-05
8.838,1790081563.53,9.2922611745e-07,-5.48955678585e-06,0.0249952028415,-2.61949551457e-08,2.49890930869e-05,1.10636384637e-05,0.999999999627,2.21272756395e-05
8.858,1790081563.55,-3.20957331421e-07,-5.50450859496e-06,0.0250000000663,2.70491279568e-10,-1.25596191425e-10,1.10919692003e-05,0.999999999938,2.2183938401e-05
8.878,1790081563.57,-2.28137088779e-06,-5.5190376794e-06,0.0249921563305,2.06195638446e-08,-3.91911972186e-05,1.11192728883e-05,0.99999999917,2.2238544212e-05
8.898,1790081563.59,9.26955641241e-07,-5.5284043742e-06,0.0249952028415,-2.61965490449e-08,2.49890930684e-05,1.11418921268e-05,0.999999999626,2.22837829656e-05
8.918,1790081563.61,-3.23227810841e-07,-5.54335619201e-06,0.0250000000663,2.70491299856e-10,-1.25596202944e-10,1.11702224939e-05,0.999999999938,2.23404449883e-05
8.938,1790081563.63,-2.28364137201e-06,-5.55788540175e-06,0.0249921563305,2.06223548701e-08,-3.91911972319e-05,1.1197525821e-05,0.999999999169,2.23950500777e-05
8.958,1790081563.65,9.24685152978e-07,-5.56725148373e-06,0.0249952028415,-2.6198142925e-08,2.498909305e-05,1.1220144758e-05,0.999999999625,2.24402882281e-05
8.978,1790081563.67,-3.25498302315e-07,-5.58220331024e-06,0.0250000000663,2.70491320162e-10,-1.25596214573e-10,1.12484747558e-05,0.999999999937,2.2496949512e-05
8.998,1790081563.69,-2.28591186829e-06,-5.59673264528e-06,0.0249921563305,2.06251458584e-08,-3.91911972453e-05,1.12757777221e-05,0.999999999168,2.255155388e-05
9.018,1790081563.71,9.22414652654e-07,-5.60609811443e-06,0.0249952028415,-2.61997367834e-08,2.49890930316e-05,1.12983963575e-05,0.999999999624,2.25967914273e-05
9.038,1790081563.73,-3.27768805846e-07,-5.62104994964e-06,0.0250000000663,2.70491340447e-10,-1.25596225963e-10,1.13267259859e-05,0.999999999936,2.26534519723e-05
9.058,1790081563.75,-2.28818237662e-06,-5.63557940999e-06,0.0249921563305,2.06279368108e-08,-3.91911972586e-05,1.13540285915e-05,0.999999999168,2.27080556189e-05
9.078,1790081563.77,9.20144140279e-07,-5.64494426632e-06,0.0249952028415,-2.6201330623e-08,2.49890930132e-05,1.13766469253e-05,0.999999999623,2.2753292563e-05
9.098,1790081563.79,-3.30039321431e-07,-5.65989611024e-06,0.0250000000663,2.70491360757e-10,-1.25596237591e-10,1.14049761844e-05,0.999999999935,2.28099523692e-05
9.118,1790081563.81,-2.29045289701e-06,-5.67442569588e-06,0.0249921563305,2.06307277258e-08,-3.9191197272e-05,1.14322784291e-05,0.999999999167,2.28645552944e-05
9.138,1790081563.83,9.17873615849e-07,-5.68378993941e-06,0.0249952028415,-2.62029244391e-08,2.49890929948e-05,1.14548964615e-05,0.999999999622,2.29097916353e-05
9.158,1790081563.85,-3.32309849073e-07,-5.69874179203e-06,0.0250000000663,2.70491381071e-10,-1.25596249145e-10,1.14832253511e-05,0.999999999934,2.29664507028e-05
9.178,1790081563.87,-2.29272342945e-06,-5.71327150297e-06,0.0249921563305,2.0633518604e-08,-3.91911972853e-05,1.15105272351e-05,0.999999999166,2.30210529064e-05
9.198,1790081563.89,9.1560307936e-07,-5.7226351337e-06,0.0249952028415,-2.62045182353e-08,2.49890929764e-05,1.15331449659e-05,0.999999999621,2.30662886443e-05
9.218,1790081563.91,-3.34580388772e-07,-5.73758699502e-06,0.0250000000663,2.70491401344e-10,-1.25596260638e-10,1.15614734862e-05,0.999999999933,2.3122946973e-05
9.238,1790081563.93,-2.29499397396e-06,-5.75211683125e-06,0.0249921563305,2.06363094454e-08,-3.91911972987e-05,1.15887750094e-05,0.999999999165,2.31775484551e-05
9.258,1790081563.95,9.13332530812e-07,-5.76147984919e-06,0.0249952028415,-2.62061120108e-08,2.4989092958e-05,1.16113924387e-05,0.99999999962,2.32227835898e-05
9.278,1790081563.97,-3.36850940529e-07,-5.77643171921e-06,0.0250000000663,2.70491421624e-10,-1.25596272245e-10,1.16397205896e-05,0.999999999932,2.32794411797e-05
9.298,1790081563.99,-2.29726453052e-06,-5.79096168073e-06,0.0249921563305,2.06391002506e-08,-3.91911973121e-05,1.1667021752e-05,0.999999999164,2.33340419405e-05
9.318,1790081564.01,9.11061970211e-07,-5.80032408589e-06,0.0249952028415,-2.62077057679e-08,2.49890929396e-05,1.16896388797e-05,0.999999999619,2.33792764721e-05
9.338,1790081564.03,-3.3912150434e-07,-5.8152759646e-06,0.0250000000663,2.70491441898e-10,-1.25596283867e-10,1.17179666613e-05,0.999999999931,2.34359333232e-05
9.358,1790081564.05,-2.29953509913e-06,-5.82980605141e-06,0.0249921563305,2.06418910183e-08,-3.91911973254e-05,1.17452674629e-05,0.999999999163,2.34905333625e-05
9.378,1790081564.07,9.08791397554e-07,-5.83916784379e-06,0.0249952028415,-2.62092995021e-08,2.49890929211e-05,1.17678842891e-05,0.999999999619,2.3535767291e-05
9.398,1790081564.09,-3.41392080204e-07,-5.85411973121e-06,0.0250000000663,2.704914622e-10,-1.25596295285e-10,1.17962117014e-05,0.99999999993,2.35924234034e-05
9.418,1790081564.11,-2.3018056798e-06,-5.86864994331e-06,0.0249921563305,2.06446817495e-08,-3.91911973387e-05,1.18235121422e-05,0.999999999162,2.36470227213e-05
9.438,1790081564.13,9.06520812843e-07,-5.87801112292e-06,0.0249952028415,-2.62108932124e-08,2.49890929027e-05,1.18461286669e-05,0.999999999618,2.36922560467e-05
9.458,1790081564.15,-3.43662668126e-07,-5.89296301904e-06,0.0250000000663,2.70491482505e-10,-1.25596306852e-10,1.18744557099e-05,0.999999999929,2.37489114203e-05
9.478,1790081564.17,-2.30407627252e-06,-5.90749335643e-06,0.0249921563305,2.06474724435e-08,-3.91911973521e-05,1.19017557899e-05,0.999999999161,2.38035100169e-05
9.498,1790081564.19,9.04250216078e-07,-5.91685392328e-06,0.0249952028415,-2.62124869022e-08,2.49890928843e-05,1.19243720131e-05,0.999999999617,2.38487427391e-05
9.518,1790081564.21,-3.45933268102e-07,-5.93180582811e-06,0.0250000000663,2.70491502786e-10,-1.25596318453e-10,1.19526986867e-05,0.999999999929,2.39053973741e-05
9.538,1790081564.23,-2.3063468773e-06,-5.94633629078e-06,0.0249921563305,2.06502631014e-08,-3.91911973655e-05,1.1979998406e-05,0.99999999916,2.39599952492e-05
9.558,1790081564.25,9.01979607253e-07,-5.95569624489e-06,0.0249952028415,-2.62140805742e-08,2.49890928659e-05,1.20026143277e-05,0.999999999616,2.40052273684e-05
9.578,1790081564.27,-3.48203880135e-07,-5.97064815841e-06,0.0250000000663,2.70491523061e-10,-1.25596330026e-10,1.2030940632e-05,0.999999999928,2.40618812646e-05
9.598,1790081564.29,-2.30861749413e-06,-5.98517874637e-06,0.0249921563305,2.06530537226e-08,-3.91911973788e-05,1.20582399905e-05,0.999999999159,2.41164784183e-05
9.618,1790081564.31,8.99708986377e-07,-5.99453808773e-06,0.0249952028415,-2.62156742231e-08,2.49890928475e-05,1.20808556107e-05,0.999999999615,2.41617099345e-05
9.638,1790081564.33,-3.50474504222e-07,-6.00949000995e-06,0.0250000000663,2.70491543364e-10,-1.2559634158e-10,1.21091815457e-05,0.999999999927,2.4218363092e-05
9.658,1790081564.35,-2.31088812302e-06,-6.02402072319e-06,0.0249921563304,2.06558443063e-08,-3.91911973922e-05,1.21364805434e-05,0.999999999158,2.42729595243e-05
9.678,1790081564.37,8.97438353441e-07,-6.03337945183e-06,0.0249952028415,-2.62172678508e-08,2.49890928291e-05,1.21590958621e-05,0.999999999614,2.43181904374e-05
9.698,1790081564.39,-3.52745140365e-07,-6.04833138275e-06,0.0250000000663,2.70491563646e-10,-1.2559635314e-10,1.21874214278e-05,0.999999999926,2.43748428562e-05
9.718,1790081564.41,-2.31315876397e-06,-6.06286222128e-06,0.0249921563304,2.06586348534e-08,-3.91911974055e-05,1.22147200647e-05,0.999999999157,2.44294385671e-05
9.738,1790081564.43,8.95167708455e-07,-6.07222033719e-06,0.0249952028415,-2.62188614578e-08,2.49890928107e-05,1.2237335082e-05,0.999999999613,2.44746688771e-05
9.758,1790081564.45,-3.5501578856e-07,-6.08717227681e-06,0.0250000000663,2.70491583941e-10,-1.25596364667e-10,1.22656602783e-05,0.999999999925,2.45313205572e-05
9.778,1790081564.47,-2.31542941696e-06,-6.10170324061e-06,0.0249921563304,2.06614253638e-08,-3.91911974189e-05,1.22929585545e-05,0.999999999156,2.45859155468e-05
9.798,1790081564.49,8.92897051415e-07,-6.1110607438e-06,0.0249952028415,-2.6220455043e-08,2.49890927923e-05,1.23155732702e-05,0.999999999612,2.46311452537e-05
9.818,1790081564.51,-3.57286448807e-07,-6.12601269212e-06,0.0250000000663,2.70491604226e-10,-1.25596376213e-10,1.23438980973e-05,0.999999999924,2.46877961951e-05
9.838,1790081564.53,-2.31770008201e-06,-6.1405437812e-06,0.0249921563304,2.06642158377e-08,-3.91911974322e-05,1.23711960127e-05,0.999999999156,2.47423904634e-05
9.858,1790081564.55,8.90626382324e-07,-6.14990067168e-06,0.0249952028415,-2.62220486115e-08,2.49890927738e-05,1.23938104269e-05,0.999999999611,2.47876195672e-05
9.878,1790081564.57,-3.59557121108e-07,-6.16485262871e-06,0.0250000000663,2.70491624488e-10,-1.25596387774e-10,1.24221348847e-05,0.999999999923,2.484426977e-05
9.898,1790081564.59,-2.31997075912e-06,-6.17938384306e-06,0.0249921563304,2.06670062743e-08,-3.91911974456e-05,1.24494324394e-05,0.999999999155,2.48988633168e-05
9.918,1790081564.61,8.88355701178e-07,-6.18874012084e-06,0.0249952028415,-2.62236421537e-08,2.49890927554e-05,1.24720465521e-05,0.99999999961,2.49440918176e-05
9.938,1790081564.63,-3.61827805464e-07,-6.20369208657e-06,0.0250000000663,2.70491644789e-10,-1.25596399402e-10,1.25003706406e-05,0.999999999922,2.50007412818e-05
9.958,1790081564.65,-2.32224144827e-06,-6.21822342619e-06,0.0249921563304,2.06697966743e-08,-3.91911974589e-05,1.25276678346e-05,0.999999999154,2.50553341074e-05
9.978,1790081564.67,8.86085007975e-07,-6.22757909128e-06,0.0249952028415,-2.62252356774e-08,2.4989092737e-05,1.25502816458e-05,0.999999999609,2.51005620052e-05
9.998,1790081564.69,-3.64098501877e-07,-6.2425310657e-06,0.0250000000663,2.70491665099e-10,-1.25596410908e-10,1.2578605365e-05,0.999999999921,2.51572107306e-05
10.018,1790081564.71,-2.32451214949e-06,-6.25706253061e-06,0.0249921563304,2.06725870375e-08,-3.91911974722e-05,1.26059021983e-05,0.999999999153,2.52118028349e-05
10.038,1790081564.73,8.8381430272e-07,-6.266417583e-06,0.0249952028415,-2.6226829181e-08,2.49890927186e-05,1.2628515708e-05,0.999999999608,2.52570301296e-05
10.058,1790081564.75,-3.66369210337e-07,-6.28136956613e-06,0.0250000000663,2.70491685362e-10,-1.25596422401e-10,1.26568390579e-05,0.99999999992,2.53136781165e-05
10.078,1790081564.77,-2.32678286275e-06,-6.2959011563e-06,0.0249921563304,2.06753773641e-08,-3.91911974856e-05,1.26841355305e-05,0.999999999152,2.53682694995e-05
10.098,1790081564.79,8.81543585415e-07,-6.30525559602e-06,0.0249952028415,-2.62284226608e-08,2.49890927002e-05,1.27067487388e-05,0.999999999607,2.54134961912e-05
10.118,1790081564.81,-3.68639930853e-07,-6.32020758785e-06,0.0250000000663,2.70491705666e-10,-1.25596434029e-10,1.27350717194e-05,0.999999999919,2.54701434394e-05
10.138,1790081564.83,-2.32905358806e-06,-6.33473930329e-06,0.0249921563304,2.06781676537e-08,-3.91911974989e-05,1.27623678312e-05,0.999999999151,2.55247341011e-05
10.158,1790081564.85,8.79272856052e-07,-6.34409313035e-06,0.0249952028415,-2.62300161194e-08,2.49890926818e-05,1.2784980738e-05,0.999999999606,2.55699601898e-05
10.178,1790081564.87,-3.70910663422e-07,-6.35904513087e-06,0.0250000000663,2.70491725928e-10,-1.25596445562e-10,1.28133033493e-05,0.999999999918,2.56266066993e-05
10.198,1790081564.89,-2.33132432543e-06,-6.37357697159e-06,0.0249921563304,2.06809579066e-08,-3.91911975123e-05,1.28405991004e-05,0.99999999915,2.56811966397e-05
10.218,1790081564.91,8.77002114638e-07,-6.38293018598e-06,0.0249952028415,-2.62316095599e-08,2.49890926634e-05,1.28632117058e-05,0.999999999605,2.57264221254e-05
10.238,1790081564.93,-3.73181408044e-07,-6.3978821952e-06,0.0250000000663,2.70491746214e-10,-1.25596457122e-10,1.28915339478e-05,0.999999999917,2.57830678964e-05
10.258,1790081564.95,-2.33359507486e-06,-6.41241416118e-06,0.0249921563304,2.0683748123e-08,-3.91911975256e-05,1.29188293382e-05,0.999999999149,2.58376571154e-05
10.278,1790081564.97,8.74731361176e-07,-6.42176676292e-06,0.0249952028415,-2.62332029795e-08,2.4989092645e-05,1.29414416421e-05,0.999999999604,2.58828819981e-05
10.298,1790081564.99,-3.75452164717e-07,-6.43671878085e-06,0.0250000000663,2.70491766483e-10,-1.25596468601e-10,1.29697635149e-05,0.999999999916,2.59395270305e-05
10.318,1790081565.01,-2.33586583633e-06,-6.45125087209e-06,0.0249921563304,2.06865383021e-08,-3.9191197539e-05,1.29970585446e-05,0.999999999148,2.59941155283e-05
10.338,1790081565.03,8.72460595659e-07,-6.46060286118e-06,0.0249952028415,-2.62347963761e-08,2.49890926266e-05,1.3019670547e-05,0.999999999603,2.6039339808e-05
10.358,1790081565.05,-3.77722933441e-07,-6.47555488781e-06,0.0250000000663,2.70491786796e-10,-1.25596480148e-10,1.30479920505e-05,0.999999999915,2.60959841018e-05
10.378,1790081565.07,-2.33813660986e-06,-6.49008710432e-06,0.0249921563304,2.06893284446e-08,-3.91911975523e-05,1.30752867195e-05,0.999999999147,2.61505718784e-05
10.398,1790081565.09,8.70189818089e-07,-6.49943848077e-06,0.0249952028415,-2.62363897523e-08,2.49890926081e-05,1.30978984205e-05,0.999999999602,2.61957955551e-05
10.418,1790081565.11,-3.79993714222e-07,-6.5143905161e-06,0.0250000000663,2.70491807058e-10,-1.25596491688e-10,1.31262195548e-05,0.999999999914,2.62524391103e-05
10.438,1790081565.13,-2.34040739544e-06,-6.52892285787e-06,0.0249921563304,2.06921185505e-08,-3.91911975657e-05,1.31535138631e-05,0.999999999146,2.63070261656e-05
10.458,1790081565.15,8.67919028462e-07,-6.53827362169e-06,0.0249952028415,-2.62379831065e-08,2.49890925897e-05,1.31761252626e-05,0.999999999601,2.63522492394e-05
10.478,1790081565.17,-3.82264507055e-07,-6.55322566572e-06,0.0250000000663,2.70491827343e-10,-1.25596503201e-10,1.32044460276e-05,0.999999999913,2.6408892056e-05
10.498,1790081565.19,-2.34267819307e-06,-6.56775813274e-06,0.0249921563304,2.06949086195e-08,-3.9191197579e-05,1.32317399752e-05,0.999999999144,2.64634783901e-05
10.518,1790081565.21,8.65648226788e-07,-6.57710828395e-06,0.0249952028415,-2.62395764415e-08,2.49890925713e-05,1.32543510733e-05,0.9999999996,2.65087008609e-05
10.538,1790081565.23,-3.84535311937e-07,-6.59206033667e-06,0.0250000000663,2.70491847618e-10,-1.25596514693e-10,1.32826714691e-05,0.999999999912,2.65653429389e-05
10.558,1790081565.25,-2.34494900275e-06,-6.60659292896e-06,0.0249921563304,2.06976986521e-08,-3.91911975924e-05,1.3309965056e-05,0.999999999143,2.66199285517e-05
10.578,1790081565.27,8.63377413062e-07,-6.61594246755e-06,0.0249952028415,-2.62411697532e-08,2.49890925529e-05,1.33325758526e-05,0.999999999599,2.66651504196e-05
10.598,1790081565.29,-3.86806128872e-07,-6.63089452898e-06,0.0250000000663,2.70491867892e-10,-1.25596526287e-10,1.33608958791e-05,0.999999999911,2.67217917591e-05
10.618,1790081565.31,-2.34721982448e-06,-6.64542724652e-06,0.0249921563304,2.07004886471e-08,-3.91911976057e-05,1.33881891054e-05,0.999999999142,2.67763766507e-05
10.638,1790081565.33,8.61106587283e-07,-6.65477617251e-06,0.0249952028415,-2.62427630446e-08,2.49890925345e-05,1.34107996006e-05,0.999999999598,2.68215979156e-05
10.658,1790081565.35,-3.89076957859e-07,-6.66972824263e-06,0.0250000000663,2.70491888152e-10,-1.25596537868e-10,1.34391192579e-05,0.99999999991,2.68782385166e-05
10.678,1790081565.37,-2.34949065827e-06,-6.68426108542e-06,0.0249921563304,2.07032786057e-08,-3.9191197619e-05,1.34664121234e-05,0.999999999141,2.69328226869e-05
10.698,1790081565.39,8.58835749452e-07,-6.69360939882e-06,0.0249952028415,-2.62443563172e-08,2.49890925161e-05,1.34890223172e-05,0.999999999597,2.69780433489e-05
10.718,1790081565.41,-3.91347798895e-07,-6.70856147764e-06,0.0250000000663,2.70491908463e-10,-1.2559654932e-10,1.35173416052e-05,0.999999999909,2.70346832113e-05
10.738,1790081565.43,-2.35176150411e-06,-6.72309444569e-06,0.0249921563304,2.07060685277e-08,-3.91911976324e-05,1.35446341101e-05,0.99999999914,2.70892666605e-05
10.758,1790081565.45,8.56564899574e-07,-6.73244214649e-06,0.0249952028415,-2.62459495675e-08,2.49890924977e-05,1.35672440025e-05,0.999999999596,2.71344867195e-05
10.778,1790081565.47,-3.93618651984e-07,-6.74739423401e-06,0.0250000000663,2.70491928736e-10,-1.25596560934e-10,1.35955629213e-05,0.999999999908,2.71911258434e-05
10.798,1790081565.49,-2.354032362e-06,-6.76192732732e-06,0.0249921563304,2.07088584127e-08,-3.91911976457e-05,1.36228550655e-05,0.999999999139,2.72457085713e-05
10.818,1790081565.51,8.54294037639e-07,-6.77127441554e-06,0.0249952028415,-2.62475427977e-08,2.49890924793e-05,1.36454646564e-05,0.999999999595,2.72909280274e-05
10.838,1790081565.53,-3.95889517123e-07,-6.78622651176e-06,0.0250000000663,2.70491949008e-10,-1.25596572481e-10,1.3673783206e-05,0.999999999907,2.73475664128e-05
10.858,1790081565.55,-2.35630323194e-06,-6.80075973031e-06,0.0249921563304,2.07116482615e-08,-3.91911976591e-05,1.37010749895e-05,0.999999999138,2.74021484196e-05
10.878,1790081565.57,8.52023163657e-07,-6.81010620596e-06,0.0249952028415,-2.62491360039e-08,2.49890924609e-05,1.3723684279e-05,0.999999999594,2.74473672728e-05
10.898,1790081565.59,-3.98160394313e-07,-6.82505831088e-06,0.0250000000663,2.70491969272e-10,-1.25596583994e-10,1.37520024594e-05,0.999999999905,2.75040049196e-05
10.918,1790081565.61,-2.35857411393e-06,-6.83959165468e-06,0.0249921563304,2.07144380725e-08,-3.91911976724e-05,1.37792938823e-05,0.999999999137,2.75585862052e-05
10.938,1790081565.63,8.49752277627e-07,-6.84893751776e-06,0.0249952028415,-2.62507291901e-08,2.49890924424e-05,1.38019028704e-05,0.999999999593,2.76038044555e-05
10.958,1790081565.65,-4.00431283551e-07,-6.86388963138e-06,0.0250000000663,2.70491989576e-10,-1.25596595575e-10,1.38302206815e-05,0.999999999904,2.76604413639e-05
10.978,1790081565.67,-2.36084500796e-06,-6.87842310042e-06,0.0249921563304,2.07172278479e-08,-3.91911976857e-05,1.38575117438e-05,0.999999999136,2.77150219284e-05
10.998,1790081565.69,8.47481379544e-07,-6.88776835095e-06,0.0249952028415,-2.62523223582e-08,2.4989092424e-05,1.38801204305e-05,0.999999999591,2.77602395758e-05
11.018,1790081565.71,-4.0270218484e-07,-6.90272047327e-06,0.0250000000663,2.70492009831e-10,-1.25596607135e-10,1.39084378724e-05,0.999999999903,2.78168757457e-05
11.038,1790081565.73,-2.36311591405e-06,-6.91725406756e-06,0.0249921563304,2.0720017586e-08,-3.91911976991e-05,1.3935728574e-05,0.999999999135,2.7871455589e-05
11.058,1790081565.75,8.45210469412e-07,-6.92659870554e-06,0.0249952028415,-2.62539155004e-08,2.49890924056e-05,1.39583369593e-05,0.99999999959,2.79166726335e-05
11.078,1790081565.77,-4.04973098181e-07,-6.94155083655e-06,0.0250000000663,2.70492030092e-10,-1.25596618702e-10,1.3986654032e-05,0.999999999902,2.79733080649e-05
11.098,1790081565.79,-2.36538683219e-06,-6.95608455609e-06,0.0249921563304,2.07228072866e-08,-3.91911977124e-05,1.40139443729e-05,0.999999999134,2.80278871871e-05
11.118,1790081565.81,8.42939547235e-07,-6.96542858153e-06,0.0249952028415,-2.62555086263e-08,2.49890923872e-05,1.40365524568e-05,0.999999999589,2.80731036286e-05
11.138,1790081565.83,-4.07244023563e-07,-6.98038072123e-06,0.0250000000663,2.7049205039e-10,-1.25596630276e-10,1.40648691603e-05,0.999999999901,2.81297383216e-05
11.158,1790081565.85,-2.36765776237e-06,-6.99491456601e-06,0.0249921563304,2.07255969515e-08,-3.91911977258e-05,1.40921591406e-05,0.999999999133,2.81843167226e-05
11.178,1790081565.87,8.40668613006e-07,-7.00425797891e-06,0.0249952028415,-2.62571017313e-08,2.49890923688e-05,1.41147669231e-05,0.999999999588,2.82295325613e-05
11.198,1790081565.89,-4.09514961001e-07,-7.01921012732e-06,0.0250000000663,2.70492070658e-10,-1.2559664185e-10,1.41430832574e-05,0.9999999999,2.82861665158e-05
11.218,1790081565.91,-2.36992870461e-06,-7.03374409733e-06,0.0249921563304,2.07283865792e-08,-3.91911977391e-05,1.41703728771e-05,0.999999999132,2.83407441957e-05
11.238,1790081565.93,8.38397666724e-07,-7.04308689771e-06,0.0249952028415,-2.62586948113e-08,2.49890923504e-05,1.41929803582e-05,0.999999999587,2.83859594315e-05
11.258,1790081565.95,-4.11785910492e-07,-7.05803905481e-06,0.0250000000663,2.70492090912e-10,-1.25596653261e-10,1.42212963233e-05,0.999999999899,2.84425926476e-05
11.278,1790081565.97,-2.3721996589e-06,-7.07257315006e-06,0.0249921563304,2.07311761698e-08,-3.91911977525e-05,1.42485855823e-05,0.999999999131,2.84971696063e-05
11.298,1790081565.99,8.36126708392e-07,-7.08191533793e-06,0.0249952028415,-2.62602878713e-08,2.4989092332e-05,1.42711927621e-05,0.999999999586,2.85423842394e-05
11.318,1790081566.01,-4.1405687203e-07,-7.09686750372e-06,0.0250000000663,2.70492111195e-10,-1.25596664794e-10,1.4299508358e-05,0.999999999898,2.8599016717e-05
11.338,1790081566.03,-2.37447062523e-06,-7.11140172421e-06,0.0249921563304,2.07339657242e-08,-3.91911977658e-05,1.43267972564e-05,0.999999999129,2.86535929546e-05
11.358,1790081566.05,8.33855738009e-07,-7.12074329957e-06,0.0249952028415,-2.62618809129e-08,2.49890923136e-05,1.43494041347e-05,0.999999999585,2.86988069847e-05
11.378,1790081566.07,-4.16327845619e-07,-7.13569547406e-06,0.0250000000663,2.70492131451e-10,-1.25596676429e-10,1.43777193615e-05,0.999999999897,2.87554387239e-05
11.398,1790081566.09,-2.37674160362e-06,-7.15022981979e-06,0.0249921563304,2.07367552413e-08,-3.91911977791e-05,1.44050078992e-05,0.999999999128,2.88100142404e-05
11.418,1790081566.11,8.31584755579e-07,-7.15957078265e-06,0.0249952028415,-2.62634739332e-08,2.49890922952e-05,1.44276144761e-05,0.999999999584,2.88552276677e-05
11.438,1790081566.13,-4.18598831257e-07,-7.17452296584e-06,0.0250000000663,2.70492151739e-10,-1.25596687922e-10,1.44559293338e-05,0.999999999896,2.89118586685e-05
11.458,1790081566.15,-2.37901259406e-06,-7.18905743679e-06,0.0249921563304,2.07395447219e-08,-3.91911977925e-05,1.44832175109e-05,0.999999999127,2.8966433464e-05
11.478,1790081566.17,8.29313761099e-07,-7.19839778716e-06,0.0249952028415,-2.626506693e-08,2.49890922768e-05,1.45058237865e-05,0.999999999583,2.90116462884e-05
11.498,1790081566.19,-4.20869828943e-07,-7.21334997906e-06,0.0250000000663,2.70492171993e-10,-1.25596699434e-10,1.45341382749e-05,0.999999999894,2.90682765508e-05
11.518,1790081566.21,-2.38128359654e-06,-7.22788457524e-06,0.0249921563304,2.0742334166e-08,-3.91911978058e-05,1.45614260914e-05,0.999999999126,2.91228506252e-05
11.538,1790081566.23,8.2704275457e-07,-7.23722431313e-06,0.0249952028415,-2.62666599061e-08,2.49890922583e-05,1.45840320656e-05,0.999999999581,2.91680628468e-05
11.558,1790081566.25,-4.23140838676e-07,-7.25217651372e-06,0.0250000000663,2.7049219227e-10,-1.25596710995e-10,1.46123461849e-05,0.999999999893,2.92246923708e-05
11.578,1790081566.27,-2.38355461107e-06,-7.26671123513e-06,0.0249921563304,2.07451235726e-08,-3.91911978191e-05,1.46396336408e-05,0.999999999125,2.92792657241e-05
11.598,1790081566.29,8.24771735996e-07,-7.27605036054e-06,0.0249952028415,-2.62682528642e-08,2.49890922399e-05,1.46622393136e-05,0.99999999958,2.93244773429e-05
11.618,1790081566.31,-4.25411860456e-07,-7.29100256983e-06,0.0250000000663,2.70492212535e-10,-1.25596722521e-10,1.46905530637e-05,0.999999999892,2.93811061285e-05
11.638,1790081566.33,-2.38582563765e-06,-7.30553741647e-06,0.0249921563304,2.07479129433e-08,-3.91911978325e-05,1.4717840159e-05,0.999999999124,2.94356787607e-05
11.658,1790081566.35,8.22500705378e-07,-7.31487592941e-06,0.0249952028415,-2.62698457985e-08,2.49890922215e-05,1.47404455305e-05,0.999999999579,2.94808897767e-05
11.678,1790081566.37,-4.27682894284e-07,-7.3298281474e-06,0.0250000000663,2.70492232831e-10,-1.25596734054e-10,1.47687589114e-05,0.999999999891,2.95375178239e-05
11.698,1790081566.39,-2.38809667628e-06,-7.34436311927e-06,0.0249921563304,2.07507022768e-08,-3.91911978458e-05,1.47960456462e-05,0.999999999123,2.95920897351e-05
11.718,1790081566.41,8.20229662704e-07,-7.35370101975e-06,0.0249952028415,-2.62714387138e-08,2.49890922031e-05,1.48186507162e-05,0.999999999578,2.96373001482e-05
11.738,1790081566.43,-4.29953940162e-07,-7.36865324643e-06,0.0250000000663,2.70492253076e-10,-1.25596745601e-10,1.4846963728e-05,0.99999999989,2.9693927457e-05
11.758,1790081566.45,-2.39036772695e-06,-7.38318834353e-06,0.0249921563304,2.07534915738e-08,-3.91911978591e-05,1.48742501021e-05,0.999999999121,2.97484986472e-05
11.778,1790081566.47,8.17958607986e-07,-7.39252563156e-06,0.0249952028415,-2.62730316056e-08,2.49890921847e-05,1.48968548708e-05,0.999999999577,2.97937084576e-05
11.798,1790081566.49,-4.32224998089e-07,-7.40747786693e-06,0.0250000000663,2.70492273358e-10,-1.25596757134e-10,1.49251675135e-05,0.999999999889,2.98503350281e-05
11.818,1790081566.51,-2.39263878968e-06,-7.42201308925e-06,0.0249921563304,2.07562808329e-08,-3.91911978725e-05,1.4952453527e-05,0.99999999912,2.99049054972e-05
11.838,1790081566.53,8.15687541219e-07,-7.43134976484e-06,0.0249952028415,-2.62746244765e-08,2.49890921663e-05,1.49750579944e-05,0.999999999576,2.99501147047e-05
11.858,1790081566.55,-4.34496068061e-07,-7.44630200891e-06,0.0250000000663,2.70492293617e-10,-1.25596768722e-10,1.50033702679e-05,0.999999999887,3.00067405368e-05
11.878,1790081566.57,-2.39490986445e-06,-7.46083735646e-06,0.0249921563304,2.07590700567e-08,-3.91911978858e-05,1.50306559209e-05,0.999999999119,3.0061310285e-05
11.898,1790081566.59,8.1341646241e-07,-7.47017341961e-06,0.0249952028415,-2.62762173278e-08,2.49890921479e-05,1.50532600868e-05,0.999999999574,3.01065188898e-05
11.918,1790081566.61,-4.36767150074e-07,-7.48512567238e-06,0.0250000000663,2.70492313894e-10,-1.25596780255e-10,1.50815719912e-05,0.999999999886,3.01631439836e-05
11.938,1790081566.63,-2.39718095126e-06,-7.49966114514e-06,0.0249921563303,2.07618592427e-08,-3.91911978991e-05,1.51088572836e-05,0.999999999118,3.02177130106e-05
11.958,1790081566.65,8.1114537155e-07,-7.50899659586e-06,0.0249952028415,-2.62778101571e-08,2.49890921295e-05,1.51314611482e-05,0.999999999573,3.02629210127e-05
11.978,1790081566.67,-4.39038244142e-07,-7.52394885733e-06,0.0250000000663,2.70492334122e-10,-1.25596791822e-10,1.51597726835e-05,0.999999999885,3.03195453681e-05
11.998,1790081566.69,-2.39945205012e-06,-7.53848445531e-06,0.0249921563303,2.07646483925e-08,-3.91911979125e-05,1.51870576153e-05,0.999999999117,3.03741136742e-05
12.018,1790081566.71,8.08874268643e-07,-7.54781929361e-06,0.0249952028415,-2.62794029693e-08,2.49890921111e-05,1.52096611786e-05,0.999999999572,3.04193210734e-05
12.038,1790081566.73,-4.41309350253e-07,-7.56277156378e-06,0.0250000000663,2.70492354416e-10,-1.25596803281e-10,1.52379723447e-05,0.999999999884,3.04759446905e-05
12.058,1790081566.75,-2.40172316103e-06,-7.57730728697e-06,0.0249921563303,2.07674375051e-08,-3.91911979258e-05,1.52652569159e-05,0.999999999116,3.05305122756e-05
12.078,1790081566.77,8.06603153691e-07,-7.58664151287e-06,0.0249952028415,-2.62809957541e-08,2.49890920927e-05,1.52878601779e-05,0.999999999571,3.05757190721e-05
12.098,1790081566.79,-4.43580468412e-07,-7.60159379173e-06,0.0250000000663,2.70492374656e-10,-1.25596814841e-10,1.53161709749e-05,0.999999999883,3.06323419509e-05
12.118,1790081566.81,-2.40399428398e-06,-7.61612964014e-06,0.0249921563303,2.07702265814e-08,-3.91911979391e-05,1.53434551855e-05,0.999999999114,3.06869088149e-05
12.138,1790081566.83,8.0433202669e-07,-7.62546325363e-06,0.0249952028415,-2.6282588524e-08,2.49890920743e-05,1.53660581461e-05,0.99999999957,3.07321150087e-05
12.158,1790081566.85,-4.45851598622e-07,-7.64041554118e-06,0.0250000000663,2.70492394931e-10,-1.25596826422e-10,1.5394368574e-05,0.999999999882,3.07887371492e-05
12.178,1790081566.87,-2.40626541899e-06,-7.65495151481e-06,0.0249921563303,2.07730156203e-08,-3.91911979525e-05,1.54216524241e-05,0.999999999113,3.08433032922e-05
12.198,1790081566.89,8.02060887641e-07,-7.6642845159e-06,0.0249952028415,-2.62841812695e-08,2.49890920559e-05,1.54442550834e-05,0.999999999569,3.08885088833e-05
12.218,1790081566.91,-4.48122740873e-07,-7.67923681215e-06,0.0250000000663,2.70492415192e-10,-1.25596837901e-10,1.54725651421e-05,0.99999999988,3.09451302855e-05
12.238,1790081566.93,-2.40853656604e-06,-7.69377291099e-06,0.0249921563303,2.07758046232e-08,-3.91911979658e-05,1.54998486317e-05,0.999999999112,3.09996957077e-05
12.258,1790081566.95,7.99789736547e-07,-7.7031052997e-06,0.0249952028415,-2.62857739932e-08,2.49890920374e-05,1.55224509897e-05,0.999999999567,3.1044900696e-05
12.278,1790081566.97,-4.50393895173e-07,-7.71805760465e-06,0.0250000000663,2.70492435461e-10,-1.25596849461e-10,1.55507606793e-05,0.999999999879,3.11015213599e-05
12.298,1790081566.99,-2.41080772513e-06,-7.73259382869e-06,0.0249921563303,2.0778593589e-08,-3.91911979791e-05,1.55780438083e-05,0.999999999111,3.11560860611e-05
12.318,1790081567.01,7.97518573407e-07,-7.74192560503e-06,0.0249952028415,-2.62873666978e-08,2.4989092019e-05,1.5600645865e-05,0.999999999566,3.12012904466e-05
12.338,1790081567.03,-4.52665061525e-07,-7.75687791867e-06,0.0250000000663,2.70492455726e-10,-1.25596860994e-10,1.56289551855e-05,0.999999999878,3.12579103723e-05
12.358,1790081567.05,-2.41307889629e-06,-7.77141426793e-06,0.0249921563303,2.07813825177e-08,-3.91911979924e-05,1.5656237954e-05,0.999999999109,3.13124743525e-05
12.378,1790081567.07,7.95247398207e-07,-7.78074543189e-06,0.0249952028415,-2.62889593804e-08,2.49890920006e-05,1.56788397093e-05,0.999999999565,3.13576781353e-05
12.398,1790081567.09,-4.5493623993e-07,-7.79569775423e-06,0.0250000000663,2.70492475996e-10,-1.25596872548e-10,1.57071486607e-05,0.999999999877,3.14142973227e-05
12.418,1790081567.11,-2.41535007949e-06,-7.81023422869e-06,0.0249921563303,2.07841714101e-08,-3.91911980058e-05,1.57344310687e-05,0.999999999108,3.1468860582e-05
12.438,1790081567.13,7.92976210958e-07,-7.81956478029e-06,0.0249952028415,-2.62905520426e-08,2.49890919822e-05,1.57570325226e-05,0.999999999564,3.15140637622e-05
12.458,1790081567.15,-4.57207430382e-07,-7.83451711132e-06,0.0250000000663,2.70492496253e-10,-1.25596884149e-10,1.5785341105e-05,0.999999999875,3.15706822113e-05
12.478,1790081567.17,-2.41762127474e-06,-7.84905371099e-06,0.0249921563303,2.07869602658e-08,-3.91911980191e-05,1.58126231524e-05,0.999999999107,3.16252447497e-05
12.498,1790081567.19,7.90705011666e-07,-7.85838365024e-06,0.0249952028415,-2.62921446831e-08,2.49890919638e-05,1.58352243051e-05,0.999999999562,3.16704473271e-05
12.518,1790081567.21,-4.59478632883e-07,-7.87333598997e-06,0.0250000000663,2.70492516501e-10,-1.25596895553e-10,1.58635325183e-05,0.999999999874,3.1727065038e-05
12.538,1790081567.23,-2.41989248204e-06,-7.88787271484e-06,0.0249921563303,2.07897490847e-08,-3.91911980324e-05,1.58908142052e-05,0.999999999106,3.17816268554e-05
12.558,1790081567.25,7.88433800324e-07,-7.89720204174e-06,0.0249952028415,-2.62937373033e-08,2.49890919454e-05,1.59134150565e-05,0.999999999561,3.18268288301e-05
12.578,1790081567.27,-4.6174984743e-07,-7.91215439017e-06,0.0250000000663,2.70492536747e-10,-1.25596907134e-10,1.59417229007e-05,0.999999999873,3.18834458028e-05
12.598,1790081567.29,-2.42216370138e-06,-7.92669124024e-06,0.0249921563303,2.07925378662e-08,-3.91911980458e-05,1.5969004227e-05,0.999999999105,3.19380068992e-05
12.618,1790081567.31,7.86162576937e-07,-7.9360199548e-06,0.0249952028415,-2.6295329904e-08,2.4989091927e-05,1.59916047771e-05,0.99999999956,3.19832082713e-05
12.638,1790081567.33,-4.64021074021e-07,-7.95097231192e-06,0.0250000000663,2.70492557e-10,-1.25596918674e-10,1.60199122522e-05,0.999999999872,3.20398245057e-05
12.658,1790081567.35,-2.42443493276e-06,-7.96550928719e-06,0.0249921563303,2.0795326612e-08,-3.91911980591e-05,1.6047193218e-05,0.999999999103,3.20943848813e-05
12.678,1790081567.37,7.83891341509e-07,-7.97483738943e-06,0.0249952028415,-2.62969224794e-08,2.49890919086e-05,1.60697934667e-05,0.999999999559,3.21395856507e-05
12.698,1790081567.39,-4.66292312654e-07,-7.98978975524e-06,0.0250000000663,2.70492577274e-10,-1.25596930254e-10,1.60981005727e-05,0.99999999987,3.21962011469e-05
12.718,1790081567.41,-2.4267061762e-06,-8.00432685571e-06,0.0249921563303,2.07981153202e-08,-3.91911980724e-05,1.61253811781e-05,0.999999999102,3.22507608016e-05
12.738,1790081567.43,7.81620094034e-07,-8.01365434562e-06,0.0249952028415,-2.62985150382e-08,2.49890918902e-05,1.61479811255e-05,0.999999999557,3.22959609683e-05
12.758,1790081567.45,-4.68563563335e-07,-8.02860672013e-06,0.0250000000663,2.70492597542e-10,-1.25596941727e-10,1.61762878625e-05,0.999999999869,3.23525757263e-05
12.778,1790081567.47,-2.42897743167e-06,-8.0431439458e-06,0.0249921563303,2.08009039914e-08,-3.91911980858e-05,1.62035681073e-05,0.999999999101,3.24071346602e-05
12.798,1790081567.49,7.79348834513e-07,-8.0524708234e-06,0.0249952028415,-2.63001075741e-08,2.49890918718e-05,1.62261677534e-05,0.999999999556,3.24523342242e-05
12.818,1790081567.51,-4.7083482606e-07,-8.0674232066e-06,0.0250000000663,2.70492617788e-10,-1.25596953334e-10,1.62544741213e-05,0.999999999868,3.2508948244e-05
12.838,1790081567.53,-2.43124869919e-06,-8.08196055747e-06,0.0249921563303,2.0803692627e-08,-3.91911980991e-05,1.62817540056e-05,0.999999999099,3.2563506457e-05
12.858,1790081567.55,7.77077562951e-07,-8.09128682276e-06,0.0249952028415,-2.63017000881e-08,2.49890918534e-05,1.63043533505e-05,0.999999999555,3.26087054184e-05
12.878,1790081567.57,-4.73106100827e-07,-8.10623921466e-06,0.0250000000663,2.70492638039e-10,-1.25596964759e-10,1.63326593493e-05,0.999999999867,3.26653187e-05
12.898,1790081567.59,-2.43351997875e-06,-8.12077669072e-06,0.0249921563303,2.08064812248e-08,-3.91911981124e-05,1.63599388731e-05,0.999999999098,3.27198761921e-05
12.918,1790081567.61,7.74806279343e-07,-8.13010234371e-06,0.0249952028415,-2.63032925833e-08,2.4989091835e-05,1.63825379167e-05,0.999999999554,3.27650745509e-05
12.938,1790081567.63,-4.7537738764e-07,-8.1450547443e-06,0.0250000000663,2.70492658268e-10,-1.25596976414e-10,1.64108435464e-05,0.999999999865,3.28216870943e-05
12.958,1790081567.65,-2.43579127036e-06,-8.15959234556e-06,0.0249921563303,2.08092697861e-08,-3.91911981257e-05,1.64381227097e-05,0.999999999097,3.28762438655e-05
12.978,1790081567.67,7.72534983692e-07,-8.16891738625e-06,0.0249952028415,-2.63048850589e-08,2.49890918166e-05,1.6460721452e-05,0.999999999552,3.29214416217e-05
12.998,1790081567.69,-4.77648686496e-07,-8.18386979554e-06,0.0250000000663,2.70492678552e-10,-1.25596987819e-10,1.64890267128e-05,0.999999999864,3.2978053427e-05
13.018,1790081567.71,-2.43806257401e-06,-8.19840752197e-06,0.0249921563303,2.0812058311e-08,-3.9191198139e-05,1.65163055155e-05,0.999999999096,3.30326094774e-05
13.038,1790081567.73,7.70263675994e-07,-8.20773195039e-06,0.0249952028415,-2.63064775099e-08,2.49890917982e-05,1.65389039566e-05,0.999999999551,3.30778066309e-05
13.058,1790081567.75,-4.79919997396e-07,-8.22268436837e-06,0.0250000000663,2.7049269881e-10,-1.25596999372e-10,1.65672088483e-05,0.999999999863,3.31344176981e-05
13.078,1790081567.77,-2.44033388971e-06,-8.23722221999e-06,0.0249921563303,2.08148467986e-08,-3.91911981524e-05,1.65944872906e-05,0.999999999094,3.31889730276e-05
13.098,1790081567.79,7.67992356259e-07,-8.24654603613e-06,0.0249952028415,-2.63080699416e-08,2.49890917798e-05,1.66170854303e-05,0.99999999955,3.32341695785e-05
13.118,1790081567.81,-4.82191320338e-07,-8.2614984628e-06,0.0250000000663,2.70492719059e-10,-1.25597010899e-10,1.6645389953e-05,0.999999999861,3.32907799075e-05
13.138,1790081567.83,-2.44260521744e-06,-8.27603643962e-06,0.0249921563303,2.08176352496e-08,-3.91911981657e-05,1.66726680348e-05,0.999999999093,3.33453345162e-05
13.158,1790081567.85,7.65721024477e-07,-8.28535964349e-06,0.0249952028415,-2.63096623498e-08,2.49890917613e-05,1.66952658733e-05,0.999999999548,3.33905304644e-05
13.178,1790081567.87,-4.84462655325e-07,-8.30031207886e-06,0.0250000000663,2.70492739334e-10,-1.25597022466e-10,1.67235700269e-05,0.99999999986,3.34471400553e-05
13.198,1790081567.89,-2.44487655723e-06,-8.31485018086e-06,0.0249921563303,2.08204236643e-08,-3.9191198179e-05,1.67508477482e-05,0.999999999092,3.35016939432e-05
13.218,1790081567.91,7.63449680649e-07,-8.32417277248e-06,0.0249952028415,-2.63112547378e-08,2.49890917429e-05,1.67734452854e-05,0.999999999547,3.35468892888e-05
13.238,1790081567.93,-4.86734002357e-07,-8.33912521653e-06,0.0250000000663,2.70492759573e-10,-1.25597034006e-10,1.680174907e-05,0.999999999859,3.36034981416e-05
13.258,1790081567.95,-2.44714790905e-06,-8.35366344371e-06,0.0249921563303,2.08232120419e-08,-3.91911981923e-05,1.68290264309e-05,0.99999999909,3.36580513087e-05
13.278,1790081567.97,-2.64074519079e-07,-8.51210412548e-06,0.0250090147471,3.58248483853e-06,-6.17699789589e-06,1.46564621756e-05,0.999999999867,2.93128800958e-05
13.298,1790081567.99,-3.70345544513e-06,-4.07678145689e-06,0.0251059366783,-5.82735386352e-05,-0.000185934350384,5.77879350384e-06,0.999999981,1.15792576941e-05
13.318,1790081568.01,-9.22135072668e-06,8.43918459295e-07,0.025281650134,-0.000114858755108,-0.000192497108896,-2.57508044152e-06,0.999999974873,-5.10594117548e-06
13.338,1790081568.03,-1.67394876468e-05,6.72362858127e-06,0.0255396703399,-0.000160128047757,-7.87845371953e-05,-1.0718968424e-05,0.999999984019,-2.14127055446e-05
13.358,1790081568.05,-2.50271398574e-05,1.39412627736e-05,0.0258808178075,-0.000189999071677,7.38002477844e-05,-1.80356028002e-05,0.999999979064,-3.60992492033e-05
13.378,1790081568.07,-3.27208150743e-05,2.27318890164e-05,0.0263002576696,-0.000205074550811,0.000223761817363,-2.429276986e-05,0.999999953642,-4.86773180695e-05
13.398,1790081568.09,-3.85221537033e-05,3.32085016368e-05,0.0267984298139,-0.00020749187195,0.000345269854424,-2.9549019651e-05,0.999999918431,-5.92413300169e-05
13.418,1790081568.11,-4.14295388524e-05,4.53733111555e-05,0.0273711452664,-0.000201554004433,0.000429104053901,-3.38454367415e-05,0.99999988705,-6.78638661611e-05
13.438,1790081568.13,-4.07768894088e-05,5.91674806597e-05,0.0280172593644,-0.000190216419244,0.000476361163498,-3.72946769571e-05,0.999999867753,-7.47706014822e-05
13.458,1790081568.15,-3.62114644084e-05,7.44891284913e-05,0.0287385061735,-0.000176774835008,0.000494379996877,-4.00310484988e-05,0.999999861368,-8.02369130899e-05
13.478,1790081568.17,-2.76248932841e-05,9.12214727331e-05,0.0295304768807,-0.00016339290335,0.000491809930226,-4.21521976161e-05,0.999999864824,-8.44651413008e-05
13.498,1790081568.19,-1.50666341839e-05,0.000109254101525,0.0303945610855,-0.000151158113572,0.000476993924594,-4.37538615245e-05,0.999999873857,-8.76519550109e-05
13.518,1790081568.21,1.31764259238e-06,0.000128486956617,0.0313272221437,-0.000140429541611,0.000456537198741,-4.49191074791e-05,0.999999884918,-8.99664648615e-05
13.538,1790081568.24,2.13478338213e-05,0.000148834646421,0.0323280692356,-0.000131107533564,0.00043495151285,-4.57193107434e-05,0.999999895769,-9.15526975635e-05
13.558,1790081568.26,4.4844459505e-05,0.000170224656756,0.0333995180829,-0.000122858182683,0.000414799377827,-4.62151085173e-05,0.999999905356,-9.25321632552e-05
13.578,1790081568.28,7.16395745806e-05,0.000192591661316,0.0345376157972,-0.000115277617298,0.0003971210388,-4.64578023678e-05,0.999999913424,-9.30071844943e-05
13.598,1790081568.3,0.000101593548468,0.000215876975333,0.0357442939707,-0.000107999405723,0.000381939789362,-4.64906751197e-05,0.999999920148,-9.30638686408e-05
13.618,1790081568.32,0.000134584815105,0.000240023983139,0.0370163566902,-0.000100488172411,0.000368714476666,-4.63503783383e-05,0.999999925902,-9.27748780534e-05
13.638,1790081568.33,0.00017051058478,0.000264975864633,0.0383537628796,-9.18023260492e-05,0.000356696868503,-4.60681587659e-05,0.999999931109,-9.22018259811e-05
13.658,1790081568.36,0.000209279817387,0.000290660727464,0.0397594150203,-8.28771959632e-05,0.000345149938861,-4.56691933112e-05,0.999999935959,-9.13956127935e-05
13.678,1790081568.38,0.000250798885277,0.000317007223016,0.041229556467,-7.36457027275e-05,0.00033374360345,-4.51903399188e-05,0.999999940575,-9.0429852299e-05
13.698,1790081568.4,0.00029497728991,0.000343944105319,0.0427663991972,-6.34467358651e-05,0.000322864966288,-4.46954226078e-05,0.999999944868,-8.94318285076e-05
13.718,1790081568.42,0.000341730287313,0.00037138652946,0.0443669826592,-5.32364475706e-05,0.000311373764503,-4.41470256414e-05,0.999999949132,-8.83272168994e-05
13.738,1790081568.44,0.000390965603656,0.000399254216003,0.0460314967331,-4.26936370799e-05,0.000299514698811,-4.35830502887e-05,0.999999953284,-8.71916870032e-05
13.758,1790081568.46,0.000442592871248,0.000427461181752,0.0477630644908,-3.23685121551e-05,0.000286740518387,-4.29843809909e-05,0.999999957442,-8.59873352967e-05
13.778,1790081568.48,0.000496512665653,0.000455920251218,0.0495580930565,-2.3672274716e-05,0.000271687309947,-4.22800274153e-05,0.999999961919,-8.45729271097e-05
13.798,1790081568.5,0.000552602475334,0.000484565753947,0.0514189676561,-1.557760765e-05,0.00025546653663,-4.15375926764e-05,0.999999966384,-8.30831526153e-05
13.818,1790081568.52,0.000610730228805,0.000513334092219,0.0533427083605,-7.8000531079e-06,0.000238449280187,-4.07701686809e-05,0.999999970709,-8.15440641708e-05
13.838,1790081568.54,0.000670759310225,0.000542164127904,0.0553296483834,-1.17807557972e-07,0.0002209492592,-3.99879117901e-05,0.999999974791,-7.9975881517e-05
13.858,1790081568.56,0.000732551014134,0.00057099509278,0.0573830512926,7.58497222526e-06,0.000203171273823,-3.91972803271e-05,0.999999978564,-7.83914834289e-05
13.878,1790081568.58,0.000795961703652,0.000599765837932,0.0594992283321,1.53568084865e-05,0.00018523342243,-3.84031873281e-05,0.999999981989,-7.68006894302e-05
13.898,1790081568.6,0.00086084916516,0.000628414327992,0.0616807845414,2.31893400112e-05,0.000167197941779,-3.76093694722e-05,0.999999985046,-7.52109876757e-05
13.918,1790081568.62,0.000927068646095,0.000656878181208,0.0639247448821,3.10474876296e-05,0.000149082816508,-3.68187957448e-05,0.999999987727,-7.36283366315e-05
13.938,1790081568.64,0.000994475900447,0.000685094583301,0.0662315017911,3.88810158699e-05,0.000130892525624,-3.60338403666e-05,0.999999990028,-7.20575040774e-05
13.958,1790081568.66,0.00106292691437,0.000713000692295,0.0686044473242,4.66374496248e-05,0.000112630801969,-3.52564141205e-05,0.999999991948,-7.05023238937e-05
13.978,1790081568.68,0.00113227530115,0.000740534887091,0.0710398470602,5.42735271518e-05,9.42975681209e-05,-3.44880557602e-05,0.999999993486,-6.8965876629e-05
13.998,1790081568.7,0.00120237542147,0.000767635895438,0.073540398319,6.17515897088e-05,7.59089830832e-05,-3.37299913566e-05,0.999999994643,-6.74506081795e-05
14.018,1790081568.72,0.00127308026418,0.000794244428575,0.076103084642,6.9045990535e-05,5.74819163672e-05,-3.29831925789e-05,0.99999999542,-6.59584475478e-05
14.038,1790081568.74,0.00134424294999,0.000820302237487,0.0787283490121,7.61365613558e-05,3.90462612195e-05,-3.22484134805e-05,0.999999995819,-6.44908812367e-05
14.058,1790081568.76,0.00141571677757,0.000845752263296,0.0814196889366,8.30072789041e-05,2.06410765244e-05,-3.1526225987e-05,0.999999995845,-6.30490250883e-05
14.078,1790081568.78,0.00148735478556,0.000870540351504,0.0841733017519,8.96489792378e-05,2.29967301163e-06,-3.08170546646e-05,0.999999995504,-6.16336967652e-05
14.098,1790081568.8,0.00155901067983,0.000894613047008,0.086991973802,9.60513096276e-05,-1.59344358606e-05,-3.01211941168e-05,0.999999994806,-6.02454490347e-05
14.118,1790081568.82,0.001630539176,0.000917919917853,0.0898726380724,0.000102207745511,-3.40265783508e-05,-2.94388369774e-05,0.999999993765,-5.88846293177e-05
14.138,1790081568.84,0.00170179594892,0.000940411789971,0.0928157678917,0.000108109976322,-5.19371950265e-05,-2.87700861644e-05,0.999999992394,-5.75514020911e-05
14.158,1790081568.86,0.00177263782582,0.000962040847071,0.0958249617545,0.00011374825683,-6.96242050845e-05,-2.81149704935e-05,0.999999990712,-5.62457803035e-05
14.178,1790081568.88,0.00184292427615,0.000982763015703,0.0988963421936,0.000119115832143,-8.70567161742e-05,-2.74734628222e-05,0.999999988739,-5.49676655529e-05
14.198,1790081568.9,0.0019125157556,0.00100253481147,0.102032777252,0.000124203013243,-0.000104196116213,-2.68454834649e-05,0.999999986498,-5.37168503402e-05
14.218,1790081568.92,0.00198127628039,0.00102131646501,0.105231140422,0.000129003042515,-0.000121014380844,-2.62309159817e-05,0.999999984013,-5.24930551328e-05
14.238,1790081568.94,0.00204907161668,0.00103906958137,0.108491914075,0.000133507776849,-0.000137478823095,-2.56296096065e-05,0.999999981309,-5.12959292005e-05
14.258,1790081568.96,0.00211576950081,0.00105575727532,0.11181876843,0.000137708422241,-0.000153553926168,-2.5041386241e-05,0.999999978415,-5.01250651235e-05
14.278,1790081568.98,0.00218124295012,0.00107134714505,0.115207736583,0.000141599625612,-0.000169215089716,-2.44660508592e-05,0.999999975359,-4.89800249237e-05
14.298,1790081569,0.00224536606269,0.00108580733,0.118661754745,0.000145174200168,-0.000184429447496,-2.39033895256e-05,0.999999972169,-4.78603297898e-05
14.318,1790081569.02,0.00230801873673,0.00109911026926,0.122177631077,0.000148428075072,-0.000199174339287,-2.33531791792e-05,0.999999968877,-4.67654867597e-05
14.338,1790081569.04,0.00236908319517,0.00111122987363,0.125755867086,0.000151356473361,-0.00021342234041,-2.28151864242e-05,0.999999965511,-4.56949811588e-05
14.358,1790081569.06,0.00242844424507,0.00112214166198,0.12940023924,0.000153954386606,-0.000227143224484,-2.22891707581e-05,0.999999962104,-4.46482838402e-05
14.378,1790081569.08,0.00248599430267,0.00113182616895,0.133106704695,0.000156219874148,-0.000240317628045,-2.17748910007e-05,0.999999958684,-4.36248700339e-05
14.398,1790081569.1,0.00254162685502,0.0011402643963,0.136878260021,0.000158149680443,-0.000252918458053,-2.12721018753e-05,0.999999955284,-4.26242052607e-05
14.418,1790081569.12,0.00259524311407,0.00114744200218,0.140711640834,0.00015974310616,-0.00026492868521,-2.07805602775e-05,0.999999951932,-4.16457654773e-05
14.438,1790081569.14,0.00264674704193,0.00115334612444,0.144607359189,0.000160999038911,-0.000276327089737,-2.03000231345e-05,0.999999948655,-4.0689027201e-05
14.458,1790081569.16,0.00269604564429,0.00115796551512,0.148569274723,0.00016191630871,-0.000287090111971,-1.98302488771e-05,0.999999945485,-3.97534712979e-05
14.478,1790081569.18,0.00274305546701,0.0011612942058,0.152593257874,0.000162496145809,-0.000297204695259,-1.93710013653e-05,0.999999942445,-3.88385966068e-05
14.498,1790081569.2,0.00278769401986,0.0011633265811,0.156682378012,0.000162739015354,-0.000306650894606,-1.8922046729e-05,0.999999939562,-3.79439064451e-05
14.518,1790081569.22,0.00282988805986,0.00116406179905,0.160833304146,0.00016264727333,-0.000315418248198,-1.84831571915e-05,0.999999936858,-3.70689232691e-05
14.538,1790081569.24,0.0028695673594,0.00116350043184,0.165046550493,0.000162223238769,-0.000323492781585,-1.80541091309e-05,0.999999934355,-3.6213179572e-05
14.558,1790081569.26,0.0029066650092,0.00116164458837,0.169326055459,0.000161469414662,-0.000330858647869,-1.76346836754e-05,0.999999932075,-3.53762198119e-05
14.578,1790081569.28,0.00294112507336,0.00115850165293,0.173667601456,0.000160389965774,-0.000337509649411,-1.72246688612e-05,0.999999930033,-3.45576095141e-05
14.598,1790081569.3,0.00297289429546,0.00115407742369,0.178074237516,0.000158551779312,-0.000343870971787,-1.67989376586e-05,0.999999928166,-3.37069235903e-05
14.618,1790081569.32,0.00300192725317,0.00114838488496,0.18254239296,0.000155085799778,-0.000350813444712,-1.63074521163e-05,0.999999926306,-3.27237222568e-05
14.638,1790081569.34,0.00302816421435,0.00114145698097,0.187072870626,0.000151526375454,-0.000357211329214,-1.5836871123e-05,0.999999924595,-3.17820018495e-05
14.658,1790081569.36,0.00305155155755,0.00113332320595,0.191669746289,0.000148589321733,-0.000363166183889,-1.54191011739e-05,0.999999922897,-3.09461333718e-05
14.678,1790081569.38,0.00307204223373,0.00112400661632,0.196328685338,0.000145800074291,-0.000367919589227,-1.50225792777e-05,0.999999921576,-3.01524497737e-05
14.698,1790081569.4,0.00308959564732,0.00111352804083,0.201052753638,0.000143014720928,-0.00037133773106,-1.46429955883e-05,0.99999992072,-2.93922104887e-05
14.718,1790081569.42,0.00310418736763,0.00110191022371,0.205838238462,0.000140096192603,-0.000373438742072,-1.42772344179e-05,0.999999920356,-2.86591092507e-05
14.738,1790081569.44,0.00311580124717,0.00108917671585,0.210686048689,0.000137164163419,-0.00037453910892,-1.39357284043e-05,0.999999920356,-2.79742091279e-05
14.758,1790081569.46,0.00312442732984,0.00107535088918,0.215600241449,0.000134580738304,-0.000375195853725,-1.36412790656e-05,0.999999920465,-2.73835519444e-05
14.778,1790081569.48,0.00313006208322,0.0010604558893,0.220576232695,0.000132558339313,-0.000374916873584,-1.33565808247e-05,0.999999920844,-2.68125637921e-05
14.798,1790081569.5,0.00313270493177,0.00104451196754,0.225617586308,0.000132692751074,-0.000373660439863,-1.30760132611e-05,0.9999999213,-2.62511958609e-05
14.818,1790081569.52,0.00313236983959,0.00102751051495,0.230720385774,0.000132531597152,-0.000371677443187,-1.28115452966e-05,0.999999922064,-2.57216137159e-05
14.838,1790081569.54,0.00312907354427,0.00100945205296,0.235885622707,0.00013196687863,-0.00036948222289,-1.25894037702e-05,0.999999922955,-2.52763313358e-05
14.858,1790081569.56,0.00312282632459,0.000990334819923,0.241117547814,0.000129656162287,-0.000366009242375,-1.23452857467e-05,0.999999924537,-2.47854869808e-05
14.878,1790081569.58,0.00311365616358,0.000970179172059,0.246411520005,0.000125556046513,-0.00036030016716,-1.20251910437e-05,0.999999927137,-2.41408623342e-05
14.898,1790081569.6,0.00310161069563,0.000949027821661,0.251770910601,0.000122908632574,-0.000353647581228,-1.17013345524e-05,0.999999929845,-2.34896060218e-05
14.918,1790081569.62,0.00308674598411,0.00092689634086,0.257191726768,0.000119841864746,-0.000346169039939,-1.13975355651e-05,0.999999932838,-2.28780461708e-05
14.938,1790081569.64,0.00306912007232,0.000903809749813,0.262675028355,0.000116608127992,-0.000337579405516,-1.11456324934e-05,0.999999936159,-2.23699976692e-05
14.958,1790081569.66,0.00304880320261,0.000879788257603,0.268225001308,0.000112021856474,-0.000329107866136,-1.08803262755e-05,0.99999993951,-2.18343905146e-05
14.978,1790081569.68,0.00302586943273,0.000854866559613,0.27383685384,0.000105164919914,-0.000321791213979,-1.05466020389e-05,0.99999994264,-2.11608895463e-05
14.998,1790081569.7,0.00300037002028,0.000829103605685,0.279514330132,9.74808231946e-05,-0.000314319379214,-1.02172778308e-05,0.999999945798,-2.04958388288e-05
15.018,1790081569.72,0.00297236583624,0.000802563196751,0.285253224708,8.94681571648e-05,-0.000306320341464,-9.90062187386e-06,0.999999949033,-1.9856058299e-05
15.038,1790081569.74,0.00294191914357,0.000775310155973,0.291054632914,8.14449262957e-05,-0.000297584130249,-9.60000204016e-06,0.999999952359,-1.9248480011e-05
15.058,1790081569.76,0.00290909678427,0.000747408262751,0.296922733599,7.35658812257e-05,-0.000288042502358,-9.31541344616e-06,0.999999955766,-1.86732093689e-05
15.078,1790081569.78,0.00287397772981,0.000718921211572,0.30285257871,6.58739795614e-05,-0.000277716081406,-9.04594430472e-06,0.999999959226,-1.8128479196e-05
15.098,1790081569.8,0.00283664234823,0.000689909703755,0.308848065027,5.83496047e-05,-0.000266676423119,-8.79033385196e-06,0.999999962701,-1.76117904818e-05
15.118,1790081569.82,0.00279718119681,0.000660433999619,0.314904915507,5.0941409686e-05,-0.000255013123867,-8.54731725446e-06,0.99999996615,-1.71206176139e-05
15.138,1790081569.84,0.00275568694354,0.00063055280905,0.321024261531,4.35962163173e-05,-0.000242816013054,-8.31571929636e-06,0.999999969535,-1.66526117693e-05
15.158,1790081569.86,0.00271225494569,0.000600324102988,0.32721036407,3.62719129937e-05,-0.000230164144521,-8.09448892943e-06,0.999999972822,-1.62056761242e-05
15.178,1790081569.88,0.00266698859849,0.000569806518579,0.333458182061,2.89387707079e-05,-0.000217120117119,-7.88270104139e-06,0.99999997598,-1.57779695709e-05
15.198,1790081569.9,0.00261999029105,0.000539058212936,0.339771682219,2.15867020636e-05,-0.00020373452522,-7.6795438892e-06,0.999999978984,-1.5367884645e-05
15.218,1790081569.92,0.00257136857644,0.000508137944856,0.346146506873,1.42153331801e-05,-0.000190044325614,-7.48430946108e-06,0.999999981813,-1.49740228189e-05
15.238,1790081569.94,0.00252123219536,0.000477104448084,0.352583815396,6.83649331515e-06,-0.0001760809722,-7.29637772962e-06,0.999999984448,-1.45951636906e-05
15.258,1790081569.96,0.00246969092889,0.000446016494733,0.3590879411,-5.31031337386e-07,-0.000161872731888,-7.11520535703e-06,0.999999986873,-1.42302393545e-05
15.278,1790081569.98,0.0024168597794,0.000414932868709,0.365653746789,-7.86961014379e-06,-0.000147443165083,-6.9403175742e-06,0.999999989075,-1.38783149602e-05
15.298,1790081570,0.00236285261769,0.000383912181075,0.372285281155,-1.51572810721e-05,-0.000132819457364,-6.7712946178e-06,0.999999991042,-1.35385632287e-05
15.318,1790081570.02,0.0023077872167,0.00035301241951,0.378978110106,-2.23769706003e-05,-0.000118025912338,-6.6077677116e-06,0.999999992763,-1.32102535712e-05
15.338,1790081570.04,0.00225178125973,0.000322291219741,0.385733407108,-2.95102578109e-05,-0.000103091064732,-6.44940810547e-06,0.99999999423,-1.28927319231e-05
15.358,1790081570.06,0.00219495288632,0.00029180571685,0.392555603877,-3.65390341952e-05,-8.80460847438e-05,-6.29592166253e-06,0.999999995437,-1.25854092252e-05
15.378,1790081570.08,0.00213742304201,0.000261611601563,0.399439477447,-4.34506582834e-05,-7.29187790198e-05,-6.14704680797e-06,0.999999996379,-1.22877569645e-05
15.398,1790081570.1,0.00207931177361,0.00023176435371,0.406389134922,-5.02296211384e-05,-5.77422031229e-05,-6.00254512104e-06,0.999999997053,-1.1999289549e-05
15.418,1790081570.12,0.0020207406184,0.000202317564966,0.413400055502,-5.68654331688e-05,-4.25447406192e-05,-5.86220259813e-06,0.999999997461,-1.1719566559e-05
15.438,1790081570.14,0.00196183066493,0.00017332428311,0.420473440469,-6.3345375882e-05,-2.73583482991e-05,-5.72582223117e-06,0.999999997603,-1.14481784026e-05
15.458,1790081570.16,0.00190270273058,0.000144836732471,0.427613795259,-6.96559171956e-05,-1.22164185295e-05,-5.59322227126e-06,0.999999997484,-1.11847426263e-05
15.478,1790081570.18,0.00184347774559,0.000116904507296,0.434815800655,-7.57879492578e-05,2.85323125972e-06,-5.46423757673e-06,0.999999997109,-1.09289076033e-05
15.498,1790081570.2,0.00178427591935,8.95771445509e-05,0.442083646549,-8.17287066924e-05,1.7817858994e-05,-5.33871244382e-06,0.999999996487,-1.06803373183e-05
15.518,1790081570.22,0.00172521640864,6.29012531324e-05,0.449412734842,-8.74698197706e-05,3.2650869652e-05,-5.21650433073e-06,0.999999995628,-1.04387205697e-05
15.538,1790081570.24,0.0016664175727,3.69228203868e-05,0.456804270574,-9.30005306966e-05,4.7322265811e-05,-5.09747822893e-06,0.999999994543,-1.02037584398e-05
15.558,1790081570.26,0.00160799679923,1.16867859999e-05,0.464262839539,-9.83092576088e-05,6.18008222907e-05,-4.9815065064e-06,0.999999993246,-9.97516420779e-06
15.578,1790081570.28,0.00155006892264,-1.2765570242e-05,0.471783031299,-0.000103388737573,7.60616161201e-05,-4.86847152012e-06,0.999999991751,-9.75267090186e-06
15.598,1790081570.3,0.00149274832185,-3.63928599013e-05,0.479369104341,-0.000108228442978,9.00746452023e-05,-4.75825973463e-06,0.999999990075,-9.53601680689e-06
15.618,1790081570.32,0.0014361458818,-5.91575148999e-05,0.487016379552,-0.000112822119489,0.000103816465087,-4.650766041e-06,0.999999988236,-9.32495776097e-06
15.638,1790081570.34,0.00138037143491,-8.10226298596e-05,0.494726094112,-0.000117161525382,0.000117260285915,-4.54588927897e-06,0.999999986251,-9.11925547177e-06
15.658,1790081570.36,0.0013255332388,-0.000101952523292,0.502502909561,-0.00012123786425,0.000130378254652,-4.44353266551e-06,0.999999984142,-8.91867905569e-06
15.678,1790081570.38,0.00127173450326,-0.000121916019148,0.510341319133,-0.000125046399194,0.000143149060354,-4.34360652261e-06,0.999999981926,-8.7230137949e-06
15.698,1790081570.4,0.001219078313,-0.000140881664206,0.518245650602,-0.00012857964714,0.000155546596362,-4.24602356629e-06,0.999999979627,-8.53204762549e-06
15.718,1790081570.42,0.00116766203019,-0.000158822519636,0.52621114381,-0.000131833976287,0.000167551327608,-4.15070277557e-06,0.999999977265,-8.34558374658e-06
15.738,1790081570.44,0.00111757952909,-0.00017578026329,0.534232688509,-0.000150670655372,0.000179144447737,-4.05482911301e-06,0.999999972595,-8.16364215054e-06
15.758,1790081570.46,0.00106888546947,-0.000191707294263,0.54221383895,-0.00020687338463,0.000190969784093,-3.91974801513e-06,0.999999960359,-7.91850942833e-06
15.778,1790081570.48,0.00102165346721,-0.000206048468545,0.550113110034,-0.000263684745408,0.000203840411751,-3.70530426302e-06,0.999999944453,-7.51810795338e-06
15.798,1790081570.5,0.00097598278579,-0.000218333928691,0.557920223125,-0.000310049692565,0.000216467495884,-3.50595850337e-06,0.999999928499,-7.14614853625e-06
15.818,1790081570.52,0.000931970792766,-0.00022819198963,0.565634550264,-0.000341582917764,0.000228615926164,-3.3508680703e-06,0.999999915522,-6.85791888158e-06
15.838,1790081570.54,0.000889713700274,-0.000235381805215,0.573257748092,-0.000358760401967,0.000239613289458,-3.22435661062e-06,0.999999906933,-6.62064090144e-06
15.858,1790081570.56,0.000849296449618,-0.00023977955196,0.580791644366,-0.000364086825369,0.000249496480063,-3.11362548974e-06,0.999999902591,-6.40892793356e-06
15.878,1790081570.58,0.000810796534887,-0.000241355522031,0.588240101046,-0.000361372713072,0.000258316772864,-3.01477292119e-06,0.999999901337,-6.21624334319e-06
15.898,1790081570.6,0.000774282127064,-0.000240138889946,0.595604898503,-0.000353332572726,0.000266176342786,-2.92595488095e-06,0.999999902149,-6.04000758917e-06
15.918,1790081570.62,0.000739814766908,-0.000236195657233,0.602889401119,-0.000341724880763,0.000273228808584,-2.84356593314e-06,0.999999904281,-5.87387036303e-06
15.938,1790081570.64,0.000707449176112,-0.000229623829131,0.610095372022,-0.000329279136766,0.000279581597578,-2.76586477987e-06,0.999999906701,-5.71585071143e-06
15.958,1790081570.66,0.000677235285289,-0.000220522751523,0.617223667143,-0.000317199227491,0.000285088902928,-2.7043327856e-06,0.999999909051,-5.58952594744e-06
15.978,1790081570.68,0.000649217601089,-0.000208984685962,0.624277094372,-0.000305762984512,0.000289553508412,-2.6719227465e-06,0.99999991133,-5.52091543477e-06
15.998,1790081570.7,0.000623428560077,-0.000195099353823,0.631256157128,-0.000295540503046,0.000293577361984,-2.6347927684e-06,0.999999913231,-5.44311402033e-06
16.018,1790081570.72,0.00059990051365,-0.000178942904733,0.638163231133,-0.000286237894374,0.000297165084933,-2.59594312495e-06,0.999999914877,-5.36200657137e-06
16.038,1790081570.74,0.000578661460848,-0.000160585186966,0.64499901162,-0.000277481850812,0.000300317265253,-2.55486212378e-06,0.999999916403,-5.27638995336e-06
16.058,1790081570.76,0.000559734984058,-0.00014009148261,0.651763439528,-0.000268710332917,0.000303185200079,-2.52255619498e-06,0.999999917934,-5.20805092551e-06
16.078,1790081570.78,0.000543143831122,-0.000117527070259,0.65845867757,-0.000259572962799,0.000305968646959,-2.51364841257e-06,0.999999919499,-5.18613976791e-06
16.098,1790081570.8,0.000528911016976,-9.29642026355e-05,0.665084407936,-0.000250568428717,0.000308184098401,-2.5031950658e-06,0.999999921116,-5.1608331276e-06
16.118,1790081570.82,0.000517055275705,-6.64694642595e-05,0.671642491455,-0.000241202861295,0.000309683190285,-2.48830309655e-06,0.999999922956,-5.12599973609e-06
16.138,1790081570.84,0.000507588478293,-3.81144741751e-05,0.678133074561,-0.000231342844051,0.000310405690829,-2.46819932592e-06,0.999999925061,-5.08001953152e-06
16.158,1790081570.86,0.000500515845275,-7.97530235591e-06,0.6845555761,-0.000220945231293,0.000310347858832,-2.44323944949e-06,0.999999927431,-5.02361927101e-06
16.178,1790081570.88,0.000495837986143,2.38687106754e-05,0.690911859025,-0.000210025558732,0.000309538073407,-2.41408188434e-06,0.999999930035,-4.95818619465e-06
16.198,1790081570.9,0.000493548022317,5.73329099663e-05,0.697201137365,-0.000198631294156,0.000308017808109,-2.38145299714e-06,0.999999932832,-4.88527055306e-06
16.218,1790081570.92,0.000493635116792,9.23293811277e-05,0.703425090682,-0.000186953937656,0.000305829571798,-2.34597624932e-06,0.999999935755,-4.80630518171e-06
16.238,1790081570.94,0.000496082176321,0.000128767266276,0.709583571987,-0.000175227918968,0.000303010342986,-2.30818161811e-06,0.999999938737,-4.72255556429e-06
16.258,1790081570.96,0.000500866076252,0.000166557482222,0.715675652063,-0.000163029512007,0.000299761965705,-2.2786561891e-06,0.999999941779,-4.65505304344e-06
16.278,1790081570.98,0.000507961983779,0.000205607416377,0.721703062729,-0.000150100308277,0.000296335999679,-2.27110652537e-06,0.999999944825,-4.63117386333e-06
16.298,1790081571,0.000517344307995,0.000245815544188,0.727664775858,-0.000136860594027,0.000292342375563,-2.26255009179e-06,0.9999999479,-4.60512103735e-06
16.318,1790081571.02,0.000528983505319,0.000287079719123,0.733562389456,-0.000123454602627,0.000287691187494,-2.25021546899e-06,0.999999950994,-4.57146507664e-06
16.338,1790081571.04,0.000542843612348,0.000329296171765,0.739395571341,-0.000109966863756,0.000282360175085,-2.23334759352e-06,0.999999954088,-4.52879622992e-06
16.358,1790081571.06,0.00055888209336,0.000372361218668,0.745163215963,-9.62663789285e-05,0.000276543692691,-2.22240015663e-06,0.999999957126,-4.49804453052e-06
16.378,1790081571.08,0.000577054141504,0.000416170251344,0.750867045089,-8.2141098479e-05,0.000270517466172,-2.23149854236e-06,0.999999960034,-4.50743876972e-06
16.398,1790081571.1,0.000597313991393,0.000460612583125,0.756505853859,-6.80166693756e-05,0.000263912087935,-2.23738139319e-06,0.99999996286,-4.51066409099e-06
16.418,1790081571.12,0.000619611751246,0.000505579115322,0.762081241486,-5.40076617591e-05,0.000256668581067,-2.23750484384e-06,0.9999999656,-4.50273426684e-06
16.438,1790081571.14,0.00064389132159,0.000550961593347,0.767592766485,-4.01575663903e-05,0.000248792846588,-2.23137113148e-06,0.999999968242,-4.48272450669e-06
16.458,1790081571.16,0.000670091193016,0.000596653079548,0.7730391932,-2.6471118462e-05,0.000240326370596,-2.21953421665e-06,0.999999970769,-4.45179223344e-06
16.478,1790081571.18,0.000698146725909,0.000642548174334,0.778422296887,-1.29383892749e-05,0.00023132793437,-2.20280775042e-06,0.999999973158,-4.41160187648e-06
16.498,1790081571.2,0.00072798767367,0.00068854252589,0.783740709846,4.55017369099e-07,0.000221856279021,-2.18204281427e-06,0.999999975387,-4.36388405381e-06
16.518,1790081571.22,0.000759541518071,0.000734532867645,0.788996069755,1.37150634401e-05,0.000211966533449,-2.15801935223e-06,0.999999977439,-4.3102247255e-06
16.538,1790081571.24,0.000792731602623,0.000780416940054,0.794187869392,2.68406683997e-05,0.00020170377321,-2.13142135861e-06,0.999999979295,-4.25201524677e-06
16.558,1790081571.26,0.000827478089246,0.000826093540469,0.799314755813,3.98224746652e-05,0.000191104185144,-2.1028336036e-06,0.999999980944,-4.19044695e-06
16.578,1790081571.28,0.0008636998335,0.000871462353332,0.804378568272,5.264145057e-05,0.000180199391142,-2.07274795443e-06,0.999999982376,-4.12652418912e-06
16.598,1790081571.3,0.000901312108415,0.000916424586226,0.809377836191,6.52763302093e-05,0.000169014043399,-2.04157729799e-06,0.999999983585,-4.06108952797e-06
16.618,1790081571.32,0.000940229136138,0.000960882477557,0.814314262798,7.77003627471e-05,0.000157572881698,-2.0096631384e-06,0.999999984565,-3.99483947302e-06
16.638,1790081571.34,0.000980362413812,0.00100474019497,0.819187284976,8.98879438636e-05,0.000145897616418,-1.9772886134e-06,0.999999985315,-3.92834846246e-06
16.658,1790081571.36,0.00102162138416,0.00104790389759,0.823995458502,0.000101814411175,0.000134009346264,-1.94468634148e-06,0.999999985836,-3.86208460124e-06
16.678,1790081571.38,0.00106391480271,0.00109028113383,0.828740704927,0.000113453487755,0.000121932524565,-1.91204356814e-06,0.999999986129,-3.79641985577e-06
16.698,1790081571.4,0.0011071490566,0.00113178240604,0.833421456902,0.000124783020701,0.000109689484945,-1.87951247397e-06,0.999999986197,-3.73165021531e-06
16.718,1790081571.42,0.00115123047403,0.00117231935056,0.838039499341,0.000135670368811,9.71975839494e-05,-1.84094507975e-06,0.999999986071,-3.65551651318e-06
16.738,1790081571.44,0.00119606297274,0.00121180760368,0.842594236122,0.000145950064349,8.43360790229e-05,-1.78808014411e-06,0.999999985791,-3.55154257563e-06
16.758,1790081571.46,0.00124154603787,0.00125016920766,0.847084120096,0.000155863620927,7.13889596198e-05,-1.7357628224e-06,0.999999985304,-3.44927174547e-06
16.778,1790081571.48,0.00128757978683,0.0012873272541,0.851511160325,0.000165457975373,5.84506288162e-05,-1.68598587077e-06,0.999999984602,-3.35262946712e-06
16.798,1790081571.5,0.00133406405486,0.00132320831558,0.855873707416,0.000174739277006,4.55675561585e-05,-1.6394303124e-06,0.999999983694,-3.26293570126e-06
16.818,1790081571.52,0.00138090004658,0.00135773959743,0.860173630212,0.000183570378202,3.26484345879e-05,-1.58948018023e-06,0.999999982617,-3.16697374099e-06
16.838,1790081571.54,0.00142798854579,0.00139085259596,0.864410294138,0.000191765331587,1.95472053575e-05,-1.52711228069e-06,0.999999981421,-3.04672755434e-06
16.858,1790081571.56,0.00147522741346,0.00142248559717,0.868582069417,0.000199562751244,6.53967218691e-06,-1.46755554076e-06,0.999999980065,-2.93250087332e-06
16.878,1790081571.58,0.00152251610441,0.00145257775558,0.872691057674,0.000206998109667,-6.29661694898e-06,-1.41253958602e-06,0.999999978555,-2.8276858873e-06
16.898,1790081571.6,0.00156975551137,0.00148107243373,0.876735523858,0.000214068009098,-1.89307181243e-05,-1.36245596306e-06,0.999999976907,-2.73301678743e-06
16.918,1790081571.62,0.00161684807867,0.00150791417116,0.880717414253,0.000220744644632,-3.13507829522e-05,-1.31699759712e-06,0.999999975144,-2.64783616887e-06
16.938,1790081571.64,0.00166369805162,0.00153305163938,0.884636058827,0.000226993398372,-4.35581347208e-05,-1.27567676965e-06,0.999999973288,-2.57112829897e-06
16.958,1790081571.66,0.00171021142207,0.00155643728138,0.888489763788,0.000232780657181,-5.55561316799e-05,-1.23796864449e-06,0.999999971363,-2.50180201921e-06
16.978,1790081571.68,0.00175629541552,0.00157802533809,0.892280725656,0.000238075819987,-6.73405520435e-05,-1.20337785228e-06,0.999999969392,-2.4388199673e-06
16.998,1790081571.7,0.0018018593608,0.00159777575438,0.896007125882,0.00024285756643,-7.89058770092e-05,-1.17146150852e-06,0.999999967396,-2.38124874885e-06
17.018,1790081571.72,0.00184681368644,0.00161565060419,0.899670996272,0.000247109323449,-9.02369630498e-05,-1.14182853745e-06,0.999999965396,-2.32825382357e-06
17.038,1790081571.74,0.00189107106026,0.00163161740649,0.903271632422,0.000250821908492,-0.000101317760662,-1.11414005809e-06,0.999999963411,-2.27910550963e-06
17.058,1790081571.76,0.00193454629659,0.00164564838977,0.906807272194,0.000253990997931,-0.000112130566738,-1.08810334991e-06,0.999999961457,-2.23316698119e-06
17.078,1790081571.78,0.00197715542138,0.00165771794055,0.910280211398,0.000256613536634,-0.000122652354504,-1.06346428141e-06,0.999999959552,-2.1898770516e-06
17.098,1790081571.8,0.00201881767442,0.00166780680886,0.913688548423,0.000258690237908,-0.000132864180811,-1.04000597883e-06,0.999999957713,-2.14875327865e-06
17.118,1790081571.82,0.00205945365286,0.00167589788412,0.917034400999,0.000260221423272,-0.000142743258148,-1.0175408782e-06,0.999999955954,-2.10937146031e-06
17.138,1790081571.84,0.00209898729843,0.00168197974818,0.920317031285,0.000261209432049,-0.000152271073904,-9.95909701925e-07,0.999999954291,-2.07136869033e-06
17.158,1790081571.86,0.00213734561305,0.00168604575256,0.92353459914,0.00026165760133,-0.000161431342877,-9.74977177666e-07,0.999999952737,-2.03443384512e-06
17.178,1790081571.88,0.00217445712291,0.00168809119992,0.926689496751,0.00026156865422,-0.000170205014656,-9.54627309668e-07,0.999999951306,-1.9982952354e-06
17.198,1790081571.9,0.00221025477854,0.0016881178291,0.929779743512,0.000260947198786,-0.000178578483142,-9.34763473004e-07,0.999999950008,-1.96272608761e-06
17.218,1790081571.92,0.00224467315232,0.00168612929784,0.932807545426,0.00025979759623,-0.000186534982074,-9.15303606716e-07,0.999999948855,-1.92752993385e-06
17.238,1790081571.94,0.00227765111344,0.00168213489434,0.935772133814,0.000258125755765,-0.000194061990621,-8.96180317038e-07,0.999999947855,-1.89254547915e-06
17.258,1790081571.96,0.00230913130211,0.0016761485297,0.938671592838,0.000255938687059,-0.000201148973299,-8.77338575195e-07,0.999999947017,-1.85764081601e-06
17.278,1790081571.98,0.00233905802332,0.00166818582048,0.941508411756,0.000253243736453,-0.000207782510372,-8.58733141943e-07,0.999999946347,-1.82270558772e-06
17.298,1790081572,0.00236738091799,0.00165827130004,0.944280570946,0.000250700937384,-0.000213954023223,-8.40180766092e-07,0.999999945686,-1.78763855294e-06
17.318,1790081572.02,0.00239405066783,0.00164642460308,0.946990389273,0.000248711371563,-0.000219485459871,-8.11953685446e-07,0.999999944984,-1.73308450806e-06
17.338,1790081572.04,0.0024190245079,0.00163265512893,0.949636955938,0.000245586335024,-0.000224226806054,-7.66179895374e-07,0.999999944705,-1.6424939502e-06
17.358,1790081572.06,0.00244226922678,0.00161698839935,0.952218288478,0.000241354727878,-0.00022880514677,-7.39188589509e-07,0.999999944698,-1.58882367149e-06
17.378,1790081572.08,0.00246374816136,0.00159945752485,0.954737007601,0.000236560152132,-0.000233248287169,-7.30478353225e-07,0.999999944817,-1.5713112974e-06
17.398,1790081572.1,0.00248342493077,0.00158009813452,0.957191013311,0.000230555440016,-0.000236699138916,-6.90606052823e-07,0.999999945409,-1.49035674549e-06
17.418,1790081572.12,0.00250127271031,0.00155895698775,0.959582791159,0.000223772533251,-0.000239419115586,-6.39629805743e-07,0.999999946302,-1.38641054574e-06
17.438,1790081572.14,0.0025172708475,0.0015360871188,0.961911298925,0.000216276211645,-0.000241358798861,-5.72405467245e-07,0.999999947485,-1.24921135324e-06
17.458,1790081572.16,0.00253140675011,0.00151155159719,0.964174480464,0.000209156994465,-0.000242881580774,-5.08540212145e-07,0.999999948631,-1.11868126692e-06
17.478,1790081572.18,0.00254366767144,0.00148540371526,0.966375089983,0.000202440542725,-0.00024408295716,-4.50856961336e-07,0.999999949721,-1.00053856919e-06
17.498,1790081572.2,0.00255404550315,0.00145768971485,0.968510889247,0.000194331939204,-0.000244977985405,-4.00260953118e-07,0.99999995111,-8.95736068544e-07
17.518,1790081572.22,0.00256253197679,0.00142847466609,0.970584457417,0.000185747395856,-0.000245538376832,-3.56097269032e-07,0.999999952604,-8.03410829341e-07
17.538,1790081572.24,0.00256912315958,0.00139782591838,0.972594686583,0.000176907948203,-0.000245721438815,-3.17612542415e-07,0.999999954162,-7.22165294061e-07
17.558,1790081572.26,0.00257381848133,0.00136581273704,0.974539554115,0.000167903090718,-0.000245485565956,-2.84052277824e-07,0.999999955773,-6.50540179431e-07
17.578,1790081572.28,0.00257661823085,0.00133250372035,0.976421914409,0.000158770251712,-0.000244795449966,-2.54732571841e-07,0.999999957434,-5.8719766279e-07
17.598,1790081572.3,0.0025775288477,0.00129797008412,0.97823933061,0.000149506133306,-0.000243630255759,-2.2906148993e-07,0.999999959146,-5.30971459166e-07
17.618,1790081572.32,0.00257655793472,0.00126228239564,0.97999455083,0.000140096429114,-0.000241977975675,-2.0653428393e-07,0.99999996091,-4.80869108659e-07
17.638,1790081572.34,0.00257371878252,0.00122551349592,0.981686440288,0.000130524115408,-0.000239837715226,-1.86723032367e-07,0.999999962721,-4.3605531222e-07
17.658,1790081572.36,0.0025690289234,0.0011877377323,0.9833129132,0.000120778370152,-0.000237215532756,-1.69265123583e-07,0.999999964571,-3.95831290562e-07
17.678,1790081572.38,0.00256250720264,0.00114902952931,0.984876925402,0.000110859525292,-0.000234119862164,-1.53853168147e-07,0.999999966449,-3.59615198954e-07
17.698,1790081572.4,0.00255417872638,0.00110946598233,0.986375955344,0.000100774139663,-0.000230563421156,-1.40226408453e-07,0.999999968343,-3.26922503596e-07
17.718,1790081572.42,0.00254406886318,0.00106912356381,0.987812856687,9.03483824887e-05,-0.000226368126379,-1.39126213212e-07,0.999999970297,-3.19156438999e-07
17.738,1790081572.44,0.00253221001696,0.00102808243941,0.98918646056,7.9438272039e-05,-0.000221384854649,-1.59759717435e-07,0.999999972339,-3.54692321418e-07
17.758,1790081572.46,0.00251864301491,0.000986428564268,0.990494583298,6.84287539548e-05,-0.000215991352014,-1.8130476772e-07,0.999999974333,-3.92169600892e-07
17.778,1790081572.48,0.00250340852428,0.000944246848484,0.991740276695,5.74469904029e-05,-0.000210302411965,-2.00637046756e-07,0.999999976236,-4.25436602893e-07
17.798,1790081572.5,0.002486551691,0.000901622499695,0.992920932404,4.65439381008e-05,-0.000204360685672,-2.16803179136e-07,0.999999978035,-4.52629888762e-07
17.818,1790081572.52,0.00246811715329,0.000858639385554,0.99403948649,3.57365589844e-05,-0.000198171080998,-2.29806778577e-07,0.999999979726,-4.73777490099e-07
17.838,1790081572.54,0.0024481530909,0.000815380940938,0.995094725145,2.50192313067e-05,-0.000191720249774,-2.39960880096e-07,0.999999981309,-4.89515173758e-07
17.858,1790081572.56,0.00242671006068,0.000771929913775,0.996084417339,1.4380837059e-05,-0.000184991166317,-2.47665716915e-07,0.999999982786,-5.0065211521e-07
17.878,1790081572.58,0.00240383872572,0.000728368212154,0.99701171641,3.81626846149e-06,-0.000177970368264,-2.53314184467e-07,0.999999984156,-5.07986758494e-07
17.898,1790081572.6,0.00237959418527,0.000684777343192,0.997873919782,-6.67658345812e-06,-0.000170652392319,-2.57262008547e-07,0.999999985417,-5.12245289546e-07
17.918,1790081572.62,0.00235403184712,0.000641238294101,0.998674056052,-1.70889272424e-05,-0.000163039719464,-2.59818286442e-07,0.999999986563,-5.14064245424e-07
17.938,1790081572.64,0.002327210875,0.000597831385021,0.999410879104,-2.74088769901e-05,-0.000155141852308,-2.61247936188e-07,0.99999998759,-5.13991362743e-07
17.958,1790081572.66,0.00229919296583,0.000554636157389,1.00008207708,-3.76208175799e-05,-0.000146973455385,-2.61775495487e-07,0.999999988492,-5.12492483982e-07
17.978,1790081572.68,0.00227004020438,0.000511731663009,1.00069090221,-4.77030706974e-05,-0.000138552808818,-2.61589201565e-07,0.999999989264,-5.09959628223e-07
17.998,1790081572.7,0.00223981838638,0.000469195481063,1.00123458484,-5.7636569037e-05,-0.000129899768359,-2.60847510931e-07,0.999999989902,-5.06721079761e-07
18.018,1790081572.72,0.00220859350436,0.000427104657767,1.00171625289,-6.73981005205e-05,-0.000121035623398,-2.59681447587e-07,0.999999990404,-5.03047762704e-07
18.038,1790081572.74,0.00217643432535,0.000385534389711,1.00213461163,-7.69681200676e-05,-0.000111981341979,-2.5820024147e-07,0.999999990768,-4.99162503942e-07
18.058,1790081572.76,0.00214341130397,0.000344558204148,1.00248728822,-8.63285956348e-05,-0.000102757599712,-2.56493890229e-07,0.999999990994,-4.95245947748e-07
18.078,1790081572.78,0.0021095949376,0.000304248918189,1.00277763707,-9.5458950678e-05,-9.33856063098e-05,-2.54634654611e-07,0.999999991083,-4.91440329279e-07
18.098,1790081572.8,0.00207505812898,0.000264676473943,1.00300279409,-0.00010434346741,-8.3885319168e-05,-2.52681685993e-07,0.999999991038,-4.87857604188e-07
18.118,1790081572.82,0.00203987367505,0.000225910123395,1.0031659784,-0.000112963304537,-7.42776947046e-05,-2.50680544988e-07,0.999999990861,-4.84579783046e-07
18.138,1790081572.84,0.00200411595891,0.000188016112327,1.00326585524,-0.000121303592971,-6.45825578149e-05,-2.48667273386e-07,0.999999990557,-4.81666353481e-07
18.158,1790081572.86,0.00196786016027,0.000151058235736,1.00329997367,-0.000129350868416,-5.48194189011e-05,-2.46669117637e-07,0.999999990132,-4.79156354403e-07
18.178,1790081572.88,0.00193118124262,0.000115099484191,1.00327178769,-0.000137088926177,-4.50090409223e-05,-2.4470440158e-07,0.99999998959,-4.77068317822e-07
18.198,1790081572.9,0.00189415521287,8.02028840452e-05,1.00317842818,-0.000143507640877,-3.51708732365e-05,-2.42754938995e-07,0.999999989084,-4.75415295774e-07
18.218,1790081572.92,0.00185685746565,4.64652863366e-05,1.00302894827,-0.000137554341306,-2.53276856261e-05,-2.40473317977e-07,0.999999990219,-4.73978765632e-07
18.238,1790081572.94,0.0018193616019,1.38663632845e-05,1.00287558876,-0.000115468364237,-1.55136602559e-05,-2.37729128544e-07,0.999999993213,-4.71875580142e-07
18.258,1790081572.96,0.00178174390484,-1.78266949106e-05,1.00273571312,-9.40065919372e-05,-5.75322033773e-06,-2.35034103659e-07,0.999999995565,-4.68986523991e-07
18.278,1790081572.98,0.00174408117337,-4.87996031764e-05,1.00261314938,-7.82216245995e-05,3.93458866595e-06,-2.32474922474e-07,0.999999996933,-4.65565383372e-07
18.298,1790081573,0.0017064492777,-7.91824385348e-05,1.00250778449,-6.95554524212e-05,1.36477414725e-05,-2.23559918256e-07,0.999999997488,-4.49018385221e-07
18.318,1790081573.02,0.00166892402236,-0.000109042326657,1.00241819568,-6.76326100223e-05,2.35526200172e-05,-1.97930545987e-07,0.999999997436,-3.9904694173e-07
18.338,1790081573.04,0.00163158334296,-0.000138389230257,1.0023427167,-7.09428232231e-05,3.36371628274e-05,-1.5533344372e-07,0.999999996918,-3.15439517789e-07
18.358,1790081573.06,0.00159450726065,-0.000167191280661,1.00227972499,-7.78045123435e-05,4.36994173074e-05,-1.04888281235e-07,0.999999996018,-2.16576586168e-07
18.378,1790081573.08,0.00155777539764,-0.000195389061518,1.00222774386,-8.66614307108e-05,5.35680517688e-05,-5.33847013361e-08,0.99999999481,-1.16053970798e-07
18.398,1790081573.1,0.00152146498667,-0.000222908072974,1.00218546784,-9.6127160901e-05,6.32954498887e-05,4.81835708281e-09,0.999999993377,-2.53210971e-09
18.418,1790081573.12,0.00148565279589,-0.000249671333237,1.0021517274,-0.000105423562793,7.2767424025e-05,6.37504791689e-08,0.999999991795,1.12158156288e-07
18.438,1790081573.14,0.00145041339759,-0.000275604446924,1.00212549065,-0.000114130101157,8.18984725377e-05,1.19158599461e-07,0.999999990133,2.19623037606e-07
18.458,1790081573.16,0.00141581807694,-0.000300638118102,1.00210585657,-0.000121952649184,9.07643766236e-05,1.75719803869e-07,0.999999988445,3.2930169674e-07
18.478,1790081573.18,0.00138193654317,-0.000324711198004,1.00209202128,-0.000128911284611,9.93116944478e-05,2.29661421973e-07,0.99999998676,4.33718050204e-07
18.498,1790081573.2,0.00134883629984,-0.000347769613011,1.00208327058,-0.00013511634606,0.000107402741217,2.78277268664e-07,0.999999985104,5.27530809308e-07
18.518,1790081573.22,0.0013165808147,-0.000369764784546,1.00207897579,-0.000140568835676,0.00011501121256,3.22770936576e-07,0.999999983506,6.1320789425e-07
18.538,1790081573.24,0.00128522933384,-0.000390654504489,1.00207859116,-0.000145382264536,0.000122229303438,3.59789664133e-07,0.999999981962,6.84039389872e-07
18.558,1790081573.26,0.00125483835249,-0.000410401775506,1.00208164057,-0.000149732128693,0.000129071464869,3.91475224364e-07,0.99999998046,7.44298167852e-07
18.578,1790081573.28,0.0012254614039,-0.000428972591733,1.0020876949,-0.000153625925176,0.000135548229937,4.19465189387e-07,0.999999979013,7.97282946004e-07
18.598,1790081573.3,0.00119714907681,-0.000446336608471,1.00209637882,-0.00015708662191,0.000141694716983,4.4326708731e-07,0.999999977623,8.42017499726e-07
18.618,1790081573.32,0.00116994949202,-0.000462466936852,1.00210736365,-0.000160158822584,0.000147512156316,4.63988878715e-07,0.999999976295,8.80727027215e-07
18.638,1790081573.34,0.00114390806657,-0.00047733969215,1.00212035925,-0.000162873728669,0.000153034565321,4.80063438045e-07,0.999999975026,9.10276274211e-07
18.658,1790081573.36,0.00111906804837,-0.000490933773174,1.00213511074,-0.000165263290509,0.000158260205805,4.91810310357e-07,0.999999973821,9.3131143688e-07
18.678,1790081573.38,0.00109547040325,-0.000503230328872,1.00215138857,-0.000167280335362,0.000163174672367,4.99756962679e-07,0.999999972696,9.44922120553e-07
18.698,1790081573.4,0.00107315367619,-0.000514213580251,1.00216899328,-0.000168916865046,0.000167759910546,5.04460829507e-07,0.999999971662,9.52246727683e-07
18.718,1790081573.42,0.00105215383388,-0.000523870761546,1.00218774927,-0.000170175992246,0.00017199796287,5.0643929059e-07,0.999999970728,9.54338760004e-07
18.738,1790081573.44,0.00103250411526,-0.000532192074723,1.00220750181,-0.000171064231901,0.000175873439495,5.06149093305e-07,0.999999969903,9.52126905366e-07
18.758,1790081573.46,0.00101423490775,-0.000539170629222,1.00222811448,-0.000171589446025,0.000179374289597,5.03984717406e-07,0.999999969191,9.46411994692e-07
18.778,1790081573.48,0.000997373652844,-0.000544802374512,1.00224946702,-0.000171759003306,0.000182491764772,5.00283027886e-07,0.999999968598,9.37876879562e-07
18.798,1790081573.5,0.000981944779183,-0.000549086040628,1.0022714534,-0.000171579284516,0.000185219930463,4.9532988121e-07,0.999999968127,9.27099988161e-07
18.818,1790081573.52,0.000967969658097,-0.000552023088471,1.00229398015,-0.000171055676211,0.000187555057633,4.8936682876e-07,0.999999967781,9.1456897591e-07
18.838,1790081573.54,0.000955466576284,-0.000553617669031,1.00231696489,-0.000170192889852,0.000189495060737,4.82597300883e-07,0.999999967563,9.00693211144e-07
18.858,1790081573.56,0.000944450740753,-0.000553876607809,1.00234033535,-0.000169000192162,0.000191034228319,4.75471773036e-07,0.999999967472,8.86373937244e-07
18.878,1790081573.58,0.000934934203275,-0.000552809302438,1.00236402773,-0.000167484517412,0.000192170183526,4.68272899278e-07,0.99999996751,8.72174771647e-07
18.898,1790081573.6,0.000926925816922,-0.000550427644657,1.00238798523,-0.000165643205239,0.000192911255466,4.60691467851e-07,0.999999967674,8.57474092374e-07
18.918,1790081573.62,0.00092043135973,-0.000546746099559,1.00241215819,-0.0001634793956,0.000193261188417,4.5275827839e-07,0.999999967962,8.4232814614e-07
18.938,1790081573.64,0.000915453548733,-0.000541781666594,1.00243650294,-0.000160998638226,0.000193222608718,4.44538685514e-07,0.999999968372,8.26860250895e-07
18.958,1790081573.66,0.000911992057521,-0.000535553833572,1.00246098105,-0.000158207933937,0.000192798026516,4.36102232931e-07,0.999999968899,8.11200144157e-07
18.978,1790081573.68,0.00091004353411,-0.000528084520368,1.00248555875,-0.000155115356915,0.000191990226067,4.27512109594e-07,0.999999969539,7.95462986904e-07
18.998,1790081573.7,0.000909601621386,-0.000519398014521,1.00251020633,-0.000151729683243,0.000190802625727,4.18822074998e-07,0.999999970286,7.79743337954e-07
19.018,1790081573.72,0.000910656983122,-0.000509520901848,1.00253489769,-0.000148060192392,0.000189239448228,4.10076280522e-07,0.999999971133,7.64114933871e-07
19.038,1790081573.74,0.000913197336694,-0.000498481993439,1.00255960992,-0.000144116555446,0.000187305793749,4.0131009844e-07,0.999999972073,7.48632495375e-07
19.058,1790081573.76,0.000917207492954,-0.000486312249816,1.0025843229,-0.000139908792532,0.000185007637986,3.92551241974e-07,0.999999973099,7.33334122549e-07
19.078,1790081573.78,0.00092266940311,-0.000473044702472,1.002609019,-0.000135447265306,0.000182351792441,3.83820897616e-07,0.999999974201,7.18243719974e-07
19.098,1790081573.8,0.000929562212227,-0.000458714372776,1.00263368277,-0.000130742684634,0.000179345848415,3.75134771531e-07,0.999999975371,7.03373254432e-07
19.118,1790081573.82,0.00093786231886,-0.000443358188134,1.00265830069,-0.000125806119537,0.000175998119397,3.66504021593e-07,0.999999976599,6.88724787805e-07
19.138,1790081573.84,0.000947543440334,-0.000427014895317,1.00268286094,-0.000120649000406,0.000172317588914,3.5793607362e-07,0.999999977875,6.74292281735e-07
19.158,1790081573.86,0.000958576683256,-0.000409724970905,1.00270735319,-0.000115283113857,0.000168313866293,3.49435331046e-07,0.99999997919,6.60063191725e-07
19.178,1790081573.88,0.00097093061891,-0.000391530528912,1.00273176847,-0.0001097205894,0.000163997149901,3.41003789762e-07,0.999999980533,6.46019873102e-07
19.198,1790081573.9,0.000984571363262,-0.000372475225684,1.00275609895,-0.000103973879408,0.000159378196094,3.32641569885e-07,0.999999981894,6.32140821157e-07
19.218,1790081573.92,0.000999462661326,-0.000352604162243,1.00278033783,-9.80557342857e-05,0.000154468291809,3.24347375328e-07,0.999999983262,6.18401765755e-07
19.238,1790081573.94,0.00101556597569,-0.000331963784276,1.00280447922,-9.19791746553e-05,0.000149279228917,3.16118890118e-07,0.999999984628,6.04776636934e-07
19.258,1790081573.96,0.001032840579,-0.000310601779998,1.00282851806,-8.57574619108e-05,0.000143823278966,3.07953120225e-07,0.99999998598,5.9123841754e-07
19.278,1790081573.98,0.00105124365025,-0.000288566976112,1.00285244995,-7.94040681261e-05,0.000138113167398,2.9984668681e-07,0.99999998731,5.77759893345e-07
19.298,1790081574,0.00107073037453,-0.000265909232122,1.00287627115,-7.29326458822e-05,0.000132162046793,2.9179607715e-07,0.999999988607,5.64314311848e-07
19.318,1790081574.02,0.00109125404629,-0.000242679333219,1.00289997845,-6.63569983069e-05,0.000125983468973,2.83797857693e-07,0.999999989862,5.50875957445e-07
19.338,1790081574.04,0.00111276617562,-0.000218928881988,1.00292356913,-5.9691049428e-05,0.000119591356003,2.7584885319e-07,0.999999991067,5.3742064974e-07
19.358,1790081574.06,0.00113521659745,-0.000194710189166,1.00294704089,-5.29488148429e-05,0.000112999970225,2.67946296294e-07,0.999999992214,5.23926172795e-07
19.378,1790081574.08,0.00115855358351,-0.000170076163678,1.00297039181,-4.6144372666e-05,0.000106223883517,2.60087949429e-07,0.999999993294,5.10372637952e-07
19.398,1790081574.1,0.00118272395659,-0.00014508020218,1.0029936203,-3.92918347163e-05,9.92779459432e-05,2.52272202015e-07,0.9999999943,4.9674278566e-07
19.418,1790081574.12,0.00120767320712,-0.00011977607834,1.00301672504,-3.24053179187e-05,9.2177253948e-05,2.44498146052e-07,0.999999995227,4.83022231539e-07
19.438,1790081574.14,0.0012333456116,-9.42178320745e-05,1.00303970499,-2.54989159144e-05,8.49371182311e-05,2.36765631165e-07,0.999999996068,4.69199658367e-07
19.458,1790081574.16,0.00125968435273,-6.84596589673e-05,1.00306255932,-1.85866709098e-05,7.75730314041e-05,2.29075301166e-07,0.999999996818,4.55266957541e-07
19.478,1790081574.18,0.00128663164095,-4.25558000905e-05,1.00308528739,-1.16825457877e-05,7.01006355044e-05,2.21428614471e-07,0.999999997475,4.41219324391e-07
19.498,1790081574.2,0.00131412883723,-1.65604324484e-05,1.00310788875,-4.80039654306e-06,6.25356894546e-05,2.13827849077e-07,0.999999998033,4.27055308438e-07
19.518,1790081574.22,0.00134211657669,9.47243974241e-06,1.00313036307,2.04605491145e-06,5.48940365143e-05,2.06276093941e-07,0.999999998491,4.12776822173e-07
19.538,1790081574.24,0.0013705348929,3.54890927199e-05,1.00315271017,8.84324751007e-06,4.71915717933e-05,1.98777228146e-07,0.999999998847,3.98389111107e-07
19.558,1790081574.26,0.00139932334266,6.14361895828e-05,1.00317492999,1.55778073123e-05,3.94442098859e-05,1.9133588868e-07,0.999999999101,3.83900686813e-07
19.578,1790081574.28,0.00142842113081,8.72608852278e-05,1.00319702255,2.22365732408e-05,3.16678526772e-05,1.83957428491e-07,0.999999999251,3.69323226498e-07
19.598,1790081574.3,0.00145776723506,0.000112910929618,1.00321898797,2.88066222243e-05,2.3878357391e-05,1.76647865654e-07,0.9999999993,3.54671441107e-07
19.618,1790081574.32,0.00148730052983,0.000138334768634,1.00324082643,3.52751579484e-05,1.60916406821e-05,1.69421637114e-07,0.999999999248,3.39978544482e-07
19.638,1790081574.34,0.00151695991167,0.00016348164496,1.00326253817,4.16296477124e-05,8.32353430038e-06,1.6229502947e-07,0.999999999099,3.25283070294e-07
19.658,1790081574.36,0.00154668442332,0.000188301696626,1.00328412353,4.78579097998e-05,5.89771964522e-07,1.55267702427e-07,0.999999998855,3.10591855006e-07
19.678,1790081574.38,0.0015764133783,0.000212746053114,1.00330558285,5.39482607898e-05,-7.09431192164e-06,1.48343336093e-07,0.99999999852,2.95921220198e-07
19.698,1790081574.4,0.00160608648138,0.000236766927453,1.00332691654,5.9889651768e-05,-1.47138638382e-05,1.41539198864e-07,0.999999998098,2.81315980949e-07
19.718,1790081574.42,0.00163564394252,0.000260317700537,1.00334812504,6.56710910062e-05,-2.2253874738e-05,1.34857699001e-07,0.999999997596,2.66792525152e-07
19.738,1790081574.44,0.00166502659667,0.000283353008796,1.00336920882,7.12819948348e-05,-2.9699699786e-05,1.28303802079e-07,0.999999997018,2.52373496145e-07
19.758,1790081574.46,0.00169417601903,0.000305828828011,1.00339016835,7.67124263529e-05,-3.70371992716e-05,1.21895377137e-07,0.999999996372,2.381083272e-07
19.778,1790081574.48,0.0017230346339,0.000327702548728,1.00341100417,8.19524726764e-05,-4.42522271602e-05,1.15631730097e-07,0.999999995663,2.24010301194e-07
19.798,1790081574.5,0.00175154582649,0.000348933055368,1.0034317168,8.69925709772e-05,-5.13308533899e-05,1.0950766192e-07,0.999999994899,2.10084518016e-07
19.818,1790081574.52,0.00177965405402,0.000369480803174,1.00345230679,9.18240275743e-05,-5.82598443228e-05,1.03538114513e-07,0.999999994087,1.96376922031e-07
19.838,1790081574.54,0.00180730494888,0.000389307884765,1.00347277466,9.64386311747e-05,-6.50265446833e-05,9.7738881436e-08,0.999999993236,1.82935621178e-07
19.858,1790081574.56,0.00183444541626,0.000408378094058,1.00349312099,0.000100828515523,-7.16184500478e-05,9.21174137228e-08,0.999999992352,1.69792463774e-07
19.878,1790081574.58,0.00186102373189,0.000426656988094,1.00351334636,0.000104986206537,-7.80231435982e-05,8.66764903623e-08,0.999999991445,1.56970273416e-07
19.898,1790081574.6,0.00188698964092,0.000444111945654,1.00353345137,0.000108904624086,-8.42286727352e-05,8.14114832349e-08,0.999999990523,1.44477183094e-07
19.918,1790081574.62,0.0019122944525,0.000460712223979,1.0035534366,0.000112577392019,-9.02237875438e-05,7.63279926932e-08,0.999999989593,1.32341668553e-07
19.938,1790081574.64,0.00193689112801,0.000476429008865,1.00357330264,0.000115998873863,-9.59979557724e-05,7.14408223802e-08,0.999999988664,1.20610335838e-07
19.958,1790081574.66,0.00196073436303,0.000491235458253,1.00359305007,0.000119164020803,-0.000101541211787,6.67659925475e-08,0.999999987745,1.09331867566e-07
19.978,1790081574.68,0.00198378066464,0.000505106740971,1.00361267948,0.000122068152995,-0.000106843939306,6.23085206069e-08,0.999999986842,9.8532557164e-08
19.998,1790081574.7,0.00200598842697,0.000518020073324,1.00363219149,0.00012470693256,-0.000111896902151,5.80652880166e-08,0.999999985964,8.82219377519e-08
20.018,1790081574.72,0.00202731800409,0.000529954753786,1.00365158671,0.000127076534271,-0.000116691383699,5.40309507654e-08,0.999999985117,7.84044288182e-08
20.038,1790081574.74,0.00204773177911,0.000540892193939,1.00367086574,0.00012917389407,-0.000121219368409,5.02067028847e-08,0.99999998431,6.90966505162e-08
20.058,1790081574.76,0.00206719422668,0.000550815941991,1.00369002918,0.000130996588489,-0.000125473476583,4.6594238622e-08,0.999999983548,6.03152828534e-08
20.078,1790081574.78,0.00208567197082,0.000559711701616,1.00370907764,0.000132542785794,-0.000129446944226,4.31947368315e-08,0.999999982838,5.20749567251e-08
20.098,1790081574.8,0.00210313383794,0.000567567346231,1.00372801172,0.000133811225052,-0.000133133619714,4.00085335358e-08,0.999999982185,4.43875217206e-08
20.118,1790081574.82,0.00211955090501,0.000574372928837,1.00374683203,0.00013480120238,-0.000136527963886,3.70350033619e-08,0.999999981594,3.7261739369e-08
20.138,1790081574.84,0.0021348965431,0.000580120687513,1.00376553917,0.000135512565218,-0.000139625054539,3.42725357747e-08,0.999999981071,3.07031728303e-08
20.158,1790081574.86,0.00214914645589,0.000584805046608,1.00378413375,0.000135945709815,-0.000142420592368,3.1718547325e-08,0.999999980618,2.47141573797e-08
20.178,1790081574.88,0.00216227871348,0.000588422613627,1.00380261638,0.000136101579769,-0.000144910907072,2.93695110481e-08,0.999999980239,1.92938149892e-08
20.198,1790081574.9,0.00217427378113,0.000590972171828,1.00382098766,0.000135981663929,-0.00014709296255,2.72209941611e-08,0.999999979936,1.44380962549e-08
20.218,1790081574.92,0.00218511454309,0.000592454668536,1.00383924822,0.000135587992824,-0.000148964360637,2.52677024235e-08,0.999999979713,1.01398469498e-08
20.238,1790081574.94,0.00219478632145,0.00059287319921,1.00385739865,0.000134923133271,-0.000150523343137,2.35035283319e-08,0.999999979569,6.38889381992e-09
20.258,1790081574.96,0.00220327688986,0.000592232987288,1.00387543957,0.000133990181185,-0.000151768792111,2.19216040844e-08,0.999999979506,3.17215150977e-09
20.278,1790081574.98,0.00221057648235,0.00059054135989,1.00389337161,0.00013279275271,-0.000152700228505,2.05143580834e-08,0.999999979524,4.73747983531e-10
20.298,1790081575,0.00221667779702,0.00058780771943,1.00391119536,0.000131334973911,-0.000153317809206,1.92735746717e-08,0.999999979622,-1.72483246733e-09
20.318,1790081575.02,0.00222157599485,0.000584043511227,1.00392891145,0.00012962146921,-0.00015362232267,1.81904573879e-08,0.999999979799,-3.44458845747e-09
20.338,1790081575.04,0.00222526869347,0.000579262187204,1.00394652049,0.000127657348753,-0.000153615183202,1.72556946583e-08,0.999999980053,-4.70882562569e-09
20.358,1790081575.06,0.00222775595604,0.000573479165782,1.00396402312,0.00012544819482,-0.000153298423973,1.64595282021e-08,0.999999980381,-5.5429656144e-09
20.378,1790081575.08,0.00222904027531,0.000566711788058,1.00398141993,0.000123000047371,-0.000152674688834,1.57918230237e-08,0.999999980781,-5.97434275606e-09
20.398,1790081575.1,0.00222912655283,0.000558979270405,1.00399871157,0.000120319388803,-0.000151747222966,1.52421391717e-08,0.999999981248,-6.03198874568e-09
20.418,1790081575.12,0.00222802207348,0.000550302653588,1.00401589864,0.000117413127937,-0.000150519862394,1.47998043175e-08,0.999999981779,-5.74640788545e-09
20.438,1790081575.14,0.00222573647539,0.000540704748546,1.00403298177,0.000114288583293,-0.00014899702241,1.44539869264e-08,0.999999982369,-5.14934409779e-09
20.458,1790081575.16,0.00222228171523,0.000530210078949,1.0040499616,0.000110953465667,-0.000147183684907,1.41937692871e-08,0.999999983013,-4.27354195334e-09
20.478,1790081575.18,0.00221767202911,0.000518844820686,1.00406683874,0.000107415860052,-0.000145085384669,1.40082200524e-08,0.999999983706,-3.1525032349e-09
20.498,1790081575.2,0.00221192388919,0.00050663673841,1.00408361381,0.000103684206932,-0.000142708194643,1.38864657226e-08,0.999999984442,-1.82024102958e-09
20.518,1790081575.22,0.00220505595594,0.000493615119298,1.00410028745,9.97672829824e-05,-0.000140058710226,1.38177606765e-08,0.999999985215,-3.11033022361e-10
20.538,1790081575.24,0.00219708902642,0.000479810704175,1.00411686028,9.56741812195e-05,-0.000137144032601,1.37915549094e-08,0.999999986019,1.34082342701e-09
20.558,1790081575.26,0.00218804597853,0.000465255616148,1.00413333292,9.14142906461e-05,-0.000133971751159,1.37975593622e-08,0.999999986847,3.10125327509e-09
20.578,1790081575.28,0.00217795171146,0.000449983286927,1.00414970601,8.69972754243e-05,-0.000130549925056,1.38258084373e-08,0.999999987694,4.93664112905e-09
20.598,1790081575.3,0.00216683308242,0.000434028380982,1.00416598016,8.24330536301e-05,-0.000126887063937,1.38667187992e-08,0.999999988552,6.81406120739e-09
20.618,1790081575.32,0.00215471883986,0.00041742671771,1.00418215599,7.77317756327e-05,-0.00012299210788,1.39111446729e-08,0.999999989415,8.70149944604e-09
20.638,1790081575.34,0.0021416395533,0.000400215191778,1.00419823414,7.29038021455e-05,-0.0001188744066,1.39504285878e-08,0.999999990277,1.0568064765e-08
20.658,1790081575.36,0.00212762753997,0.000382431691815,1.00421421522,6.79596819938e-05,-0.000114543697967,1.39764480441e-08,0.999999991131,1.23841895889e-08
20.678,1790081575.38,0.00211271678838,0.000364115017635,1.00423009985,6.29101296481e-05,-0.000110010085871,1.39816571651e-08,0.99999999197,1.4121816918e-08
20.698,1790081575.4,0.00209694287902,0.00034530479615,1.00424588864,5.77660025661e-05,-0.000105284017505,1.39591233481e-08,0.999999992789,1.57545731935e-08
20.718,1790081575.42,0.00208034290238,0.000326041396173,1.0042615822,5.25382783997e-05,-0.000100376260094,1.39025587668e-08,0.999999993582,1.72579259078e-08
20.738,1790081575.44,0.00206295537521,0.000306365843049,1.00427718117,4.72382305129e-05,-9.52980755367e-05,1.37949485337e-08,0.999999994343,1.85864723298e-08
20.758,1790081575.46,0.00204482015062,0.000286319728631,1.00429268614,4.18770081089e-05,-9.00607992858e-05,1.36313700121e-08,0.999999995068,1.97197865657e-08
20.778,1790081575.48,0.00202597832904,0.000265945123731,1.00430809771,3.64656014466e-05,-8.46758039135e-05,1.3419353315e-08,0.99999999575,2.06631985769e-08
20.798,1790081575.5,0.00200647217039,0.000245284493284,1.00432341648,3.10151639235e-05,-7.91548191351e-05,1.31576083226e-08,0.999999996386,2.14052174367e-08
20.818,1790081575.52,0.00198634500243,0.000224380609264,1.00433864304,2.55371188304e-05,-7.35100361385e-05,1.28321453167e-08,0.999999996972,2.19098217362e-08
20.838,1790081575.54,0.00196564112425,0.000203276460129,1.00435377801,2.0042896706e-05,-6.7753842161e-05,1.24291199007e-08,0.999999997504,2.21422734228e-08
20.858,1790081575.56,0.00194440570809,0.000182015160213,1.00436882197,1.45436840747e-05,-6.18985660912e-05,1.19473217969e-08,0.999999997979,2.2094177335e-08
20.878,1790081575.58,0.00192268470314,0.000160639862497,1.0043837755,9.05052856271e-06,-5.59565800822e-05,1.13885214597e-08,0.999999998393,2.17641697666e-08
20.898,1790081575.6,0.00190052473872,0.000139193672117,1.00439863917,3.57437735374e-06,-4.99403341502e-05,1.07555531399e-08,0.999999998747,2.11540951595e-08
20.918,1790081575.62,0.00187797302658,0.000117719560547,1.00441341354,-1.87392274073e-06,-4.38623520624e-05,1.00518102661e-08,0.999999999036,2.02680099089e-08
20.938,1790081575.64,0.0018550772627,9.62602805259e-05,1.00442809919,-7.2836344209e-06,-3.77352176919e-05,9.28104976156e-09,0.999999999262,1.91117986248e-08
20.958,1790081575.66,0.00183188552843,7.48582819671e-05,1.00444269665,-1.26441093903e-05,-3.1571511605e-05,8.44961836456e-09,0.999999999422,1.76976240473e-08
20.978,1790081575.68,0.001808446192,5.35556280816e-05,1.0044572065,-1.79448904138e-05,-2.5383862131e-05,7.56188455533e-09,0.999999999517,1.60347903725e-08
20.998,1790081575.7,0.0017848078096,3.2393913171e-05,1.00447162927,-2.31757694749e-05,-1.91849494912e-05,6.62615357234e-09,0.999999999547,1.41415590827e-08
21.018,1790081575.72,0.00176101902515,1.14141831822e-05,1.0044859655,-2.83266444902e-05,-1.29873091222e-05,5.64894549797e-09,0.999999999514,1.20336647713e-08
21.038,1790081575.74,0.00173712847218,-9.34314378455e-06,1.00450021573,-3.33875912521e-05,-6.80335274089e-06,4.63112813035e-09,0.999999999419,9.71655137714e-09
21.058,1790081575.76,0.00171318467676,-2.98383557516e-05,1.00451438047,-3.83489842092e-05,-6.45441085729e-07,3.57673776197e-09,0.999999999264,7.2029795387e-09
21.078,1790081575.78,0.00168923596041,-5.003252224e-05,1.00452846024,-4.32014808159e-05,5.47417681607e-06,2.49059840714e-09,0.999999999052,4.50821172043e-09
21.098,1790081575.8,0.00166533034388,-6.98875675293e-05,1.00454245556,-4.79360239603e-05,1.15434036091e-05,1.37794761156e-09,0.999999998784,1.64920547624e-09
21.118,1790081575.82,0.00164151545279,-8.93663416721e-05,1.00455636693,-5.25438452743e-05,1.75501747811e-05,2.52783202223e-10,0.999999998466,-1.33874093362e-09
21.138,1790081575.84,0.00161783842212,-0.000108432689051,1.00457019485,-5.70164190485e-05,2.34827051316e-05,-8.74907838113e-10,0.999999998099,-4.42761519013e-09
21.158,1790081575.86,0.0015943458036,-0.000127051515858,1.00458393981,-6.13456249585e-05,2.93295306872e-05,-2.00001124506e-09,0.999999997688,-7.59849927343e-09
21.178,1790081575.88,0.00157108347628,-0.000145188853796,1.0045976023,-6.5523758712e-05,3.50794200222e-05,-3.11488539632e-09,0.999999997238,-1.08268417087e-08
21.198,1790081575.9,0.00154809655748,-0.000162811919992,1.00461118282,-6.95434142836e-05,4.0721601357e-05,-4.22321113139e-09,0.999999996753,-1.41102606691e-08
21.218,1790081575.92,0.00152542931955,-0.000179889175278,1.00462468183,-7.33975318555e-05,4.62454725534e-05,-5.32158632078e-09,0.999999996237,-1.74317797659e-08
21.238,1790081575.94,0.00150312510683,-0.000196390379626,1.00463809981,-7.70794251401e-05,5.16405871715e-05,-6.39868123887e-09,0.999999995696,-2.07582160795e-08
21.258,1790081575.96,0.00148122625268,-0.000212286644595,1.00465143723,-8.05827882327e-05,5.68969037646e-05,-7.44957977565e-09,0.999999995135,-2.40689819289e-08
21.278,1790081575.98,0.00145977400071,-0.000227550482557,1.00466469455,-8.39016431642e-05,6.20048232675e-05,-8.47456115427e-09,0.999999994558,-2.73537355391e-08
21.298,1790081576,0.00143880843005,-0.000242155854153,1.00467787221,-8.70304906265e-05,6.69550424186e-05,-9.47027080858e-09,0.999999993971,-3.05948021605e-08
21.318,1790081576.02,0.00141836838246,-0.000256078211467,1.00469097069,-8.99643246585e-05,7.17385608576e-05,-1.04294172055e-08,0.99999999338,-3.37666569796e-08
21.338,1790081576.04,0.00139849139116,-0.000269294536801,1.00470399043,-9.26985187658e-05,7.63468144041e-05,-1.13482159305e-08,0.999999992789,-3.68509053423e-08
21.358,1790081576.06,0.00137921361377,-0.000281783379102,1.00471693187,-9.52288576539e-05,8.0771664097e-05,-1.22237175397e-08,0.999999992204,-3.9831022014e-08
21.378,1790081576.08,0.00136055375895,-0.000293540513036,1.00473157621,-0.000101437016018,8.89727252254e-05,-2.52391225236e-08,0.999999990897,-6.85285011804e-08
21.398,1790081576.1,0.00134250284395,-0.000304588774838,1.00475763712,-0.00013251042165,0.000122580001962,-1.16809270195e-07,0.999999983708,-2.66104800072e-07
21.418,1790081576.12,0.00132531110871,-0.000314697749311,1.00479673259,-0.000191909198855,0.000185067081256,-1.00988819098e-06,0.99999996446,-2.09080860399e-06
21.438,1790081576.14,0.0013094698537,-0.000323401429245,1.00484955971,-0.000280251297791,0.000276758850553,-6.5926985726e-06,0.99999992241,-1.33405222202e-05
21.458,1790081576.16,0.00129572064761,-0.000329985395199,1.00491528019,-0.000391843902051,0.000391754238596,-1.79450106084e-05,0.999999846332,-3.61970398386e-05
21.478,1790081576.18,0.00128498279096,-0.000333558427252,1.00499377215,-0.000523012528796,0.000526024053992,-3.83038269744e-05,0.999999724145,-7.71579099302e-05
21.498,1790081576.2,0.00127832555037,-0.000333076922105,1.00508489421,-0.000670484796109,0.000675979715489,-7.05466529633e-05,0.999999544262,-0.000141999840101
21.518,1790081576.22,0.00127694448457,-0.000327365543278,1.00518776573,-0.000829468789315,0.000836756006381,-0.000114937956388,0.999999299305,-0.000231264203518
21.538,1790081576.24,0.00128210910008,-0.000315170468495,1.00530251476,-0.000999123475037,0.00100724417075,-0.000174359755852,0.999998978405,-0.000350732596654
21.558,1790081576.26,0.00129516991584,-0.000295148750867,1.00542831234,-0.00117622766437,0.0011842815037,-0.000248426746446,0.999998576124,-0.000499640176376
21.578,1790081576.28,0.00131752026081,-0.000265908933993,1.00556523116,-0.001360937799,0.00136784459189,-0.000339209353536,0.999998080891,-0.000682143111681
21.598,1790081576.3,0.00135060402451,-0.000226001234052,1.00571335137,-0.00155371568069,0.00155823027105,-0.000448547613306,0.999997478342,-0.000901939556381
21.618,1790081576.32,0.00139592375739,-0.000173907491977,1.00587196607,-0.00175261821119,0.00175362982264,-0.000575589940101,0.999996760899,-0.00115733040677
21.638,1790081576.34,0.00145501607508,-0.000108069020504,1.00604139788,-0.00195886222292,0.0019550417243,-0.000722496514919,0.999995909326,-0.00145265803304
21.658,1790081576.36,0.00152947127999,-2.68631771862e-05,1.0062209458,-0.00217031925894,0.0021605373042,-0.000888005674996,0.999994916606,-0.00178539802018
21.678,1790081576.38,0.00162090774979,7.1366830183e-05,1.00641083026,-0.00238774308545,0.00237070099046,-0.00107364930179,0.999993762849,-0.00215863234813
21.698,1790081576.4,0.00173098195725,0.000188324218284,1.00661125987,-0.00261178241627,0.00258601700483,-0.00128080900958,0.99999242529,-0.00257514404235
21.718,1790081576.42,0.0018613956813,0.000325767947426,1.00682160247,-0.00284034088682,0.00280461546642,-0.00150803482296,0.999990896172,-0.00303202651465
21.738,1790081576.44,0.00201387443319,0.000485486655867,1.00704228892,-0.00307451614836,0.00302734964273,-0.00175721892893,0.999989147284,-0.0035330868663
21.758,1790081576.46,0.00219018105325,0.000669316742035,1.00727266328,-0.00331189472109,0.00325210448917,-0.00202661266825,0.999987173923,-0.00407481171628
21.778,1790081576.48,0.00239209297275,0.000879114176304,1.00751302093,-0.00355308467933,0.00347931403698,-0.00231753791436,0.999984949377,-0.0046598598122
21.798,1790081576.5,0.00262140884206,0.00111676362298,1.00776363239,-0.00379861978972,0.00370934939589,-0.00263119577588,0.999982443858,-0.00529064946587
21.818,1790081576.52,0.00287995279059,0.00138418489513,1.00802387937,-0.00404622643912,0.00394026111324,-0.00296578464343,0.999979653051,-0.00596355436703
21.838,1790081576.54,0.00316955697852,0.00168330994986,1.00829425065,-0.00429699822141,0.00417288361127,-0.00332314373078,0.999976539507,-0.00668227413128
21.858,1790081576.56,0.0034920696328,0.00201609584067,1.00857408612,-0.00454839995255,0.00440508569102,-0.00370122261766,0.999973103753,-0.00744267366349
21.878,1790081576.58,0.0038493374355,0.00238450059326,1.00886371546,-0.00480105600635,0.00463732173737,-0.00410129479314,0.999969311774,-0.00824731112897
21.898,1790081576.6,0.00424320981406,0.00279049010389,1.00916343662,-0.00505552698314,0.00486999670058,-0.00452452722876,0.999965126108,-0.00909853272209
21.918,1790081576.62,0.00467554116164,0.00323604256765,1.0094726089,-0.00530946113774,0.00510118061362,-0.00496888360857,0.999960548109,-0.00999222510628
21.938,1790081576.64,0.00514817886512,0.00372313012698,1.00979174623,-0.00556400594161,0.00533175184145,-0.00543623964086,0.999955529791,-0.0109321597987
21.958,1790081576.66,0.00566296557029,0.0042537262732,1.01012015484,-0.00581654891573,0.00555960280277,-0.00592432734144,0.999950079214,-0.0119137477433
21.978,1790081576.68,0.00622172751655,0.0048297868949,1.0104581757,-0.00606776390794,0.00578524010559,-0.00643444718295,0.999944154004,-0.0129395981231
21.998,1790081576.7,0.00682627643538,0.00545325485356,1.01080611349,-0.00631826259679,0.00600912431552,-0.00696779506924,0.999937707967,-0.0140121120772
22.018,1790081576.72,0.0074784096945,0.00612606232837,1.01116328587,-0.00656563757424,0.00622935837814,-0.00752215477645,0.999930749945,-0.0151267993171
22.038,1790081576.74,0.00817990426912,0.00685011787467,1.01153021617,-0.00681110786011,0.00644687994098,-0.0080994820246,0.999923219522,-0.0162875918248
22.058,1790081576.76,0.00893251296276,0.00762730787043,1.01190616354,-0.00705200680728,0.00665961666308,-0.00869733270498,0.999915133954,-0.017489530754
22.078,1790081576.78,0.00973795906499,0.00845948341781,1.01229147005,-0.00728908014767,0.00686814424395,-0.00931706917313,0.999906440687,-0.0187353483111
22.098,1790081576.8,0.0105979358068,0.00934846253976,1.01268643546,-0.00752300281339,0.00707298729472,-0.00995993339758,0.999897083207,-0.0200275369014
22.118,1790081576.82,0.0115141044606,0.0102960304656,1.01309032971,-0.00775133819161,0.00727229467199,-0.0106235563213,0.999887078893,-0.0213612859309
22.138,1790081576.84,0.0124880913963,0.0113039295898,1.01350364433,-0.00797602499812,0.0074677174936,-0.0113099707618,0.999876342745,-0.0227407045232
22.158,1790081576.86,0.0135214899678,0.0123738662675,1.01392559759,-0.00819426047889,0.00765712034604,-0.0120165866672,0.999864902998,-0.0241605257465
22.178,1790081576.88,0.0146158616508,0.0135075023182,1.01435657386,-0.00840623911377,0.00784008051771,-0.0127449036295,0.999852707009,-0.0256237313162
22.198,1790081576.9,0.0157727157095,0.014706444799,1.01479687646,-0.00861254067749,0.00801708527371,-0.0134962356349,0.999839688205,-0.0271329542393
22.218,1790081576.92,0.0169935108002,0.0159722454243,1.01524574002,-0.00881059139467,0.00818574324628,-0.0142681056889,0.999825878964,-0.0286831431487
22.238,1790081576.94,0.0182796504489,0.017306397402,1.01570366703,-0.0090018271515,0.00834749046858,-0.0150625565985,0.999811185124,-0.0302784184553
22.258,1790081576.96,0.0196324734371,0.0187103276802,1.01616984104,-0.00918351080588,0.00850106039497,-0.0158768421861,0.99979563961,-0.0319132045177
22.278,1790081576.98,0.0210532702336,0.0201853953029,1.01664465656,-0.00935655400937,0.00864739577443,-0.0167126005667,0.999779158827,-0.0335907966334
22.298,1790081577,0.0225432710844,0.0217328822271,1.01712836216,-0.00952292928697,0.00878831009003,-0.0175711949799,0.999761637857,-0.0353139795851
22.318,1790081577.02,0.0241036638992,0.0233540097813,1.01762015183,-0.0096803220702,0.00892120421709,-0.0184500325581,0.999743116895,-0.037077465146
22.338,1790081577.04,0.0257355859681,0.0250499388585,1.01812057144,-0.00983057104387,0.00904760000158,-0.0193513934146,0.999723473957,-0.0388858667783
22.358,1790081577.06,0.027440111121,0.026821759112,1.01862879325,-0.00997107688837,0.00916588395095,-0.0202724103773,0.999702752609,-0.0407333601086
22.378,1790081577.08,0.0292182696731,0.0286704979013,1.01914523621,-0.0101018959672,0.0092761402068,-0.0212147293606,0.999680869167,-0.0426232301415
22.398,1790081577.1,0.0310710221679,0.0305970966434,1.01967015444,-0.0102242770774,0.00937979970816,-0.0221797426877,0.999657712685,-0.0445583071499
22.418,1790081577.12,0.0329992694816,0.0326024180975,1.02020274245,-0.0103359774478,0.00947538239176,-0.0231648028148,0.999633321078,-0.0465332144399
22.438,1790081577.14,0.0350038706296,0.0346872573315,1.02074357967,-0.0104381269907,0.00956352829993,-0.0241722000772,0.999607567586,-0.04855256208
22.458,1790081577.16,0.0370856100495,0.0368523162501,1.02129179538,-0.0105275423754,0.00964170789093,-0.0251988535275,0.999580525071,-0.0506100642635
22.478,1790081577.18,0.0392452072738,0.0390982068699,1.02184782646,-0.0106057115285,0.00971096606237,-0.026246631842,0.999552064846,-0.0527095045836
22.498,1790081577.2,0.0414833057424,0.0414254455077,1.02241195923,-0.0106749337378,0.00977329073265,-0.0273170338644,0.999522039896,-0.0548539672514
22.518,1790081577.22,0.0438004864069,0.0438344687689,1.02298338998,-0.0107330370621,0.00982715066059,-0.0284072578244,0.999490498568,-0.0570377688501
22.538,1790081577.24,0.0461972855876,0.0463256448336,1.02356274099,-0.0107812513308,0.0098732605936,-0.0295197112045,0.999457287729,-0.0592657658126
22.558,1790081577.26,0.048674160069,0.0488992441193,1.02414912527,-0.0108166135564,0.00990890441041,-0.0306511842599,0.999422492937,-0.0615314161833
22.578,1790081577.28,0.0512314972089,0.0515554501691,1.02474301998,-0.0108406453634,0.0099352983709,-0.0318036373479,0.999385960931,-0.0638387014745
22.598,1790081577.3,0.0538696071463,0.0542943553123,1.02534476881,-0.0108546973267,0.00995396344264,-0.0329785339896,0.999347542376,-0.0661906158877
22.618,1790081577.32,0.056588725224,0.0571159598149,1.02595357747,-0.0108566776274,0.00996368201318,-0.0341729711296,0.999307292896,-0.0685812864028
22.638,1790081577.34,0.0593890355758,0.0600201872978,1.02657010892,-0.010848686424,0.0099660291278,-0.0353895683892,0.999265011254,-0.0710160400059
22.658,1790081577.36,0.0622706431343,0.0630068649742,1.02719349668,-0.0108282397129,0.00995927914587,-0.0366250414138,0.999220780571,-0.0734882233859
22.678,1790081577.38,0.0652335972478,0.0660757386941,1.02782425764,-0.0107970367034,0.00994462102976,-0.0378814338205,0.999174421952,-0.0760019972535
22.698,1790081577.4,0.0682778813319,0.0692264689194,1.02846276888,-0.010756426436,0.00992299183805,-0.0391602493143,0.999125772061,-0.0785604309596
22.718,1790081577.42,0.0714034067699,0.0724586294104,1.02910825041,-0.0107042617084,0.00989288046176,-0.040458450217,0.99907490385,-0.0811573804338
22.738,1790081577.44,0.0746100356674,0.0757717222853,1.02976140899,-0.0106427337607,0.00985581095693,-0.0417787593788,0.99902158659,-0.0837983881367
22.758,1790081577.46,0.07789755213,0.0791651594367,1.03042139526,-0.0105693589551,0.0098100571039,-0.0431177560377,0.998965920612,-0.0864765344803
22.778,1790081577.48,0.0812656863707,0.082638276886,1.0310887724,-0.0104859789764,0.00975690396633,-0.0444775877813,0.998907699067,-0.0891962010315
22.798,1790081577.5,0.0847141049658,0.0861903321937,1.0317639531,-0.0103940650888,0.00969738381037,-0.0458598086594,0.998846736045,-0.0919605693045
22.818,1790081577.52,0.0882424059354,0.0898205048728,1.03244617644,-0.0102915160594,0.0096300605829,-0.047261256301,0.998783119743,-0.0947632551527
22.838,1790081577.54,0.0918501417061,0.093527910168,1.03313619457,-0.0101806948536,0.00955656310287,-0.0486847787402,0.99871658536,-0.0976100635409
22.858,1790081577.56,0.0955367919147,0.0973115839889,1.03383317594,-0.0100591562526,0.00947521967912,-0.050126817134,0.998647252933,-0.100493807585
22.878,1790081577.58,0.0993017869486,0.101170495028,1.03453771976,-0.00992888804535,0.00938738438284,-0.0515896022816,0.998574888095,-0.103419045275
22.898,1790081577.6,0.103144499456,0.105103544732,1.03525027545,-0.00979150668852,0.00929415509431,-0.0530747639924,0.998499281174,-0.106389118686
22.918,1790081577.62,0.107064240588,0.109109569979,1.03597009925,-0.00964494763739,0.00919412705793,-0.0545790149412,0.998420539723,-0.1093974013
22.938,1790081577.64,0.111060281615,0.113187353961,1.0366979763,-0.00949172116766,0.00908897598645,-0.0561053122704,0.998338365325,-0.112449923759
22.958,1790081577.66,0.115131829318,0.117335616265,1.03743308894,-0.00932939743831,0.00897705039377,-0.0576499563567,0.998252902546,-0.115539224544
22.978,1790081577.68,0.119278047352,0.121553020869,1.03817606417,-0.00916009603484,0.00885974200094,-0.0592152656788,0.99816388931,-0.118670043248
22.998,1790081577.7,0.123498049418,0.125838179349,1.03892737473,-0.00898554877473,0.00873818054208,-0.0608029302833,0.998071093551,-0.121845847583
23.018,1790081577.72,0.127790896982,0.130189656191,1.03968628768,-0.00880370455052,0.00861097966114,-0.0624095364635,0.997974646759,-0.125059763918
23.038,1790081577.74,0.13215561833,0.134605975201,1.04045361123,-0.00861721038659,0.00847984667434,-0.0640381587926,0.997874215572,-0.128318061941
23.058,1790081577.76,0.136591187689,0.139085616109,1.04122853491,-0.00842363062164,0.0083431461522,-0.065684958328,0.997769973796,-0.131613006772
23.078,1790081577.78,0.14109654324,0.143627016884,1.04201170141,-0.00822519907557,0.00820229134745,-0.0673523416983,0.997661631308,-0.134949517335
23.098,1790081577.8,0.145670582479,0.148228580759,1.04280359377,-0.00802373999172,0.00805842613287,-0.0690420546612,0.997548934165,-0.138331174928
23.118,1790081577.82,0.150312161684,0.152888684387,1.04360348095,-0.00781718877955,0.00791017618776,-0.0707505552084,0.997432042602,-0.141750852996
23.138,1790081577.84,0.15502011141,0.157605678489,1.04441218064,-0.00760830864368,0.00775926111496,-0.0724810345072,0.997310587101,-0.145215055722
23.158,1790081577.86,0.15979322028,0.162377891966,1.04522887987,-0.00739462775812,0.00760405574257,-0.0742295100518,0.997184776084,-0.148715764431
23.178,1790081577.88,0.164630248626,0.167203627234,1.04605422146,-0.00717846418796,0.00744597166098,-0.075998464636,0.997054291667,-0.152258050626
23.198,1790081577.9,0.169529926453,0.172081171399,1.04688868931,-0.0069617219454,0.00728615694337,-0.0777897121186,0.996918856795,-0.155845632196
23.218,1790081577.92,0.1744909548,0.177008807365,1.04773154498,-0.00674229483411,0.00712324584521,-0.0795995812796,0.996778665246,-0.159471126089
23.238,1790081577.94,0.179512016943,0.181984807794,1.04858359999,-0.00652303144754,0.00695894581729,-0.0814313664514,0.996633310547,-0.163141242127
23.258,1790081577.96,0.184591767518,0.187007447222,1.04944403074,-0.00630139537271,0.006791641341,-0.0832809435751,0.996483040729,-0.166847680279
23.278,1790081577.98,0.189728841081,0.192074989571,1.05031347289,-0.00607978004874,0.00662273444324,-0.0851508897383,0.996327507218,-0.17059570004
23.298,1790081578,0.194921852929,0.197185703658,1.05119239991,-0.00586014439123,0.00645336156935,-0.0870430842826,0.996166408945,-0.174389149679
23.318,1790081578.02,0.200169402716,0.202337877098,1.05208010488,-0.00564047745328,0.00628226228506,-0.0889539411412,0.995999957103,-0.178220822043
23.338,1790081578.04,0.205470073676,0.207529804562,1.05297735239,-0.00542374701299,0.00611300134766,-0.0908866984421,0.995827707101,-0.182097339268
23.358,1790081578.06,0.21082245991,0.212759806844,1.05388329795,-0.00520724104869,0.00594331318308,-0.092837079959,0.995649957693,-0.186010084673
23.378,1790081578.08,0.216225162133,0.218026209751,1.05479856552,-0.0049931901773,0.00577209847636,-0.0948077938554,0.995466339539,-0.189964543234
23.398,1790081578.1,0.221676755101,0.223327364279,1.05572354413,-0.00478335297403,0.00560006346539,-0.096800467528,0.995276558706,-0.193964050511
23.418,1790081578.12,0.227175795357,0.228661661418,1.05665751245,-0.00457567916582,0.00542665840419,-0.098811416045,0.995080860331,-0.198001212737
23.438,1790081578.14,0.232720833497,0.234027513218,1.05760121868,-0.0043730611042,0.00525390045787,-0.100844012754,0.994878765457,-0.202082901127
23.458,1790081578.16,0.238310421271,0.239423379428,1.05855379832,-0.00417270185885,0.0050794391756,-0.102893860036,0.994670619564,-0.206200260094
23.478,1790081578.18,0.243943094035,0.244847738994,1.05951589726,-0.00397726354993,0.00490514498968,-0.104963936861,0.994455978355,-0.210359364836
23.498,1790081578.2,0.249617378584,0.250299111523,1.06048786797,-0.00378976666696,0.00473409195065,-0.107056134117,0.994234484511,-0.214564117141
23.518,1790081578.22,0.255331834336,0.255776090723,1.06146896787,-0.00360757069506,0.00456490453865,-0.109166556511,0.994006443651,-0.218806681965
23.538,1790081578.24,0.261085035344,0.261277312582,1.06245996834,-0.00343288203153,0.00440026437561,-0.111298672854,0.993771331049,-0.223094121747
23.558,1790081578.26,0.266875596319,0.266801477813,1.06345998907,-0.0032624014735,0.00423742238648,-0.11344792872,0.993529550873,-0.227417257673
23.578,1790081578.28,0.272702150028,0.272347314322,1.06446962779,-0.00309853815783,0.00407596489223,-0.115617272782,0.99328064101,-0.231782081512
23.598,1790081578.3,0.278563328122,0.277913607484,1.06548925796,-0.0029432543587,0.00391823707925,-0.11780855234,0.993024234179,-0.236192392381
23.618,1790081578.32,0.284457800982,0.283499217546,1.066518094,-0.00279413610682,0.00376227030474,-0.120017753044,0.992760684697,-0.240640116426
23.638,1790081578.34,0.290384251382,0.289103048837,1.06755684976,-0.00265419014093,0.00361031000601,-0.122248478418,0.992489410755,-0.245132596895
23.658,1790081578.36,0.296341404189,0.294724086654,1.06860464538,-0.00252081539273,0.00345935281517,-0.124496019123,0.992210874558,-0.249660350854
23.678,1790081578.38,0.302327994944,0.300361363139,1.06966205482,-0.0023963847265,0.00330934429553,-0.126763432806,0.991924562496,-0.254229603666
23.698,1790081578.4,0.308342766167,0.306013987823,1.07072939144,-0.00228228701768,0.00316105440016,-0.129052522646,0.991630094995,-0.258844057002
23.718,1790081578.42,0.314384479566,0.311681161898,1.07180586011,-0.0021757937001,0.00301364207118,-0.131359200069,0.991327869295,-0.263495497529
23.738,1790081578.44,0.320451908032,0.317362139539,1.07289215392,-0.00207976318432,0.0028688857479,-0.13368712287,0.991017253764,-0.268191385128
23.758,1790081578.46,0.326543854407,0.32305627114,1.07398736724,-0.00199101163911,0.00272569630725,-0.136031540259,0.99069875669,-0.272922164959
23.778,1790081578.48,0.332659136972,0.328762954242,1.07509210241,-0.00191219471883,0.00258558107243,-0.138395702521,0.990371792715,-0.277694475025
23.798,1790081578.5,0.338796606985,0.334481668156,1.07620668357,-0.00184502177053,0.00244953532469,-0.140781428793,0.990035951356,-0.282512061798
23.818,1790081578.52,0.34495516043,0.340211993034,1.07733030891,-0.00178671979568,0.00231647422433,-0.143184505868,0.989691688789,-0.287366457237
23.838,1790081578.54,0.351133722847,0.345953567773,1.07846367417,-0.00174015059541,0.00218774835024,-0.145608709285,0.989338308878,-0.292265370511
23.858,1790081578.56,0.357331269042,0.351706136447,1.07960586247,-0.00170187484561,0.00206195468851,-0.148049146057,0.988976391183,-0.297198954223
23.878,1790081578.58,0.363546801242,0.357469494528,1.08075747427,-0.00167445643765,0.00194023381333,-0.150509139034,0.988605295735,-0.302174005751
23.898,1790081578.6,0.369779366236,0.363243524512,1.08191883616,-0.00165950413954,0.00182332996144,-0.152990566917,0.988224573641,-0.30719440427
23.918,1790081578.62,0.376028066347,0.36902821484,1.08308913798,-0.00165399542949,0.00171007723257,-0.155489093806,0.987834744096,-0.312251431619
23.938,1790081578.64,0.382292040118,0.374823614284,1.08426907976,-0.00166073256123,0.00160167282417,-0.158008582956,0.987435043091,-0.317352994093
23.958,1790081578.66,0.38857048466,0.380629879522,1.08545773657,-0.00167602637125,0.00149674260563,-0.160544003518,0.987026126114,-0.322488961503
23.978,1790081578.68,0.394862630183,0.386447218071,1.08665571767,-0.00170239803461,0.00139634012244,-0.163098763331,0.986607290402,-0.327666323229
23.998,1790081578.7,0.401167758611,0.392275924296,1.08786335358,-0.00174137597945,0.0013011514244,-0.165674769544,0.986178049518,-0.332889033551
24.018,1790081578.72,0.407485214956,0.398116397612,1.08907982926,-0.00178972292125,0.00121006847482,-0.168267569327,0.985738990676,-0.338148134836
24.038,1790081578.74,0.413814385571,0.403969094902,1.09030586128,-0.00185022995468,0.0011242115501,-0.170881135848,0.98528927235,-0.343451781434
24.058,1790081578.76,0.420154722837,0.409834577993,1.09154051802,-0.00191897542137,0.0010422781994,-0.173510303368,0.984829632888,-0.348789563684
24.078,1790081578.78,0.426505717183,0.415713455028,1.09278442253,-0.00199844539087,0.000965239072668,-0.176158553305,0.984359303622,-0.354168644665
24.098,1790081578.8,0.432866916556,0.421606415883,1.09403792146,-0.00209012507548,0.000893728351565,-0.178827858554,0.983877751365,-0.359593132996
24.118,1790081578.82,0.439237938034,0.427514249627,1.09530019498,-0.00219056492972,0.000826694361862,-0.181513651875,0.983385637573,-0.365053834003
24.138,1790081578.84,0.445618444338,0.433437796383,1.0965719781,-0.00230253355248,0.000765161984859,-0.184219992651,0.982882041333,-0.370559107204
24.158,1790081578.86,0.452008169627,0.439377992911,1.09785233123,-0.00242187608793,0.000707898507222,-0.186941584204,0.982367791355,-0.376098267772
24.178,1790081578.88,0.458406889917,0.445335814118,1.09914189763,-0.00255105740994,0.00065578670472,-0.18968199107,0.981842046519,-0.381678676506
24.198,1790081578.9,0.464814442814,0.451312307147,1.10044103736,-0.00269150506956,0.000609396777843,-0.192443221903,0.981304229472,-0.387304538664
24.218,1790081578.92,0.471230738828,0.457308607434,1.10174892305,-0.00283956288322,0.000567736026393,-0.195220598271,0.980755082867,-0.392966425679
24.238,1790081578.94,0.477655737034,0.46332589151,1.10306631398,-0.00299800099132,0.000531735433905,-0.1980182799,0.980193598262,-0.398672936085
24.258,1790081578.96,0.484089470879,0.469365419284,1.1043922583,-0.0031624427498,0.000500237625248,-0.200830844051,0.979620702515,-0.404413115484
24.278,1790081578.98,0.490532018101,0.475428477427,1.10572742114,-0.00333534714902,0.00047403681199,-0.203661938324,0.979035477205,-0.410194526818
24.298,1790081579,0.496983520022,0.481516411286,1.10707218195,-0.00351812391728,0.000453646494722,-0.206513640884,0.978437291367,-0.416021543947
24.318,1790081579.02,0.50344419237,0.487630639535,1.10842569943,-0.0037069183177,0.00043813510952,-0.20938116062,0.977826976705,-0.421884497508
24.338,1790081579.04,0.509914301026,0.493772609308,1.10978875189,-0.00390449053818,0.000428330482449,-0.212268723176,0.977203438721,-0.427792159794
24.358,1790081579.06,0.516394186454,0.499943833506,1.11116036701,-0.00410624625872,0.000423149943772,-0.215170775181,0.976567712549,-0.433733292479
24.378,1790081579.08,0.522884234288,0.506145837682,1.11254122827,-0.00431464291479,0.000423294485993,-0.218091030487,0.975918801489,-0.439715630587
24.398,1790081579.1,0.529384893415,0.512380188996,1.11393172547,-0.00453106288742,0.000429212321796,-0.2210315987,0.975256026704,-0.445743641552
24.418,1790081579.12,0.535896685763,0.518648508934,1.115330997,-0.00475147784945,0.00044003582929,-0.223987585777,0.974580315441,-0.451807430382
24.438,1790081579.14,0.542420183214,0.52495243223,1.11673984479,-0.00497869039109,0.000456498051894,-0.226963317314,0.973890474769,-0.457916017527
24.458,1790081579.16,0.548956029506,0.531293638298,1.11815726974,-0.00520792289526,0.000477595852939,-0.229953125573,0.973187653786,-0.464057908372
24.478,1790081579.18,0.555504917195,0.537673805157,1.11958402739,-0.00544104628095,0.000502933398751,-0.232960843963,0.972470764215,-0.470241114273
24.498,1790081579.2,0.562067576182,0.544094623762,1.12102038608,-0.00568088440423,0.000535256002958,-0.235988507794,0.971739093195,-0.47647000365
24.518,1790081579.22,0.568644827667,0.550557826661,1.12246547212,-0.0059230836175,0.000573508636185,-0.239031135229,0.97099366865,-0.482734480798
24.538,1790081579.24,0.575237555054,0.55706514793,1.12392010341,-0.00616968290679,0.000617369053493,-0.242092868269,0.970233269375,-0.489043226398
24.558,1790081579.26,0.581846711014,0.563618337908,1.12538329504,-0.00641574154675,0.000663972496504,-0.245168157686,0.969459113041,-0.495384938722
24.578,1790081579.28,0.588473272036,0.570219132465,1.12685584911,-0.00666321954708,0.000713389418978,-0.248261069041,0.968669982078,-0.50176815454
24.598,1790081579.3,0.595118234545,0.576869261492,1.12833803615,-0.00691496141064,0.000769333242736,-0.251373692613,0.967865103254,-0.508197405981
24.618,1790081579.32,0.601782689003,0.583570476112,1.12982904905,-0.00716532122121,0.000829337316774,-0.254501016866,0.967045605329,-0.514662494239
24.638,1790081579.34,0.608467758571,0.590324499613,1.13132966918,-0.00741696332815,0.000893969868213,-0.25764720061,0.966210178735,-0.521172193905
24.658,1790081579.36,0.61517461825,0.597133042115,1.13283880834,-0.00766558060835,0.000961607024468,-0.260806527602,0.965360175969,-0.527714837228
24.678,1790081579.38,0.621904470517,0.603997783803,1.13435727055,-0.00791354053808,0.00103269177464,-0.263983122827,0.964494282143,-0.534299139958
24.698,1790081579.4,0.628658548619,0.610920383341,1.13588543062,-0.00816258633652,0.00110887205972,-0.267179185584,0.963611656933,-0.540929876315
24.718,1790081579.42,0.635438142075,0.617902480139,1.13742242379,-0.0084102937639,0.00118968525795,-0.270389734157,0.962713479323,-0.547596901545
24.738,1790081579.44,0.642244587208,0.624945697951,1.13896896839,-0.00865873668256,0.00127609433393,-0.273618869471,0.961798373949,-0.554308935915
24.758,1790081579.46,0.649079275755,0.632051640901,1.14052392084,-0.00890184388315,0.00136763604554,-0.276860749565,0.960867843201,-0.561054035949
24.778,1790081579.48,0.655943642088,0.639221855325,1.14208806069,-0.00914202500414,0.00146458606109,-0.280119634558,0.959920449153,-0.567841256217
24.798,1790081579.5,0.662839166799,0.646457841575,1.14366170125,-0.00938036107087,0.00156680467266,-0.283397293976,0.95895543573,-0.574674491788
24.818,1790081579.52,0.669767377295,0.6537610536,1.14524398152,-0.00961412532409,0.00167260848199,-0.286688713065,0.957974087737,-0.581543472968
24.838,1790081579.54,0.676729831103,0.661132908187,1.1468356733,-0.00984560293319,0.00178245527677,-0.289998236932,0.956974874034,-0.588457478872
24.858,1790081579.56,0.683728115945,0.668574776401,1.14843559589,-0.0100688286339,0.00189599028674,-0.293319969218,0.9559594236,-0.595404407665
24.878,1790081579.58,0.690763846133,0.676087955018,1.15004454453,-0.0102864802538,0.00201358655521,-0.296658245175,0.954926185295,-0.60239353291
24.898,1790081579.6,0.697838661078,0.683673679971,1.15166275269,-0.0104982981089,0.00213607480719,-0.300014941721,0.953874340606,-0.609429033954
24.918,1790081579.62,0.704954231313,0.691333105254,1.15328928144,-0.0107008168801,0.00226242338936,-0.303385001591,0.952805286913,-0.616500526475
24.938,1790081579.64,0.71211225331,0.699067305152,1.1549250046,-0.0108981690681,0.00239224733711,-0.30677276732,0.951717382575,-0.623617331744
24.958,1790081579.66,0.719314435292,0.706877283032,1.15656875211,-0.0110857354916,0.00252462283932,-0.310172173961,0.950612410632,-0.630766927112
24.978,1790081579.68,0.726562499972,0.714763964873,1.15822134501,-0.0112667871376,0.00265965557747,-0.313587598812,0.949488706416,-0.637958735143
24.998,1790081579.7,0.733858179786,0.722728206908,1.15988310366,-0.0114426484546,0.0027973766543,-0.317020873916,0.948345404366,-0.645196861827
25.018,1790081579.72,0.74120321418,0.730770797551,1.16155301476,-0.0116088815235,0.00293730291078,-0.32046688771,0.947184026472,-0.652470774861
25.038,1790081579.74,0.748599355875,0.73889245083,1.16323191893,-0.0117685004069,0.00307958243127,-0.323930072195,0.946002815481,-0.659790069844
25.058,1790081579.76,0.756048350287,0.747093795793,1.16491859787,-0.011916179551,0.00322366180419,-0.327404276475,0.944803711051,-0.667141990818
25.078,1790081579.78,0.76355194778,0.755375370464,1.1666138921,-0.012055159854,0.00336962498898,-0.330893946698,0.943584927172,-0.674536180399
25.098,1790081579.8,0.771111892352,0.763737626866,1.16831812429,-0.0121868546133,0.00351743479175,-0.334400908466,0.942345552674,-0.681976774192
25.118,1790081579.82,0.778729916557,0.772180933431,1.17003025453,-0.0123069130918,0.00366660815443,-0.337919967405,0.941087239051,-0.689453013092
25.138,1790081579.84,0.786407755193,0.780705573359,1.17175115297,-0.0124186332839,0.00381715229253,-0.341455639759,0.939808093694,-0.696974748563
25.158,1790081579.86,0.794147114719,0.789311732579,1.17347957276,-0.012516774375,0.00396853177031,-0.345001674674,0.938510216027,-0.704528943564
25.178,1790081579.88,0.801949695377,0.797999498493,1.17521637979,-0.0126048053052,0.00412070273751,-0.348562572199,0.937191694348,-0.712125434511
25.198,1790081579.9,0.809817173418,0.806768864929,1.17696191081,-0.012684310496,0.00427354551368,-0.352140173741,0.935851560406,-0.719768437064
25.218,1790081579.92,0.817751193856,0.815619735734,1.17871510606,-0.0127509767813,0.00442660748737,-0.355729192377,0.934491604793,-0.727446937477
25.238,1790081579.94,0.825753391891,0.824551925523,1.18047686196,-0.0128082663642,0.00457979297053,-0.359334185216,0.933109809799,-0.735170961123
25.258,1790081579.96,0.83382535254,0.833565147509,1.18224591187,-0.0128509503679,0.00473262469239,-0.362948800007,0.931708443619,-0.742927177646
25.278,1790081579.98,0.841968642643,0.842659013785,1.18402315271,-0.0128826710867,0.00488496126559,-0.366577596914,0.930285461232,-0.750725640529
25.298,1790081580,0.850184786922,0.851833041312,1.18580894255,-0.0129051580536,0.00503662365366,-0.370222443025,0.928839831187,-0.758570672158
25.318,1790081580.02,0.858475258863,0.861086657045,1.18760221174,-0.0129141329856,0.00518720946885,-0.373877967435,0.927373486517,-0.766451014559
25.338,1790081580.04,0.866841509754,0.870419198886,1.1894038882,-0.0129132211593,0.00533653087702,-0.377548776813,0.92588427532,-0.774376895903
25.358,1790081580.06,0.875284919223,0.879829906053,1.19121269473,-0.0128972168634,0.00548418189612,-0.381228420638,0.924374640957,-0.782334689166
25.378,1790081580.08,0.883806836646,0.8893179181,1.19302956091,-0.0128699304043,0.00562992763088,-0.384921512872,0.922842401353,-0.790334662216
25.398,1790081580.1,0.892408551643,0.898882283711,1.19485486964,-0.012833237844,0.00577353425117,-0.388629944063,0.921286459732,-0.798381245645
25.418,1790081580.12,0.901091283429,0.908521967955,1.19668754823,-0.0127829046734,0.00591466029417,-0.392348256602,0.919708899426,-0.806462923006
25.438,1790081580.14,0.909856216812,0.918235851163,1.1985285539,-0.0127227048506,0.0060530290096,-0.396081088543,0.91810743648,-0.814590097101
25.458,1790081580.16,0.918704444929,0.928022724587,1.20037660649,-0.0126474686111,0.00618831935992,-0.399821892737,0.91648469727,-0.822748836875
25.478,1790081580.18,0.927637018886,0.937881285202,1.20223266617,-0.0125611644309,0.00632020652034,-0.403575325381,0.914838362161,-0.830949611001
25.498,1790081580.2,0.936654913644,0.947810149074,1.20409713808,-0.0124658003634,0.0064484081186,-0.407343280617,0.913167275799,-0.839196921395
25.518,1790081580.22,0.945759016437,0.957807861258,1.20596895434,-0.01235720555,0.0065726590159,-0.411120227357,0.911473673938,-0.847479012663
25.538,1790081580.24,0.954950168628,0.967872890358,1.20784910506,-0.0122393226566,0.00669259872789,-0.414910860975,0.909755123947,-0.855806530696
25.558,1790081580.26,0.964229102482,0.97800363234,1.20973631473,-0.0121070374504,0.00680801049685,-0.418708551161,0.908014438113,-0.86416525857
25.578,1790081580.28,0.973596497445,0.988198398331,1.21163157217,-0.0119644719517,0.00691848418144,-0.422517999467,0.906249152338,-0.872565885208
25.598,1790081580.3,0.983052942794,0.998455434266,1.21353530356,-0.0118137582031,0.00702369704653,-0.426341103576,0.904458051099,-0.881012990586
25.618,1790081580.32,0.992598925749,1.00877293386,1.21544644969,-0.011650789832,0.00712347976045,-0.430172262869,0.902643528416,-0.889494580042
25.638,1790081580.34,1.00223487766,1.01914902663,1.21736602817,-0.0114796596457,0.00721739245702,-0.434016223205,0.900802999915,-0.898021541404
25.658,1790081580.36,1.01196110714,1.02958179221,1.21929277158,-0.0112953089797,0.00730534597188,-0.437866274405,0.89893947163,-0.906579367397
25.678,1790081580.38,1.02177786081,1.04006923849,1.22122769105,-0.0111019947749,0.00738684937167,-0.441727156666,0.897050332608,-0.915178965926
25.698,1790081580.4,1.0316852844,1.05060932895,1.22317123277,-0.010901973451,0.00746154843974,-0.445600784498,0.895134298932,-0.923825031905
25.718,1790081580.42,1.04168341118,1.061199999,1.22512234756,-0.0106912022336,0.00752939372124,-0.449481491495,0.893193929239,-0.932505330056
25.738,1790081580.44,1.05177219536,1.07183913566,1.22708192086,-0.0104749102675,0.00759298636017,-0.453373945809,0.891226507727,-0.941230820758
25.758,1790081580.46,1.06195150844,1.08252460045,1.22904878135,-0.0102474858871,0.00765061910377,-0.457271434611,0.889235228806,-0.949986805824
25.778,1790081580.48,1.07222116429,1.0932541966,1.23102402594,-0.0100127967822,0.00770011968388,-0.46117880047,0.887217316138,-0.958784515773
25.798,1790081580.5,1.08258086169,1.1040257075,1.2330081258,-0.00977296199573,0.00774028375056,-0.465097969143,0.885171427646,-0.967628728935
25.818,1790081580.52,1.09303016944,1.1148369186,1.23500004169,-0.00952399897558,0.00777116874244,-0.469023216778,0.883100291305,-0.976506976433
25.838,1790081580.54,1.1035685667,1.12568559879,1.23700078661,-0.00926871835507,0.00779634134608,-0.472959182119,0.881001089654,-0.98543033014
25.858,1790081580.56,1.11419543581,1.13656948522,1.23900920448,-0.00900263816667,0.00781245659389,-0.476899180432,0.878877175566,-0.994383966208
25.878,1790081580.58,1.12491007417,1.1474862695,1.24102638161,-0.00873089157746,0.00781623490214,-0.480848138127,0.876725581961,-1.00337944258
25.898,1790081580.6,1.13571162677,1.15843366402,1.24305261941,-0.00845665539604,0.00780830608401,-0.484807508187,0.874545136252,-1.01242061485
25.918,1790081580.62,1.14659912286,1.16940942205,1.24508703923,-0.00817571634808,0.00778712853238,-0.48877183696,0.872338586608,-1.0214954604
25.938,1790081580.64,1.15757147183,1.18041130453,1.24713055312,-0.0078929165452,0.0077546664272,-0.492745684192,0.870103015583,-1.03061499349
25.958,1790081580.66,1.1686274466,1.19143711975,1.2491820016,-0.00760521524695,0.00771300064291,-0.496722539526,0.867841799552,-1.03976481363
25.978,1790081580.68,1.17976576139,1.20248467838,1.25124242901,-0.00731679925619,0.00766246692655,-0.500707560407,0.865551668013,-1.04895730236
25.998,1790081580.71,1.19098504134,1.21355183701,1.25331215802,-0.00702895042474,0.00760287541924,-0.504702098601,0.863231476377,-1.05819613684
26.018,1790081580.72,1.2022838248,1.22463649885,1.25539021494,-0.00673909014941,0.00753056632242,-0.508700633487,0.860884162199,-1.06746896466
26.038,1790081580.75,1.21366055462,1.23573662063,1.25747757611,-0.00645032774234,0.00744677901154,-0.512707659737,0.858506723562,-1.07678679947
26.058,1790081580.76,1.22511355108,1.24685024399,1.25957309246,-0.00615724031034,0.0073539268904,-0.516716633674,0.856102755886,-1.08613499959
26.078,1790081580.79,1.2366410737,1.25797540678,1.26167784179,-0.00586423455632,0.00725193173675,-0.520732693936,0.853668836086,-1.09552609221
26.098,1790081580.81,1.24824129593,1.26911020483,1.26379216607,-0.00557342657372,0.00714034503461,-0.524757154406,0.851203783643,-1.10496375045
26.118,1790081580.83,1.25991230272,1.28025280791,1.26591525839,-0.00528379739513,0.00701893204261,-0.528784569464,0.848710607436,-1.11443576595
26.138,1790081580.85,1.27165212885,1.29140144571,1.26804799138,-0.00499827875271,0.00688696421838,-0.532819376539,0.846186208182,-1.1239531514
26.158,1790081580.87,1.28345871477,1.30255446052,1.27018914415,-0.0047111836593,0.00674538781975,-0.536854937524,0.843634447227,-1.13350081856
26.178,1790081580.89,1.29532994208,1.31371021299,1.27233975968,-0.00442683626047,0.00659320423042,-0.54089638618,0.841051741688,-1.14309147671
26.198,1790081580.91,1.30726361047,1.32486715404,1.27450016913,-0.00414742067539,0.00642999818706,-0.544945042737,0.838436851779,-1.15272891109
26.218,1790081580.93,1.31925744085,1.33602384951,1.27666945516,-0.00386963420755,0.00625655562994,-0.548995536296,0.835792906508,-1.16240096334
26.238,1790081580.95,1.33130910136,1.3471789189,1.27884853451,-0.00359778468688,0.0060720543958,-0.553052232148,0.833116687275,-1.17211868462
26.258,1790081580.97,1.34341618066,1.35833111758,1.2810362419,-0.00332744953403,0.00587772147879,-0.557108417776,0.830412302,-1.18186661711
26.278,1790081580.99,1.35557621891,1.36947924417,1.28323361383,-0.00306357961985,0.00567255104023,-0.56116921381,0.82767599344,-1.19165767676
26.298,1790081581.01,1.36778669725,1.38062222137,1.2854409681,-0.0028083695152,0.00545629578688,-0.565235919078,0.824906478142,-1.20149570138
26.318,1790081581.03,1.38004504427,1.39175911891,1.28765738768,-0.00255836745745,0.00523012105245,-0.569303153242,0.822107061336,-1.21136835315
26.338,1790081581.05,1.39234865421,1.40288908363,1.28988377321,-0.00231768716131,0.00499321996991,-0.57337529546,0.819274353704,-1.22128693634
26.358,1790081581.07,1.40469487116,1.41401142202,1.29211901596,-0.00208293574644,0.00474699094721,-0.577445568044,0.816412728589,-1.23123561109
26.378,1790081581.09,1.41708098902,1.42512552306,1.29436140804,-0.001858173123,0.00449046437986,-0.581519099499,0.813518235714,-1.24122756483
26.398,1790081581.11,1.42950423207,1.43623093493,1.29660405967,-0.00164478505123,0.00422345267094,-0.585597218342,0.810589510788,-1.2512668132
26.418,1790081581.13,1.4419618843,1.44732741036,1.29884528285,-0.00142541427169,0.00395175360214,-0.58967336319,0.807630903682,-1.26133795246
26.438,1790081581.15,1.45445120561,1.45841475492,1.30108523166,-0.00116810869238,0.00368564888731,-0.593748748853,0.804641208707,-1.27144470714
26.458,1790081581.17,1.466969277,1.4694924453,1.30332338366,-0.000867155458914,0.00342721780806,-0.597815718819,0.801625765899,-1.2815686405
26.478,1790081581.19,1.4795130088,1.48055962334,1.30556055974,-0.000531378533201,0.00317450866332,-0.601876709763,0.798582535732,-1.29171628467
26.498,1790081581.21,1.49207916843,1.49161521242,1.30779717733,-0.00017147014225,0.00292525138726,-0.605931255927,0.79551161311,-1.3018869802
26.518,1790081581.23,1.50466441935,1.50265801515,1.31003293473,0.000205648860368,0.00267828958846,-0.609973639262,0.792417152691,-1.31206681496
26.538,1790081581.25,1.51726534812,1.51368673972,1.31226854367,0.000590571128159,0.00243157372231,-0.61400636669,0.78929710524,-1.32226250061
26.558,1790081581.27,1.52987849615,1.52470010601,1.31450352688,0.000980914413259,0.00218505718107,-0.618023074151,0.786156309616,-1.33245830024
26.578,1790081581.29,1.54250036694,1.53569681727,1.31673861436,0.00137064372548,0.00193733379039,-0.622027194246,0.782992041909,-1.34266324449
26.598,1790081581.31,1.55512744907,1.54667563351,1.31897411551,0.00175648769999,0.00168779977146,-0.626019187711,0.779803848863,-1.35287889399
26.618,1790081581.33,1.56775623021,1.5576353982,1.32120963484,0.00213914944324,0.00143706441841,-0.629994229765,0.776595537811,-1.36309322557
26.638,1790081581.35,1.58038319137,1.56857499915,1.32344576206,0.00251549325775,0.00118441369911,-0.633955462207,0.77336455918,-1.37331461662
26.658,1790081581.37,1.59300482813,1.5794934299,1.32568193374,0.00288752673721,0.000930910306147,-0.637897204806,0.77011554438,-1.38352867372
26.678,1790081581.39,1.60561763437,1.59038972547,1.32791876035,0.00325206231975,0.000675787704845,-0.641823294731,0.766845372772,-1.39374558027
26.698,1790081581.41,1.61821812439,1.60126301785,1.33015645103,0.00360743771718,0.000418887836578,-0.645734601177,0.763553295958,-1.40396791968
26.718,1790081581.43,1.63080284455,1.61211255159,1.33239453473,0.00395513779382,0.000161200394759,-0.649626744688,0.760243002918,-1.41418450792
26.738,1790081581.45,1.64336835944,1.62293763667,1.33463350004,0.00429240080032,-9.7851319592e-05,-0.653503095232,0.756911666076,-1.42440444368
26.758,1790081581.47,1.65591128231,1.63373770928,1.33687272235,0.00462130788994,-0.000356981787639,-0.657358352037,0.753563874588,-1.43461396473
26.778,1790081581.49,1.66842825016,1.64451226369,1.33911272241,0.00493870807572,-0.000616957303865,-0.661196502693,0.750196249892,-1.44482383123
26.798,1790081581.51,1.68091595317,1.65526090863,1.34135363392,0.00524294839684,-0.000877907498711,-0.665018583677,0.746807889711,-1.45503709041
26.818,1790081581.53,1.69337114807,1.66598338237,1.34359493446,0.00553550984497,-0.00113872026356,-0.668820473445,0.74340247225,-1.46524295823
26.838,1790081581.55,1.70579063847,1.67667950325,1.34583704004,0.00581370237377,-0.00140000739729,-0.6726056113,0.739976981055,-1.47545089583
26.858,1790081581.57,1.71817131348,1.68734923086,1.34807928641,0.00607966722556,-0.00166034287511,-0.676368932015,0.736536047124,-1.48564742911
26.878,1790081581.59,1.73051011441,1.69799259522,1.35032213117,0.00633038800618,-0.00192054843796,-0.680114438844,0.733076113209,-1.49584358635
26.898,1790081581.61,1.74280406969,1.70860975267,1.35256565953,0.00656434913832,-0.00218075108338,-0.683843238221,0.729596175418,-1.50604265728
26.918,1790081581.63,1.75505030888,1.71920099941,1.35480931876,0.00678316878458,-0.0024397099841,-0.687551368316,0.726099960311,-1.5162340185
26.938,1790081581.65,1.76724603559,1.72976673471,1.35705345732,0.00698698671227,-0.00269485870428,-0.691242034783,0.722584506547,-1.52642665882
26.958,1790081581.67,1.77938858061,1.74030744952,1.3592974044,0.00717637413776,-0.00294678394541,-0.694910469964,0.719054417171,-1.53660759408
26.978,1790081581.69,1.79147535759,1.75082369599,1.36154166559,0.00734740819381,-0.00319942597853,-0.698560744422,0.715505880911,-1.54678833234
26.998,1790081581.71,1.80350388298,1.76131617986,1.36378620506,0.00749824297916,-0.00345239174861,-0.702193618045,0.711938185604,-1.55697126095
27.018,1790081581.73,1.81547180511,1.77178575309,1.36603059996,0.00763054056677,-0.0037066654478,-0.705805545996,0.708354831086,-1.56714667934
27.038,1790081581.75,1.82737685836,1.78223340295,1.36827495564,0.00774476530251,-0.00396023603682,-0.709399630638,0.704752792965,-1.57732350737
27.058,1790081581.77,1.83921689391,1.79266023968,1.37051872167,0.00784044919328,-0.00420992691476,-0.712971424485,0.701136614177,-1.58748928565
27.078,1790081581.79,1.85098988409,1.80306745383,1.37276232819,0.00791481507821,-0.0044559123834,-0.716524958909,0.697502318137,-1.59765565284
27.098,1790081581.81,1.86269396479,1.81345636161,1.3750057647,0.00796714477322,-0.00469811359729,-0.720060846039,0.693849285028,-1.6078246306
27.118,1790081581.83,1.87432744188,1.82382839334,1.3772485141,0.00799705822256,-0.00493821783671,-0.723575587859,0.690181157174,-1.61798640776
27.138,1790081581.85,1.88588875295,1.83418511047,1.37949089071,0.00800463425628,-0.00517509691298,-0.727072115308,0.686494925941,-1.62814963895
27.158,1790081581.87,1.89737651628,1.84452820949,1.38173227479,0.00799364341652,-0.00540590448879,-0.730546145978,0.68279514238,-1.63830199907
27.178,1790081581.89,1.90878947874,1.85485943769,1.38397311997,0.00796231800803,-0.00563121083854,-0.734001592355,0.679077722633,-1.64845509131
27.198,1790081581.91,1.92012655918,1.86518065197,1.38621346866,0.00791275567291,-0.0058481431486,-0.737439142245,0.675341912667,-1.65861114874
27.218,1790081581.93,1.93138685621,1.87549375472,1.38845283701,0.00784503679629,-0.00605741437137,-0.740855495787,0.671591317314,-1.66876065647
27.238,1790081581.95,1.94256961203,1.88580069486,1.39069154293,0.00775621614155,-0.00626114031341,-0.74425332157,0.667823054832,-1.6789117934
27.258,1790081581.97,1.95367426165,1.89610352837,1.39292898055,0.00764819151318,-0.00645818958939,-0.747628368785,0.664041880563,-1.68905201096
27.278,1790081581.99,1.96470037908,1.9064043597,1.39516563372,0.00751859825742,-0.00664978702068,-0.750984409424,0.660243642767,-1.69919282931
27.298,1790081582.01,1.97564772395,1.91670538689,1.3974015549,0.00736713385929,-0.00683576560814,-0.754321992896,0.656427702554,-1.70933618388
27.318,1790081582.03,1.98651624679,1.92700888542,1.39963628513,0.00719349539765,-0.00701706915395,-0.75763787447,0.652597782354,-1.7194724601
27.338,1790081582.05,1.9973060555,1.93731722583,1.40187020564,0.00699826018801,-0.00719232824162,-0.760934757406,0.648750791707,-1.72961008717
27.358,1790081582.07,2.00801746353,1.94763286489,1.40410275153,0.00678567710847,-0.00735813163856,-0.76420856781,0.644891523723,-1.73973661623
27.378,1790081582.09,2.01865093117,1.95795826459,1.40633445501,0.00655447234331,-0.00751499652391,-0.767462962717,0.641015728806,-1.7498635253
27.398,1790081582.11,2.02920710932,1.96829592658,1.4085654085,0.00630452052668,-0.00766283814453,-0.770698472373,0.637122750037,-1.75999274058
27.418,1790081582.13,2.03968684323,1.97864839189,1.41079520509,0.00603807890348,-0.00780009050733,-0.773912068636,0.633216242851,-1.77011495076
27.438,1790081582.15,2.05009113462,1.98901820002,1.41302425574,0.00575381181955,-0.0079276566067,-0.777106294148,0.629293137978,-1.78023839373
27.458,1790081582.17,2.0604211888,1.99940792202,1.41525201005,0.00545468203054,-0.00804350552853,-0.780277164614,0.625358373131,-1.79035054499
27.478,1790081582.19,2.07067835629,2.00982010317,1.41747904407,0.0051387475781,-0.0081490699517,-0.783428208844,0.621407617848,-1.80046285658
27.498,1790081582.21,2.08086417562,2.02025730084,1.41970548385,0.00480594241257,-0.00824441862953,-0.786559936372,0.617440198702,-1.81057725024
27.518,1790081582.23,2.09098037527,2.0307220822,1.42193094226,0.00445881195092,-0.00832784523007,-0.789669417098,0.613459841954,-1.82068441972
27.538,1790081582.25,2.10102883491,2.04121698478,1.42415586862,0.0040963936179,-0.0084001870197,-0.792759103807,0.609463419533,-1.83079257037
27.558,1790081582.27,2.11101161955,2.0517445357,1.42638008343,0.00372012755318,-0.00846049640446,-0.795827511496,0.605452849194,-1.84089705082
27.578,1790081582.29,2.12093093436,2.06230722201,1.42860465311,0.00332601155398,-0.00851178607198,-0.798880930232,0.601419775579,-1.85101909616
27.598,1790081582.31,2.13078920234,2.07290755791,1.4308289209,0.00291868193057,-0.00855104573034,-0.801914464077,0.597370532598,-1.86114282934
27.618,1790081582.33,2.14058900546,2.08354801704,1.43305240704,0.00250203466635,-0.00857580596492,-0.804924514519,0.593309970673,-1.87125632768
27.638,1790081582.35,2.15033304805,2.09423098781,1.43527591804,0.00207390184583,-0.00858802672237,-0.807915438749,0.589232202582,-1.88137452554
27.658,1790081582.37,2.16002420528,2.10495881123,1.43749935044,0.00163543061708,-0.00858701750829,-0.810886230866,0.585138538373,-1.89149433327
27.678,1790081582.39,2.16966550318,2.11573376568,1.43972258058,0.00118872720342,-0.00857175492096,-0.813835053487,0.581031511763,-1.90160969357
27.698,1790081582.41,2.1792601026,2.1265580458,1.44194568309,0.000734841959154,-0.0085418516778,-0.816760982395,0.576912466856,-1.91171756886
27.718,1790081582.43,2.18881130522,2.13743375445,1.4441682564,0.000276714038782,-0.00849548460597,-0.81966041275,0.572786660059,-1.92180540417
27.738,1790081582.45,2.19832251822,2.14836287226,1.44639081015,-0.000186558147792,-0.00843375189584,-0.822533984082,0.568653393602,-1.93187534179
27.758,1790081582.47,2.20779727889,2.15934726912,1.44861316938,-0.000653573380989,-0.00835593285628,-0.82537991474,0.56451549808,-1.94192092042
27.778,1790081582.49,2.21723921245,2.17038868897,1.45083684014,-0.00112985869241,-0.00826650234255,-0.828204154981,0.560364404679,-1.95196334137
27.798,1790081582.51,2.22665209307,2.18148881227,1.45306199778,-0.00161503224883,-0.00816561490705,-0.831006081914,0.556201048387,-1.96200058954
27.818,1790081582.53,2.23603982664,2.19264924714,1.45528825195,-0.00210631144144,-0.00805171632313,-0.833782836578,0.552029813275,-1.97202239559
27.838,1790081582.55,2.24540642176,2.20387150841,1.45751603874,-0.00260337902711,-0.00792537468245,-0.836534921413,0.547850103687,-1.98203055185
27.858,1790081582.57,2.25475600646,2.21515701617,1.45974462219,-0.00310086586447,-0.00778341162464,-0.839258243092,0.543668469323,-1.99200979111
27.878,1790081582.59,2.26409277735,2.22650704828,1.46197457744,-0.00359868637581,-0.00762686223375,-0.841954060103,0.539483309385,-2.00196443108
27.898,1790081582.61,2.27342101214,2.23792274789,1.46420590039,-0.00409453955522,-0.00745502887105,-0.844621519059,0.53529631685,-2.01189093343
27.918,1790081582.63,2.28274505263,2.24940510346,1.46643807517,-0.00458471256084,-0.00726607781583,-0.847258087372,0.531111963626,-2.02177925352
27.938,1790081582.65,2.29206927187,2.26095493404,1.46867137809,-0.00506855474228,-0.00705803117141,-0.849864823694,0.526929099023,-2.03163268649
27.958,1790081582.67,2.30139809874,2.27257284677,1.47090516279,-0.0055423791674,-0.00683091304228,-0.852438740299,0.522753110653,-2.04143918939
27.978,1790081582.69,2.31073596999,2.28425923909,1.47314012142,-0.00600799094222,-0.00658859751015,-0.854981841914,0.518581280443,-2.05120580983
27.998,1790081582.71,2.32008733137,2.29601433702,1.4753762366,-0.00646450589719,-0.0063309502836,-0.857494078188,0.514414264095,-2.06093162838
28.018,1790081582.73,2.32945663455,2.30783817288,1.47761310821,-0.00691028219077,-0.00605989965816,-0.859973784352,0.510255441758,-2.07060942893
28.038,1790081582.75,2.33884830448,2.31973062075,1.47985103036,-0.00734563682371,-0.00577513384077,-0.862422341172,0.506103146498,-2.08024373303
28.058,1790081582.77,2.34826674913,2.33169137473,1.48208923921,-0.00776696978332,-0.00547409409029,-0.864837569179,0.5019618386,-2.08982487241
28.078,1790081582.79,2.35771634424,2.34371992149,1.48432842006,-0.00817616206549,-0.00515993883511,-0.867221788004,0.49782817901,-2.09936124406
28.098,1790081582.81,2.36720142523,2.35581557745,1.48656853199,-0.00857204374855,-0.00483164505843,-0.869575301945,0.493702308603,-2.10885314642
28.118,1790081582.83,2.37672628642,2.3679774588,1.48880914304,-0.0089527194584,-0.00449044749219,-0.871896858142,0.489587125503,-2.11829458767
28.138,1790081582.85,2.38629515702,2.38020451181,1.49105054164,-0.00931817708298,-0.00413598001342,-0.874187975422,0.485480636971,-2.12769077178
28.158,1790081582.87,2.3959121974,2.39249549053,1.49329193423,-0.00966465379995,-0.00376584680586,-0.876446805768,0.481386964431,-2.13703294618
28.178,1790081582.89,2.40558149339,2.40484893283,1.49553395554,-0.00999365425512,-0.00338253624054,-0.87867563766,0.477302638906,-2.14632966838
28.198,1790081582.91,2.41530704154,2.41726318585,1.49777659587,-0.0103042727283,-0.00298638203735,-0.880874883865,0.473227579989,-2.15558173454
28.218,1790081582.93,2.42509273419,2.42973640014,1.50001944045,-0.010596071048,-0.00257659137756,-0.883043574716,0.469164288504,-2.1647840552
28.238,1790081582.95,2.43494238199,2.4422665323,1.50226276836,-0.010868369027,-0.00215558814104,-0.885183135625,0.465110791531,-2.17394174278
28.258,1790081582.97,2.44485966652,2.454851351,1.50450578637,-0.0111188395882,-0.00172335133035,-0.887291914978,0.461070991368,-2.18304662507
28.278,1790081582.99,2.45484815412,2.46748844483,1.50674918635,-0.0113489454039,-0.00128208623861,-0.889372116495,0.45704135053,-2.19210726187
28.298,1790081583.01,2.46491127435,2.48017523671,1.50899284292,-0.0115566374815,-0.000832717812007,-0.891423963506,0.453022149566,-2.20112363929
28.318,1790081583.03,2.47505230037,2.49290897481,1.51123633663,-0.0117404200563,-0.000377422483586,-0.893446601058,0.449015802781,-2.21009096743
28.338,1790081583.05,2.48527434478,2.50568676893,1.51347989955,-0.0118987275127,8.30266546514e-05,-0.895441530408,0.445020088322,-2.21901483464
28.358,1790081583.07,2.49558031119,2.51850557695,1.51572281073,-0.0120295885887,0.000550722148121,-0.897407296535,0.441038694254,-2.22788757484
28.378,1790081583.09,2.50597293074,2.53136218142,1.51796574653,-0.0121354531282,0.00102312261732,-0.899345957083,0.437068110797,-2.23671751668
28.398,1790081583.11,2.51645473566,2.54425322944,1.52020860991,-0.0122159377515,0.0015000533629,-0.901257695368,0.433108632151,-2.24550451836
28.418,1790081583.13,2.52702805819,2.55717522789,1.52245094157,-0.0122700427375,0.0019817843755,-0.903141826957,0.429162392322,-2.2542443715
28.438,1790081583.15,2.53769504581,2.57012454131,1.5246931051,-0.0122990425363,0.00246624063157,-0.904999601434,0.425227436338,-2.26294188992
28.458,1790081583.17,2.54845762678,2.58309742082,1.52693434593,-0.0123004346239,0.00295437806417,-0.906829657269,0.42130742179,-2.27158954326
28.478,1790081583.19,2.55931753928,2.59608997525,1.52917533004,-0.0122764897029,0.00344295101269,-0.90863389973,0.417398934054,-2.28019531941
28.498,1790081583.21,2.57027629729,2.60909822244,1.53141598444,-0.0122268878531,0.0039308899979,-0.91041250687,0.413502259548,-2.28875905777
28.518,1790081583.23,2.58133518878,2.62211809215,1.5336558635,-0.0121503263832,0.00441797343178,-0.912164855847,0.409619490303,-2.29727665432
28.538,1790081583.25,2.59249528924,2.63514541986,1.53589534728,-0.0120480327892,0.00490186895542,-0.913892115902,0.40574871174,-2.30575273638
28.558,1790081583.27,2.60375742395,2.64817598696,1.53813370658,-0.0119175579994,0.00538346658605,-0.915593029215,0.401893511956,-2.31417995217
28.578,1790081583.29,2.61512220139,2.6612054804,1.54037161607,-0.0117612630887,0.005859607158,-0.917269363453,0.398050565336,-2.32256595315
28.598,1790081583.31,2.62658997893,2.67422955421,1.54260902343,-0.0115790575704,0.00632936994328,-0.918921284297,0.39422016408,-2.33091050571
28.618,1790081583.33,2.6381608645,2.68724383041,1.54484551058,-0.011369959155,0.00679270118278,-0.920548215417,0.390404362593,-2.33920956088
28.638,1790081583.35,2.64983473458,2.70024388672,1.54708147365,-0.0111355173692,0.00724743277227,-0.922151241763,0.386601296281,-2.3474675228
28.658,1790081583.37,2.66161119982,2.7132253066,1.54931622043,-0.0108736992211,0.00769458020092,-0.923729197552,0.382814479469,-2.3556771986
28.678,1790081583.39,2.67348964192,2.72618362644,1.55155043519,-0.0105871963347,0.00813108324059,-0.925283723338,0.379040668116,-2.36384591975
28.698,1790081583.41,2.68546918423,2.73911440832,1.55378409214,-0.0102762910833,0.00855607964928,-0.926814974896,0.375280153554,-2.37197338811
28.718,1790081583.43,2.69754869679,2.75201323995,1.5560168056,-0.00994036788514,0.00896955476565,-0.928322416186,0.371534961721,-2.38005558368
28.738,1790081583.45,2.70972681658,2.76487571691,1.55824898332,-0.00958126839381,0.00936937726193,-0.929807048521,0.367803298769,-2.38809665189
28.758,1790081583.47,2.7220019191,2.77769750293,1.56047997638,-0.00919731650084,0.00975658355747,-0.931267794259,0.364088607103,-2.39608954986
28.778,1790081583.49,2.73437215368,2.79047426544,1.56271047272,-0.00879144638849,0.0101281483129,-0.932706177583,0.360387732006,-2.40404128882
28.798,1790081583.51,2.74683542147,2.80320175893,1.56494047162,-0.0083642247174,0.0104832528897,-0.934122348618,0.356700965748,-2.41195150848
28.818,1790081583.53,2.75938938283,2.81587582343,1.56716962233,-0.00791532914402,0.0108219443709,-0.935515817832,0.353030292852,-2.41981624755
28.838,1790081583.55,2.77203147723,2.82849236117,1.56939834124,-0.00744683399387,0.0111421784719,-0.936887519486,0.349373972061,-2.42763944463
28.858,1790081583.57,2.78475890357,2.84104740533,1.57162602352,-0.00695736945514,0.0114450971303,-0.938236464964,0.345735362052,-2.43541423024
28.878,1790081583.59,2.79756864996,2.85353704442,1.57385335141,-0.00645006764556,0.011727803028,-0.939564074248,0.342111393623,-2.44314732062
28.898,1790081583.61,2.81045748227,2.86595751373,1.57608034226,-0.00592574089349,0.0119896250982,-0.940870495069,0.338502357442,-2.45083830701
28.918,1790081583.63,2.82342195314,2.87830519147,1.57830667609,-0.0053843314159,0.012230770237,-0.942155287065,0.334910185409,-2.45848331555
28.938,1790081583.65,2.83645842013,2.8905765697,1.58053276894,-0.00482811934781,0.0124493669741,-0.943419327397,0.331333178566,-2.46608611558
28.958,1790081583.67,2.84956303699,2.90276832902,1.58275805585,-0.00425601460366,0.0126467440527,-0.944661717124,0.327774596947,-2.47364004624
28.978,1790081583.69,2.86273177504,2.91487725323,1.58498320251,-0.00367131667382,0.0128201969777,-0.945883783551,0.324231448196,-2.48115156854
28.998,1790081583.71,2.87596042436,2.92690032608,1.5872082341,-0.003075042063,0.012969268826,-0.947085674454,0.320704018414,-2.48862024556
29.018,1790081583.73,2.88924460382,2.93883472446,1.58943285368,-0.00246735618688,0.0130943824361,-0.94826700104,0.317194174033,-2.49604232895
29.038,1790081583.75,2.90257977599,2.95067778425,1.59165746671,-0.00185069959334,0.0131938854399,-0.94942859196,0.313700247158,-2.50342146332
29.058,1790081583.77,2.91596125067,2.96242707814,1.59388153892,-0.00122420591488,0.0132693463391,-0.950569636095,0.310225390164,-2.51075122501
29.078,1790081583.79,2.92938419543,2.97408031834,1.59610575428,-0.000591741561887,0.0133174083568,-0.951691398703,0.306766650912,-2.51803790668
29.098,1790081583.81,2.94284365186,2.98563547541,1.59833010157,4.58891895461e-05,0.0133385942508,-0.952794019755,0.303324307825,-2.52528107965
29.118,1790081583.83,2.95633454494,2.99709075178,1.60055428885,0.000688444345509,0.0133337470738,-0.953877157873,0.299900158254,-2.53247714639
29.138,1790081583.85,2.96985169759,3.00844454688,1.60277857986,0.00133490931837,0.0133010740436,-0.954941537044,0.296492765974,-2.53962925642
29.158,1790081583.87,2.98338982192,3.01969552174,1.60500260801,0.00198434197168,0.0132419762672,-0.955986502188,0.293104964281,-2.54673163869
29.178,1790081583.89,2.99694353735,3.03084252616,1.60722696684,0.00263243592532,0.0131546571148,-0.957013232428,0.289733840333,-2.55379046444
29.198,1790081583.91,3.01050741128,3.0418846926,1.60945161347,0.00327882677923,0.013040034948,-0.958021794721,0.286379900871,-2.56080484369
29.218,1790081583.93,3.02407595089,3.05282139791,1.61167633816,0.0039207084022,0.0128980918837,-0.959012019838,0.283044542569,-2.56777198608
29.238,1790081583.95,3.03764364408,3.06365226179,1.61390142912,0.00455769485979,0.0127290326351,-0.959984533083,0.279726465298,-2.57469477575
29.258,1790081583.97,3.05120495817,3.07437718295,1.61612644712,0.00519074389968,0.0125349767038,-0.960938793841,0.276428227625,-2.58156809868
29.278,1790081583.99,3.06475432657,3.08499624856,1.61835196568,0.00581671043884,0.0123139766672,-0.961875911345,0.273146962334,-2.58839802973
29.298,1790081584.01,3.07828619442,3.09550983383,1.62057793722,0.00643690025332,0.0120674878483,-0.962795970432,0.269883051289,-2.59518397801
29.318,1790081584.03,3.09179499094,3.10591855121,1.62280414417,0.00704904811285,0.0117956342346,-0.963698846041,0.266637784405,-2.60192340994
29.338,1790081584.05,3.10527516227,3.11622324311,1.62503076158,0.00765177152457,0.0114969746731,-0.964585126038,0.263409955379,-2.60861896289
29.358,1790081584.07,3.11872117682,3.126425036,1.62725738355,0.00824309465954,0.0111736129771,-0.965454310134,0.260202184477,-2.61526540098
29.378,1790081584.09,3.13212753865,3.13652526328,1.62948455936,0.00881975423349,0.0108241279952,-0.966307433587,0.257011661181,-2.62186868341
29.398,1790081584.11,3.14548883284,3.14652554789,1.63171221104,0.0093806634296,0.01044953449,-0.967144580718,0.25383886694,-2.62842800988
29.418,1790081584.13,3.15879972263,3.15642777198,1.6339401885,0.00992390341653,0.0100518840565,-0.967965659648,0.250684976634,-2.634941177
29.438,1790081584.15,3.17205497665,3.16623404504,1.63616866066,0.010448533413,0.00963060641819,-0.968771224128,0.24754877271,-2.64141088433
29.458,1790081584.17,3.18524948611,3.17594675059,1.63839716856,0.0109553917637,0.00918819898622,-0.969560861096,0.244432594025,-2.64783255871
29.478,1790081584.19,3.19837823023,3.18556845803,1.64062620542,0.0114416061942,0.00872321512252,-0.970335524443,0.241333721576,-2.65421197754
29.498,1790081584.21,3.21143633651,3.19510200291,1.64285566687,0.011906727315,0.0082367433012,-0.971095306333,0.238252580095,-2.66054849026
29.518,1790081584.23,3.22441906865,3.20455045605,1.64508538222,0.0123493710273,0.00773091969736,-0.971840144263,0.235190263224,-2.66684010485
29.538,1790081584.25,3.23732184503,3.21391709008,1.6473154975,0.0127685842702,0.00720531286765,-0.97257055087,0.232145579978,-2.67308947617
29.558,1790081584.27,3.25014026385,3.22320542188,1.64954554807,0.01316520894,0.00666266737617,-0.973286168343,0.229120755605,-2.67929230497
29.578,1790081584.29,3.26287005875,3.23241912837,1.65177600502,0.0135363591845,0.00610179186441,-0.973987871591,0.226113159966,-2.68545419758
29.598,1790081584.31,3.27550716875,3.24156211769,1.65400675238,0.0138815704879,0.00552408409485,-0.974675755819,0.2231231891,-2.69157459389
29.618,1790081584.33,3.28804772854,3.25063849743,1.65623755822,0.0142005129996,0.00493136847659,-0.975349785825,0.220151816541,-2.69765176471
29.638,1790081584.35,3.30048806125,3.25965254353,1.65846860208,0.0144915202466,0.00432399967874,-0.976010427988,0.217197935827,-2.70368822491
29.658,1790081584.37,3.31282472727,3.26860873261,1.66069942417,0.0147554196724,0.00370511637078,-0.976657372375,0.214263684951,-2.70967989239
29.678,1790081584.39,3.32505446943,3.27751166247,1.66293049047,0.0149894854635,0.00307382760587,-0.977291412712,0.211346543734,-2.71563216061
29.698,1790081584.41,3.33717428861,3.28636611194,1.66516168383,0.015193359701,0.00243186644061,-0.977912644404,0.208446894342,-2.72154452285
29.718,1790081584.43,3.34918143193,3.2951770083,1.66739276981,0.0153670214115,0.00178125374361,-0.978521046671,0.20556566593,-2.72741535934
29.738,1790081584.45,3.36107337951,3.30394939685,1.6696239265,0.0155091746103,0.00112248595418,-0.97911704466,0.202701796699,-2.73324709797
29.758,1790081584.47,3.37284789478,3.31268846502,1.67185469006,0.0156210363407,0.000458813895876,-0.979700372676,0.199857330342,-2.73903585786
29.778,1790081584.49,3.38450295922,3.32139947068,1.67408553487,0.015700320531,-0.000210598227144,-0.980271744151,0.197029853582,-2.7447868026
29.798,1790081584.51,3.39603685048,3.33008779117,1.67631634388,0.0157470818999,-0.000883949927748,-0.980831250539,0.194219736405,-2.75049944313
29.818,1790081584.53,3.40744812479,3.33875889226,1.67854688208,0.0157616974892,-0.00155914806092,-0.981378879285,0.191427880003,-2.75617220632
29.838,1790081584.55,3.41873559804,3.34741829984,1.6807773344,0.0157432688414,-0.00223563275353,-0.981915010534,0.188653289187,-2.76180736389
29.858,1790081584.57,3.42989839603,3.35607161564,1.68300723274,0.0156933619781,-0.00291007508693,-0.982439417406,0.185897931617,-2.76740117079
29.878,1790081584.59,3.44093588102,3.36472445531,1.68523707298,0.0156100646948,-0.00358326303642,-0.982952732297,0.183159526576,-2.7729584899
29.898,1790081584.61,3.45184773106,3.37338248567,1.6874667419,0.0154937789417,-0.00425333141556,-0.98345503968,0.180438457412,-2.77847877461
29.918,1790081584.63,3.46263391767,3.38205139592,1.68969600812,0.0153452168198,-0.00491813685655,-0.983946334499,0.177735610041,-2.78396044871
29.938,1790081584.65,3.47329468238,3.39073687234,1.69192507404,0.0151638280027,-0.00557709523327,-0.984426954643,0.175050065126,-2.78940558808
29.958,1790081584.67,3.48383058601,3.39944460544,1.69415346701,0.0149515042521,-0.00622685319741,-0.984896710131,0.17238372659,-2.79481053217
29.978,1790081584.69,3.4942424291,3.4081802398,1.69638171764,0.0147066925883,-0.00686822171886,-0.98535615673,0.169734454718,-2.80017980705
29.998,1790081584.71,3.5045313303,3.41694939888,1.6986097227,0.0144301375204,-0.00749936109273,-0.985805374588,0.167102645545,-2.80551278617
30.018,1790081584.73,3.51469870018,3.42575766003,1.70083725481,0.0141229004329,-0.00811816162804,-0.986244365345,0.164489181897,-2.81080784166
30.038,1790081584.75,3.52474621359,3.43461053333,1.70306453831,0.013784796511,-0.00872409763669,-0.986673426135,0.16189323539,-2.81606680276
30.058,1790081584.77,3.53467585609,3.44351346033,1.70529109271,0.0134180587235,-0.00931387913101,-0.987092402372,0.159316654919,-2.82128605221
30.078,1790081584.79,3.54448984061,3.45247177729,1.70751749023,0.0130214998141,-0.0098884227944,-0.987501777575,0.15675745253,-2.82646974213
30.098,1790081584.81,3.55419068221,3.46149072779,1.7097436393,0.0125962015465,-0.0104460051267,-0.987901629996,0.154216037216,-2.83161714764
30.118,1790081584.83,3.56378116878,3.47057544241,1.71196931681,0.0121435581886,-0.0109846420857,-0.988291970733,0.151693283362,-2.83672658361
30.138,1790081584.85,3.57326433029,3.47973092309,1.71419477408,0.0116637212458,-0.0115039582204,-0.988673062597,0.149188444083,-2.84179964006
30.158,1790081584.87,3.58264348063,3.48896203389,1.71641951965,0.0111592356331,-0.0120008132032,-0.989044787808,0.146703304846,-2.84683274672
30.178,1790081584.89,3.59192213393,3.49827347913,1.71864417095,0.0106292450854,-0.0124763050189,-0.989407564927,0.1442360268,-2.85182968174
30.198,1790081584.91,3.60110407278,3.50766980407,1.72086864426,0.0100751399333,-0.0129288927148,-0.98976147251,0.141787033341,-2.85678961228
30.218,1790081584.93,3.61019331699,3.51715538021,1.72309271706,0.00949861022893,-0.0133567888849,-0.990106533642,0.139357183648,-2.86171080497
30.238,1790081584.95,3.61919409116,3.5267343959,1.72531666666,0.00890010204086,-0.0137598361445,-0.99044298243,0.136945805516,-2.8665946243
30.258,1790081584.97,3.62811086013,3.53641083991,1.72753998495,0.00828242904118,-0.0141351137899,-0.990770738849,0.134554609613,-2.87143756934
30.278,1790081584.99,3.6369482487,3.5461884949,1.729763334,0.00764501277067,-0.0144839695708,-0.991090164894,0.132181895342,-2.87624307244
30.298,1790081585.01,3.64571110045,3.55607092741,1.73198663548,0.00698949496288,-0.0148051188011,-0.991401343804,0.129828082175,-2.8810102359
30.318,1790081585.03,3.65440444609,3.56606147929,1.73420966262,0.00631780462937,-0.0150970393232,-0.991704313432,0.127493997774,-2.88573731938
30.338,1790081585.05,3.66303347122,3.57616326512,1.73643271541,0.00563062063433,-0.0153598570787,-0.991999285112,0.125179028749,-2.89042550621
30.358,1790081585.07,3.67160354329,3.58637914996,1.73865526417,0.00493096283126,-0.0155909372253,-0.992286217178,0.122884789457,-2.89507142103
30.378,1790081585.09,3.68012013793,3.59671175663,1.74087803678,0.00421811220684,-0.0157923825917,-0.992565421031,0.120609672727,-2.89967826875
30.398,1790081585.11,3.68858889442,3.60716345504,1.7431008664,0.00349504805763,-0.0159617477775,-0.992836992753,0.118354184837,-2.90424489017
30.418,1790081585.13,3.69701556163,3.61773633857,1.74532360673,0.00276194829523,-0.0160994534766,-0.993100986994,0.116118942775,-2.9087699769
30.438,1790081585.15,3.70540600467,3.6284322543,1.7475464799,0.00202159495322,-0.0162042231146,-0.993357600147,0.113903531719,-2.91325421145
30.458,1790081585.17,3.71376618555,3.63925274983,1.74976901665,0.00127600500676,-0.0162752857682,-0.993606817141,0.111709354199,-2.91769463604
30.478,1790081585.19,3.72210212454,3.65019911588,1.75199196136,0.000525235631815,-0.0163144355823,-0.993848915145,0.109534913079,-2.92209419387
30.498,1790081585.21,3.7304199276,3.66127235702,1.75421513762,-0.000227837950177,-0.016319946281,-0.994083997158,0.107380696761,-2.92645173532
30.518,1790081585.23,3.73872574111,3.67247318149,1.75643838402,-0.000982979639055,-0.0162927138981,-0.994312121252,0.105247264844,-2.93076605761
30.538,1790081585.25,3.74702575817,3.6838020341,1.75866192731,-0.00173804990085,-0.0162326803439,-0.994533456831,0.10313429359,-2.93503767315
30.558,1790081585.27,3.75532619976,3.6952590582,1.76088525709,-0.00249063506717,-0.0161385002811,-0.994748039687,0.101042976421,-2.93926402773
30.578,1790081585.29,3.76363328414,3.70684413031,1.76310913686,-0.00324088571733,-0.0160125657607,-0.994956105275,0.0989719302352,-2.94344785496
30.598,1790081585.31,3.77195324186,3.71855683306,1.76533336817,-0.00398574674155,-0.0158542010741,-0.99515775649,0.0969216066119,-2.94758808582
30.618,1790081585.33,3.780292275,3.73039646395,1.76755779275,-0.00472444218063,-0.0156635189872,-0.995353082964,0.0948924341182,-2.95168377574
30.638,1790081585.35,3.78865656193,3.74236205127,1.76978262294,-0.00545448946154,-0.0154409166679,-0.995542253476,0.0928840577335,-2.9557355145
30.658,1790081585.37,3.79705222717,3.75445232727,1.77200735071,-0.00617311547044,-0.015184747817,-0.995725342995,0.0908975103984,-2.95974107584
30.678,1790081585.39,3.8054853223,3.76666575609,1.77423276339,-0.00688070471395,-0.0148974944749,-0.995902560199,0.0889314969506,-2.96370305873
30.698,1790081585.41,3.8139618252,3.7790005077,1.77645864191,-0.00757500604454,-0.0145789826615,-0.996074012137,0.0869864063754,-2.96762058042
30.718,1790081585.43,3.82248762059,3.79145447556,1.77868482086,-0.00825435551127,-0.0142294890296,-0.996239806268,0.0850625397229,-2.97149296621
30.738,1790081585.45,3.83106848797,3.80402528839,1.78091149546,-0.00891772561776,-0.0138502319035,-0.996400085707,0.083159572201,-2.97532084071
30.758,1790081585.47,3.83971008516,3.81671029565,1.78313811187,-0.0095624247089,-0.0134404098117,-0.996554935726,0.0812783827222,-2.97910234571
30.778,1790081585.49,3.84841794137,3.82950660022,1.78536545231,-0.0101889341914,-0.0130032039919,-0.996704531216,0.0794177546896,-2.98283999307
30.798,1790081585.51,3.85719743861,3.84241104326,1.78759328636,-0.0107953848365,-0.0125388637601,-0.996848981348,0.0775779926733,-2.98653314191
30.818,1790081585.53,3.86605380482,3.85542022219,1.78982143184,-0.0113802152592,-0.0120480393494,-0.996988395469,0.0757593212039,-2.99018133964
30.838,1790081585.55,3.87499210433,3.86853050564,1.79205007688,-0.0119425316049,-0.0115322175075,-0.997122908699,0.0739614010553,-2.99378531041
30.858,1790081585.57,3.88401721458,3.88173802442,1.79427864775,-0.0124797725106,-0.0109908064766,-0.997252620062,0.072184965412,-2.99734355849
30.878,1790081585.59,3.89313383498,3.89503869857,1.79650792429,-0.0129925564887,-0.010427181082,-0.99737768095,0.0704288926015,-3.00085847813
30.898,1790081585.61,3.90234645391,3.90842823336,1.79873766379,-0.0134791872455,-0.00984178800038,-0.997498204108,0.0686934023097,-3.0043296712
30.918,1790081585.63,3.91165935027,3.92190213454,1.80096767194,-0.0139383131838,-0.00923548872291,-0.99761429919,0.0669786475307,-3.00775690292
30.938,1790081585.65,3.92107658836,3.93545572423,1.80319813051,-0.014369286192,-0.00860999325082,-0.997726091752,0.0652842819346,-3.01114098591
30.958,1790081585.67,3.93060198968,3.94908413928,1.8054284538,-0.0147698238429,-0.00796494242678,-0.997833686154,0.0636109013698,-3.01448077614
30.978,1790081585.69,3.94023915621,3.96278234932,1.80765941356,-0.0151408440658,-0.0073039429045,-0.997937210591,0.0619574932995,-3.01777851966
30.998,1790081585.71,3.94999142757,3.97654516822,1.80989075959,-0.0154809729799,-0.00662767285686,-0.998036774561,0.060324207851,-3.02103402928
31.018,1790081585.73,3.95986189068,3.99036726522,1.81212228801,-0.0157891930624,-0.00593721316438,-0.99813248229,0.0587111461269,-3.0242472429
31.038,1790081585.75,3.96985337961,4.00424318107,1.81435417259,-0.0160651981455,-0.00523447681216,-0.998224446845,0.0571179777457,-3.02741900421
31.058,1790081585.77,3.97996844513,4.01816733537,1.81658582569,-0.0163070633112,-0.0045192985333,-0.9983127709,0.0555451805663,-3.03054847042
31.078,1790081585.79,3.99020938938,4.03213403231,1.81881800951,-0.0165160703228,-0.00379546512246,-0.998397561997,0.0539918703473,-3.03363767951
31.098,1790081585.81,4.00057821801,4.04613748998,1.82105047639,-0.0166912178792,-0.00306381767126,-0.998478922744,0.0524581462033,-3.03668659783
31.118,1790081585.83,4.01107665625,4.06017184545,1.82328302154,-0.0168318594747,-0.00232557313794,-0.998556949409,0.0509440772181,-3.03969527208
31.138,1790081585.85,4.02170615355,4.07423116997,1.82551581572,-0.0169380608098,-0.0015827579288,-0.998631742358,0.0494493693351,-3.04266450815
31.158,1790081585.87,4.03246785332,4.08830948549,1.82774827933,-0.0170082717841,-0.000835296667076,-0.998703398059,0.0479744064593,-3.04559368886
31.178,1790081585.89,4.04336263473,4.10240075566,1.82998115846,-0.0170441477766,-8.70467016236e-05,-0.998772007209,0.0465184594001,-3.04848455459
31.198,1790081585.91,4.05439106498,4.1164989333,1.83221421086,-0.0170450645934,0.000661101561501,-0.998837663333,0.0450816040666,-3.05133713649
31.218,1790081585.93,4.0655534197,4.13059795809,1.83444723749,-0.01701076034,0.0014078936928,-0.998900453319,0.0436639007231,-3.05415150898
31.238,1790081585.95,4.07684969169,4.14469176951,1.83668040936,-0.016941687578,0.00215128159035,-0.998960465369,0.0422651137372,-3.05692835917
31.258,1790081585.97,4.08827956338,4.15877433218,1.83891316481,-0.0168366825727,0.00289134201667,-0.999017786436,0.0408855554621,-3.05966721611
31.278,1790081585.99,4.09984245135,4.17283961109,1.8411462324,-0.0166977898366,0.00362422864557,-0.999072494476,0.0395246703082,-3.06236944478
31.298,1790081586.01,4.11153746386,4.1868816364,1.84337938267,-0.0165247709051,0.00434908531822,-0.999124672797,0.0381825302029,-3.0650350661
31.318,1790081586.03,4.1233634234,4.20089449309,1.84561242774,-0.0163177495414,0.00506470776566,-0.999174398556,0.0368592058315,-3.06766410635
31.338,1790081586.05,4.1353188787,4.21487233092,1.8478455405,-0.016077560842,0.0057691139649,-0.999221749266,0.0355545377499,-3.07025706018
31.358,1790081586.07,4.1474020821,4.22880939609,1.85007820657,-0.0158037287236,0.00646213575251,-0.99926679831,0.0342687723113,-3.07281356236
31.378,1790081586.09,4.15961103534,4.24269999762,1.85231111312,-0.0154983767865,0.00714034677093,-0.999309618369,0.0330015514688,-3.07533450945
31.398,1790081586.11,4.17194345409,4.25653858088,1.85454404339,-0.0151616059249,0.0078030422222,-0.999350282867,0.031752958475,-3.07781984734
31.418,1790081586.13,4.18439679038,4.27031971018,1.856776822,-0.0147938598224,0.0084491994425,-0.99938886023,0.0305230861656,-3.08026949762
31.438,1790081586.15,4.19696824718,4.28403807683,1.85900958987,-0.0143958059908,0.00907754190812,-0.999425421363,0.0293118770468,-3.08268367482
31.458,1790081586.17,4.20965475761,4.29768852554,1.86124189416,-0.0139676192226,0.0096875798901,-0.999460028624,0.0281195233231,-3.08506207023
31.478,1790081586.19,4.2224530274,4.31126601676,1.86347441149,-0.013512121892,0.0102758487317,-0.999492746949,0.026945839977,-3.08740514028
31.498,1790081586.21,4.23535951713,4.32476571533,1.86570690922,-0.0130292553995,0.0108423661023,-0.999523641028,0.0257909407995,-3.08971269272
31.518,1790081586.23,4.24837045702,4.33818295129,1.86793929389,-0.0125204704301,0.0113852429261,-0.999552774387,0.0246549240463,-3.09198456986
31.538,1790081586.25,4.26148186696,4.35151324693,1.87017163692,-0.0119868892731,0.0119036979923,-0.999580205718,0.0235378162934,-3.09422072044
31.558,1790081586.27,4.27468955087,4.36475233545,1.8724035611,-0.011428644332,0.0123979826404,-0.999605988916,0.0224397646524,-3.09642084136
31.578,1790081586.29,4.2879891227,4.37789610953,1.87463572351,-0.0108487897858,0.0128648464369,-0.999630190156,0.0213607681197,-3.09858491493
31.598,1790081586.31,4.30137600445,4.39094071888,1.87686789733,-0.0102475530688,0.0133045792675,-0.999652863738,0.02030093215,-3.1007126877
31.618,1790081586.33,4.31484543828,4.4038825235,1.87910000176,-0.00962640117971,0.0137157038305,-0.999674071882,0.0192603705986,-3.10280388154
31.638,1790081586.35,4.32839250484,4.4167181162,1.88133211253,-0.0089867951106,0.0140976937085,-0.99969386588,0.0182391629954,-3.1048582531
31.658,1790081586.37,4.34201212526,4.42944434266,1.88356385819,-0.00832909667055,0.0144510596516,-0.999712291135,0.0172374005209,-3.10687553936
31.678,1790081586.39,4.35569907938,4.44205824123,1.88579588735,-0.00765659253956,0.0147728630246,-0.999729416304,0.0162552540551,-3.10885527648
31.698,1790081586.41,4.3694480173,4.45455714514,1.88802796106,-0.00696995936233,0.0150634909352,-0.999745288159,0.0152927993433,-3.11079719848
31.718,1790081586.43,4.38325347137,4.46693863119,1.89026006223,-0.00627074779144,0.0153223051683,-0.999759959785,0.0143501741138,-3.1127008963
31.738,1790081586.45,4.39710987207,4.47920053466,1.89249225021,-0.00556046361659,0.0155488027142,-0.99977348374,0.0134274788479,-3.11456602454
31.758,1790081586.47,4.41101155599,4.49134097087,1.89472419658,-0.00483954209327,0.0157438772314,-0.999785896898,0.0125247565233,-3.1163923646
31.778,1790081586.49,4.42495277249,4.50335827019,1.89695650177,-0.00411139568684,0.0159048998258,-0.999797273209,0.011642296635,-3.11817913744
31.798,1790081586.51,4.43892771221,4.51525107865,1.8991889457,-0.00337669295043,0.016032657771,-0.999807651966,0.0107801159127,-3.11992615438
31.818,1790081586.53,4.45293050896,4.52701830251,1.90142150891,-0.0026371679156,0.0161267859961,-0.999817083933,0.00993834969501,-3.12163296183
31.838,1790081586.55,4.46695525912,4.53865912068,1.90365424818,-0.00189442567402,0.0161871376624,-0.999825617928,0.009117097108,-3.12329917653
31.858,1790081586.57,4.48099603378,4.55017300352,1.90588685409,-0.00114897517351,0.0162149727492,-0.999833282786,0.00831631814227,-3.12492472301
31.878,1790081586.59,4.49504687536,4.56155964496,1.90811989756,-0.000404337933722,0.0162080425458,-0.999840156437,0.00753640789915,-3.12650856562
31.898,1790081586.61,4.50910184061,4.57281905899,1.91035316319,0.000338713722286,0.0161674374781,-0.999846271794,0.00677731641265,-3.12805063742
31.918,1790081586.63,4.52315499591,4.58395152265,1.91258663684,0.00107851782114,0.0160932738967,-0.999851675054,0.00603914121852,-3.12955055211
31.938,1790081586.65,4.53720043615,4.59495758374,1.91482037023,0.00181349480578,0.0159858050014,-0.999856410715,0.00532195704632,-3.13100797427
31.958,1790081586.67,4.55123230017,4.60583807588,1.91705406781,0.0025432057777,0.0158466805022,-0.999860499498,0.00462562042823,-3.13242305201
31.978,1790081586.69,4.56524475699,4.61659404965,1.91928827389,0.00326415840208,0.0156740553099,-0.999864021737,0.00395060713021,-3.1337945874
31.998,1790081586.71,4.57923206131,4.62722686224,1.92152277827,0.00397567803897,0.0154693876404,-0.999867002806,0.00329677557004,-3.13512272709
32.018,1790081586.73,4.59318854018,4.63773811971,1.92375756508,0.00467619233123,0.015233157414,-0.999869484639,0.00266417481645,-3.13640721182
32.038,1790081586.75,4.60710861208,4.64812968104,1.92599267924,0.00536422695622,0.01496596783,-0.999871507106,0.00205284027365,-3.13764782248
32.058,1790081586.77,4.62098680443,4.65840366957,1.92822783027,0.00603949596572,0.0146698111795,-0.999873083041,0.0014625112176,-3.13884499364
32.078,1790081586.79,4.63481772973,4.66856240486,1.93046353696,0.00669861026973,0.014343211215,-0.999874293181,0.00089372713697,-3.13999743882
32.098,1790081586.81,4.64859615143,4.67860848392,1.93269958927,0.00734107243506,0.0139879500621,-0.999875155218,0.000346245675257,-3.14110556922
32.118,1790081586.83,4.66231696236,4.68854472428,1.93493596742,0.0079654803029,0.0136048332546,-0.999875705904,-0.000179940490782,3.14101600613
32.138,1790081586.85,4.67597520305,4.69837416475,1.93717270839,0.00857054582457,0.0131947757508,-0.999875979624,-0.000684841104769,3.13999673379
32.158,1790081586.87,4.6895660803,4.70810007291,1.93940952308,0.00915621317555,0.0127600612091,-0.999875981521,-0.00116883502835,3.13902117324
32.178,1790081586.89,4.70308493382,4.71772587969,1.94164691235,0.00971927301458,0.0122995423116,-0.999875790175,-0.00163132218307,3.13809066331
32.198,1790081586.91,4.71652731038,4.72725525088,1.94388466197,0.0102594867521,0.0118152767859,-0.999875415395,-0.0020726444881,3.13720451039
32.218,1790081586.93,4.7298889341,4.73669203251,1.94612274579,0.0107757079787,0.01130835302,-0.999874887621,-0.00249286451718,3.1363626054
32.238,1790081586.95,4.74316572339,4.74604024848,1.94836119105,0.0112669182946,0.0107799523507,-0.99987423475,-0.00289203444892,3.13556484021
32.258,1790081586.97,4.75635380938,4.7553041042,1.95059970559,0.0117333638484,0.0102325865725,-0.999873454614,-0.00327064270928,3.13481016197
32.278,1790081586.99,4.7694494937,4.76448792529,1.95283878125,0.012172079976,0.00966537625913,-0.99987262111,-0.00362801937762,3.13409996634
32.298,1790081587.01,4.7824493288,4.77359621894,1.95507819803,0.0125831421024,0.00908057617229,-0.999871736615,-0.00396459197655,3.13343330299
32.318,1790081587.03,4.79535008091,4.78263362282,1.95731792415,0.0129657157372,0.00847948234319,-0.999870824766,-0.00428046442081,3.13280989646
32.338,1790081587.05,4.80814874478,4.79160490034,1.95955797885,0.0133191041333,0.00786346547772,-0.999869906636,-0.00457571621544,3.13222950249
32.358,1790081587.07,4.82084256139,4.80051494072,1.9617980628,0.0136439073096,0.00723518764967,-0.999868973586,-0.0048509291229,3.13169080498
32.378,1790081587.09,4.83342896759,4.80936870344,1.96403866564,0.0139374659761,0.0065939751417,-0.999868092271,-0.00510534939283,3.13119528814
32.398,1790081587.11,4.84590568067,4.81817126863,1.96627955864,0.0142002165509,0.00594220312181,-0.999867258242,-0.0053394725148,3.13074179587
32.418,1790081587.13,4.85827065433,4.82692779103,1.96852070689,0.0144316711041,0.00528128852443,-0.999866488275,-0.00555342111386,3.1303299485
32.438,1790081587.15,4.87052209105,4.83564349333,1.97076212549,0.0146314811676,0.0046127007575,-0.999865796766,-0.00574727827397,3.12995943351
32.458,1790081587.17,4.88265845867,4.84432366342,1.97300350566,0.0148006255062,0.00393916194517,-0.999865169906,-0.00592169710804,3.129628742
32.478,1790081587.19,4.89467843278,4.85297360585,1.97524534545,0.0149367749569,0.00326011646605,-0.999864665275,-0.00607581508714,3.12933951746
32.498,1790081587.21,4.906580983,4.8615986807,1.97748741792,0.0150405939865,0.0025778223369,-0.99986427531,-0.0062101789785,3.1290904677
32.518,1790081587.23,4.9183653265,4.87020426644,1.979729676,0.0151121075544,0.00189387741194,-0.999864007287,-0.00632490043118,3.12888119336
32.538,1790081587.25,4.93003093356,4.8787957489,1.98197214234,0.0151511722835,0.00120960974696,-0.999863871568,-0.00642005889935,3.12871136593
32.558,1790081587.27,4.94157754708,4.88737851961,1.98421448177,0.0151594217278,0.000527980424631,-0.99986384613,-0.00649633525372,3.12857939907
32.578,1790081587.29,4.95300511353,4.89595793122,1.98645721484,0.0151347972712,-0.000151601583328,-0.999863979001,-0.00655274177736,3.12848716212
32.598,1790081587.31,4.96431387525,4.90453932819,1.98870004362,0.0150787047537,-0.000826525390353,-0.999864251845,-0.00658994700237,3.12843310679
32.618,1790081587.33,4.97550430852,4.9131280075,1.99094298992,0.0149916962162,-0.00149647998023,-0.999864663613,-0.00660787793844,3.1284172449
32.638,1790081587.35,4.98657712957,4.92172922774,1.99318607447,0.0148734103233,-0.00215941855285,-0.999865226366,-0.0066066392005,3.12843918224
32.658,1790081587.37,4.99753331852,4.93034818959,1.99542897494,0.0147262254893,-0.00281287112385,-0.999865910325,-0.00658691196935,3.12849737422
32.678,1790081587.39,5.00837403954,4.93899000956,1.99767224256,0.0145479532858,-0.00345712698789,-0.999866751438,-0.00654864089399,3.12859181925
32.698,1790081587.41,5.01910073569,4.94765973436,1.9999155645,0.014339303838,-0.00408935498659,-0.999867739159,-0.00649351454118,3.12871895035
32.718,1790081587.43,5.02971507548,4.95636230705,2.00215897227,0.0141007979104,-0.0047093679189,-0.999868851513,-0.00642410504481,3.12887351804
32.738,1790081587.45,5.04021896872,4.96510257551,2.0044023892,0.0138348867412,-0.00531522785611,-0.999870046577,-0.00634304494272,3.12905013024
32.758,1790081587.47,5.05061454252,4.97388527307,2.00664556677,0.0135435557501,-0.00590511479286,-0.999871294307,-0.00625272239105,3.12924390249
32.778,1790081587.49,5.06090408902,4.9827150047,2.00888907101,0.013226130368,-0.00647994647392,-0.999872587832,-0.0061553123943,3.12945043489
32.798,1790081587.51,5.07109013504,4.99159625697,2.01113258206,0.0128840170558,-0.00703728479516,-0.999873914752,-0.00605254708206,3.12966615462
32.818,1790081587.53,5.08117538785,5.00053337598,2.01337616349,0.0125185009677,-0.00757694438357,-0.99987525326,-0.00594600415842,3.12988787086
32.838,1790081587.55,5.09116274015,5.00953056885,2.01561971326,0.0121308520547,-0.00809755075775,-0.999876593549,-0.0058369318231,3.13011303422
32.858,1790081587.57,5.10105526232,5.01859189201,2.01786297481,0.0117227913181,-0.00859743030639,-0.999877927211,-0.00572634543652,3.13033957652
32.878,1790081587.59,5.1108561518,5.02772124303,2.02010654851,0.0112932261338,-0.00907760589365,-0.999879257814,-0.00561514994874,3.13056567934
32.898,1790081587.61,5.12056880659,5.03692235849,2.0223500741,0.0108442024214,-0.00953620016397,-0.999880577953,-0.00550399792214,3.1307900222
32.918,1790081587.63,5.13019676024,5.04619880898,2.02459364305,0.0103761876053,-0.00997284724299,-0.999881886904,-0.00539344871617,3.13101149126
32.938,1790081587.65,5.13974370011,5.05555399126,2.02683715137,0.00989058251708,-0.0103863484396,-0.999883183342,-0.00528392024302,3.13122926635
32.958,1790081587.67,5.14921345538,5.06499111925,2.02908033517,0.00938922335705,-0.0107751858089,-0.999884468213,-0.00517572047901,3.13144276492
32.978,1790081587.69,5.15860994967,5.07451322217,2.0313238236,0.0088712511323,-0.0111406310058,-0.999885738876,-0.00506916536242,3.13165139575
32.998,1790081587.71,5.16793726527,5.08412313517,2.03356724699,0.00833890314886,-0.0114809733213,-0.999886995932,-0.00496440440688,3.13185491771
33.018,1790081587.73,5.17719958266,5.09382350215,2.03581070471,0.00779290683186,-0.0117961153319,-0.999888237409,-0.00486157975748,3.13205311256
33.038,1790081587.75,5.1864011935,5.10361676726,2.03805409261,0.00723489941079,-0.0120851384363,-0.999889464296,-0.00476076150158,3.13224592256
33.058,1790081587.77,5.19554648715,5.11350516803,2.04029713698,0.00666691863132,-0.012346808971,-0.999890681307,-0.00466196728637,3.13243341239
33.078,1790081587.79,5.2046399064,5.12349074043,2.04254049876,0.00608827303424,-0.0125827076135,-0.9998918775,-0.00456527214432,3.13261551186
33.098,1790081587.81,5.21368600133,5.13357530388,2.04478379796,0.00550131366233,-0.0127914274041,-0.99989305849,-0.00447062827829,3.13279243525
33.118,1790081587.83,5.22268937539,5.14376047218,2.04702714118,0.00490685366322,-0.0129731733201,-0.999894220682,-0.00437801422061,3.13296433414
33.138,1790081587.85,5.23165469399,5.15404764529,2.04927042394,0.00430658473277,-0.0131273202993,-0.999895367156,-0.00428736857644,3.13313145847
33.158,1790081587.87,5.24058667093,5.1644380044,2.05151336493,0.00370257408833,-0.013252923545,-0.999896505991,-0.00419860335098,3.13329412619
33.178,1790081587.89,5.24949003002,5.17493252285,2.05375665442,0.00309414749954,-0.0133518569975,-0.999897618782,-0.00411170524687,3.13345245894
33.198,1790081587.91,5.25836954772,5.1855319477,2.05599990114,0.0024836584393,-0.0134229909674,-0.999898715643,-0.00402656302025,3.13360683174
33.218,1790081587.93,5.26723000794,5.19623681666,2.05824321673,0.00187191572881,-0.01346680893,-0.99989979144,-0.00394310383857,3.13375751542
33.238,1790081587.95,5.27607620646,5.20704745086,2.06048649535,0.0012605979132,-0.0134829584495,-0.999900850892,-0.0038612317388,3.13390484675
33.258,1790081587.97,5.2849129378,5.2179639518,2.06272944852,0.000651745192903,-0.0134707694037,-0.999901904625,-0.00378083686629,3.13404920165
33.278,1790081587.99,5.29374496388,5.22898621623,2.06497278923,4.46545900475e-05,-0.0134323922055,-0.999902927733,-0.00370188558467,3.13419073304
33.298,1790081588.01,5.30257704449,5.24011391719,2.06721611367,-0.000558357872236,-0.0133669593898,-0.999903934052,-0.00362426544411,3.13432982432
33.318,1790081588.03,5.31141390198,5.25134652459,2.06945953745,-0.00115653879012,-0.0132752268268,-0.999904917053,-0.00354790423276,3.13446673534
33.338,1790081588.05,5.32026022171,5.26268329995,2.07170295385,-0.001748276406,-0.0131571088007,-0.999905882698,-0.00347271700062,3.13460177128
33.358,1790081588.07,5.32912063965,5.27412329509,2.07394606734,-0.00233161095453,-0.0130121988373,-0.999906843516,-0.0033986117391,3.13473525906
33.378,1790081588.09,5.33799971892,5.28566536925,2.0761896109,-0.00290734171363,-0.0128429180328,-0.999907769464,-0.00332556546874,3.13486729753
33.398,1790081588.11,5.34690196812,5.29730817262,2.07843317253,-0.00347325580976,-0.0126486522696,-0.999908677263,-0.00325349424654,3.1349981922
33.418,1790081588.13,5.35583181669,5.309050168,2.08067686809,-0.00402871012397,-0.0124304037312,-0.999909559514,-0.00318234986702,3.13512812176
33.438,1790081588.15,5.3647936119,5.32088962855,2.08292058781,-0.0045722113781,-0.0121883223351,-0.999910423312,-0.00311207856632,3.13525729598
33.458,1790081588.17,5.37379160747,5.33282463782,2.08516402686,-0.00510192571633,-0.0119222262105,-0.999911282724,-0.00304262328407,3.13538593592
33.478,1790081588.19,5.38282994816,5.34485310702,2.08740792821,-0.00561879360977,-0.0116347628627,-0.999912104576,-0.00297398283284,3.13551404758
33.498,1790081588.21,5.39191267682,5.35697276396,2.08965187223,-0.0061207534047,-0.0113255337186,-0.999912907793,-0.00290611303294,3.13564181597
33.518,1790081588.23,5.40104372022,5.3691811731,2.09189597517,-0.00660733056318,-0.0109957578333,-0.999913684568,-0.00283899725915,3.13576930745
33.538,1790081588.25,5.41022688353,5.38147573699,2.09414012637,-0.00707720824234,-0.0106457922945,-0.999914442748,-0.00277261855013,3.13589660937
33.558,1790081588.27,5.41946584015,5.39385369749,2.09638401528,-0.00752873482553,-0.0102756504329,-0.999915197172,-0.00270695860224,3.13602381485
33.578,1790081588.29,5.42876412433,5.40631215114,2.09862838836,-0.00796304071747,-0.00988816637238,-0.999915913357,-0.00264203769019,3.13615083039
33.598,1790081588.31,5.43812512853,5.41884804629,2.10087281907,-0.00837825400509,-0.00948311055116,-0.999916611602,-0.00257785100821,3.13627771092
33.618,1790081588.33,5.44755209898,5.43145819887,2.10311742136,-0.00877410559585,-0.00906186961665,-0.999917284244,-0.00251441053899,3.13640441098
33.638,1790081588.35,5.45704812839,5.4441392981,2.10536208291,-0.00914948879733,-0.00862495690776,-0.999917939625,-0.00245173172775,3.13653089952
33.658,1790081588.37,5.4666161474,5.4568879085,2.1076064883,-0.0095029659581,-0.00817252915455,-0.999918592747,-0.00238982949169,3.13665714945
33.678,1790081588.39,5.47625892417,5.46970048154,2.10985138401,-0.00983589816941,-0.00770756308131,-0.999919209516,-0.00232873768654,3.13678298718
33.698,1790081588.41,5.48597905455,5.48257336304,2.11209634273,-0.0101466430654,-0.00722995665731,-0.999919810458,-0.00226848278021,3.13690835377
33.718,1790081588.43,5.49577896591,5.49550280249,2.11434147256,-0.0104351601948,-0.00674120592439,-0.999920388566,-0.00220909578515,3.13703311672
33.738,1790081588.45,5.50566090922,5.50848496328,2.11658665775,-0.0107005725666,-0.00624192069072,-0.999920952392,-0.00215061396244,3.13715715372
33.758,1790081588.47,5.51562695211,5.52151592521,2.11883158118,-0.0109416806629,-0.00573234789035,-0.999921516346,-0.00209307423325,3.13728034703
33.778,1790081588.49,5.52567898419,5.53459169077,2.12107698262,-0.011160093752,-0.00521554715688,-0.999922048459,-0.00203651187354,3.13740248136
33.798,1790081588.51,5.53581870283,5.54770820412,2.12332243553,-0.0113544130289,-0.00469148426088,-0.999922568518,-0.00198097186849,3.13752341982
33.818,1790081588.53,5.54604762332,5.56086135246,2.12556804315,-0.011524830398,-0.00416169628292,-0.999923070643,-0.00192649036094,3.1376429856
33.838,1790081588.55,5.55636707179,5.5740469813,2.12781366776,-0.0116703766567,-0.00362649906593,-0.999923568242,-0.00187309566837,3.13776105151
33.858,1790081588.57,5.56677817524,5.58726089127,2.1300590299,-0.0117906868592,-0.00308675737943,-0.999924065163,-0.00182086232188,3.13787737496
33.878,1790081588.59,5.57728187826,5.60049884702,2.13230484109,-0.0118874446888,-0.00254534867703,-0.999924535979,-0.00176980399591,3.13799177264
33.898,1790081588.61,5.58787892422,5.61375660539,2.13455064695,-0.0119594472344,-0.0020017488664,-0.999925000345,-0.00171997352357,3.1381040805
33.918,1790081588.63,5.5985698723,5.62702989905,2.13679663142,-0.0120071429824,-0.00145848894048,-0.999925451084,-0.00167140691261,3.13821408419
33.938,1790081588.65,5.60935508493,5.6403144722,2.13904259139,-0.0120301261811,-0.000915195443768,-0.999925897586,-0.00162413640538,3.13832164927
33.958,1790081588.67,5.62023473111,5.65360606454,2.14128828944,-0.0120279071025,-0.000372919117402,-0.999926347124,-0.00157819839479,3.13842659714
33.978,1790081588.69,5.63120879495,5.6669004178,2.14353440959,-0.0120026325577,0.000165286033196,-0.999926776101,-0.00153360007099,3.13852875816
33.998,1790081588.71,5.64227706564,5.68019331745,2.14578050869,-0.0119529126859,0.000699891836743,-0.999927205778,-0.00149036076909,3.13862802891
34.018,1790081588.73,5.65343914712,5.69348056745,2.14802673762,-0.011879793936,0.00122856643584,-0.999927628859,-0.0014485042647,3.13872423114
34.038,1790081588.75,5.66469445774,5.70675802843,2.1502729225,-0.0117827086656,0.0017517015873,-0.99992805578,-0.00140804213957,3.13881727699
34.058,1790081588.77,5.67604222503,5.7200216017,2.15251881428,-0.0116616923407,0.00226868613419,-0.99992848934,-0.00136901481234,3.13890699912
34.078,1790081588.79,5.68748150244,5.73326722499,2.15476509656,-0.0115190733756,0.00277666267526,-0.999928911714,-0.00133139450586,3.13899332987
34.098,1790081588.81,5.69901115994,5.74649092402,2.15701131988,-0.0113538188796,0.00327619182438,-0.99992933742,-0.0012951955454,3.1390761882
34.118,1790081588.83,5.71062989632,5.75968877874,2.15925765158,-0.0111673229466,0.0037653883421,-0.999929759584,-0.00126041529168,3.13915548789
34.138,1790081588.85,5.72233624063,5.77285695935,2.16150385395,-0.0109592965108,0.00424412826505,-0.999930185318,-0.0012270636546,3.13923115295
34.158,1790081588.87,5.73412855363,5.78599171695,2.16374973102,-0.0107297833153,0.00471200029853,-0.999930617817,-0.00119513852351,3.13930313015
34.178,1790081588.89,5.74600503768,5.79908937121,2.16599594019,-0.0104811617503,0.00516609958019,-0.999931047826,-0.00116458475328,3.13937144774
34.198,1790081588.91,5.7579637324,5.81214637294,2.16824201706,-0.0102128217384,0.00560705617903,-0.999931482678,-0.00113540411327,3.1394360766
34.218,1790081588.93,5.77000252996,5.82515926141,2.17048816927,-0.00992618926878,0.00603335308979,-0.999931919057,-0.00110755054266,3.13949706469
34.238,1790081588.95,5.78211917625,5.83812470243,2.17273419775,-0.00962122437842,0.00644547671126,-0.999932357358,-0.00108100887719,3.13955442955
34.258,1790081588.97,5.79431127308,5.8510394698,2.17497988908,-0.00929805324149,0.00684279043937,-0.999932801645,-0.0010557551702,3.13960818945
34.278,1790081588.99,5.80657628668,5.86390043431,2.17722588514,-0.00895932383075,0.00722261435142,-0.999933247748,-0.00103170124657,3.1396584961
34.298,1790081589.01,5.81891155271,5.87670463082,2.17947172974,-0.00860446732818,0.00758558779072,-0.999933699927,-0.00100883574761,3.13970537469
34.318,1790081589.03,5.83131428471,5.88944920959,2.1817176247,-0.00823506794106,0.00793033294719,-0.999934157396,-0.00098709078335,3.1397489641
34.338,1790081589.05,5.84378158044,5.90213147641,2.18396336976,-0.00785137579637,0.00825733232985,-0.999934617058,-0.000966421214847,3.13978937664
34.358,1790081589.07,5.85631042647,5.91474887397,2.1862087717,-0.00745350458055,0.00856633265376,-0.999935081286,-0.000946798986994,3.1398266794
34.378,1790081589.09,5.86889770148,5.92729896397,2.18845444548,-0.00704410570748,0.00885478493396,-0.999935553894,-0.000928125498545,3.13986109721
34.398,1790081589.11,5.8815401893,5.93977949965,2.19069996158,-0.00662284228665,0.00912369835375,-0.999936031612,-0.000910369463308,3.13989273046
34.418,1790081589.13,5.89423458236,5.95218836884,2.19294551741,-0.00619142379611,0.00937192772903,-0.999936515479,-0.000893450141849,3.13992178869
34.438,1790081589.15,5.90697749402,5.96452363448,2.19519090861,-0.00574999551657,0.00959995858283,-0.999937002341,-0.000877323443631,3.1399484069
34.458,1790081589.17,5.9197654589,5.97678351662,2.19743596615,-0.00529901615454,0.00980799953865,-0.999937488364,-0.000861937843676,3.1399727392
34.478,1790081589.19,5.93259493654,5.98896636804,2.19968129447,-0.00484137640739,0.00999385964637,-0.999937981142,-0.000847179748084,3.13999509142
34.498,1790081589.21,5.9454623353,6.00107074731,2.20192647482,-0.00437671174782,0.0101586528929,-0.999938474231,-0.000833018039002,3.14001558171
34.518,1790081589.23,5.95836400695,6.01309535877,2.2041716988,-0.00390676504654,0.0103014239586,-0.999938971379,-0.000819370374513,3.14003445494
34.538,1790081589.25,5.97129626443,6.02503909272,2.20641676989,-0.00343169665125,0.0104228448405,-0.999939467078,-0.000806191159055,3.14005186788
34.558,1790081589.27,5.98425538009,6.03690100564,2.20866152779,-0.00295198342232,0.0105233176905,-0.999939956221,-0.000793429783741,3.14006799131
34.578,1790081589.29,5.99723758587,6.04868029363,2.2109065579,-0.0024705271385,0.0106008620174,-0.999940452373,-0.000780979017953,3.14008314888
34.598,1790081589.31,6.0102391061,6.06037636518,2.21315145562,-0.00198696564819,0.0106568085583,-0.999940944921,-0.000768810838141,3.14009745968
34.618,1790081589.33,6.02325614412,6.07198877849,2.21539640912,-0.00150304820927,0.0106904213171,-0.999941439742,-0.000756851999678,3.14011116736
34.638,1790081589.35,6.03628490496,6.0835172801,2.21764122989,-0.00101893333879,0.0107025924236,-0.999941928899,-0.000745064043935,3.14012441887
34.658,1790081589.37,6.0493215915,6.09496178347,2.21988576493,-0.000535089549739,0.0106939449693,-0.999942406009,-0.00073340627861,3.14013736858
34.678,1790081589.39,6.06236240116,6.10632234082,2.22213058377,-5.4402919933e-05,0.010662723299,-0.999942889565,-0.000721789217967,3.14015031725
34.698,1790081589.41,6.07540356701,6.11759921363,2.22437529426,0.000423520416543,0.010610477741,-0.999943365404,-0.000710195251887,3.14016335504
34.718,1790081589.43,6.08844133646,6.12879280892,2.22662008072,0.000896970737905,0.0105366921576,-0.999943841204,-0.000698569480535,3.14017668817
34.738,1790081589.45,6.1014719983,6.13990371541,2.2288647599,0.00136584152326,0.0104424718552,-0.999944307171,-0.000686887819015,3.1401904233
34.758,1790081589.47,6.11449187648,6.15093268092,2.2311091833,0.00182972725983,0.0103286507357,-0.999944756112,-0.000675126380132,3.14020466853
34.778,1790081589.49,6.12749732307,6.16188058319,2.23335390729,0.00228580858942,0.0101936802688,-0.999945210548,-0.000663221993622,3.14021966598
34.798,1790081589.51,6.14048476669,6.1727484968,2.23559854926,0.00273455877397,0.0100393071047,-0.999945653761,-0.000651172137808,3.14023545333
34.818,1790081589.53,6.15345068356,6.18353763006,2.23784328959,0.00317435771187,0.00986521393084,-0.999946094925,-0.000638946068188,3.1402521716
34.838,1790081589.55,6.16639162797,6.19424935792,2.24008794761,0.0036051982709,0.00967269633493,-0.999946523041,-0.000626537904968,3.14026986616
34.858,1790081589.57,6.17930422362,6.20488519881,2.24233237659,0.00402678537288,0.00946277694214,-0.999946930554,-0.000613943719343,3.14028857964
34.878,1790081589.59,6.19218515268,6.21544678508,2.24457712236,0.00443641160827,0.00923409083176,-0.999947342844,-0.000601130890714,3.14030847189
34.898,1790081589.61,6.20503121048,6.22593592528,2.24682180801,0.00483466986846,0.00898855341829,-0.999947741633,-0.000588112913503,3.1403295166
34.918,1790081589.63,6.21783926924,6.2363545429,2.24906661115,0.00522006683707,0.00872601545371,-0.999948137187,-0.000574884565501,3.14035177551
34.938,1790081589.65,6.23060631134,6.24670470582,2.25131135181,0.0055927297035,0.00844793046888,-0.99994851798,-0.000561457878579,3.14037522533
34.958,1790081589.67,6.24332941802,6.25698860287,2.25355588406,0.00595250602128,0.00815547444295,-0.999948876579,-0.000547847768266,3.14039983837
34.978,1790081589.69,6.25600575485,6.26720851493,2.25580074633,0.00629683801193,0.00784743532791,-0.999949239901,-0.00053405162792,3.14042568382
34.998,1790081589.71,6.26863263125,6.27736687145,2.2580455627,0.00662647468102,0.00752586651832,-0.999949589063,-0.000520096053971,3.14045267375
35.018,1790081589.73,6.28120745767,6.28746619243,2.26029050891,0.00694008261508,0.00719075178627,-0.999949934901,-0.000505998428522,3.14048079136
35.038,1790081589.75,6.29372778062,6.29750911396,2.26253540369,0.00723795358684,0.00684366596178,-0.999950265969,-0.000491784623526,3.14050995144
35.058,1790081589.77,6.30619126896,6.30749836513,2.26478010148,0.00752010148711,0.00648589537882,-0.999950575401,-0.000477483581182,3.1405400653
35.078,1790081589.79,6.31859569585,6.31743674045,2.26702513763,0.00778414544315,0.00611634067737,-0.999950890283,-0.000463117911288,3.14057111841
35.098,1790081589.81,6.33093900205,6.32732715011,2.26927013308,0.00803101688233,0.00573715491949,-0.999951192044,-0.000448721193483,3.14060297689
35.118,1790081589.83,6.34321924706,6.33717256622,2.27151526261,0.00825956753845,0.00534841501281,-0.999951491504,-0.000434327008532,3.14063555986
35.138,1790081589.85,6.35543464536,6.34697604432,2.2737603417,0.0084702760524,0.00495177674015,-0.999951777816,-0.000419968164753,3.1406687393
35.158,1790081589.87,6.36758355014,6.35674070115,2.27600522253,0.00866334657518,0.00454859897944,-0.999952044899,-0.000405680239254,3.14070238615
35.178,1790081589.89,6.37966443221,6.36646968894,2.27825044211,0.0088365923014,0.00413785008467,-0.999952318642,-0.000391503271366,3.14073642162
35.198,1790081589.91,6.39167594558,6.37616623907,2.28049561613,0.00899113754393,0.00372173539803,-0.9999525817,-0.000377469872301,3.14077069143
35.218,1790081589.93,6.4036168738,6.38583361356,2.28274091976,0.00912603220593,0.00330037983741,-0.999952844292,-0.00036362135891,3.14080507519
35.238,1790081589.95,6.41548616642,6.39547512259,2.28498616386,0.0092419518315,0.00287547534276,-0.999953096638,-0.000349989236003,3.14083942923
35.258,1790081589.97,6.42728292051,6.40509410354,2.287231198,0.00933928689145,0.00244839601953,-0.999953333797,-0.000336608086593,3.14087361082
35.278,1790081589.99,6.43900635649,6.41469389757,2.28947657292,0.00941594321172,0.0020180229744,-0.999953580384,-0.00032353313741,3.14090749264
35.298,1790081590.01,6.45065588715,6.4242778884,2.29172188974,0.00947335901334,0.0015866861774,-0.999953819589,-0.000310780280745,3.14094094223
35.318,1790081590.03,6.4622310581,6.43384945809,2.29396732239,0.00951084125344,0.00115456879944,-0.999954059862,-0.00029838679202,3.1409738336
35.338,1790081590.05,6.47373158444,6.44341200105,2.29621265766,0.00952955646778,0.000723647935298,-0.999954289899,-0.000286356224891,3.14100606866
35.358,1790081590.07,6.48515732461,6.45296889992,2.29845776015,0.00952979675681,0.000294985704379,-0.999954509205,-0.000274733094765,3.14103748922
35.378,1790081590.09,6.49650826065,6.46252351063,2.30070318228,0.00950975414935,-0.000132473666646,-0.999954737756,-0.000263565318801,3.14106797147
35.398,1790081590.11,6.50778456426,6.47207919222,2.3029485137,0.00947112145213,-0.000556368857331,-0.999954961176,-0.000252846232881,3.14109743391
35.418,1790081590.13,6.51898653172,6.48163926747,2.30519399343,0.00941292483914,-0.000977003865949,-0.999955190716,-0.000242628924864,3.14112572765
35.438,1790081590.15,6.5301146302,6.49120703941,2.30743932519,0.0093365398665,-0.00139246123887,-0.999955416918,-0.000232918561771,3.14115276206
35.458,1790081590.17,6.54116946349,6.50078576843,2.30968442116,0.00924255273522,-0.00180182999499,-0.999955638301,-0.000223735448064,3.14117843878
35.478,1790081590.19,6.55215175288,6.5103786617,2.31192983413,0.00912927796693,-0.00220610961828,-0.999955870571,-0.000215116405484,3.14120265512
35.498,1790081590.21,6.56306240204,6.51998889507,2.31417513168,0.00899874685847,-0.00260282665942,-0.999956101531,-0.000207024966724,3.1412254067
35.518,1790081590.23,6.5739024287,6.52961957874,2.31642053106,0.00885012019717,-0.00299241388941,-0.99995633956,-0.000199512278371,3.14124655867
35.538,1790081590.25,6.58467300887,6.53927377204,2.31866579231,0.00868520104306,-0.00337277479783,-0.99995657636,-0.000192529127714,3.14126614924
35.558,1790081590.27,6.59537544116,6.54895445916,2.32091079353,0.00850466894267,-0.00374316057145,-0.999956811429,-0.000186095743978,3.14128410221
35.578,1790081590.29,6.60601112662,6.55866454395,2.32315609494,0.00830706839511,-0.00410454942299,-0.99995705548,-0.000180233115321,3.14130035603
35.598,1790081590.31,6.61658162918,6.56840686406,2.325401245,0.00809430272308,-0.00445451287401,-0.999957303583,-0.000174901122523,3.14131494223
35.618,1790081590.33,6.62708861337,6.57818416346,2.32764646117,0.00786607343402,-0.00479361668368,-0.999957557694,-0.000170112655071,3.14132782382
35.638,1790081590.35,6.63753387813,6.5879991028,2.32989148452,0.00762392845708,-0.00512033869572,-0.999957814282,-0.000165837444721,3.14133903739
35.658,1790081590.37,6.64791932707,6.59785424517,2.33213621798,0.00736859842334,-0.00543403060007,-0.999958073523,-0.00016206458015,3.14134859389
35.678,1790081590.39,6.65824694921,6.60775205094,2.33438126474,0.00709892684379,-0.00573608982752,-0.999958337778,-0.000158803604025,3.14135647597
35.698,1790081590.41,6.66851887373,6.61769489014,2.33662613728,0.00681706177201,-0.0060242837705,-0.999958604812,-0.000155998638103,3.14136278369
35.718,1790081590.43,6.67873730624,6.6276850244,2.33887113133,0.00652264026635,-0.00629908384362,-0.999958875704,-0.000153644268558,3.14136753184
35.738,1790081590.45,6.68890456564,6.63772460922,2.34111592895,0.00621748096256,-0.00655884318835,-0.999959149914,-0.00015169120941,3.14137082537
35.758,1790081590.47,6.6990230497,6.64781568269,2.34336044898,0.0059024947335,-0.00680289350736,-0.999959428509,-0.000150105969202,3.14137274659
35.778,1790081590.49,6.7090952168,6.65796016091,2.34560530258,0.00557651775439,-0.00703265261389,-0.999959710227,-0.000148894803134,3.14137329776
35.798,1790081590.51,6.71912363615,6.66815984483,2.34784998595,0.00524163444121,-0.00724608022585,-0.999959998045,-0.000147985810716,3.14137264432
35.818,1790081590.53,6.72911093174,6.67841640825,2.35009477594,0.00489795551626,-0.00744427686883,-0.999960284737,-0.000147388421448,3.14137080128
35.838,1790081590.55,6.73905980716,6.68873140518,2.3523393591,0.00454718420201,-0.00762563379913,-0.999960574826,-0.00014703531337,3.14136793558
35.858,1790081590.57,6.74897301775,6.6991062581,2.35458365306,0.00419027953755,-0.00778966870994,-0.999960869756,-0.000146886352782,3.14136416613
35.878,1790081590.59,6.75885335264,6.70954225657,2.35682828635,0.00382613650494,-0.00793798936424,-0.999961162952,-0.000146943052041,3.14135951573
35.898,1790081590.61,6.76870367927,6.72004056063,2.35907273297,0.00345703719574,-0.00806888116178,-0.999961459458,-0.000147139189832,3.14135416969
35.918,1790081590.63,6.77852688946,6.73060219855,2.36131730672,0.00308272855105,-0.00818321947911,-0.999961754248,-0.000147458560558,3.14134819638
35.938,1790081590.65,6.78832592657,6.7412280649,2.36356167536,0.00270512892414,-0.00827974847344,-0.999962052372,-0.000147844941436,3.14134176682
35.958,1790081590.67,6.7981037561,6.75191891619,2.36580575482,0.00232524551912,-0.00835816994141,-0.999962355415,-0.000148258764035,3.14133501403
35.978,1790081590.69,6.80786334972,6.76267537097,2.36805019082,0.00194202338242,-0.00842029462569,-0.999962651838,-0.000148701471635,3.14132796457
35.998,1790081590.71,6.81760772252,6.77349791205,2.3702944468,0.0015577689739,-0.00846459019553,-0.999962950231,-0.000149111889296,3.14132081129
36.018,1790081590.73,6.82733988627,6.78438688835,2.37253884391,0.0011722470084,-0.00849211240606,-0.999963243085,-0.000149476068469,3.14131362138
36.038,1790081590.75,6.83706287092,6.79534251282,2.37478304329,0.000787377289397,-0.00850177629654,-0.999963538042,-0.000149745148297,3.14130656206
36.058,1790081590.77,6.84677969846,6.80636486014,2.37702695976,0.000404156036711,-0.00849345571454,-0.999963837047,-0.000149886304916,3.14129975708
36.078,1790081590.79,6.85649336899,6.81745386854,2.37927125407,2.15058985058e-05,-0.00846913758089,-0.999964124744,-0.000149904714029,3.14129321919
36.098,1790081590.81,6.86620689078,6.82860934221,2.38151538014,-0.000358297981701,-0.00842745744128,-0.999964412946,-0.000149751272244,3.14128712254
36.118,1790081590.83,6.87592324169,6.83983095536,2.38375966532,-0.000735528159401,-0.00836964139833,-0.999964692264,-0.000149418956561,3.14128151367
36.138,1790081590.85,6.88564538499,6.85111825126,2.38600376525,-0.00110830850464,-0.00829476846567,-0.999964972539,-0.000148872272259,3.14127653237
36.158,1790081590.87,6.89537624724,6.86247064117,2.38824759304,-0.00147569294628,-0.00820287625196,-0.999965256007,-0.000148090044894,3.14127227254
36.178,1790081590.89,6.90511870648,6.87388740731,2.39049181933,-0.00183881292232,-0.00809611411261,-0.999965524441,-0.00014708394687,3.14126871917
36.198,1790081590.91,6.91487561542,6.88536770718,2.39273588912,-0.0021954542644,-0.00797327211051,-0.999965792239,-0.00014582181929,3.14126600687
36.218,1790081590.93,6.92464977105,6.89691057784,2.39498013415,-0.00254596115064,-0.00783573533553,-0.999966048678,-0.000144306232694,3.14126414771
36.238,1790081590.95,6.93444392543,6.90851493734,2.39722420588,-0.00288853477332,-0.00768273417336,-0.999966305258,-0.0001425185776,3.14126323685
36.258,1790081590.97,6.94426076745,6.92017958396,2.39946801526,-0.00322231209185,-0.0075144537249,-0.999966564423,-0.000140451793269,3.14126332473
36.278,1790081590.99,6.95410291356,6.93190319979,2.40171224015,-0.00354851611241,-0.00733319079723,-0.999966806083,-0.000138124743611,3.14126436111
36.298,1790081591.01,6.96397292457,6.94368435853,2.40395631962,-0.0038650284048,-0.00713787270816,-0.999967046438,-0.000135524347333,3.14126642792
36.318,1790081591.03,6.97387328341,6.95552152807,2.40620058704,-0.00417229570084,-0.00693001964257,-0.999967274053,-0.000132662949997,3.14126949694
36.338,1790081591.05,6.98380640143,6.96741307542,2.40844469052,-0.0044686254918,-0.00670898825528,-0.999967501513,-0.000129539440876,3.14127361047
36.358,1790081591.07,6.9937746041,6.97935726529,2.41068853974,-0.00475326947032,-0.00647508789113,-0.999967731354,-0.000126160626263,3.14127877062
36.378,1790081591.09,7.00378012421,6.99135226367,2.41293281539,-0.00502756941458,-0.00623073385525,-0.999967942728,-0.000122550835382,3.14128489332
36.398,1790081591.11,7.01382511335,7.00339615055,2.41517695238,-0.00528952708292,-0.00597496118429,-0.999968152817,-0.000118715177974,3.14129200453
36.418,1790081591.13,7.02391162709,7.01548691875,2.4174212849,-0.00553972096847,-0.00570939941564,-0.999968350049,-0.000114673571206,3.14130003879
36.438,1790081591.15,7.03404162778,7.02762248355,2.41966546002,-0.00577659100522,-0.00543350444685,-0.99996854742,-0.000110440267373,3.14130898681
36.458,1790081591.17,7.04421697387,7.03980067953,2.42190938468,-0.00599952185388,-0.00514767492946,-0.99996874748,-0.000106033130838,3.14131880707
36.478,1790081591.19,7.05443941547,7.05201926358,2.4241537399,-0.0062099990561,-0.00485441621208,-0.999968929646,-0.000101478280521,3.14132939119
36.498,1790081591.21,7.06471060187,7.0642759337,2.42639796045,-0.00640616736732,-0.00455284274704,-0.99996911116,-9.67956141881e-05,3.14134071512
36.518,1790081591.23,7.07503207296,7.07656832254,2.42864237645,-0.00658874691051,-0.00424465170196,-0.999969280968,-9.20084806475e-05,3.14135268758
36.538,1790081591.25,7.08540525972,7.08889401213,2.43088663363,-0.00675632047355,-0.00392935898482,-0.999969451872,-8.7142181961e-05,3.14136525777
36.558,1790081591.27,7.09583147656,7.10125052834,2.4331306386,-0.00690842572499,-0.0036074236074,-0.999969626233,-8.22210820656e-05,3.14137835273
36.578,1790081591.29,7.10631191897,7.11363534288,2.43537506835,-0.00704670374965,-0.0032814039577,-0.999969784735,-7.72682002948e-05,3.14139185575
36.598,1790081591.31,7.11684766873,7.12604589861,2.43761935918,-0.00716945206679,-0.00295045728622,-0.999969943813,-7.23131018291e-05,3.14140570619
36.618,1790081591.33,7.12743968997,7.1384795968,2.43986383896,-0.00727755317154,-0.00261632323313,-0.999970093319,-6.7377513594e-05,3.14141980342
36.638,1790081591.35,7.13808882886,7.15093381725,2.44210815612,-0.00736974868407,-0.00227854989552,-0.999970245112,-6.24922972713e-05,3.14143407081
36.658,1790081591.37,7.14879580804,7.16340590981,2.4443522174,-0.00744575858305,-0.00193764314527,-0.999970401007,-5.76843191922e-05,3.14144841793
36.678,1790081591.39,7.15956122648,7.17589319501,2.44659669857,-0.00750746128849,-0.00159625439551,-0.999970543162,-5.29723329213e-05,3.14146272976
36.698,1790081591.41,7.17038556532,7.18839299813,2.44884102022,-0.00755298560382,-0.00125322267263,-0.999970689321,-4.83728482241e-05,3.14147696638
36.718,1790081591.43,7.1812691817,7.2009026231,2.45108552819,-0.00758385794011,-0.000910777905513,-0.999970826401,-4.39289084206e-05,3.14149097222
36.738,1790081591.45,7.19221231594,7.21341938697,2.45332980508,-0.00759856805714,-0.000568074503568,-0.99997096832,-3.96590856669e-05,3.14150469446
36.758,1790081591.47,7.20321508273,7.22594060052,2.45557382846,-0.00759729717161,-0.000225883975456,-0.999971113975,-3.55910167489e-05,3.14151803278
36.778,1790081591.49,7.21427747488,7.2384635727,2.45781825154,-0.00758196385292,0.000113360161283,-0.99997124957,-3.1721693078e-05,3.14153092392
36.798,1790081591.51,7.22539936817,7.25098564772,2.46006248699,-0.00755109021778,0.000450882462916,-0.999971388068,-2.806719515e-05,3.14154332449
36.818,1790081591.53,7.23658052255,7.26350417123,2.4623069128,-0.00750580229232,0.000784323364385,-0.999971523175,-2.4641343908e-05,3.14155514203
36.838,1790081591.55,7.24782058022,7.27601653405,2.4645511246,-0.00744498972194,0.00111509564516,-0.999971663713,-2.14709290164e-05,3.14156631378
36.858,1790081591.57,7.25911906333,7.28852013959,2.46679507676,-0.00736887386905,0.00144211837915,-0.999971809426,-1.85781142071e-05,3.14157675026
36.878,1790081591.59,7.27047537757,7.3010124135,2.46903942677,-0.00727942636677,0.00176297402581,-0.999971950417,-1.59394008443e-05,3.1415864419
36.898,1790081591.61,7.28188881828,7.31349084591,2.4712836023,-0.00717512342008,0.00207883916117,-0.999972097534,-1.35703443913e-05,-3.14158996139
36.918,1790081591.63,7.29335856717,7.32595295203,2.47352796626,-0.00705769477459,0.0023876803608,-0.999972243512,-1.14750607955e-05,-3.14158189896
36.938,1790081591.65,7.30488370059,7.33839631494,2.47577208016,-0.00692607531854,0.00269029940492,-0.999972395457,-9.67767231253e-06,-3.14157474025
36.958,1790081591.67,7.31646318537,7.35081855986,2.47801592824,-0.00678064801167,0.00298594027831,-0.999972553076,-8.18150063183e-06,-3.1415685207
36.978,1790081591.69,7.32809588169,7.3632173573,2.48026014214,-0.00662367916052,0.0032724163844,-0.999972708686,-6.95816921541e-06,-3.14156321609
36.998,1790081591.71,7.33978055514,7.37559046896,2.48250413201,-0.00645389321606,0.0035509520016,-0.999972868615,-6.02952082919e-06,-3.14155887456
37.018,1790081591.73,7.35151587396,7.38793570245,2.48474828893,-0.00627298477977,0.00381980038607,-0.999973029015,-5.37191800022e-06,-3.14155547111
37.038,1790081591.75,7.3633004174,7.40025095611,2.4869921886,-0.00607995329835,0.00407993492125,-0.999973193778,-4.99954770572e-06,-3.14155303786
37.058,1790081591.77,7.37513267059,7.41253418899,2.48923582831,-0.00587529844332,0.00433084807017,-0.999973361945,-4.9025587518e-06,-3.14155156556
37.078,1790081591.79,7.38701102783,7.42478342046,2.49147981539,-0.00566130137075,0.00457027586473,-0.99997353076,-5.04221430325e-06,-3.14155098766
37.098,1790081591.81,7.39893380858,7.43699678272,2.49372357204,-0.00543675653971,0.00479949669519,-0.999973702894,-5.43316291673e-06,-3.1415513298
37.118,1790081591.83,7.41089925046,7.44917246929,2.49596748319,-0.0052034516169,0.00501682716947,-0.999973877409,-6.04141534284e-06,-3.1415525243
37.138,1790081591.85,7.4229055226,7.4613087836,2.49821113608,-0.00496048176725,0.00522333114641,-0.999974054856,-6.87375571879e-06,-3.14155457839
37.158,1790081591.87,7.4349507182,7.47340410557,2.50045453011,-0.00470844438574,0.00541860993489,-0.999974234246,-7.91242805587e-06,-3.14155745003
37.178,1790081591.89,7.44703285818,7.48545688999,2.50269826021,-0.0044497125149,0.0056005268409,-0.99997441671,-9.11022767024e-06,-3.14156103086
37.198,1790081591.91,7.45914991247,7.49746572129,2.50494175856,-0.00418314017574,0.00577043995833,-0.999974601303,-1.04771476744e-05,-3.14156532928
37.218,1790081591.93,7.471299788,7.50942925726,2.50718538485,-0.00391049448926,0.00592654643322,-0.999974791651,-1.19780230309e-05,-3.14157025689
37.238,1790081591.95,7.48348034611,7.52134628333,2.50942875691,-0.0036310463984,0.0060703746627,-0.999974982621,-1.36088365452e-05,-3.14157578651
37.258,1790081591.97,7.4956893937,7.53321567159,2.51167187461,-0.0033454645545,0.00620173772574,-0.999975172732,-1.53472780183e-05,-3.14158185175
37.278,1790081591.99,7.50792468674,7.54503637781,2.51391532242,-0.00305618733441,0.00631867291085,-0.999975366595,-1.71426714392e-05,-3.14158831591
37.298,1790081592.01,7.52018395707,7.55680749726,2.51615855049,-0.00276213257249,0.0064227299413,-0.999975559103,-1.9000740654e-05,3.14159013386
37.318,1790081592.03,7.53246489474,7.56852820482,2.51840192853,-0.00246519340155,0.00651249339152,-0.999975754614,-2.08806171397e-05,3.14158300236
37.338,1790081592.05,7.54476517194,7.58019780602,2.52064506279,-0.00216454714863,0.00658928537351,-0.999975947478,-2.27822279706e-05,3.14157561571
37.358,1790081592.07,7.55708242939,7.59181569885,2.52288795171,-0.00186085342137,0.00665297674722,-0.999976136973,-2.46840089603e-05,3.14156804701
37.378,1790081592.09,7.56941427927,7.60338136961,2.52513116749,-0.00155655017054,0.00670169391298,-0.999976331593,-2.65382263269e-05,3.14156044128
37.398,1790081592.11,7.58175833728,7.61489444923,2.52737417217,-0.00125056003102,0.0067371126287,-0.999976523029,-2.83504071882e-05,3.14155280431
37.418,1790081592.13,7.59411219874,7.62635465121,2.52961732887,-0.000944783446072,0.00675796684334,-0.999976717911,-3.00838897047e-05,3.14154525676
37.438,1790081592.15,7.6064734678,7.63776182205,2.53186025199,-0.000638401016395,0.00676573658914,-0.999976907856,-3.17396658708e-05,3.14153781419
37.458,1790081592.17,7.61883974022,7.64911590154,2.53410294081,-0.000332071678647,0.00676045414381,-0.999977092177,-3.33001861801e-05,3.14153054464
37.478,1790081592.19,7.63120860582,7.66041691737,2.53634595779,-2.82273579975e-05,0.00674040587318,-0.999977282205,-3.47253377865e-05,3.14152358502
37.498,1790081592.21,7.64357768566,7.67166504015,2.53858877488,0.000274225856273,0.00670741816307,-0.999977466768,-3.60227402988e-05,3.14151693103
37.518,1790081592.23,7.65594460184,7.68286052042,2.54083174886,0.000573413096876,0.00666037510368,-0.99997765436,-3.71641599376e-05,3.14151068858
37.538,1790081592.25,7.66830701149,7.6940037374,2.54307450013,0.000870187202039,0.00660089557507,-0.999977834502,-3.81539792716e-05,3.14150485916
37.558,1790081592.27,7.68066258592,7.70509515864,2.54531702957,0.0011639236325,0.0065291414992,-0.999978006795,-3.89816065221e-05,3.14149949299
37.578,1790081592.29,7.69300901223,7.71613533382,2.54755989119,0.00145223470991,0.00644353040471,-0.999978184942,-3.9618409773e-05,3.14149470305
37.598,1790081592.31,7.70534403508,7.72712494767,2.54980256395,0.00173626683054,0.00634601214711,-0.999978355716,-4.00755569595e-05,3.14149046685
37.618,1790081592.33,7.71766542024,7.73806475745,2.552045401,0.00201419861194,0.00623559138862,-0.999978529158,-4.03359926714e-05,3.14148686304
37.638,1790081592.35,7.72997099288,7.74895563932,2.55428802748,0.00228694373407,0.00611400209206,-0.99997869339,-4.04085685429e-05,3.14148387228
37.658,1790081592.37,7.74225861299,7.7597985482,2.5565304443,0.00255394460633,0.00598152187634,-0.999978848346,-4.02911933966e-05,3.14148151851
37.678,1790081592.39,7.75452617612,7.77059451095,2.55877319978,0.00281288360391,0.00583668196114,-0.999979009396,-3.99687217382e-05,3.14147988023
37.698,1790081592.41,7.76677165896,7.78134467637,2.56101577766,0.00306498385922,0.00568153914022,-0.999979161998,-3.94558863564e-05,3.14147891367
37.718,1790081592.43,7.7789930771,7.7920502544,2.56325852798,0.00330850547704,0.00551520604448,-0.999979317182,-3.87477817625e-05,3.14147866295
37.738,1790081592.45,7.79118852682,7.80271255932,2.56550107799,0.00354444860767,0.00533951737782,-0.999979462292,-3.78573574969e-05,3.14147908629
37.758,1790081592.47,7.80335615705,7.81333297056,2.56774342822,0.00377234650239,0.00515484948423,-0.999979597579,-3.67907859568e-05,3.14148017856
37.778,1790081592.49,7.81549416902,7.82391292537,2.56998612264,0.00398997783479,0.00495983157779,-0.999979739237,-3.55464560715e-05,3.14148197936
37.798,1790081592.51,7.82760086492,7.83445396533,2.57222864638,0.0041986648524,0.0047566082703,-0.99997987216,-3.41412901074e-05,3.14148442576
37.818,1790081592.53,7.83967460032,7.84495767828,2.5744713485,0.00439676711487,0.00454437535282,-0.999980007815,-3.25815973215e-05,3.14148752651
37.838,1790081592.55,7.85171382883,7.85542573783,2.57671385664,0.00458538761461,0.00432504275479,-0.999980133439,-3.08826406519e-05,3.14149122128
37.858,1790081592.57,7.86371707085,7.86585986581,2.57895617036,0.00476416885906,0.00409906159143,-0.999980249577,-2.90570539133e-05,3.14149547898
37.878,1790081592.59,7.87568291203,7.87626182473,2.58119883253,0.0049310004349,0.00386513103499,-0.999980372438,-2.71149791059e-05,3.14150030228
37.898,1790081592.61,7.88761005395,7.88663346001,2.5834413315,0.0050872533675,0.00362539245753,-0.999980487687,-2.50767726976e-05,3.14150560994
37.918,1790081592.63,7.89949726249,7.89697664649,2.58568401848,0.00523121275698,0.0033790079521,-0.999980607907,-2.29658956946e-05,3.14151136562
37.938,1790081592.65,7.91134341795,7.90729332678,2.58792647694,0.00536431203954,0.00312844593566,-0.999980718089,-2.07754556565e-05,3.14151753524
37.958,1790081592.67,7.92314747583,7.91758546579,2.59016874886,0.00548625168975,0.00287374608279,-0.999980820957,-1.85395643127e-05,3.14152403885
37.978,1790081592.69,7.93490846751,7.92785505316,2.59241137074,0.00559514125452,0.00261375799186,-0.999980931018,-1.62731438096e-05,3.14153085536
37.998,1790081592.71,7.94662555097,7.9381041389,2.59465380017,0.0056926671202,0.00235107941617,-0.999981032706,-1.3981611786e-05,3.14153791952
38.018,1790081592.73,7.9582979521,7.94833477716,2.59689641729,0.00577720013326,0.00208449688749,-0.999981139169,-1.16988779271e-05,3.14154516799
38.038,1790081592.75,7.96992501793,7.95854906756,2.59913880387,0.00585027605514,0.00181642243121,-0.999981237219,-9.41422731256e-06,3.1415525696
38.058,1790081592.77,7.98150617492,7.9687491123,2.60138100491,0.00591171791303,0.0015468649356,-0.9999813292,-7.1629002781e-06,3.14156003652
38.078,1790081592.79,7.99304092896,7.97893701857,2.603623562,0.0059598545235,0.00127461056113,-0.999981427566,-4.96578807359e-06,3.14156752743
38.098,1790081592.81,8.00452891515,7.98911493082,2.60586591201,0.00599641891528,0.00100213169432,-0.999981519171,-2.82315525214e-06,3.14157498771
38.118,1790081592.83,8.01596983705,7.99928498205,2.60810847446,0.00601989943539,0.000728553619325,-0.999981614841,-7.57297352776e-07,3.14158236664
38.138,1790081592.85,8.02736352143,8.00944932516,2.61035079165,0.00603196884668,0.000456122465453,-0.999981703484,1.22864049296e-06,3.14158960797
38.158,1790081592.87,8.0387098724,8.01961009752,2.61259293369,0.00603236276449,0.000185113273019,-0.999981787996,3.11976785193e-06,-3.14158864722
38.178,1790081592.89,8.05000887428,8.0297694193,2.61483544569,0.00601940379615,-8.56536013433e-05,-0.999981879545,4.89482887518e-06,-3.14158183216
38.198,1790081592.92,8.06126064205,8.03992942161,2.61707777266,0.00599509784413,-0.00035375352718,-0.999981966646,6.56808672066e-06,-3.14157527483
38.218,1790081592.93,8.07246535701,8.05009220369,2.61932031,0.00595798630963,-0.000620216506748,-0.999982058672,8.10154258458e-06,-3.14156905864
38.238,1790081592.95,8.08362332149,8.06025986118,2.62156259043,0.00590988011931,-0.000882875244239,-0.99998214672,9.49884177664e-06,-3.14156321882
38.258,1790081592.98,8.09473491198,8.0704344548,2.62380468173,0.00585066742775,-0.00114150877346,-0.999982233109,1.07490710952e-05,-3.14155779627
38.278,1790081593,8.1058005807,8.08061800894,2.62604712831,0.00577879705761,-0.00139736119445,-0.999982326217,1.1828966899e-05,-3.14155284328
38.298,1790081593.01,8.11682090513,8.09081253566,2.62828934075,0.00569637801808,-0.00164816277266,-0.999982417183,1.27489240883e-05,-3.1415483762
38.318,1790081593.04,8.12779652336,8.10101999946,2.63053174162,0.00560232959418,-0.00189503217264,-0.999982511134,1.34817157584e-05,-3.14154445441
38.338,1790081593.06,8.13872818356,8.11124234173,2.63277387069,0.00549841351535,-0.00213564307028,-0.999982602989,1.40542719713e-05,-3.14154105712
38.358,1790081593.08,8.14961670003,8.12148145053,2.63501580228,0.00538458898639,-0.00236978779422,-0.999982694899,1.44642645521e-05,-3.14153820174
38.378,1790081593.1,8.16046295382,8.13173915953,2.63725809252,0.00525938553453,-0.00259875696691,-0.999982792407,1.46928884627e-05,-3.14153592945
38.398,1790081593.12,8.17126794013,8.14201726852,2.63950014518,0.00512495406625,-0.0028203078913,-0.999982890099,1.47631497764e-05,-3.14153421683
38.418,1790081593.14,8.18203270508,8.15231751389,2.6417424018,0.00498016632036,-0.00303551527405,-0.999982991543,1.46605892699e-05,-3.14153309521
38.438,1790081593.16,8.19275839524,8.16264158668,2.64398438234,0.00482706305293,-0.00324233756283,-0.999983093108,1.440899667e-05,-3.14153253135
38.458,1790081593.18,8.2034462112,8.17299110974,2.6462261596,0.00466574553522,-0.00344069872444,-0.999983195966,1.40105663207e-05,-3.14153252346
38.478,1790081593.2,8.21409740729,8.18336763729,2.64846830191,0.00449481276987,-0.00363195769207,-0.999983302541,1.34524650621e-05,-3.14153309676
38.498,1790081593.22,8.22471333626,8.19377267231,2.65071021112,0.00431636195296,-0.00381382830124,-0.999983411647,1.27733438823e-05,-3.14153418142
38.518,1790081593.24,8.23529539104,8.20420764002,2.652952325,0.00412952300686,-0.00398765517374,-0.999983522616,1.1952472554e-05,-3.14153581287
38.538,1790081593.26,8.24584504753,8.21467390561,2.65519415394,0.00393643413934,-0.00415151681905,-0.999983634503,1.10190112688e-05,-3.14153792989
38.558,1790081593.28,8.25636382024,8.22517275491,2.65743577184,0.00373727059107,-0.00430543845683,-0.999983747822,9.97958387375e-06,-3.14154051211
38.578,1790081593.3,8.26685326161,8.23570539424,2.65967775591,0.00353072656421,-0.00445091556156,-0.999983861491,8.8224204337e-06,-3.14154357788
38.598,1790081593.32,8.27731500318,8.24627296576,2.6619194892,0.00331907218829,-0.00458588290086,-0.999983976562,7.5831691107e-06,-3.14154704474
38.618,1790081593.34,8.28775069845,8.25687652813,2.66416142993,0.00310128887401,-0.00471158567819,-0.999984091338,6.25554204504e-06,-3.14155091793
38.638,1790081593.36,8.298162065,8.26751706828,2.66640308131,0.00287950682363,-0.00482615059105,-0.999984208219,4.8733534721e-06,-3.14155511255
38.658,1790081593.38,8.30855084253,8.27819548536,2.66864451877,0.00265391836706,-0.00492967774686,-0.999984327369,3.44674011665e-06,-3.14155959383
38.678,1790081593.4,8.31891879199,8.28891259105,2.67088632854,0.00242325778416,-0.00502376144039,-0.999984444698,1.96657924729e-06,-3.14156437242
38.698,1790081593.42,8.3292677329,8.29966912332,2.67312788306,0.00218983580528,-0.00510644963931,-0.999984564276,4.6968345694e-07,-3.14156934944
38.718,1790081593.44,8.33959949057,8.310465731,2.67536964948,0.00195267363451,-0.00517911620164,-0.999984681793,-1.04854449945e-06,-3.14157452426
38.738,1790081593.46,8.34991593353,8.32130298419,2.67761112404,0.00171393434055,-0.00524001529253,-0.999984802216,-2.55481248519e-06,-3.14157980098
38.758,1790081593.48,8.36021893478,8.33218136077,2.67985238559,0.00147385233062,-0.00528940632564,-0.999984924848,-4.04018196079e-06,-3.14158514219
38.778,1790081593.5,8.37051037056,8.34310124777,2.68209402702,0.00123124855907,-0.00532908084134,-0.999985042335,-5.51676686724e-06,-3.14159056411
38.798,1790081593.52,8.38079215225,8.35406295599,2.68433541761,0.000988354391052,-0.00535711114808,-0.999985162124,-6.94555380723e-06,3.14158935213
38.818,1790081593.54,8.39106618053,8.36506670567,2.68657703175,0.000744181048625,-0.00537496549857,-0.999985277827,-8.33066912905e-06,3.14158399238
38.838,1790081593.56,8.40133437763,8.37611263651,2.68881835873,0.000500884409085,-0.00538099597451,-0.999985396845,-9.64255359273e-06,3.14157875927
38.858,1790081593.58,8.41159865237,8.38720079593,2.69105947976,0.000258672899128,-0.00537554726871,-0.999985518126,-1.08731771045e-05,3.14157368856
38.878,1790081593.6,8.42186089887,8.39833114103,2.69330099995,1.62948435518e-05,-0.00536045534605,-0.999985632451,-1.20316422978e-05,3.14156876535
38.898,1790081593.62,8.43212302548,8.40950355228,2.69554227433,-0.000223935699338,-0.0053339954382,-0.999985748986,-1.30899413063e-05,3.14156408513
38.918,1790081593.64,8.44238691313,8.42071782219,2.69778378196,-0.000463001605874,-0.00529776839711,-0.999985859441,-1.40541779146e-05,3.14155963987
38.938,1790081593.66,8.45265444272,8.43197366604,2.70002500585,-0.000698759290175,-0.00525024366863,-0.999985973129,-1.49019009862e-05,3.14155551286
38.958,1790081593.68,8.462927464,8.44327071091,2.70226602891,-0.000931032066797,-0.00519187687838,-0.999986088578,-1.56290537496e-05,3.14155172824
38.978,1790081593.7,8.47320779445,8.4546084985,2.70450746284,-0.00116111174708,-0.0051246070155,-0.999986194884,-1.62462420731e-05,3.14154826095
38.998,1790081593.72,8.48349724426,8.46598650006,2.70674865619,-0.00138673067277,-0.00504680235475,-0.999986303148,-1.67338335367e-05,3.14154518909
39.018,1790081593.74,8.4937975807,8.47740410494,2.70899009138,-0.00160892090491,-0.00496015533008,-0.999986403878,-1.7100028297e-05,3.14154249274
39.038,1790081593.76,8.50411055095,8.48886063311,2.71123124649,-0.00182559140846,-0.00486322228035,-0.999986507901,-1.73309530605e-05,3.14154023529
39.058,1790081593.78,8.51443785506,8.50035532387,2.71347220212,-0.00203661470388,-0.00475654030962,-0.999986613521,-1.74271628971e-05,3.1415384248
39.078,1790081593.8,8.52478114503,8.51188733936,2.71571357361,-0.00224334093556,-0.00464213644068,-0.999986708756,-1.74007393714e-05,3.14153702422
39.098,1790081593.82,8.53514204625,8.52345578152,2.71795470529,-0.00244356548194,-0.00451846484844,-0.999986805996,-1.7241572549e-05,3.14153608789
39.118,1790081593.84,8.54552212803,8.53505967965,2.72019607546,-0.0026382913739,-0.00438720898562,-0.999986895678,-1.69541239119e-05,3.14153559552
39.138,1790081593.86,8.55592292138,8.54669800476,2.72243714706,-0.00282530646488,-0.00424681652897,-0.999986990875,-1.65223458441e-05,3.1415356113
39.158,1790081593.88,8.56634589276,8.55836965422,2.72467802243,-0.00300485401886,-0.0040982028397,-0.999987087582,-1.5968339939e-05,3.1415360873
39.178,1790081593.9,8.57679244809,8.57007346011,2.72691932189,-0.00317842928632,-0.00394354143741,-0.999987172835,-1.53068648628e-05,3.14153697059
39.198,1790081593.92,8.5872639491,8.58180821035,2.729160095,-0.00334396406927,-0.00378060807871,-0.999987262267,-1.45422254186e-05,3.14153828386
39.218,1790081593.94,8.59776164771,8.59357258085,2.73139416107,-0.00350279660312,-0.00360954111964,-0.999987350641,-1.36899141919e-05,3.14153998584
39.238,1790081593.96,8.60828677444,8.60536520882,2.73361814701,-0.00365194357406,-0.00343010597389,-0.999987448681,-1.27214222438e-05,3.14154215661
39.258,1790081593.98,8.61884056334,8.61718475352,2.73583089614,-0.00376977242454,-0.00322227608057,-0.999987702733,-1.16546868692e-05,3.14154504865
39.278,1790081594,8.629423973,8.62902962388,2.73803223251,-0.00384620009831,-0.00297702325719,-0.999988171913,-1.05703579717e-05,3.14154861137
39.298,1790081594.02,8.64003760697,8.64089790666,2.74022205084,-0.00387927984958,-0.00269304472099,-0.999988849241,-9.52590917046e-06,3.14155270663
39.318,1790081594.04,8.65068171288,8.65278736831,2.74240068689,-0.00387289932065,-0.00237474835008,-0.999989680521,-8.56862782768e-06,3.14155712112
39.338,1790081594.06,8.66135622256,8.66469550044,2.74456822727,-0.00383219949628,-0.00202770774021,-0.99999060125,-7.73158584242e-06,3.14156164849
39.358,1790081594.08,8.6720607984,8.67661956804,2.74672496599,-0.00376314702706,-0.00165827792315,-0.999991544359,-7.05507155599e-06,3.14156606213
39.378,1790081594.1,8.68279488359,8.68855666264,2.7488713184,-0.00367120897244,-0.00127233871976,-0.999992451639,-6.56033388366e-06,3.14157019037
39.398,1790081594.12,8.69355774802,8.70050375316,2.7510073585,-0.00355952274395,-0.000873517588211,-0.99999328334,-6.27618413162e-06,3.14157388222
39.418,1790081594.14,8.70434851042,8.7124577091,2.75313346247,-0.00343100567037,-0.000465294957469,-0.999994005813,-6.23092558837e-06,3.14157699859
39.438,1790081594.16,8.71516616244,8.72441533312,2.75524972043,-0.00328664910405,-4.89802153861e-05,-0.999994597734,-6.45826657786e-06,3.14157941488
39.458,1790081594.18,8.7260095741,8.73637336458,2.75735638959,-0.00312720484167,0.000374070078275,-0.999995040294,-6.98966240957e-06,3.14158101369
39.478,1790081594.2,8.73687749821,8.74832849066,2.75945383154,-0.00295333104089,0.000802777065541,-0.999995316651,-7.8478690018e-06,3.14158169947
39.498,1790081594.22,8.74776857638,8.76027735833,2.76154209113,-0.00276460658014,0.00123724734996,-0.999995413033,-9.07089836439e-06,3.14158135271
39.518,1790081594.24,8.75868133279,8.77221656542,2.76362148045,-0.00256145200857,0.0016765960151,-0.999995313927,-1.06826196453e-05,3.14157987732
39.538,1790081594.26,8.7696141799,8.7841426747,2.76569206336,-0.00234345555688,0.00212079420958,-0.999995005131,-1.27103143194e-05,3.14157717289
39.558,1790081594.28,8.7805654121,8.79605220779,2.7677540453,-0.00211099044824,0.00256906698253,-0.999994471677,-1.51737273402e-05,3.14157315268
39.578,1790081594.3,8.79153320936,8.80794165221,2.76980772639,-0.00186479905548,0.00302027709676,-0.999993700042,-1.80781988313e-05,3.14156776167
39.598,1790081594.32,8.8025156455,8.81980747625,2.77185312854,-0.00160487999643,0.00347405526685,-0.999992677393,-2.14409501852e-05,3.14156092272
39.618,1790081594.34,8.81351068447,8.83164612336,2.77389051263,-0.00133217398133,0.00392913023109,-0.999991393268,-2.52606671302e-05,3.14155260112
39.638,1790081594.36,8.82451619148,8.84345403066,2.77591989849,-0.0010469174999,0.00438497687135,-0.999989837483,-2.95512328002e-05,3.14154273303
39.658,1790081594.38,8.8355299319,8.85522762612,2.77794144043,-0.000749917612142,0.00484050525199,-0.999988002906,-3.43133656613e-05,3.14153128757
39.678,1790081594.4,8.84654957821,8.86696333818,2.77995537366,-0.000442210673594,0.00529438152442,-0.999985886106,-3.95317085013e-05,3.14151827372
39.698,1790081594.42,8.85757272083,8.87865761335,2.78196167951,-0.000124153820063,0.00574611863811,-0.999983482195,-4.52063388231e-05,3.14150366921
39.718,1790081594.44,8.86859686682,8.89030690992,2.78396054877,0.000203173485108,0.00619447062278,-0.999980792126,-5.13171987745e-05,3.14148750405
39.738,1790081594.46,8.87961945283,8.9019077173,2.78595195902,0.000539421493435,0.00663891577403,-0.999977814991,-5.78598341343e-05,3.14146977407
39.758,1790081594.48,8.89063784397,8.91345655237,2.78793600227,0.000883772292045,0.00707845423211,-0.999974554792,-6.48154496981e-05,3.14145051428
39.778,1790081594.5,8.90164934049,8.92494996876,2.78991283155,0.00123511577586,0.0075119398252,-0.999971019602,-7.21516647944e-05,3.14142979771
39.798,1790081594.52,8.91265119064,8.93638457289,2.79188237569,0.00159306540693,0.00793892022978,-0.999967214118,-7.9854471565e-05,3.14140765451
39.818,1790081594.54,8.92364058813,8.9477570171,2.79384474254,0.0019565624282,0.00835828252264,-0.999963150947,-8.78885179722e-05,3.14138417443
39.838,1790081594.56,8.93461468584,8.95906401839,2.7957998535,0.00232520180179,0.00876956999047,-0.999958838562,-9.62339348581e-05,3.14135940908
39.858,1790081594.58,8.94557059453,8.97030235395,2.7977477251,0.00269815153523,0.00917189981748,-0.999954291574,-0.000104857575299,3.1413334499
39.878,1790081594.6,8.95650538977,8.98146886959,2.79968842322,0.0030743149451,0.00956426299487,-0.999949528991,-0.000113714128711,3.14130642429
39.898,1790081594.62,8.96741612516,8.99256049482,2.80162182057,0.00345323603358,0.00994628472127,-0.999944564217,-0.000122775939301,3.14127841409
39.918,1790081594.64,8.97829982981,9.00357423524,2.80354793834,0.00383388597001,0.0103169805035,-0.999939420069,-0.000131998271363,3.1412495547
39.938,1790081594.66,8.98915352216,9.01450719029,2.80546663963,0.00421580202343,0.0106759800482,-0.999934113071,-0.000141350051233,3.14121994323
39.958,1790081594.68,8.9999742089,9.02535654823,2.80737786722,0.00459813654693,0.0110225543054,-0.999928666306,-0.000150788493849,3.14118971466
39.978,1790081594.7,9.01075889232,9.03611959315,2.80928160159,0.00497986348031,0.0113558230049,-0.999923107323,-0.000160264478442,3.14115902688
39.998,1790081594.72,9.0215045829,9.04679371897,2.81117766184,0.00536051430162,0.0116754929499,-0.999917456062,-0.000169744527461,3.14112799257
40.018,1790081594.74,9.03220829659,9.05737642164,2.81306599274,0.00573909724727,0.0119807710737,-0.999911741996,-0.000179179629192,3.14109677568
40.038,1790081594.76,9.04286706867,9.06786531468,2.81494640741,0.00611513345814,0.0122714038489,-0.999905986703,-0.00018853461843,3.14106549784
40.058,1790081594.78,9.05347795263,9.0782581238,2.81681878625,0.00648781536976,0.0125468310826,-0.999900218107,-0.000197765614769,3.14103431179
40.078,1790081594.8,9.0640380273,9.0885526925,2.81868304214,0.00685619003931,0.012806369027,-0.999894467828,-0.00020682479451,3.14100338647
40.098,1790081594.82,9.07454440875,9.09874699386,2.82053895693,0.00721979774323,0.0130498505316,-0.999888758515,-0.000215678895474,3.14097284463
40.118,1790081594.84,9.08499424762,9.10883912264,2.8223864181,0.00757773480026,0.0132766837094,-0.999883121821,-0.00022428318285,3.14094285068
40.138,1790081594.86,9.09538474207,9.11882730832,2.8242252085,0.00792954746334,0.0134867480251,-0.999877580406,-0.000232605655347,3.14091352624
40.158,1790081594.88,9.10571313666,9.12870990941,2.82605516905,0.0082745082615,0.0136796677849,-0.999872162484,-0.000240608694505,3.14088501581
40.178,1790081594.9,9.11597672884,9.13848541752,2.82787617044,0.00861177483982,0.0138549707166,-0.999866898888,-0.000248253001658,3.14085747289
40.198,1790081594.92,9.12617287963,9.14815246656,2.82968798189,0.00894093128721,0.0140126299068,-0.999861810784,-0.000255512186123,3.14083100619
40.218,1790081594.94,9.13629901105,9.15770982503,2.83149046183,0.0092611945869,0.0141522675774,-0.999856927149,-0.000262352366919,3.14080575519
40.238,1790081594.96,9.14635261764,9.16715640607,2.83328339013,0.0095721674411,0.0142739084862,-0.999852267548,-0.000268750796361,3.14078181839
40.258,1790081594.98,9.1563312653,9.17649126174,2.83506659761,0.00987323293707,0.0143773727321,-0.999847855913,-0.000274681920449,3.14075930863
40.278,1790081595,9.16623259678,9.18571358524,2.83683994372,0.0101636880973,0.0144624085453,-0.999843717646,-0.000280120354971,3.14073834119
40.298,1790081595.02,9.17605434088,9.19482271752,2.83860321411,0.0104431892616,0.0145291371721,-0.999839868537,-0.000285051517404,3.1407189903
40.318,1790081595.04,9.18579430995,9.20381813978,2.84035626914,0.0107111033324,0.0145774025142,-0.999836330514,-0.000289456848326,3.14070135009
40.338,1790081595.06,9.19545040945,9.21269948041,2.84209891497,0.0109671170155,0.0146073795767,-0.999833116458,-0.000293326891415,3.14068547789
40.358,1790081595.08,9.2050206368,9.22146650915,2.84383100266,0.0112107497139,0.0146190862536,-0.999830242294,-0.000296651564491,3.14067143788
40.378,1790081595.1,9.21450308572,9.23011913775,2.84555241073,0.0114414634518,0.0146124921408,-0.999827724327,-0.000299422210636,3.14065929148
40.398,1790081595.12,9.2238959534,9.2386574236,2.84726296911,0.011659010409,0.0145878648356,-0.999825570132,-0.000301638516404,3.14064906523
40.418,1790081595.14,9.23319753823,9.24708156278,2.84896256884,0.0118629291192,0.0145452652962,-0.999823791565,-0.000303298836566,3.14064079611
40.438,1790081595.16,9.24240624708,9.25539189376,2.8506510686,0.0120530104884,0.0144850122478,-0.999822392575,-0.000304408323203,3.14063449079
40.458,1790081595.18,9.25152059411,9.26358889167,2.85232836539,0.012228929549,0.0144073132953,-0.999821378846,-0.000304972881629,3.14063015698
40.478,1790081595.2,9.26053920375,9.27167316729,2.85399438157,0.0123903306902,0.0143123488626,-0.999820755611,-0.000305000358284,3.14062779661
40.498,1790081595.22,9.26946081568,9.27964546799,2.85564901314,0.012537077711,0.0142005206795,-0.99982052098,-0.000304504345977,3.14062738482
40.518,1790081595.24,9.27828428289,9.28750667128,2.85729220253,0.0126689013612,0.0140720988237,-0.999820675352,-0.000303498388479,3.14062890035
40.538,1790081595.26,9.28700857627,9.2952577855,2.8589238786,0.0127857175201,0.0139275380455,-0.999821212971,-0.000302000334107,3.14063229991
40.558,1790081595.28,9.29563278324,9.30289994402,2.86054400195,0.012887353769,0.0137672038781,-0.999822129277,-0.00030003052942,3.14063753647
40.578,1790081595.3,9.30415610965,9.31043440303,2.86215255369,0.0129736424804,0.0135914643537,-0.999823418472,-0.000297610392202,3.14064455727
40.598,1790081595.32,9.31257788228,9.31786253994,2.86374950766,0.0130445627656,0.0134008390897,-0.999825069704,-0.00029476483275,3.14065329131
40.618,1790081595.34,9.3208975473,9.32518584761,2.86533486783,0.0131000249089,0.0131957890327,-0.999827072806,-0.000291519714359,3.14066366592
40.638,1790081595.36,9.32911467229,9.33240593193,2.86690864108,0.0131400602101,0.0129768622188,-0.999829413939,-0.00028790205446,3.14067559763
40.658,1790081595.38,9.33722894508,9.33952450662,2.86847085602,0.0131646903318,0.0127445628943,-0.999832079113,-0.000283940353812,3.14068899867
40.678,1790081595.4,9.34524017377,9.34654338976,2.87002155514,0.013173947539,0.0124994218733,-0.99983505307,-0.000279664296411,3.14070377536
40.698,1790081595.42,9.35314828685,9.35346449993,2.87156079049,0.0131679365219,0.0122420464389,-0.999838317961,-0.000275105182769,3.1407198246
40.718,1790081595.44,9.36095333205,9.36028985117,2.87308862703,0.0131467681479,0.011973053837,-0.9998418552,-0.000270295391588,3.14073703869
40.738,1790081595.46,9.36865547544,9.36702154805,2.87460514594,0.013110589705,0.0116930723242,-0.999845645153,-0.000265266730762,3.14075530809
40.758,1790081595.48,9.37625500052,9.37366178102,2.87611043469,0.0130595690921,0.0114027301196,-0.999849667587,-0.000260050873502,3.14077452155
40.778,1790081595.5,9.38375230688,9.38021282151,2.87760458676,0.0129939010241,0.0111026685094,-0.999853901541,-0.000254678722508,3.14079456718
40.798,1790081595.52,9.39114790819,9.38667701651,2.87908772113,0.0129137927081,0.0107935280308,-0.999858325774,-0.000249181780567,3.14081533066
40.818,1790081595.54,9.3984424316,9.39305678458,2.88055994874,0.0128195351415,0.0104760372103,-0.999862917017,-0.000243591286716,3.14083669353
40.838,1790081595.56,9.40563661414,9.39935460885,2.88202141089,0.0127113886443,0.0101508701241,-0.999867653152,-0.000237938154649,3.14085853976
40.858,1790081595.58,9.41273130205,9.40557303296,2.88347223676,0.0125896682721,0.00981872627766,-0.999872511337,-0.000232251134338,3.1408807559
40.878,1790081595.6,9.41972744804,9.41171465542,2.88491255412,0.0124547531536,0.00948035991428,-0.999877467778,-0.000226558718674,3.14090322674
40.898,1790081595.62,9.42662610688,9.41778212254,2.88634253036,0.0123069520271,0.00913644052597,-0.999882500894,-0.000220888800129,3.14092584247
40.918,1790081595.64,9.43342843547,9.42377812529,2.88776230167,0.0121467263336,0.00878780341715,-0.999887586287,-0.000215267307019,3.14094849123
40.938,1790081595.66,9.4401356865,9.4297053904,2.88917204616,0.0119744047996,0.00843511125828,-0.999892703517,-0.000209718742181,3.14097107201
40.958,1790081595.68,9.44674920839,9.43556667722,2.89057191275,0.0117904350495,0.00807911544386,-0.999897830686,-0.000204265059477,3.14099348607
40.978,1790081595.7,9.45327044129,9.44136477146,2.89196203741,0.0115953277954,0.00772060660669,-0.999902945808,-0.000198926008647,3.14101563911
40.998,1790081595.72,9.45970091074,9.4471024773,2.89334261275,0.0113894602809,0.00736024207471,-0.999908030522,-0.000193721694381,3.14103744344
41.018,1790081595.74,9.46604222858,9.45278261506,2.89471377021,0.0111734161436,0.00699885578432,-0.999913063818,-0.000188668206971,3.14105881444
41.038,1790081595.76,9.47229608431,9.45840801166,2.89607570069,0.0109475774064,0.00663705962481,-0.999918029747,-0.000183781167472,3.14107967899
41.058,1790081595.78,9.47846424572,9.46398149852,2.89742854775,0.0107125044677,0.0062756224893,-0.9999229104,-0.000179072814588,3.14109996723
41.078,1790081595.8,9.48454855369,9.4695059049,2.89877243191,0.0104688376448,0.0059153725702,-0.999927688054,-0.000174552673958,3.14111961566
41.098,1790081595.82,9.49055091403,9.47498404919,2.90010754432,0.0102169806259,0.0055568820354,-0.999932350407,-0.00017023044658,3.14113857182
41.118,1790081595.84,9.49647329942,9.480418738,2.9014339896,0.00995762533294,0.00520098983533,-0.999936881913,-0.00016611108279,3.14115678694
41.138,1790081595.86,9.50231773877,9.48581275595,2.90275194945,0.0096911825505,0.00484823406433,-0.999941272925,-0.000162200350842,3.1411742231
41.158,1790081595.88,9.50808631851,9.49116886459,2.90406153882,0.00941829123124,0.00449935938034,-0.999945511732,-0.000158499794457,3.14119084744
41.178,1790081595.9,9.51378117654,9.49648979578,2.90536283981,0.00913968279767,0.0041551816007,-0.999949587048,-0.000155008046218,3.14120663455
41.198,1790081595.92,9.51940449271,9.50177824278,2.90665602493,0.00885577302744,0.00381618049875,-0.999953493434,-0.000151725459275,3.14122156812
41.218,1790081595.94,9.5249584916,9.50703686047,2.90794115306,0.00856733401037,0.00348317007514,-0.999957222194,-0.000148646575707,3.14123563778
41.238,1790081595.96,9.53044543038,9.51226825498,2.9092183804,0.00827477491372,0.00315658088818,-0.999960770655,-0.000145768449348,3.14124884105
41.258,1790081595.98,9.53586760078,9.51747498364,2.91048777726,0.00797878167071,0.00283709856368,-0.999964134078,-0.000143083405062,3.14126118166
41.278,1790081596,9.54122732248,9.52265954883,2.91174937258,0.00768014422805,0.002525491549,-0.999967308223,-0.000140581041678,3.14127267067
41.298,1790081596.02,9.54652693269,9.52782438931,2.91300330859,0.0073792582382,0.00222211361468,-0.999970294381,-0.000138254495366,3.14128332402
41.318,1790081596.04,9.55176878974,9.53297188148,2.91424958658,0.00707694543273,0.00192772351499,-0.99997309074,-0.000136090443564,3.14129316524
41.338,1790081596.06,9.55695525989,9.53810432944,2.91548832889,0.00677358232872,0.00164261469402,-0.999975700916,-0.000134079911828,3.14130222086
41.358,1790081596.08,9.56208872012,9.54322396604,2.91671955363,0.00646987115931,0.0013673860225,-0.999978126532,-0.000132209090061,3.14131052395
41.378,1790081596.1,9.56717155114,9.54833294735,2.91794323061,0.00616662968068,0.00110273209329,-0.999980369627,-0.000130461940396,3.14131811367
41.398,1790081596.12,9.57220612657,9.55343334466,2.91915946913,0.00586420235815,0.000848854781495,-0.999982436836,-0.000128827716967,3.14132502856
41.418,1790081596.14,9.57719481722,9.55852714679,2.92036821102,0.00556342891012,0.000606432287439,-0.999984332025,-0.000127289080349,3.14133131555
41.438,1790081596.16,9.58213997757,9.56361625097,2.92156954574,0.00526462215031,0.000375597004534,-0.999986063326,-0.000125834649154,3.14133701887
41.458,1790081596.18,9.58704394912,9.56870246498,2.92276344139,0.0049684693542,0.000156837904738,-0.999987637037,-0.000124448494331,3.14134218882
41.478,1790081596.2,9.59190905361,9.57378750257,2.92394981194,0.00467578644543,-4.92449202167e-05,-0.99998905966,-0.000123113139219,3.14134687977
41.498,1790081596.22,9.59673758202,9.57887297628,2.92512873965,0.00438683769385,-0.000242620779747,-0.999990340929,-0.000121817720574,3.14135113988
41.518,1790081596.24,9.60153179963,9.58396040092,2.92630011332,0.00410245282292,-0.000422709354771,-0.999991488297,-0.000120545167659,3.1413550256
41.538,1790081596.26,9.60629393249,9.58905118544,2.92746399826,0.00382285307504,-0.000589555789743,-0.999992511967,-0.000119285404845,3.14135858529
41.558,1790081596.28,9.61102617158,9.59414663626,2.92862032197,0.00354868414709,-0.000742795371846,-0.999993420561,-0.000118024430907,3.14136187236
41.578,1790081596.3,9.61573066626,9.59924795378,2.9297689535,0.0032807326842,-0.000881936880917,-0.999994222659,-0.000116747460337,3.14136494191
41.598,1790081596.32,9.62040951362,9.60435622611,2.93090996063,0.0030191556912,-0.00100713406276,-0.999994928513,-0.000115446884879,3.14136783828
41.618,1790081596.34,9.62506476426,9.60947243389,2.93204319205,0.00276474719519,-0.00111791555251,-0.999995546698,-0.000114109791779,3.14137061313
41.638,1790081596.36,9.62969840921,9.6145974431,2.93316870323,0.0025176112751,-0.00121451427436,-0.999996086933,-0.000112730430436,3.14137330618
41.658,1790081596.38,9.63431238479,9.61973200982,2.934286396,0.0022783270929,-0.00129669864296,-0.999996557699,-0.000111300041399,3.14137596063
41.678,1790081596.4,9.63890856674,9.62487677778,2.93539610964,0.00204762916049,-0.00136409238171,-0.9999969672,-0.000109809788658,3.14137861919
41.698,1790081596.42,9.6434887601,9.63003227312,2.9364979134,0.00182554417352,-0.00141703926198,-0.999997323831,-0.000108257580028,3.14138131133
41.718,1790081596.44,9.64805470568,9.63519891052,2.93759163257,0.00161280756221,-0.00145518171219,-0.99999763496,-0.000106637442124,3.14138407198
41.738,1790081596.46,9.65260806779,9.64037698699,2.93867732933,0.00140938420969,-0.00147894378382,-0.999997907671,-0.000104949650604,3.14138692271
41.758,1790081596.48,9.65715044001,9.64556668819,2.93975489683,0.0012157654383,-0.00148822911313,-0.999998148218,-0.000103192644399,3.14138988676
41.778,1790081596.5,9.66168333995,9.65076808698,2.94082416153,0.00103261383892,-0.00148277644214,-0.999998362403,-0.000101365379893,3.14139298501
41.798,1790081596.52,9.66620820002,9.65598113901,2.94188521016,0.000859807521289,-0.00146311760896,-0.999998555061,-9.94719789519e-05,3.14139622563
41.818,1790081596.54,9.67072637466,9.6612056905,2.94293786053,0.00069800768166,-0.00142900386818,-0.999998730611,-9.75145989058e-05,3.14139961936
41.838,1790081596.56,9.67523912902,9.66644147264,2.94398219647,0.000547024768035,-0.00138104459115,-0.999998892179,-9.5499579137e-05,3.14140316546
41.858,1790081596.58,9.67974764566,9.67168810959,2.94501811708,0.000407249066308,-0.00131927050852,-0.999999042471,-9.34328305225e-05,3.14140686259
41.878,1790081596.6,9.6842530202,9.67694511805,2.9460454504,0.000279258253541,-0.00124352679379,-0.999999183658,-9.13212535848e-05,3.14141070573
41.898,1790081596.62,9.68875625289,9.68221190323,2.94706431345,0.000162769163126,-0.00115452417152,-0.999999316314,-8.91741980104e-05,3.14141468115
41.918,1790081596.64,9.69325825686,9.68748776853,2.94807453315,5.83473749318e-05,-0.00105216286344,-0.99999944099,-8.70019890079e-05,3.14141877249
41.938,1790081596.66,9.69775984776,9.69277191058,2.9490762286,-3.43693894547e-05,-0.000937268583281,-0.999999556576,-8.48158869755e-05,3.14142295746
41.958,1790081596.68,9.70226175177,9.69806343005,2.95006930932,-0.000115083697904,-0.000809891487735,-0.999999662002,-8.262696205e-05,3.14142721331
41.978,1790081596.7,9.7067646019,9.70336133045,2.95105361433,-0.000183306134342,-0.000669943037619,-0.999999755552,-8.04484881365e-05,3.14143151103
41.998,1790081596.72,9.71126893044,9.70866451435,2.95202929591,-0.000239456268525,-0.000518258730517,-0.99999983397,-7.82908578686e-05,3.14143582368
42.018,1790081596.74,9.71577517799,9.71397179496,2.95299619524,-0.00028304487806,-0.000354773914052,-0.99999989411,-7.61682616803e-05,3.14144011622
42.038,1790081596.76,9.72028368363,9.71928189009,2.95395447343,-0.000314654262614,-0.000180498354057,-0.999999931461,-7.40956545473e-05,3.14144434867
42.058,1790081596.78,9.7247946951,9.72459343556,2.95490405561,-0.000334073374816,4.37893624083e-06,-0.99999994159,-7.20874247073e-05,3.14144848164
42.078,1790081596.8,9.72930836542,9.72990498478,2.9558448001,-0.000340931508121,0.000199776941151,-0.999999919466,-7.0162467678e-05,3.14145246485
42.098,1790081596.82,9.73382474602,9.73521500556,2.95677689914,-0.000335890442346,0.00040463664007,-0.999999859389,-6.83332448769e-05,3.14145625892
42.118,1790081596.84,9.7383437984,9.74052189566,2.95770020003,-0.000318571409622,0.000619073780532,-0.999999755411,-6.66162398851e-05,3.14145981555
42.138,1790081596.86,9.74286538493,9.74582397358,2.95861490288,-0.000289644323632,0.000841967430322,-0.999999601484,-6.50233281632e-05,3.14146309471
42.158,1790081596.88,9.74738927945,9.75111949481,2.95952094816,-0.000248987684465,0.00107308436742,-0.999999391227,-6.35694005228e-05,3.14146604922
42.178,1790081596.9,9.75191516476,9.75640665118,2.96041820548,-0.000196316929166,0.00131230497936,-0.999999117718,-6.2274062378e-05,3.14146862082
42.198,1790081596.92,9.75644262627,9.76168356664,2.96130689905,-0.000132386640127,0.00155842449695,-0.999998775023,-6.11466262035e-05,3.14147077311
42.218,1790081596.94,9.76097116466,9.76694831634,2.96218688393,-5.68706138965e-05,0.00181151366529,-0.999998355778,-6.020415797e-05,3.14147245151
42.238,1790081596.96,9.76550018617,9.77219891557,2.96305839033,2.93512444669e-05,0.00207039419139,-0.999997854534,-5.94501012026e-05,3.1414736321
42.258,1790081596.98,9.77002901608,9.77743333829,2.96392136976,0.000126295784562,0.00233481138695,-0.999997264614,-5.88967884382e-05,3.14147427058
42.278,1790081597,9.7745568966,9.78264951595,2.96477569709,0.000234168511803,0.00260463143735,-0.99999657881,-5.85617272976e-05,3.14147431068
42.298,1790081597.02,9.77908298052,9.78784533203,2.96562161579,0.000352049478302,0.00287854501599,-0.999995793303,-5.84461008653e-05,3.14147373507
42.318,1790081597.04,9.78360634624,9.79301864447,2.96645897975,0.000480193015877,0.00315662274869,-0.999994900846,-5.85634792361e-05,3.1414724956
42.338,1790081597.06,9.7881259874,9.79816727201,2.96728803226,0.000617560363234,0.00343760874054,-0.999993898979,-5.89091695285e-05,3.14147059001
42.358,1790081597.08,9.79264082883,9.80328901553,2.96810872227,0.000764083413262,0.00372121681129,-0.999992782565,-5.94908516429e-05,3.14146798596
42.378,1790081597.1,9.79714972482,9.80838165671,2.96892092165,0.00091993814199,0.00400734477484,-0.999991545596,-6.03206529559e-05,3.14146464007
42.398,1790081597.12,9.80165145184,9.81344295056,2.96972488554,0.00108406932682,0.0042946992964,-0.999990188243,-6.13892585335e-05,3.14146056446
42.418,1790081597.14,9.80614472647,9.81847065008,2.97052045161,0.00125671422647,0.0045833086783,-0.999988704946,-6.27068745695e-05,3.14145572101
42.438,1790081597.16,9.81062819334,9.82346249045,2.97130786282,0.00143673244458,0.004871839237,-0.999987098343,-6.42601888225e-05,3.14145013522
42.458,1790081597.18,9.81510044339,9.82841621365,2.97208705355,0.00162401560708,0.0051600134424,-0.999985366129,-6.60513173229e-05,3.14144379222
42.478,1790081597.2,9.81956001185,9.83332956622,2.97285788006,0.00181867544444,0.00544779310295,-0.999983504531,-6.80852698619e-05,3.14143666873
42.498,1790081597.22,9.82400537054,9.83820028932,2.9736205917,0.00201953941473,0.00573386822262,-0.999981519463,-7.03426897148e-05,3.14142880993
42.518,1790081597.24,9.82843494872,9.8430261467,2.97437500376,0.00222681704001,0.00601833292983,-0.999979407613,-7.2828231088e-05,3.14142019496
42.538,1790081597.26,9.83284711904,9.8478049052,2.97512134829,0.00243926575356,0.00629984022777,-0.999977177886,-7.55190381699e-05,3.14141088283
42.558,1790081597.28,9.83724021856,9.85253436218,2.97585953802,0.0026567418667,0.0065781626042,-0.999974831359,-7.84108562028e-05,3.14140088016
42.578,1790081597.3,9.84161254641,9.85721234208,2.97658940299,0.00287934377411,0.00685333199747,-0.999972366907,-8.15032252286e-05,3.14139018209
42.598,1790081597.32,9.84596235482,9.86183668408,2.97731117654,0.00310581730524,0.00712403952842,-0.999969796931,-8.47680518516e-05,3.14137886655
42.618,1790081597.34,9.850287873,9.86640527324,2.97802464458,0.00333637528955,0.00739046526769,-0.999967120381,-8.82051978065e-05,3.14136692924
42.638,1790081597.36,9.85458729055,9.87091601707,2.97873002026,0.00356970112075,0.0076512713398,-0.999964352793,-9.17839241739e-05,3.14135446071
42.658,1790081597.38,9.85885878129,9.87536687571,2.97942718834,0.00380564359142,0.00790630608755,-0.9999614984,-9.54949503845e-05,3.1413414866
42.678,1790081597.4,9.86310050025,9.87975585692,2.98011594841,0.00404431167471,0.0081556956343,-0.999958558294,-9.93337144897e-05,3.14132801739
42.698,1790081597.42,9.86731057314,9.88408100133,2.98079651318,0.00428439261013,0.00839815646048,-0.999955551154,-0.000103265758361,3.14131415903
42.718,1790081597.44,9.87148712332,9.88834041636,2.98146863711,0.00452612499678,0.00863397779126,-0.999952477425,-0.000107287817034,3.14129991924
42.738,1790081597.46,9.87562825226,9.89253224888,2.98213251214,0.00476814137056,0.00886185430207,-0.9999493587,-0.000111364077281,3.1412854136
42.758,1790081597.48,9.87973206617,9.89665471775,2.98278799416,0.00501030848333,0.00908173458231,-0.999946201338,-0.00011548251684,3.14127068024
42.778,1790081597.5,9.88379667209,9.90070610717,2.98343485378,0.00525276769826,0.00929385839393,-0.999943007533,-0.000119636637168,3.1412557384
42.798,1790081597.52,9.88782016549,9.90468474936,2.98407328441,0.00549417102107,0.00949698769557,-0.999939801181,-0.000123788926145,3.14124071325
42.818,1790081597.54,9.8918006603,9.90858906102,2.98470301184,0.00573480806753,0.0096915414758,-0.999936582806,-0.000127935346751,3.14122561672
42.838,1790081597.56,9.89573626612,9.91241751205,2.9853242102,0.0059732849921,0.00987626616555,-0.99993337868,-0.000132038562747,3.14121057929
42.858,1790081597.58,9.89962511753,9.91616866013,2.98593671191,0.00620950903778,0.0100512267273,-0.999930195723,-0.000136086520241,3.14119564257
42.878,1790081597.6,9.90346536908,9.91984114237,2.98654026381,0.00644368045692,0.0102167958267,-0.99992703556,-0.00014007340622,3.14118082549
42.898,1790081597.62,9.90725518074,9.92343365545,2.98713504654,0.00667444040527,0.0103717976362,-0.999923925573,-0.000143962381303,3.14116626086
42.918,1790081597.64,9.91099275091,9.92694499407,2.987720765,0.00690215205765,0.0105167947625,-0.999920864616,-0.000147751085956,3.14115195579
42.938,1790081597.66,9.91467629008,9.93037401612,2.98829758429,0.00712541736524,0.0106505985669,-0.999917881755,-0.000151404336553,3.14113804371
42.958,1790081597.68,9.91830405273,9.93371967879,2.98886532265,0.00734420566991,0.0107734020798,-0.999914982612,-0.000154912718043,3.14112455985
42.978,1790081597.7,9.921874331,9.93698102854,2.98942371341,0.00755879608093,0.0108857202345,-0.999912166466,-0.000158273452122,3.14111151364
42.998,1790081597.72,9.92538543787,9.94015717883,2.98997293545,0.007767839734,0.0109864493278,-0.999909462166,-0.000161453854285,3.14109903361
43.018,1790081597.74,9.92883574296,9.94324735025,2.99051268351,0.00797179450112,0.0110763048743,-0.999906865122,-0.000164455314237,3.1410871133
43.038,1790081597.76,9.93222364251,9.94625083221,2.99104312562,0.00816927900858,0.011154171913,-0.99990440511,-0.000167248044533,3.14107587743
43.058,1790081597.78,9.93554759367,9.9491670204,2.9915640774,0.00836034525429,0.0112203791697,-0.999902084645,-0.000169827386312,3.14106534589
43.078,1790081597.8,9.93880610667,9.95199540503,2.99207526982,0.00854537250127,0.0112755916238,-0.999899898985,-0.00017219534972,3.14105551067
43.098,1790081597.82,9.94199772566,9.95473554633,2.99257689303,0.00872304089247,0.0113187829223,-0.999897876446,-0.000174326156098,3.14104648537
43.118,1790081597.84,9.94512106698,9.95738711585,2.9930686437,0.00889391879082,0.0113508227391,-0.999896007581,-0.000176226162579,3.14103824364
43.138,1790081597.86,9.94817478551,9.95994985527,2.99355070626,0.00905665745868,0.0113706709643,-0.999894320995,-0.000177873281265,3.14103089195
43.158,1790081597.88,9.9511576111,9.96242361463,2.99402290582,0.0092114062921,0.0113787913893,-0.999892814737,-0.000179268739869,3.1410244288
43.178,1790081597.9,9.95406833921,9.9648083391,2.99448498251,0.0093586590459,0.0113759975818,-0.999891478926,-0.000180420035489,3.14101882402
43.198,1790081597.92,9.95690580929,9.96710404248,2.99493715063,0.00949713969642,0.0113613393436,-0.999890339704,-0.000181309922516,3.14101416873
43.218,1790081597.94,9.95966894537,9.96931084932,2.99537911849,0.00962754328172,0.011335840221,-0.999889381897,-0.000181949942853,3.14101041347
43.238,1790081597.96,9.96235671875,9.97142895113,2.99581109887,0.00974856788815,0.0112985324637,-0.999888631471,-0.000182326832445,3.14100764035
43.258,1790081597.98,9.9649681863,9.9734586452,2.99623293573,0.00986047406204,0.0112500117051,-0.999888081237,-0.00018244773837,3.14100582397
43.278,1790081598,9.96750247953,9.97540031993,2.99664438686,0.00996388147193,0.0111912343361,-0.999887715745,-0.000182325239585,3.14100491112
43.298,1790081598.02,9.96995878054,9.9772544267,2.99704570135,0.0100575670897,0.0111213181151,-0.999887557939,-0.000181950966118,3.1410049669
43.318,1790081598.04,9.9723363643,9.97902152197,2.99743661083,0.0101422976567,0.0110413681276,-0.999887588233,-0.000181344055212,3.14100591588
43.338,1790081598.06,9.97463455909,9.98070222284,2.99781736567,0.0102168264827,0.0109504797507,-0.999887829144,-0.000180499719402,3.14100781427
43.358,1790081598.08,9.97685278665,9.98229724626,2.99818782722,0.0102816660026,0.0108495034009,-0.999888265472,-0.000179422015008,3.14101062469
43.378,1790081598.1,9.97899054717,9.98380739068,2.99854777824,0.0103375554344,0.0107395143856,-0.99988887685,-0.000178128249924,3.14101427244
43.398,1790081598.12,9.98104739413,9.98523350775,2.99889750851,0.0103833358406,0.0106196918045,-0.99988968256,-0.000176617499477,3.14101879819
43.418,1790081598.14,9.98302297782,9.9865765441,2.99923677543,0.0104199404616,0.0104913061323,-0.999890657394,-0.000174906657827,3.14102411752
43.438,1790081598.16,9.98491700191,9.98783749492,2.99956587864,0.0104460511004,0.0103534259675,-0.999891822477,-0.00017300269777,3.14103025808
43.458,1790081598.18,9.98672926717,9.98901744444,2.99988469483,0.0104622290604,0.0102069517633,-0.999893159635,-0.000170918988553,3.14103715562
43.478,1790081598.2,9.98845965468,9.99011754625,3.00019303379,0.01046932421,0.0100529699994,-0.999894645746,-0.000168678164837,3.14104471711
43.498,1790081598.22,9.99010809871,9.99113899528,3.00049123437,0.0104661608397,0.00989059869578,-0.999896298564,-0.000166291199555,3.14105295427
43.518,1790081598.24,9.99167463318,9.99208307102,3.00077907155,0.0104538795095,0.00972128471262,-0.99989808791,-0.000163771356851,3.14106177797
43.538,1790081598.26,9.9931593445,9.99295108914,3.00105687978,0.010431376506,0.00954424265642,-0.99990002893,-0.000161126222434,3.14107120072
43.558,1790081598.28,9.99456241408,9.99374444026,3.00132455341,0.0103993548844,0.00936051937948,-0.999902099715,-0.00015836940989,3.14108114844
43.578,1790081598.3,9.99588410036,9.99446456909,3.0015819243,0.0103588153681,0.00917133484689,-0.999904274106,-0.000155519831085,3.14109152784
43.598,1790081598.32,9.99712471039,9.99511294611,3.00182936608,0.0103087415097,0.00897584566754,-0.999906566014,-0.000152591541473,3.14110233548
43.618,1790081598.34,9.99828464523,9.99569110989,3.00206665414,0.0102503130189,0.00877562516795,-0.999908944408,-0.000149595338682,3.14111348367
43.638,1790081598.36,9.99936435111,9.99620061735,3.00229417899,0.0101823385169,0.00856983138392,-0.999911424326,-0.000146539830397,3.14112498108
43.658,1790081598.38,10.0003643652,9.99664308364,3.00251184981,0.0101056000568,0.00835953087042,-0.999913983559,-0.00014343757111,3.14113675387
43.678,1790081598.4,10.0012852959,9.99702016108,3.00271950774,0.0100211871404,0.00814598486146,-0.999916596049,-0.000140303971379,3.14114871502
43.698,1790081598.42,10.002127793,9.99733351099,3.00291756363,0.0099280789317,0.00792838013526,-0.999919274355,-0.000137151234896,3.14116086099
43.718,1790081598.44,10.002892595,9.99758484461,3.00310578797,0.00982765040985,0.00770829574953,-0.999921987712,-0.000133990971887,3.14117310265
43.738,1790081598.46,10.0035804767,9.99777587445,3.00328459908,0.00971879287307,0.00748483024249,-0.9999247498,-0.000130835339061,3.14118543865
43.758,1790081598.48,10.0041922955,9.99790835379,3.00345390862,0.00960240478064,0.00725907757681,-0.999927539029,-0.000127694018056,3.14119780205
43.778,1790081598.5,10.0047289701,9.99798405589,3.00361355722,0.00947965658209,0.00703239379598,-0.999930330588,-0.000124575523097,3.1412101218
43.798,1790081598.52,10.0051914502,9.99800474539,3.00376398136,0.00934954674714,0.00680395734688,-0.999933136455,-0.000121491400469,3.14122239448
43.818,1790081598.54,10.005580764,9.9979722181,3.00390494154,0.00921354273345,0.00657539695835,-0.999935928325,-0.00011844724069,3.14123454809
43.838,1790081598.56,10.0058979648,9.99788825341,3.00403687758,0.00907055079648,0.00634577316038,-0.999938719593,-0.000115454416483,3.14124658265
43.858,1790081598.58,10.0061441773,9.99775465283,3.00415969066,0.00892155547474,0.00611620616435,-0.999941490893,-0.000112517598022,3.14125844622
43.878,1790081598.6,10.0063205756,9.99757321937,3.00427320757,0.00876780952904,0.00588807016926,-0.999944220507,-0.000109639757004,3.14127008576
43.898,1790081598.62,10.0064283522,9.99734572968,3.0043778811,0.00860832274018,0.00566048742357,-0.999946920716,-0.000106831023522,3.14128150217
43.918,1790081598.64,10.0064687654,9.99707397271,3.00447344732,0.0084446534632,0.00543510989975,-0.999949567015,-0.000104090907352,3.14129264425
43.938,1790081598.66,10.0064430853,9.99675970363,3.00456035852,0.00827570940725,0.00521093037688,-0.999952173132,-0.000101429051144,3.1413035173
43.958,1790081598.68,10.00635264,9.9964046813,3.00463849792,0.00810253348002,0.00498905928949,-0.999954723209,-9.8845057152e-05,3.14131408781
43.978,1790081598.7,10.0061987929,9.99601064836,3.00470766892,0.00792643945283,0.00477086401226,-0.999957199651,-9.63365471946e-05,3.1413243231
43.998,1790081598.72,10.0059829119,9.99557930437,3.00476833332,0.00774642658904,0.00455538739635,-0.999959615435,-9.39116024357e-05,3.14133423101
44.018,1790081598.74,10.0057064158,9.99511234325,3.0048201958,0.00756411688068,0.00434427776348,-0.999961950777,-9.15643386522e-05,3.14134378215
44.038,1790081598.76,10.0053707214,9.9946114092,3.00486371496,0.00737839800016,0.00413643909225,-0.99996421993,-8.93022936325e-05,3.14135298871
44.058,1790081598.78,10.0049772879,9.99407813309,3.00489874905,0.00719035161237,0.00393295331075,-0.999966411002,-8.71207766105e-05,3.14136183539
44.078,1790081598.8,10.0045275953,9.99351411351,3.00492506858,0.00700134433547,0.00373517374239,-0.999968510718,-8.50130774269e-05,3.14137030852
44.098,1790081598.82,10.0040231131,9.99292089093,3.0049431384,0.00681035062318,0.00354205032269,-0.999970532625,-8.29852284715e-05,3.14137842294
44.118,1790081598.84,10.0034653462,9.99229998397,3.00495262496,0.00661904266843,0.00335521558797,-0.999972461739,-8.10274633604e-05,3.1413861684
44.138,1790081598.86,10.0028557821,9.99165284743,3.00495398905,0.00642626902216,0.00317346704666,-0.999974312625,-7.91454304243e-05,3.14139356325
44.158,1790081598.88,10.0021959354,9.99098090781,3.00494705988,0.00623313043892,0.00299784055731,-0.999976077242,-7.73316384533e-05,3.14140060723
44.178,1790081598.9,10.0014873258,9.99028554531,3.00493157419,0.00604101706628,0.00282964878079,-0.999977746497,-7.5576847334e-05,3.14140730182
44.198,1790081598.92,10.0007314374,9.98956806464,3.00490887256,0.00584885742785,0.00266773156329,-0.999979334094,-7.38855277622e-05,3.14141366698
44.218,1790081598.94,9.99992969939,9.98882970122,3.00488582188,0.00565828219548,0.00251362401151,-0.999980829975,-7.22520416259e-05,3.14141969561
44.238,1790081598.96,9.99908356533,9.98807163512,3.00486452263,0.0054649618351,0.00236287912032,-0.999982272839,-7.07252087563e-05,3.1414253696
44.258,1790081598.98,9.99819447452,9.98729497052,3.00484491725,0.00524655551411,0.00219303361247,-0.999983829584,-6.94947895581e-05,3.14143064559
44.278,1790081599,9.99726411777,9.98650101553,3.00482686006,0.00499687121017,0.00199775550642,-0.999985517668,-6.85968056789e-05,3.14143548906
44.298,1790081599.02,9.99629445873,9.9856913053,3.0048102357,0.00471694412708,0.00177790279626,-0.999987292355,-6.80273822484e-05,3.14143982122
44.318,1790081599.04,9.99528771244,9.9848675822,3.0047949592,0.00441191722169,0.00153845330804,-0.999989081718,-6.77627080998e-05,3.14144354879
44.338,1790081599.06,9.99424629445,9.98403174614,3.00478098716,0.00408799313926,0.00128543918202,-0.99999081564,-6.7782837624e-05,3.14144657454
44.358,1790081599.08,9.99317276656,9.98318580165,3.00476830481,0.00375092127481,0.00102443643194,-0.999992438214,-6.80702731409e-05,3.14144882486
44.378,1790081599.1,9.99206978902,9.98233181132,3.00475691224,0.00340520524494,0.000759768126841,-0.999993911293,-6.86056866167e-05,3.14145026542
44.398,1790081599.12,9.99094008501,9.98147186164,3.00474681973,0.00305404033571,0.000494434431963,-0.999995211768,-6.93710219594e-05,3.14145088952
44.418,1790081599.14,9.98978641651,9.98060804038,3.00473804557,0.00269954917658,0.000230356727565,-0.999996327204,-7.03510479505e-05,3.14145070622
44.438,1790081599.16,9.98861156877,9.97974242272,3.00473061302,0.00234309694961,-3.13082764552e-05,-0.999997251896,-7.15334225885e-05,3.14144973228
44.458,1790081599.18,9.98741834055,9.97887706295,3.0047245437,0.00198553009621,-0.000289930876294,-0.999997984146,-7.29047636426e-05,3.14144799455
44.478,1790081599.2,9.9862095384,9.97801399054,3.00471985736,0.00162742775926,-0.000545155595022,-0.99999852437,-7.44514351928e-05,3.14144552456
44.498,1790081599.22,9.9849879727,9.9771552079,3.00471657043,0.00126926431586,-0.000796731122494,-0.999998874193,-7.61594781495e-05,3.14144235684
44.518,1790081599.24,9.9837564543,9.97630268879,3.00471469502,0.000911508548903,-0.00104442385932,-0.999999036122,-7.80138496783e-05,3.14143852979
44.538,1790081599.26,9.98251779105,9.97545837657,3.00471423853,0.000554674165542,-0.00128797051524,-0.999999013534,-7.99983463908e-05,3.14143408576
44.558,1790081599.28,9.98127478378,9.9746241823,3.00471520237,0.000199326660884,-0.00152705635401,-0.999998810813,-8.20962007911e-05,3.14142907014
44.578,1790081599.3,9.98003022184,9.97380198218,3.00471758208,-0.000153916780177,-0.0017613160856,-0.999998433484,-8.42902399597e-05,3.14142353117
44.598,1790081599.32,9.9787868782,9.97299361466,3.00472136618,-0.00050441093389,-0.00199035871179,-0.999997888272,-8.65623639526e-05,3.14141752122
44.618,1790081599.34,9.97754750433,9.97220087728,3.00472653636,-0.000851488668427,-0.0022137755271,-0.999997183127,-8.88942514747e-05,3.14141109531
44.638,1790081599.36,9.97631482492,9.97142552343,3.00473306746,-0.00119447090524,-0.00243115024228,-0.999996327202,-9.1267667329e-05,3.14140431051
44.658,1790081599.38,9.97509153249,9.97066925906,3.00474092685,-0.00153268625316,-0.00264207573995,-0.999995330757,-9.3664050851e-05,3.1413972265
44.678,1790081599.4,9.9738802821,9.9699337394,3.00475007458,-0.00186547602275,-0.00284615908844,-0.999994205058,-9.60648455529e-05,3.14138990472
44.698,1790081599.42,9.97268368612,9.96922056591,3.00476046343,-0.00219219788579,-0.00304302486428,-0.999992962263,-9.8451657273e-05,3.14138240781
44.718,1790081599.44,9.9715043092,9.9685312833,3.00477203912,-0.00251222820472,-0.00323231699502,-0.999991615302,-0.000100806391171,3.14137479911
44.738,1790081599.46,9.97034466336,9.96786737674,3.00478474077,-0.00282496690534,-0.00341369567648,-0.999990177758,-0.000103111189318,3.14136714248
44.758,1790081599.48,9.96920720326,9.96723026921,3.00479850082,-0.0031298314628,-0.00358684412425,-0.999988663739,-0.000105348897159,3.14135950118
44.778,1790081599.5,9.96809432168,9.96662131894,3.00481324528,-0.00342625458238,-0.0037514712023,-0.99998708776,-0.000107503317499,3.14135193709
44.798,1790081599.52,9.96700834499,9.96604181724,3.00482889529,-0.003713696431,-0.003907295104,-0.999985464645,-0.000109558706344,3.1413445115
44.818,1790081599.54,9.96595152893,9.96549298624,3.00484536659,-0.00399163795918,-0.00405405831773,-0.999983809372,-0.000111500292471,3.14133728381
44.838,1790081599.56,9.96492605457,9.9649759768,3.00486256979,-0.00425957856067,-0.00419153387689,-0.999982136937,-0.000113314491642,3.1413303108
44.858,1790081599.58,9.96393402435,9.96449186685,3.00488041216,-0.0045170435139,-0.00431950834963,-0.999980462281,-0.000114988669438,3.14132364695
44.878,1790081599.6,9.96297745835,9.96404165969,3.00489879794,-0.004763582954,-0.00443778611761,-0.999978800154,-0.000116511357871,3.14131734379
44.898,1790081599.62,9.96205829076,9.96362628248,3.00491762892,-0.00499877190399,-0.00454619127975,-0.999977165004,-0.000117872343978,3.14131144948
44.918,1790081599.64,9.96117836661,9.96324658481,3.00493680522,-0.00522221077768,-0.00464456841831,-0.999975570863,-0.00011906273908,3.14130600846
44.938,1790081599.66,9.96033943855,9.96290333756,3.00495622597,-0.00543352589565,-0.00473278327249,-0.999974031233,-0.000120075033457,3.14130106114
44.958,1790081599.68,9.95954316401,9.96259723181,3.00497579014,-0.00563237007224,-0.00481072308974,-0.99997255899,-0.000120903139535,3.14129664362
44.978,1790081599.7,9.95879110244,9.96232887799,3.00499539719,-0.00581842319375,-0.0048782968073,-0.999971166284,-0.000121542423682,3.14129278746
44.998,1790081599.72,9.95808471281,9.96209880516,3.00501494791,-0.00599139276381,-0.00493543510095,-0.999969864452,-0.00012198972657,3.14128951947
45.018,1790081599.74,9.95742535136,9.96190746047,3.00503434321,-0.00615100851148,-0.0049820897144,-0.999968663975,-0.000122243341753,3.14128686168
45.038,1790081599.76,9.95681426947,9.96175520885,3.00505348677,-0.00629702941989,-0.00501823454763,-0.999967574367,-0.000122303079545,3.14128483101
45.058,1790081599.78,9.95625261177,9.96164233274,3.00507228767,-0.00642925039117,-0.00504386621086,-0.999966604056,-0.00012217028369,3.14128343906
45.078,1790081599.8,9.95574141457,9.96156903217,3.00509065941,-0.00654749768896,-0.00505900284453,-0.999965760373,-0.000121847744284,3.14128269225
