time_sec,gt_pose_x,gt_velocidad_x,gt_aceleracion_x,tray_pose_x,tray_velocidad_x,tray_aceleracion_x,gt_pose_y,gt_velocidad_y,gt_aceleracion_y,tray_pose_y,tray_velocidad_y,tray_aceleracion_y,gt_pose_z,gt_velocidad_z,gt_aceleracion_z,tray_pose_z,tray_velocidad_z,tray_aceleracion_z,gt_pose_yaw,gt_velocidad_yaw,gt_aceleracion_yaw,tray_pose_yaw,tray_velocidad_yaw,tray_aceleracion_yaw,error_pose_x,error_pose_y,error_pose_z,error_pose_yaw,error_velocidad_x,error_velocidad_y,error_velocidad_z,error_velocidad_yaw,error_aceleracion_x,error_aceleracion_y,error_aceleracion_z,error_aceleracion_yaw
0.000000000,0.001379214,-0.000949116,0.001539873,0.001379214,0.000000000,0.112018157,-0.000281783,-0.000606851,0.001842952,-0.000281783,0.000000000,0.112036765,1.004716932,0.000645220,-0.000195212,1.004716932,0.000649125,0.022353876,-0.000002282,-0.000006133,0.000013173,-0.000002282,-0.000006396,-5.729577951,0.000000000,0.000000000,0.000000000,0.000000000,0.000949116,0.000606851,0.000003904,-0.000000263,0.110478283,0.110193813,0.022549088,-5.729591124
0.019999981,0.001360554,-0.000919422,0.001484700,0.001423932,0.002238131,0.112018157,-0.000293541,-0.000571775,0.001753818,-0.000237058,0.002238503,0.112036765,1.004731576,0.000965111,0.015994541,1.004738825,0.001095757,0.022353876,-0.000003926,-0.000260956,-0.012741164,-0.000002282,-0.000006396,-5.729577951,0.000063378,0.000056483,0.000007249,0.000001644,0.003157552,0.002810278,0.000130645,0.000254560,0.110533457,0.110282948,0.006359335,-5.716836787
0.039999962,0.001342503,-0.000885228,0.001709695,0.001468650,0.004476261,0.112018157,-0.000304589,-0.000533003,0.001938615,-0.000192333,0.004477005,0.112036765,1.004757637,0.001608803,0.032184596,1.004760718,0.001542389,0.022353876,-0.000015247,-0.000769784,-0.025441396,-0.004577070,-0.228961145,-5.729577951,0.000126147,0.000112256,0.000003081,-0.004561823,0.005361489,0.005010008,-0.000066414,-0.228191361,0.110308462,0.110098150,-0.009830720,-5.704136556
0.059999943,0.001325311,-0.000832634,0.002629692,0.001591871,0.006717915,0.112018157,-0.000314698,-0.000476975,0.002801375,-0.000069091,0.006719031,0.112036765,1.004796733,0.002281690,0.033644348,1.004798298,0.001989724,0.022353876,-0.000119795,-0.016136664,-0.768344011,-0.014031238,-0.400948866,-5.729577951,0.000266560,0.000245607,0.000001565,-0.013911444,0.007550549,0.007196006,-0.000291966,-0.384812201,0.109388465,0.109235391,-0.011290472,-4.961233941
0.080000162,0.001309470,-0.000749298,0.004166797,0.001748716,0.008959373,0.112018157,-0.000323401,-0.000391532,0.004272164,0.000087780,0.008960861,0.112036765,1.004849560,0.002951327,0.033481859,1.004842586,0.002437020,0.022353876,-0.000764356,-0.046322663,-1.509299957,-0.014031238,-0.400948866,-5.729577951,0.000439246,0.000411181,-0.000006974,-0.013266882,0.009708671,0.009352393,-0.000514308,-0.354626202,0.107851360,0.107764602,-0.011127983,-4.220277994
0.100000143,0.001295721,-0.000624189,0.006255454,0.001939181,0.011200581,0.112018157,-0.000329985,-0.000265710,0.006291073,0.000278277,0.011202442,0.112036765,1.004915280,0.003589134,0.031890356,1.004893582,0.002884266,0.022353876,-0.002073938,-0.087022215,-2.034977563,-0.028644498,-0.572901051,-5.729577951,0.000643460,0.000608262,-0.000021698,-0.026570560,0.011824770,0.011468152,-0.000704868,-0.485878837,0.105762703,0.105745693,-0.009536479,-3.694600388
0.120000124,0.001284983,-0.000449411,0.008738895,0.002207856,0.013439917,0.112018157,-0.000333558,-0.000091599,0.008705591,0.000546997,0.013442149,0.112036765,1.004993772,0.004228646,0.031975601,1.004960174,0.003331138,0.022353876,-0.004420823,-0.148182100,-3.057994264,-0.028644498,-0.572901051,-5.729577951,0.000922873,0.000880555,-0.000033598,-0.024223675,0.013889328,0.013533748,-0.000897508,-0.424718952,0.103279261,0.103331175,-0.009621725,-2.671583687
0.140000105,0.001278326,-0.000217793,0.011580907,0.002476531,0.015679252,0.112018157,-0.000333077,0.000138196,0.011489727,0.000815716,0.015681857,0.112036765,1.005084894,0.004837037,0.030419523,1.005026766,0.003778011,0.022353876,-0.008135992,-0.216523172,-3.417053594,-0.056129487,-0.801979043,-5.729577951,0.001198205,0.001148793,-0.000058128,-0.047993495,0.015897045,0.015543661,-0.001059026,-0.585455871,0.100437250,0.100547039,-0.008065647,-2.312524357
0.160000086,0.001276944,0.000075515,0.014665377,0.002823591,0.017918850,0.112018157,-0.000327366,0.000428762,0.014528301,0.001162834,0.017921826,0.112036765,1.005187766,0.005427968,0.029546552,1.005109002,0.004224936,0.022353876,-0.013250463,-0.294407523,-3.894217554,-0.082757183,-0.973807636,-5.729577951,0.001546647,0.001490200,-0.000078763,-0.069506720,0.017843335,0.017493064,-0.001203032,-0.679400114,0.097352780,0.097508464,-0.007192676,-1.835360397
0.180000067,0.001282109,0.000434353,0.017941905,0.003204665,0.020160602,0.112018157,-0.000315170,0.000784263,0.017775040,0.001543971,0.020163951,0.112036765,1.005302515,0.006002762,0.028739711,1.005198038,0.004672290,0.022353876,-0.020095498,-0.379908572,-4.275052442,-0.082757183,-0.973807636,-5.729577951,0.001922556,0.001859142,-0.000104476,-0.062661686,0.019726249,0.019379688,-0.001330472,-0.593899065,0.094076252,0.094261726,-0.006385835,-1.454525509
0.200000048,0.001295170,0.000861899,0.021377314,0.003619752,0.022404509,0.112018157,-0.000295149,0.001208234,0.021198581,0.001959127,0.022408231,0.112036765,1.005428312,0.006552426,0.027483207,1.005293874,0.005120075,0.022353876,-0.028627273,-0.468065026,-4.407822705,-0.114604099,-1.145966878,-5.729577951,0.002324582,0.002254276,-0.000134438,-0.085976826,0.021542610,0.021199997,-0.001432351,-0.677901852,0.090640843,0.090838184,-0.005129330,-1.321755246
0.220000029,0.001317520,0.001360178,0.024913955,0.004112182,0.024642925,0.112018157,-0.000265909,0.001703005,0.024738512,0.002451639,0.024647018,0.112036765,1.005565231,0.007114862,0.028121785,1.005405113,0.005566764,0.022353876,-0.039083921,-0.570605509,-5.127024142,-0.114604099,-1.145966878,-5.729577951,0.002794662,0.002717548,-0.000160118,-0.075520178,0.023282746,0.022944014,-0.001548098,-0.575361369,0.087104201,0.087298254,-0.005767909,-0.602553809
0.240000010,0.001350604,0.001932170,0.028599604,0.004604612,0.026881340,0.112018157,-0.000226001,0.002272027,0.028451100,0.002944151,0.026885806,0.112036765,1.005713351,0.007655985,0.027056129,1.005516351,0.006013453,0.022353876,-0.051677330,-0.673972474,-5.168348285,-0.164978627,-1.374950784,-5.729577951,0.003254008,0.003170153,-0.000197000,-0.113301297,0.024949170,0.024613780,-0.001642532,-0.700978310,0.083418553,0.083585665,-0.004702252,-0.561229667
0.259999990,0.001395924,0.002580089,0.032395941,0.005175752,0.029121359,0.112018157,-0.000173907,0.002917902,0.032293764,0.003515385,0.029126196,0.112036765,1.005871966,0.008188961,0.026648816,1.005643306,0.006460462,0.022353876,-0.066310148,-0.781647843,-5.383768451,-0.208798313,-1.546811646,-5.729577951,0.003779828,0.003689293,-0.000228660,-0.142488165,0.026541269,0.026208294,-0.001728499,-0.765163803,0.079622216,0.079743001,-0.004294940,-0.345809500
0.279999971,0.001455016,0.003306141,0.036302600,0.005781045,0.031363242,0.112018157,-0.000108069,0.003643260,0.036267921,0.004120780,0.031368452,0.112036765,1.006041398,0.008713939,0.026248930,1.005777087,0.006907842,0.022353876,-0.083231174,-0.892399546,-5.537585133,-0.208798313,-1.546811646,-5.729577951,0.004326029,0.004228849,-0.000264311,-0.125567139,0.028057101,0.027725192,-0.001806097,-0.654412100,0.075715557,0.075768845,-0.003895054,-0.191992818
0.299999952,0.001529471,0.004112477,0.040316788,0.006420494,0.033606991,0.112018157,-0.000026863,0.004450678,0.040370869,0.004760334,0.033612574,0.112036765,1.006220946,0.009220414,0.025323703,1.005917695,0.007355596,0.022353876,-0.102295771,-1.001557396,-5.457892500,-0.257858906,-1.718958770,-5.729577951,0.004891023,0.004787198,-0.000303251,-0.155563135,0.029494514,0.029161897,-0.001864818,-0.717401374,0.071701369,0.071665897,-0.002969827,-0.271685451
0.320000172,0.001620908,0.005000500,0.044401172,0.007137204,0.035846658,0.112018157,0.000071367,0.005341872,0.044559717,0.005477163,0.035852613,0.112036765,1.006410830,0.009746989,0.026328770,1.006073697,0.007802534,0.022353876,-0.123680523,-1.122513991,-6.047829767,-0.331176221,-1.948069248,-5.729577951,0.005516296,0.005405797,-0.000337133,-0.207495698,0.030846157,0.030510741,-0.001944455,-0.825555257,0.067616985,0.067477048,-0.003974893,0.318251816
0.340000153,0.001730982,0.005972536,0.048601776,0.007853905,0.038086297,0.112018157,0.000188324,0.006319684,0.048890593,0.006193984,0.038092624,0.112036765,1.006611260,0.010257071,0.025504086,1.006229697,0.008249467,0.022353876,-0.147544885,-1.241096112,-5.929106017,-0.331176221,-1.948069248,-5.729577951,0.006122923,0.006005660,-0.000381562,-0.183631336,0.032113761,0.031772941,-0.002007603,-0.706973136,0.063416381,0.063146172,-0.003150210,0.199528066
0.360000134,0.001861396,0.007030230,0.052884712,0.008648442,0.040324514,0.112018157,0.000325768,0.007386148,0.053323215,0.006988653,0.040331213,0.112036765,1.006821602,0.010763664,0.025329687,1.006401222,0.008696116,0.022353876,-0.173722323,-1.361545472,-6.022468024,-0.392135671,-2.119791884,-5.729577951,0.006787047,0.006662885,-0.000420380,-0.218413348,0.033294284,0.032945064,-0.002067548,-0.758246412,0.059133445,0.058713550,-0.002975811,0.292890072
0.380000114,0.002013874,0.008175127,0.057244843,0.009476716,0.042563220,0.112018157,0.000485487,0.008543224,0.057853812,0.007817064,0.042570290,0.112036765,1.007042289,0.011266176,0.025125581,1.006579482,0.009142863,0.022353876,-0.202430966,-1.482955044,-6.070478572,-0.392135671,-2.119791884,-5.729577951,0.007462842,0.007331578,-0.000462807,-0.189704704,0.034388093,0.034027066,-0.002123313,-0.636836841,0.054773314,0.054182953,-0.002771704,0.340900621
0.400000095,0.002190181,0.009408614,0.061674334,0.010338727,0.044802415,0.112018157,0.000669317,0.009792706,0.062474083,0.008679218,0.044809857,0.112036765,1.007272663,0.011752887,0.024335560,1.006764477,0.009589708,0.022353876,-0.233469514,-1.600583138,-5.881404701,-0.458271891,-2.291589601,-5.729577951,0.008148546,0.008009902,-0.000508187,-0.224802378,0.035393801,0.035017151,-0.002163180,-0.691006463,0.050343823,0.049562683,-0.001981683,0.151826749
0.420000076,0.002392093,0.010731371,0.066137858,0.011280307,0.047044423,0.112018157,0.000879114,0.011135530,0.067141180,0.009620954,0.047052238,0.112036765,1.007513021,0.012263563,0.025533799,1.006965366,0.010037114,0.022353876,-0.266990300,-1.729156843,-6.428685275,-0.458271891,-2.291589601,-5.729577951,0.008888214,0.008741840,-0.000547654,-0.191281591,0.036313052,0.035916709,-0.002226450,-0.562432757,0.045880299,0.044895586,-0.003179923,0.699107324
0.440000057,0.002621409,0.012144768,0.070669846,0.012221886,0.049286432,0.112018157,0.001116764,0.012573550,0.071901016,0.010562690,0.049294620,0.112036765,1.007763632,0.012759345,0.024789088,1.007166256,0.010484519,0.022353876,-0.303131885,-1.853656714,-6.224993530,-0.554593203,-2.520941059,-5.729577951,0.009600477,0.009445927,-0.000597376,-0.251461318,0.037141664,0.036721070,-0.002274825,-0.667284346,0.041348310,0.040135749,-0.002435212,0.495415579
0.460000038,0.002879953,0.013649578,0.075240511,0.013240102,0.051524416,0.112018157,0.001384185,0.014107860,0.076715514,0.011581076,0.051532976,0.112036765,1.008023879,0.013253529,0.024709227,1.007382416,0.010931122,0.022353876,-0.341686496,-1.978911590,-6.262743819,-0.632713973,-2.692645894,-5.729577951,0.010360149,0.010196891,-0.000641463,-0.291027477,0.037874838,0.037425116,-0.002322407,-0.713734304,0.036777646,0.035321251,-0.002355351,0.533165868
0.480000019,0.003169557,0.015246420,0.079842084,0.014292620,0.053763936,0.112018157,0.001683310,0.015739414,0.081577712,0.012633768,0.053772867,0.112036765,1.008294251,0.013745063,0.024576672,1.007605430,0.011378031,0.022353876,-0.382866105,-2.104159486,-6.262394778,-0.632713973,-2.692645894,-5.729577951,0.011123063,0.010950458,-0.000688821,-0.249847868,0.038517516,0.038033453,-0.002367032,-0.588486408,0.032176073,0.030459054,-0.002222796,0.532816827
0.500000000,0.003492070,0.016935723,0.084465155,0.015379439,0.056004990,0.112018157,0.002016096,0.017468956,0.086477055,0.013720768,0.056014294,0.112036765,1.008574086,0.014221214,0.023807558,1.007835297,0.011825247,0.022353876,-0.426433789,-2.224429290,-6.013490227,-0.716098172,-2.864586259,-5.729577951,0.011887369,0.011704672,-0.000738789,-0.289664382,0.039069267,0.038545338,-0.002395967,-0.640156969,0.027553002,0.025559710,-0.001453681,0.283912275
0.519999981,0.003849337,0.018717343,0.089081030,0.016544569,0.058245766,0.112018157,0.002384501,0.019296467,0.091375597,0.014886091,0.058255442,0.112036765,1.008863715,0.014723355,0.025107029,1.008080790,0.012272407,0.022353876,-0.472536120,-2.355679618,-6.562516388,-0.716098172,-2.864586259,-5.729577951,0.012695232,0.012501591,-0.000782925,-0.243562052,0.039528423,0.038958974,-0.002450948,-0.508906642,0.022937127,0.020661169,-0.002753153,0.832938437
0.539999962,0.004243210,0.020591635,0.093714566,0.017709699,0.060486542,0.112018157,0.002790490,0.021222679,0.096310600,0.016051415,0.060496590,0.112036765,1.009163437,0.015210439,0.024354206,1.008326284,0.012719567,0.022353876,-0.521307525,-2.481923411,-6.312189670,-0.835288082,-3.093811599,-5.729577951,0.013466489,0.013260925,-0.000837153,-0.313980558,0.039894907,0.039273910,-0.002490872,-0.611888187,0.018303590,0.015726165,-0.002000330,0.582611718
0.559999943,0.004675541,0.022558501,0.098343341,0.018952490,0.062725948,0.112018157,0.003236043,0.023247676,0.101249827,0.017294412,0.062736368,0.112036765,1.009472609,0.015696067,0.024281393,1.008587267,0.013166453,0.022353876,-0.572512327,-2.608394431,-6.323551001,-0.930639672,-3.265626882,-5.729577951,0.014276949,0.014058370,-0.000885342,-0.358127345,0.040167446,0.039488692,-0.002529613,-0.657232451,0.013674816,0.010786938,-0.001927517,0.593973049
0.580000162,0.005148179,0.024617665,0.102958202,0.020229836,0.064966986,0.112018157,0.003723130,0.025371363,0.106184348,0.018571970,0.064977778,0.112036765,1.009791746,0.016178903,0.024141815,1.008855155,0.013613665,0.022353876,-0.626366617,-2.734383127,-6.299434802,-0.930639672,-3.265626882,-5.729577951,0.015081657,0.014848840,-0.000936591,-0.304273054,0.040349320,0.039606415,-0.002565238,-0.531243755,0.009059955,0.005852417,-0.001787939,0.569856851
0.600000143,0.005662966,0.026768641,0.107548783,0.021541707,0.067209602,0.112018157,0.004253726,0.027593404,0.111102026,0.019884059,0.067220767,0.112036765,1.010120155,0.016645458,0.023327767,1.009129942,0.014061193,0.022353876,-0.682607464,-2.854661142,-6.013900714,-1.031290511,-3.437687099,-5.729577951,0.015878741,0.015630333,-0.000990213,-0.348683047,0.040440961,0.039627364,-0.002584266,-0.583025958,0.004469373,0.000934740,-0.000973891,0.284322762
0.620000124,0.006221728,0.029010526,0.112094261,0.022929707,0.069448404,0.112018157,0.004829787,0.029912834,0.115971513,0.021272290,0.069459941,0.112036765,1.010458176,0.017138953,0.024674745,1.009419899,0.014507959,0.022353876,-0.741384361,-2.986352366,-6.584561198,-1.031290511,-3.437687099,-5.729577951,0.016707979,0.016442503,-0.001038277,-0.289906150,0.040437878,0.039547107,-0.002630995,-0.451334734,-0.000076104,-0.003934747,-0.002320868,0.854983247
0.640000105,0.006826276,0.031342715,0.116609450,0.024317707,0.071687206,0.112018157,0.005453255,0.032329247,0.120820666,0.022660521,0.071699115,0.112036765,1.010806113,0.017616220,0.023863346,1.009709856,0.014954725,0.022353876,-0.802834884,-3.112444447,-6.304604050,-1.173279442,-3.666710500,-5.729577951,0.017491431,0.017207266,-0.001096257,-0.370444558,0.040344491,0.039369868,-0.002661496,-0.554266053,-0.004591294,-0.008783900,-0.001509470,0.575026099
0.660000086,0.007478410,0.033764317,0.121080061,0.025786155,0.073929208,0.112018157,0.006126062,0.034841734,0.125624340,0.024129212,0.073941489,0.112036765,1.011163286,0.018091292,0.023753618,1.010015885,0.015402129,0.022353876,-0.866701758,-3.238517371,-6.303646232,-1.285943318,-3.838723591,-5.729577951,0.018307745,0.018003150,-0.001147400,-0.419241559,0.040164892,0.039099756,-0.002689163,-0.600206220,-0.009061904,-0.013587574,-0.001399741,0.574068281
0.680000067,0.008179904,0.036274231,0.125495714,0.027286812,0.076169145,0.112018157,0.006850118,0.037449173,0.130371941,0.025630118,0.076181799,0.112036765,1.011530216,0.018562698,0.023570291,1.010328330,0.015849122,0.022353876,-0.933210270,-3.363873768,-6.267819817,-1.285943318,-3.838723591,-5.729577951,0.019106907,0.018780001,-0.001201886,-0.352733048,0.039894914,0.038732626,-0.002713577,-0.474849823,-0.013477557,-0.018335175,-0.001216415,0.538241866
0.700000048,0.008932513,0.038871134,0.129845171,0.028819678,0.078407018,0.112018157,0.007627308,0.040150173,0.135050007,0.027163239,0.078420043,0.112036765,1.011906164,0.019016348,0.022682508,1.010647191,0.016295702,0.022353876,-1.002076298,-3.483016822,-5.957152717,-1.403549565,-4.010419819,-5.729577951,0.019887165,0.019535931,-0.001258973,-0.401473267,0.039535883,0.038269870,-0.002720646,-0.527402997,-0.017827015,-0.023013242,-0.000328632,0.227574766
0.720000029,0.009737959,0.041553455,0.134116015,0.030432594,0.080647339,0.112018157,0.008459483,0.042942870,0.139634854,0.028776424,0.080660736,0.112036765,1.012291470,0.019497335,0.024049331,1.010982040,0.016742771,0.022353876,-1.073456386,-3.614149934,-6.556655619,-1.403549565,-4.010419819,-5.729577951,0.020694635,0.020316940,-0.001309430,-0.330093179,0.039093884,0.037717866,-0.002754564,-0.396269885,-0.022097858,-0.027598088,-0.001695455,0.827077668
0.740000010,0.010597936,0.044319712,0.138312849,0.032045511,0.082887660,0.112018157,0.009348463,0.045825761,0.144144550,0.030389609,0.082901430,0.112036765,1.012686435,0.019960443,0.023155404,1.011316889,0.017189840,0.022353876,-1.147493338,-3.739206339,-6.252820219,-1.568546861,-4.239598669,-5.729577951,0.021447575,0.021041146,-0.001369546,-0.421053523,0.038567949,0.037075669,-0.002770603,-0.500392330,-0.026294692,-0.032107785,-0.000801528,0.523242268
0.759999990,0.011514104,0.047168309,0.142429881,0.033739456,0.085131382,0.112018157,0.010296030,0.048796998,0.148561847,0.032083834,0.085145524,0.112036765,1.013090330,0.020420461,0.023000894,1.011667928,0.017637588,0.022353876,-1.223911529,-3.864177470,-6.248556572,-1.698511526,-4.411743672,-5.729577951,0.022225351,0.021787804,-0.001422402,-0.474599997,0.037963073,0.036348526,-0.002782873,-0.547566202,-0.030411724,-0.036525082,-0.000647017,0.518978621
0.779999971,0.012488091,0.050097187,0.146443892,0.035464830,0.087372257,0.112018157,0.011303930,0.051854267,0.152863448,0.033809495,0.087386772,0.112036765,1.013503644,0.020872246,0.022589236,1.012025221,0.018084768,0.022353876,-1.302946392,-3.988002201,-6.191236536,-1.698511526,-4.411743672,-5.729577951,0.022976738,0.022505565,-0.001478423,-0.395565134,0.037275070,0.035532505,-0.002787478,-0.423741471,-0.034425735,-0.040826683,-0.000235360,0.461658584
0.799999952,0.013521490,0.053105233,0.150402311,0.037221633,0.089610287,0.112018157,0.012373866,0.054996116,0.157092475,0.035566590,0.089625173,0.112036765,1.013925598,0.021308403,0.021807887,1.012388771,0.018531380,0.022353876,-1.384296156,-4.105587753,-5.879277586,-1.833298902,-4.583451950,-5.729577951,0.023700143,0.023192724,-0.001536827,-0.449002746,0.036505053,0.034629057,-0.002777024,-0.477864197,-0.038384155,-0.045055710,0.000545989,0.149699635
0.820000172,0.014615862,0.056190264,0.154251523,0.039058872,0.091850919,0.112018157,0.013507502,0.058219700,0.161179168,0.037404134,0.091866177,0.112036765,1.014356574,0.021773249,0.023242272,1.012768386,0.018978511,0.022353876,-1.468131660,-4.236130763,-6.527150534,-2.021242612,-4.812661224,-5.729577951,0.024443010,0.023896632,-0.001588187,-0.553110952,0.035660655,0.033646478,-0.002794738,-0.576530460,-0.042233366,-0.049142402,-0.000888396,0.797572583
0.840000153,0.015772716,0.059349269,0.157950289,0.040896088,0.094091524,0.112018157,0.014706445,0.061522313,0.165130681,0.039241656,0.094107155,0.112036765,1.014796876,0.022218320,0.022253561,1.013147998,0.019425637,0.022353876,-1.554603764,-4.360022373,-6.194580490,-2.021242612,-4.812661224,-5.729577951,0.025123373,0.024535211,-0.001648879,-0.466638848,0.034742255,0.032584842,-0.002792683,-0.452638851,-0.045932133,-0.053093916,0.000100316,0.465002539
0.860000134,0.016993511,0.062580393,0.161556193,0.042811491,0.096331849,0.112018157,0.015972245,0.064901255,0.168947076,0.041157377,0.096347852,0.112036765,1.015245740,0.022660768,0.022122376,1.013543210,0.019872707,0.022353876,-1.643423046,-4.484269465,-6.212354616,-2.168198196,-4.984545617,-5.729577951,0.025817980,0.025185131,-0.001702530,-0.524775151,0.033751456,0.031446597,-0.002788061,-0.500276152,-0.049538037,-0.056910310,0.000231501,0.482776664
0.880000114,0.018279650,0.065879720,0.164966342,0.044761483,0.098573268,0.112018157,0.017306397,0.068353200,0.172597268,0.043107693,0.098589644,0.112036765,1.015703667,0.023093306,0.021626934,1.013945331,0.020319995,0.022353876,-1.734825588,-4.605874227,-6.080238100,-2.168198196,-4.984545617,-5.729577951,0.026481832,0.025801295,-0.001758336,-0.433372609,0.032693548,0.030236443,-0.002773311,-0.378671390,-0.052948185,-0.060560503,0.000726942,0.350660148
0.900000095,0.019632473,0.069245036,0.168265786,0.046746064,0.100815782,0.112018157,0.018710328,0.071875039,0.176091924,0.045092604,0.100832530,0.112036765,1.016169841,0.023510377,0.020853511,1.014354360,0.020767502,0.022353876,-1.828491930,-4.722004234,-5.806500354,-2.320461388,-5.156597973,-5.729577951,0.027113591,0.026382276,-0.001815481,-0.491969458,0.031570746,0.028957491,-0.002742875,-0.434593739,-0.056247630,-0.064055159,0.001500365,0.076922402
0.920000076,0.021053270,0.072673521,0.171424230,0.048804856,0.103053665,0.112018157,0.020185395,0.075463044,0.179400261,0.047151737,0.103070784,0.112036765,1.016644657,0.023956302,0.022296281,1.014778172,0.021214084,0.022353876,-1.924610878,-4.851636212,-6.481598874,-2.320461388,-5.156597973,-5.729577951,0.027751585,0.026966342,-0.001866484,-0.395850510,0.030380144,0.027607741,-0.002742218,-0.304961761,-0.059406073,-0.067363495,0.000057595,0.752020923
0.940000057,0.022543271,0.076161949,0.174421419,0.050863647,0.105291548,0.112018157,0.021732882,0.079113279,0.182511757,0.049210870,0.105309039,0.112036765,1.017128362,0.024376256,0.020997715,1.015201984,0.021660667,0.022353876,-2.023341988,-4.974056338,-6.121006325,-2.531070455,-5.385527346,-5.729577951,0.028320376,0.027477988,-0.001926378,-0.507728467,0.029129599,0.026195760,-0.002715590,-0.411471007,-0.062403263,-0.070474992,0.001356162,0.391428374
0.960000038,0.024103664,0.079709480,0.177376573,0.053005063,0.107533952,0.112018157,0.023354010,0.082823667,0.185519402,0.051352643,0.107551816,0.112036765,1.017620152,0.024796974,0.021035891,1.015642311,0.022108152,0.022353876,-2.124382268,-5.097192377,-6.156801908,-2.695366516,-5.557571319,-5.729577951,0.028901400,0.027998633,-0.001977841,-0.570984248,0.027824472,0.024728149,-0.002688823,-0.460378943,-0.065358416,-0.073482637,0.001317985,0.427223957
0.980000019,0.025735586,0.083311547,0.180103352,0.055179134,0.109775344,0.112018157,0.025049939,0.086589996,0.188316451,0.053527075,0.109793580,0.112036765,1.018120571,0.025206961,0.020499345,1.016089148,0.022555435,0.022353876,-2.227996049,-5.218618597,-6.071311002,-2.695366516,-5.557571319,-5.729577951,0.029443548,0.028477136,-0.002031424,-0.467370467,0.026463797,0.023203584,-0.002651527,-0.338952723,-0.068085195,-0.076279685,0.001854531,0.341733051
1.000000000,0.027440111,0.086966754,0.182760337,0.057385859,0.112015724,0.112018157,0.026821759,0.090409588,0.190979574,0.055734166,0.112034332,0.112036765,1.018628793,0.025602817,0.019792797,1.016542495,0.023002515,0.022353876,-2.333849620,-5.333597229,-5.748931628,-2.864673209,-5.729459901,-5.729577951,0.029945748,0.028912407,-0.002086298,-0.530823589,0.025048969,0.021624744,-0.002600302,-0.395862672,-0.070742180,-0.078942809,0.002561079,0.019353677
1.019999981,0.029218270,0.090671924,0.185258503,0.059669855,0.114255005,0.112018157,0.028670498,0.094278733,0.193457255,0.058018542,0.114273985,0.112036765,1.019145236,0.026027937,0.021255975,1.017011256,0.023449377,0.022353876,-2.442131196,-5.462467079,-6.443492476,-2.864673209,-5.729459901,-5.729577951,0.030451586,0.029348044,-0.002133980,-0.422542012,0.023583080,0.019995252,-0.002578560,-0.266992822,-0.073240346,-0.081420489,0.001097901,0.713914524
1.039999962,0.031071022,0.094423201,0.187563843,0.061953852,0.116494286,0.112018157,0.030597097,0.098192608,0.195693753,0.060302918,0.116513638,0.112036765,1.019670154,0.026426411,0.019923715,1.017480017,0.023896238,0.022353876,-2.553002942,-5.583699386,-6.061615344,-3.098320147,-5.958532324,-5.729577951,0.030882830,0.029705821,-0.002190137,-0.545317205,0.022071085,0.018321030,-0.002530172,-0.374832938,-0.075545686,-0.083656987,0.002430161,0.332037393
1.059999943,0.032999269,0.098218955,0.189787690,0.064320050,0.118737178,0.112018157,0.032602418,0.102148407,0.197789989,0.062669509,0.118756903,0.112036765,1.020202742,0.026828132,0.020086065,1.017965203,0.024343821,0.022353876,-2.666156795,-5.706643329,-6.147197156,-3.279863545,-6.130615104,-5.729577951,0.031320780,0.030067090,-0.002237540,-0.613706751,0.020518223,0.016608496,-0.002484311,-0.423971775,-0.077769534,-0.085753224,0.002267811,0.417619204
1.080000162,0.035003871,0.102055771,0.191840790,0.066717468,0.120977834,0.112018157,0.034687257,0.106141650,0.199662128,0.065067325,0.120997932,0.112036765,1.020743580,0.027218074,0.019497072,1.018456606,0.024790957,0.022353876,-2.781856892,-5.825869700,-5.961318539,-3.279863545,-6.130615104,-5.729577951,0.031713597,0.030380068,-0.002286974,-0.498006653,0.018922064,0.014856282,-0.002427117,-0.304745404,-0.079822633,-0.087625362,0.002856805,0.231740588
1.100000143,0.037085610,0.105930457,0.193734339,0.069146049,0.123216200,0.112018157,0.036852316,0.110168042,0.201319619,0.067496310,0.123236669,0.112036765,1.021291795,0.027592552,0.018723912,1.018954214,0.025237636,0.022353876,-2.899743083,-5.939101503,-5.661590159,-3.466191763,-6.302349216,-5.729577951,0.032060439,0.030643994,-0.002337581,-0.566448679,0.017285743,0.013068627,-0.002354916,-0.363247714,-0.081716183,-0.089282854,0.003629964,-0.067987792
1.120000124,0.039245207,0.109839272,0.195440709,0.071655317,0.125456683,0.112018157,0.039098207,0.114222666,0.202731173,0.070005994,0.125477524,0.112036765,1.021847826,0.027998370,0.020290911,1.019467936,0.025684737,0.022353876,-3.020032153,-6.067802347,-6.435042220,-3.466191763,-6.302349216,-5.729577951,0.032410109,0.030907787,-0.002379890,-0.446159610,0.015617411,0.011254858,-0.002313633,-0.234546869,-0.083422552,-0.090694407,0.002062965,0.705464269
1.140000105,0.041483306,0.113778368,0.196954827,0.074164584,0.127697165,0.112018157,0.041425446,0.118300868,0.203910124,0.072515678,0.127718379,0.112036765,1.022411959,0.028378057,0.018984348,1.019981658,0.026131838,0.022353876,-3.142900813,-6.188074276,-6.013596429,-3.722883306,-6.531544538,-5.729577951,0.032681278,0.031090233,-0.002430301,-0.579982493,0.013918797,0.009417510,-0.002246219,-0.343470263,-0.084936670,-0.091873359,0.003369528,0.284018478
1.160000086,0.043800486,0.117745867,0.198374943,0.076753548,0.129938738,0.112018157,0.043834469,0.122399644,0.204938764,0.075105072,0.129960324,0.112036765,1.022983390,0.028762348,0.019214534,1.020511291,0.026579157,0.022353876,-3.268023428,-6.310198953,-6.106233880,-3.921516528,-6.703524679,-5.729577951,0.032953061,0.031270603,-0.002472099,-0.653493100,0.012192871,0.007560680,-0.002183190,-0.393325726,-0.086356787,-0.092901999,0.003139342,0.376655929
1.180000067,0.046197286,0.121738146,0.199613938,0.079374452,0.132178893,0.112018157,0.046325645,0.126514434,0.205739515,0.077726412,0.132200851,0.112036765,1.023562741,0.029135789,0.018672079,1.021047289,0.027026193,0.022353876,-3.395678251,-6.428485126,-5.914308624,-3.921516528,-6.703524679,-5.729577951,0.033177167,0.031400767,-0.002515452,-0.525838278,0.010440747,0.005686417,-0.002109596,-0.275039553,-0.087595781,-0.093702750,0.003681797,0.184730673
1.200000048,0.048674160,0.125751876,0.200686492,0.082027297,0.134417630,0.112018157,0.048899244,0.130640746,0.206315590,0.080379697,0.134439960,0.112036765,1.024149125,0.029493087,0.017864891,1.021589653,0.027472946,0.022353876,-3.525490455,-6.540576171,-5.604552269,-4.125050875,-6.875287262,-5.729577951,0.033353137,0.031480453,-0.002559473,-0.599560420,0.008665754,0.003799214,-0.002020141,-0.334711090,-0.088668335,-0.094278825,0.004488985,-0.125025682
1.220000029,0.051231497,0.129782942,0.201553311,0.084761632,0.136658941,0.112018157,0.051555450,0.134774015,0.206663463,0.083114487,0.136681643,0.112036765,1.024743020,0.029885369,0.019614069,1.022148293,0.027920213,0.022353876,-3.657688164,-6.668871990,-6.414790952,-4.125050875,-6.875287262,-5.729577951,0.033530135,0.031559037,-0.002594727,-0.467362711,0.006875999,0.001907628,-0.001965155,-0.206415271,-0.089535154,-0.094626697,0.002739808,0.685213001
1.240000010,0.053869607,0.133827665,0.202236181,0.087495968,0.138900252,0.112018157,0.054294355,0.138909658,0.206782157,0.085849277,0.138923327,0.112036765,1.025344769,0.030253098,0.018386457,1.022706934,0.028367480,0.022353876,-3.792442934,-6.787293112,-5.921056088,-4.404766293,-7.104567370,-5.729577951,0.033626361,0.031554922,-0.002637835,-0.612323359,0.005072587,0.000013669,-0.001885618,-0.317274258,-0.090218024,-0.094745392,0.003967419,0.191478137
1.259999990,0.056588725,0.137883024,0.202767910,0.090305833,0.141139241,0.112018157,0.057115960,0.143043555,0.206694819,0.088659608,0.141162687,0.112036765,1.025953577,0.030626388,0.018664499,1.023280633,0.028814283,0.022353876,-3.929418264,-6.908839686,-6.077328714,-4.620347687,-7.276349244,-5.729577951,0.033717107,0.031543649,-0.002672944,-0.690929423,0.003256217,-0.001880867,-0.001812105,-0.367509558,-0.090749753,-0.094658053,0.003689377,0.347750763
1.279999971,0.059389036,0.141945662,0.203131929,0.093151628,0.143380050,0.112018157,0.060020187,0.147171318,0.206388154,0.091505877,0.143403869,0.112036765,1.026570109,0.030990145,0.018187848,1.023861513,0.029261450,0.022353876,-4.068919370,-7.026520649,-5.884048139,-4.620347687,-7.276349244,-5.729577951,0.033762593,0.031485690,-0.002708596,-0.551428317,0.001434388,-0.003767449,-0.001728695,-0.249828595,-0.091113773,-0.094351389,0.004166028,0.154470188
1.299999952,0.062270643,0.146012225,0.203328156,0.096033355,0.145622680,0.112018157,0.063006865,0.151288518,0.205860017,0.094388083,0.145646871,0.112036765,1.027193497,0.031339901,0.017487830,1.024449574,0.029708979,0.022353876,-4.210565044,-7.138339442,-5.590939672,-4.841442554,-7.448410493,-5.729577951,0.033762712,0.031381218,-0.002743922,-0.630877510,-0.000389545,-0.005641647,-0.001630922,-0.310071050,-0.091310000,-0.093823252,0.004866047,-0.138638280
1.320000172,0.065233597,0.150079735,0.203375502,0.098987943,0.147861049,0.112018157,0.066075739,0.155390957,0.205121928,0.097343161,0.147885612,0.112036765,1.027824258,0.031726060,0.019307945,1.025052150,0.030155659,0.022353876,-4.354593677,-7.266603254,-6.413190591,-5.143687390,-7.677388199,-5.729577951,0.033754346,0.031267422,-0.002772107,-0.789093713,-0.002218687,-0.007505345,-0.001570401,-0.410784945,-0.091357345,-0.093085163,0.003045931,0.683612639
1.340000153,0.068277881,0.154144596,0.203243020,0.101942496,0.150099390,0.112018157,0.069226469,0.159474297,0.204167040,0.100298205,0.150124325,0.112036765,1.028462769,0.032088833,0.018138637,1.025654719,0.030602333,0.022353876,-4.501181131,-7.384571251,-5.898399824,-5.143687390,-7.677388199,-5.729577951,0.033664614,0.031071736,-0.002808049,-0.642506259,-0.004045205,-0.009349972,-0.001486500,-0.292816949,-0.091224863,-0.092130274,0.004215239,0.168821873
1.360000134,0.071403407,0.158203956,0.202968006,0.104984094,0.152344137,0.112018157,0.072458629,0.163534682,0.203019217,0.103340308,0.152369445,0.112036765,1.029108250,0.032458760,0.018496377,1.026274696,0.031050285,0.022353876,-4.649975375,-7.505722821,-6.057578496,-5.377048077,-7.849611841,-5.729577951,0.033580687,0.030881679,-0.002833554,-0.727072702,-0.005859819,-0.011165237,-0.001408475,-0.343889021,-0.090949850,-0.090982451,0.003857499,0.328000545
1.380000114,0.074610036,0.162254521,0.202528259,0.108053415,0.154584587,0.112018157,0.075771722,0.167568003,0.201666054,0.106410139,0.154610267,0.112036765,1.029761409,0.032820574,0.018090667,1.026900180,0.031497380,0.022353876,-4.801293970,-7.622820743,-5.854896117,-5.377048077,-7.849611841,-5.729577951,0.033443379,0.030638417,-0.002861229,-0.575754107,-0.007669934,-0.012957735,-0.001323194,-0.226791098,-0.090510102,-0.089629288,0.004263209,0.125318166
1.400000095,0.077897552,0.166293007,0.201924318,0.111150459,0.156820742,0.112018157,0.079165159,0.171570124,0.200106055,0.109507697,0.156846793,0.112036765,1.030421395,0.033169936,0.017468125,1.027531171,0.031943618,0.022353876,-4.954740453,-7.733898134,-5.553869535,-5.614662684,-8.021176278,-5.729577951,0.033252907,0.030342538,-0.002890224,-0.659922231,-0.009472266,-0.014723331,-0.001226318,-0.287278144,-0.089906162,-0.088069290,0.004885751,-0.175708417
1.420000076,0.081265686,0.170316529,0.201176066,0.114332013,0.159061336,0.112018157,0.082638277,0.175537139,0.198350737,0.112689780,0.159087760,0.112036765,1.031088772,0.033557981,0.019402223,1.028179053,0.032390741,0.022353876,-5.110565868,-7.862131335,-6.411660060,-5.614662684,-8.021176278,-5.729577951,0.033066327,0.030051503,-0.002909720,-0.504096816,-0.011255193,-0.016449379,-0.001167239,-0.159044943,-0.089157909,-0.086313972,0.002951653,0.682082108
1.440000057,0.084714105,0.174321637,0.200255409,0.117513568,0.161301930,0.112018157,0.086190332,0.179465121,0.196399106,0.115871863,0.161328726,0.112036765,1.031763953,0.033923750,0.018288472,1.028826934,0.032837865,0.022353876,-5.268952503,-7.979597638,-5.873315150,-5.940127414,-8.250383019,-5.729577951,0.032799463,0.029681531,-0.002937019,-0.671174911,-0.013019707,-0.018136395,-0.001085885,-0.270785381,-0.088237252,-0.084362341,0.004065404,0.143737199
1.460000038,0.088242406,0.178305656,0.199200937,0.120774995,0.163543506,0.112018157,0.089820505,0.183350593,0.194273614,0.119133833,0.163570675,0.112036765,1.032446176,0.034298450,0.018734975,1.029490761,0.033285185,0.022353876,-5.429534573,-8.100437637,-6.041999944,-6.190354052,-8.422363446,-5.729577951,0.032532590,0.029313328,-0.002955416,-0.760819479,-0.014762149,-0.019779918,-0.001013265,-0.321925809,-0.087182780,-0.082236849,0.003618901,0.312421993
1.480000019,0.091850142,0.182265516,0.197993010,0.124069020,0.165784386,0.112018157,0.093527910,0.187189916,0.191966166,0.122428405,0.165811927,0.112036765,1.033136195,0.034666576,0.018406329,1.030161088,0.033732365,0.022353876,-5.592644679,-8.217118823,-5.834059320,-6.190354052,-8.422363446,-5.729577951,0.032218878,0.028900495,-0.002975106,-0.597709373,-0.016481130,-0.021377990,-0.000934211,-0.205244623,-0.085974853,-0.079929401,0.003947548,0.104481368
1.500000000,0.095536792,0.186198182,0.196633324,0.127395642,0.168024570,0.112018157,0.097311584,0.190979445,0.189476430,0.125755579,0.168052482,0.112036765,1.033833176,0.035023485,0.017845426,1.030837916,0.034179407,0.022353876,-5.757871042,-8.327512455,-5.519681616,-6.445582579,-8.594236994,-5.729577951,0.031858850,0.028443995,-0.002995260,-0.687711537,-0.018173613,-0.022926963,-0.000844078,-0.266724538,-0.084615167,-0.077439664,0.004508450,-0.209896335
1.519999981,0.099301787,0.190101019,0.195141845,0.130799399,0.170263932,0.112018157,0.101170495,0.194715741,0.186814788,0.129159902,0.170292217,0.112036765,1.034537720,0.035421104,0.019880968,1.031530133,0.034626285,0.022353876,-5.925474816,-8.455800165,-6.414385496,-6.445582579,-8.594236994,-5.729577951,0.031497612,0.027989407,-0.003007587,-0.520107763,-0.019837087,-0.024423524,-0.000794819,-0.138436828,-0.083123688,-0.074778023,0.002472908,0.684807545
1.539999962,0.103144499,0.193970920,0.193495032,0.134203157,0.172503294,0.112018157,0.105103545,0.198395532,0.183989558,0.132564225,0.172531951,0.112036765,1.035250275,0.035797649,0.018827247,1.032222349,0.035073163,0.022353876,-6.095647487,-8.572945883,-5.857285864,-6.793778065,-8.823317736,-5.729577951,0.031058657,0.027460680,-0.003027926,-0.698130578,-0.021467626,-0.025863581,-0.000724486,-0.250371853,-0.081476876,-0.071952793,0.003526630,0.127707913
1.559999943,0.107064241,0.197805513,0.191729642,0.137689193,0.174745163,0.112018157,0.109109570,0.202015911,0.181018969,0.136050840,0.174774193,0.112036765,1.035970099,0.036184466,0.019340841,1.032930999,0.035520541,0.022353876,-6.268009384,-8.693588439,-6.032127811,-7.061239455,-8.995321986,-5.729577951,0.030624952,0.026941270,-0.003039100,-0.793230071,-0.023060349,-0.027241719,-0.000663925,-0.301733547,-0.079711486,-0.068982203,0.003013036,0.302549860
1.580000162,0.111060282,0.201602089,0.189828793,0.141206835,0.176985755,0.112018157,0.113187354,0.205573917,0.177900303,0.139569066,0.177015157,0.112036765,1.036697976,0.036565836,0.019068516,1.033645949,0.035967664,0.022353876,-6.442906038,-8.809901534,-5.815654754,-7.061239455,-8.995321986,-5.729577951,0.030146553,0.026381712,-0.003052028,-0.618333418,-0.024616333,-0.028558761,-0.000598172,-0.185420452,-0.077810636,-0.065863538,0.003285360,0.086076803
1.600000143,0.115131829,0.205357975,0.187794341,0.144755999,0.179225016,0.112018157,0.117335616,0.209066590,0.174633655,0.143118820,0.179254789,0.112036765,1.037433089,0.036936984,0.018557368,1.034367181,0.036414521,0.022353876,-6.619909935,-8.919685990,-5.489222791,-7.333542118,-9.167124756,-5.729577951,0.029624170,0.025783204,-0.003065908,-0.713632183,-0.026132959,-0.029811801,-0.000522462,-0.247438766,-0.075776184,-0.062596890,0.003796508,-0.240355161
1.620000124,0.119278047,0.209070863,0.185644390,0.148385366,0.181465415,0.112018157,0.121553021,0.212491115,0.171226229,0.146748790,0.181495561,0.112036765,1.038176064,0.037350261,0.020663875,1.035104425,0.036861606,0.022353876,-6.799292633,-9.048065812,-6.418991126,-7.333542118,-9.167124756,-5.729577951,0.029107319,0.025195769,-0.003071639,-0.534249485,-0.027605448,-0.030995554,-0.000488655,-0.119058944,-0.073626233,-0.059189463,0.001690001,0.689413174
1.640000105,0.123498049,0.212738100,0.183361853,0.152014733,0.183705815,0.112018157,0.125838179,0.215845080,0.167698239,0.150378760,0.183736333,0.112036765,1.038927375,0.037743190,0.019646453,1.035841669,0.037308691,0.022353876,-6.981252818,-9.164866899,-5.840054327,-7.704816850,-9.396311581,-5.729577951,0.028516684,0.024540581,-0.003085705,-0.723564032,-0.029032285,-0.032108747,-0.000434499,-0.231444682,-0.071343696,-0.055661474,0.002707423,0.110476376
1.660000086,0.127790897,0.216357690,0.180979503,0.155726485,0.185948591,0.112018157,0.130189656,0.219126296,0.164060823,0.154091129,0.185979482,0.112036765,1.039686288,0.038147320,0.020206505,1.036595368,0.037756250,0.022353876,-7.165396659,-9.285321120,-6.022711046,-7.989593726,-9.568384082,-5.729577951,0.027935588,0.023901472,-0.003090920,-0.824197066,-0.030409099,-0.033146815,-0.000391070,-0.283062963,-0.068961346,-0.052024058,0.002147371,0.293133095
1.680000067,0.132155618,0.219927367,0.178483828,0.159467378,0.188188699,0.112018157,0.134605975,0.222332643,0.160317335,0.157832643,0.188219962,0.112036765,1.040453611,0.038546734,0.019970671,1.037354866,0.038203277,0.022353876,-7.352083385,-9.401306262,-5.799257127,-7.989593726,-9.568384082,-5.729577951,0.027311760,0.023226668,-0.003098746,-0.637510341,-0.031738668,-0.034112681,-0.000343457,-0.167077820,-0.066465671,-0.048280570,0.002383205,0.069679175
1.700000048,0.136591188,0.223444898,0.175876578,0.163237412,0.190426138,0.112018157,0.139085616,0.225461998,0.156467738,0.161603303,0.190457772,0.112036765,1.041228535,0.038936468,0.019486716,1.038120163,0.038649771,0.022353876,-7.540869817,-9.510529275,-5.461150624,-8.278842173,-9.740047074,-5.729577951,0.026646224,0.022517687,-0.003108371,-0.737972356,-0.033018760,-0.035004225,-0.000286697,-0.229517799,-0.063858422,-0.044430973,0.002867160,-0.268427327
1.720000029,0.141096543,0.226908356,0.173172854,0.167092734,0.192667646,0.112018157,0.143627017,0.228512286,0.152514407,0.165459265,0.192699652,0.112036765,1.042011701,0.039369073,0.021630255,1.038902504,0.039097077,0.022353876,-7.732037791,-9.639039278,-6.425500139,-8.278842173,-9.740047074,-5.729577951,0.025996190,0.021832248,-0.003109197,-0.546804382,-0.034240710,-0.035812634,-0.000271996,-0.101007796,-0.061154697,-0.040477641,0.000723621,0.695922187
1.740000010,0.145670582,0.230315632,0.170363819,0.170948055,0.194909153,0.112018157,0.148228581,0.231482115,0.148491480,0.169315227,0.194941532,0.112036765,1.042803594,0.039781546,0.020623627,1.039684845,0.039544382,0.022353876,-7.925792498,-9.755513602,-5.823716215,-8.673231430,-9.969347270,-5.729577951,0.025277472,0.021086646,-0.003118748,-0.747438932,-0.035406479,-0.036540583,-0.000237163,-0.213833668,-0.058345662,-0.036454715,0.001730249,0.094138264
1.759999990,0.150312162,0.233665162,0.167476503,0.174878330,0.197148661,0.112018157,0.152888684,0.234370127,0.144400570,0.173246155,0.197181412,0.112036765,1.043603481,0.040205561,0.021200782,1.040482132,0.039991289,0.022353876,-8.121725619,-9.875793350,-6.013987427,-8.974774001,-10.141168982,-5.729577951,0.024566168,0.020357470,-0.003121349,-0.853048382,-0.036516501,-0.037188715,-0.000214272,-0.265375631,-0.055458346,-0.032363804,0.001153094,0.284409476
1.779999971,0.155020111,0.236955188,0.164501289,0.178842632,0.199388418,0.112018157,0.157605678,0.237175156,0.140251457,0.177211115,0.199421541,0.112036765,1.044412181,0.040625037,0.020973805,1.041286211,0.040438246,0.022353876,-8.320209815,-9.991460377,-5.783351320,-8.974774001,-10.141168982,-5.729577951,0.023822520,0.019605437,-0.003125970,-0.654564187,-0.037566770,-0.037753615,-0.000186792,-0.149708605,-0.052483133,-0.028214692,0.001380071,0.053773369
1.799999952,0.159793220,0.240183978,0.161439492,0.182840961,0.201628423,0.112018157,0.162377892,0.239896022,0.136043328,0.181210109,0.201661918,0.112036765,1.045228880,0.041034722,0.020484245,1.042097081,0.040885252,0.022353876,-8.520785649,-10.100066264,-5.430294342,-9.281537961,-10.313028864,-5.729577951,0.023047741,0.018832217,-0.003131799,-0.760752312,-0.038555555,-0.038234105,-0.000149470,-0.212962601,-0.049421336,-0.024006562,0.001869631,-0.299283609
1.820000172,0.164630249,0.243350022,0.158302205,0.186917103,0.203868116,0.112018157,0.167203627,0.242531466,0.131772184,0.185286928,0.203901983,0.112036765,1.046054221,0.041487368,0.022632298,1.042923478,0.041332196,0.022353876,-8.723743698,-10.228663321,-6.429852842,-9.698514089,-10.542142041,-5.729577951,0.022286855,0.018083301,-0.003130744,-0.974770391,-0.039481906,-0.038629483,-0.000155173,-0.313478721,-0.046284049,-0.019735419,-0.000278422,0.700274891
1.840000153,0.169529926,0.246451825,0.155090142,0.190993197,0.206107782,0.112018157,0.172081171,0.245081213,0.127487362,0.189363699,0.206142021,0.112036765,1.046888689,0.041919696,0.021616416,1.043749864,0.041779134,0.022353876,-8.929296980,-10.344818299,-5.807748913,-9.698514089,-10.542142041,-5.729577951,0.021463270,0.017282527,-0.003138825,-0.769217109,-0.040344043,-0.038939192,-0.000140562,-0.197323743,-0.043071985,-0.015450597,0.000737460,0.078170962
1.860000134,0.174490955,0.249488289,0.151823226,0.195151555,0.208349534,0.112018157,0.177008807,0.247544798,0.123179241,0.193522748,0.208384146,0.112036765,1.047731545,0.042363237,0.022177024,1.044592680,0.042226489,0.022353876,-9.137022479,-10.464878436,-6.003006871,-10.017555964,-10.714135962,-5.729577951,0.020660601,0.016513941,-0.003138865,-0.880533485,-0.041138755,-0.039160653,-0.000136748,-0.249257525,-0.039805070,-0.011142476,0.000176853,0.273428920
1.880000114,0.179512017,0.252458211,0.148496091,0.199342588,0.210590774,0.112018157,0.181984808,0.249922078,0.118863964,0.197714477,0.210625758,0.112036765,1.048583600,0.042801797,0.021928017,1.045442012,0.042673741,0.022353876,-9.347304638,-10.580134451,-5.762800720,-10.017555964,-10.714135962,-5.729577951,0.019830571,0.015729669,-0.003141588,-0.670251326,-0.041867437,-0.039296320,-0.000128056,-0.134001511,-0.036477935,-0.006827198,0.000425860,0.033222769
1.900000095,0.184591768,0.255360399,0.145109384,0.203566293,0.212831501,0.112018157,0.187007447,0.252212863,0.114539252,0.201938884,0.212866857,0.112036765,1.049444031,0.043230123,0.021416268,1.046297862,0.043120891,0.022353876,-9.559667902,-10.688110558,-5.398805350,-10.341611433,-10.886051237,-5.729577951,0.018974526,0.014931437,-0.003146169,-0.781943532,-0.042528897,-0.039346005,-0.000109231,-0.197940680,-0.033091227,-0.002502486,0.000937609,-0.330772601
1.920000076,0.189728841,0.258193788,0.141669454,0.207868043,0.215072026,0.112018157,0.192074990,0.254416739,0.110193808,0.206241349,0.215107754,0.112036765,1.050313473,0.043701007,0.023544243,1.047169285,0.043568001,0.022353876,-9.774413615,-10.816833761,-6.436160151,-10.341611433,-10.886051237,-5.729577951,0.018139202,0.014166359,-0.003144188,-0.567197818,-0.043121762,-0.039308985,-0.000133006,-0.069217477,-0.029651297,0.001842957,-0.001190367,0.706582200
1.940000057,0.194921853,0.260957538,0.138187493,0.212169794,0.217312550,0.112018157,0.197185704,0.256534594,0.105892766,0.210543814,0.217348651,0.112036765,1.051192400,0.044150915,0.022495388,1.048040707,0.044015111,0.022353876,-9.991762269,-10.932690459,-5.792834941,-10.781669168,-11.115250862,-5.729577951,0.017247941,0.013358110,-0.003151693,-0.789906899,-0.043644987,-0.039185943,-0.000135804,-0.182560403,-0.026169337,0.006143999,-0.000141512,0.063256990
1.960000038,0.200169403,0.263651071,0.134676694,0.216550427,0.219553307,0.112018157,0.202337877,0.258566877,0.101614159,0.214925174,0.219589780,0.112036765,1.052080105,0.044615203,0.023214390,1.048927873,0.044462267,0.022353876,-10.211300924,-11.054638176,-6.097385825,-11.117764566,-11.287168436,-5.729577951,0.016381024,0.012587297,-0.003152232,-0.906463642,-0.044097764,-0.038977097,-0.000152936,-0.232530260,-0.022658537,0.010422606,-0.000860514,0.367807874
1.980000019,0.205470074,0.266273300,0.131111451,0.220962698,0.221793075,0.112018157,0.207529805,0.260514590,0.097385657,0.219338179,0.221829920,0.112036765,1.052977352,0.045068367,0.022658181,1.049821346,0.044909226,0.022353876,-10.433409001,-11.168742053,-5.705193854,-11.117764566,-11.287168436,-5.729577951,0.015492625,0.011808375,-0.003156006,-0.684355566,-0.044480225,-0.038684670,-0.000159141,-0.118426383,-0.019093294,0.014651109,-0.000304305,-0.024384097
2.000000000,0.210822460,0.268825977,0.127633827,0.225406609,0.224031854,0.112018157,0.212759807,0.262378482,0.093194599,0.223782828,0.224069071,0.112036765,1.053883298,0.045513591,0.022261193,1.050721128,0.045355987,0.022353876,-10.657592799,-11.277028645,-5.414329605,-11.458714850,-11.458934233,-5.729577951,0.014584149,0.011023021,-0.003162170,-0.801122051,-0.044794123,-0.038309411,-0.000157603,-0.181905588,-0.015615670,0.018842166,0.000092684,-0.315248347
2.019999981,0.216225162,0.271308262,0.124114263,0.229934172,0.226273256,0.112018157,0.218026210,0.264159003,0.089026027,0.228311143,0.226310845,0.112036765,1.054798566,0.045999042,0.024272578,1.051637618,0.045803272,0.022353876,-10.884166584,-11.406077733,-6.452454389,-11.458714850,-11.458934233,-5.729577951,0.013709010,0.010284933,-0.003160947,-0.574548265,-0.045035006,-0.037848158,-0.000195770,-0.052856500,-0.012096106,0.023010738,-0.001918702,0.722876438
2.039999962,0.221676755,0.273718538,0.120513781,0.234461735,0.228514657,0.112018157,0.223327364,0.265858192,0.084959459,0.232839458,0.228552619,0.112036765,1.055723544,0.046457881,0.022941947,1.052554108,0.046250557,0.022353876,-11.113321472,-11.519196459,-5.655936319,-11.921872580,-11.688223577,-5.729577951,0.012784979,0.009512094,-0.003169436,-0.808551109,-0.045203880,-0.037305573,-0.000207324,-0.169027118,-0.008495624,0.027077306,-0.000588071,-0.073641632
2.059999943,0.227175795,0.276056522,0.116899211,0.239066363,0.230755373,0.112018157,0.228661661,0.267477252,0.080952994,0.237444851,0.230793707,0.112036765,1.056657512,0.046933788,0.023795347,1.053485973,0.046697705,0.022353876,-11.344633828,-11.640678832,-6.074118657,-12.275156388,-11.860139317,-5.729577951,0.011890567,0.008783190,-0.003171539,-0.930522560,-0.045301149,-0.036683545,-0.000236083,-0.219460485,-0.004881054,0.031083771,-0.001441471,0.344540706
2.080000162,0.232720833,0.278321949,0.113271348,0.243704101,0.232995848,0.112018157,0.234027513,0.269018166,0.077045723,0.242083360,0.233034554,0.112036765,1.057601219,0.047395448,0.023082992,1.054424444,0.047144804,0.022353876,-11.578497346,-11.752938420,-5.612979399,-12.275156388,-11.860139317,-5.729577951,0.010983268,0.008055846,-0.003176775,-0.696659042,-0.045326101,-0.035983613,-0.000250643,-0.107200897,-0.001253191,0.034991043,-0.000729116,-0.116598552
2.100000143,0.238310421,0.280514944,0.109649771,0.248374839,0.235236029,0.112018157,0.239423379,0.270482534,0.073218386,0.246754874,0.235275107,0.112036765,1.058553798,0.047849462,0.022700710,1.055369498,0.047591846,0.022353876,-11.814404638,-11.860023830,-5.354270503,-12.633509544,-12.032012687,-5.729577951,0.010064418,0.007331494,-0.003184300,-0.819104906,-0.045278915,-0.035207427,-0.000257616,-0.171988857,0.002368385,0.038818380,-0.000346834,-0.375307448
2.120000124,0.243943094,0.282634177,0.105961631,0.253123391,0.237475936,0.112018157,0.244847739,0.271871605,0.069453533,0.251504215,0.237515386,0.112036765,1.059515897,0.048345456,0.024799704,1.056330080,0.048038832,0.022353876,-12.052703786,-11.990027361,-6.500176535,-12.633509544,-12.032012687,-5.729577951,0.009180297,0.006656476,-0.003185818,-0.580805758,-0.045158241,-0.034356218,-0.000306624,-0.041985326,0.006056526,0.042583233,-0.002445827,0.770598583
2.140000105,0.249617379,0.284680070,0.102294669,0.257871944,0.239715844,0.112018157,0.250299112,0.273188275,0.065833508,0.256253556,0.239755666,0.112036765,1.060487868,0.048810499,0.023252124,1.057290661,0.048485819,0.022353876,-12.293618347,-12.104625813,-5.729922584,-13.119273908,-12.261149167,-5.729577951,0.008254565,0.005954444,-0.003197207,-0.825655561,-0.044964227,-0.033432609,-0.000324680,-0.156523354,0.009723487,0.046203257,-0.000898248,0.000344632
2.160000086,0.255331834,0.286654911,0.098742011,0.262696856,0.241954819,0.112018157,0.255776091,0.274435756,0.062374042,0.261079269,0.241995013,0.112036765,1.061468968,0.049293684,0.024159262,1.058266474,0.048932619,0.022353876,-12.536699406,-12.226229998,-6.080209256,-13.489455725,-12.432930067,-5.729577951,0.007365021,0.005303179,-0.003202493,-0.952756319,-0.044700091,-0.032440742,-0.000361064,-0.206700069,0.013276146,0.049662723,-0.001805386,0.350631305
2.180000067,0.261085035,0.288558627,0.095185806,0.267559355,0.244195624,0.112018157,0.261277313,0.275616705,0.059047460,0.265942576,0.244236190,0.112036765,1.062459968,0.049763971,0.023514381,1.059249800,0.049379785,0.022353876,-12.782351610,-12.339374907,-5.657245463,-13.489455725,-12.432930067,-5.729577951,0.006474319,0.004665264,-0.003210169,-0.707104115,-0.044363003,-0.031380515,-0.000384186,-0.093555160,0.016832351,0.052989305,-0.001160504,-0.072332488
2.200000048,0.266875596,0.290394255,0.091781388,0.272459441,0.246438258,0.112018157,0.266801478,0.276733344,0.055831949,0.270843477,0.246479197,0.112036765,1.063459989,0.050224288,0.023015822,1.060240636,0.049827316,0.022353876,-13.030049053,-12.446380307,-5.350270008,-13.865405164,-12.604991602,-5.729577951,0.005583845,0.004041999,-0.003219353,-0.835356111,-0.043955997,-0.030254147,-0.000396972,-0.158611294,0.020236769,0.056204816,-0.000661945,-0.379307944
2.220000029,0.272702150,0.292161447,0.088359640,0.277431310,0.248677860,0.112018157,0.272347314,0.277787395,0.052702531,0.275816172,0.248719171,0.112036765,1.064469628,0.050724155,0.024993368,1.061245780,0.050274241,0.022353876,-13.280135037,-12.576308043,-6.496386781,-13.865405164,-12.604991602,-5.729577951,0.004729160,0.003468857,-0.003223848,-0.585270127,-0.043483587,-0.029068223,-0.000449914,-0.028683559,0.023658516,0.059334234,-0.002639492,0.766808830
2.240000010,0.278563328,0.293860481,0.084951671,0.282403179,0.250917463,0.112018157,0.277913607,0.278782798,0.049770155,0.280788866,0.250959146,0.112036765,1.065489258,0.051196403,0.023612404,1.062250923,0.050721167,0.022353876,-13.532827237,-12.689882950,-5.678745360,-14.374014216,-12.834096918,-5.729577951,0.003839851,0.002875259,-0.003238335,-0.841186979,-0.042943018,-0.027823652,-0.000475236,-0.144213968,0.027066486,0.062266611,-0.001258528,-0.050832591
2.259999990,0.284457801,0.295494136,0.081682783,0.287453678,0.253157185,0.112018157,0.283499218,0.279721964,0.046958311,0.285840204,0.253199240,0.112036765,1.066518094,0.051681130,0.024236352,1.063271758,0.051168117,0.022353876,-13.787663053,-12.811022405,-6.056972715,-14.761503725,-13.005935045,-5.729577951,0.002995877,0.002340987,-0.003246336,-0.973840673,-0.042336952,-0.026522724,-0.000513014,-0.194912640,0.030335374,0.065078455,-0.001882476,0.327394763
2.279999971,0.290384251,0.297062057,0.078396012,0.292542589,0.255399004,0.112018157,0.289103049,0.280608542,0.044328910,0.290929960,0.255441432,0.112036765,1.067556850,0.052151692,0.023528083,1.064300271,0.051615485,0.022353876,-14.045063223,-12.923455280,-5.621643758,-14.761503725,-13.005935045,-5.729577951,0.002158337,0.001826911,-0.003256579,-0.716440502,-0.041663052,-0.025167110,-0.000536207,-0.082479765,0.033622145,0.067707855,-0.001174207,-0.107934193
2.299999952,0.296341404,0.298567345,0.075264435,0.297669911,0.257642923,0.112018157,0.294724087,0.281445301,0.041837966,0.296058135,0.257685723,0.112036765,1.068604645,0.052613497,0.023090228,1.065336461,0.052063272,0.022353876,-14.304484416,-13.029380675,-5.296269773,-15.154887423,-13.178095140,-5.729577951,0.001328507,0.001334048,-0.003268184,-0.850403008,-0.040924423,-0.023759578,-0.000550225,-0.148714465,0.036753721,0.070198799,-0.000736352,-0.433308178
2.320000172,0.302327995,0.300009176,0.072091530,0.302860484,0.259880255,0.112018157,0.300361363,0.282235309,0.039500356,0.301249570,0.259923427,0.112036765,1.069662055,0.053111979,0.024924131,1.066385235,0.052509745,0.022353876,-14.566283317,-13.159321838,-6.497058163,-15.685866147,-13.406966827,-5.729577951,0.000532489,0.000888207,-0.003276819,-1.119582830,-0.040128921,-0.022311882,-0.000602235,-0.247644988,0.039926627,0.072536410,-0.002570255,0.767480212
2.340000153,0.308342766,0.301388710,0.068976719,0.308050995,0.262117560,0.112018157,0.306013988,0.282983274,0.037398295,0.306440943,0.262161104,0.112036765,1.070729391,0.053579565,0.023379289,1.067433997,0.052956212,0.022353876,-14.830672018,-13.271185296,-5.593172882,-15.685866147,-13.406966827,-5.729577951,-0.000291771,0.000426956,-0.003295395,-0.855194129,-0.039271150,-0.020822171,-0.000623353,-0.135781531,0.043041438,0.074638470,-0.001025412,-0.136405069
2.360000134,0.314384480,0.302706465,0.065887736,0.313341206,0.264363938,0.112018157,0.311681162,0.283692287,0.035450652,0.311732033,0.264407855,0.112036765,1.071805860,0.054061294,0.024086475,1.068502707,0.053404490,0.022353876,-15.097179929,-13.392130763,-6.047273363,-16.091747081,-13.579315608,-5.729577951,-0.001043273,0.000050871,-0.003303154,-0.994567152,-0.038342527,-0.019284433,-0.000656805,-0.187184845,0.046130421,0.076586113,-0.001732599,0.317695411
2.380000114,0.320451908,0.303963617,0.062857598,0.318651372,0.266604552,0.112018157,0.317362140,0.284366516,0.033711440,0.317043081,0.266648841,0.112036765,1.072892154,0.054525883,0.023229433,1.069575365,0.053851617,0.022353876,-15.366234470,-13.502858425,-5.536383081,-16.091747081,-13.579315608,-5.729577951,-0.001800536,-0.000319059,-0.003316789,-0.725512611,-0.037359065,-0.017717675,-0.000674266,-0.076457184,0.049160559,0.078325326,-0.000875557,-0.193194870
2.400000095,0.326543854,0.305161273,0.059882779,0.323981493,0.268839404,0.112018157,0.323056271,0.285009405,0.032144434,0.322374087,0.268884064,0.112036765,1.073987367,0.054981760,0.022793840,1.070651972,0.054297595,0.022353876,-15.637288188,-13.608712277,-5.292692616,-16.500690022,-13.750780098,-5.729577951,-0.002562362,-0.000682184,-0.003335395,-0.863401835,-0.036321868,-0.016125340,-0.000684165,-0.142067821,0.052135378,0.079892332,-0.000439964,-0.436885335
2.420000076,0.332659137,0.306300419,0.056957333,0.329404695,0.271080426,0.112018157,0.328762954,0.285623730,0.030716269,0.327798190,0.271125458,0.112036765,1.075092102,0.055476409,0.024732437,1.071747190,0.054744804,0.022353876,-15.910721413,-13.739063244,-6.517548350,-16.500690022,-13.750780098,-5.729577951,-0.003254442,-0.000964764,-0.003344912,-0.589968609,-0.035219993,-0.014498272,-0.000731605,-0.011716854,0.055060824,0.081320496,-0.002378561,0.787970399
2.440000057,0.338796607,0.307383318,0.054144921,0.334827897,0.273321448,0.112018157,0.334481668,0.286214781,0.029552514,0.333222293,0.273366852,0.112036765,1.076206684,0.055939693,0.023164209,1.072842408,0.055192013,0.022353876,-16.186748803,-13.850702083,-5.581941932,-17.055469265,-13.980030585,-5.729577951,-0.003968710,-0.001259375,-0.003364275,-0.868720463,-0.034061870,-0.012847928,-0.000747680,-0.129328502,0.057873236,0.082484251,-0.000810332,-0.147636019
2.460000038,0.344955160,0.308411593,0.051413785,0.340333092,0.275563900,0.112018157,0.340211993,0.286785937,0.028557801,0.338728403,0.275609678,0.112036765,1.077330309,0.056417166,0.023873680,1.073953997,0.055639507,0.022353876,-16.464885173,-13.971752032,-6.052497438,-17.477844452,-14.152078231,-5.729577951,-0.004622068,-0.001483590,-0.003376312,-1.012959279,-0.032847693,-0.011176259,-0.000777659,-0.180326200,0.060604371,0.083478965,-0.001519804,0.322919487
2.480000019,0.351133723,0.309387402,0.048790443,0.345867772,0.277804679,0.112018157,0.345953568,0.287341782,0.027792275,0.344264003,0.277850829,0.112036765,1.078463674,0.056877214,0.023002392,1.075071459,0.056086668,0.022353876,-16.745572228,-14.082323814,-5.528589121,-17.477844452,-14.152078231,-5.729577951,-0.005265950,-0.001689565,-0.003392215,-0.732272224,-0.031582723,-0.009490953,-0.000790546,-0.069754417,0.063227714,0.084244490,-0.000648516,-0.200988831
2.500000000,0.357331269,0.310312621,0.046260941,0.351431937,0.280043785,0.112018157,0.351706136,0.287886081,0.027214943,0.349829092,0.280090307,0.112036765,1.079605862,0.057328151,0.022546827,1.076194796,0.056533495,0.022353876,-17.028245753,-14.187776778,-5.272648189,-17.904743966,-14.323869112,-5.729577951,-0.005899332,-0.001877044,-0.003411067,-0.876498213,-0.030268836,-0.007795774,-0.000794656,-0.136092334,0.065757216,0.084821823,-0.000192951,-0.456929763
2.519999981,0.363546801,0.311188804,0.043809145,0.357075240,0.282283211,0.112018157,0.357469495,0.288421828,0.026787342,0.355473332,0.282330105,0.112036765,1.080757474,0.057818025,0.024493702,1.077333927,0.056980385,0.022353876,-17.313295208,-14.318470322,-6.534677199,-17.904743966,-14.323869112,-5.729577951,-0.006471562,-0.001996163,-0.003423547,-0.591448758,-0.028905593,-0.006091723,-0.000837640,-0.005398791,0.068209011,0.085249423,-0.002139826,0.805099248
2.539999962,0.369779366,0.312018807,0.041500160,0.362718542,0.284522637,0.112018157,0.363243525,0.288954610,0.026639102,0.361117571,0.284569903,0.112036765,1.081918836,0.058276235,0.022910529,1.078473058,0.057427276,0.022353876,-17.600942855,-14.429938266,-5.573397185,-18.482038848,-14.552956346,-5.729577951,-0.007060825,-0.002125953,-0.003445778,-0.881095993,-0.027496170,-0.004384707,-0.000848960,-0.123018080,0.070517997,0.085397664,-0.000556653,-0.156180766
2.559999943,0.376028066,0.312804651,0.039292173,0.368451301,0.286766385,0.112018157,0.369028215,0.289487944,0.026666713,0.366851283,0.286814024,0.112036765,1.083089138,0.058748672,0.023621811,1.079630065,0.057875029,0.022353876,-17.890689179,-14.551035916,-6.054882525,-18.921876895,-14.725104793,-5.729577951,-0.007576766,-0.002176932,-0.003459073,-1.031187716,-0.026038265,-0.002673920,-0.000873643,-0.174068877,0.072725984,0.085370052,-0.001267934,0.325304574
2.580000162,0.382292040,0.313548917,0.037213342,0.374206786,0.289005911,0.112018157,0.374823614,0.290026547,0.026930160,0.372607724,0.289053921,0.112036765,1.084269080,0.059203457,0.022739257,1.080791584,0.058321939,0.022353876,-18.182987177,-14.661307854,-5.513596898,-18.921876895,-14.725104793,-5.729577951,-0.008085254,-0.002215890,-0.003477496,-0.738889718,-0.024543006,-0.000972626,-0.000881518,-0.063796939,0.074804814,0.085106605,-0.000385381,-0.215981053
2.600000143,0.388570485,0.314253846,0.035246413,0.379984861,0.291241160,0.112018157,0.380629880,0.290574228,0.027384036,0.378386759,0.291289542,0.112036765,1.085457737,0.059649167,0.022285495,1.081957585,0.058767996,0.022353876,-18.477256434,-14.766325807,-5.250897635,-19.365188201,-14.896599764,-5.729577951,-0.008585624,-0.002243121,-0.003500152,-0.887931768,-0.023012686,0.000715314,-0.000881171,-0.130273957,0.076771744,0.084652729,0.000068382,-0.478680316
2.620000124,0.394862630,0.314921297,0.033372549,0.385857567,0.293482688,0.112018157,0.386447218,0.291133953,0.027986232,0.384260441,0.293531443,0.112036765,1.086655718,0.060134286,0.024255963,1.083142507,0.059215306,0.022353876,-18.773897410,-14.897248493,-6.546134311,-19.365188201,-14.896599764,-5.729577951,-0.009005063,-0.002186777,-0.003513211,-0.591290792,-0.021438608,0.002397490,-0.000918980,0.000648729,0.078645608,0.084050533,-0.001902087,0.816556359
2.640000105,0.401167759,0.315554524,0.031661354,0.391730274,0.295724217,0.112018157,0.392275924,0.291711304,0.028867554,0.390134123,0.295773343,0.112036765,1.087863354,0.060587460,0.022658723,1.084327429,0.059662616,0.022353876,-19.073136669,-15.008337647,-5.554457682,-19.965950547,-15.125902086,-5.729577951,-0.009437485,-0.002141801,-0.003535924,-0.892813879,-0.019830307,0.004062040,-0.000924844,-0.117564439,0.080356803,0.083169211,-0.000304847,-0.175120269
2.660000086,0.407485215,0.316155834,0.030065494,0.397677502,0.297964257,0.112018157,0.398116398,0.292309689,0.029919262,0.396082339,0.298013756,0.112036765,1.089079829,0.061055403,0.023397153,1.085527214,0.060109629,0.022353876,-19.374460976,-15.129387958,-6.052515554,-20.422239818,-15.297764667,-5.729577951,-0.009807713,-0.002034058,-0.003552615,-1.047778842,-0.018191576,0.005704067,-0.000945774,-0.168376709,0.081952662,0.082117504,-0.001043276,0.322937603
2.680000067,0.413814386,0.316728146,0.028615637,0.403658759,0.300204458,0.112018157,0.403969095,0.292933690,0.031200040,0.402064590,0.300254329,0.112036765,1.090305861,0.061505794,0.022519550,1.086733790,0.060556674,0.022353876,-19.678337542,-15.239358532,-5.498528718,-20.422239818,-15.297764667,-5.729577951,-0.010155626,-0.001904505,-0.003572071,-0.743902276,-0.016523688,0.007320639,-0.000949120,-0.058406135,0.083402520,0.080836725,-0.000165674,-0.231049233
2.700000048,0.420154723,0.317274003,0.027292832,0.409674046,0.302444820,0.112018157,0.409834578,0.293586927,0.032661844,0.408080876,0.302495062,0.112036765,1.091540518,0.061947209,0.022070745,1.087947158,0.061003752,0.022353876,-19.984169937,-15.343856251,-5.224885966,-20.883750697,-15.469651868,-5.729577951,-0.010480677,-0.001753702,-0.003593360,-0.899580760,-0.014829183,0.008908136,-0.000943458,-0.125795617,0.084725324,0.079374921,0.000283131,-0.504691985
2.720000029,0.426505717,0.317795525,0.026076105,0.415767031,0.304684920,0.112018157,0.415713455,0.294272121,0.034259696,0.414174873,0.304735536,0.112036765,1.092784423,0.062429062,0.024092627,1.089176030,0.061450777,0.022353876,-20.292368575,-15.475045316,-6.559453253,-20.883750697,-15.469651868,-5.729577951,-0.010738686,-0.001538582,-0.003608393,-0.591382122,-0.013110605,0.010463415,-0.000978285,0.005393448,0.085942052,0.077777070,-0.001738751,0.829875302
2.740000010,0.432866917,0.318296281,0.025037807,0.421860016,0.306925021,0.112018157,0.421606416,0.294994583,0.036123144,0.420268870,0.306976009,0.112036765,1.094037921,0.062878952,0.022494513,1.090404901,0.061897802,0.022353876,-20.603168863,-15.585932201,-5.544344215,-21.507046932,-15.698808160,-5.729577951,-0.011006901,-0.001337546,-0.003633020,-0.903878070,-0.011371260,0.011981425,-0.000981150,-0.112875960,0.086980349,0.075913621,-0.000140637,-0.185233736
2.759999990,0.439237938,0.318778820,0.024126925,0.428033934,0.309166039,0.112018157,0.427514250,0.295757423,0.038141980,0.426443814,0.309217398,0.112036765,1.095300195,0.063344225,0.023263621,1.091649929,0.062345010,0.022353876,-20.916043983,-15.707018227,-6.054301301,-21.980728562,-15.870745707,-5.729577951,-0.011204004,-0.001070435,-0.003650266,-1.064684579,-0.009612781,0.013459975,-0.000999215,-0.163727480,0.087891231,0.073894786,-0.000909744,0.324723350
2.779999971,0.445618444,0.319246317,0.023374857,0.434238052,0.311405833,0.112018157,0.433437796,0.296564848,0.040371230,0.432648963,0.311457564,0.112036765,1.096571978,0.063791984,0.022387977,1.092900976,0.062791974,0.022353876,-21.231472903,-15.816696632,-5.483920256,-21.980728562,-15.870745707,-5.729577951,-0.011380392,-0.000788834,-0.003671002,-0.749255660,-0.007840484,0.014892717,-0.001000010,-0.054049075,0.088643300,0.071665536,-0.000034101,-0.245657695
2.799999952,0.452008170,0.319701539,0.022761109,0.440472368,0.313644403,0.112018157,0.439377993,0.297420068,0.042761013,0.438884315,0.313696506,0.112036765,1.097852331,0.064231069,0.021954238,1.094158042,0.063238694,0.022353876,-21.548843426,-15.920772651,-5.203800967,-22.459044094,-16.042495490,-5.729577951,-0.011535801,-0.000493678,-0.003694289,-0.910200668,-0.006057136,0.016276439,-0.000992375,-0.121722839,0.089257048,0.069275753,0.000399639,-0.525776984
2.820000172,0.458406890,0.320146803,0.022263203,0.446792805,0.315885732,0.112018157,0.445335814,0.298325370,0.045265101,0.445205801,0.315938207,0.112036765,1.099141898,0.064711730,0.024033052,1.095432310,0.063685964,0.022353876,-21.868577294,-16.052242375,-6.573486211,-23.105604146,-16.271775994,-5.729577951,-0.011614085,-0.000130013,-0.003709587,-1.237026852,-0.004261072,0.017612837,-0.001025766,-0.219533618,0.089754954,0.066771664,-0.001679175,0.843908259
2.840000153,0.464814443,0.320585881,0.021953896,0.453113166,0.318127033,0.112018157,0.451312307,0.299285541,0.048008552,0.451527212,0.318179881,0.112036765,1.100441037,0.065160165,0.022421771,1.096706563,0.064133229,0.022353876,-22.190915452,-16.162845788,-5.530170612,-23.105604146,-16.271775994,-5.729577951,-0.011701277,0.000214905,-0.003734474,-0.914688695,-0.002458848,0.018894340,-0.001026937,-0.108930206,0.090064260,0.064028214,-0.000067895,-0.199407339
2.860000134,0.471230739,0.321021483,0.021780096,0.459508784,0.320367212,0.112018157,0.457308607,0.300303191,0.050882493,0.457923892,0.320420432,0.112036765,1.101748923,0.065624783,0.023230906,1.097995827,0.064580270,0.022353876,-22.515317682,-16.283959913,-6.055706256,-23.596295170,-16.443649197,-5.729577951,-0.011721955,0.000615285,-0.003753096,-1.080977488,-0.000654271,0.020117242,-0.001044514,-0.159689284,0.090238061,0.061154272,-0.000877030,0.326128304
2.880000114,0.477655737,0.321456935,0.021772590,0.465944202,0.322609529,0.112018157,0.463325892,0.301381927,0.053936810,0.464360380,0.322663122,0.112036765,1.103066314,0.066071927,0.022357177,1.099293047,0.065027737,0.022353876,-22.842276644,-16.393403305,-5.472169623,-23.596295170,-16.443649197,-5.729577951,-0.011711535,0.001034488,-0.003773267,-0.754018526,0.001152595,0.021281195,-0.001044190,-0.050245892,0.090245567,0.058099956,-0.000003301,-0.257408328
2.900000095,0.484089471,0.321895137,0.021910088,0.472419421,0.324853985,0.112018157,0.469365419,0.302524353,0.057121316,0.470836674,0.324907950,0.112036765,1.104392258,0.066510565,0.021931901,1.100598220,0.065475631,0.022353876,-23.171164697,-16.497088100,-5.184239724,-24.093093479,-16.615850511,-5.729577951,-0.011670050,0.001471255,-0.003794038,-0.921928782,0.002958848,0.022383597,-0.001034934,-0.118762411,0.090108068,0.054915449,0.000421975,-0.545338227
2.920000076,0.490532018,0.322338519,0.022169123,0.478954182,0.327091924,0.112018157,0.475428477,0.303732145,0.060389564,0.477372521,0.327146262,0.112036765,1.105727421,0.066992235,0.024083478,1.101915239,0.065922225,0.022353876,-23.502415166,-16.629011926,-6.596191303,-24.093093479,-16.615850511,-5.729577951,-0.011577836,0.001944044,-0.003812183,-0.590678313,0.004753405,0.023414117,-0.001070010,0.013161415,0.089849033,0.051647201,-0.001729602,0.866613352
2.940000057,0.496983520,0.322790936,0.022620841,0.485488943,0.329329864,0.112018157,0.481516411,0.305009342,0.063859890,0.483908368,0.329384573,0.112036765,1.107072182,0.067441361,0.022456322,1.103232257,0.066368819,0.022353876,-23.836278655,-16.739626409,-5.530724168,-24.761582198,-16.844785682,-5.729577951,-0.011494577,0.002391956,-0.003839925,-0.925303544,0.006538928,0.024375230,-0.001072542,-0.105159272,0.089397316,0.048176875,-0.000102445,-0.198853784
2.960000038,0.503444192,0.323255184,0.023212427,0.492104492,0.331568660,0.112018157,0.487630640,0.306357911,0.067428451,0.490525016,0.331623741,0.112036765,1.108425699,0.067907190,0.023291439,1.104565401,0.066815584,0.022353876,-24.172201149,-16.860917094,-6.064534257,-25.269147036,-17.016552802,-5.729577951,-0.011339700,0.002894376,-0.003860298,-1.096945887,0.008313475,0.025265829,-0.001091606,-0.155635708,0.088805729,0.044608314,-0.000937563,0.334956306
2.980000019,0.509914301,0.323734628,0.023972163,0.498759173,0.333809314,0.112018157,0.493772609,0.307780668,0.071137809,0.497180802,0.333864767,0.112036765,1.109788752,0.068355198,0.022400400,1.105906366,0.067262719,0.022353876,-24.510685265,-16.970161009,-5.462195712,-25.269147036,-17.016552802,-5.729577951,-0.011155128,0.003408192,-0.003882386,-0.758461771,0.010074686,0.026084099,-0.001092479,-0.046391794,0.088045994,0.040898956,-0.000046524,-0.267382240
3.000000000,0.516394186,0.324232196,0.024878408,0.505452985,0.336051825,0.112018157,0.499943834,0.309279435,0.074938375,0.503875726,0.336107651,0.112036765,1.111160367,0.068794621,0.021971174,1.107255150,0.067710225,0.022353876,-24.851087093,-17.073458746,-5.164886879,-25.782716444,-17.188604981,-5.729577951,-0.010941202,0.003931892,-0.003905217,-0.931629351,0.011819630,0.026828216,-0.001084396,-0.115146234,0.087139749,0.037098391,0.000382703,-0.564691073
3.019999981,0.522884234,0.324750344,0.025907430,0.512216426,0.338291398,0.112018157,0.506145838,0.310855131,0.078784811,0.510640290,0.338347596,0.112036765,1.112541228,0.069278223,0.024180063,1.108617812,0.068157145,0.022353876,-25.193849819,-17.205648186,-6.609471984,-25.782716444,-17.188604981,-5.729577951,-0.010667808,0.004494453,-0.003923416,-0.588866626,0.013541054,0.027492465,-0.001121077,0.017043205,0.086110726,0.033251954,-0.001826187,0.879894033
3.039999962,0.529384893,0.325292865,0.027126013,0.518979867,0.340530971,0.112018157,0.512380189,0.312510846,0.082785738,0.517404855,0.340587541,0.112036765,1.113931725,0.069728463,0.022512016,1.109980474,0.068604065,0.022353876,-25.539229406,-17.315978047,-5.516493043,-26.474598524,-17.417707249,-5.729577951,-0.010405026,0.005024666,-0.003951251,-0.935369118,0.015238106,0.028076695,-0.001124398,-0.101729202,0.084892144,0.029251027,-0.000158140,-0.213084908
3.059999943,0.535896686,0.325862538,0.028483660,0.525822034,0.342770664,0.112018157,0.518648509,0.314247747,0.086845035,0.524248159,0.342827606,0.112036765,1.115330997,0.070196013,0.023377490,1.111358847,0.069051009,0.022353876,-25.886658914,-17.437319522,-6.067073765,-26.999554336,-17.589544516,-5.729577951,-0.010074652,0.005599650,-0.003972150,-1.112895423,0.016908126,0.028579859,-0.001145004,-0.152224994,0.083534497,0.025191730,-0.001023613,0.337495813
3.080000162,0.542420183,0.326462634,0.030004820,0.532697374,0.345010224,0.112018157,0.524952432,0.316067694,0.090997345,0.531124641,0.345067538,0.112036765,1.116739845,0.070645297,0.022464222,1.112743839,0.069497926,0.022353876,-26.236655176,-17.546380939,-5.453070871,-26.999554336,-17.589544516,-5.729577951,-0.009722810,0.006172208,-0.003996006,-0.762899161,0.018547589,0.028999844,-0.001147371,-0.043163577,0.082013337,0.021039421,-0.000110346,-0.276507081
3.100000143,0.548956030,0.327096005,0.031668537,0.539605723,0.347249597,0.112018157,0.531293638,0.317971603,0.095195476,0.538034137,0.347307283,0.112036765,1.118157270,0.071085758,0.022023050,1.114135417,0.069944806,0.022353876,-26.588559599,-17.649396055,-5.150755768,-27.529583679,-17.761355949,-5.729577951,-0.009350307,0.006740499,-0.004021853,-0.941024080,0.020153592,0.029335680,-0.001140952,-0.111959895,0.080349619,0.016841290,0.000330826,-0.578822184
3.120000124,0.555504917,0.327765292,0.033464373,0.546599967,0.349491376,0.112018157,0.537673805,0.319959656,0.099402629,0.545029543,0.349549434,0.112036765,1.119584027,0.071575630,0.024493580,1.115544150,0.070392166,0.022353876,-26.942831201,-17.782303716,-6.645383043,-27.529583679,-17.761355949,-5.729577951,-0.008904950,0.007355738,-0.004039877,-0.586752478,0.021726084,0.029589779,-0.001183463,0.020947766,0.078553784,0.012634136,-0.002139703,0.915805092
3.140000105,0.562067576,0.328472337,0.035352253,0.553594211,0.351733155,0.112018157,0.544094624,0.322033144,0.103674405,0.552024949,0.351791585,0.112036765,1.121020386,0.072018895,0.022163249,1.116952883,0.070839526,0.022353876,-27.299720274,-17.891826508,-5.476139633,-28.245076256,-17.990683871,-5.729577951,-0.008473366,0.007930325,-0.004067503,-0.945355982,0.023260817,0.029758442,-0.001179368,-0.098857363,0.076665904,0.008362360,0.000190627,-0.253438318
3.160000086,0.568644828,0.329222497,0.037507955,0.560660005,0.353972737,0.112018157,0.550557827,0.324193408,0.108013206,0.559091917,0.354031540,0.112036765,1.122465472,0.072487500,0.023430286,1.118375881,0.071286448,0.022353876,-27.658648375,-18.013316172,-6.074483207,-28.787185229,-18.162511318,-5.729577951,-0.007984823,0.008534090,-0.004089591,-1.128536854,0.024750241,0.029838132,-0.001201052,-0.149195146,0.074510202,0.004023560,-0.001076409,0.344905256
3.180000067,0.575237555,0.330018412,0.039795785,0.567762902,0.356213420,0.112018157,0.557065148,0.326441032,0.112381190,0.566195995,0.356272595,0.112036765,1.123920103,0.072932979,0.022273912,1.119806290,0.071733589,0.022353876,-28.020112872,-18.119372181,-5.302800433,-28.787185229,-18.162511318,-5.729577951,-0.007474653,0.009130847,-0.004113813,-0.767072357,0.026195008,0.029831563,-0.001199389,-0.043139137,0.072222372,-0.000344425,0.000079964,-0.426777518
3.200000048,0.581846711,0.330862905,0.042224661,0.574902904,0.358455204,0.112018157,0.563618338,0.328775653,0.116731038,0.573337182,0.358514751,0.112036765,1.125383295,0.073374730,0.022087560,1.121244110,0.072180950,0.022353876,-28.383466223,-18.222795644,-5.171173147,-29.334987637,-18.334507645,-5.729577951,-0.006943807,0.009718845,-0.004139185,-0.951521414,0.027592298,0.029739099,-0.001193779,-0.111712001,0.069793495,-0.004694273,0.000266316,-0.558404804
3.220000029,0.588473272,0.331756751,0.044692266,0.582114700,0.360694914,0.112018157,0.570219132,0.331197041,0.121069419,0.580550177,0.360754834,0.112036765,1.126855849,0.073866574,0.024592229,1.122696245,0.072627898,0.022353876,-28.749197549,-18.356536245,-6.687030067,-29.334987637,-18.334507645,-5.729577951,-0.006358572,0.010331044,-0.004159605,-0.585790088,0.028938163,0.029557793,-0.001238677,0.022028600,0.067325891,-0.009032654,-0.002238353,0.957452115
3.240000010,0.595118235,0.332701487,0.047236810,0.589326497,0.362934625,0.112018157,0.576869261,0.333705177,0.125406778,0.587763171,0.362994916,0.112036765,1.128338036,0.074310070,0.022174783,1.124148379,0.073074845,0.022353876,-29.117566522,-18.466562377,-5.501306575,-30.072735246,-18.563623985,-5.729577951,-0.005791738,0.010893910,-0.004189657,-0.955168723,0.030233138,0.029289740,-0.001235225,-0.097061608,0.064781347,-0.013370012,0.000179093,-0.228271376
3.259999990,0.601782689,0.333702922,0.050071765,0.596619234,0.365175122,0.112018157,0.583570476,0.336300665,0.129774401,0.595057120,0.365235786,0.112036765,1.129829049,0.074787094,0.023851185,1.125616671,0.073521949,0.022353876,-29.487988794,-18.589294175,-6.136589907,-30.632255999,-18.735521636,-5.729577951,-0.005163455,0.011486644,-0.004212378,-1.144267206,0.031472200,0.028935121,-0.001265145,-0.146227461,0.061946391,-0.017737636,-0.001497308,0.407011956
3.279999971,0.608467759,0.334760978,0.052902802,0.603946989,0.367416046,0.112018157,0.590324500,0.338981979,0.134065728,0.602386092,0.367477082,0.112036765,1.131329669,0.075231559,0.022223240,1.127091953,0.073969139,0.022353876,-29.860967110,-18.695551518,-5.312867154,-30.632255999,-18.735521636,-5.729577951,-0.004520770,0.012061592,-0.004237716,-0.771288889,0.032655068,0.028495103,-0.001262420,-0.039970118,0.059115354,-0.022028963,0.000130636,-0.416710798
3.299999952,0.615174618,0.335878898,0.055895959,0.611309760,0.369657397,0.112018157,0.597133042,0.341747936,0.138297854,0.609750086,0.369718805,0.112036765,1.132838808,0.075671058,0.021974997,1.128574225,0.074416413,0.022353876,-30.235832960,-18.799026350,-5.173741603,-31.197149934,-18.907484726,-5.729577951,-0.003864859,0.012617044,-0.004264584,-0.961316974,0.033778499,0.027970869,-0.001254645,-0.108458376,0.056122198,-0.026261088,0.000378880,-0.555836348
3.320000172,0.621904471,0.337057550,0.058932641,0.618745918,0.371897222,0.112018157,0.603997784,0.344597460,0.142476178,0.617187480,0.371959002,0.112036765,1.134357271,0.076161339,0.024514033,1.130071133,0.074863383,0.022353876,-30.613085717,-18.933486478,-6.723006375,-31.957844642,-19.136611453,-5.729577951,-0.003158553,0.013189696,-0.004286138,-1.344758925,0.034839672,0.027361543,-0.001297956,-0.203124976,0.053085516,-0.030439412,-0.002160156,0.993428424
3.340000153,0.628658549,0.338298938,0.062069405,0.626181988,0.374137020,0.112018157,0.610920383,0.347529652,0.146609628,0.624624785,0.374199173,0.112036765,1.135885431,0.076609526,0.022409335,1.131568023,0.075310348,0.022353876,-30.992998925,-19.044290534,-5.540202819,-31.957844642,-19.136611453,-5.729577951,-0.002476561,0.013704401,-0.004317407,-0.964845717,0.035838082,0.026669521,-0.001299178,-0.092320919,0.049948752,-0.034572862,-0.000055458,-0.189375132
3.360000134,0.635438142,0.339606072,0.065356670,0.633701371,0.376378285,0.112018157,0.617902480,0.350542917,0.150663214,0.632145417,0.376440810,0.112036765,1.137422424,0.077085645,0.023805965,1.133081548,0.075757606,0.022353876,-31.374991333,-19.169100562,-6.240501400,-32.534754331,-19.308567942,-5.729577951,-0.001736771,0.014242937,-0.004340876,-1.159762998,0.036772213,0.025897893,-0.001328040,-0.139467380,0.046661487,-0.038626448,-0.001452088,0.510923449
3.380000114,0.642244587,0.340981290,0.068760896,0.641252424,0.378618972,0.112018157,0.624945698,0.353637517,0.154729995,0.639697724,0.378681869,0.112036765,1.138968968,0.077524739,0.021954684,1.134601389,0.076204748,0.022353876,-31.759562574,-19.275361001,-5.313021967,-32.534754331,-19.308567942,-5.729577951,-0.000992163,0.014752027,-0.004367580,-0.775191756,0.037637682,0.025044353,-0.001319991,-0.033206941,0.043257261,-0.042693230,0.000399192,-0.416555984
3.400000095,0.649079276,0.342427180,0.072294521,0.648835147,0.380859082,0.112018157,0.632051641,0.356810974,0.158672881,0.647281707,0.380922351,0.112036765,1.140523921,0.077959254,0.021725764,1.136127546,0.076651775,0.022353876,-32.146028339,-19.379573178,-5.210608824,-33.116523640,-19.480435857,-5.729577951,-0.000244129,0.015230066,-0.004396374,-0.970495302,0.038431902,0.024111377,-0.001307479,-0.100862680,0.039723636,-0.046636115,0.000628112,-0.518969127
3.420000076,0.655943642,0.343945820,0.075931991,0.656494458,0.383098667,0.112018157,0.639221855,0.360060454,0.162474005,0.654942290,0.383162308,0.112036765,1.142088061,0.078442003,0.024137430,1.137668984,0.077098697,0.022353876,-32.534907415,-19.515708626,-6.806772415,-33.116523640,-19.480435857,-5.729577951,0.000550816,0.015720435,-0.004419076,-0.581616226,0.039152847,0.023101854,-0.001343306,0.035272769,0.036086166,-0.050437239,-0.001783554,1.077194463
3.440000057,0.662839167,0.345539652,0.079691588,0.664153769,0.385338251,0.112018157,0.646457842,0.363384164,0.166185463,0.662602874,0.385402265,0.112036765,1.143661701,0.078877884,0.021794060,1.139210423,0.077545619,0.022353876,-32.926422973,-19.623110137,-5.370075552,-33.900050774,-19.709539334,-5.729577951,0.001314602,0.016145032,-0.004451279,-0.973627800,0.039798600,0.022018101,-0.001332265,-0.086429197,0.032326569,-0.054148697,0.000559816,-0.359502399
3.460000038,0.669767377,0.347210754,0.083555109,0.671894395,0.387578688,0.112018157,0.653761054,0.366779157,0.169749676,0.670344786,0.387643074,0.112036765,1.145243982,0.079346954,0.023453507,1.140768093,0.077992711,0.022353876,-33.319986604,-19.747720490,-6.230517652,-34.493934927,-19.881432339,-5.729577951,0.002127018,0.016583733,-0.004475889,-1.173948322,0.040367934,0.020863917,-0.001354243,-0.133711849,0.028463047,-0.057712910,-0.001099631,0.500939701
3.480000019,0.676729831,0.348960360,0.087480279,0.679667036,0.389818670,0.112018157,0.661132908,0.370244454,0.173264860,0.678118718,0.389883428,0.112036765,1.146835673,0.079777877,0.021546142,1.142332149,0.078439713,0.022353876,-33.716129962,-19.853603169,-5.294133918,-34.493934927,-19.881432339,-5.729577951,0.002937205,0.016985810,-0.004503525,-0.777804964,0.040858310,0.019638973,-0.001338164,-0.027829171,0.024537877,-0.061228094,0.000807734,-0.435444033
3.500000000,0.683728116,0.350790054,0.091484707,0.687471692,0.392058196,0.112018157,0.668574776,0.373776565,0.176605526,0.685924670,0.392123326,0.112036765,1.148435596,0.080203791,0.021295727,1.143902591,0.078886623,0.022353876,-34.114159663,-19.957568878,-5.198285464,-35.092731530,-20.053255484,-5.729577951,0.003743576,0.017349894,-0.004533005,-0.978571867,0.041268143,0.018346761,-0.001317168,-0.095686606,0.020533450,-0.064568761,0.001058149,-0.531292487
3.519999981,0.690763846,0.352701067,0.095550665,0.695363518,0.394300213,0.112018157,0.676087955,0.377371775,0.179760509,0.693817807,0.394365716,0.112036765,1.150044545,0.080678972,0.023759021,1.145490443,0.079334031,0.022353876,-34.514607042,-20.094192032,-6.831157685,-35.092731530,-20.053255484,-5.729577951,0.004599672,0.017729852,-0.004554102,-0.578124488,0.041599147,0.016993941,-0.001344941,0.040936548,0.016467492,-0.067723744,-0.001405145,1.101579733
3.539999962,0.697838661,0.354694649,0.099679094,0.703255344,0.396542231,0.112018157,0.683673680,0.381027454,0.182783945,0.701710944,0.396608105,0.112036765,1.151662753,0.081099195,0.021011148,1.147078295,0.079781439,0.022353876,-34.917711558,-20.202290014,-5.404899100,-35.900044354,-20.282607796,-5.729577951,0.005416683,0.018037264,-0.004584458,-0.982332796,0.041847582,0.015580651,-0.001317756,-0.080317783,0.012339063,-0.070747179,0.001342728,-0.324678851
3.559999943,0.704954231,0.356772603,0.103897719,0.711211800,0.398780354,0.112018157,0.691333105,0.384738500,0.185552319,0.709668722,0.398846601,0.112036765,1.153289281,0.081553359,0.022708202,1.148679022,0.080228069,0.022353876,-35.322878235,-20.328048275,-6.287913076,-36.510492421,-20.454324691,-5.729577951,0.006257568,0.018335617,-0.004610260,-1.187614186,0.042007751,0.014108101,-0.001325290,-0.126276416,0.008120438,-0.073515554,-0.000354326,0.558335125
3.580000162,0.712112253,0.358935623,0.108151006,0.719211256,0.401021107,0.112018157,0.699067305,0.388501680,0.188159012,0.717669508,0.401087726,0.112036765,1.154925005,0.081974454,0.021054760,1.150288344,0.080675224,0.022353876,-35.730641140,-20.433840528,-5.289612661,-36.510492421,-20.454324691,-5.729577951,0.007099003,0.018602202,-0.004636660,-0.779851280,0.042085484,0.012586045,-0.001299230,-0.020484163,0.003867151,-0.076122247,0.001299116,-0.439965291
3.600000143,0.719314435,0.361184463,0.112441972,0.727253524,0.403264435,0.112018157,0.706877283,0.392313239,0.190577925,0.725713111,0.403331426,0.112036765,1.156568752,0.082390548,0.020804694,1.151906226,0.081122894,0.022353876,-36.140282780,-20.537471007,-5.181523955,-37.127519357,-20.626439500,-5.729577951,0.007939089,0.018835828,-0.004662527,-0.987236577,0.042079972,0.011018187,-0.001267654,-0.088968492,-0.000423816,-0.078541160,0.001549182,-0.548053996
3.620000124,0.726562500,0.363519678,0.116760753,0.735357357,0.405503077,0.112018157,0.714763965,0.396169280,0.192802069,0.733818290,0.405570441,0.112036765,1.158221345,0.082857383,0.023341768,1.153536365,0.081569628,0.022353876,-36.552343027,-20.674484930,-6.850696109,-37.127519357,-20.626439500,-5.729577951,0.008794857,0.019054325,-0.004684980,-0.575176330,0.041983399,0.009401160,-0.001287756,0.048045430,-0.004742596,-0.080765303,-0.000987892,1.121118158
3.640000105,0.733858180,0.365941610,0.121096594,0.743461189,0.407741720,0.112018157,0.722728207,0.400066620,0.194867000,0.741923469,0.407809455,0.112036765,1.159883104,0.083273713,0.020816491,1.155166505,0.082016362,0.022353876,-36.967057138,-20.781571110,-5.354309029,-37.956519876,-20.855446594,-5.729577951,0.009603009,0.019195262,-0.004716599,-0.989462738,0.041800110,0.007742835,-0.001257351,-0.073875484,-0.009078438,-0.082830234,0.001537385,-0.375268922
3.660000086,0.741203214,0.368451004,0.125469712,0.751650663,0.409982365,0.112018157,0.730770798,0.404001672,0.196752590,0.750114303,0.410050472,0.112036765,1.161553015,0.083718057,0.022217187,1.156813746,0.082463496,0.022353876,-37.383821655,-20.907429535,-6.292921234,-38.584840941,-21.027355556,-5.729577951,0.010447449,0.019343506,-0.004739269,-1.201019286,0.041531361,0.006048800,-0.001254561,-0.119926021,-0.013451556,-0.084715824,0.000136689,0.563343282
3.680000067,0.748599356,0.371047779,0.129838752,0.759869331,0.412221815,0.112018157,0.738892451,0.407970462,0.198439512,0.758334336,0.412290294,0.112036765,1.163231919,0.084127539,0.020474100,1.158466806,0.082910391,0.022353876,-37.803186367,-21.012914281,-5.274237290,-38.584840941,-21.027355556,-5.729577951,0.011269975,0.019441885,-0.004765113,-0.781654574,0.041174036,0.004319832,-0.001217148,-0.014441275,-0.017820595,-0.086402746,0.001879777,-0.455340661
3.700000048,0.756048350,0.373732023,0.134212197,0.768117191,0.414460070,0.112018157,0.747093796,0.411968621,0.199907921,0.766583566,0.414528921,0.112036765,1.164918598,0.084531507,0.020198416,1.160125685,0.083357048,0.022353876,-38.224420410,-21.116319836,-5.170277785,-39.217641550,-21.199081171,-5.729577951,0.012068840,0.019489770,-0.004792913,-0.993221140,0.040728047,0.002560300,-0.001174459,-0.082761335,-0.022194041,-0.087871155,0.002155460,-0.559300166
3.720000029,0.763551948,0.376503698,0.138583739,0.776458053,0.416702266,0.112018157,0.755375370,0.415991491,0.201143521,0.774925814,0.416771489,0.112036765,1.166613892,0.084987321,0.022790687,1.161803146,0.083804491,0.022353876,-38.648076266,-21.253720554,-6.870035910,-39.217641550,-21.199081171,-5.729577951,0.012906105,0.019550443,-0.004810746,-0.569565284,0.040198568,0.000779998,-0.001182830,0.054639383,-0.026565582,-0.089106756,-0.000436811,1.140457959
3.740000010,0.771111892,0.379362147,0.142922479,0.784798915,0.418944461,0.112018157,0.763737627,0.420035029,0.202176909,0.783268061,0.419014057,0.112036765,1.168318124,0.085391086,0.020188281,1.163480607,0.084251934,0.022353876,-39.074390887,-21.360453730,-5.336658782,-40.070889531,-21.428451744,-5.729577951,0.013687022,0.019530434,-0.004837518,-0.996498644,0.039582314,-0.001020972,-0.001139152,-0.067998014,-0.030904323,-0.090140144,0.002165595,-0.392919169
3.759999990,0.778729917,0.382307541,0.147269697,0.793210520,0.421184588,0.112018157,0.772180933,0.424095037,0.203000390,0.791681064,0.421254557,0.112036765,1.170030255,0.085823868,0.021639086,1.165172173,0.084698965,0.022353876,-39.502747823,-21.486482598,-6.301443406,-40.716253158,-21.600320983,-5.729577951,0.014480603,0.019500131,-0.004858082,-1.213505335,0.038877047,-0.002840480,-0.001124904,-0.113838384,-0.035251540,-0.090963625,0.000714790,0.571865455
3.779999971,0.786407755,0.385338853,0.151565610,0.801653040,0.423424009,0.112018157,0.780705573,0.428166912,0.203593733,0.800124986,0.423494350,0.112036765,1.171751153,0.086221142,0.019863690,1.166869904,0.085145854,0.022353876,-39.933711520,-21.591771686,-5.264454365,-40.716253158,-21.600320983,-5.729577951,0.015245284,0.019419413,-0.004881249,-0.782541638,0.038085156,-0.004672562,-0.001075288,-0.008549297,-0.039547454,-0.091556967,0.002490186,-0.465123586
3.799999952,0.794147115,0.388455440,0.155829332,0.810126474,0.425662724,0.112018157,0.789311733,0.432245815,0.203945146,0.808599828,0.425733436,0.112036765,1.173479573,0.086612910,0.019588422,1.168573800,0.085592603,0.022353876,-40.366535011,-21.694906902,-5.156760838,-41.366360477,-21.772081841,-5.729577951,0.015979359,0.019288095,-0.004905773,-0.999825466,0.037207284,-0.006512379,-0.001020308,-0.077174938,-0.043811175,-0.091908381,0.002765454,-0.572817113
3.820000172,0.801949695,0.391656587,0.160057333,0.818685154,0.427903248,0.112018157,0.797999498,0.436326713,0.204044936,0.817159930,0.427974333,0.112036765,1.175216380,0.087058077,0.022258332,1.170294718,0.086039712,0.022353876,-40.801781881,-21.832735081,-6.891408913,-42.241885519,-22.001280091,-5.729577951,0.016735459,0.019160432,-0.004921662,-1.440103637,0.036246662,-0.008352381,-0.001018365,-0.168545010,-0.048039177,-0.092008171,0.000095544,1.161830962
3.840000153,0.809817173,0.394940566,0.164198953,0.827243733,0.430143746,0.112018157,0.806768865,0.440405194,0.203924038,0.825719931,0.430215203,0.112036765,1.176961911,0.087450240,0.019608155,1.172015615,0.086486817,0.022353876,-41.239693670,-21.939219788,-5.324235391,-42.241885519,-22.001280091,-5.729577951,0.017426560,0.018951066,-0.004946295,-1.002191848,0.035203180,-0.010189992,-0.000963423,-0.062060302,-0.052180796,-0.091887273,0.002745722,-0.405342560
3.860000134,0.817751194,0.398306913,0.168317350,0.835881559,0.432384457,0.112018157,0.815619736,0.444476822,0.203581410,0.834359192,0.432456286,0.112036765,1.178715106,0.087872332,0.021104608,1.173752328,0.086933964,0.022353876,-41.679639337,-22.065310137,-6.304517439,-42.904605470,-22.173194106,-5.729577951,0.018130365,0.018739456,-0.004962778,-1.224966133,0.034077544,-0.012020537,-0.000938369,-0.107883969,-0.056299193,-0.091544645,0.001249268,0.574939488
3.880000114,0.825753392,0.401753612,0.172334952,0.844552929,0.434625149,0.112018157,0.824551926,0.448536776,0.202997681,0.843032003,0.434697350,0.112036765,1.180476862,0.088258477,0.019307211,1.175495735,0.087381107,0.022353876,-42.122193293,-22.170158834,-5.242434818,-42.904605470,-22.173194106,-5.729577951,0.018799537,0.018480077,-0.004981127,-0.782412177,0.032871537,-0.013839426,-0.000877370,-0.003035273,-0.060316796,-0.090960916,0.003046665,-0.487143133
3.900000095,0.833825353,0.405279247,0.176281733,0.853257844,0.436865823,0.112018157,0.833565148,0.452580056,0.202163995,0.851738363,0.436938397,0.112036765,1.182245912,0.088639489,0.019050609,1.177245836,0.087828247,0.022353876,-42.566591765,-22.272804324,-5.132274510,-43.572472648,-22.345105303,-5.729577951,0.019432491,0.018173216,-0.005000076,-1.005880883,0.031586577,-0.015641659,-0.000811242,-0.072300979,-0.064263576,-0.090127230,0.003303267,-0.597303441
3.920000076,0.841968643,0.408882391,0.180157223,0.862039927,0.439106176,0.112018157,0.842659014,0.456601513,0.201072833,0.860521905,0.439179122,0.112036765,1.184023153,0.089075730,0.021812058,1.179011334,0.088275322,0.022353876,-43.013410775,-22.410925026,-6.906035127,-43.572472648,-22.345105303,-5.729577951,0.020071284,0.017862891,-0.005011818,-0.559061873,0.030223785,-0.017422391,-0.000800408,0.065819724,-0.068139066,-0.089036068,0.000541818,1.176457175
3.940000057,0.850184787,0.412560233,0.183892104,0.870822010,0.441346529,0.112018157,0.851833041,0.460596707,0.199759725,0.869305447,0.441419847,0.112036765,1.185808943,0.089458522,0.019139603,1.180776833,0.088722397,0.022353876,-43.462897977,-22.517062653,-5.306881330,-44.470856369,-22.574287366,-5.729577951,0.020637223,0.017472406,-0.005032110,-1.007958392,0.028786296,-0.019176860,-0.000736124,-0.057224714,-0.071873947,-0.087722960,0.003214273,-0.422696621
3.960000038,0.858475259,0.416311654,0.187571024,0.879684526,0.443587391,0.112018157,0.861086657,0.464561188,0.198224031,0.878169436,0.443661081,0.112036765,1.187602212,0.089872456,0.020696695,1.182558385,0.089169575,0.022353876,-43.914408338,-22.643190232,-6.306378962,-45.150815222,-22.746212973,-5.729577951,0.021209267,0.017082779,-0.005043827,-1.236406884,0.027275737,-0.020900107,-0.000702881,-0.103022741,-0.075552867,-0.086187266,0.001657182,0.576801010
3.980000019,0.866841510,0.420133655,0.191100098,0.888584544,0.445829223,0.112018157,0.870419199,0.468490227,0.196451981,0.887070932,0.445903286,0.112036765,1.189403888,0.090250446,0.018899524,1.184347426,0.089616945,0.022353876,-44.368527888,-22.747606647,-5.220820737,-45.150815222,-22.746212973,-5.729577951,0.021743035,0.016651733,-0.005056462,-0.782287334,0.025695568,-0.022586942,-0.000633501,0.001393674,-0.079081941,-0.084415215,0.003454352,-0.508757214
4.000000000,0.875284919,0.424024052,0.194519835,0.897522064,0.448072026,0.112018157,0.879829906,0.472378919,0.194434580,0.896009937,0.448146461,0.112036765,1.191212695,0.090623927,0.018674023,1.186143957,0.090064510,0.022353876,-44.824475856,-22.849754416,-5.107388474,-45.836528590,-22.918287479,-5.729577951,0.022237145,0.016180031,-0.005068738,-1.012052734,0.024047974,-0.024232458,-0.000559417,-0.068533063,-0.082501678,-0.082397815,0.003679854,-0.622189478
4.019999981,0.883806837,0.427980711,0.197832926,0.906520159,0.450310371,0.112018157,0.889317918,0.476222230,0.192165541,0.905009526,0.450385178,0.112036765,1.193029561,0.091054519,0.021529605,1.187952550,0.090511184,0.022353876,-45.282840548,-22.988159089,-6.920233620,-45.836528590,-22.918287479,-5.729577951,0.022713322,0.015691608,-0.005077011,-0.553688042,0.022329660,-0.025837052,-0.000543334,0.069871609,-0.085814770,-0.080128776,0.000824271,1.190655668
4.039999962,0.892408552,0.431999781,0.200953500,0.915518254,0.452548716,0.112018157,0.898882284,0.480016041,0.189690557,0.914009116,0.452623895,0.112036765,1.194854870,0.091431620,0.018855067,1.189761143,0.090957859,0.022353876,-45.743875818,-23.093931273,-5.288609219,-46.757009728,-23.147264155,-5.729577951,0.023109702,0.015126832,-0.005093726,-1.013133910,0.020548935,-0.027392146,-0.000473761,-0.053332882,-0.088935344,-0.077653791,0.003498809,-0.440968733
4.059999943,0.901091283,0.436079496,0.203985742,0.924603254,0.454789182,0.112018157,0.908521968,0.483756101,0.187003000,0.923095625,0.454864733,0.112036765,1.196687548,0.091841037,0.020470831,1.191587091,0.091404957,0.022353876,-46.206921822,-23.219997756,-6.303324138,-47.454043740,-23.319160776,-5.729577951,0.023511970,0.014573657,-0.005100457,-1.247121918,0.018709687,-0.028891368,-0.000436080,-0.099163020,-0.091967586,-0.074966235,0.001883045,0.573746186
4.080000162,0.909856217,0.440215935,0.206821966,0.933723610,0.457030075,0.112018157,0.918235851,0.487438094,0.184099672,0.932217497,0.457105998,0.112036765,1.198528554,0.092214758,0.018686047,1.193420097,0.091852141,0.022353876,-46.672574597,-23.323833912,-5.191807817,-47.454043740,-23.319160776,-5.729577951,0.023867393,0.013981645,-0.005108457,-0.781469143,0.016814140,-0.030332096,-0.000362617,0.004673137,-0.094803809,-0.072062907,0.003667830,-0.537770134
4.100000143,0.918704445,0.444406177,0.209512127,0.942879106,0.459271341,0.112018157,0.928022725,0.491057456,0.180968074,0.941374513,0.459347636,0.112036765,1.200376606,0.092584745,0.018499380,1.195260117,0.092299398,0.022353876,-47.140035952,-23.425323030,-5.074455904,-48.156480857,-23.491117379,-5.729577951,0.024174661,0.013351789,-0.005116489,-1.016444905,0.014865164,-0.031709819,-0.000285347,-0.065794349,-0.097493970,-0.068931308,0.003854496,-0.655122047
4.120000124,0.927637019,0.448647413,0.212061798,0.952106154,0.461510935,0.112018157,0.937881285,0.494609498,0.177602096,0.950603094,0.461587602,0.112036765,1.202232666,0.093013472,0.021436320,1.197114406,0.092746322,0.022353876,-47.609905698,-23.563746914,-6.921194183,-48.156480857,-23.491117379,-5.729577951,0.024469135,0.012721809,-0.005118260,-0.546575159,0.012863521,-0.033021896,-0.000267150,0.072629535,-0.100043641,-0.065565331,0.000917556,1.191616232
4.140000105,0.936654914,0.452934853,0.214371967,0.961333202,0.463750528,0.112018157,0.947810149,0.498090758,0.174063016,0.959831675,0.463827568,0.112036765,1.204097138,0.093388908,0.018771806,1.198968696,0.093193246,0.022353876,-48.082441776,-23.668839817,-5.254645178,-49.100383298,-23.720221773,-5.729577951,0.024678288,0.012021526,-0.005128442,-1.017941522,0.010815676,-0.034263190,-0.000195662,-0.051381955,-0.102353810,-0.062026251,0.003582071,-0.474932774
4.160000086,0.945759016,0.457266120,0.216563355,0.970643623,0.465991324,0.112018157,0.957807861,0.501497393,0.170331730,0.969143643,0.466068736,0.112036765,1.205968954,0.093798049,0.020457072,1.200839630,0.093640410,0.022353876,-48.556970652,-23.794699201,-6.292969187,-49.814706788,-23.892142331,-5.729577951,0.024884607,0.011335782,-0.005129325,-1.257736137,0.008725205,-0.035428657,-0.000157639,-0.097443130,-0.104545198,-0.058294965,0.001896805,0.563391235
4.180000067,0.954950169,0.461636477,0.218517875,0.979985572,0.468231623,0.112018157,0.967872890,0.504825808,0.166420785,0.978487144,0.468309406,0.112036765,1.207849105,0.094172117,0.018703401,1.202716852,0.094087475,0.022353876,-49.034102289,-23.897918883,-5.160984096,-49.814706788,-23.892142331,-5.729577951,0.025035403,0.010614253,-0.005132253,-0.780604499,0.006595145,-0.036516402,-0.000084643,0.005776552,-0.106499718,-0.054384020,0.003650475,-0.568593856
4.200000048,0.964229102,0.466042347,0.220293477,0.989359048,0.470471423,0.112018157,0.978003632,0.508072034,0.162311260,0.987862176,0.470549579,0.112036765,1.209736315,0.094543356,0.018561941,1.204600363,0.094534440,0.022353876,-49.513022118,-23.998764728,-5.042292226,-50.533867974,-24.063986480,-5.729577951,0.025129945,0.009858544,-0.005135952,-1.020845856,0.004429076,-0.037522455,-0.000008916,-0.065221753,-0.108275321,-0.050274495,0.003791935,-0.687285725
4.220000029,0.973596497,0.470480315,0.221898431,0.998813704,0.472711885,0.112018157,0.988198398,0.511231960,0.157996333,0.997318403,0.472790413,0.112036765,1.211631572,0.094974782,0.021571268,1.206500078,0.094981537,0.022353876,-49.994342570,-24.137256212,-6.924574232,-50.533867974,-24.063986480,-5.729577951,0.025217206,0.009120005,-0.005131494,-0.539525404,0.002231570,-0.038441547,0.000006756,0.073269732,-0.109880274,-0.045959568,0.000782609,1.194996281
4.240000010,0.983052943,0.474944816,0.223225027,1.008268359,0.474952347,0.112018157,0.998455434,0.514303119,0.153557916,1.006774629,0.475031248,0.112036765,1.213535304,0.095353335,0.018927661,1.208399792,0.095428634,0.022353876,-50.478326057,-24.241721786,-5.223278666,-51.501054070,-24.293179734,-5.729577951,0.025215417,0.008319195,-0.005135511,-1.022728013,0.000007531,-0.039271871,0.000075300,-0.051457948,-0.111206870,-0.041521151,0.003426215,-0.506299285
4.259999990,0.992598926,0.479432940,0.224406196,1.017798573,0.477192139,0.112018157,1.008772934,0.517282283,0.148958236,1.016306427,0.477271412,0.112036765,1.215446450,0.095766794,0.020672938,1.210314581,0.095875598,0.022353876,-50.964285336,-24.367418275,-6.284824443,-52.232240688,-24.465023258,-5.729577951,0.025199648,0.007533493,-0.005131868,-1.267955352,-0.002240801,-0.040010872,0.000108804,-0.097604984,-0.112388040,-0.036921470,0.001680938,0.555246492
4.279999971,1.002234878,0.483939296,0.225317824,1.027364832,0.479432503,0.112018157,1.019149027,0.520166877,0.144229702,1.025874274,0.479512147,0.112036765,1.217366028,0.096145880,0.018954310,1.212236567,0.096322676,0.022353876,-51.452844234,-24.470059140,-5.132043255,-52.232240688,-24.465023258,-5.729577951,0.025129954,0.006725248,-0.005129462,-0.779396453,-0.004506794,-0.040654730,0.000176796,0.005035881,-0.113299668,-0.032192937,0.003399566,-0.597534696
4.299999952,1.011961107,0.488459768,0.226023576,1.036967135,0.481673437,0.112018157,1.029581792,0.522953754,0.139343842,1.035478172,0.481753454,0.112036765,1.219292772,0.096522910,0.018851537,1.214165748,0.096769867,0.022353876,-51.943171545,-24.570261213,-5.010103679,-52.968958193,-24.636954434,-5.729577951,0.025006028,0.005896380,-0.005127024,-1.025786647,-0.006786331,-0.041200300,0.000246957,-0.066693221,-0.114005419,-0.027307076,0.003502339,-0.719474272
4.320000172,1.021777861,0.492990450,0.226534096,1.046642730,0.483913183,0.112018157,1.040069238,0.525639593,0.134291938,1.045155375,0.483993571,0.112036765,1.221227691,0.096961329,0.021920932,1.216109548,0.097216821,0.022353876,-52.435892247,-24.708892735,-6.931576112,-53.958739891,-24.866073003,-5.729577951,0.024864869,0.005086136,-0.005118143,-1.522847644,-0.009077267,-0.041646022,0.000255492,-0.157180267,-0.114515939,-0.022255173,0.000432944,1.201998161
4.340000153,1.031685284,0.497525213,0.226738146,1.056318210,0.486152901,0.112018157,1.050609329,0.528223207,0.129180725,1.054832462,0.486233662,0.112036765,1.223171233,0.097347470,0.019307042,1.218053325,0.097663770,0.022353876,-52.931275337,-24.812857874,-5.198256912,-53.958739891,-24.866073003,-5.729577951,0.024632925,0.004223133,-0.005117907,-1.027464554,-0.011372311,-0.041989545,0.000316300,-0.053215129,-0.114719989,-0.017143960,0.003046834,-0.531321039
4.360000134,1.041683411,0.502060723,0.226775526,1.066084305,0.488395423,0.112018157,1.061199999,0.530702180,0.123948648,1.064600179,0.488476556,0.112036765,1.225122348,0.097769329,0.021092953,1.220015202,0.098111278,0.022353876,-53.428619786,-24.938459483,-6.280080449,-54.708024015,-25.038125932,-5.729577951,0.024400894,0.003400180,-0.005107146,-1.279404230,-0.013665301,-0.042225624,0.000341949,-0.099666449,-0.114757369,-0.011911882,0.001260924,0.550502498
4.380000114,1.051772195,0.506590325,0.226480093,1.075875583,0.490636015,0.112018157,1.071839136,0.533075167,0.118649327,1.074393085,0.490717521,0.112036765,1.227081921,0.098146710,0.018869041,1.221982092,0.098558402,0.022353876,-53.928553577,-25.039881120,-5.071081863,-54.708024015,-25.038125932,-5.729577951,0.024103388,0.002553949,-0.005099829,-0.779470438,-0.015954310,-0.042357646,0.000411692,0.001755188,-0.114461937,-0.006612562,0.003484835,-0.658496088
4.400000095,1.061951508,0.511113309,0.226149188,1.085692045,0.492874679,0.112018157,1.082524600,0.535339780,0.113230647,1.084211177,0.492956557,0.112036765,1.229048781,0.098533502,0.019339627,1.223953997,0.099005140,0.022353876,-54.430234567,-25.139605788,-4.986233413,-55.461172426,-25.209882888,-5.729577951,0.023740537,0.001686577,-0.005094784,-1.030937859,-0.018238630,-0.042383223,0.000471638,-0.070277100,-0.114131031,-0.001193881,0.003014249,-0.743344538
4.420000076,1.072221164,0.515624427,0.225555891,1.095594569,0.495115092,0.112018157,1.093254197,0.537493614,0.107691728,1.094115346,0.495197342,0.112036765,1.231024026,0.098983021,0.022475917,1.225943086,0.099452228,0.022353876,-54.934306216,-25.278535515,-6.946486334,-55.461172426,-25.209882888,-5.729577951,0.023373405,0.000861150,-0.005080940,-0.526866210,-0.020509334,-0.042296272,0.000469207,0.068652627,-0.113537734,0.004345038,-0.000122041,1.216908383
4.440000057,1.082580862,0.520116876,0.224622466,1.105497094,0.497355506,0.112018157,1.104025707,0.539537038,0.102171161,1.104019516,0.497438128,0.112036765,1.233008126,0.099381073,0.019902624,1.227932175,0.099899315,0.022353876,-55.441042304,-25.382112939,-5.178871186,-56.474174248,-25.439071151,-5.729577951,0.022916232,-0.000006192,-0.005075950,-1.033131944,-0.022761370,-0.042098910,0.000518242,-0.056958212,-0.112604310,0.009865604,0.002451252,-0.550706765
4.460000038,1.093030169,0.524586461,0.223479232,1.115483089,0.499597050,0.112018157,1.114836919,0.541468684,0.096582310,1.114007170,0.499680045,0.112036765,1.235000042,0.099815307,0.021711701,1.229937928,0.100346629,0.022353876,-55.949728415,-25.507801461,-6.284426107,-57.240329756,-25.611049109,-5.729577951,0.022452919,-0.000829749,-0.005062113,-1.290601342,-0.024989410,-0.041788639,0.000531321,-0.103247648,-0.111461075,0.015454455,0.000642176,0.554848156
4.480000019,1.103568567,0.529026164,0.221985181,1.125495131,0.501836907,0.112018157,1.125685599,0.543289348,0.091033206,1.124020875,0.501920273,0.112036765,1.237000787,0.100213955,0.019932375,1.231948869,0.100793605,0.022353876,-56.460998921,-25.608398169,-5.029835424,-57.240329756,-25.611049109,-5.729577951,0.021926564,-0.001664724,-0.005051917,-0.779330835,-0.027189257,-0.041369075,0.000579650,-0.002650939,-0.109967024,0.021003560,0.002421501,-0.699742527
4.500000000,1.114195436,0.533434276,0.220405565,1.135533220,0.504075076,0.112018157,1.136569485,0.544994848,0.085274995,1.134060632,0.504158814,0.112036765,1.239009204,0.100619221,0.020263303,1.233964998,0.101240245,0.022353876,-56.974004479,-25.708125717,-4.986377383,-58.010482091,-25.782768124,-5.729577951,0.021337785,-0.002508853,-0.005044206,-1.036477612,-0.029359199,-0.040836033,0.000621024,-0.074642407,-0.108387408,0.026761771,0.002090573,-0.743200568
4.519999981,1.124910074,0.537803994,0.218485926,1.145665917,0.506316846,0.112018157,1.147486270,0.546584904,0.079502785,1.144195012,0.506400957,0.112036765,1.241026382,0.101087376,0.023407750,1.236000028,0.101687603,0.022353876,-57.489407310,-25.847862189,-6.986823598,-58.010482091,-25.782768124,-5.729577951,0.020755843,-0.003291258,-0.005026354,-0.521074781,-0.031487148,-0.040183947,0.000600227,0.065094065,-0.106467769,0.032533981,-0.001053874,1.257245647
4.539999962,1.135711627,0.542126759,0.216138240,1.155798614,0.508558617,0.112018157,1.158433664,0.548062194,0.073864540,1.154329392,0.508643100,0.112036765,1.243052619,0.101492205,0.020241462,1.238035057,0.102134961,0.022353876,-58.007428323,-25.947283303,-4.971055688,-59.047029952,-26.012095180,-5.729577951,0.020086987,-0.004104272,-0.005017562,-1.039601629,-0.033568142,-0.039419095,0.000642756,-0.064811878,-0.104120083,0.038172225,0.002112415,-0.758522263
4.559999943,1.146599123,0.546399989,0.213661519,1.166002147,0.510798707,0.112018157,1.169409422,0.549426603,0.068220446,1.164534620,0.510883562,0.112036765,1.245087039,0.101949500,0.022864727,1.240084212,0.102581985,0.022353876,-58.527378673,-26.073963503,-6.334009998,-59.829881857,-26.183962987,-5.729577951,0.019403024,-0.004874802,-0.005002827,-1.302503184,-0.035601282,-0.038543041,0.000632485,-0.109999484,-0.101643362,0.043816319,-0.000510851,0.604432047
4.580000162,1.157571472,0.549209283,0.211684603,1.176237520,0.513038416,0.112018157,1.180411305,0.550262815,0.064550555,1.174771693,0.513123643,0.112036765,1.247130553,0.102221643,0.021228694,1.242139719,0.103028931,0.022353876,-59.049889430,-26.139303890,-5.378339260,-59.829881857,-26.183962987,-5.729577951,0.018666048,-0.005639611,-0.004990834,-0.779992427,-0.036170866,-0.037139172,0.000807288,-0.044659096,-0.099666446,0.047486211,0.001125182,-0.351238691
4.600000143,1.168627447,0.554765334,0.207571093,1.186504489,0.515277690,0.112018157,1.191437120,0.551825238,0.057216092,1.185040368,0.515363289,0.112036765,1.249182002,0.102777104,0.020969514,1.244201529,0.103475792,0.022353876,-59.574135507,-26.272900573,-5.046343927,-60.617594499,-26.355766725,-5.729577951,0.017877042,-0.006396752,-0.004980473,-1.043458991,-0.039487645,-0.036461949,0.000698688,-0.082866152,-0.095552937,0.054820673,0.001384363,-0.683234024
4.620000124,1.179765761,0.557488843,0.205365804,1.196854971,0.517518079,0.112018157,1.202484678,0.552515640,0.053592144,1.195392569,0.517604050,0.112036765,1.251242429,0.103095747,0.022921999,1.246280011,0.103922874,0.022353876,-60.100826315,-26.368029505,-6.438561233,-60.617594499,-26.355766725,-5.729577951,0.017089210,-0.007092109,-0.004962418,-0.516768184,-0.039970764,-0.034911590,0.000827127,0.012262780,-0.093347647,0.058444622,-0.000568123,0.708983281
4.650000095,1.190985041,0.562864317,0.200685957,1.212422621,0.520879245,0.112018157,1.213551837,0.553791396,0.046527734,1.210962806,0.520965775,0.112036765,1.253312158,0.103673119,0.020902531,1.249406104,0.104593615,0.022353876,-60.630172538,-26.515572236,-4.998913284,-61.676421245,-26.584952519,-5.729577951,0.021437580,-0.002589031,-0.003906054,-1.046248707,-0.041985071,-0.032825621,0.000920496,-0.069380282,-0.088667800,0.065509031,0.001451346,-0.730664668
4.660000086,1.202283825,0.564834199,0.198837094,1.217639789,0.522000022,0.112018157,1.224636499,0.554203994,0.043893764,1.216180841,0.522086738,0.112036765,1.255390215,0.103904020,0.021996294,1.250453715,0.104817272,0.022353876,-61.161466436,-26.579562185,-5.698954060,-62.476974796,-26.756931221,-5.729577951,0.015355964,-0.008455658,-0.004936500,-1.315508360,-0.042834177,-0.032117256,0.000913253,-0.177369036,-0.086818937,0.068143002,0.000357582,-0.030623891
4.690000057,1.213660555,0.570661953,0.192893599,1.233344591,0.525359378,0.112018157,1.235736621,0.555343133,0.036327088,1.231888251,0.525446652,0.112036765,1.257477576,0.104556513,0.021079635,1.253607166,0.105487651,0.022353876,-61.695339045,-26.741551540,-4.899970340,-63.281617500,-26.928681634,-5.729577951,0.019684036,-0.003848370,-0.003870410,-1.586278455,-0.045302576,-0.029896482,0.000931138,-0.187130094,-0.080875442,0.075709678,0.001274241,-0.829607611
4.700000048,1.225113551,0.574434623,0.190763539,1.238588408,0.526478667,0.112018157,1.246850244,0.555971427,0.033870885,1.237132939,0.526566127,0.112036765,1.259573092,0.104986009,0.021277222,1.254660086,0.105711012,0.022353876,-62.230951458,-26.843063716,-4.987789567,-63.281617500,-26.928681634,-5.729577951,0.013474856,-0.009717305,-0.004913006,-1.050666042,-0.047955956,-0.029405300,0.000725003,-0.085617918,-0.078745382,0.078165881,0.001076654,-0.741788384
4.730000019,1.236641074,0.578118390,0.184188360,1.254454258,0.529840114,0.112018157,1.257975407,0.556502275,0.026542417,1.253001425,0.529928133,0.112036765,1.261677842,0.105477533,0.024576200,1.257845688,0.106381808,0.022353876,-62.769021430,-26.986503053,-7.171966882,-64.363640266,-27.157926322,-5.729577951,0.017813184,-0.004973982,-0.003832154,-1.594618836,-0.048278276,-0.026574143,0.000904275,-0.171423269,-0.072170204,0.085494348,-0.002222324,1.442388930
4.750000000,1.248241296,0.581708280,0.179494482,1.265070573,0.532081049,0.112018157,1.269110205,0.556940718,0.021922133,1.263619503,0.532169439,0.112036765,1.263792166,0.105909707,0.021608695,1.259977222,0.106829000,0.022353876,-63.309759416,-27.086351323,-4.992413465,-64.363640266,-27.157926322,-5.729577951,0.016829277,-0.005490701,-0.003814945,-1.053880850,-0.049627231,-0.024771279,0.000919293,-0.071575000,-0.067476325,0.090114633,0.000745181,-0.737164486
4.769999981,1.259912303,0.585201607,0.174666354,1.275725969,0.534321953,0.112018157,1.280252808,0.557287438,0.017335980,1.274276670,0.534410715,0.112036765,1.265915258,0.106396413,0.024335285,1.262116554,0.107276185,0.022353876,-63.852465927,-27.216171158,-6.490991785,-65.181154234,-27.329855143,-5.729577951,0.015813666,-0.005976138,-0.003798705,-1.328688306,-0.050879654,-0.022876722,0.000879773,-0.113683984,-0.062648198,0.094700785,-0.001981408,0.761413834
4.789999962,1.271652129,0.588594144,0.169626884,1.286449097,0.536562958,0.112018157,1.291401446,0.557549651,0.013110680,1.285001579,0.536652093,0.112036765,1.268047991,0.106831651,0.021761897,1.264269403,0.107723391,0.022353876,-64.397771946,-27.314035257,-4.893204940,-66.003864796,-27.501791773,-5.729577951,0.014796968,-0.006399866,-0.003778589,-1.606092850,-0.052031186,-0.020897558,0.000891740,-0.187756516,-0.057608728,0.098926086,0.000591979,-0.836373011
4.809999943,1.283458715,0.591882471,0.164416320,1.297207401,0.538803126,0.112018157,1.302554461,0.557729150,0.008974919,1.295761670,0.538892634,0.112036765,1.270189144,0.107273446,0.022089756,1.266429266,0.108170430,0.022353876,-64.944812978,-27.415315585,-5.064016415,-66.003864796,-27.501791773,-5.729577951,0.013748686,-0.006792790,-0.003759878,-1.059051818,-0.053079345,-0.018836516,0.000896984,-0.086476187,-0.052398164,0.103061846,0.000264120,-0.665561536
4.830000162,1.295329942,0.595063035,0.159028201,1.308001009,0.541042483,0.112018157,1.313710213,0.557828038,0.004944416,1.306557071,0.541132363,0.112036765,1.272339760,0.107775983,0.025126857,1.268596170,0.108617306,0.022353876,-65.494317213,-27.559328084,-7.200624952,-67.108015482,-27.730870624,-5.729577951,0.012671067,-0.007153142,-0.003743589,-1.613698269,-0.054020551,-0.016695675,0.000841323,-0.171542540,-0.047010044,0.107092350,-0.002772981,1.471047001
4.850000143,1.307263610,0.598131332,0.153414857,1.318840358,0.543283190,0.112018157,1.324867154,0.557853180,0.001257083,1.317398221,0.543373441,0.112036765,1.274500169,0.108219359,0.022168789,1.270772210,0.109064452,0.022353876,-66.046501528,-27.659045087,-4.985850126,-67.108015482,-27.730870624,-5.729577951,0.011576748,-0.007468933,-0.003727959,-1.061513954,-0.054848142,-0.014479738,0.000845094,-0.071825537,-0.041396700,0.110779682,0.000185087,-0.743727825
4.870000124,1.319257441,0.601084776,0.147672212,1.329725578,0.545525272,0.112018157,1.336023850,0.557806851,-0.002316413,1.328285250,0.545615896,0.112036765,1.276669455,0.108708431,0.024453603,1.272957412,0.109511873,0.022353876,-66.600669301,-27.790372330,-6.566362128,-67.943162206,-27.902889852,-5.729577951,0.010468137,-0.007738600,-0.003712044,-1.342492905,-0.055559504,-0.012190955,0.000803442,-0.112517522,-0.035654055,0.114353178,-0.002099727,0.836784176
4.890000105,1.331309101,0.603919418,0.141732087,1.340662723,0.547764213,0.112018157,1.347178919,0.557695573,-0.005563914,1.339224211,0.547855209,0.112036765,1.278848535,0.109153912,0.022274074,1.275152957,0.109958667,0.022353876,-67.157453717,-27.888032895,-4.883028285,-68.782292725,-28.074668111,-5.729577951,0.009353621,-0.007954708,-0.003695578,-1.624839008,-0.056155205,-0.009840364,0.000804755,-0.186635215,-0.029713930,0.117600679,0.000079803,-0.846549666
4.910000086,1.343416181,0.606632438,0.135650982,1.351646043,0.550004576,0.112018157,1.358331118,0.557522836,-0.008636867,1.350209355,0.550095944,0.112036765,1.281036242,0.109606121,0.022610436,1.277357725,0.110405744,0.022353876,-67.715969108,-27.989123621,-5.054536286,-68.782292725,-28.074668111,-5.729577951,0.008229862,-0.008121762,-0.003678517,-1.066323617,-0.056627862,-0.007426892,0.000799623,-0.085544490,-0.023632826,0.120673632,-0.000256560,-0.675041665
4.930000067,1.355576219,0.609221072,0.129431739,1.362675538,0.552246359,0.112018157,1.369479244,0.557292140,-0.011534772,1.361240683,0.552338099,0.112036765,1.283233614,0.110118231,0.025605480,1.279571716,0.110853105,0.022353876,-68.276955503,-28.133626726,-7.225155234,-69.910580673,-28.303996485,-5.729577951,0.007099319,-0.008238561,-0.003661898,-1.633625170,-0.056974714,-0.004954041,0.000734874,-0.170369759,-0.017413582,0.123571538,-0.003251604,1.495577283
4.950000048,1.367786697,0.611682254,0.123059093,1.373737652,0.554486806,0.112018157,1.380622221,0.557012164,-0.013998805,1.372304635,0.554578919,0.112036765,1.285440968,0.110571247,0.022650803,1.281792208,0.111300199,0.022353876,-68.840632792,-28.233055950,-4.971461217,-69.910580673,-28.303996485,-5.729577951,0.005950954,-0.008317587,-0.003648760,-1.069947881,-0.057195448,-0.002433245,0.000728953,-0.070940535,-0.011040936,0.126035570,-0.000296926,-0.758116734
4.970000029,1.380045044,0.614014259,0.116600244,1.384832384,0.556725918,0.112018157,1.391759119,0.556686400,-0.016288202,1.383401210,0.556818403,0.112036765,1.287657388,0.111069177,0.024896510,1.284019202,0.111747027,0.022353876,-69.406294071,-28.364827356,-6.588570313,-70.761801793,-28.475787830,-5.729577951,0.004787340,-0.008357909,-0.003638186,-1.355507722,-0.057288341,0.000132003,0.000677850,-0.110960474,-0.004582087,0.128324968,-0.002542634,0.858992362
4.990000010,1.392348654,0.616214607,0.110017423,1.396013813,0.558968942,0.112018157,1.402889084,0.556322811,-0.018179454,1.394584496,0.559061800,0.112036765,1.289883773,0.111523464,0.022714336,1.286257237,0.111761930,0.007451292,-69.974587027,-28.462447416,-4.881002965,-71.619674545,-28.647879331,-5.729577951,0.003665159,-0.008304587,-0.003626536,-1.645087518,-0.057245665,0.002738989,0.000238466,-0.185431915,0.002000734,0.130216219,-0.015263044,-0.848574986
5.009999990,1.404694871,0.618281512,0.103345223,1.407199489,0.560090537,0.084013617,1.414011422,0.555925751,-0.019852985,1.405772031,0.560183580,0.084027574,1.292119016,0.111987798,0.023216723,1.288492762,0.111769381,0.000000000,-70.544604102,-28.562940801,-5.024669299,-71.619674545,-28.647879331,-5.729577951,0.002504618,-0.008239391,-0.003626254,-1.075070443,-0.058190975,0.004257829,-0.000218417,-0.084938529,-0.019331606,0.103880559,-0.023216723,-0.704908652
5.029999971,1.417080989,0.620210304,0.096439597,1.418389413,0.560090701,0.028004539,1.425125523,0.555501608,-0.021207169,1.416963813,0.560183745,0.028009191,1.294361408,0.112148422,0.008031211,1.290725776,0.111769381,0.000000000,-71.117100880,-28.708250750,-7.265497436,-72.764373631,-28.647889757,0.000000000,0.001308424,-0.008161710,-0.003635632,-1.647272751,-0.060119603,0.004682137,-0.000379041,0.060360994,-0.068435058,0.049216361,-0.008031211,7.265497436
5.049999952,1.429504232,0.622001740,0.089571804,1.429592188,0.560090783,0.000000000,1.436230935,0.555059522,-0.022104288,1.428168450,0.560183827,0.000000000,1.296604060,0.112096083,-0.002616978,1.292961356,0.111769381,0.000000000,-71.692307441,-28.807842462,-4.979585599,-72.764373631,-28.647889757,0.000000000,0.000087956,-0.008062485,-0.003642704,-1.072066190,-0.061910957,0.005124305,-0.000326702,0.159952706,-0.089571804,0.022104288,0.002616978,4.979585599
5.070000172,1.441961884,0.623658293,0.082827630,1.440807948,0.560090783,0.000000000,1.447327410,0.554609900,-0.022481135,1.439386073,0.560183827,0.000000000,1.298845283,0.112037088,-0.002949732,1.295199526,0.111769381,0.000000000,-72.269341216,-28.918980474,-5.556900577,-73.624876770,-28.647889757,0.000000000,-0.001153936,-0.007941337,-0.003645757,-1.355535554,-0.063567509,0.005573927,-0.000267707,0.271090717,-0.082827630,0.022481135,0.002949732,5.556900577
5.090000153,1.454451206,0.625173860,0.075778381,1.451997620,0.560090783,0.000000000,1.458414755,0.554143829,-0.023303513,1.450577603,0.560183827,0.000000000,1.301085232,0.111950346,-0.004337109,1.297432490,0.111769381,0.000000000,-72.848415603,-28.985741114,-3.338032022,-74.483381719,-28.647889757,0.000000000,-0.002453586,-0.007837152,-0.003652742,-1.634966115,-0.065083077,0.006039998,-0.000180965,0.337851358,-0.075778381,0.023303513,0.004337109,3.338032022
5.110000134,1.466969277,0.626539324,0.068273168,1.463191863,0.560090783,0.000000000,1.469492445,0.553643060,-0.025038489,1.461773706,0.560183827,0.000000000,1.303323384,0.111877695,-0.003632527,1.299666367,0.111769381,0.000000000,-73.428474257,-29.041613558,-2.793622210,-74.483381719,-28.647889757,0.000000000,-0.003777414,-0.007718739,-0.003657017,-1.054907462,-0.066448540,0.006540767,-0.000108314,0.393723802,-0.068273168,0.025038489,0.003632527,2.793622210
5.130000114,1.479513009,0.627746563,0.060361959,1.474390678,0.560090783,0.000000000,1.480559623,0.553093030,-0.027501488,1.472974382,0.560183827,0.000000000,1.305560560,0.111851032,-0.001333150,1.301901155,0.111769381,0.000000000,-74.009891440,-29.122450835,-4.041863843,-75.628990375,-28.647889757,0.000000000,-0.005122330,-0.007585241,-0.003659404,-1.619098935,-0.067655779,0.007090797,-0.000081651,0.474561079,-0.060361959,0.027501488,0.001333150,4.041863843
5.150000095,1.492079168,0.628789487,0.052146208,1.485594605,0.560090783,0.000000000,1.491615212,0.552486340,-0.030334507,1.484180170,0.560183827,0.000000000,1.307797177,0.111802291,-0.002437076,1.304136964,0.111769381,0.000000000,-74.592629368,-29.154335600,-1.594238255,-75.628990375,-28.647889757,0.000000000,-0.006484563,-0.007435043,-0.003660213,-1.036361007,-0.068698704,0.007697487,-0.000032910,0.506445844,-0.052146208,0.030334507,0.002437076,1.594238255
5.170000076,1.504664419,0.629663450,0.043698160,1.496803643,0.560090783,0.000000000,1.502658015,0.551816351,-0.033499440,1.495391070,0.560183827,0.000000000,1.310032935,0.111789483,-0.000640395,1.306373793,0.111769381,0.000000000,-75.175890936,-29.204582773,-2.512358610,-76.488981204,-28.647889757,0.000000000,-0.007860776,-0.007266945,-0.003659142,-1.313090268,-0.069572667,0.008367476,-0.000020102,0.556693016,-0.043698160,0.033499440,0.000640395,2.512358610
5.190000057,1.517265348,0.630365567,0.035105868,1.508003329,0.560090783,0.000000000,1.513686740,0.551082272,-0.036703955,1.506592616,0.560183827,0.000000000,1.312268544,0.111761665,-0.001390898,1.308608756,0.111769381,0.000000000,-75.760060693,-29.218276934,-0.684708085,-77.348254489,-28.647889757,0.000000000,-0.009262019,-0.007094123,-0.003659788,-1.588193796,-0.070274784,0.009101555,0.000007716,0.570387178,-0.035105868,0.036703955,0.001390898,0.684708085
5.210000038,1.529878496,0.630893725,0.026407872,1.519208125,0.560090783,0.000000000,1.524700106,0.550283397,-0.039943755,1.517799274,0.560183827,0.000000000,1.314503527,0.111745775,-0.000794503,1.310844738,0.111769381,0.000000000,-76.344236981,-29.228472565,-0.509781549,-77.348254489,-28.647889757,0.000000000,-0.010670371,-0.006900832,-0.003658789,-1.004017508,-0.070802942,0.009900430,0.000023606,0.580582809,-0.026407872,0.039943755,0.000794503,0.509781549
5.230000019,1.542500367,0.631246469,0.017637217,1.530418031,0.560090783,0.000000000,1.535696817,0.549420367,-0.043151497,1.529011042,0.560183827,0.000000000,1.316738614,0.111770285,0.001225517,1.313081740,0.111769381,0.000000000,-76.928937217,-29.270484248,-2.100584151,-78.494997689,-28.647889757,0.000000000,-0.012082336,-0.006685775,-0.003656874,-1.566060472,-0.071155686,0.010763460,-0.000000904,0.622594492,-0.017637217,0.043151497,-0.001225517,2.100584151
5.250000000,1.555127449,0.631423732,0.008863142,1.541619174,0.560090783,0.000000000,1.546675634,0.548497954,-0.046120627,1.540214046,0.560183827,0.000000000,1.318974116,0.111768321,-0.000098200,1.315316994,0.111769381,0.000000000,-77.514250818,-29.269415900,0.053417413,-78.494997689,-28.647889757,0.000000000,-0.013508275,-0.006461588,-0.003657122,-0.980746871,-0.071332949,0.011685873,0.000001060,0.621526143,-0.008863142,0.046120627,0.000098200,-0.053417413
5.269999981,1.567756230,0.631424986,0.000062684,1.552811554,0.560090783,0.000000000,1.557635398,0.547518000,-0.048997721,1.551408285,0.560183827,0.000000000,1.321209635,0.111796133,0.001390603,1.317550498,0.111769381,0.000000000,-78.099488908,-29.291921618,-1.125285902,-79.353710449,-28.647889757,0.000000000,-0.014944676,-0.006227113,-0.003659137,-1.254221541,-0.071334203,0.012665827,-0.000026752,0.644031861,-0.000062684,0.048997721,-0.001390603,1.125285902
5.289999962,1.580383191,0.631250767,-0.008710947,1.564018534,0.560090783,0.000000000,1.568574999,0.546485533,-0.051623361,1.562617127,0.560183827,0.000000000,1.323445762,0.111804353,0.000410985,1.319786917,0.111769381,0.000000000,-78.685131476,-29.282197522,0.486204820,-80.213543399,-28.647889757,0.000000000,-0.016364657,-0.005957872,-0.003658845,-1.528411923,-0.071159984,0.013698294,-0.000034972,0.634307765,0.008710947,0.051623361,-0.000410985,-0.486204820
5.309999943,1.593004828,0.630901213,-0.017477715,1.575221985,0.560090783,0.000000000,1.579493430,0.545403538,-0.054099717,1.573822439,0.560183827,0.000000000,1.325681934,0.111819138,0.000739255,1.322022630,0.111769381,0.000000000,-79.270353839,-29.272529909,0.483380652,-80.213543399,-28.647889757,0.000000000,-0.017782843,-0.005670991,-0.003659303,-0.943189560,-0.070810429,0.014780289,-0.000049757,0.624640152,0.017477715,0.054099717,-0.000739255,-0.483380652
5.330000162,1.605617634,0.630376591,-0.026231056,1.586422040,0.560090783,0.000000000,1.590389725,0.544275041,-0.056424859,1.585024354,0.560183827,0.000000000,1.327918760,0.111868414,0.002463786,1.324257667,0.111769381,0.000000000,-79.855739464,-29.297846079,-1.265808533,-81.359272005,-28.647889757,0.000000000,-0.019195595,-0.005365371,-0.003661094,-1.503532540,-0.070285808,0.015908786,-0.000099033,0.649956323,0.026231056,0.056424859,-0.002463786,1.265808533
5.350000143,1.618218124,0.629678681,-0.034895538,1.597622339,0.560090783,0.000000000,1.601263018,0.543106554,-0.058424356,1.596226514,0.560183827,0.000000000,1.330156451,0.111887545,0.000956546,1.326492752,0.111769381,0.000000000,-80.441436369,-29.282728927,0.755857596,-81.359272005,-28.647889757,0.000000000,-0.020595786,-0.005036504,-0.003663699,-0.917835635,-0.069587897,0.017077273,-0.000118164,0.634839171,0.034895538,0.058424356,-0.000956546,-0.755857596
5.370000124,1.630802845,0.628808181,-0.043524990,1.608823016,0.560090783,0.000000000,1.612112552,0.541901086,-0.060273408,1.607429052,0.560183827,0.000000000,1.332394535,0.111931279,0.002186716,1.328727912,0.111769381,0.000000000,-81.026803757,-29.293414284,-0.534267846,-82.218621350,-28.647889757,0.000000000,-0.021979829,-0.004683500,-0.003666623,-1.191817594,-0.068717398,0.018282741,-0.000161898,0.645524528,0.043524990,0.060273408,-0.002186716,0.534267846
5.390000105,1.643368359,0.627767280,-0.052045019,1.620022949,0.560090783,0.000000000,1.622937637,0.540664742,-0.061817204,1.618630845,0.560183827,0.000000000,1.334633500,0.111951939,0.001032995,1.330962924,0.111769381,0.000000000,-81.612362943,-29.273766628,0.982382800,-83.077913600,-28.647889757,0.000000000,-0.023345411,-0.004306791,-0.003670576,-1.465550658,-0.067676497,0.019519085,-0.000182558,0.625876872,0.052045019,0.061817204,-0.001032995,-0.982382800
5.410000086,1.655911282,0.626557496,-0.060489230,1.631224471,0.560090783,0.000000000,1.633737709,0.539401396,-0.063167264,1.629834228,0.560183827,0.000000000,1.336872722,0.111975252,0.001165680,1.333198253,0.111769381,0.000000000,-82.197325410,-29.255927883,0.891937284,-83.077913600,-28.647889757,0.000000000,-0.024686812,-0.003903481,-0.003674469,-0.880588191,-0.066466713,0.020782431,-0.000205871,0.608038126,0.060489230,0.063167264,-0.001165680,-0.891937284
5.430000067,1.668428250,0.625180520,-0.068848792,1.642427581,0.560090783,0.000000000,1.644512264,0.538114921,-0.064323753,1.641039200,0.560183827,0.000000000,1.339112722,0.112028526,0.002663692,1.335433899,0.111769381,0.000000000,-82.782307669,-29.274547415,-0.930976603,-84.223961658,-28.647889757,0.000000000,-0.026000669,-0.003473064,-0.003678823,-1.441653989,-0.065089737,0.022068906,-0.000259145,0.626657658,0.068848792,0.064323753,-0.002663692,0.930976603
5.450000048,1.680915953,0.623639958,-0.077028118,1.653630068,0.560090783,0.000000000,1.655260909,0.536812724,-0.065109853,1.652243547,0.560183827,0.000000000,1.341353634,0.112049110,0.001029164,1.337669421,0.111769381,0.000000000,-83.367484315,-29.253934894,1.030626033,-84.223961658,-28.647889757,0.000000000,-0.027285885,-0.003017361,-0.003684213,-0.856477343,-0.063549174,0.023371103,-0.000279729,0.606045137,0.077028118,0.065109853,-0.001029164,-1.030626033
5.470000029,1.693371148,0.621937904,-0.085102669,1.664831931,0.560090783,0.000000000,1.665983382,0.535498568,-0.065707792,1.663447271,0.560183827,0.000000000,1.343594934,0.112090570,0.002073044,1.339904818,0.111769381,0.000000000,-83.952237468,-29.260238360,-0.315173297,-85.083401989,-28.647889757,0.000000000,-0.028539217,-0.002536111,-0.003690117,-1.131164521,-0.061847121,0.024685259,-0.000321189,0.612348603,0.085102669,0.065707792,-0.002073044,0.315173297
5.490000010,1.705790638,0.620078354,-0.092977496,1.676045806,0.560090783,0.000000000,1.676679503,0.534179337,-0.065961585,1.674663009,0.560183827,0.000000000,1.345837040,0.112106642,0.000803598,1.342142612,0.111769381,0.000000000,-84.537109210,-29.237115305,1.156152734,-85.943763923,-28.647889757,0.000000000,-0.029744832,-0.002016494,-0.003694428,-1.406654713,-0.059987571,0.026004490,-0.000337261,0.589225549,0.092977496,0.065961585,-0.000803598,-1.156152734
5.509999990,1.718171313,0.618064364,-0.100699525,1.687251169,0.560090783,0.000000000,1.687349231,0.532859574,-0.065988119,1.685870234,0.560183827,0.000000000,1.348079286,0.112122641,0.000799937,1.344378707,0.111769381,0.000000000,-85.121327532,-29.216581574,1.026686554,-85.943763923,-28.647889757,0.000000000,-0.030920144,-0.001478997,-0.003700579,-0.822436390,-0.057973581,0.027324253,-0.000353260,0.568691818,0.100699525,0.065988119,-0.000799937,-1.026686554
5.529999971,1.730510114,0.615899160,-0.108260212,1.698448021,0.560090783,0.000000000,1.697992595,0.531543757,-0.065790873,1.697068945,0.560183827,0.000000000,1.350322131,0.112165517,0.002143817,1.346613104,0.111769381,0.000000000,-85.705524310,-29.233275791,-0.834710840,-87.089171643,-28.647889757,0.000000000,-0.032062094,-0.000923650,-0.003709027,-1.383647334,-0.055808376,0.028640070,-0.000396136,0.585386034,0.108260212,0.065790873,-0.002143817,0.834710840
5.549999952,1.742804070,0.613588188,-0.115548590,1.709645339,0.560090783,0.000000000,1.708609753,0.530239864,-0.065194636,1.708268124,0.560183827,0.000000000,1.352565660,0.112174238,0.000436017,1.348847594,0.111769381,0.000000000,-86.289888029,-29.211308353,1.098371903,-87.089171643,-28.647889757,0.000000000,-0.033158731,-0.000341629,-0.003718065,-0.799283614,-0.053497405,0.029943963,-0.000404857,0.563418596,0.115548590,0.065194636,-0.000436017,-1.098371903
5.570000172,1.755050309,0.611134967,-0.122661061,1.720843259,0.560090783,0.000000000,1.719200999,0.528952115,-0.064387467,1.719467904,0.560183827,0.000000000,1.354809319,0.112201372,0.001356715,1.351082205,0.111769381,0.000000000,-86.873810014,-29.216646971,-0.266930926,-87.948306015,-28.647889757,0.000000000,-0.034207050,0.000266904,-0.003727114,-1.074496001,-0.051044183,0.031231712,-0.000431991,0.568757215,0.122661061,0.064387467,-0.001356715,0.266930926
5.590000153,1.767246036,0.608545183,-0.129489193,1.732054089,0.560090783,0.000000000,1.729766735,0.527688393,-0.063186098,1.730680596,0.560183827,0.000000000,1.357053457,0.112200491,-0.000044077,1.353319391,0.111769381,0.000000000,-87.457805287,-29.190625033,1.301096926,-88.808434325,-28.647889757,0.000000000,-0.035191947,0.000913862,-0.003734066,-1.350629038,-0.048454399,0.032495434,-0.000431110,0.542735276,0.129489193,0.063186098,0.000044077,-1.301096926
5.610000134,1.779388581,0.605823790,-0.136069625,1.743254442,0.560090783,0.000000000,1.740307450,0.526449631,-0.061938108,1.741882810,0.560183827,0.000000000,1.359297404,0.112199302,-0.000059419,1.355554487,0.111769381,0.000000000,-88.041129909,-29.169715090,1.045497144,-88.808434325,-28.647889757,0.000000000,-0.036134138,0.001575361,-0.003742918,-0.767304416,-0.045733007,0.033734196,-0.000429921,0.521825333,0.136069625,0.061938108,0.000059419,-1.045497144
5.630000114,1.791475358,0.602975412,-0.142418930,1.754444318,0.560090783,0.000000000,1.750823696,0.525241213,-0.060420896,1.753074545,0.560183827,0.000000000,1.361541666,0.112228488,0.001459281,1.357787492,0.111769381,0.000000000,-88.624443243,-29.187210073,-0.874749149,-89.953128541,-28.647889757,0.000000000,-0.037031039,0.002250849,-0.003754174,-1.328685298,-0.042884628,0.034942614,-0.000459107,0.539320316,0.142418930,0.060420896,-0.001459281,0.874749149
5.650000095,1.803503883,0.600006140,-0.148463569,1.765641568,0.560090783,0.000000000,1.761316180,0.524072909,-0.058415170,1.764273655,0.560183827,0.000000000,1.363786205,0.112214819,-0.000683424,1.360021968,0.111769381,0.000000000,-89.207882076,-29.162040875,1.258459913,-89.953128541,-28.647889757,0.000000000,-0.037862315,0.002957475,-0.003764237,-0.745246465,-0.039915357,0.036110918,-0.000445438,0.514151118,0.148463569,0.058415170,0.000683424,-1.258459913
5.670000076,1.815471805,0.596920994,-0.154257302,1.776846192,0.560090783,0.000000000,1.771785753,0.522948772,-0.056206845,1.775480140,0.560183827,0.000000000,1.366030600,0.112230315,0.000774778,1.362257916,0.111769381,0.000000000,-89.790890604,-29.169026400,-0.349276260,-90.812780666,-28.647889757,0.000000000,-0.038625613,0.003694387,-0.003772684,-1.021890062,-0.036830211,0.037235054,-0.000460934,0.521136643,0.154257302,0.056206845,-0.000774778,0.349276260
5.690000057,1.827376858,0.593726134,-0.159743006,1.788061881,0.560090783,0.000000000,1.782233403,0.521878877,-0.053494753,1.786697693,0.560183827,0.000000000,1.368274956,0.112199058,-0.001562840,1.364496073,0.111769381,0.000000000,-90.373979899,-29.143034353,1.299602356,-91.673281800,-28.647889757,0.000000000,-0.039314977,0.004464290,-0.003778883,-1.299301900,-0.033635351,0.038304950,-0.000429677,0.495144596,0.159743006,0.053494753,0.001562840,-1.299602356
5.710000038,1.839216894,0.590425678,-0.165022809,1.799265095,0.560090783,0.000000000,1.792660240,0.520865464,-0.050670667,1.797902767,0.560183827,0.000000000,1.370518722,0.112180947,-0.000905534,1.366731739,0.111769381,0.000000000,-90.956436090,-29.124311810,0.936127156,-91.673281800,-28.647889757,0.000000000,-0.039951799,0.005242528,-0.003786982,-0.716845710,-0.030334895,0.039318363,-0.000411566,0.476422053,0.165022809,0.050670667,0.000905534,-0.936127156
5.730000019,1.850989884,0.587027557,-0.169906029,1.810455833,0.560090783,0.000000000,1.803067454,0.519914254,-0.047560527,1.809095364,0.560183827,0.000000000,1.372762328,0.112184541,0.000179695,1.368964916,0.111769381,0.000000000,-91.538926023,-29.143825698,-0.975694414,-92.818064137,-28.647889757,0.000000000,-0.040534052,0.006027910,-0.003797412,-1.279138114,-0.026936774,0.040269573,-0.000415160,0.495935941,0.169906029,0.047560527,-0.000179695,0.975694414
5.750000000,1.862693965,0.583540910,-0.174332373,1.821659757,0.560090783,0.000000000,1.813456362,0.519032798,-0.044072772,1.820301150,0.560183827,0.000000000,1.375005765,0.112149590,-0.001747590,1.371200725,0.111769381,0.000000000,-92.121565531,-29.119322812,1.225144299,-92.818064137,-28.647889757,0.000000000,-0.041034208,0.006844788,-0.003805040,-0.696498606,-0.023450127,0.041151029,-0.000380209,0.471433055,0.174332373,0.044072772,0.001747590,-1.225144299
5.769999981,1.874327442,0.579972009,-0.178445045,1.832876868,0.560090783,0.000000000,1.823828393,0.518224007,-0.040439571,1.831520124,0.560183827,0.000000000,1.377248514,0.112136180,-0.000670483,1.373439164,0.111769381,0.000000000,-92.703792474,-29.127011438,-0.384431323,-93.678674333,-28.647889757,0.000000000,-0.041450574,0.007691731,-0.003809350,-0.974881859,-0.019881226,0.041959820,-0.000366799,0.479121682,0.178445045,0.040439571,0.000670483,0.384431323
5.789999962,1.885888753,0.576329847,-0.182108122,1.844070699,0.560090783,0.000000000,1.834185110,0.517498202,-0.036290217,1.842715815,0.560183827,0.000000000,1.379490891,0.112092634,-0.002177297,1.375672959,0.111769381,0.000000000,-93.286102728,-29.100824472,1.309348312,-94.537498448,-28.647889757,0.000000000,-0.041818054,0.008530705,-0.003817932,-1.251395720,-0.016239063,0.042685625,-0.000323253,0.452934716,0.182108122,0.036290217,0.002177297,-1.309348312
5.809999943,1.897376516,0.572621435,-0.185420595,1.855264651,0.560090783,0.000000000,1.844528209,0.516858203,-0.031999960,1.853911626,0.560183827,0.000000000,1.381732275,0.112052301,-0.002016627,1.377906777,0.111769381,0.000000000,-93.867790115,-29.082876968,0.897375194,-94.537498448,-28.647889757,0.000000000,-0.042111866,0.009383416,-0.003825498,-0.669708333,-0.012530651,0.043325624,-0.000282920,0.434987212,0.185420595,0.031999960,0.002016627,-0.897375194
5.830000162,1.908789479,0.568854029,-0.188370274,1.866458855,0.560090783,0.000000000,1.854859438,0.516307321,-0.027544121,1.865107690,0.560183827,0.000000000,1.383973120,0.112037957,-0.000717201,1.380140646,0.111769381,0.000000000,-94.449519449,-29.102711489,-0.991726012,-95.682628627,-28.647889757,0.000000000,-0.042330624,0.010248252,-0.003832474,-1.233109178,-0.008763246,0.043876506,-0.000268576,0.454821732,0.188370274,0.027544121,0.000717201,0.991726012
5.850000143,1.920126559,0.565037524,-0.190825273,1.877660878,0.560090783,0.000000000,1.865180652,0.515852394,-0.022746319,1.876311573,0.560183827,0.000000000,1.386213469,0.111987713,-0.002512236,1.382376075,0.111769381,0.000000000,-95.031418676,-29.079606054,1.155271715,-95.682628627,-28.647889757,0.000000000,-0.042465682,0.011130921,-0.003837394,-0.651209951,-0.004946740,0.044331433,-0.000218332,0.431716298,0.190825273,0.022746319,0.002512236,-1.155271715
5.870000124,1.931386856,0.561178594,-0.192946488,1.888870851,0.560090783,0.000000000,1.875493755,0.515491948,-0.018022311,1.887523409,0.560183827,0.000000000,1.388452837,0.111960281,-0.001371596,1.384613090,0.111769381,0.000000000,-95.612942633,-29.089469599,-0.493177217,-96.542691219,-28.647889757,0.000000000,-0.042516005,0.012029655,-0.003839747,-0.929748586,-0.001087811,0.044691879,-0.000190900,0.441579842,0.192946488,0.018022311,0.001371596,0.493177217
5.890000105,1.942569612,0.557286996,-0.194579910,1.900080735,0.560090783,0.000000000,1.885800695,0.515232263,-0.012984247,1.898735155,0.560183827,0.000000000,1.390691543,0.111902339,-0.002897069,1.386850088,0.111769381,0.000000000,-96.194559937,-29.063443804,1.301289747,-97.402746907,-28.647889757,0.000000000,-0.042488877,0.012934460,-0.003841455,-1.208186970,0.002803788,0.044951564,-0.000132958,0.415554047,0.194579910,0.012984247,0.002897069,-1.301289747
5.910000086,1.953674262,0.553370203,-0.195839641,1.911281587,0.560090783,0.000000000,1.896103528,0.515076330,-0.007796648,1.909937868,0.560183827,0.000000000,1.392928981,0.111848850,-0.002674490,1.389085283,0.111769381,0.000000000,-96.775551606,-29.045397230,0.902328705,-97.402746907,-28.647889757,0.000000000,-0.042392675,0.013834339,-0.003843697,-0.627195301,0.006720580,0.045107497,-0.000079469,0.397507473,0.195839641,0.007796648,0.002674490,-0.902328705
5.930000067,1.964700379,0.549436071,-0.196706586,1.922473407,0.560090783,0.000000000,1.906404360,0.515027374,-0.002447794,1.921131548,0.560183827,0.000000000,1.395165634,0.111823125,-0.001286211,1.391318676,0.111769381,0.000000000,-97.356577698,-29.065094919,-0.984884496,-98.547640025,-28.647889757,0.000000000,-0.042226972,0.014727188,-0.003846957,-1.191062327,0.010654712,0.045156453,-0.000053744,0.417205163,0.196706586,0.002447794,0.001286211,0.984884496
5.950000048,1.975647724,0.545495213,-0.197042933,1.933669282,0.560090783,0.000000000,1.916705387,0.515091354,0.003198978,1.932329282,0.560183827,0.000000000,1.397401555,0.111761273,-0.003092608,1.393552878,0.111769381,0.000000000,-97.937749105,-29.040742950,1.217598470,-98.547640025,-28.647889757,0.000000000,-0.041978442,0.015623895,-0.003848677,-0.609890920,0.014595571,0.045092473,0.000008108,0.392853193,0.197042933,-0.003198978,0.003092608,-1.217598470
5.970000029,1.986516247,0.541554766,-0.197022344,1.944869211,0.560090783,0.000000000,1.927008885,0.515269554,0.008909989,1.943531072,0.560183827,0.000000000,1.399636285,0.111724460,-0.001840666,1.395787889,0.111769381,0.000000000,-98.518514953,-29.049300207,-0.427862833,-99.406931960,-28.647889757,0.000000000,-0.041647036,0.016522186,-0.003848396,-0.888417007,0.018536018,0.044914273,0.000044921,0.401410450,0.197022344,-0.008909989,0.001840666,0.427862833
5.990000010,1.997306055,0.537625309,-0.196472828,1.956081362,0.560090783,0.000000000,1.937317226,0.515569984,0.015021506,1.954745085,0.560183827,0.000000000,1.401870206,0.111660175,-0.003214248,1.398025339,0.111769381,0.000000000,-99.099358198,-29.023090517,1.310484462,-100.267161569,-28.647889757,0.000000000,-0.041224694,0.017427859,-0.003844866,-1.167803371,0.022465474,0.044613843,0.000109206,0.375200761,0.196472828,-0.015021506,0.003214248,-1.310484462
6.009999990,2.008017464,0.533714788,-0.195526034,1.967285175,0.560090783,0.000000000,1.947632865,0.515993224,0.021162034,1.965950759,0.560183827,0.000000000,1.404102752,0.111602493,-0.002884086,1.400261126,0.111769381,0.000000000,-99.679565574,-29.004804945,0.914278598,-100.267161569,-28.647889757,0.000000000,-0.040732289,0.018317894,-0.003841626,-0.587595995,0.026375995,0.044190603,0.000166888,0.356915189,0.195526034,-0.021162034,0.002884086,-0.914278598
6.029999971,2.018650931,0.529831380,-0.194170433,1.978480651,0.560090783,0.000000000,1.957958265,0.516540079,0.027342715,1.977148095,0.560183827,0.000000000,1.406334455,0.111575054,-0.001371973,1.402495248,0.111769381,0.000000000,-100.259794724,-29.024205859,-0.970045659,-101.412428657,-28.647889757,0.000000000,-0.040170280,0.019189831,-0.003839207,-1.152633934,0.030259403,0.043643748,0.000194327,0.376316102,0.194170433,-0.027342715,0.001371973,0.970045659
6.049999952,2.029207109,0.525985897,-0.192274131,1.989680324,0.560090783,0.000000000,1.968295927,0.517213729,0.033682536,1.988349629,0.560183827,0.000000000,1.408565408,0.111512746,-0.003115392,1.404730208,0.111769381,0.000000000,-100.840156009,-28.999636878,1.228449021,-101.412428657,-28.647889757,0.000000000,-0.039526785,0.020053702,-0.003835200,-0.572272648,0.034104886,0.042970097,0.000256635,0.351747122,0.192274131,-0.033682536,0.003115392,-1.228449021
6.070000172,2.039686843,0.522185601,-0.190014784,2.000884327,0.560090783,0.000000000,1.978648392,0.518013749,0.040000987,1.999555493,0.560183827,0.000000000,1.410795205,0.111479360,-0.001669273,1.406966032,0.111769381,0.000000000,-101.420115932,-29.009072318,-0.471771965,-102.272029731,-28.647889757,0.000000000,-0.038802517,0.020907101,-0.003829173,-0.851913800,0.037905182,0.042170078,0.000290021,0.361182561,0.190014784,-0.040000987,0.001669273,0.471771965
6.090000153,2.050091135,0.518440917,-0.187234215,2.012097869,0.560090783,0.000000000,1.989018200,0.518942156,0.046420332,2.010770898,0.560183827,0.000000000,1.413024256,0.111418220,-0.003057036,1.409203760,0.111769381,0.000000000,-102.000146488,-28.982748038,1.316213985,-103.132366111,-28.647889757,0.000000000,-0.037993266,0.021752698,-0.003820496,-1.132219623,0.041649866,0.041241671,0.000351161,0.334858281,0.187234215,-0.046420332,0.003057036,-1.316213985
6.110000134,2.060421189,0.514759727,-0.184059504,2.023300215,0.560090783,0.000000000,1.999407922,0.519998368,0.052810623,2.021975104,0.560183827,0.000000000,1.415252010,0.111365442,-0.002638877,1.411439253,0.111769381,0.000000000,-102.579530077,-28.964330523,0.920875746,-103.132366111,-28.647889757,0.000000000,-0.037120974,0.022567182,-0.003812757,-0.552836034,0.045331056,0.040185459,0.000403939,0.316440766,0.184059504,-0.052810623,0.002638877,-0.920875746
6.130000114,2.070678356,0.511150120,-0.180480344,2.034491365,0.560090783,0.000000000,2.009820103,0.521181735,0.059168346,2.033168113,0.560183827,0.000000000,1.417479044,0.111345234,-0.001010403,1.413672513,0.111769381,0.000000000,-103.158922852,-28.983549428,-0.960945273,-104.277190618,-28.647889757,0.000000000,-0.036186992,0.023348010,-0.003806531,-1.118267766,0.048940663,0.039002092,0.000424147,0.335659672,0.180480344,-0.059168346,0.001010403,0.960945273
6.150000095,2.080864176,0.507622708,-0.176370611,2.045689206,0.560090783,0.000000000,2.020257301,0.522493917,0.065609068,2.044367816,0.560183827,0.000000000,1.419705484,0.111290805,-0.002721435,1.415907107,0.111769381,0.000000000,-103.738434921,-28.958874046,1.233769138,-104.277190618,-28.647889757,0.000000000,-0.035174969,0.024110515,-0.003798377,-0.538755697,0.052468075,0.037689910,0.000478576,0.310984289,0.176370611,-0.065609068,0.002721435,-1.233769138
6.170000076,2.090980375,0.504184568,-0.171906991,2.056893740,0.560090783,0.000000000,2.030722082,0.523933220,0.071965170,2.055574211,0.560183827,0.000000000,1.421930942,0.111267521,-0.001164222,1.418143037,0.111769381,0.000000000,-104.317533075,-28.968094615,-0.461028484,-105.136835867,-28.647889757,0.000000000,-0.034086635,0.024852129,-0.003787905,-0.819302792,0.055906215,0.036250607,0.000501860,0.320204859,0.171906991,-0.071965170,0.001164222,0.461028484
6.190000057,2.101028835,0.500845700,-0.166943406,2.068100594,0.560090783,0.000000000,2.041216985,0.525499890,0.078333486,2.066782926,0.560183827,0.000000000,1.424155869,0.111217048,-0.002523673,1.420379430,0.111769381,0.000000000,-104.896687446,-28.941605309,1.324465341,-105.996659077,-28.647889757,0.000000000,-0.032928241,0.025565941,-0.003776438,-1.099971631,0.059245083,0.034683937,0.000552334,0.293715552,0.166943406,-0.078333486,0.002523673,-1.324465341
6.210000038,2.111011620,0.497612497,-0.161660168,2.079301433,0.560090783,0.000000000,2.051744536,0.527191132,0.084562116,2.077985626,0.560183827,0.000000000,1.426380083,0.111221440,0.000219645,1.422614623,0.111769381,0.000000000,-105.475631530,-28.979252640,-1.882366565,-105.996659077,-28.647889757,0.000000000,-0.031710186,0.026241091,-0.003765460,-0.521027547,0.062478287,0.032992695,0.000547941,0.331362883,0.161660168,-0.084562116,-0.000219645,1.882366565
6.230000019,2.120930934,0.494494968,-0.155876424,2.090496259,0.560090783,0.000000000,2.062307222,0.529007609,0.090823830,2.089182311,0.560183827,0.000000000,1.428604653,0.111230471,0.000451529,1.424848616,0.111769381,0.000000000,-106.055582008,-29.016923571,-1.883546543,-107.141859587,-28.647889757,0.000000000,-0.030434676,0.026875089,-0.003756037,-1.086277579,0.065595815,0.031176218,0.000538910,0.369033814,0.155876424,-0.090823830,-0.000451529,1.883546543
6.250000000,2.130789202,0.491503044,-0.149596225,2.101694829,0.560090783,0.000000000,2.072907558,0.530949604,0.097099774,2.100382742,0.560183827,0.000000000,1.430828921,0.111186836,-0.002181750,1.427083356,0.111769381,0.000000000,-106.635629192,-28.986533823,1.519487401,-107.141859587,-28.647889757,0.000000000,-0.029094373,0.027475184,-0.003745565,-0.506230395,0.068587740,0.029234223,0.000582545,0.338644066,0.149596225,-0.097099774,0.002181750,-1.519487401
6.269999981,2.140589005,0.488642639,-0.143020218,2.112897145,0.560090783,0.000000000,2.083548017,0.533012946,0.103167110,2.111586919,0.560183827,0.000000000,1.433052407,0.111173979,-0.000642856,1.429318843,0.111769381,0.000000000,-107.215089963,-28.986298859,0.011748185,-108.001334640,-28.647889757,0.000000000,-0.027691860,0.028038902,-0.003733564,-0.786244676,0.071448144,0.027170881,0.000595402,0.338409102,0.143020218,-0.103167110,0.000642856,-0.011748185
6.289999962,2.150333048,0.485921517,-0.136056125,2.124106060,0.560090783,0.000000000,2.094230988,0.535194507,0.109078014,2.122797696,0.560183827,0.000000000,1.435275918,0.111177081,0.000155087,1.431555647,0.111769381,0.000000000,-107.794819997,-29.002696314,-0.819872736,-108.860508248,-28.551681681,5.729577951,-0.026226988,0.028566708,-0.003720271,-1.065688251,0.074169266,0.024989320,0.000592300,0.451014633,0.136056125,-0.109078014,-0.000155087,6.549450687
6.309999943,2.160024205,0.483348088,-0.128671425,2.135309864,0.560090783,0.000000000,2.104958811,0.537491980,0.114873656,2.134003362,0.560183827,0.000000000,1.437499350,0.111162385,-0.000734787,1.433791432,0.111769381,0.000000000,-108.374642269,-28.993010236,0.484303887,-108.860508248,-28.551681681,5.729577951,-0.024714341,0.029044550,-0.003707918,-0.485865979,0.076742695,0.022691847,0.000606996,0.441328555,0.128671425,-0.114873656,0.000734787,5.245274064
6.330000162,2.169665503,0.480928812,-0.120963809,2.146508693,0.560090783,0.000000000,2.115733766,0.539901217,0.120461868,2.145204051,0.560183827,0.000000000,1.439722581,0.111166636,0.000212571,1.436026224,0.111769381,0.000000000,-108.954209723,-28.990155488,0.142737394,-109.997682996,-28.322561044,5.729577951,-0.023156810,0.029470285,-0.003696357,-1.043473273,0.079161971,0.020282610,0.000602745,0.667594444,0.120963809,-0.120461868,-0.000212571,5.586840557
6.350000143,2.179260103,0.478671572,-0.112862002,2.157706903,0.560090783,0.000000000,2.126558046,0.542418538,0.125866032,2.156404121,0.560183827,0.000000000,1.441945683,0.111133916,-0.001636035,1.438260892,0.111769381,0.000000000,-109.533348317,-28.938170607,2.599244034,-109.997682996,-28.322561044,5.729577951,-0.021553199,0.029846075,-0.003684791,-0.464334679,0.081419211,0.017765289,0.000635465,0.615609563,0.112862002,-0.125866032,0.001636035,3.130333918
6.370000124,2.188811305,0.476581357,-0.104510735,2.168904629,0.560090783,0.000000000,2.137433754,0.545037778,0.130962015,2.167603707,0.560183827,0.000000000,1.444168256,0.111135715,0.000089994,1.440495463,0.111769381,0.000000000,-110.111338704,-28.899245985,1.946231116,-110.844473154,-28.150736467,5.729577951,-0.019906676,0.030169952,-0.003672793,-0.733134450,0.083509426,0.015146049,0.000633666,0.748509518,0.104510735,-0.130962015,-0.000089994,3.783346836
6.390000105,2.198322518,0.474665301,-0.095802807,2.180126135,0.560090783,0.000000000,2.148362872,0.547753869,0.135804550,2.178827077,0.560183827,0.000000000,1.446390810,0.111109900,-0.001290786,1.442734780,0.111769381,0.000000000,-110.688303630,-28.820641143,3.930242114,-111.687892395,-27.978546980,5.729577951,-0.018196383,0.030464205,-0.003656030,-0.999588765,0.085425482,0.012429958,0.000659481,0.842094163,0.095802807,-0.135804550,0.001290786,1.799335837
6.410000086,2.207797279,0.472927639,-0.086883104,2.191333854,0.560090783,0.000000000,2.159347269,0.550559927,0.140302914,2.190036658,0.560183827,0.000000000,1.448613169,0.111142707,0.001640365,1.444971346,0.111769381,0.000000000,-111.263872888,-28.789286564,1.567728926,-111.687892395,-27.978546980,5.729577951,-0.016463425,0.030689389,-0.003641824,-0.424019506,0.087163144,0.009623900,0.000626674,0.810739585,0.086883104,-0.140302914,-0.001640365,4.161849025
6.430000067,2.217239212,0.471374642,-0.077649840,2.202527784,0.560090783,0.000000000,2.170388689,0.553451437,0.144575460,2.201232448,0.560183827,0.000000000,1.450836840,0.111226878,0.004208570,1.447205160,0.111769381,0.000000000,-111.839261225,-28.791541452,-0.112744406,-112.801669270,-27.749525189,5.729577951,-0.014711428,0.030843759,-0.003631680,-0.962408045,0.088716141,0.006732390,0.000542503,1.042016263,0.077649840,-0.144575460,-0.004208570,5.842322357
6.450000048,2.226652093,0.470014015,-0.068031356,2.213731414,0.560090783,0.000000000,2.181488812,0.556425636,0.148709986,2.212437939,0.560183827,0.000000000,1.453061998,0.111275269,0.002419519,1.449440909,0.111769381,0.000000000,-112.414353183,-28.750654668,2.044339233,-112.801669270,-27.749525189,5.729577951,-0.012920679,0.030949126,-0.003621088,-0.387316087,0.090076768,0.003758191,0.000494112,1.001129478,0.068031356,-0.148709986,-0.002419519,3.685238718
6.470000029,2.236039827,0.468850694,-0.058166051,2.224944743,0.560090783,0.000000000,2.192649247,0.559477793,0.152607833,2.223653130,0.560183827,0.000000000,1.455288252,0.111358400,0.004156567,1.451678595,0.111769381,0.000000000,-112.988560373,-28.725911013,1.237182743,-113.632427042,-27.577461185,5.729577951,-0.011095084,0.031003883,-0.003609657,-0.643866670,0.091240089,0.000706034,0.000410981,1.148449828,0.058166051,-0.152607833,-0.004156567,4.492395209
6.490000010,2.245406422,0.467891207,-0.047974376,2.236137953,0.560090783,0.000000000,2.203871508,0.562603954,0.156308060,2.234848200,0.560183827,0.000000000,1.457516039,0.111404592,0.002309580,1.453912265,0.111769381,0.000000000,-113.561985487,-28.656934808,3.448810244,-114.456540977,-27.405705890,5.729577951,-0.009268468,0.030976692,-0.003603774,-0.894555490,0.092199576,-0.002420127,0.000364789,1.251228918,0.047974376,-0.156308060,-0.002309580,2.280767707
6.509999990,2.254756006,0.467139699,-0.037575411,2.247332145,0.560090783,0.000000000,2.215157016,0.565797772,0.159690890,2.246044252,0.560183827,0.000000000,1.459744622,0.111457181,0.002629484,1.456146131,0.111769381,0.000000000,-114.133753779,-28.581227468,3.785366976,-114.456540977,-27.405705890,5.729577951,-0.007423861,0.030887236,-0.003598491,-0.322787198,0.092951085,-0.005613945,0.000312200,1.175521578,0.037575411,-0.159690890,-0.002629484,1.944210975
6.529999971,2.264092777,0.466599894,-0.026990207,2.258527318,0.560090783,0.000000000,2.226507048,0.569052251,0.162723950,2.257241285,0.560183827,0.000000000,1.461974577,0.111539677,0.004124766,1.458380193,0.111769381,0.000000000,-114.704112636,-28.518848720,3.118937424,-115.547540949,-27.176658672,5.729577951,-0.005565459,0.030734236,-0.003594384,-0.843428313,0.093490889,-0.008868424,0.000229704,1.342190048,0.026990207,-0.162723950,-0.004124766,2.610640528
6.549999952,2.273421012,0.466275963,-0.016196583,2.269731312,0.560090783,0.000000000,2.237922748,0.572360614,0.165418159,2.268447139,0.560183827,0.000000000,1.464205900,0.111577807,0.001906501,1.460616015,0.111769381,0.000000000,-115.272859326,-28.412010885,5.341891757,-115.547540949,-27.176658672,5.729577951,-0.003689700,0.030524391,-0.003589885,-0.274681623,0.093814821,-0.012176787,0.000191574,1.235352213,0.016196583,-0.165418159,-0.001906501,0.387686194
6.570000172,2.282745053,0.466169709,-0.005312709,2.280944259,0.560090783,0.000000000,2.249405103,0.575714010,0.167669797,2.279661949,0.560183827,0.000000000,1.466438075,0.111648610,0.003540153,1.462853624,0.111769381,0.000000000,-115.839418334,-28.323705467,4.415270898,-116.361064222,-27.004601211,5.729577951,-0.001800794,0.030256846,-0.003584451,-0.521645888,0.093921075,-0.015530183,0.000120771,1.319104256,0.005312709,-0.167669797,-0.003540153,1.314307053
6.590000153,2.292069272,0.466283554,0.005692273,2.292141435,0.560090783,0.000000000,2.260954934,0.579104359,0.169517474,2.290860985,0.560183827,0.000000000,1.468671378,0.111671750,0.001156983,1.465088086,0.111769381,0.000000000,-116.403978457,-28.198211366,6.274705026,-117.168290525,-26.832785068,5.729577951,0.000072163,0.029906051,-0.003583292,-0.764312068,0.093807229,-0.018920533,0.000097632,1.365426298,-0.005692273,-0.169517474,-0.001156983,-0.545127075
6.610000134,2.301398099,0.466619201,0.016782356,2.303338849,0.560090783,0.000000000,2.272572847,0.582519517,0.170757888,2.302060260,0.560183827,0.000000000,1.470905163,0.111711148,0.001969946,1.467322596,0.111769381,0.000000000,-116.965849685,-28.074541353,6.183500651,-117.168290525,-26.832785068,5.729577951,0.001940750,0.029487413,-0.003582567,-0.202440840,0.093471582,-0.022335690,0.000058233,1.241756285,-0.016782356,-0.170757888,-0.001969946,-0.453922700
6.630000114,2.310735970,0.467176932,0.027886554,2.314536503,0.560090783,0.000000000,2.284259239,0.585950204,0.171534329,2.313259773,0.560183827,0.000000000,1.473140121,0.111785197,0.003702436,1.469557153,0.111769381,0.000000000,-117.525435816,-27.971612219,5.146456690,-118.236622855,-26.603687109,5.729577951,0.003800533,0.029000534,-0.003582969,-0.711187039,0.092913851,-0.025766377,-0.000015816,1.367925111,-0.027886554,-0.171534329,-0.003702436,0.583121261
6.650000095,2.320087331,0.467957225,0.039014634,2.325742849,0.560090783,0.000000000,2.296014337,0.589388070,0.171893304,2.324467981,0.560183827,0.000000000,1.475376237,0.111811989,0.001339612,1.471793444,0.111769381,0.000000000,-118.082684171,-27.832305960,6.965312964,-118.236622855,-26.603687109,5.729577951,0.005655517,0.028453644,-0.003582792,-0.153938684,0.092133558,-0.029204243,-0.000042608,1.228618852,-0.039014634,-0.171893304,-0.001339612,-1.235735013
6.670000076,2.329456635,0.468959621,0.050119811,2.336957887,0.560090783,0.000000000,2.307838173,0.592822982,0.171745592,2.335684883,0.560183827,0.000000000,1.477613108,0.111880632,0.003432141,1.474031471,0.111769381,0.000000000,-118.637181298,-27.717717898,5.729403118,-119.033091184,-26.431596869,5.729577951,0.007501253,0.027846710,-0.003581638,-0.395909886,0.091131162,-0.032639155,-0.000111251,1.286121029,-0.050119811,-0.171745592,-0.003432141,0.000174834
6.690000057,2.338848304,0.470182889,0.061163377,2.348162971,0.560090783,0.000000000,2.319730621,0.596248078,0.171254820,2.346891828,0.560183827,0.000000000,1.479851030,0.111898549,0.000895828,1.476267510,0.111769381,0.000000000,-119.189186261,-27.569652666,7.403261590,-119.823690631,-26.259659379,5.729577951,0.009314667,0.027161207,-0.003583520,-0.634504370,0.089907895,-0.036064251,-0.000129168,1.309993287,-0.061163377,-0.171254820,-0.000895828,-1.673683638
6.710000038,2.348266749,0.471625798,0.072145466,2.359359271,0.560090783,0.000000000,2.331691375,0.599652842,0.170238195,2.358089988,0.560183827,0.000000000,1.482089239,0.111927468,0.001445943,1.478501797,0.111769381,0.000000000,-119.738145111,-27.429875065,6.988880043,-119.823690631,-26.259659379,5.729577951,0.011092522,0.026398614,-0.003587442,-0.085545520,0.088464985,-0.039469015,-0.000158087,1.170215686,-0.072145466,-0.170238195,-0.001445943,-1.259302092
6.730000019,2.357716344,0.473286678,0.083044024,2.370546788,0.560090783,0.000000000,2.343719921,0.603027583,0.168737046,2.369279363,0.560183827,0.000000000,1.484328420,0.111991397,0.003196458,1.480734332,0.111769381,0.000000000,-120.284538958,-27.313917625,5.797872013,-120.868164220,-26.030768813,5.729577951,0.012830444,0.025559442,-0.003594089,-0.583625262,0.086804105,-0.042843756,-0.000222016,1.283148812,-0.083044024,-0.168737046,-0.003196458,-0.068294062
6.750000000,2.367201425,0.475163270,0.093829601,2.381740013,0.560090783,0.000000000,2.355815577,0.606363974,0.166819528,2.380474448,0.560183827,0.000000000,1.486568532,0.112005575,0.000708901,1.482968005,0.111769381,0.000000000,-120.828384903,-27.165953752,7.398193659,-120.868164220,-26.030768813,5.729577951,0.014538588,0.024658871,-0.003600527,-0.039779317,0.084927513,-0.046180147,-0.000236194,1.135184939,-0.093829601,-0.166819528,-0.000708901,-1.668615708
6.769999981,2.376726286,0.477253421,0.104507525,2.392938947,0.560090783,0.000000000,2.367977459,0.609651308,0.164366733,2.391675242,0.560183827,0.000000000,1.488809143,0.112061736,0.002808045,1.485202817,0.111769381,0.000000000,-121.369339639,-27.044405077,6.077433747,-121.646309395,-25.858925696,5.729577951,0.016212661,0.023697783,-0.003606326,-0.276969757,0.082837362,-0.049467481,-0.000292355,1.185479381,-0.104507525,-0.164366733,-0.002808045,-0.347855795
6.789999962,2.386295157,0.479553249,0.114991380,2.404147140,0.560090783,0.000000000,2.380204512,0.612882169,0.161543062,2.402885297,0.560183827,0.000000000,1.491050542,0.112065427,0.000184577,1.487439478,0.111769381,0.000000000,-121.907701332,-26.892578485,7.591329574,-122.419937564,-25.686940502,5.729577951,0.017851983,0.022680785,-0.003611064,-0.512236232,0.080537535,-0.052698342,-0.000296046,1.205637984,-0.114991380,-0.161543062,-0.000184577,-1.861751622
6.809999943,2.395912197,0.482059467,0.125310939,2.415351907,0.560090783,0.000000000,2.392495491,0.616045390,0.158161042,2.414091925,0.560183827,0.000000000,1.493291934,0.112079722,0.000714732,1.489675454,0.111769381,0.000000000,-122.442968497,-26.750233283,7.117260102,-122.419937564,-25.686940502,5.729577951,0.019439709,0.021596435,-0.003616480,0.023030932,0.078031316,-0.055861563,-0.000310341,1.063292782,-0.125310939,-0.158161042,-0.000714732,-1.387682151
6.830000162,2.405581493,0.484767996,0.135426409,2.426553381,0.560090783,0.000000000,2.404848933,0.619130864,0.154273665,2.425295260,0.560183827,0.000000000,1.495533956,0.112125911,0.002309433,1.491910774,0.111769381,0.000000000,-122.975631442,-26.632052401,5.909044107,-123.442794404,-25.457765737,5.729577951,0.020971887,0.020446327,-0.003623182,-0.467162963,0.075322788,-0.058947037,-0.000356530,1.174286664,-0.135426409,-0.154273665,-0.002309433,-0.179466156
6.850000143,2.415307042,0.487673888,0.145294614,2.437755579,0.560090783,0.000000000,2.417263186,0.622129229,0.149918262,2.436499319,0.560183827,0.000000000,1.497776596,0.112124372,-0.000076950,1.494146238,0.111769381,0.000000000,-123.505735785,-26.484098322,7.397703958,-123.442794404,-25.457765737,5.729577951,0.022448538,0.019236134,-0.003630358,0.062941380,0.072416895,-0.061945402,-0.000354991,1.026332585,-0.145294614,-0.149918262,0.000076950,-1.668126007
6.870000124,2.425092734,0.490772419,0.154926542,2.448958636,0.560090783,0.000000000,2.429736400,0.625030163,0.145046722,2.447704237,0.560183827,0.000000000,1.500019440,0.112166490,0.002105930,1.496381873,0.111769381,0.000000000,-124.032989920,-26.364309930,5.989419599,-124.204033092,-25.285859359,5.729577951,0.023865901,0.017967837,-0.003637568,-0.171043172,0.069318365,-0.064846336,-0.000397109,1.078450571,-0.154926542,-0.145046722,-0.002105930,-0.259841648
6.890000105,2.434942382,0.494058653,0.164311714,2.460159403,0.560090783,0.000000000,2.442266532,0.627824902,0.139736924,2.458906865,0.560183827,0.000000000,1.502262768,0.112154222,-0.000613410,1.498617051,0.111769381,0.000000000,-124.557686769,-26.214248299,7.503081537,-124.959960042,-25.113988109,5.729577951,0.025217021,0.016640333,-0.003645717,-0.402273274,0.066032130,-0.067641075,-0.000384841,1.100260190,-0.164311714,-0.139736924,0.000613410,-1.773503585
6.910000086,2.444859667,0.497526207,0.173377687,2.471361531,0.560090783,0.000000000,2.454851351,0.630503204,0.133915106,2.470110854,0.560183827,0.000000000,1.504505786,0.112153708,-0.000025720,1.500852501,0.111769381,0.000000000,-125.079358097,-26.074448726,6.989978657,-124.959960042,-25.113988109,5.729577951,0.026501865,0.015259503,-0.003653285,0.119398054,0.062564577,-0.070319377,-0.000384327,0.960460617,-0.173377687,-0.133915106,0.000025720,-1.260400706
6.930000067,2.454848154,0.501169113,0.182145336,2.482565020,0.560090783,0.000000000,2.467488445,0.633057059,0.127692780,2.481316204,0.560183827,0.000000000,1.506749186,0.112188176,0.001723426,1.503088223,0.111769381,0.000000000,-125.598494345,-25.958582476,5.793312510,-125.960084616,-24.884770751,5.729577951,0.027716866,0.013827760,-0.003660964,-0.361590271,0.058921670,-0.072873233,-0.000418795,1.073811724,-0.182145336,-0.127692780,-0.001723426,-0.063734558
6.950000048,2.464911274,0.504979516,0.190520131,2.493791964,0.560090783,0.000000000,2.480175237,0.635478336,0.121063835,2.492545013,0.560183827,0.000000000,1.508992843,0.112166587,-0.001079473,1.505328625,0.111769381,0.000000000,-126.115094718,-25.810840096,7.387119019,-125.960084616,-24.884770751,5.729577951,0.028880689,0.012369776,-0.003664218,0.155010102,0.055111267,-0.075294509,-0.000397206,0.926069344,-0.190520131,-0.121063835,0.001079473,-1.657541068
6.970000029,2.475052300,0.508950425,0.198545427,2.505042361,0.560090783,0.000000000,2.492908975,0.637757721,0.113969257,2.503797279,0.560183827,0.000000000,1.511236337,0.112190977,0.001219516,1.507573707,0.111769381,0.000000000,-126.628884774,-25.691108158,5.986596872,-126.707264748,-24.712137943,5.729577951,0.029990061,0.010888304,-0.003662629,-0.078379974,0.051140359,-0.077573894,-0.000421596,0.978970215,-0.198545427,-0.113969257,-0.001219516,-0.257018921
6.990000010,2.485274345,0.513071884,0.206072989,2.516194669,0.560090783,0.000000000,2.505686769,0.639889874,0.106607631,2.514951439,0.560183827,0.000000000,1.513479900,0.112156874,-0.001705169,1.509799215,0.111769381,0.000000000,-127.140184702,-25.544254362,7.342689824,-127.442796734,-24.541010289,5.729577951,0.030920324,0.009264670,-0.003680684,-0.302612032,0.047018899,-0.079706047,-0.000387493,1.003244072,-0.206072989,-0.106607631,0.001705169,-1.613111873
7.009999990,2.495580311,0.517334384,0.213124986,2.527370927,0.560090783,0.000000000,2.518505577,0.641865399,0.098776261,2.526129554,0.560183827,0.000000000,1.515722811,0.112140891,-0.000799108,1.512029503,0.111769381,0.000000000,-127.648555268,-25.408233571,6.801039550,-127.442796734,-24.541010289,5.729577951,0.031790616,0.007623977,-0.003693308,0.205758534,0.042756399,-0.081681572,-0.000371510,0.867223281,-0.213124986,-0.098776261,0.000799108,-1.071461599
7.029999971,2.505972931,0.521729024,0.219731977,2.538571136,0.560090783,0.000000000,2.531362181,0.643676604,0.090560234,2.537331624,0.560183827,0.000000000,1.517965747,0.112156802,0.000795510,1.514264570,0.111769381,0.000000000,-128.154473669,-25.295049773,5.659189861,-128.419714031,-24.311860036,5.729577951,0.032598206,0.005969443,-0.003701177,-0.265240362,0.038361760,-0.083492777,-0.000387421,0.983189737,-0.219731977,-0.090560234,-0.000795510,0.070388090
7.049999952,2.516454736,0.526244977,0.225797688,2.549769109,0.560090783,0.000000000,2.544253229,0.645317243,0.082031975,2.548531457,0.560183827,0.000000000,1.520208610,0.112119530,-0.001863558,1.516499191,0.111769381,0.000000000,-128.657931780,-25.150836938,7.210641780,-128.419714031,-24.311860036,5.729577951,0.033314373,0.004278228,-0.003709419,0.238217749,0.033845806,-0.085133416,-0.000350149,0.838976902,-0.225797688,-0.082031975,0.001863558,-1.481063828
7.070000172,2.527028058,0.530873850,0.231443631,2.560964979,0.560090783,0.000000000,2.557175228,0.646779195,0.073097590,2.559729187,0.560183827,0.000000000,1.522450942,0.112124849,0.000265919,1.518733392,0.111769381,0.000000000,-129.158688478,-25.035631199,5.760286937,-129.146104243,-24.140064617,5.729577951,0.033936921,0.002553959,-0.003717550,0.012584235,0.029216933,-0.086595368,-0.000355468,0.895566582,-0.231443631,-0.073097590,-0.000265919,-0.030708986
7.090000153,2.537695046,0.535604372,0.236526094,2.572174675,0.560090783,0.000000000,2.570124541,0.648057207,0.063900575,2.570940746,0.560183827,0.000000000,1.524693105,0.112080986,-0.002193129,1.520970352,0.111769381,0.000000000,-129.657019576,-24.891609339,7.201093025,-129.868233743,-23.968056350,5.729577951,0.034479630,0.000816204,-0.003722753,-0.211214168,0.024486411,-0.087873380,-0.000311605,0.923552988,-0.236526094,-0.063900575,0.002193129,-1.471515074
7.110000134,2.548457627,0.540427078,0.241135292,2.583383885,0.560090783,0.000000000,2.583097421,0.649144046,0.054341992,2.582151817,0.560183827,0.000000000,1.526934346,0.112050465,-0.001526083,1.523207215,0.111769381,0.000000000,-130.152493615,-24.758044138,6.678260023,-129.868233743,-23.968056350,5.729577951,0.034926258,-0.000945604,-0.003727131,0.284259872,0.019663706,-0.088960219,-0.000281084,0.789987788,-0.241135292,-0.054341992,0.001526083,-0.948682071
7.130000114,2.559317539,0.545331676,0.245229903,2.594592606,0.560090783,0.000000000,2.596089975,0.650033746,0.044484991,2.593362401,0.560183827,0.000000000,1.529175330,0.112052960,0.000124750,1.525443981,0.111769381,0.000000000,-130.645568268,-24.646404528,5.581980513,-130.822957757,-23.738731935,5.729577951,0.035275067,-0.002727574,-0.003731349,-0.177389489,0.014759108,-0.089849919,-0.000283579,0.907672593,-0.245229903,-0.044484991,-0.000124750,0.147597438
7.150000095,2.570276297,0.550306032,0.248717819,2.605789893,0.560090783,0.000000000,2.609098222,0.650722824,0.034453893,2.604561548,0.560183827,0.000000000,1.531415984,0.112003235,-0.002486228,1.527678465,0.111769381,0.000000000,-131.136234333,-24.504599267,7.090263037,-130.822957757,-23.738731935,5.729577951,0.035513596,-0.004536675,-0.003737520,0.313276575,0.009784751,-0.090538997,-0.000233854,0.765867332,-0.248717819,-0.034453893,0.002486228,-1.360685086
7.170000076,2.581335189,0.555340519,0.251724343,2.616975745,0.560090783,0.000000000,2.622118092,0.651205263,0.024121960,2.615749258,0.560183827,0.000000000,1.533655863,0.111996542,-0.000334661,1.529910667,0.111769381,0.000000000,-131.624256666,-24.390801605,5.689883126,-131.531533847,-23.567089553,5.729577951,0.035640557,-0.006368834,-0.003745197,0.092722820,0.004750264,-0.091021436,-0.000227161,0.823712051,-0.251724343,-0.024121960,0.000334661,0.039694825
7.190000057,2.592495289,0.560422257,0.254086898,2.628180698,0.560090783,0.000000000,2.635145420,0.651478899,0.013681804,2.626956072,0.560183827,0.000000000,1.535895347,0.111942127,-0.002720732,1.532146680,0.111769381,0.000000000,-132.109900395,-24.249013965,7.089381960,-132.236164790,-23.395154075,5.729577951,0.035685409,-0.008189347,-0.003748667,-0.126264394,-0.000331474,-0.091295072,-0.000172746,0.853859891,-0.254086898,-0.013681804,0.002720732,-1.359804008
7.210000038,2.603757424,0.565540410,0.255907629,2.639389053,0.560090783,0.000000000,2.648175987,0.651538933,0.003001674,2.638166290,0.560183827,0.000000000,1.538133707,0.111901733,-0.002019706,1.534383373,0.111769381,0.000000000,-132.592744293,-24.117193122,6.591042185,-132.236164790,-23.395154075,5.729577951,0.035631630,-0.010009697,-0.003750334,0.356579503,-0.005449626,-0.091355106,-0.000132352,0.722039047,-0.255907629,-0.003001674,0.002019706,-0.861464234
7.230000019,2.615122201,0.570683315,0.257145264,2.650600811,0.560090783,0.000000000,2.661205480,0.651382027,-0.007845281,2.649379910,0.560183827,0.000000000,1.540371616,0.111894772,-0.000348073,1.536620744,0.111769381,0.000000000,-133.073226756,-24.006453819,5.536965140,-133.168209702,-23.165767551,5.729577951,0.035478610,-0.011825571,-0.003750872,-0.094982945,-0.010592532,-0.091198200,-0.000125391,0.840686268,-0.257145264,0.007845281,0.000348073,0.192612811
7.250000000,2.626589979,0.575837544,0.257711467,2.661801905,0.560090783,0.000000000,2.674229554,0.651007840,-0.018709368,2.660582865,0.560183827,0.000000000,1.542609023,0.111837458,-0.002865657,1.538855988,0.111769381,0.000000000,-133.551334400,-23.866384880,7.003446951,-133.168209702,-23.165767551,5.729577951,0.035211926,-0.013646690,-0.003753035,0.383124698,-0.015746761,-0.090824013,-0.000068077,0.700617329,-0.257711467,0.018709368,0.002865657,-1.273869000
7.269999981,2.638160865,0.580992429,0.257744228,2.672992336,0.560090783,0.000000000,2.687243830,0.650412585,-0.029762731,2.671775155,0.560183827,0.000000000,1.544845511,0.111823463,-0.000699782,1.541089104,0.111769381,0.000000000,-134.026835235,-23.753318272,5.653330381,-133.859903332,-22.994054907,5.729577951,0.034831472,-0.015468676,-0.003756407,0.166931903,-0.020901645,-0.090228758,-0.000054082,0.759263365,-0.257744228,0.029762731,0.000699782,0.076247571
7.289999962,2.649834735,0.586134212,0.257089178,2.684207592,0.560090783,0.000000000,2.700243887,0.649597262,-0.040766153,2.682992273,0.560183827,0.000000000,1.547081474,0.111763821,-0.002982080,1.543327173,0.111769381,0.000000000,-134.499981600,-23.613037134,7.014056925,-134.547968127,-22.821961338,5.729577951,0.034372857,-0.017251613,-0.003754300,-0.047986526,-0.026043429,-0.089413435,0.000005560,0.791075795,-0.257089178,0.040766153,0.002982080,-1.284478974
7.309999943,2.661611200,0.591251359,0.255857330,2.695412717,0.560090783,0.000000000,2.713225307,0.648559475,-0.051889351,2.694199260,0.560183827,0.000000000,1.549316220,0.111719076,-0.002237284,1.545563221,0.111769381,0.000000000,-134.970361375,-23.482286483,6.537532532,-134.547968127,-22.821961338,5.729577951,0.033801517,-0.019026047,-0.003752999,0.422393248,-0.031160576,-0.088375648,0.000050306,0.660325145,-0.255857330,0.051889351,0.002237284,-0.807954581
7.330000162,2.673489642,0.596331694,0.254016750,2.706607844,0.560090783,0.000000000,2.726183626,0.647298522,-0.063047671,2.705396247,0.560183827,0.000000000,1.551550435,0.111708228,-0.000542363,1.547797274,0.111769381,0.000000000,-135.438394621,-23.371850908,5.521778776,-135.455717978,-22.592916418,5.729577951,0.033118202,-0.020787379,-0.003753161,-0.017323357,-0.036240911,-0.087114695,0.000061153,0.778934490,-0.254016750,0.063047671,0.000542363,0.207799175
7.350000143,2.685469184,0.601361579,0.251494250,2.717801681,0.560090783,0.000000000,2.739114408,0.645817250,-0.074063590,2.716591943,0.560183827,0.000000000,1.553784092,0.111649509,-0.002935954,1.550031070,0.111769381,0.000000000,-135.904064256,-23.232888438,6.948123477,-135.455717978,-22.592916418,5.729577951,0.032332497,-0.022522465,-0.003753022,0.448346278,-0.041270796,-0.085633423,0.000119872,0.639972020,-0.251494250,0.074063590,0.002935954,-1.218545526
7.370000124,2.697548697,0.606330090,0.248425579,2.728994360,0.560090783,0.000000000,2.752013240,0.644114203,-0.085152346,2.727786482,0.560183827,0.000000000,1.556016806,0.111633975,-0.000776696,1.552264634,0.111769381,0.000000000,-136.367139951,-23.119808450,5.653999408,-136.130378539,-22.421169276,5.729577951,0.031445663,-0.024226758,-0.003752171,0.236761413,-0.046239307,-0.083930376,0.000135406,0.698639174,-0.248425579,0.085152346,0.000776696,0.075578544
7.390000105,2.709726817,0.611223674,0.244679180,2.740212994,0.560090783,0.000000000,2.764875717,0.642193656,-0.096027353,2.739006979,0.560183827,0.000000000,1.558248983,0.111575258,-0.002935842,1.554503378,0.111769381,0.000000000,-136.827859223,-22.980213625,6.979741264,-136.801437431,-22.249023872,5.729577951,0.030486177,-0.025868738,-0.003745605,0.026421791,-0.051132891,-0.082009829,0.000194123,0.731189753,-0.244679180,0.096027353,0.002935842,-1.250163312
7.410000086,2.722001919,0.616030875,0.240360070,2.751419310,0.560090783,0.000000000,2.777697503,0.640055776,-0.106894003,2.750215156,0.560183827,0.000000000,1.560479976,0.111532204,-0.002152743,1.556739664,0.111769381,0.000000000,-137.285818542,-22.849703933,6.525484596,-136.801437431,-22.249023872,5.729577951,0.029417390,-0.027482347,-0.003740313,0.484381111,-0.055940092,-0.079871949,0.000237177,0.600680061,-0.240360070,0.106894003,0.002152743,-0.795906645
7.430000067,2.734372154,0.620739815,0.235446955,2.762613307,0.560090783,0.000000000,2.790474265,0.637702657,-0.117655935,2.761411014,0.560183827,0.000000000,1.562710473,0.111523191,-0.000450639,1.558973491,0.111769381,0.000000000,-137.741419625,-22.738743536,5.548019822,-137.686199994,-22.020000706,5.729577951,0.028241153,-0.029063252,-0.003736982,0.055219631,-0.060649031,-0.077518830,0.000246190,0.718742830,-0.235446955,0.117655935,0.000450639,0.181558129
7.450000048,2.746835421,0.625337577,0.229888115,2.773808293,0.560090783,0.000000000,2.803201759,0.635140444,-0.128110667,2.772607859,0.560183827,0.000000000,1.564940472,0.111469056,-0.002706730,1.561207516,0.111769381,0.000000000,-138.194641826,-22.600065187,6.933917480,-137.686199994,-22.020000706,5.729577951,0.026972872,-0.030593899,-0.003732956,0.508441832,-0.065246794,-0.074956617,0.000300325,0.580064480,-0.229888115,0.128110667,0.002706730,-1.204339528
7.470000029,2.759389383,0.629813609,0.223801602,2.785004268,0.560090783,0.000000000,2.815875823,0.632370159,-0.138514256,2.783805694,0.560183827,0.000000000,1.567169622,0.111457733,-0.000566177,1.563441738,0.111769381,0.000000000,-138.645258182,-22.486325431,5.686987802,-138.343879934,-21.848202996,5.729577951,0.025614885,-0.032070129,-0.003727884,0.301378248,-0.069722826,-0.072186332,0.000311648,0.638122435,-0.223801602,0.138514256,0.000566177,0.042590150
7.490000010,2.772031477,0.634155440,0.217091566,2.796216333,0.560090783,0.000000000,2.828492361,0.629399376,-0.148539132,2.795019621,0.560183827,0.000000000,1.569398341,0.111405856,-0.002593840,1.565679171,0.111769381,0.000000000,-139.093494357,-22.346836793,6.974431898,-138.997342683,-21.676158392,5.729577951,0.024184855,-0.033472740,-0.003719171,0.096151674,-0.074064657,-0.069215549,0.000363525,0.670678401,-0.217091566,0.148539132,0.002593840,-1.244853947
7.509999990,2.784758904,0.638352346,0.209845301,2.807420950,0.560090783,0.000000000,2.841047405,0.626230888,-0.158424412,2.806226100,0.560183827,0.000000000,1.571626024,0.111370112,-0.001787178,1.567915117,0.111769381,0.000000000,-139.538956759,-22.216074521,6.538113602,-138.997342683,-21.676158392,5.729577951,0.022662047,-0.034821305,-0.003710906,0.541614076,-0.078261563,-0.066047061,0.000399269,0.539916129,-0.209845301,0.158424412,0.001787178,-0.808535651
7.529999971,2.797568650,0.642393449,0.202055147,2.818618121,0.560090783,0.000000000,2.853537044,0.622869577,-0.168065560,2.817425131,0.560183827,0.000000000,1.573853351,0.111368026,-0.000104314,1.570149578,0.111769381,0.000000000,-139.982030200,-22.104135602,5.596945920,-139.859449636,-21.447070304,5.729577951,0.021049471,-0.036111913,-0.003703773,0.122580564,-0.082302666,-0.062685750,0.000401355,0.657065298,-0.202055147,0.168065560,0.000104314,0.132632031
7.549999952,2.810457482,0.646267402,0.193697660,2.829821127,0.560090783,0.000000000,2.865957514,0.619324730,-0.177242312,2.828629998,0.560183827,0.000000000,1.576080342,0.111323486,-0.002226993,1.572385203,0.111769381,0.000000000,-140.422691261,-21.965318630,6.940848627,-139.859449636,-21.447070304,5.729577951,0.019363644,-0.037327516,-0.003695139,0.563241624,-0.086176619,-0.059140903,0.000445895,0.518248325,-0.193697660,0.177242312,0.002226993,-1.211270676
7.570000172,2.823421953,0.649964635,0.184861659,2.841030101,0.560090783,0.000000000,2.878305191,0.615599793,-0.186246897,2.839840834,0.560183827,0.000000000,1.578306676,0.111320861,-0.000131257,1.574622019,0.111769381,0.000000000,-140.860717984,-21.850603178,5.735772582,-140.500688769,-21.275073806,5.729577951,0.017608148,-0.038464357,-0.003684657,0.360029215,-0.089873852,-0.055415966,0.000448520,0.575529372,-0.184861659,0.186246897,0.000131257,-0.006194630
7.590000153,2.836458420,0.653474599,0.175498161,2.852222193,0.560090783,0.000000000,2.890576570,0.611705366,-0.194721312,2.851034785,0.560183827,0.000000000,1.580532769,0.111280133,-0.002036382,1.576855467,0.111769381,0.000000000,-141.296326339,-21.710955952,6.982361284,-141.135813102,-21.103335677,5.729577951,0.015763772,-0.039541785,-0.003677302,0.160513237,-0.093383815,-0.051521539,0.000489248,0.607620275,-0.175498161,0.194721312,0.002036382,-1.252783332
7.610000134,2.849563037,0.656787955,0.165667819,2.863420592,0.560090783,0.000000000,2.902768329,0.607646691,-0.202933757,2.862235045,0.560183827,0.000000000,1.582758056,0.111255605,-0.001226401,1.579090172,0.111769381,0.000000000,-141.729134684,-21.579792317,6.558181765,-141.135813102,-21.103335677,5.729577951,0.013857555,-0.040533284,-0.003667883,0.593321582,-0.096697172,-0.047462864,0.000513776,0.476456640,-0.165667819,0.202933757,0.001226401,-0.828603814
7.630000114,2.862731775,0.659895533,0.155378904,2.874625299,0.560090783,0.000000000,2.914877253,0.603431192,-0.210774967,2.873441613,0.560183827,0.000000000,1.584983203,0.111263730,0.000406231,1.581326137,0.111769381,0.000000000,-142.159513210,-21.466762711,5.651480288,-141.975578392,-20.874093401,5.729577951,0.011893524,-0.041435640,-0.003657065,0.183934818,-0.099804750,-0.043247365,0.000505651,0.592669310,-0.155378904,0.210774967,-0.000406231,0.078097663
7.650000095,2.875960424,0.662788345,0.144640570,2.885831586,0.560090783,0.000000000,2.926900326,0.599070893,-0.218014953,2.884649762,0.560183827,0.000000000,1.587208234,0.111231736,-0.001599703,1.583562417,0.111769381,0.000000000,-142.587436881,-21.327733233,6.951473934,-141.975578392,-20.874093401,5.729577951,0.009871162,-0.042250564,-0.003645817,0.611858490,-0.102697561,-0.038887066,0.000537645,0.453639832,-0.144640570,0.218014953,0.001599703,-1.221895983
7.670000076,2.889244604,0.665458417,0.133503598,2.897039454,0.560090783,0.000000000,2.938834724,0.594571408,-0.224974214,2.895859491,0.560183827,0.000000000,1.589432854,0.111240215,0.000423937,1.585799012,0.111769381,0.000000000,-143.012690935,-21.212071713,5.783075995,-142.599558403,-20.702113203,5.729577951,0.007794850,-0.042975233,-0.003633841,0.413132531,-0.105367633,-0.034387581,0.000529166,0.509958509,-0.133503598,0.224974214,-0.000423937,-0.053498044
7.690000057,2.902579776,0.667897869,0.121972618,2.908240463,0.560090783,0.000000000,2.950677784,0.589945882,-0.231276318,2.907062362,0.560183827,0.000000000,1.591657467,0.111212653,-0.001378074,1.588034239,0.111769381,0.000000000,-143.435484191,-21.072353335,6.985918870,-143.217999186,-20.530238229,5.729577951,0.005660687,-0.043615422,-0.003623228,0.217485005,-0.107807086,-0.029762055,0.000556728,0.542115106,-0.121972618,0.231276318,0.001378074,-1.256340919
7.710000038,2.915961251,0.670099365,0.110074819,2.919441843,0.560090783,0.000000000,2.962427078,0.585201656,-0.237211317,2.918265603,0.560183827,0.000000000,1.593881539,0.111200744,-0.000595444,1.590269540,0.111769381,0.000000000,-143.855448600,-20.940892964,6.573018579,-143.217999186,-20.530238229,5.729577951,0.003480593,-0.044161476,-0.003611999,0.637449415,-0.110008582,-0.025017829,0.000568637,0.410654735,-0.110074819,0.237211317,0.000595444,-0.843440627
7.730000019,2.929384195,0.672056080,0.097835726,2.930643593,0.560090783,0.000000000,2.974080318,0.580348097,-0.242677937,2.929469213,0.560183827,0.000000000,1.596105754,0.111222811,0.001103349,1.592504914,0.111769381,0.000000000,-144.272944707,-20.827237663,5.682765023,-144.034620281,-20.301056458,5.729577951,0.001259398,-0.044611105,-0.003600840,0.238324425,-0.111965297,-0.020164270,0.000546570,0.526181206,-0.097835726,0.242677937,-0.001103349,0.046812929
7.750000000,2.942843652,0.673762112,0.085301601,2.941851510,0.560090783,0.000000000,2.985635475,0.575400305,-0.247389616,2.940678992,0.560183827,0.000000000,1.598330102,0.111203999,-0.000940603,1.594741519,0.111769381,0.000000000,-144.687947948,-20.688368192,6.943473581,-144.034620281,-20.301056458,5.729577951,-0.000992141,-0.044956483,-0.003588582,0.653327667,-0.113671329,-0.015216478,0.000565382,0.387311734,-0.085301601,0.247389616,0.000940603,-1.213895629
7.769999981,2.956334545,0.675211625,0.072475645,2.953065595,0.560090783,0.000000000,2.997090752,0.570365367,-0.251746885,2.951894940,0.560183827,0.000000000,1.600554289,0.111223650,0.000982554,1.596979355,0.111769381,0.000000000,-145.100252201,-20.572156983,5.810560436,-144.641735067,-20.128980857,5.729577951,-0.003268950,-0.045195812,-0.003574933,0.458517135,-0.115120842,-0.010181540,0.000545731,0.443176126,-0.072475645,0.251746885,-0.000982554,-0.080982485
7.789999962,2.969851698,0.676400112,0.059424363,2.964252857,0.560090783,0.000000000,3.008444547,0.565258524,-0.255342157,2.963084061,0.560183827,0.000000000,1.602778580,0.111201638,-0.001100623,1.599211839,0.111769381,0.000000000,-145.510037921,-20.431514083,7.032144986,-145.242248330,-19.957316834,5.729577951,-0.005598840,-0.045360486,-0.003566741,0.267789591,-0.116309329,-0.005074697,0.000567743,0.474197249,-0.059424363,0.255342157,0.001100623,-1.302567035
7.809999943,2.983389822,0.677321571,0.046072932,2.975443934,0.560090783,0.000000000,3.019695522,0.560088077,-0.258522363,2.974276996,0.560183827,0.000000000,1.605002608,0.111204309,0.000133562,1.601445083,0.111769381,0.000000000,-145.916974449,-20.300493114,6.551048446,-145.242248330,-19.957316834,5.729577951,-0.007945888,-0.045418526,-0.003557525,0.674726119,-0.117230787,0.000095750,0.000565072,0.343176280,-0.046072932,0.258522363,-0.000133562,-0.821470495
7.830000162,2.996943537,0.677972367,0.032539836,2.986638957,0.560090783,0.000000000,3.030842526,0.554866101,-0.261098754,2.985473880,0.560183827,0.000000000,1.607226967,0.111234134,0.001491228,1.603679116,0.111769381,0.000000000,-146.321415373,-20.186603820,5.694464689,-146.035474178,-19.728274039,5.729577951,-0.010304580,-0.045368647,-0.003547851,0.285941196,-0.117881584,0.005317726,0.000535247,0.458329781,-0.032539836,0.261098754,-0.001491228,0.035113262
7.850000143,3.010507411,0.678350559,0.018909597,2.997840776,0.560090783,0.000000000,3.041884693,0.549608475,-0.262881313,2.996677559,0.560183827,0.000000000,1.609451613,0.111224319,-0.000490705,1.605914504,0.111769381,0.000000000,-146.723309700,-20.046784172,6.990982408,-146.035474178,-19.728274039,5.729577951,-0.012666636,-0.045207134,-0.003537110,0.687835523,-0.118259776,0.010575352,0.000545062,0.318510133,-0.018909597,0.262881313,0.000490705,-1.261404456
7.870000124,3.024075951,0.678452659,0.005104993,3.009049522,0.560090783,0.000000000,3.052821398,0.544323054,-0.264271079,3.007888167,0.560183827,0.000000000,1.611676338,0.111254863,0.001527162,1.608151274,0.111769381,0.000000000,-147.122497554,-19.931281940,5.775111612,-146.625107074,-19.556280354,5.729577951,-0.015026429,-0.044933231,-0.003525064,0.497390480,-0.118361876,0.015860773,0.000514518,0.375001586,-0.005104993,0.264271079,-0.001527162,-0.045533660
7.890000105,3.037643644,0.678279386,-0.008663644,3.020259496,0.560090783,0.000000000,3.063652262,0.539027411,-0.264782149,3.019100003,0.560183827,0.000000000,1.613901429,0.111247383,-0.000373999,1.610388290,0.111769381,0.000000000,-147.519144185,-19.791099778,7.009108088,-147.209640683,-19.384267835,5.729577951,-0.017384149,-0.044552259,-0.003513139,0.309503502,-0.118188603,0.021156416,0.000521998,0.406831943,0.008663644,0.264782149,0.000373999,-1.279530136
7.910000086,3.051204958,0.677828299,-0.022554385,3.031465220,0.560090783,0.000000000,3.074377183,0.533730249,-0.264858096,3.030307589,0.560183827,0.000000000,1.616126447,0.111257833,0.000522496,1.612624458,0.111769381,0.000000000,-147.912956580,-19.661876449,6.461166457,-147.209640683,-19.384267835,5.729577951,-0.019739738,-0.044069594,-0.003501990,0.703315897,-0.117737515,0.026453578,0.000511548,0.277608614,0.022554385,0.264858096,-0.000522496,-0.731588506
7.930000067,3.064754327,0.677098744,-0.036477736,3.042666695,0.560090783,0.000000000,3.084996249,0.528443506,-0.264337151,3.041510924,0.560183827,0.000000000,1.618351966,0.111295501,0.001883418,1.614859777,0.111769381,0.000000000,-148.304282804,-19.549241327,5.631756089,-147.980404422,-19.155091690,5.729577951,-0.022087632,-0.043485324,-0.003492188,0.323878381,-0.117007961,0.031740321,0.000473880,0.394149637,0.036477736,0.264337151,-0.001883418,0.097821862
7.950000048,3.078286194,0.676091930,-0.050340719,3.053865311,0.560090783,0.000000000,3.095509834,0.523183145,-0.263018040,3.052711401,0.560183827,0.000000000,1.620577937,0.111294441,-0.000052998,1.617094526,0.111769381,0.000000000,-148.693089000,-19.412406526,6.841740090,-147.980404422,-19.155091690,5.729577951,-0.024420884,-0.042798433,-0.003483411,0.712684578,-0.116001146,0.037000682,0.000474940,0.257314835,0.050340719,0.263018040,0.000052998,-1.112162139
7.970000029,3.091794991,0.674805725,-0.064310225,3.065061069,0.560090783,0.000000000,3.105918551,0.517956618,-0.261326338,3.063909018,0.560183827,0.000000000,1.622804144,0.111331393,0.001847591,1.619328705,0.111769381,0.000000000,-149.079230006,-19.299252119,5.657720312,-148.552170879,-18.983297308,5.729577951,-0.026733922,-0.042009533,-0.003475439,0.527059127,-0.114714942,0.042227209,0.000437988,0.315954811,0.064310225,0.261326338,-0.001847591,0.071857639
7.990000010,3.105275162,0.673243435,-0.078114509,3.076271457,0.560090783,0.000000000,3.116223243,0.512780875,-0.258787150,3.075121269,0.560183827,0.000000000,1.625030762,0.111325936,-0.000272868,1.621565803,0.111769381,0.000000000,-149.462856931,-19.161859288,6.869641583,-149.119523377,-18.811278425,5.729577951,-0.029003705,-0.041101974,-0.003464958,0.343333554,-0.113152652,0.047402952,0.000443445,0.350580863,0.078114509,0.258787150,0.000272868,-1.140063632
8.009999990,3.118721177,0.671404409,-0.091951272,3.087480026,0.560090783,0.000000000,3.126425036,0.507665329,-0.255777284,3.086331700,0.560183827,0.000000000,1.627257384,0.111339614,0.000683904,1.623802539,0.111769381,0.000000000,-149.843669783,-19.033790012,6.403463796,-149.119523377,-18.811278425,5.729577951,-0.031241151,-0.040093336,-0.003454845,0.724146405,-0.111313626,0.052518498,0.000429767,0.222511587,0.091951272,0.255777284,-0.000683904,-0.673885845
8.029999971,3.132127539,0.669292265,-0.105607202,3.098686775,0.560090783,0.000000000,3.136525263,0.502622784,-0.252127291,3.097540311,0.560183827,0.000000000,1.629484559,0.111379089,0.001973769,1.626038911,0.111769381,0.000000000,-150.222009997,-18.922169310,5.581035078,-149.867718231,-18.581994363,5.729577951,-0.033440763,-0.038984952,-0.003445648,0.354291766,-0.109201482,0.057561043,0.000390292,0.340174947,0.105607202,0.252127291,-0.001973769,0.148542873
8.049999952,3.145488833,0.666911943,-0.119016141,3.109886126,0.560090783,0.000000000,3.146525548,0.497669182,-0.247680106,3.108741522,0.560183827,0.000000000,1.631712211,0.111379622,0.000026666,1.628273807,0.111769381,0.000000000,-150.597831720,-18.786251295,6.795900776,-149.867718231,-18.581994363,5.729577951,-0.035602707,-0.037784026,-0.003438405,0.730113489,-0.106821159,0.062514645,0.000389759,0.204256932,0.119016141,0.247680106,-0.000026666,-1.066322824
8.070000172,3.158799723,0.664265897,-0.132302296,3.121078209,0.560090783,0.000000000,3.156427772,0.492813263,-0.242795947,3.119935465,0.560183827,0.000000000,1.633940189,0.111420532,0.002045495,1.630507252,0.111769381,0.000000000,-150.971008707,-18.673799835,5.622573008,-150.422117736,-18.410257036,5.729577951,-0.037721513,-0.036492307,-0.003432936,0.548890971,-0.104175113,0.067370564,0.000348849,0.263542799,0.132302296,0.242795947,-0.002045495,0.107004943
8.090000153,3.172054977,0.661362288,-0.145180408,3.132288478,0.560090783,0.000000000,3.166234045,0.488071089,-0.237108692,3.131147596,0.560183827,0.000000000,1.636168661,0.111419758,-0.000038702,1.632744327,0.111769381,0.000000000,-151.341695632,-18.538187595,6.780611963,-150.972260034,-18.238239986,5.729577951,-0.039766498,-0.035086449,-0.003424334,0.369435598,-0.101271505,0.072112738,0.000349623,0.299947610,0.145180408,0.237108692,0.000038702,-1.051034012
8.110000134,3.185249486,0.658204775,-0.157875653,3.143495286,0.560090783,0.000000000,3.175946751,0.483451755,-0.230966676,3.142356265,0.560183827,0.000000000,1.638397169,0.111433728,0.000698473,1.634980710,0.111769381,0.000000000,-151.709630471,-18.413015800,6.258589745,-150.972260034,-18.238239986,5.729577951,-0.041754200,-0.033590485,-0.003416458,0.737370437,-0.098113992,0.076732072,0.000335653,0.174775815,0.157875653,0.230966676,-0.000698473,-0.529011793
8.130000114,3.198378230,0.654799273,-0.170275111,3.154698632,0.560090783,0.000000000,3.185568458,0.478966607,-0.224257429,3.153561473,0.560183827,0.000000000,1.640626205,0.111470938,0.001860532,1.637216403,0.111769381,0.000000000,-152.075144246,-18.303451208,5.478229640,-151.697304391,-18.009025555,5.729577951,-0.043679598,-0.032006985,-0.003409802,0.377839855,-0.094708490,0.081217220,0.000298443,0.294425652,0.170275111,0.224257429,-0.001860532,0.251348311
8.150000095,3.211436337,0.651154389,-0.182244210,3.165898539,0.560090783,0.000000000,3.195102003,0.474630383,-0.216811172,3.164763241,0.560183827,0.000000000,1.642855667,0.111468869,-0.000103471,1.639451410,0.111769381,0.000000000,-152.438199682,-18.170828052,6.631157759,-151.697304391,-18.009025555,5.729577951,-0.045537797,-0.030338762,-0.003404257,0.740895291,-0.091063606,0.085553444,0.000300512,0.161802497,0.182244210,0.216811172,0.000103471,-0.901579808
8.170000076,3.224419069,0.647274726,-0.193983139,3.177095008,0.560090783,0.000000000,3.204550456,0.470450830,-0.208977671,3.175961569,0.560183827,0.000000000,1.645085382,0.111505120,0.001812530,1.641685731,0.111769381,0.000000000,-152.798682644,-18.060870536,5.497875827,-152.234741419,-17.837220264,5.729577951,-0.047324061,-0.028588887,-0.003399651,0.563941225,-0.087183943,0.089732997,0.000264262,0.223650271,0.193983139,0.208977671,-0.001812530,0.231702125
8.190000057,3.237321845,0.643171558,-0.205158389,3.188295188,0.560090783,0.000000000,3.213917090,0.466442347,-0.200424124,3.187163609,0.560183827,0.000000000,1.647315497,0.111499746,-0.000268682,1.643920792,0.111769381,0.000000000,-153.156745245,-17.928734575,6.606798045,-152.767202307,-17.665358033,5.729577951,-0.049026658,-0.026753481,-0.003394706,0.389542938,-0.083080775,0.093741480,0.000269635,0.263376542,0.205158389,0.200424124,0.000268682,-0.877220093
8.210000038,3.250140264,0.638850865,-0.216034667,3.199498046,0.560090783,0.000000000,3.223205422,0.462612838,-0.191475451,3.198368329,0.560183827,0.000000000,1.649545548,0.111508128,0.000419106,1.646156388,0.111769381,0.000000000,-153.512141157,-17.806723970,6.100530253,-152.767202307,-17.665358033,5.729577951,-0.050642218,-0.024837093,-0.003389160,0.744938850,-0.078760082,0.097570989,0.000261253,0.141365937,0.216034667,0.191475451,-0.000419106,-0.370952302
8.230000019,3.262870059,0.634321185,-0.226483980,3.210703583,0.560090783,0.000000000,3.232419128,0.458972146,-0.182034595,3.209575728,0.560183827,0.000000000,1.651776005,0.111538753,0.001531244,1.648392518,0.111769381,0.000000000,-153.865191597,-17.699709193,5.350738854,-153.469464692,-17.436098769,5.729577951,-0.052166475,-0.022843401,-0.003383487,0.395726905,-0.074230402,0.101211681,0.000230628,0.263610424,0.226483980,0.182034595,-0.001531244,0.378839097
8.250000000,3.275507169,0.629594168,-0.236350894,3.221899037,0.560090783,0.000000000,3.241562118,0.455533035,-0.171955567,3.220773041,0.560183827,0.000000000,1.654006752,0.111529983,-0.000438486,1.650626636,0.111769381,0.000000000,-154.215864475,-17.570605254,6.455196930,-153.469464692,-17.436098769,5.729577951,-0.053608132,-0.020789077,-0.003380116,0.746399782,-0.069503384,0.104650792,0.000239398,0.134506486,0.236350894,0.171955567,0.000438486,-0.725618978
8.269999981,3.288047729,0.624676877,-0.245864524,3.233084406,0.560090783,0.000000000,3.250638497,0.452301809,-0.161561290,3.231960268,0.560183827,0.000000000,1.656237558,0.111555561,0.001278886,1.652858742,0.111769381,0.000000000,-154.564060714,-17.463812482,5.339638604,-153.989208920,-17.264463795,5.729577951,-0.054963323,-0.018678229,-0.003378817,0.574851794,-0.064586094,0.107882018,0.000213820,0.199348687,0.245864524,0.161561290,-0.001278886,0.389939348
8.289999962,3.300488061,0.619582607,-0.254713486,3.244282603,0.560090783,0.000000000,3.259652544,0.449290676,-0.150556668,3.243160326,0.560183827,0.000000000,1.658468602,0.111542537,-0.000651209,1.655093407,0.111769381,0.000000000,-154.909924407,-17.335252215,6.428013346,-154.504398879,-17.092631982,5.729577951,-0.056205458,-0.016492218,-0.003375195,0.405525527,-0.059491824,0.110893151,0.000226844,0.242620233,0.254713486,0.150556668,0.000651209,-0.698435395
8.309999943,3.312824727,0.614320017,-0.263129520,3.255485279,0.560090783,0.000000000,3.268608733,0.446505673,-0.139250159,3.254364862,0.560183827,0.000000000,1.660699424,0.111542831,0.000014698,1.657328966,0.111769381,0.000000000,-155.253221665,-17.216390865,5.943067502,-154.504398879,-17.092631982,5.729577951,-0.057339449,-0.014243870,-0.003370458,0.748822786,-0.054229234,0.113678154,0.000226550,0.123758883,0.263129520,0.139250159,-0.000014698,-0.213489551
8.330000162,3.325054469,0.608900068,-0.270997468,3.266692566,0.560090783,0.000000000,3.277511662,0.443954446,-0.127561338,3.265574012,0.560183827,0.000000000,1.662930490,0.111565407,0.001128802,1.659565446,0.111769381,0.000000000,-155.594261513,-17.111807798,5.229153350,-155.183845977,-16.863338277,5.729577951,-0.058361903,-0.011937651,-0.003365045,0.410415536,-0.048809284,0.116229381,0.000203974,0.248469521,0.270997468,0.127561338,-0.001128802,0.500424602
8.350000143,3.337174289,0.603337250,-0.278140859,3.277895178,0.560090783,0.000000000,3.286366112,0.441646966,-0.115373990,3.276778485,0.560183827,0.000000000,1.665161684,0.111548304,-0.000855140,1.661800992,0.111769381,0.000000000,-155.933014916,-16.986051171,6.287831359,-155.183845977,-16.863338277,5.729577951,-0.059279110,-0.009587627,-0.003360691,0.749168940,-0.043246467,0.118536861,0.000221077,0.122712894,0.278140859,0.115373990,0.000855140,-0.558253408
8.370000124,3.349181432,0.597640699,-0.284827591,3.289093248,0.560090783,0.000000000,3.295177008,0.439587393,-0.102978654,3.287978415,0.560183827,0.000000000,1.667392770,0.111565698,0.000869689,1.664035633,0.111769381,0.000000000,-156.269389069,-16.881648659,5.220125583,-155.687000366,-16.691508418,5.729577951,-0.060088184,-0.007198594,-0.003357137,0.582388703,-0.037549915,0.120596434,0.000203683,0.190140241,0.284827591,0.102978654,-0.000869689,0.509452368
8.390000105,3.361073380,0.591826284,-0.290720742,3.300298149,0.560090783,0.000000000,3.303949397,0.437784811,-0.090129126,3.299185177,0.560183827,0.000000000,1.669623926,0.111544047,-0.001082541,1.666271636,0.111769381,0.000000000,-156.603523080,-16.756384577,6.263204126,-156.185303793,-16.519573742,5.729577951,-0.060775231,-0.004764220,-0.003352291,0.418219287,-0.031735501,0.122399016,0.000225334,0.236810835,0.290720742,0.090129126,0.001082541,-0.533626174
8.410000086,3.372847895,0.585904515,-0.296088461,3.311500678,0.560090783,0.000000000,3.312688465,0.436242792,-0.077100943,3.310389567,0.560183827,0.000000000,1.671854690,0.111535940,-0.000405318,1.668507166,0.111769381,0.000000000,-156.935194590,-16.640413581,5.798549795,-156.185303793,-16.519573742,5.729577951,-0.061347216,-0.002298898,-0.003347524,0.749890797,-0.025813731,0.123941035,0.000233441,0.120839839,0.296088461,0.077100943,0.000405318,-0.068971843
8.430000067,3.384502959,0.579888210,-0.300815238,3.322700837,0.560090783,0.000000000,3.321399471,0.434966187,-0.063830211,3.321591587,0.560183827,0.000000000,1.674085535,0.111550615,0.000733745,1.670742223,0.111769381,0.000000000,-157.264699452,-16.538056216,5.117868241,-156.841406707,-16.290424520,5.729577951,-0.061802122,0.000192116,-0.003343312,0.423292746,-0.019797427,0.125217639,0.000218766,0.247631696,0.300815238,0.063830211,-0.000733745,0.611709710
8.450000048,3.396036850,0.573793787,-0.304721127,3.333906268,0.560090783,0.000000000,3.330087791,0.433961638,-0.050227496,3.332798879,0.560183827,0.000000000,1.676316344,0.111524988,-0.001281345,1.672978332,0.111769381,0.000000000,-157.592009644,-16.415398604,6.132880629,-156.841406707,-16.290424520,5.729577951,-0.062130582,0.002711088,-0.003338012,0.750602938,-0.013703004,0.126222189,0.000244393,0.124974084,0.304721127,0.050227496,0.001281345,-0.403302677
8.470000029,3.407448125,0.567631625,-0.308108114,3.345116971,0.560090783,0.000000000,3.338758892,0.433230799,-0.036541914,3.344011444,0.560183827,0.000000000,1.678546882,0.111534781,0.000489617,1.675215493,0.111769381,0.000000000,-157.917035033,-16.313003357,5.119762339,-157.327924768,-16.118400812,5.729577951,-0.062331154,0.005252552,-0.003331389,0.589110265,-0.007540842,0.126953028,0.000234600,0.194602545,0.308108114,0.036541914,-0.000489617,0.609815612
8.490000010,3.418735598,0.561419156,-0.310623438,3.356307278,0.560090783,0.000000000,3.347418300,0.432779193,-0.022580301,3.355203611,0.560183827,0.000000000,1.680777334,0.111504815,-0.001498298,1.677448584,0.111769381,0.000000000,-158.239905779,-16.190550264,6.122654642,-157.808406992,-15.946690064,5.729577951,-0.062428320,0.007785311,-0.003328750,0.431498787,-0.001328373,0.127404634,0.000264566,0.243860200,0.310623438,0.022580301,0.001498298,-0.393076690
8.509999990,3.429898396,0.555167866,-0.312564493,3.367503996,0.560090783,0.000000000,3.356071616,0.432607631,-0.008578135,3.366402188,0.560183827,0.000000000,1.683007233,0.111489178,-0.000781854,1.679682954,0.111769381,0.000000000,-158.560407306,-16.076858897,5.684568371,-157.808406992,-15.946690064,5.729577951,-0.062394400,0.010330572,-0.003324278,0.752000314,0.004922917,0.127576196,0.000280203,0.130168832,0.312564493,0.008578135,0.000781854,0.045009580
8.529999971,3.440935881,0.548891544,-0.313816111,3.378707123,0.560090783,0.000000000,3.364724455,0.432717856,0.005511262,3.377607176,0.560183827,0.000000000,1.685237073,0.111497388,0.000410520,1.681918604,0.111769381,0.000000000,-158.878818236,-15.975932478,5.046320941,-158.441764553,-15.717480109,5.729577951,-0.062228758,0.012882721,-0.003318469,0.437053683,0.011199239,0.127465971,0.000271993,0.258452369,0.313816111,-0.005511262,-0.000410520,0.683257010
8.549999952,3.451847731,0.542607579,-0.314198231,3.389916446,0.560090783,0.000000000,3.373382486,0.433112818,0.019748088,3.388818361,0.560183827,0.000000000,1.687466742,0.111464428,-0.001648011,1.684155489,0.111769381,0.000000000,-159.195107252,-15.855479631,6.022642354,-158.441764553,-15.717480109,5.729577951,-0.061931286,0.015435876,-0.003311252,0.753342699,0.017483204,0.127071009,0.000304953,0.137999522,0.314198231,-0.019748088,0.001648011,-0.293064403
8.570000172,3.462633918,0.536326833,-0.314037342,3.401132097,0.560090783,0.000000000,3.382051396,0.433791445,0.033931387,3.400035876,0.560183827,0.000000000,1.689696008,0.111468730,0.000215113,1.686393638,0.111769381,0.000000000,-159.509184042,-15.754137619,5.067100573,-158.911284819,-15.545381148,5.729577951,-0.061501821,0.017984480,-0.003302370,0.597899224,0.023763951,0.126392382,0.000300651,0.208756471,0.314037342,-0.033931387,-0.000215113,0.662477378
8.590000153,3.473294682,0.530067376,-0.312972811,3.412333354,0.560090783,0.000000000,3.390736872,0.434755380,0.048196746,3.411238994,0.560183827,0.000000000,1.691925074,0.111432365,-0.001818249,1.688628914,0.111769381,0.000000000,-159.821167547,-15.633496706,6.032045634,-159.375044944,-15.373502381,5.729577951,-0.060961328,0.020502121,-0.003296160,0.446122603,0.030023407,0.125428447,0.000337016,0.259994325,0.312972811,-0.048196746,0.001818249,-0.302467683
8.610000134,3.483830586,0.523840925,-0.311322570,3.423528459,0.560090783,0.000000000,3.399444605,0.436002490,0.062355468,3.422435959,0.560183827,0.000000000,1.694153467,0.111411579,-0.001039333,1.690862963,0.111769381,0.000000000,-160.130848032,-15.520996415,5.625014562,-159.375044944,-15.373502381,5.729577951,-0.060302127,0.022991353,-0.003290504,0.755803088,0.036249858,0.124181337,0.000357802,0.147494034,0.311322570,-0.062355468,0.001039333,0.104563389
8.630000114,3.494242429,0.517661426,-0.308974943,3.434717412,0.560090783,0.000000000,3.408180240,0.437531223,0.076436646,3.433626770,0.560183827,0.000000000,1.696381718,0.111416434,0.000242780,1.693095783,0.111769381,0.000000000,-160.438484822,-15.420427651,5.028438222,-159.984705777,-15.144582428,5.729577951,-0.059525017,0.025446530,-0.003285934,0.453779044,0.042429357,0.122652604,0.000352947,0.275845222,0.308974943,-0.076436646,-0.000242780,0.701139729
8.650000095,3.504531330,0.511546335,-0.305754561,3.445913901,0.560090783,0.000000000,3.416949399,0.439340646,0.090471168,3.444825119,0.560183827,0.000000000,1.698609723,0.111379023,-0.001870579,1.695330108,0.111769381,0.000000000,-160.744042018,-15.301094553,5.966654882,-159.984705777,-15.144582428,5.729577951,-0.058617429,0.027875720,-0.003279615,0.759336240,0.048544448,0.120843181,0.000390358,0.156512125,0.305754561,-0.090471168,0.001870579,-0.237076931
8.670000076,3.514698700,0.505506286,-0.302002453,3.457117927,0.560090783,0.000000000,3.425757660,0.441426914,0.104313403,3.456031006,0.560183827,0.000000000,1.700837255,0.111381228,0.000110280,1.697565937,0.111769381,0.000000000,-161.047426349,-15.199603040,5.074575660,-160.436553548,-14.972661182,5.729577951,-0.057580774,0.030273346,-0.003271318,0.610872801,0.054584497,0.118756913,0.000388153,0.226941858,0.302002453,-0.104313403,-0.000110280,0.655002292
8.690000057,3.524746214,0.499559029,-0.297362858,3.468335460,0.560090783,0.000000000,3.434610533,0.443787676,0.118038120,3.467250403,0.560183827,0.000000000,1.703064538,0.111341550,-0.001983911,1.699804461,0.111769381,0.000000000,-161.348742625,-15.079550098,6.002647115,-160.883778107,-14.800532657,5.729577951,-0.056410753,0.032639870,-0.003260077,0.464964518,0.060531755,0.116396151,0.000427831,0.279017440,0.297362858,-0.118038120,0.001983911,-0.273069163
8.710000038,3.534675856,0.493715745,-0.292164195,3.479539326,0.560090783,0.000000000,3.443513460,0.446417873,0.131509833,3.478456130,0.560183827,0.000000000,1.705291093,0.111318900,-0.001132498,1.702040258,0.111769381,0.000000000,-161.647783591,-14.966932761,5.630866831,-160.883778107,-14.800532657,5.729577951,-0.055136530,0.034942670,-0.003250835,0.764005483,0.066375038,0.113765954,0.000450481,0.166400104,0.292164195,-0.131509833,0.001132498,0.098711120
8.730000019,3.544489841,0.487989693,-0.286302614,3.490729525,0.560090783,0.000000000,3.452471777,0.449312683,0.144740509,3.489648188,0.560183827,0.000000000,1.707517490,0.111324076,0.000258777,1.704273327,0.111769381,0.000000000,-161.944787145,-14.865393465,5.076964829,-161.470611283,-14.571587219,5.729577951,-0.053760316,0.037176411,-0.003244163,0.474175862,0.072101091,0.110871144,0.000445306,0.293806245,0.286302614,-0.144740509,-0.000258777,0.652613122
8.750000000,3.554190682,0.482397415,-0.279613871,3.501926811,0.560090783,0.000000000,3.461490728,0.452467326,0.157732145,3.500847334,0.560183827,0.000000000,1.709743639,0.111285585,-0.001924518,1.706507811,0.111769381,0.000000000,-162.239711757,-14.745875647,5.975890854,-161.470611283,-14.571587219,5.729577951,-0.052263871,0.039356606,-0.003235828,0.769100473,0.077693368,0.107716501,0.000483796,0.174288428,0.279613871,-0.157732145,0.001924518,-0.246312903
8.769999981,3.563781169,0.476948592,-0.272441148,3.513131184,0.560090783,0.000000000,3.470575442,0.455875324,0.170399908,3.512053569,0.560183827,0.000000000,1.711969317,0.111289603,0.000200883,1.708743709,0.111769381,0.000000000,-162.532460873,-14.642983218,5.144621480,-161.905279227,-14.399660633,5.729577951,-0.050649984,0.041478126,-0.003225608,0.627181646,0.083142191,0.104308503,0.000479778,0.243322585,0.272441148,-0.170399908,-0.000200883,0.584956471
8.789999962,3.573264330,0.471659657,-0.264446766,3.524343207,0.560090783,0.000000000,3.479730923,0.459530470,0.182757266,3.523267454,0.560183827,0.000000000,1.714194774,0.111250233,-0.001968478,1.710981133,0.111769381,0.000000000,-162.823125597,-14.522330836,6.032619067,-162.335079679,-14.227616665,5.729577951,-0.048921123,0.043536531,-0.003213641,0.488045919,0.088431126,0.100653357,0.000519148,0.294714171,0.264446766,-0.182757266,0.001968478,-0.303041115
8.809999943,3.582643481,0.466540515,-0.255957106,3.535544580,0.560090783,0.000000000,3.488962034,0.463424996,0.194726340,3.534470687,0.560183827,0.000000000,1.716419520,0.111229547,-0.001034321,1.713216433,0.111769381,0.000000000,-163.111501367,-14.408465624,5.693260614,-162.335079679,-14.227616665,5.729577951,-0.047098901,0.045508654,-0.003203087,0.776421688,0.093550269,0.096758831,0.000539834,0.180848959,0.255957106,-0.194726340,0.001034321,0.036317337
8.830000162,3.591922134,0.461602933,-0.246879098,3.546735434,0.560090783,0.000000000,3.498273479,0.467551064,0.206303367,3.545663401,0.560183827,0.000000000,1.718644171,0.111238880,0.000466652,1.715449633,0.111769381,0.000000000,-163.397804654,-14.304788671,5.183847637,-162.899049448,-13.998659166,5.729577951,-0.045186700,0.047389922,-0.003194538,0.498755206,0.098487850,0.092632763,0.000530501,0.306129505,0.246879098,-0.206303367,-0.000466652,0.545730314
8.850000143,3.601104073,0.456861585,-0.237067370,3.557930934,0.560090783,0.000000000,3.507669804,0.471900322,0.217462903,3.556860760,0.560183827,0.000000000,1.720868644,0.111202777,-0.001805120,1.717683760,0.111769381,0.000000000,-163.681987740,-14.183975587,6.040654240,-162.899049448,-13.998659166,5.729577951,-0.043173139,0.049190956,-0.003184884,0.782938292,0.103229198,0.088283505,0.000566604,0.185316420,0.237067370,-0.217462903,0.001805120,-0.311076289
8.870000124,3.610193317,0.452324554,-0.226851550,3.569131210,0.560090783,0.000000000,3.517155380,0.476463985,0.228183183,3.568062898,0.560183827,0.000000000,1.723092717,0.111212181,0.000470162,1.719918841,0.111769381,0.000000000,-163.963951312,-14.078583489,5.269604895,-163.316373933,-13.826795439,5.729577951,-0.041062107,0.050907518,-0.003173877,0.647577379,0.107766229,0.083719842,0.000557200,0.251788049,0.226851550,-0.228183183,-0.000470162,0.459973056
8.890000105,3.619194091,0.448006004,-0.215927516,3.580351782,0.560090783,0.000000000,3.526734396,0.481232356,0.238418533,3.579285333,0.560183827,0.000000000,1.725316667,0.111176349,-0.001791561,1.722157971,0.111769381,0.000000000,-164.243773547,-13.956323375,6.113005691,-163.729285365,-13.654620304,5.729577951,-0.038842309,0.052550937,-0.003158696,0.514488182,0.112084779,0.078951471,0.000593032,0.301703071,0.215927516,-0.238418533,0.001791561,-0.383427740
8.910000086,3.628110860,0.443913915,-0.204604434,3.591559180,0.560090783,0.000000000,3.536410840,0.486195350,0.248149701,3.590494593,0.560183827,0.000000000,1.727539985,0.111160748,-0.000780056,1.724394473,0.111769381,0.000000000,-164.521253858,-13.840245209,5.803908282,-163.729285365,-13.654620304,5.729577951,-0.036551680,0.054083753,-0.003145512,0.791968493,0.116176868,0.073988477,0.000608633,0.185624905,0.204604434,-0.248149701,0.000780056,-0.074330331
8.930000067,3.636948249,0.440057834,-0.192804066,3.602753404,0.560090783,0.000000000,3.546188495,0.491342533,0.257359155,3.601690677,0.560183827,0.000000000,1.729763334,0.111177371,0.000831143,1.726628345,0.111769381,0.000000000,-164.796588905,-13.733558616,5.334329683,-164.270522603,-13.425592492,5.729577951,-0.034194844,0.055502182,-0.003134989,0.526066302,0.120032949,0.068841294,0.000592010,0.307966124,0.192804066,-0.257359155,-0.000831143,0.395248268
8.950000048,3.645711100,0.436449699,-0.180406730,3.613955999,0.560090783,0.000000000,3.556070927,0.496662489,0.265997794,3.612895133,0.560183827,0.000000000,1.731986635,0.111146483,-0.001544388,1.728863888,0.111769381,0.000000000,-165.069727251,-13.610702766,6.142792482,-164.270522603,-13.425592492,5.729577951,-0.031755101,0.056824206,-0.003122747,0.799204648,0.123641084,0.063521338,0.000622898,0.185110274,0.180406730,-0.265997794,0.001544388,-0.413214530
8.970000029,3.654404446,0.433095473,-0.167711303,3.625166964,0.560090783,0.000000000,3.566061479,0.502144590,0.274105035,3.624107960,0.560183827,0.000000000,1.734209663,0.111164003,0.000875994,1.731101102,0.111769381,0.000000000,-165.340569184,-13.502131212,5.428577695,-164.671036821,-13.253564762,5.729577951,-0.029237482,0.058046481,-0.003108561,0.669532363,0.126995310,0.058039237,0.000605378,0.248566450,0.167711303,-0.274105035,-0.000875994,0.301000256
8.990000010,3.663033471,0.430006209,-0.154463226,3.636369740,0.560090783,0.000000000,3.576163265,0.507776246,0.281582823,3.635312597,0.560183827,0.000000000,1.736432715,0.111134139,-0.001493209,1.733336681,0.111769381,0.000000000,-165.609182503,-13.377719195,6.220600830,-165.066099087,-13.081662692,5.729577951,-0.026663731,0.059149332,-0.003096034,0.543083416,0.130084574,0.052407581,0.000635242,0.296056503,0.154463226,-0.281582823,0.001493209,-0.491022878
9.009999990,3.671603543,0.427187443,-0.140938297,3.647573222,0.560090783,0.000000000,3.586379150,0.513545593,0.288467361,3.646517940,0.560183827,0.000000000,1.738655264,0.111125922,-0.000410839,1.735572401,0.111769381,0.000000000,-165.875373814,-13.259002111,5.935854233,-165.066099087,-13.081662692,5.729577951,-0.024030322,0.060138790,-0.003082863,0.809274727,0.132903340,0.046638233,0.000643459,0.177339418,0.140938297,-0.288467361,0.000410839,-0.206276282
9.029999971,3.680120138,0.424645878,-0.127078268,3.658777410,0.560090783,0.000000000,3.596711757,0.519440208,0.294730724,3.657723989,0.560183827,0.000000000,1.740878037,0.111153137,0.001360750,1.737808262,0.111769381,0.000000000,-166.139326745,-13.149150460,5.492582538,-165.584890805,-12.852431039,5.729577951,-0.021342728,0.061012233,-0.003069775,0.554435940,0.135444906,0.040743619,0.000616244,0.296719421,0.127078268,-0.294730724,-0.001360750,0.236995413
9.049999952,3.688588894,0.422390340,-0.112776897,3.669973324,0.560090783,0.000000000,3.607163455,0.525446576,0.300318387,3.668921763,0.560183827,0.000000000,1.743100866,0.111125558,-0.001378964,1.740042472,0.111769381,0.000000000,-166.400974879,-13.023409033,6.287071330,-165.584890805,-12.852431039,5.729577951,-0.018615570,0.061758308,-0.003058394,0.816084074,0.137700444,0.034737251,0.000643823,0.170977994,0.112776897,-0.300318387,0.001378964,-0.557493379
9.070000172,3.697015562,0.420423494,-0.098342303,3.681161098,0.560090783,0.000000000,3.617736339,0.531552082,0.305275326,3.680111396,0.560183827,0.000000000,1.745323607,0.111154559,0.001450046,1.742275058,0.111769381,0.000000000,-166.660243251,-12.912230128,5.558945293,-165.967407061,-12.680759843,5.729577951,-0.015854463,0.062375058,-0.003048549,0.692836189,0.139667290,0.028631745,0.000614822,0.231470284,0.098342303,-0.305275326,-0.001450046,0.170632659
9.090000153,3.705406005,0.418753794,-0.083484973,3.692373077,0.560090783,0.000000000,3.628432254,0.537742713,0.309531556,3.691325237,0.560183827,0.000000000,1.747546480,0.111127831,-0.001336389,1.744512473,0.111769381,0.000000000,-166.917170965,-12.784996271,6.361692831,-166.345591999,-12.508716563,5.729577951,-0.013032928,0.062892983,-0.003034007,0.571578966,0.141336989,0.022441114,0.000641550,0.276279708,0.083484973,-0.309531556,0.001336389,-0.632114880
9.110000134,3.713766186,0.417382933,-0.068543052,3.703576283,0.560090783,0.000000000,3.639252750,0.544004545,0.313091602,3.702530305,0.560183827,0.000000000,1.749769017,0.111129430,0.000079933,1.746748139,0.111769381,0.000000000,-167.171588553,-12.663965038,6.051561635,-166.345591999,-12.508716563,5.729577951,-0.010189902,0.063277555,-0.003020878,0.825996554,0.142707850,0.016179282,0.000639951,0.155248476,0.068543052,-0.313091602,-0.000079933,-0.321983684
9.130000114,3.722102125,0.416315023,-0.053395504,3.714770719,0.560090783,0.000000000,3.650199116,0.550324529,0.315999160,3.713726600,0.560183827,0.000000000,1.751991961,0.111166317,0.001844352,1.748982053,0.111769381,0.000000000,-167.423664648,-12.550908974,5.652803215,-166.841033382,-12.279684442,5.729577951,-0.007331406,0.063527484,-0.003009908,0.582631266,0.143775760,0.009859298,0.000603064,0.271224532,0.053395504,-0.315999160,-0.001844352,0.076774737
9.150000095,3.730419928,0.415554388,-0.038031729,3.725969348,0.560090783,0.000000000,3.661272357,0.556687192,0.318133148,3.724927090,0.560183827,0.000000000,1.754215138,0.111146179,-0.001006891,1.751216805,0.111769381,0.000000000,-167.673333383,-12.423250426,6.382927378,-166.841033382,-12.279684442,5.729577951,-0.004450579,0.063654733,-0.002998332,0.832300000,0.144536395,0.003496635,0.000623202,0.143565984,0.038031729,-0.318133148,0.001006891,-0.653349427
9.170000076,3.738725741,0.415101182,-0.022660316,3.737172173,0.560090783,0.000000000,3.672473181,0.563079603,0.319620583,3.736131775,0.560183827,0.000000000,1.756438384,0.111184356,0.001908838,1.753452394,0.111769381,0.000000000,-167.920525841,-12.308945114,5.715265638,-167.206878308,-12.107781628,5.729577951,-0.001553568,0.063658594,-0.002985990,0.713647533,0.144989601,-0.002895776,0.000585025,0.201163486,0.022660316,-0.319620583,-0.001908838,0.014312313
9.190000057,3.747025758,0.414959356,-0.007091315,3.748372663,0.560090783,0.000000000,3.683802034,0.569486543,0.320347012,3.747334126,0.560183827,0.000000000,1.758661927,0.111164253,-0.001005133,1.755687517,0.111769381,0.000000000,-168.165271383,-12.179657060,6.464402689,-167.567491075,-11.935914629,5.729577951,0.001346905,0.063532092,-0.002974410,0.597780309,0.145131427,-0.009302717,0.000605128,0.243742431,0.007091315,-0.320347012,0.001005133,-0.734824738
9.210000038,3.755326200,0.415128139,0.008439140,3.759573356,0.560090783,0.000000000,3.695259058,0.575894508,0.320398224,3.758536680,0.560183827,0.000000000,1.760885257,0.111172568,0.000415731,1.757922681,0.111769381,0.000000000,-168.407423664,-12.056673653,6.149170336,-167.567491075,-11.935914629,5.729577951,0.004247157,0.063277622,-0.002962576,0.839932589,0.144962645,-0.015710681,0.000596813,0.120759024,-0.008439140,-0.320398224,-0.000415731,-0.419592384
9.230000019,3.763633284,0.415608119,0.023999003,3.770774253,0.560090783,0.000000000,3.706844130,0.582289696,0.319759405,3.769739438,0.560183827,0.000000000,1.763109137,0.111216935,0.002218333,1.760157885,0.111769381,0.000000000,-168.647139306,-11.940943756,5.786494878,-168.040305588,-11.706750310,5.729577951,0.007140969,0.062895308,-0.002951252,0.606833719,0.144482665,-0.022105869,0.000552446,0.234193446,-0.023999003,-0.319759405,-0.002218333,-0.056916927
9.250000000,3.771953242,0.416399622,0.039575181,3.781973080,0.560090783,0.000000000,3.718556833,0.588656447,0.318337562,3.780940125,0.560183827,0.000000000,1.765333368,0.111201335,-0.000779961,1.762392676,0.111769381,0.000000000,-168.884357061,-11.811892846,6.452545482,-168.040305588,-11.706750310,5.729577951,0.010019838,0.062383292,-0.002940692,0.844051473,0.143691161,-0.028472620,0.000568046,0.105142536,-0.039575181,-0.318337562,0.000779961,-0.722967530
9.269999981,3.780292275,0.417500144,0.055026085,3.793169836,0.560090783,0.000000000,3.730396464,0.594982537,0.316304465,3.792138742,0.560183827,0.000000000,1.767557793,0.111246874,0.002276958,1.764627054,0.111769381,0.000000000,-169.119022807,-11.695457820,5.821751282,-168.388773501,-11.534940601,5.729577951,0.012877561,0.061742278,-0.002930738,0.730249307,0.142590639,-0.034798710,0.000522507,0.160517219,-0.055026085,-0.316304465,-0.002276958,-0.092173331
9.289999962,3.788656562,0.418908980,0.070441796,3.804370775,0.560090783,0.000000000,3.742362051,0.601252254,0.313485862,3.803341541,0.560183827,0.000000000,1.769782623,0.111230670,-0.000810212,1.766862267,0.111769381,0.000000000,-169.351170338,-11.565732242,6.486278905,-168.732216728,-11.363066716,5.729577951,0.015714213,0.060979490,-0.002920356,0.618953610,0.141181803,-0.041068427,0.000538711,0.202665526,-0.070441796,-0.313485862,0.000810212,-0.756700954
9.309999943,3.797052227,0.420622178,0.085659894,3.815572917,0.560090783,0.000000000,3.754452327,0.607452548,0.310014728,3.814545544,0.560183827,0.000000000,1.772007351,0.111245115,0.000722242,1.769097720,0.111769381,0.000000000,-169.580672097,-11.442027867,6.185218739,-168.732216728,-11.363066716,5.729577951,0.018520690,0.060093216,-0.002909631,0.848455369,0.139468605,-0.047268721,0.000524266,0.078961151,-0.085659894,-0.310014728,-0.000722242,-0.455640788
9.330000162,3.805485322,0.422636362,0.100709192,3.826776394,0.560090783,0.000000000,3.766665756,0.613569404,0.305842780,3.825750882,0.560183827,0.000000000,1.774232763,0.111296476,0.002568054,1.771333439,0.111769381,0.000000000,-169.807676995,-11.325083590,5.847213887,-169.182219153,-11.133850962,5.729577951,0.021291072,0.059085126,-0.002899324,0.625457842,0.137454422,-0.053385577,0.000472905,0.191232627,-0.100709192,-0.305842780,-0.002568054,-0.117635936
9.350000143,3.813961825,0.424947288,0.115546334,3.837985733,0.560090783,0.000000000,3.779000508,0.619587334,0.300896512,3.836962083,0.560183827,0.000000000,1.776458642,0.111285347,-0.000556445,1.773570328,0.111769381,0.000000000,-170.032134454,-11.196328373,6.437760818,-169.182219153,-11.133850962,5.729577951,0.024023908,0.057961576,-0.002888314,0.849915301,0.135143495,-0.059403507,0.000484034,0.062477411,-0.115546334,-0.300896512,0.000556445,-0.708182867
9.370000124,3.822487621,0.427550183,0.130144721,3.849201067,0.560090783,0.000000000,3.791454476,0.625494514,0.295358970,3.848179281,0.560183827,0.000000000,1.778684821,0.111336949,0.002580067,1.775808413,0.111769381,0.000000000,-170.254005817,-11.079341400,5.849348649,-169.514053235,-10.961756190,5.729577951,0.026713447,0.056724805,-0.002876408,0.739952582,0.132540601,-0.065310687,0.000432432,0.117585210,-0.130144721,-0.295358970,-0.002580067,-0.119770698
9.390000105,3.831068488,0.430439145,0.144448111,3.860403517,0.560090783,0.000000000,3.804025288,0.631275717,0.289060168,3.859383592,0.560183827,0.000000000,1.780911495,0.111323899,-0.000652503,1.778043927,0.111769381,0.000000000,-170.473326870,-10.950540515,6.440044269,-169.840345942,-10.789859117,5.729577951,0.029335029,0.055358303,-0.002867568,0.632980928,0.129651638,-0.071091890,0.000445482,0.160681398,-0.144448111,-0.289060168,0.000652503,-0.710466317
9.410000086,3.839710085,0.433608072,0.158446371,3.871604588,0.560090783,0.000000000,3.816710296,0.636918772,0.282152762,3.870586523,0.560183827,0.000000000,1.783138112,0.111340668,0.000838496,1.780279166,0.111769381,0.000000000,-170.689991147,-10.827415940,6.156228770,-169.840345942,-10.789859117,5.729577951,0.031894503,0.053876227,-0.002858946,0.849645204,0.126482711,-0.076734945,0.000428713,0.037556823,-0.158446371,-0.282152762,-0.000838496,-0.426650818
9.430000067,3.848417941,0.437050251,0.172108932,3.882804278,0.560090783,0.000000000,3.829506600,0.642410951,0.274608918,3.881788074,0.560183827,0.000000000,1.785365452,0.111393915,0.002662318,1.782514130,0.111769381,0.000000000,-170.904142566,-10.710555030,5.843045466,-170.267276500,-10.560719481,5.729577951,0.034386337,0.052281473,-0.002851322,0.636866066,0.123040532,-0.082227124,0.000375466,0.149835550,-0.172108932,-0.274608918,-0.002662318,-0.113467514
9.450000048,3.857197439,0.440757534,0.185364132,3.894008309,0.560090783,0.000000000,3.842411043,0.647738681,0.266386499,3.892993966,0.560183827,0.000000000,1.787593286,0.111383246,-0.000533416,1.784749960,0.111769381,0.000000000,-171.115744407,-10.583487692,6.353366905,-170.267276500,-10.560719481,5.729577951,0.036810871,0.050582923,-0.002843327,0.848467908,0.119333250,-0.087554854,0.000386135,0.022768211,-0.185364132,-0.266386499,0.000533416,-0.623788953
9.470000029,3.866053805,0.444722997,0.198273159,3.905216681,0.560090783,0.000000000,3.855420222,0.652891493,0.257640603,3.904204200,0.560183827,0.000000000,1.789821432,0.111435715,0.002623405,1.786986656,0.111769381,0.000000000,-171.324770740,-10.467046725,5.822048376,-170.581702190,-10.388731536,5.729577951,0.039162877,0.048783978,-0.002834776,0.743068550,0.115367786,-0.092707666,0.000333666,0.078315188,-0.198273159,-0.257640603,-0.002623405,-0.092470424
9.490000010,3.874992104,0.448936810,0.210690661,3.916416296,0.560090783,0.000000000,3.868530506,0.657856487,0.248249708,3.915405675,0.560183827,0.000000000,1.792050077,0.111422045,-0.000683465,1.789221604,0.111769381,0.000000000,-171.531263055,-10.340505547,6.327058870,-170.890725608,-10.216877968,5.729577951,0.041424192,0.046875170,-0.002828473,0.640537446,0.111153973,-0.097672660,0.000347336,0.123627579,-0.210690661,-0.248249708,0.000683465,-0.597480919
9.509999990,3.884017215,0.453390569,0.222687964,3.927617925,0.560090783,0.000000000,3.881738024,0.662623148,0.238333045,3.926609166,0.560183827,0.000000000,1.794278648,0.111438001,0.000797767,1.791456954,0.111769381,0.000000000,-171.735135652,-10.219198454,6.065354681,-170.890725608,-10.216877968,5.729577951,0.043600711,0.044871141,-0.002821693,0.844410044,0.106700214,-0.102439321,0.000331380,0.002320486,-0.222687964,-0.238333045,-0.000797767,-0.335776730
9.529999971,3.893133835,0.458074693,0.234206185,3.938821569,0.560090783,0.000000000,3.895038699,0.667180787,0.227881968,3.937814670,0.560183827,0.000000000,1.796507924,0.111490217,0.002610824,1.793692707,0.111769381,0.000000000,-171.936525713,-10.103615450,5.779150187,-171.294882254,-9.987657453,5.729577951,0.045687734,0.042775972,-0.002815217,0.641643459,0.102016090,-0.106996960,0.000279164,0.115957997,-0.234206185,-0.227881968,-0.002610824,-0.049572236
9.549999952,3.902346454,0.462977574,0.245144047,3.950026466,0.560090783,0.000000000,3.908428233,0.671518468,0.216884023,3.949021429,0.560183827,0.000000000,1.798737664,0.111477489,-0.000636395,1.795928709,0.111769381,0.000000000,-172.135410426,-9.979439002,6.208822382,-171.294882254,-9.987657453,5.729577951,0.047680012,0.040593195,-0.002808954,0.840528172,0.097113209,-0.111334641,0.000291892,-0.008218451,-0.245144047,-0.216884023,0.000636395,-0.479244431
9.570000172,3.911659350,0.468090338,0.255638178,3.961232751,0.560090783,0.000000000,3.921902135,0.675627389,0.205446083,3.960229575,0.560183827,0.000000000,1.800967672,0.111527846,0.002517829,1.798164989,0.111769381,0.000000000,-172.331776339,-9.864713946,5.736252790,-171.592049974,-9.815702225,5.729577951,0.049573401,0.038327440,-0.002802683,0.739726364,0.092000446,-0.115443562,0.000241535,0.049011722,-0.255638178,-0.205446083,-0.002517829,-0.006674838
9.590000153,3.921076588,0.473399769,0.265471595,3.972427386,0.560090783,0.000000000,3.935455724,0.679497694,0.193515261,3.971426070,0.560183827,0.000000000,1.803198131,0.111511334,-0.000825579,1.800398944,0.111769381,0.000000000,-172.525670012,-9.741569980,6.157198339,-171.883757280,-9.643925066,5.729577951,0.051350798,0.035970346,-0.002799187,0.641912732,0.086691014,-0.119313867,0.000258047,0.097644914,-0.265471595,-0.193515261,0.000825579,-0.427620388
9.610000134,3.930601990,0.478895496,0.274786307,3.983619128,0.560090783,0.000000000,3.949084139,0.683120850,0.181157778,3.982619671,0.560183827,0.000000000,1.805428454,0.111524085,0.000637524,1.802632321,0.111769381,0.000000000,-172.717025896,-9.623157487,5.920624625,-171.883757280,-9.643925066,5.729577951,0.053017139,0.033535532,-0.002796133,0.833268616,0.081195288,-0.122937023,0.000245296,-0.020767579,-0.274786307,-0.181157778,-0.000637524,-0.191046674
9.630000114,3.940239156,0.484565570,0.283503698,3.994807978,0.560090783,0.000000000,3.962782349,0.686488712,0.168393083,3.993810379,0.560183827,0.000000000,1.807659414,0.111572594,0.002425458,1.804865121,0.111769381,0.000000000,-172.905972682,-9.509843672,5.665690759,-172.264494702,-9.415007233,5.729577951,0.054568821,0.031028030,-0.002794292,0.641477980,0.075525214,-0.126304885,0.000196787,0.094836439,-0.283503698,-0.168393083,-0.002425458,0.063887192
9.650000095,3.949991428,0.490395663,0.291504672,4.006006231,0.560090783,0.000000000,3.976545168,0.689593663,0.155247561,4.005010493,0.560183827,0.000000000,1.809890760,0.111555946,-0.000832401,1.807099798,0.111769381,0.000000000,-173.092499643,-9.389459666,6.019200298,-172.264494702,-9.415007233,5.729577951,0.056014803,0.028465325,-0.002790962,0.828004941,0.069695120,-0.129409836,0.000213435,-0.025547567,-0.291504672,-0.155247561,0.000832401,-0.289622346
9.670000076,3.959861891,0.496375382,0.298985932,4.017213888,0.560090783,0.000000000,3.990367265,0.692428917,0.141762715,4.016220012,0.560183827,0.000000000,1.812122288,0.111601576,0.002281514,1.809336351,0.111769381,0.000000000,-173.276603222,-9.277213426,5.612311996,-172.544511216,-9.243030255,5.729577951,0.057351998,0.025852747,-0.002785937,0.732092006,0.063715402,-0.132245090,0.000167805,0.034183171,-0.298985932,-0.141762715,-0.002281514,0.117265955
9.690000057,3.969853380,0.502489037,0.305682784,4.028427864,0.560090783,0.000000000,4.004243181,0.694988371,0.127972691,4.027435851,0.560183827,0.000000000,1.814354173,0.111580459,-0.001055866,1.811574165,0.111769381,0.000000000,-173.458331759,-9.158109750,5.955183796,-172.819519231,-9.070956322,5.729577951,0.058574485,0.023192670,-0.002780007,0.638812528,0.057601746,-0.134804544,0.000188922,0.087153429,-0.305682784,-0.127972691,0.001055866,-0.225605845
9.710000038,3.979968445,0.508724840,0.311790132,4.039629151,0.560090783,0.000000000,4.018167335,0.697265858,0.113874369,4.038638999,0.560183827,0.000000000,1.816585826,0.111588151,0.000384593,1.813809447,0.111769381,0.000000000,-173.637636965,-9.043120248,5.749475089,-172.819519231,-9.070956322,5.729577951,0.059660706,0.020471663,-0.002776378,0.818117734,0.051365943,-0.137082031,0.000181230,-0.027836073,-0.311790132,-0.113874369,-0.000384593,-0.019897138
9.730000019,3.990209389,0.515069216,0.317218815,4.050817748,0.560090783,0.000000000,4.032134032,0.699256265,0.099520350,4.049829454,0.560183827,0.000000000,1.818818010,0.111631176,0.002151263,1.816042197,0.111769381,0.000000000,-173.814635608,-8.932511056,5.530459629,-173.177356466,-8.842043651,5.729577951,0.060608358,0.017695422,-0.002775812,0.637279142,0.045021567,-0.139072438,0.000138205,0.090467405,-0.317218815,-0.099520350,-0.002151263,0.199118323
9.750000000,4.000578218,0.521506084,0.321843380,4.062014743,0.560090783,0.000000000,4.046137490,0.700955857,0.084979584,4.061028310,0.560183827,0.000000000,1.821050476,0.111609770,-0.001070308,1.818276623,0.111769381,0.000000000,-173.989325760,-8.816224589,5.814323337,-173.177356466,-8.842043651,5.729577951,0.061436525,0.014890820,-0.002773853,0.811969294,0.038584699,-0.140772030,0.000159611,-0.025819062,-0.321843380,-0.084979584,0.001070308,-0.084745386
9.769999981,4.011076656,0.528024068,0.325899219,4.073220138,0.560090783,0.000000000,4.060171845,0.702360161,0.070215212,4.072235566,0.560183827,0.000000000,1.823283022,0.111649611,0.001992050,1.820512725,0.111769381,0.000000000,-174.161710096,-8.706670867,5.477686108,-173.440122560,-8.670101400,5.729577951,0.062143481,0.012063720,-0.002770297,0.721587536,0.032066715,-0.142176334,0.000119770,0.036569467,-0.325899219,-0.070215212,-0.001992050,0.251891844
9.789999962,4.021706154,0.534606077,0.329100427,4.084426344,0.560090783,0.000000000,4.074231170,0.703467311,0.055357464,4.083443633,0.560183827,0.000000000,1.825515816,0.111623746,-0.001293219,1.822748988,0.111769381,0.000000000,-174.331834791,-8.591675734,5.749756639,-173.697747213,-8.498146693,5.729577951,0.062720190,0.009212463,-0.002766827,0.634087578,0.025484707,-0.143283484,0.000145635,0.093529041,-0.329100427,-0.055357464,0.001293219,-0.020178687
9.809999943,4.032467853,0.541239519,0.331672128,4.095627387,0.560090783,0.000000000,4.088309485,0.704273769,0.040322912,4.094646537,0.560183827,0.000000000,1.827748279,0.111626119,0.000118623,1.824984222,0.111769381,0.000000000,-174.499664483,-8.480047340,5.581419703,-173.697747213,-8.498146693,5.729577951,0.063159534,0.006337052,-0.002764057,0.801917270,0.018851264,-0.144089942,0.000143262,-0.018099353,-0.331672128,-0.040322912,-0.000118623,0.148158249
9.830000162,4.043362635,0.547909998,0.333523954,4.106823402,0.560090783,0.000000000,4.102400756,0.704777741,0.025198634,4.105844412,0.560183827,0.000000000,1.829981158,0.111662980,0.001843048,1.827218452,0.111769381,0.000000000,-174.665298889,-8.371924546,5.406139694,-174.032916149,-8.269083633,5.729577951,0.063460767,0.003443656,-0.002762707,0.632382740,0.012180785,-0.144593915,0.000106401,0.102840913,-0.333523954,-0.025198634,-0.001843048,0.323438257
9.850000143,4.054391065,0.554600726,0.334536405,4.118023847,0.560090783,0.000000000,4.116498933,0.704979647,0.010095295,4.117046717,0.560183827,0.000000000,1.832214211,0.111636921,-0.001302942,1.829453566,0.111769381,0.000000000,-174.828739792,-8.259358223,5.628316169,-174.032916149,-8.269083633,5.729577951,0.063632782,0.000547784,-0.002760645,0.795823643,0.005490057,-0.144795820,0.000132460,-0.009725410,-0.334536405,-0.010095295,0.001302942,0.101261782
9.870000124,4.065553420,0.561299907,0.334959010,4.129228856,0.560090783,0.000000000,4.130597958,0.704877476,-0.005108564,4.128253588,0.560183827,0.000000000,1.834447237,0.111670766,0.001692240,1.831689591,0.111769381,0.000000000,-174.989991458,-8.152018575,5.366982388,-174.278479603,-8.097147289,5.729577951,0.063675436,-0.002344370,-0.002757647,0.711511855,-0.001209123,-0.144693649,0.000098615,0.054871286,-0.334959010,0.005108564,-0.001692240,0.362595564
9.890000105,4.076849692,0.567990158,0.334512544,4.140439633,0.560090783,0.000000000,4.144691770,0.704473758,-0.020185910,4.139466228,0.560183827,0.000000000,1.836680409,0.111640783,-0.001499123,1.833926767,0.111769381,0.000000000,-175.149093254,-8.040499093,5.575974113,-174.519005924,-7.925122435,5.729577951,0.063589942,-0.005225542,-0.002753642,0.630087330,-0.007899374,-0.144289931,0.000128598,0.115376658,-0.334512544,0.020185910,0.001499123,0.153603838
9.910000086,4.088279563,0.574658723,0.333428262,4.151646474,0.560090783,0.000000000,4.158774332,0.703767680,-0.035303891,4.150674930,0.560183827,0.000000000,1.838913165,0.111638430,-0.000117663,1.836163157,0.111769381,0.000000000,-175.306018198,-7.931494809,5.450214171,-174.519005924,-7.925122435,5.729577951,0.063366910,-0.008099402,-0.002750008,0.787012273,-0.014567940,-0.143583853,0.000130951,0.006372374,-0.333428262,0.035303891,0.000117663,0.279363780
9.930000067,4.099842451,0.581291216,0.331624666,4.162849376,0.560090783,0.000000000,4.172839611,0.702760836,-0.050342189,4.161879694,0.560183827,0.000000000,1.841146232,0.111669731,0.001565052,1.838398762,0.111769381,0.000000000,-175.460844496,-7.825031720,5.323154465,-174.831457035,-7.695917075,5.729577951,0.063006925,-0.010959917,-0.002747471,0.629387461,-0.021200433,-0.142577009,0.000099650,0.129114645,-0.331624666,0.050342189,-0.001565052,0.406423486
9.950000048,4.111537464,0.587871206,0.328999513,4.174058102,0.560090783,0.000000000,4.186881636,0.701457796,-0.065151991,4.173090281,0.560183827,0.000000000,1.843379383,0.111640368,-0.001468146,1.840635528,0.111769381,0.000000000,-175.613573347,-7.715219792,5.490596384,-174.831457035,-7.695917075,5.729577951,0.062520638,-0.013791355,-0.002743854,0.782116312,-0.027780423,-0.141273970,0.000129013,0.019302718,-0.328999513,0.065151991,0.001468146,0.238981567
9.970000029,4.123363423,0.594387058,0.325792567,4.185272650,0.560090783,0.000000000,4.200894493,0.699859042,-0.079937728,4.184306693,0.560183827,0.000000000,1.845612428,0.111669232,0.001443198,1.842873457,0.111769381,0.000000000,-175.764206258,-7.609056212,5.308178994,-175.060012803,-7.523834358,5.729577951,0.061909227,-0.016587800,-0.002738971,0.704193454,-0.034296274,-0.139675215,0.000100149,0.085221855,-0.325792567,0.079937728,-0.001443198,0.421398957
9.990000010,4.135318879,0.600822214,0.321757835,4.196462303,0.560090783,0.000000000,4.214872331,0.697971385,-0.094382849,4.195498204,0.560183827,0.000000000,1.847845541,0.111636817,-0.001620765,1.845106417,0.111769381,0.000000000,-175.912771569,-7.499838928,5.460864245,-175.282910039,-7.352133654,5.729577951,0.061143424,-0.019374127,-0.002739123,0.629861530,-0.040731431,-0.137787558,0.000132564,0.147705273,-0.321757835,0.094382849,0.001620765,0.268713706
10.009999990,4.147402082,0.607164427,0.317110618,4.207657443,0.560090783,0.000000000,4.228809396,0.695796665,-0.108736008,4.206695204,0.560183827,0.000000000,1.850078207,0.111632536,-0.000214038,1.847340473,0.111769381,0.000000000,-176.059248354,-7.392248154,5.379538685,-175.282910039,-7.352133654,5.729577951,0.060255361,-0.022114192,-0.002737734,0.776338315,-0.047073644,-0.135612838,0.000136845,0.040114499,-0.317110618,0.108736008,0.000214038,0.350039266
10.029999971,4.159611035,0.613400276,0.311792474,4.218858071,0.560090783,0.000000000,4.242699998,0.693340008,-0.122832839,4.217897692,0.560183827,0.000000000,1.852311113,0.111659639,0.001355147,1.849575623,0.111769381,0.000000000,-176.203687982,-7.286142137,5.305300855,-175.572381500,-7.122974847,5.729577951,0.059247035,-0.024802305,-0.002735490,0.631306483,-0.053309493,-0.133156181,0.000109742,0.163167290,-0.311792474,0.122832839,-0.001355147,0.424277096
10.049999952,4.171943454,0.619514675,0.305719942,4.230058388,0.560090783,0.000000000,4.256538581,0.690609780,-0.136511405,4.229099871,0.560183827,0.000000000,1.854544043,0.111628834,-0.001540265,1.851810712,0.111769381,0.000000000,-176.346087354,-7.177677537,5.423229965,-175.572381500,-7.122974847,5.729577951,0.058114934,-0.027438710,-0.002733331,0.773705854,-0.059423892,-0.130425953,0.000140547,0.054702690,-0.305719942,0.136511405,0.001540265,0.306347986
10.070000172,4.184396790,0.625496737,0.299103094,4.241258530,0.560090783,0.000000000,4.270319710,0.687608867,-0.150045652,4.240301873,0.560183827,0.000000000,1.856776822,0.111654064,0.001261519,1.854045765,0.111769381,0.000000000,-176.486441977,-7.071273318,5.320210963,-175.783460439,-6.951113882,5.729577951,0.056861739,-0.030017838,-0.002731057,0.702981537,-0.065405954,-0.127425040,0.000115317,0.120159436,-0.299103094,0.150045652,-0.001261519,0.409366988
10.090000153,4.196968247,0.631331693,0.291747814,4.252459065,0.560090783,0.000000000,4.284038077,0.684347975,-0.163044582,4.251504268,0.560183827,0.000000000,1.859009590,0.111619356,-0.001735388,1.856280898,0.111769381,0.000000000,-176.624764141,-6.962822377,5.422547057,-175.989392293,-6.779246196,5.729577951,0.055490817,-0.032533809,-0.002728692,0.635371848,-0.071240910,-0.124164148,0.000150025,0.183576181,-0.291747814,0.163044582,0.001735388,0.307030894
10.110000134,4.209654758,0.637008155,0.283823072,4.263658552,0.560090783,0.000000000,4.297688526,0.680830979,-0.175849832,4.262705616,0.560183827,0.000000000,1.861241894,0.111613672,-0.000284194,1.858515820,0.111769381,0.000000000,-176.761036160,-6.855060771,5.388080320,-175.989392293,-6.779246196,5.729577951,0.054003794,-0.034982910,-0.002726074,0.771643867,-0.076917371,-0.120647152,0.000155709,0.075814575,-0.283823072,0.175849832,0.000284194,0.341497631
10.130000114,4.222453027,0.642514245,0.275304497,4.274856991,0.560090783,0.000000000,4.311266017,0.677066053,-0.188246270,4.273905915,0.560183827,0.000000000,1.863474411,0.111638998,0.001266279,1.860750534,0.111769381,0.000000000,-176.895284185,-6.747826305,5.361723287,-176.255899504,-6.550132159,5.729577951,0.052403963,-0.037360102,-0.002723877,0.639384681,-0.082423461,-0.116882226,0.000130383,0.197694146,-0.275304497,0.188246270,-0.001266279,0.367854664
10.150000095,4.235359517,0.647837202,0.266147880,4.286061193,0.560090783,0.000000000,4.324765715,0.673065112,-0.200047041,4.285111979,0.560183827,0.000000000,1.865706909,0.111607724,-0.001563725,1.862986398,0.111769381,0.000000000,-177.027497201,-6.639126597,5.434985409,-176.255899504,-6.550132159,5.729577951,0.050701676,-0.039653736,-0.002720511,0.771597697,-0.087746419,-0.112881285,0.000161658,0.088994438,-0.266147880,0.200047041,0.001563725,0.294592542
10.170000076,4.248370457,0.652967310,0.256505367,4.297271159,0.560090783,0.000000000,4.338182951,0.668832781,-0.211616584,4.296323807,0.560183827,0.000000000,1.867939294,0.111633707,0.001299170,1.865223412,0.111769381,0.000000000,-177.157666173,-6.530930612,5.409799226,-176.449964375,-6.378119761,5.729577951,0.048900702,-0.041859144,-0.002715882,0.707701798,-0.092876526,-0.108648954,0.000135674,0.152810851,-0.256505367,0.211616584,-0.001299170,0.319778725
10.190000057,4.261481867,0.657892619,0.246265462,4.308458167,0.560090783,0.000000000,4.351513247,0.664383768,-0.222450641,4.307512673,0.560183827,0.000000000,1.870171637,0.111599116,-0.001729539,1.867455845,0.111769381,0.000000000,-177.285788163,-6.421692921,5.461884564,-176.638483527,-6.206459646,5.729577951,0.046976300,-0.044000574,-0.002715792,0.647304636,-0.097801836,-0.104199941,0.000170265,0.215233275,-0.246265462,0.222450641,0.001729539,0.267693387
10.210000038,4.274689551,0.662603760,0.235557058,4.319657064,0.560090783,0.000000000,4.364752335,0.659724031,-0.232986829,4.318713430,0.560183827,0.000000000,1.872403561,0.111595253,-0.000193169,1.869690650,0.111769381,0.000000000,-177.411845806,-6.312316631,5.468814506,-176.638483527,-6.206459646,5.729577951,0.044967513,-0.046038905,-0.002712911,0.773362280,-0.102512977,-0.099540204,0.000174128,0.105856985,-0.235557058,0.232986829,0.000193169,0.260763445
10.230000019,4.287989123,0.667091085,0.224366274,4.330867851,0.560090783,0.000000000,4.377896110,0.654864190,-0.242992048,4.329926080,0.560183827,0.000000000,1.874635724,0.111621144,0.001294546,1.871927828,0.111769381,0.000000000,-177.535838088,-6.202500405,5.490811293,-176.882349729,-5.977092981,5.729577951,0.042878728,-0.047970030,-0.002707896,0.653488359,-0.107000302,-0.094680363,0.000148237,0.225407424,-0.224366274,0.242992048,-0.001294546,0.238766659
10.250000000,4.301376004,0.671344833,0.212687369,4.342072274,0.560090783,0.000000000,4.390940719,0.649818848,-0.252267100,4.341132364,0.560183827,0.000000000,1.876867897,0.111593224,-0.001395973,1.874163736,0.111769381,0.000000000,-177.657750488,-6.092244516,5.512794444,-176.882349729,-5.977092981,5.729577951,0.040696269,-0.049808355,-0.002704162,0.775400759,-0.111254050,-0.089635021,0.000176157,0.115151535,-0.212687369,0.252267100,0.001395973,0.216783507
10.269999981,4.314845438,0.675357102,0.200613451,4.353270332,0.560090783,0.000000000,4.403882524,0.644594389,-0.261222957,4.352332283,0.560183827,0.000000000,1.879100002,0.111619963,0.001336954,1.876398374,0.111769381,0.000000000,-177.777567069,-5.981073605,5.558545540,-177.059025796,-5.805263294,5.729577951,0.038424894,-0.051550241,-0.002701628,0.718541273,-0.115266319,-0.084410562,0.000149418,0.175810312,-0.200613451,0.261222957,-0.001336954,0.171032411
10.289999962,4.328392505,0.679119304,0.188110118,4.364483275,0.560090783,0.000000000,4.416718116,0.639207965,-0.269321192,4.363547089,0.560183827,0.000000000,1.881332113,0.111589619,-0.001517201,1.878635982,0.111769381,0.000000000,-177.895273889,-5.869964648,5.555447881,-177.230773263,-5.633205208,5.729577951,0.036090770,-0.053171028,-0.002696131,0.664500626,-0.119028521,-0.079024138,0.000179762,0.236759440,-0.188110118,0.269321192,0.001517201,0.174130070
10.309999943,4.342012125,0.682624143,0.175241949,4.375691112,0.560090783,0.000000000,4.429444343,0.633667188,-0.277038852,4.374756787,0.560183827,0.000000000,1.883563858,0.111587612,-0.000100371,1.880872571,0.111769381,0.000000000,-178.010855878,-5.757931063,5.601679234,-177.230773263,-5.633205208,5.729577951,0.033678986,-0.054687556,-0.002691287,0.780082615,-0.122533360,-0.073483361,0.000181769,0.124725855,-0.175241949,0.277038852,0.000100371,0.127898717
10.330000162,4.355699079,0.685864823,0.162034005,4.386893975,0.560090783,0.000000000,4.442058241,0.627984444,-0.284137204,4.385961511,0.560183827,0.000000000,1.885795887,0.111615330,0.001385924,1.883108168,0.111769381,0.000000000,-178.124286459,-5.644555929,5.668756709,-177.451536733,-5.404002025,5.729577951,0.031194895,-0.056096730,-0.002687720,0.672749726,-0.125774040,-0.067800617,0.000154051,0.240553904,-0.162034005,0.284137204,-0.001385924,0.060821242
10.350000143,4.369448017,0.688835067,0.148512182,4.398091015,0.560090783,0.000000000,4.454557145,0.622176294,-0.290407502,4.397160411,0.560183827,0.000000000,1.888027961,0.111590648,-0.001234117,1.885342602,0.111769381,0.000000000,-178.235550394,-5.531821725,5.636710195,-177.451536733,-5.404002025,5.729577951,0.028642998,-0.057396734,-0.002685359,0.784013661,-0.128744284,-0.061992467,0.000178733,0.127819700,-0.148512182,0.290407502,0.001234117,0.092867757
10.370000124,4.383253471,0.691529358,0.134714572,4.409282366,0.560090783,0.000000000,4.466938631,0.616250435,-0.296292981,4.408353621,0.560183827,0.000000000,1.890260062,0.111620910,0.001513082,1.887575902,0.111769381,0.000000000,-178.344624245,-5.416775099,5.752331279,-177.610931847,-5.232275263,5.729577951,0.026028895,-0.058585010,-0.002684161,0.733692398,-0.131438575,-0.056066608,0.000148471,0.184499836,-0.134714572,0.296292981,-0.001513082,-0.022753327
10.390000105,4.397109872,0.693943016,0.120682895,4.420491041,0.560090783,0.000000000,4.479200535,0.610225469,-0.301248270,4.419564159,0.560183827,0.000000000,1.892492250,0.111596289,-0.001231036,1.889812658,0.111769381,0.000000000,-178.451488221,-5.303043419,5.686583998,-177.765414758,-5.060282667,5.729577951,0.023381169,-0.059636376,-0.002679592,0.686073463,-0.133852233,-0.050041642,0.000173092,0.242760753,-0.120682895,0.301248270,0.001231036,0.042993954
10.410000086,4.411011556,0.696071203,0.106409362,4.431698277,0.560090783,0.000000000,4.491340971,0.604110137,-0.305766627,4.430773256,0.560183827,0.000000000,1.894724197,0.111599797,0.000175380,1.892049127,0.111769381,0.000000000,-178.556129798,-5.187606027,5.771869634,-177.765414758,-5.060282667,5.729577951,0.020686721,-0.060567715,-0.002675069,0.790715040,-0.135980420,-0.043926310,0.000169585,0.127323360,-0.106409362,0.305766627,-0.000175380,-0.042291683
10.430000067,4.424952772,0.697910225,0.091951063,4.442904072,0.560090783,0.000000000,4.503358270,0.597917944,-0.309609621,4.441980913,0.560183827,0.000000000,1.896956502,0.111630532,0.001536757,1.894285309,0.111769381,0.000000000,-178.658504341,-5.070265505,5.867026093,-177.963311056,-4.831018126,5.729577951,0.017951300,-0.061377357,-0.002671193,0.695193285,-0.137819441,-0.037734117,0.000138849,0.239247379,-0.091951063,0.309609621,-0.001536757,-0.137448141
10.450000048,4.438927712,0.699457665,0.077372030,4.454108302,0.560090783,0.000000000,4.515251079,0.591666449,-0.312574774,4.453187004,0.560183827,0.000000000,1.899188946,0.111612056,-0.000923773,1.896521178,0.111769381,0.000000000,-178.758601038,-4.954806295,5.772960469,-177.963311056,-4.831018126,5.729577951,0.015180589,-0.062064075,-0.002667767,0.795289982,-0.139366882,-0.031482622,0.000157325,0.123788170,-0.077372030,0.312574774,0.000923773,-0.043382518
10.470000029,4.452930509,0.700710302,0.062631812,4.465310965,0.560090783,0.000000000,4.527018303,0.585364050,-0.315119929,4.464391528,0.560183827,0.000000000,1.901421509,0.111645403,0.001667333,1.898756735,0.111769381,0.000000000,-178.856393902,-4.835800252,5.950302157,-178.105673871,-4.659117775,5.729577951,0.012380456,-0.062626774,-0.002664774,0.750720031,-0.140619518,-0.025180223,0.000123978,0.176682477,-0.062631812,0.315119929,-0.001667333,-0.220724206
10.490000010,4.466955259,0.701667620,0.047865899,4.476509600,0.560090783,0.000000000,4.538659121,0.579030030,-0.316701017,4.475592023,0.560183827,0.000000000,1.903654248,0.111626779,-0.000931190,1.900991488,0.111769381,0.000000000,-178.951860972,-4.719428620,5.818581617,-178.242830863,-4.487279253,5.729577951,0.009554340,-0.063067098,-0.002662760,0.709030109,-0.141576836,-0.018846203,0.000142602,0.232149367,-0.047865899,0.316701017,0.000931190,-0.089003666
10.509999990,4.480996034,0.702327390,0.032988508,4.487707463,0.560090783,0.000000000,4.550173004,0.572673617,-0.317820624,4.486791747,0.560183827,0.000000000,1.905886854,0.111634950,0.000408564,1.903226087,0.111769381,0.000000000,-179.044997925,-4.600795274,5.931667290,-178.242830863,-4.487279253,5.729577951,0.006711429,-0.063381257,-0.002660767,0.802167062,-0.142236606,-0.012489790,0.000134431,0.113516021,-0.032988508,0.317820624,-0.000408564,-0.202089339
10.529999971,4.495046875,0.702689254,0.018093240,4.498904555,0.560090783,0.000000000,4.561559645,0.566308681,-0.318246820,4.497990699,0.560183827,0.000000000,1.908119898,0.111668975,0.001701231,1.905460532,0.111769381,0.000000000,-179.135745422,-4.479776689,6.050929244,-178.417666553,-4.258192770,5.729577951,0.003857680,-0.063568946,-0.002659366,0.718078869,-0.142598471,-0.006124854,0.000100406,0.221583920,-0.018093240,0.318246820,-0.001701231,-0.321351293
10.549999952,4.509101841,0.702754747,0.003274631,4.510110701,0.560090783,0.000000000,4.572819059,0.559952875,-0.317790306,4.509198707,0.560183827,0.000000000,1.910353163,0.111655885,-0.000654475,1.907696784,0.111769381,0.000000000,-179.224099627,-4.361859897,5.895839598,-178.417666553,-4.258192770,5.729577951,0.001008861,-0.063620352,-0.002656379,0.806433075,-0.142663964,0.000230952,0.000113496,0.103667128,-0.003274631,0.317790306,0.000654475,-0.166261647
10.570000172,4.523154996,0.702523238,-0.011575444,4.521326035,0.560090783,0.000000000,4.583951523,0.553614767,-0.316905368,4.520415903,0.560183827,0.000000000,1.912586637,0.111692324,0.001821919,1.909934869,0.111769381,0.000000000,-179.310038409,-4.239447163,6.120636736,-178.542981468,-4.086098691,5.729577951,-0.001828961,-0.063535619,-0.002651768,0.767056941,-0.142432455,0.006569060,0.000077057,0.153348472,0.011575444,0.316905368,-0.001821919,-0.391058785
10.590000153,4.537200436,0.701998351,-0.026244384,4.532518818,0.560090783,0.000000000,4.594957584,0.547313301,-0.315073322,4.531610546,0.560183827,0.000000000,1.914820370,0.111679118,-0.000660281,1.912168454,0.111769381,0.000000000,-179.393542547,-4.121061679,5.919274153,-178.662891436,-3.914349945,5.729577951,-0.004681618,-0.063347038,-0.002651916,0.730651112,-0.141907567,0.012870526,0.000090263,0.206711734,0.026244384,0.315073322,0.000660281,-0.189696202
10.610000134,4.551232300,0.701180536,-0.040890727,4.543716660,0.560090783,0.000000000,4.605838076,0.541057510,-0.312789527,4.542810248,0.560183827,0.000000000,1.917054068,0.111691495,0.000618825,1.914403049,0.111769381,0.000000000,-179.474620530,-4.000023768,6.051895597,-178.662891436,-3.914349945,5.729577951,-0.007515640,-0.063027827,-0.002651019,0.811729094,-0.141089753,0.019126316,0.000077886,0.085673823,0.040890727,0.312789527,-0.000618825,-0.322317645
10.630000114,4.565244757,0.700072725,-0.055390573,4.554919561,0.560090783,0.000000000,4.616594050,0.534860779,-0.309836562,4.554015010,0.560183827,0.000000000,1.919288274,0.111728478,0.001849177,1.916638653,0.111769381,0.000000000,-179.553203719,-3.876259911,6.188192834,-178.814896044,-3.685144636,5.729577951,-0.010325196,-0.062579040,-0.002649621,0.738307675,-0.139981941,0.025323048,0.000040903,0.191115275,0.055390573,0.309836562,-0.001849177,-0.458614882
10.650000095,4.579232061,0.698680250,-0.069623730,4.566117702,0.560090783,0.000000000,4.627226862,0.528739921,-0.306042925,4.565215011,0.560183827,0.000000000,1.921522778,0.111720107,-0.000418561,1.918873307,0.111769381,0.000000000,-179.629300518,-3.756934580,5.966266541,-178.814896044,-3.685144636,5.729577951,-0.013114359,-0.062011851,-0.002649471,0.814404474,-0.138589467,0.031443906,0.000049274,0.071789944,0.069623730,0.306042925,0.000418561,-0.236688590
10.670000076,4.593188540,0.697004941,-0.083765430,4.577311084,0.560090783,0.000000000,4.637738120,0.522702949,-0.301848569,4.576410253,0.560183827,0.000000000,1.923757565,0.111759170,0.001953132,1.921107012,0.111769381,0.000000000,-179.702896072,-3.632247271,6.234365440,-178.922792721,-3.513386706,5.729577951,-0.015877456,-0.061327867,-0.002650553,0.780103350,-0.136914158,0.037480878,0.000010211,0.118860565,0.083765430,0.301848569,-0.001953132,-0.504787489
10.690000057,4.607108612,0.695054316,-0.097531278,4.588504059,0.560090783,0.000000000,4.648129681,0.516767556,-0.296769678,4.587605087,0.560183827,0.000000000,1.925992679,0.111750216,-0.000447669,1.923340635,0.111769381,0.000000000,-179.773977827,-3.513017851,5.961471018,-179.025536891,-3.341635032,5.729577951,-0.018604553,-0.060524594,-0.002652044,0.748440936,-0.134963533,0.043416271,0.000019165,0.171382818,0.097531278,0.296769678,0.000447669,-0.231893067
10.710000038,4.620986804,0.692831354,-0.111148088,4.599706329,0.560090783,0.000000000,4.658403670,0.510941922,-0.291281678,4.598809218,0.560183827,0.000000000,1.928227830,0.111765517,0.000765018,1.925576114,0.111769381,0.000000000,-179.842570681,-3.390860838,6.107850666,-179.025536891,-3.341635032,5.729577951,-0.021280475,-0.059594451,-0.002651717,0.817033791,-0.132740571,0.049241905,0.000003864,0.049225805,0.111148088,0.291281678,-0.000765018,-0.378272715
10.730000019,4.634817730,0.690342024,-0.124466509,4.610917896,0.560090783,0.000000000,4.668562405,0.505238187,-0.285186779,4.610022648,0.560183827,0.000000000,1.930463537,0.111804366,0.001942480,1.927813447,0.111769381,0.000000000,-179.908600926,-3.265721571,6.256963320,-179.154727002,-3.112252411,5.729577951,-0.023899834,-0.058539757,-0.002650090,0.753873925,-0.130251241,0.054945640,-0.000034985,0.153469161,0.124466509,0.285186779,-0.001942480,-0.527385369
10.750000000,4.648596151,0.687595113,-0.137345537,4.622122222,0.560090783,0.000000000,4.678608484,0.499671511,-0.278333781,4.621228835,0.560183827,0.000000000,1.932699589,0.111798913,-0.000272663,1.930049336,0.111769381,0.000000000,-179.972092121,-3.146375394,5.967308834,-179.154727002,-3.112252411,5.729577951,-0.026473929,-0.057379649,-0.002650254,0.817365120,-0.127504330,0.060512316,-0.000029532,0.034122984,0.137345537,0.278333781,0.000272663,-0.237730883
10.769999981,4.662316962,0.684594682,-0.150021557,4.633319308,0.560090783,0.000000000,4.688544724,0.494248755,-0.271137779,4.632427781,0.560183827,0.000000000,1.934935967,0.111839341,0.002021379,1.932283780,0.111769381,0.000000000,-180.033039466,-3.020877083,6.274915579,-179.245479018,-2.940437649,5.729577951,-0.028997654,-0.056116943,-0.002652188,0.787560448,-0.124503899,0.065935072,-0.000069960,0.080439434,0.150021557,0.271137779,-0.002021379,-0.545337628
10.789999962,4.675975203,0.681351703,-0.162148960,4.644508306,0.560090783,0.000000000,4.698374165,0.488985563,-0.263159605,4.643618638,0.560183827,0.000000000,1.937172708,0.111832653,-0.000334361,1.934516609,0.111769381,0.000000000,-180.091439469,-2.902257611,5.930973612,-179.331018795,-2.768746995,5.729577951,-0.031466897,-0.054755527,-0.002656099,0.760420674,-0.121260920,0.071198264,-0.000063272,0.133510616,0.162148960,0.263159605,0.000334361,-0.201395660
10.809999943,4.689566080,0.677871373,-0.174016472,4.655705073,0.560090783,0.000000000,4.708100073,0.483888667,-0.254844805,4.654817265,0.560183827,0.000000000,1.939409523,0.111849323,0.000833462,1.936750989,0.111769381,0.000000000,-180.147334971,-2.780454736,6.090143738,-179.331018795,-2.768746995,5.729577951,-0.033861007,-0.053282808,-0.002658534,0.816316176,-0.117780590,0.076295160,-0.000079942,0.011707741,0.174016472,0.254844805,-0.000833462,-0.360565786
10.830000162,4.703084934,0.674162294,-0.185453990,4.666909743,0.560090783,0.000000000,4.717725880,0.478968321,-0.246017302,4.666023796,0.560183827,0.000000000,1.941646912,0.111888745,0.001971110,1.938986947,0.111769381,0.000000000,-180.200649263,-2.655435302,6.250971701,-179.437210291,-2.539506845,5.729577951,-0.036175191,-0.051702083,-0.002659966,0.763438972,-0.114071510,0.081215506,-0.000119364,0.115928457,0.185453990,0.246017302,-0.001971110,-0.521393749
10.850000143,4.716527310,0.670236194,-0.196304967,4.678114458,0.560090783,0.000000000,4.727255251,0.474237345,-0.236548824,4.677230372,0.560183827,0.000000000,1.943884662,0.111884230,-0.000225721,1.941222913,0.111769381,0.000000000,-180.251422085,-2.537527196,5.895405286,-179.437210291,-2.539506845,5.729577951,-0.038412852,-0.050024878,-0.002661749,0.814211794,-0.110145411,0.085946482,-0.000114849,-0.001979648,0.196304967,0.236548824,0.000225721,-0.165827335
10.870000124,4.729888934,0.666098989,-0.206860239,4.689319351,0.560090783,0.000000000,4.736692033,0.469700936,-0.226820452,4.688437127,0.560183827,0.000000000,1.946122746,0.111924535,0.002015254,1.943458914,0.111769381,0.000000000,-180.299659688,-2.412703441,6.241187758,-179.510836698,-2.367572289,5.729577951,-0.040569583,-0.048254906,-0.002663831,0.788822990,-0.106008206,0.090482891,-0.000155154,0.045131152,0.206860239,0.226820452,-0.002015254,-0.511609806
10.890000105,4.743165723,0.661764499,-0.216724512,4.700521674,0.560090783,0.000000000,4.746040248,0.465372018,-0.216445886,4.699641311,0.560183827,0.000000000,1.948361191,0.111917890,-0.000332286,1.945694403,0.111769381,0.000000000,-180.345368266,-2.296121470,5.829098539,-179.579288540,-2.195677164,5.729577951,-0.042644050,-0.046398938,-0.002666788,0.766079726,-0.101673716,0.094811809,-0.000148509,0.100444307,0.216724512,0.216445886,0.000332286,-0.099520588
10.910000086,4.756353809,0.657239673,-0.226241304,4.711723540,0.560090783,0.000000000,4.755304104,0.461255382,-0.205831809,4.710845038,0.560183827,0.000000000,1.950599706,0.111934063,0.000808644,1.947929801,0.111769381,0.000000000,-180.388608144,-2.176063461,6.002900454,-179.579288540,-2.195677164,5.729577951,-0.044630269,-0.044459066,-0.002669904,0.809319604,-0.097148890,0.098928445,-0.000164682,-0.019613702,0.226241304,0.205831809,-0.000808644,-0.273322503
10.930000067,4.769449494,0.652535175,-0.235224914,4.722924951,0.560090783,0.000000000,4.764487925,0.457358864,-0.194825907,4.722048309,0.560183827,0.000000000,1.952838781,0.111972664,0.001930091,1.950165108,0.111769381,0.000000000,-180.429299357,-2.052486241,6.178861024,-179.662529117,-1.966502342,5.729577951,-0.046524543,-0.042439616,-0.002673673,0.766770240,-0.092444392,0.102824963,-0.000203283,0.085983899,0.235224914,0.194825907,-0.001930091,-0.449283073
10.950000048,4.782449329,0.647665027,-0.243507368,4.734126204,0.560090783,0.000000000,4.773596219,0.453692396,-0.183323407,4.733251423,0.560183827,0.000000000,1.955078198,0.111967064,-0.000280020,1.952400383,0.111769381,0.000000000,-180.467496353,-1.937250094,5.761807332,-179.662529117,-1.966502342,5.729577951,-0.048323125,-0.040344796,-0.002677815,0.804967236,-0.087574244,0.106491431,-0.000197683,-0.029252248,0.243507368,0.183323407,0.000280020,-0.032229381
10.970000029,4.795350081,0.642636486,-0.251427083,4.745327300,0.560090783,0.000000000,4.782633623,0.450259122,-0.171663699,4.744454380,0.560183827,0.000000000,1.957317924,0.112005984,0.001946008,1.954635627,0.111769381,0.000000000,-180.503214916,-1.814263830,6.149313225,-179.718942419,-1.794626044,5.729577951,-0.050022781,-0.038179243,-0.002682297,0.784272497,-0.082545703,0.109924705,-0.000236603,0.019637785,0.251427083,0.171663699,-0.001946008,-0.419735274
10.990000010,4.808148745,0.637465497,-0.258549454,4.756525138,0.560090783,0.000000000,4.791604900,0.447068750,-0.159518585,4.755654078,0.560183827,0.000000000,1.959557979,0.111997451,-0.000426639,1.956870221,0.111769381,0.000000000,-180.536469041,-1.700781036,5.674139702,-179.770185603,-1.622799743,5.729577951,-0.051623607,-0.035950822,-0.002687758,0.766283438,-0.077374714,0.113115077,-0.000228070,0.077981292,0.258549454,0.159518585,0.000426639,0.055438249
11.009999990,4.820842561,0.632160197,-0.265265009,4.767729964,0.560090783,0.000000000,4.800514941,0.444123792,-0.147247906,4.766860765,0.560183827,0.000000000,1.961798063,0.112011535,0.000704179,1.959106209,0.111769381,0.000000000,-180.567334135,-1.583448008,5.866651396,-179.770185603,-1.622799743,5.729577951,-0.053112598,-0.033654176,-0.002691853,0.797148532,-0.072069413,0.116060035,-0.000242154,-0.039351735,0.265265009,0.147247906,-0.000704179,-0.137073444
11.029999971,4.833428968,0.626732651,-0.271377257,4.778941777,0.560090783,0.000000000,4.809368703,0.441429304,-0.134724369,4.778074441,0.560183827,0.000000000,1.964038666,0.112048014,0.001823970,1.961343592,0.111769381,0.000000000,-180.595725158,-1.462209517,6.061924532,-179.830563680,-1.393412073,5.729577951,-0.054487191,-0.031294262,-0.002695074,0.765161479,-0.066641868,0.118754523,-0.000278633,0.068797444,0.271377257,0.134724369,-0.001823970,-0.332346581
11.049999952,4.845905681,0.621198419,-0.276711633,4.790142138,0.560090783,0.000000000,4.818171269,0.438991947,-0.121867863,4.789276663,0.560183827,0.000000000,1.966279559,0.112039443,-0.000428580,1.963578689,0.111769381,0.000000000,-180.621708351,-1.350426993,5.589126197,-179.830563680,-1.393412073,5.729577951,-0.055763542,-0.028894606,-0.002700869,0.791144672,-0.061107636,0.121191880,-0.000270062,-0.042985080,0.276711633,0.121867863,0.000428580,0.140451754
11.070000172,4.858270654,0.615565489,-0.281646484,4.801331181,0.560090783,0.000000000,4.826927791,0.436812570,-0.108968849,4.800467564,0.560183827,0.000000000,1.968520707,0.112075968,0.001826283,1.965811528,0.111769381,0.000000000,-180.645305468,-1.229916187,6.025540282,-179.869745796,-1.221721420,5.729577951,-0.056939474,-0.026460227,-0.002709179,0.775559671,-0.055474706,0.123371257,-0.000306587,0.008194768,0.281646484,0.108968849,-0.001826283,-0.295962331
11.090000153,4.870522091,0.609851134,-0.285717766,4.812548935,0.560090783,0.000000000,4.835643493,0.434897345,-0.095761243,4.811687182,0.560183827,0.000000000,1.970762125,0.112063978,-0.000599534,1.968050096,0.111769381,0.000000000,-180.666534413,-1.120045833,5.493517696,-179.903863937,-1.049589508,5.729577951,-0.057973156,-0.023956311,-0.002712029,0.762670476,-0.049760351,0.125286482,-0.000294597,0.070456325,0.285717766,0.095761243,0.000599534,0.236060256
11.110000134,4.882658459,0.604064046,-0.289354376,4.823756800,0.560090783,0.000000000,4.844323663,0.433246330,-0.082550739,4.822896909,0.560183827,0.000000000,1.973003506,0.112074809,0.000541581,1.970286691,0.111769381,0.000000000,-180.685481641,-1.005827151,5.710934115,-179.903863937,-1.049589508,5.729577951,-0.058901659,-0.021426754,-0.002716814,0.781617704,-0.043973263,0.126937497,-0.000305428,-0.043762357,0.289354376,0.082550739,-0.000541581,0.018643836
11.130000114,4.894678433,0.598216967,-0.292353956,4.834954776,0.560090783,0.000000000,4.852973606,0.431861611,-0.069235947,4.834096745,0.560183827,0.000000000,1.975245345,0.112108600,0.001689554,1.972521313,0.111769381,0.000000000,-180.702052986,-0.887146194,5.934047854,-179.941252606,-0.820484949,5.729577951,-0.059723657,-0.018876861,-0.002724033,0.760800380,-0.038126184,0.128322215,-0.000339219,0.066661245,0.292353956,0.069235947,-0.001689554,-0.204469903
11.150000095,4.906580983,0.592326178,-0.294539468,4.846152651,0.560090783,0.000000000,4.861598681,0.430746383,-0.055761434,4.845296481,0.560183827,0.000000000,1.977487418,0.112096483,-0.000605861,1.974755914,0.111769381,0.000000000,-180.716322486,-0.778977687,5.408425357,-179.941252606,-0.820484949,5.729577951,-0.060428332,-0.016302200,-0.002731504,0.775069881,-0.032235395,0.129437444,-0.000327102,-0.041507262,0.294539468,0.055761434,0.000605861,0.321152594
11.170000076,4.918365327,0.586399914,-0.296313175,4.857350426,0.560090783,0.000000000,4.870204266,0.429899245,-0.042356882,4.856496115,0.560183827,0.000000000,1.979729676,0.112130121,0.001681867,1.976990495,0.111769381,0.000000000,-180.728313023,-0.660928284,5.902470161,-179.963281824,-0.648659621,5.729577951,-0.061014901,-0.013708151,-0.002739181,0.765031199,-0.026309131,0.130284582,-0.000360740,0.012268662,0.296313175,0.042356882,-0.001681867,-0.172892210
11.190000057,4.930030934,0.580455855,-0.297202982,4.868554746,0.560090783,0.000000000,4.878795749,0.429322655,-0.028829505,4.867702297,0.560183827,0.000000000,1.981972142,0.112114215,-0.000795290,1.979226382,0.111769381,0.000000000,-180.738043418,-0.554628700,5.314979190,-179.980166500,-0.476733849,5.729577951,-0.061476188,-0.011093452,-0.002745760,0.757876917,-0.020365071,0.130861172,-0.000344834,0.077894851,0.297202982,0.028829505,0.000795290,0.414598762
11.210000038,4.941577547,0.574502754,-0.297655025,4.879758502,0.560090783,0.000000000,4.887378520,0.429014324,-0.015416569,4.878907914,0.560183827,0.000000000,1.984214482,0.112121033,0.000340887,1.981462157,0.111769381,0.000000000,-180.745604562,-0.443179371,5.572466468,-179.980166500,-0.476733849,5.729577951,-0.061819045,-0.008470605,-0.002752324,0.765438061,-0.014411971,0.131169503,-0.000351652,-0.033554478,0.297655025,0.015416569,-0.000340887,0.157111483
11.230000019,4.953005114,0.568553163,-0.297479540,4.890961694,0.560090783,0.000000000,4.895957931,0.428973249,-0.002053738,4.890112967,0.560183827,0.000000000,1.986457215,0.112151897,0.001543214,1.983697820,0.111769381,0.000000000,-180.750889350,-0.326657984,5.826069302,-179.994653408,-0.247522576,5.729577951,-0.062043420,-0.005844964,-0.002759395,0.756235941,-0.008462380,0.131210578,-0.000382516,0.079135409,0.297479540,0.002053738,-0.001543214,-0.096491351
11.250000000,4.964313875,0.562623398,-0.296488291,4.902164266,0.560090783,0.000000000,4.904539328,0.429199172,0.011296134,4.901317400,0.560183827,0.000000000,1.988700044,0.112132041,-0.000992802,1.985933358,0.111769381,0.000000000,-180.753986492,-0.222061947,5.229801897,-179.994653408,-0.247522576,5.729577951,-0.062149609,-0.003221928,-0.002766685,0.759333084,-0.002532614,0.130984655,-0.000362660,-0.025460629,0.296488291,-0.011296134,0.000992802,0.499776054
11.269999981,4.975504309,0.556720761,-0.295131844,4.913366219,0.560090783,0.000000000,4.913128008,0.429688134,0.024448135,4.912521214,0.560183827,0.000000000,1.990942990,0.112163301,0.001563012,1.988168773,0.111769381,0.000000000,-180.754895311,-0.105515399,5.827327392,-179.999500804,-0.075633134,5.729577951,-0.062138090,-0.000606793,-0.002774217,0.755394508,0.003370023,0.130495693,-0.000393920,0.029882264,0.295131844,-0.024448135,-0.001563012,-0.097749440
11.289999962,4.986577130,0.550862408,-0.292917632,4.924575758,0.560090783,0.000000000,4.921729228,0.430439582,0.037572377,4.923732615,0.560183827,0.000000000,1.993186074,0.112142876,-0.001021262,1.990405702,0.111769381,0.000000000,-180.753638394,-0.001970343,5.177252782,-180.000000000,0.000000000,0.000000000,-0.062001371,0.002003388,-0.002780372,0.753638394,0.009228375,0.129744245,-0.000373495,0.001970343,0.292917632,-0.037572377,0.001021262,-5.177252782
11.309999943,4.997533319,0.545056466,-0.290297099,4.935781609,0.560090783,0.000000000,4.930348190,0.431448723,0.050457072,4.934940328,0.560183827,0.000000000,1.995428975,0.112147608,0.000236594,1.992641895,0.111769381,0.000000000,-180.750304239,0.107681385,5.482586411,-180.000000000,0.000000000,0.000000000,-0.061751709,0.004592139,-0.002787080,0.750304239,0.015034317,0.128735104,-0.000378227,-0.107681385,0.290297099,-0.050457072,-0.000236594,-5.482586411
11.330000162,5.008374040,0.539314572,-0.287094701,4.946983906,0.560090783,0.000000000,4.938990010,0.432712017,0.063164703,4.946144485,0.560183827,0.000000000,1.997672243,0.112177725,0.001505856,1.994877379,0.111769381,0.000000000,-180.744892938,0.211155456,5.173703550,-180.000000000,0.000000000,0.000000000,-0.061390134,0.007154476,-0.002794864,0.744892938,0.020776211,0.127471810,-0.000408344,-0.211155456,0.287094701,-0.063164703,-0.001505856,-5.173703550
11.350000143,5.019100736,0.533652234,-0.283116895,4.958180099,0.560090783,0.000000000,4.947659734,0.434225795,0.075688889,4.957342539,0.560183827,0.000000000,1.999915564,0.112154779,-0.001147280,1.997111644,0.111769381,0.000000000,-180.737608862,0.301891200,4.536787184,-180.000000000,0.000000000,0.000000000,-0.060920636,0.009682805,-0.002803920,0.737608862,0.026438549,0.125958032,-0.000385398,-0.301891200,0.283116895,-0.075688889,0.001147280,-4.536787184
11.370000124,5.029715075,0.528076465,-0.278788434,4.969370324,0.560090783,0.000000000,4.956362307,0.435983926,0.087906558,4.968534623,0.560183827,0.000000000,2.002158972,0.112185651,0.001543580,1.999344719,0.111769381,0.000000000,-180.728752786,0.376365144,3.723697228,-180.000000000,0.000000000,0.000000000,-0.060344751,0.012172316,-0.002814253,0.728752786,0.032014318,0.124199901,-0.000416270,-0.376365144,0.278788434,-0.087906558,-0.001543580,-3.723697228
11.390000105,5.040218969,0.522603999,-0.273623297,4.980582561,0.560090783,0.000000000,4.965102576,0.437982332,0.099920287,4.979748722,0.560183827,0.000000000,2.004402389,0.112157536,-0.001405760,2.001582186,0.111769381,0.000000000,-180.718633652,0.437122274,3.037856503,-180.000000000,0.000000000,0.000000000,-0.059636408,0.014646146,-0.002820203,0.718633652,0.037486784,0.122201495,-0.000388155,-0.437122274,0.273623297,-0.099920287,0.001405760,-3.037856503
11.410000086,5.050614543,0.517240704,-0.268164754,4.991786410,0.560090783,0.000000000,4.973885273,0.440214115,0.111589137,4.990954432,0.560183827,0.000000000,2.006645567,0.112160178,0.000132101,2.003817979,0.111769381,0.000000000,-180.707531320,0.484163688,2.352070667,-180.000000000,0.000000000,0.000000000,-0.058828133,0.017069159,-0.002827587,0.707531320,0.042850079,0.119969712,-0.000390797,-0.484163688,0.268164754,-0.111589137,-0.000132101,-2.352070667
11.430000067,5.060904089,0.511996977,-0.262186360,5.002981872,0.560090783,0.000000000,4.982715005,0.442673375,0.122962994,5.002151754,0.560183827,0.000000000,2.008889071,0.112188900,0.001436102,2.006052099,0.111769381,0.000000000,-180.695697885,0.519487873,1.766209260,-180.000000000,0.000000000,0.000000000,-0.057922217,0.019436750,-0.002836972,0.695697885,0.048093806,0.117510452,-0.000419519,-0.519487873,0.262186360,-0.122962994,-0.001436102,-1.766209260
11.450000048,5.071090135,0.506885815,-0.255558110,5.014178853,0.560090783,0.000000000,4.991596257,0.445353882,0.134025350,5.013350596,0.560183827,0.000000000,2.011132582,0.112162610,-0.001314466,2.008286522,0.111769381,0.000000000,-180.683338055,0.546516619,1.351437303,-180.000000000,0.000000000,0.000000000,-0.056911282,0.021754339,-0.002846060,0.683338055,0.053204968,0.114829945,-0.000393229,-0.546516619,0.255558110,-0.134025350,0.001314466,-1.351437303
11.470000029,5.081175388,0.501912102,-0.248685658,5.025377353,0.560090783,0.000000000,5.000533376,0.448248280,0.144719943,5.024550956,0.560183827,0.000000000,2.013376163,0.112194052,0.001572069,2.010521248,0.111769381,0.000000000,-180.670634651,0.564204745,0.884406322,-180.000000000,0.000000000,0.000000000,-0.055798035,0.024017580,-0.002854916,0.670634651,0.058178681,0.111935547,-0.000424671,-0.564204745,0.248685658,-0.144719943,-0.001572069,-0.884406322
11.490000010,5.091162740,0.497089630,-0.241123578,5.036589208,0.560090783,0.000000000,5.009530569,0.451349669,0.155069422,5.035764673,0.560183827,0.000000000,2.015619713,0.112162589,-0.001573157,2.012758639,0.111769381,0.000000000,-180.657733740,0.576578274,0.618676409,-180.000000000,0.000000000,0.000000000,-0.054573532,0.026234104,-0.002861074,0.657733740,0.063001153,0.108834158,-0.000393208,-0.576578274,0.241123578,-0.155069422,0.001573157,-0.618676409
11.509999990,5.101055262,0.492422631,-0.233349970,5.047793568,0.560090783,0.000000000,5.018591892,0.454650010,0.165017071,5.046970894,0.560183827,0.000000000,2.017862975,0.112163606,0.000050870,2.014994534,0.111769381,0.000000000,-180.644753823,0.582844094,0.313291019,-180.000000000,0.000000000,0.000000000,-0.053261695,0.028379002,-0.002868441,0.644753823,0.067668152,0.105533817,-0.000394225,-0.582844094,0.233349970,-0.165017071,-0.000050870,-0.313291019
11.529999971,5.110856152,0.487919572,-0.225152946,5.058990433,0.560090783,0.000000000,5.027721243,0.458141592,0.174579065,5.058169619,0.560183827,0.000000000,2.020106549,0.112192222,0.001430801,2.017228934,0.111769381,0.000000000,-180.631799085,0.584302466,0.072918584,-180.000000000,0.000000000,0.000000000,-0.051865719,0.030448376,-0.002877615,0.631799085,0.072171211,0.102042235,-0.000422841,-0.584302466,0.225152946,-0.174579065,-0.001430801,-0.072918584
11.549999952,5.120568807,0.483591640,-0.216396572,5.070193661,0.560090783,0.000000000,5.036922358,0.461815925,0.183716652,5.069374709,0.560183827,0.000000000,2.022350074,0.112161941,-0.001514029,2.019464604,0.111769381,0.000000000,-180.618945186,0.583262767,-0.051984916,-180.000000000,0.000000000,0.000000000,-0.050375145,0.032452351,-0.002885471,0.618945186,0.076499143,0.098367902,-0.000392560,-0.583262767,0.216396572,-0.183716652,0.001514029,0.051984916
11.570000172,5.130196760,0.479441782,-0.207492935,5.081403387,0.560090783,0.000000000,5.046198809,0.465664934,0.192450479,5.080586297,0.560183827,0.000000000,2.024593643,0.112193470,0.001576416,2.021701570,0.111769381,0.000000000,-180.606255944,0.578245913,-0.250842734,-180.000000000,0.000000000,0.000000000,-0.048793373,0.034387488,-0.002892073,0.606255944,0.080649001,0.094518893,-0.000424089,-0.578245913,0.207492935,-0.192450479,-0.001576416,0.250842734
11.590000153,5.139743700,0.475481896,-0.197994309,5.092604131,0.560090783,0.000000000,5.055553991,0.469679326,0.200719580,5.091788902,0.560183827,0.000000000,2.026837151,0.112159169,-0.001715038,2.023936744,0.111769381,0.000000000,-180.593778350,0.572351856,-0.294702826,-180.000000000,0.000000000,0.000000000,-0.047139569,0.036234911,-0.002900408,0.593778350,0.084608888,0.090504501,-0.000389788,-0.572351856,0.197994309,-0.200719580,0.001715038,0.294702826
11.610000134,5.149213455,0.471714705,-0.188359534,5.103803345,0.560090783,0.000000000,5.064991119,0.473850084,0.208537898,5.102989976,0.560183827,0.000000000,2.029080335,0.112159299,0.000006479,2.026171612,0.111769381,0.000000000,-180.581545783,0.564062334,-0.414476106,-180.000000000,0.000000000,0.000000000,-0.045410111,0.037998856,-0.002908723,0.581545783,0.088376078,0.086333743,-0.000389917,-0.564062334,0.188359534,-0.208537898,-0.000006479,0.414476106
11.630000114,5.158609950,0.468146903,-0.178390112,5.115001026,0.560090783,0.000000000,5.074513222,0.478167943,0.215892956,5.114189517,0.560183827,0.000000000,2.031323824,0.112188195,0.001444803,2.028406174,0.111769381,0.000000000,-180.569592117,0.554059239,-0.500154764,-180.000000000,0.000000000,0.000000000,-0.043608924,0.039676295,-0.002917649,0.569592117,0.091943881,0.082015884,-0.000418814,-0.554059239,0.178390112,-0.215892956,-0.001444803,0.500154764
11.650000095,5.167937265,0.464787345,-0.167977877,5.126194416,0.560090783,0.000000000,5.084123135,0.482622619,0.222733785,5.125384767,0.560183827,0.000000000,2.033567247,0.112155856,-0.001616945,2.030639881,0.111769381,0.000000000,-180.557931168,0.544211358,-0.492394033,-180.000000000,0.000000000,0.000000000,-0.041742849,0.041261632,-0.002927366,0.557931168,0.095303438,0.077561208,-0.000386475,-0.544211358,0.167977877,-0.222733785,0.001616945,0.492394033
11.670000076,5.177199583,0.461637483,-0.157493117,5.137383515,0.560090783,0.000000000,5.093823502,0.487205302,0.229134147,5.136575725,0.560183827,0.000000000,2.035810705,0.112188386,0.001626505,2.032872731,0.111769381,0.000000000,-180.546575439,0.532577796,-0.581678085,-180.000000000,0.000000000,0.000000000,-0.039816067,0.042752223,-0.002937974,0.546575439,0.098453300,0.072978525,-0.000419005,-0.532577796,0.157493117,-0.229134147,-0.001626505,0.581678085
11.690000057,5.186401194,0.458706515,-0.146548389,5.148602500,0.560090783,0.000000000,5.103616767,0.491904891,0.234979453,5.147796573,0.560183827,0.000000000,2.038054093,0.112152305,-0.001804043,2.035111544,0.111769381,0.000000000,-180.535528240,0.521879839,-0.534897881,-180.000000000,0.000000000,0.000000000,-0.037798693,0.044179806,-0.002942548,0.535528240,0.101384268,0.068278936,-0.000382924,-0.521879839,0.146548389,-0.234979453,0.001804043,0.534897881
11.710000038,5.195546487,0.455995414,-0.135555048,5.159809738,0.560090783,0.000000000,5.113505168,0.496711727,0.240341841,5.159005673,0.560183827,0.000000000,2.040297137,0.112152233,-0.000003581,2.037348014,0.111769381,0.000000000,-180.524785864,0.510318853,-0.578049284,-180.000000000,0.000000000,0.000000000,-0.035736750,0.045500505,-0.002949123,0.524785864,0.104095369,0.063472100,-0.000382852,-0.510318853,0.135555048,-0.240341841,0.000003581,0.578049284
11.730000019,5.204639906,0.453508554,-0.124342981,5.171005228,0.560090783,0.000000000,5.123490740,0.501615530,0.245190110,5.170203023,0.560183827,0.000000000,2.042540499,0.112182527,0.001514705,2.039582139,0.111769381,0.000000000,-180.514352333,0.498312338,-0.600325779,-180.000000000,0.000000000,0.000000000,-0.033634679,0.046712282,-0.002958359,0.514352333,0.106582229,0.058568297,-0.000413146,-0.498312338,0.124342981,-0.245190110,-0.001514705,0.600325779
11.750000000,5.213686001,0.451251996,-0.112827933,5.182200807,0.560090783,0.000000000,5.133575304,0.506604795,0.249463289,5.181400462,0.560183827,0.000000000,2.044783798,0.112149159,-0.001668444,2.041816282,0.111769381,0.000000000,-180.504215370,0.487450608,-0.543086460,-180.000000000,0.000000000,0.000000000,-0.031485194,0.047825158,-0.002967515,0.504215370,0.108838787,0.053579032,-0.000379777,-0.487450608,0.112827933,-0.249463289,0.001668444,0.543086460
11.769999981,5.222689375,0.449225456,-0.101327013,5.193396475,0.560090783,0.000000000,5.143760472,0.511670442,0.253282309,5.192597990,0.560183827,0.000000000,2.047027141,0.112183543,0.001719215,2.044050443,0.111769381,0.000000000,-180.494366289,0.475705621,-0.587249365,-180.000000000,0.000000000,0.000000000,-0.029292900,0.048837517,-0.002976698,0.494366289,0.110865328,0.048513385,-0.000414162,-0.475705621,0.101327013,-0.253282309,-0.001719215,0.587249365
11.789999962,5.231654694,0.447435010,-0.089522290,5.204615516,0.560090783,0.000000000,5.154047645,0.516800277,0.256491745,5.203818894,0.560183827,0.000000000,2.049270424,0.112146674,-0.001843442,2.046289268,0.111769381,0.000000000,-180.484790770,0.465500310,-0.510265560,-180.000000000,0.000000000,0.000000000,-0.027039178,0.049771249,-0.002981156,0.484790770,0.112655773,0.043383550,-0.000377293,-0.465500310,0.089522290,-0.256491745,0.001843442,0.510265560
11.809999943,5.240586671,0.445879771,-0.077761937,5.215820981,0.560090783,0.000000000,5.164438004,0.521984468,0.259209589,5.215026221,0.560183827,0.000000000,2.051513365,0.112147484,0.000040516,2.048525384,0.111769381,0.000000000,-180.475470596,0.455023618,-0.523834578,-180.000000000,0.000000000,0.000000000,-0.024765690,0.050588216,-0.002987981,0.475470596,0.114211012,0.038199359,-0.000378103,-0.455023618,0.077761937,-0.259209589,-0.000040516,0.523834578
11.830000162,5.249490030,0.444561656,-0.065905748,5.227013003,0.560090783,0.000000000,5.174932523,0.527212295,0.261391321,5.226220102,0.560183827,0.000000000,2.053756654,0.112179940,0.001622770,2.050758817,0.111769381,0.000000000,-180.466398798,0.444568711,-0.522745360,-180.000000000,0.000000000,0.000000000,-0.022477027,0.051287579,-0.002997837,0.466398798,0.115529127,0.032971532,-0.000410559,-0.444568711,0.065905748,-0.261391321,-0.001622770,0.522745360
11.850000143,5.258369548,0.443483744,-0.053895605,5.238212740,0.560090783,0.000000000,5.185531948,0.532471726,0.262971572,5.237421699,0.560183827,0.000000000,2.055999901,0.112146501,-0.001671916,2.052993790,0.111769381,0.000000000,-180.457553888,0.435498420,-0.453514561,-180.000000000,0.000000000,0.000000000,-0.020156808,0.051889752,-0.003006111,0.457553888,0.116607039,0.027712101,-0.000377120,-0.435498420,0.053895605,-0.262971572,0.001671916,0.453514561
11.870000124,5.267230008,0.442644080,-0.041983202,5.249420326,0.560090783,0.000000000,5.196236817,0.537753795,0.264103434,5.248631148,0.560183827,0.000000000,2.058243217,0.112183315,0.001840672,2.055230329,0.111769381,0.000000000,-180.448920349,0.425903126,-0.479764699,-180.000000000,0.000000000,0.000000000,-0.017809681,0.052394331,-0.003012887,0.448920349,0.117446703,0.022430032,-0.000413934,-0.425903126,0.041983202,-0.264103434,-0.001840672,0.479764699
11.890000105,5.276076206,0.442045482,-0.029929919,5.260616934,0.560090783,0.000000000,5.207047451,0.543045955,0.264608028,5.259829615,0.560183827,0.000000000,2.060486495,0.112146485,-0.001841513,2.057464678,0.111769381,0.000000000,-180.440478886,0.417883699,-0.400971353,-180.000000000,0.000000000,0.000000000,-0.015459273,0.052782164,-0.003021818,0.440478886,0.118045302,0.017137872,-0.000377104,-0.417883699,0.029929919,-0.264608028,0.001841513,0.400971353
11.910000086,5.284912938,0.441685281,-0.018010024,5.271813698,0.560090783,0.000000000,5.217963952,0.548338600,0.264632233,5.271028239,0.560183827,0.000000000,2.062729449,0.112148813,0.000116428,2.059699057,0.111769381,0.000000000,-180.432207959,0.409777497,-0.405310110,-180.000000000,0.000000000,0.000000000,-0.013099240,0.053064287,-0.003030391,0.432207959,0.118405502,0.011845227,-0.000379432,-0.409777497,0.018010024,-0.264632233,-0.000116428,0.405310110
11.930000067,5.293744964,0.441562949,-0.006116619,5.283010619,0.560090783,0.000000000,5.228986216,0.553621109,0.264125432,5.282227020,0.560183827,0.000000000,2.064972789,0.112183613,0.001739976,2.061933468,0.111769381,0.000000000,-180.424098808,0.401806481,-0.398550758,-180.000000000,0.000000000,0.000000000,-0.010734345,0.053240804,-0.003039321,0.424098808,0.118527835,0.006562718,-0.000414232,-0.401806481,0.006116619,-0.264125432,-0.001739976,0.398550758
11.950000048,5.302577044,0.441678561,0.005780605,5.294216378,0.560090783,0.000000000,5.240113917,0.558881603,0.263024706,5.293434641,0.560183827,0.000000000,2.067216114,0.112150577,-0.001651786,2.064169643,0.111769381,0.000000000,-180.416129464,0.395094818,-0.335583170,-180.000000000,0.000000000,0.000000000,-0.008360667,0.053320724,-0.003046471,0.416129464,0.118412222,0.001302224,-0.000381196,-0.395094818,-0.005780605,-0.263024706,0.001651786,0.335583170
11.970000029,5.311413902,0.442028605,0.017502198,5.305430975,0.560090783,0.000000000,5.251346525,0.564111562,0.261497982,5.304651101,0.560183827,0.000000000,2.069459537,0.112189926,0.001967475,2.066407581,0.111769381,0.000000000,-180.408285041,0.387983191,-0.355581331,-180.000000000,0.000000000,0.000000000,-0.005982927,0.053304576,-0.003051957,0.408285041,0.118062178,-0.003927735,-0.000420545,-0.387983191,-0.017502198,-0.261497982,-0.001967475,0.355581331
11.990000010,5.320260222,0.442612655,0.029202501,5.316638441,0.560090783,0.000000000,5.262683300,0.569298831,0.259363416,5.315860429,0.560183827,0.000000000,2.071702954,0.112153620,-0.001815334,2.068644096,0.111769381,0.000000000,-180.400548051,0.382195379,-0.289390623,-180.000000000,0.000000000,0.000000000,-0.003621780,0.053177129,-0.003058858,0.400548051,0.117478128,-0.009115004,-0.000384239,-0.382195379,-0.029202501,-0.259363416,0.001815334,0.289390623
12.009999990,5.329120640,0.443426396,0.040687052,5.327837444,0.560090783,0.000000000,5.274123295,0.574434381,0.256777498,5.327061292,0.560183827,0.000000000,2.073946067,0.112157621,0.000200065,2.070878922,0.111769381,0.000000000,-180.392899765,0.376327110,-0.293413460,-180.000000000,0.000000000,0.000000000,-0.001283196,0.052937997,-0.003067145,0.392899765,0.116664387,-0.014250554,-0.000388240,-0.376327110,-0.040687052,-0.256777498,-0.000200065,0.293413460
12.029999971,5.337999719,0.444466954,0.052027892,5.339027982,0.560090783,0.000000000,5.285665369,0.579508232,0.253692542,5.338253689,0.560183827,0.000000000,2.076189611,0.112194957,0.001866818,2.073112059,0.111769381,0.000000000,-180.385334518,0.370543019,-0.289204519,-180.000000000,0.000000000,0.000000000,0.001028263,0.052588320,-0.003077551,0.385334518,0.115623830,-0.019324405,-0.000425576,-0.370543019,-0.052027892,-0.253692542,-0.001866818,0.289204519
12.049999952,5.346901968,0.445731539,0.063229266,5.350222745,0.560090783,0.000000000,5.297308173,0.584509326,0.250054736,5.349450312,0.560183827,0.000000000,2.078433173,0.112162896,-0.001603074,2.075346040,0.111769381,0.000000000,-180.377834806,0.365709432,-0.241679358,-180.000000000,0.000000000,0.000000000,0.003320777,0.052142139,-0.003087133,0.377834806,0.114359244,-0.024325499,-0.000393515,-0.365709432,-0.063229266,-0.250054736,0.001603074,0.241679358
12.070000172,5.355831817,0.447215258,0.074185973,5.361421865,0.560090783,0.000000000,5.309050168,0.589429891,0.246028232,5.360651293,0.560183827,0.000000000,2.080676868,0.112204657,0.002088056,2.077580889,0.111769381,0.000000000,-180.370390390,0.360513922,-0.259775502,-180.000000000,0.000000000,0.000000000,0.005590049,0.051601125,-0.003095979,0.370390390,0.112875525,-0.029246064,-0.000435276,-0.360513922,-0.074185973,-0.246028232,-0.002088056,0.259775502
12.090000153,5.364793612,0.448914634,0.084968785,5.372630607,0.560090783,0.000000000,5.320889629,0.594258888,0.241449846,5.371861897,0.560183827,0.000000000,2.082920588,0.112169172,-0.001774228,2.079817659,0.111769381,0.000000000,-180.362989253,0.356247917,-0.213300256,-180.000000000,0.000000000,0.000000000,0.007836995,0.050972268,-0.003102929,0.362989253,0.111176149,-0.034075061,-0.000399791,-0.356247917,-0.084968785,-0.241449846,0.001774228,0.213300256
12.110000134,5.373791607,0.450823904,0.095463478,5.383835310,0.560090783,0.000000000,5.332824638,0.598988181,0.236464675,5.383068461,0.560183827,0.000000000,2.085164027,0.112174548,0.000268800,2.082053623,0.111769381,0.000000000,-180.355618727,0.351845742,-0.220108748,-180.000000000,0.000000000,0.000000000,0.010043703,0.050243823,-0.003110404,0.355618727,0.109266880,-0.038804354,-0.000405167,-0.351845742,-0.095463478,-0.236464675,-0.000268800,0.220108748
12.130000114,5.382829948,0.452938068,0.105708226,5.395035975,0.560090783,0.000000000,5.344853107,0.603608916,0.231036715,5.394270986,0.560183827,0.000000000,2.087407928,0.112213709,0.001958019,2.084288781,0.111769381,0.000000000,-180.348278470,0.347422015,-0.221186342,-180.000000000,0.000000000,0.000000000,0.012206026,0.049417879,-0.003119147,0.348278470,0.107152715,-0.043425089,-0.000444328,-0.347422015,-0.105708226,-0.231036715,-0.001958019,0.221186342
12.150000095,5.391912677,0.455251746,0.115683911,5.406237464,0.560090783,0.000000000,5.356972764,0.608111465,0.225127458,5.405474336,0.560183827,0.000000000,2.089651872,0.112182340,-0.001568447,2.086524104,0.111769381,0.000000000,-180.340957880,0.343562516,-0.192974956,-180.000000000,0.000000000,0.000000000,0.014324787,0.048501572,-0.003127769,0.340957880,0.104839037,-0.047927638,-0.000412959,-0.343562516,-0.115683911,-0.225127458,0.001568447,0.192974956
12.170000076,5.401043720,0.457758875,0.125356431,5.417439780,0.560090783,0.000000000,5.369181173,0.612489036,0.218878582,5.416678513,0.560183827,0.000000000,2.091895975,0.112225855,0.002175737,2.088759591,0.111769381,0.000000000,-180.333653156,0.339366289,-0.209811346,-180.000000000,0.000000000,0.000000000,0.016396059,0.047497340,-0.003136384,0.333653156,0.102331908,-0.052305209,-0.000456474,-0.339366289,-0.125356431,-0.218878582,-0.002175737,0.209811346
12.190000057,5.410226884,0.460453279,0.134720208,5.428632911,0.560090783,0.000000000,5.381475737,0.616732358,0.212166078,5.427873504,0.560183827,0.000000000,2.094140126,0.112191078,-0.001738821,2.090993245,0.111769381,0.000000000,-180.326359294,0.335654261,-0.185601387,-180.000000000,0.000000000,0.000000000,0.018406028,0.046397767,-0.003146881,0.326359294,0.099637504,-0.056548531,-0.000421697,-0.335654261,-0.134720208,-0.212166078,0.001738821,0.185601387
12.210000038,5.419465840,0.463327999,0.143735986,5.439832348,0.560090783,0.000000000,5.393853697,0.620834440,0.205104116,5.439074801,0.560183827,0.000000000,2.096384015,0.112197563,0.000324236,2.093228158,0.111769381,0.000000000,-180.319070957,0.331750597,-0.195183219,-180.000000000,0.000000000,0.000000000,0.020366508,0.045221104,-0.003155857,0.319070957,0.096762784,-0.060650613,-0.000428182,-0.331750597,-0.143735986,-0.205104116,-0.000324236,0.195183219
12.230000019,5.428764124,0.466376241,0.152412126,5.451038090,0.560090783,0.000000000,5.406312151,0.624787969,0.197676421,5.450282405,0.560183827,0.000000000,2.098628388,0.112237804,0.002012061,2.095464330,0.111769381,0.000000000,-180.311793502,0.327727618,-0.201148970,-180.000000000,0.000000000,0.000000000,0.022273966,0.043970254,-0.003164059,0.311793502,0.093714542,-0.064604142,-0.000468423,-0.327727618,-0.152412126,-0.197676421,-0.002012061,0.201148970
12.250000000,5.438125129,0.469590455,0.160710655,5.462240011,0.560090783,0.000000000,5.418848046,0.628585276,0.189865385,5.461486187,0.560183827,0.000000000,2.100872819,0.112206882,-0.001546125,2.097699738,0.111769381,0.000000000,-180.304523783,0.323877883,-0.192486737,-180.000000000,0.000000000,0.000000000,0.024114883,0.042638140,-0.003173081,0.304523783,0.090500329,-0.068401449,-0.000437501,-0.323877883,-0.160710655,-0.189865385,0.001546125,0.192486737
12.269999981,5.447552099,0.472963660,0.168660271,5.473438111,0.560090783,0.000000000,5.431458199,0.632220737,0.181773015,5.472686147,0.560183827,0.000000000,2.103117421,0.112251198,0.002215817,2.099934384,0.111769381,0.000000000,-180.297264405,0.319753343,-0.206227013,-180.000000000,0.000000000,0.000000000,0.025886012,0.041227948,-0.003183037,0.297264405,0.087127123,-0.072036910,-0.000481817,-0.319753343,-0.168660271,-0.181773015,-0.002215817,0.206227013
12.289999962,5.457048128,0.476487485,0.176191269,5.484649348,0.560090783,0.000000000,5.444139298,0.635687383,0.173332315,5.483899247,0.560183827,0.000000000,2.105362083,0.112216744,-0.001722697,2.102171652,0.111769381,0.000000000,-180.290017145,0.315683666,-0.203483819,-180.000000000,0.000000000,0.000000000,0.027601220,0.039759948,-0.003190431,0.290017145,0.083603298,-0.075503556,-0.000447363,-0.315683666,-0.176191269,-0.173332315,0.001722697,0.203483819
12.309999943,5.466616147,0.480154059,0.183328662,5.495851374,0.560090783,0.000000000,5.456887908,0.638979560,0.164608859,5.495103133,0.560183827,0.000000000,2.107606488,0.112223522,0.000338880,2.104407082,0.111769381,0.000000000,-180.282783557,0.311411632,-0.213601725,-180.000000000,0.000000000,0.000000000,0.029235227,0.038215225,-0.003199407,0.282783557,0.079936725,-0.078795733,-0.000454141,-0.311411632,-0.183328662,-0.164608859,-0.000338880,0.213601725
12.330000162,5.476258924,0.483955198,0.190056979,5.507044322,0.560090783,0.000000000,5.469700482,0.642091822,0.155613101,5.506297940,0.560183827,0.000000000,2.109851384,0.112264083,0.002028083,2.106640700,0.111769381,0.000000000,-180.275573586,0.306968700,-0.222146613,-180.000000000,0.000000000,0.000000000,0.030785398,0.036597459,-0.003210684,0.275573586,0.076135585,-0.081907995,-0.000494702,-0.306968700,-0.190056979,-0.155613101,-0.002028083,0.222146613
12.350000143,5.485979055,0.487881706,0.196325404,5.518243619,0.560090783,0.000000000,5.482573363,0.645018864,0.146352068,5.517499097,0.560183827,0.000000000,2.112096343,0.112233383,-0.001535019,2.108875585,0.111769381,0.000000000,-180.268390610,0.302355119,-0.230679048,-180.000000000,0.000000000,0.000000000,0.032264564,0.034925734,-0.003220758,0.268390610,0.072209077,-0.084835037,-0.000464002,-0.302355119,-0.196325404,-0.146352068,0.001535019,0.230679048
12.370000124,5.495778966,0.491925963,0.202212831,5.529449398,0.560090783,0.000000000,5.495502802,0.647756352,0.136874435,5.528706739,0.560183827,0.000000000,2.114341473,0.112277454,0.002203576,2.111111763,0.111769381,0.000000000,-180.261242219,0.297589079,-0.238301962,-180.000000000,0.000000000,0.000000000,0.033670432,0.033203936,-0.003229709,0.261242219,0.068164820,-0.087572525,-0.000508073,-0.297589079,-0.202212831,-0.136874435,-0.002203576,0.238301962
12.390000105,5.505660909,0.496078010,0.207602356,5.540660071,0.560090783,0.000000000,5.508484963,0.650300026,0.127183688,5.539919274,0.560183827,0.000000000,2.116586658,0.112242852,-0.001730144,2.113348918,0.111769381,0.000000000,-180.254135423,0.292511005,-0.253903703,-180.000000000,0.000000000,0.000000000,0.034999162,0.031434310,-0.003237739,0.254135423,0.064012773,-0.090116199,-0.000473471,-0.292511005,-0.207602356,-0.127183688,0.001730144,0.253903703
12.410000086,5.515626952,0.500329373,0.212568170,5.551865393,0.560090783,0.000000000,5.521515925,0.652645688,0.117283112,5.551126457,0.560183827,0.000000000,2.118831581,0.112249229,0.000318891,2.115585006,0.111769381,0.000000000,-180.247076966,0.287286151,-0.261242717,-180.000000000,0.000000000,0.000000000,0.036238440,0.029610532,-0.003246576,0.247076966,0.059761410,-0.092461861,-0.000479848,-0.287286151,-0.212568170,-0.117283112,-0.000318891,0.261242717
12.430000067,5.525678984,0.504670942,0.217078439,5.563065364,0.560090783,0.000000000,5.534591691,0.654789980,0.107214589,5.562328288,0.560183827,0.000000000,2.121076983,0.112288981,0.001987599,2.117820025,0.111769381,0.000000000,-180.240079184,0.281908052,-0.268904944,-180.000000000,0.000000000,0.000000000,0.037386379,0.027736598,-0.003256958,0.240079184,0.055419841,-0.094606153,-0.000519600,-0.281908052,-0.217078439,-0.107214589,-0.001987599,0.268904944
12.450000048,5.535818703,0.509092466,0.221076214,5.574262914,0.560090783,0.000000000,5.547708204,0.656730217,0.097011859,5.573527699,0.560183827,0.000000000,2.123322436,0.112257916,-0.001553287,2.120054561,0.111769381,0.000000000,-180.233149921,0.276095165,-0.290644366,-180.000000000,0.000000000,0.000000000,0.038444211,0.025819495,-0.003267874,0.233149921,0.050998317,-0.096546390,-0.000488535,-0.276095165,-0.221076214,-0.097011859,0.001553287,0.290644366
12.470000029,5.546047623,0.513586022,0.224677798,5.585458043,0.560090783,0.000000000,5.560861352,0.658463507,0.086664466,5.584724688,0.560183827,0.000000000,2.125568043,0.112299597,0.002084081,2.122288615,0.111769381,0.000000000,-180.226299306,0.270415451,-0.283985667,-180.000000000,0.000000000,0.000000000,0.039410420,0.023863335,-0.003279428,0.226299306,0.046504761,-0.098279680,-0.000530216,-0.270415451,-0.224677798,-0.086664466,-0.002084081,0.283985667
12.490000010,5.556367072,0.518140518,0.227724761,5.596668596,0.560090783,0.000000000,5.574046981,0.659988250,0.076237163,5.595937103,0.560183827,0.000000000,2.127813668,0.112265360,-0.001711839,2.124525746,0.111769381,0.000000000,-180.219534628,0.263994063,-0.321069404,-180.000000000,0.000000000,0.000000000,0.040301524,0.021890122,-0.003287922,0.219534628,0.041950266,-0.099804423,-0.000495979,-0.263994063,-0.227724761,-0.076237163,0.001711839,0.321069404
12.509999990,5.566778175,0.522747295,0.230338849,5.607872301,0.560090783,0.000000000,5.587260891,0.661301911,0.065683062,5.607142669,0.560183827,0.000000000,2.130059030,0.112270642,0.000264055,2.126761511,0.111769381,0.000000000,-180.212869785,0.257607886,-0.319308881,-180.000000000,0.000000000,0.000000000,0.041094126,0.019881778,-0.003297519,0.212869785,0.037343489,-0.101118084,-0.000501261,-0.257607886,-0.230338849,-0.065683062,-0.000264055,0.319308881
12.529999971,5.577281878,0.527396777,0.232474128,5.619069157,0.560090783,0.000000000,5.600498847,0.662403433,0.055076104,5.618341385,0.560183827,0.000000000,2.132304841,0.112306857,0.001810777,2.128995909,0.111769381,0.000000000,-180.206315281,0.251094835,-0.325652543,-180.000000000,0.000000000,0.000000000,0.041787279,0.017842538,-0.003308933,0.206315281,0.032694006,-0.102219606,-0.000537476,-0.251094835,-0.232474128,-0.055076104,-0.001810777,0.325652543
12.549999952,5.587878924,0.532078476,0.234084935,5.630268003,0.560090783,0.000000000,5.613756605,0.663292464,0.044451518,5.629542091,0.560183827,0.000000000,2.134550647,0.112277871,-0.001449313,2.131230704,0.111769381,0.000000000,-180.199880515,0.244015018,-0.353990840,-180.000000000,0.000000000,0.000000000,0.042389079,0.015785486,-0.003319943,0.199880515,0.028012307,-0.103108637,-0.000508490,-0.244015018,-0.234084935,-0.044451518,0.001449313,0.353990840
12.570000172,5.598569872,0.536784101,0.235281254,5.641468971,0.560090783,0.000000000,5.627029899,0.663967875,0.033770590,5.640744921,0.560183827,0.000000000,2.136796631,0.112316609,0.001936895,2.133465922,0.111769381,0.000000000,-180.193577767,0.237177672,-0.341867288,-180.000000000,0.000000000,0.000000000,0.042899099,0.013715022,-0.003330709,0.193577767,0.023306682,-0.103784048,-0.000547228,-0.237177672,-0.235281254,-0.033770590,-0.001936895,0.341867288
12.590000153,5.609355085,0.541502728,0.235931369,5.652679401,0.560090783,0.000000000,5.640314472,0.664430885,0.023150501,5.651957213,0.560183827,0.000000000,2.139042591,0.112282969,-0.001682001,2.135703029,0.111769381,0.000000000,-180.187414742,0.229668805,-0.375443353,-180.000000000,0.000000000,0.000000000,0.043324316,0.011642740,-0.003339563,0.187414742,0.018588055,-0.104247058,-0.000513588,-0.229668805,-0.235931369,-0.023150501,0.001682001,0.375443353
12.610000134,5.620234731,0.546225560,0.236141585,5.663881083,0.560090783,0.000000000,5.653606065,0.664680514,0.012481443,5.663160755,0.560183827,0.000000000,2.141288289,0.112287237,0.000213395,2.137938390,0.111769381,0.000000000,-180.181401672,0.222265360,-0.370172273,-180.000000000,0.000000000,0.000000000,0.043646352,0.009554691,-0.003349900,0.181401672,0.013865223,-0.104496687,-0.000517856,-0.222265360,-0.236141585,-0.012481443,-0.000213395,0.370172273
12.630000114,5.631208795,0.550943315,0.235887750,5.675074017,0.560090783,0.000000000,5.666900418,0.664717949,0.001871718,5.674355549,0.560183827,0.000000000,2.143534410,0.112322061,0.001741229,2.140172005,0.111769381,0.000000000,-180.175548277,0.215064547,-0.360040658,-180.000000000,0.000000000,0.000000000,0.043865222,0.007455131,-0.003362405,0.175548277,0.009147468,-0.104534122,-0.000552680,-0.215064547,-0.235887750,-0.001871718,-0.001741229,0.360040658
12.650000095,5.642277066,0.555645426,0.235105546,5.686272936,0.560090783,0.000000000,5.680193317,0.664545681,-0.008613380,5.685556329,0.560183827,0.000000000,2.145780509,0.112291491,-0.001528530,2.142406815,0.111769381,0.000000000,-180.169860482,0.207165435,-0.394955597,-180.000000000,0.000000000,0.000000000,0.043995871,0.005363011,-0.003373694,0.169860482,0.004445357,-0.104361854,-0.000522110,-0.207165435,-0.235105546,0.008613380,0.001528530,0.394955597
12.670000076,5.653439147,0.560324061,0.233931742,5.697477841,0.560090783,0.000000000,5.693480567,0.664164041,-0.019081991,5.696763094,0.560183827,0.000000000,2.148026738,0.112328440,0.001847444,2.144642818,0.111769381,0.000000000,-180.164348500,0.199833200,-0.366611726,-180.000000000,0.000000000,0.000000000,0.044038694,0.003282527,-0.003383919,0.164348500,-0.000233278,-0.103980214,-0.000559058,-0.199833200,-0.233931742,0.019081991,-0.001847444,0.366611726
12.690000057,5.664694458,0.564968465,0.232220191,5.708686366,0.560090783,0.000000000,5.706758028,0.663577294,-0.029337372,5.707973482,0.560183827,0.000000000,2.150272923,0.112293646,-0.001739672,2.146879545,0.111769381,0.000000000,-180.159017366,0.191602841,-0.411517941,-180.000000000,0.000000000,0.000000000,0.043991908,0.001215453,-0.003393377,0.159017366,-0.004877681,-0.103393467,-0.000524265,-0.191602841,-0.232220191,0.029337372,0.001739672,0.411517941
12.710000038,5.676042225,0.569570294,0.230091474,5.719888149,0.560090783,0.000000000,5.720021602,0.662785899,-0.039569732,5.719177126,0.560183827,0.000000000,2.152518814,0.112296889,0.000162155,2.149114926,0.111769381,0.000000000,-180.153876666,0.183724621,-0.393911041,-180.000000000,0.000000000,0.000000000,0.043845924,-0.000844476,-0.003403888,0.153876666,-0.009479511,-0.102602072,-0.000527508,-0.183724621,-0.230091474,0.039569732,-0.000162155,0.393911041
12.730000019,5.687481502,0.574120670,0.227518781,5.731083191,0.560090783,0.000000000,5.733267225,0.661793052,-0.049642363,5.730374027,0.560183827,0.000000000,2.154765097,0.112328788,0.001594963,2.151348962,0.111769381,0.000000000,-180.148930279,0.176142530,-0.379104538,-180.000000000,0.000000000,0.000000000,0.043601688,-0.002893198,-0.003416135,0.148930279,-0.014029886,-0.101609225,-0.000559407,-0.176142530,-0.227518781,0.049642363,-0.001594963,0.379104538
12.750000000,5.699011160,0.578609882,0.224460598,5.742283904,0.560090783,0.000000000,5.746490924,0.660603719,-0.059466657,5.741576601,0.560183827,0.000000000,2.157011320,0.112298374,-0.001520745,2.153584130,0.111769381,0.000000000,-180.144182846,0.167858970,-0.414177974,-180.000000000,0.000000000,0.000000000,0.043272744,-0.004914323,-0.003427190,0.144182846,-0.018519098,-0.100419892,-0.000528992,-0.167858970,-0.224460598,0.059466657,0.001520745,0.414177974
12.769999981,5.710629896,0.583030527,0.221032262,5.753490290,0.560090783,0.000000000,5.759688779,0.659219171,-0.069227407,5.752784848,0.560183827,0.000000000,2.159257652,0.112329806,0.001571635,2.155820429,0.111769381,0.000000000,-180.139639309,0.160321128,-0.376892119,-180.000000000,0.000000000,0.000000000,0.042860393,-0.006903930,-0.003437222,0.139639309,-0.022939744,-0.099035344,-0.000560425,-0.160321128,-0.221032262,0.069227407,-0.001571635,0.376892119
12.789999962,5.722336241,0.587373227,0.217135014,5.764698976,0.560090783,0.000000000,5.772856959,0.657646311,-0.078642989,5.763995396,0.560183827,0.000000000,2.161503854,0.112294025,-0.001789076,2.158057188,0.111769381,0.000000000,-180.135304020,0.152001819,-0.415965437,-180.000000000,0.000000000,0.000000000,0.042362735,-0.008861563,-0.003446666,0.135304020,-0.027282444,-0.097462484,-0.000524644,-0.152001819,-0.217135014,0.078642989,0.001789076,0.415965437
12.809999943,5.734128554,0.591630291,0.212853204,5.775899598,0.560090783,0.000000000,5.785991717,0.655886884,-0.087971335,5.775197880,0.560183827,0.000000000,2.163749731,0.112294765,0.000037002,2.160292337,0.111769381,0.000000000,-180.131180030,0.144234585,-0.388361705,-180.000000000,0.000000000,0.000000000,0.041771045,-0.010793837,-0.003457394,0.131180030,-0.031539508,-0.095703057,-0.000525384,-0.144234585,-0.212853204,0.087971335,-0.000037002,0.388361705
12.830000162,5.746005038,0.595793705,0.208170670,5.787092291,0.560090783,0.000000000,5.799089371,0.653946055,-0.097041428,5.786392431,0.560183827,0.000000000,2.165995940,0.112321767,0.001350088,2.162525904,0.111769381,0.000000000,-180.127265721,0.136906661,-0.366396219,-180.000000000,0.000000000,0.000000000,0.041087253,-0.012696940,-0.003470036,0.127265721,-0.035702921,-0.093762229,-0.000552385,-0.136906661,-0.208170670,0.097041428,-0.001350088,0.366396219
12.850000143,5.757963732,0.599855231,0.203076307,5.798292569,0.560090783,0.000000000,5.812146373,0.651831064,-0.105749549,5.797594571,0.560183827,0.000000000,2.168242017,0.112290689,-0.001553891,2.164760985,0.111769381,0.000000000,-180.123562760,0.129019154,-0.394375323,-180.000000000,0.000000000,0.000000000,0.040328837,-0.014551802,-0.003481032,0.123562760,-0.039764448,-0.091647238,-0.000521308,-0.129019154,-0.203076307,0.105749549,0.001553891,0.394375323
12.870000124,5.770002530,0.603808179,0.197647389,5.809500567,0.560090783,0.000000000,5.825159261,0.649544486,-0.114328920,5.808804430,0.560183827,0.000000000,2.170488169,0.112321105,0.001520817,2.166997607,0.111769381,0.000000000,-180.120068400,0.122092810,-0.346317200,-180.000000000,0.000000000,0.000000000,0.039498037,-0.016354831,-0.003490563,0.120068400,-0.043717395,-0.089360659,-0.000551724,-0.122092810,-0.197647389,0.114328920,-0.001520817,0.346317200
12.890000105,5.782119176,0.607644761,0.191829114,5.820700040,0.560090783,0.000000000,5.838124702,0.647095186,-0.122464997,5.820005764,0.560183827,0.000000000,2.172734198,0.112285289,-0.001790810,2.169232527,0.111769381,0.000000000,-180.116781635,0.114453988,-0.381941128,-180.000000000,0.000000000,0.000000000,0.038580863,-0.018118939,-0.003501671,0.116781635,-0.047553978,-0.086911359,-0.000515908,-0.114453988,-0.191829114,0.122464997,0.001790810,0.381941128
12.910000086,5.794311273,0.611358199,0.185671885,5.831899188,0.560090783,0.000000000,5.851039470,0.644486076,-0.130455499,5.831206772,0.560183827,0.000000000,2.174979889,0.112285283,-0.000000301,2.171467382,0.111769381,0.000000000,-180.113701420,0.107578803,-0.343759238,-180.000000000,0.000000000,0.000000000,0.037587915,-0.019832698,-0.003512507,0.113701420,-0.051267415,-0.084302249,-0.000515902,-0.107578803,-0.185671885,0.130455499,0.000000301,0.343759238
12.930000067,5.806576287,0.614941879,0.179184039,5.843098011,0.560090783,0.000000000,5.863900434,0.641723807,-0.138113444,5.842407456,0.560183827,0.000000000,2.177225885,0.112310155,0.001243593,2.173702172,0.111769381,0.000000000,-180.110819061,0.101265414,-0.315669425,-180.000000000,0.000000000,0.000000000,0.036521724,-0.021492979,-0.003523713,0.110819061,-0.054851096,-0.081539980,-0.000540774,-0.101265414,-0.179184039,0.138113444,-0.001243593,0.315669425
12.950000048,5.818911553,0.618389247,0.172368361,5.854301386,0.560090783,0.000000000,5.876704631,0.638817424,-0.145319189,5.853612692,0.560183827,0.000000000,2.179471730,0.112278978,-0.001558816,2.175937871,0.111769381,0.000000000,-180.108133116,0.094466700,-0.339935698,-180.000000000,0.000000000,0.000000000,0.035389833,-0.023091939,-0.003533858,0.108133116,-0.058298463,-0.078633597,-0.000509597,-0.094466700,-0.172368361,0.145319189,0.001558816,0.339935698
12.970000029,5.831314285,0.621694560,0.165265666,5.865509313,0.560090783,0.000000000,5.889449210,0.635770462,-0.152348077,5.864822480,0.560183827,0.000000000,2.181717625,0.112306744,0.001388295,2.178174478,0.111769381,0.000000000,-180.105635626,0.088883236,-0.279173224,-180.000000000,0.000000000,0.000000000,0.034195028,-0.024626729,-0.003543146,0.105635626,-0.061603777,-0.075586635,-0.000537363,-0.088883236,-0.165265666,0.152348077,-0.001388295,0.279173224
12.990000010,5.843781580,0.624852137,0.157878847,5.876708048,0.560090783,0.000000000,5.902131476,0.632593698,-0.158838193,5.876023076,0.560183827,0.000000000,2.183963370,0.112271241,-0.001775138,2.180409251,0.111769381,0.000000000,-180.103320159,0.082557212,-0.316301201,-180.000000000,0.000000000,0.000000000,0.032926468,-0.026108400,-0.003554118,0.103320159,-0.064761354,-0.072409871,-0.000501860,-0.082557212,-0.157878847,0.158838193,0.001775138,0.316301201
13.009999990,5.856310426,0.627856350,0.150210650,5.887909019,0.560090783,0.000000000,5.914748874,0.629290991,-0.165135348,5.887225908,0.560183827,0.000000000,2.186208772,0.112270016,-0.000061291,2.182644470,0.111769381,0.000000000,-180.101182868,0.077067215,-0.274499861,-180.000000000,0.000000000,0.000000000,0.031598592,-0.027522966,-0.003564301,0.101182868,-0.067765567,-0.069107164,-0.000500635,-0.077067215,-0.150210650,0.165135348,0.000061291,0.274499861
13.029999971,5.868897701,0.630702168,0.142290920,5.899112225,0.560090783,0.000000000,5.927298964,0.625870319,-0.171033597,5.898430975,0.560183827,0.000000000,2.188454445,0.112293381,0.001168247,2.184880135,0.111769381,0.000000000,-180.099210873,0.072259590,-0.240381240,-180.000000000,0.000000000,0.000000000,0.030214523,-0.028867989,-0.003574310,0.099210873,-0.070611385,-0.065686492,-0.000524000,-0.072259590,-0.142290920,0.171033597,-0.001168247,0.240381240
13.049999952,5.881540189,0.633385021,0.134142635,5.910314533,0.560090783,0.000000000,5.939779500,0.622342041,-0.176413901,5.909635144,0.560183827,0.000000000,2.190699962,0.112262780,-0.001530040,2.187115621,0.111769381,0.000000000,-180.097398421,0.067037041,-0.261127464,-180.000000000,0.000000000,0.000000000,0.028774344,-0.030144356,-0.003584340,0.097398421,-0.073294238,-0.062158214,-0.000493399,-0.067037041,-0.134142635,0.176413901,0.001530040,0.261127464
13.070000172,5.894234582,0.635900398,0.125768850,5.921516077,0.560090783,0.000000000,5.952188369,0.618710375,-0.181583294,5.920838549,0.560183827,0.000000000,2.192945517,0.112288471,0.001284535,2.189350955,0.111769381,0.000000000,-180.095733507,0.063023683,-0.200667860,-180.000000000,0.000000000,0.000000000,0.027281495,-0.031349820,-0.003594563,0.095733507,-0.075809615,-0.058526548,-0.000519089,-0.063023683,-0.125768850,0.181583294,-0.001284535,0.200667860
13.090000153,5.906977494,0.638244779,0.117219057,5.932723402,0.560090783,0.000000000,5.964523634,0.614987419,-0.186147835,5.932047735,0.560183827,0.000000000,2.195190909,0.112254025,-0.001722286,2.191587442,0.111769381,0.000000000,-180.094208396,0.058421844,-0.230091993,-180.000000000,0.000000000,0.000000000,0.025745908,-0.032475899,-0.003603467,0.094208396,-0.078153996,-0.054803592,-0.000484644,-0.058421844,-0.117219057,0.186147835,0.001722286,0.230091993
13.110000134,5.919765459,0.640413859,0.108454003,5.943924751,0.560090783,0.000000000,5.976783517,0.611177674,-0.190487254,5.943250945,0.560183827,0.000000000,2.197435966,0.112253141,-0.000044192,2.193822736,0.111769381,0.000000000,-180.092814258,0.054741437,-0.184020351,-180.000000000,0.000000000,0.000000000,0.024159292,-0.033532572,-0.003613230,0.092814258,-0.080323076,-0.050993847,-0.000483760,-0.054741437,-0.108454003,0.190487254,0.000044192,0.184020351
13.130000114,5.932594937,0.642404545,0.099534316,5.955120123,0.560090783,0.000000000,5.988966368,0.607289827,-0.194392306,5.954448177,0.560183827,0.000000000,2.199681294,0.112275850,0.001135442,2.196056838,0.111769381,0.000000000,-180.091533570,0.051738531,-0.150145272,-180.000000000,0.000000000,0.000000000,0.022525186,-0.034518191,-0.003624457,0.091533570,-0.082313762,-0.047106000,-0.000506469,-0.051738531,-0.099534316,0.194392306,-0.001135442,0.150145272
13.150000095,5.945462335,0.644214535,0.090499487,5.966324281,0.560090783,0.000000000,6.001070747,0.603334997,-0.197741518,5.965654196,0.560183827,0.000000000,2.201926475,0.112246568,-0.001464078,2.198292693,0.111769381,0.000000000,-180.090359563,0.048375518,-0.168150670,-180.000000000,0.000000000,0.000000000,0.020861945,-0.035416551,-0.003633782,0.090359563,-0.084123752,-0.043151170,-0.000477187,-0.048375518,-0.090499487,0.197741518,0.001464078,0.168150670
13.170000076,5.958364007,0.645840704,0.081308462,5.977537224,0.560090783,0.000000000,6.013095359,0.599317798,-0.200859965,5.976869002,0.560183827,0.000000000,2.204171699,0.112271640,0.001253565,2.200530301,0.111769381,0.000000000,-180.089278206,0.046185717,-0.109490051,-180.000000000,0.000000000,0.000000000,0.019173217,-0.036226357,-0.003641398,0.089278206,-0.085749921,-0.039133971,-0.000502259,-0.046185717,-0.081308462,0.200859965,-0.001253565,0.109490051
13.190000057,5.971296264,0.647282007,0.072065114,5.988726230,0.560090783,0.000000000,6.025039093,0.595250964,-0.203341674,5.988059866,0.560183827,0.000000000,2.206416770,0.112238723,-0.001645816,2.202763132,0.111769381,0.000000000,-180.088280518,0.043462258,-0.136172950,-180.000000000,0.000000000,0.000000000,0.017429965,-0.036979226,-0.003653637,0.088280518,-0.087191223,-0.035067137,-0.000469342,-0.043462258,-0.072065114,0.203341674,0.001645816,0.136172950
13.210000038,5.984255380,0.648535601,0.062679733,5.999921259,0.560090783,0.000000000,6.036901006,0.591139309,-0.205582744,5.999256756,0.560183827,0.000000000,2.208661528,0.112238406,-0.000015860,2.204997166,0.111769381,0.000000000,-180.087356714,0.041610838,-0.092571010,-180.000000000,0.000000000,0.000000000,0.015665879,-0.037644250,-0.003664362,0.087356714,-0.088444818,-0.030955482,-0.000469025,-0.041610838,-0.062679733,0.205582744,0.000015860,0.092571010
13.230000019,5.997237586,0.649600371,0.053238473,6.011122313,0.560090783,0.000000000,6.048680294,0.586991887,-0.207371117,6.010459670,0.560183827,0.000000000,2.210906558,0.112260869,0.001123167,2.207232401,0.111769381,0.000000000,-180.086488249,0.040383475,-0.061368143,-180.000000000,0.000000000,0.000000000,0.013884727,-0.038220624,-0.003674156,0.086488249,-0.089509588,-0.026808060,-0.000491488,-0.040383475,-0.053238473,0.207371117,-0.001123167,0.061368143
13.250000000,6.010239106,0.650476311,0.043797024,6.022332233,0.560090783,0.000000000,6.060376365,0.582820105,-0.208589115,6.021671453,0.560183827,0.000000000,2.213151456,0.112233124,-0.001387247,2.209469406,0.111769381,0.000000000,-180.085668301,0.038824093,-0.077969071,-180.000000000,0.000000000,0.000000000,0.012093127,-0.038704913,-0.003682049,0.085668301,-0.090385528,-0.022636278,-0.000463743,-0.038824093,-0.043797024,0.208589115,0.001387247,0.077969071
13.269999981,6.023256144,0.651161705,0.034269703,6.033551020,0.560090783,0.000000000,6.071988778,0.578628700,-0.209570224,6.032892103,0.560183827,0.000000000,2.215396409,0.112258136,0.001250571,2.211708181,0.111769381,0.000000000,-180.084882908,0.038310832,-0.025663037,-180.000000000,0.000000000,0.000000000,0.010294876,-0.039096675,-0.003688228,0.084882908,-0.091070922,-0.018444873,-0.000488755,-0.038310832,-0.034269703,0.209570224,-0.001250571,0.025663037
13.289999962,6.036284905,0.651657992,0.024814341,6.044737642,0.560090783,0.000000000,6.083517280,0.574430513,-0.209909360,6.044080584,0.560183827,0.000000000,2.217641230,0.112227060,-0.001553783,2.213940536,0.111769381,0.000000000,-180.084123653,0.037305719,-0.050255687,-180.000000000,0.000000000,0.000000000,0.008452737,-0.039436696,-0.003700694,0.084123653,-0.091567209,-0.014246686,-0.000457679,-0.037305719,-0.024814341,0.209909360,0.001553783,0.050255687
13.309999943,6.049321592,0.651963815,0.015291150,6.055931401,0.560090783,0.000000000,6.094961783,0.570230344,-0.210008451,6.055276202,0.560183827,0.000000000,2.219885765,0.112227700,0.000031970,2.216174316,0.111769381,0.000000000,-180.083381689,0.037044889,-0.013041475,-180.000000000,0.000000000,0.000000000,0.006609809,-0.039685582,-0.003711449,0.083381689,-0.091873032,-0.010046517,-0.000458319,-0.037044889,-0.015291150,0.210008451,-0.000031970,0.013041475
13.330000162,6.062362401,0.652080033,0.005810909,6.067132429,0.560090783,0.000000000,6.106322341,0.566037164,-0.209658989,6.066479090,0.560183827,0.000000000,2.222130584,0.112250509,0.001140479,2.218409547,0.111769381,0.000000000,-180.082639785,0.037291562,0.012333643,-180.000000000,0.000000000,0.000000000,0.004770027,-0.039843251,-0.003721037,0.082639785,-0.091989250,-0.005853337,-0.000481128,-0.037291562,-0.005810909,0.209658989,-0.001140479,-0.012333643
13.350000143,6.075403567,0.652008915,-0.003555935,6.078340337,0.560090783,0.000000000,6.117599214,0.561862166,-0.208749937,6.077688861,0.560183827,0.000000000,2.224375294,0.112224594,-0.001295753,2.220646150,0.111769381,0.000000000,-180.081892775,0.037215888,-0.003783728,-180.000000000,0.000000000,0.000000000,0.002936770,-0.039910353,-0.003729144,0.081892775,-0.091918131,-0.001678339,-0.000455213,-0.037215888,0.003555935,0.208749937,0.001295753,0.003783728
13.370000124,6.088441336,0.651750147,-0.012938383,6.089555260,0.560090783,0.000000000,6.128792809,0.557709880,-0.207614297,6.088905646,0.560183827,0.000000000,2.226620081,0.112250018,0.001271179,2.222884153,0.111769381,0.000000000,-180.081128842,0.037977967,0.038103986,-180.000000000,0.000000000,0.000000000,0.001113923,-0.039887163,-0.003735928,0.081128842,-0.091659364,0.002473947,-0.000480637,-0.037977967,0.012938383,0.207614297,-0.001271179,-0.038103986
13.390000105,6.101471998,0.651307577,-0.022128509,6.100750894,0.560090783,0.000000000,6.139903715,0.553592706,-0.205858663,6.100103140,0.560183827,0.000000000,2.228864760,0.112220881,-0.001456854,2.225118307,0.111769381,0.000000000,-180.080341878,0.038282308,0.015217052,-180.000000000,0.000000000,0.000000000,-0.000721105,-0.039800575,-0.003746453,0.080341877,-0.091216794,0.006591121,-0.000451500,-0.038282308,0.022128509,0.205858663,0.001456854,-0.015217052
13.410000086,6.114491876,0.650681292,-0.031314216,6.111947277,0.560090783,0.000000000,6.150932681,0.549515093,-0.203880650,6.111301383,0.560183827,0.000000000,2.231109183,0.112222632,0.000087565,2.227352611,0.111769381,0.000000000,-180.079525686,0.039140974,0.042933260,-180.000000000,0.000000000,0.000000000,-0.002544600,-0.039631298,-0.003756573,0.079525686,-0.090590509,0.010668734,-0.000453251,-0.039140974,0.031314216,0.203880650,-0.000087565,-0.042933260
13.430000067,6.127497323,0.649874036,-0.040362821,6.123144408,0.560090783,0.000000000,6.161880583,0.545485488,-0.201480277,6.122500375,0.560183827,0.000000000,2.233353907,0.112246114,0.001174113,2.229587064,0.111769381,0.000000000,-180.078666395,0.040344129,0.060157780,-180.000000000,0.000000000,0.000000000,-0.004352915,-0.039380208,-0.003766844,0.078666395,-0.089783253,0.014698339,-0.000476733,-0.040344129,0.040362821,0.201480277,-0.001174113,-0.060157780
13.450000048,6.140484767,0.648890212,-0.049191221,6.134344588,0.560090783,0.000000000,6.172748497,0.541514388,-0.198554995,6.133702415,0.560183827,0.000000000,2.235598549,0.112221984,-0.001206510,2.231822125,0.111769381,0.000000000,-180.077761847,0.041227595,0.044173304,-180.000000000,0.000000000,0.000000000,-0.006140179,-0.039046081,-0.003776424,0.077761847,-0.088799428,0.018669439,-0.000452603,-0.041227595,0.049191221,0.198554995,0.001206510,-0.044173304
13.470000029,6.153450684,0.647730827,-0.057969243,6.145547816,0.560090783,0.000000000,6.183537630,0.537605803,-0.195429250,6.144907505,0.560183827,0.000000000,2.237843290,0.112248037,0.001302636,2.234057794,0.111769381,0.000000000,-180.076803961,0.042685663,0.072903383,-180.000000000,0.000000000,0.000000000,-0.007902867,-0.038630125,-0.003785495,0.076803961,-0.087640044,0.022578024,-0.000478656,-0.042685663,0.057969243,0.195429250,-0.001302636,-0.072903383
13.490000010,6.166391628,0.646401940,-0.066444341,6.156753394,0.560090783,0.000000000,6.194249358,0.533771201,-0.191730074,6.156114944,0.560183827,0.000000000,2.240087948,0.112220621,-0.001370806,2.236293933,0.111769381,0.000000000,-180.075790137,0.043725504,0.051992058,-180.000000000,0.000000000,0.000000000,-0.009638234,-0.038134414,-0.003794015,0.075790137,-0.086311157,0.026412626,-0.000451240,-0.043725504,0.066444341,0.191730074,0.001370806,-0.051992058
13.509999990,6.179304224,0.644904960,-0.074848999,6.167955175,0.560090783,0.000000000,6.204885199,0.530014363,-0.187841920,6.167318586,0.560183827,0.000000000,2.242332377,0.112223378,0.000137854,2.238529313,0.111769381,0.000000000,-180.074717933,0.045095272,0.068488384,-180.000000000,0.000000000,0.000000000,-0.011349049,-0.037566613,-0.003803063,0.074717933,-0.084814177,0.030169464,-0.000453997,-0.045095272,0.074848999,0.187841920,-0.000137854,-0.068488384
13.529999971,6.192185153,0.643244322,-0.083031914,6.179153159,0.560090783,0.000000000,6.215446785,0.526342819,-0.183577177,6.178518430,0.560183827,0.000000000,2.244577122,0.112247546,0.001208393,2.240763936,0.111769381,0.000000000,-180.073578192,0.046625018,0.076487306,-180.000000000,0.000000000,0.000000000,-0.013031993,-0.036928355,-0.003813186,0.073578192,-0.083153538,0.033841007,-0.000478165,-0.046625018,0.083031914,0.183577177,-0.001208393,-0.076487306
13.549999952,6.205031210,0.641426329,-0.090899640,6.190352872,0.560090783,0.000000000,6.225935925,0.522765950,-0.178843453,6.189720003,0.560183827,0.000000000,2.246821808,0.112224808,-0.001136891,2.242998904,0.111769381,0.000000000,-180.072372418,0.047847926,0.061145430,-180.000000000,0.000000000,0.000000000,-0.014678338,-0.036215922,-0.003822904,0.072372418,-0.081335546,0.037417877,-0.000455427,-0.047847926,0.090899640,0.178843453,0.001136891,-0.061145430
13.570000172,6.217839269,0.639453144,-0.098659246,6.201554447,0.560090783,0.000000000,6.236354543,0.519286957,-0.173949692,6.200923439,0.560183827,0.000000000,2.249066611,0.112251491,0.001334159,2.245234244,0.111769381,0.000000000,-180.071097077,0.049360678,0.075637559,-180.000000000,0.000000000,0.000000000,-0.016284823,-0.035431104,-0.003832367,0.071097077,-0.079362361,0.040896870,-0.000482110,-0.049360678,0.098659246,0.173949692,-0.001334159,-0.075637559
13.590000153,6.230606311,0.637332750,-0.106019696,6.212756152,0.560090783,0.000000000,6.246704706,0.515915954,-0.168550145,6.212127005,0.560183827,0.000000000,2.251311352,0.112225342,-0.001307446,2.247469610,0.111769381,0.000000000,-180.069753501,0.050515763,0.057754250,-180.000000000,0.000000000,0.000000000,-0.017850159,-0.034577701,-0.003841742,0.069753501,-0.077241967,0.044267873,-0.000455961,-0.050515763,0.106019696,0.168550145,0.001307446,-0.057754250
13.610000134,6.243329418,0.635067680,-0.113253513,6.223957314,0.560090783,0.000000000,6.256988603,0.512655778,-0.163008788,6.223330028,0.560183827,0.000000000,2.253555884,0.112228923,0.000179043,2.249704867,0.111769381,0.000000000,-180.068343278,0.051773226,0.062873179,-180.000000000,0.000000000,0.000000000,-0.019372104,-0.033658575,-0.003851017,0.068343278,-0.074976897,0.047528049,-0.000459542,-0.051773226,0.113253513,0.163008788,-0.000179043,-0.062873179
13.630000114,6.256005755,0.632663803,-0.120193827,6.235157933,0.560090783,0.000000000,6.267208515,0.509512725,-0.157152650,6.234532508,0.560183827,0.000000000,2.255800746,0.112253635,0.001235583,2.251940016,0.111769381,0.000000000,-180.066862443,0.053011619,0.061919630,-180.000000000,0.000000000,0.000000000,-0.020847822,-0.032676007,-0.003860731,0.066862443,-0.072573020,0.050671102,-0.000484254,-0.053011619,0.120193827,0.157152650,-0.001235583,-0.061919630
13.650000095,6.268632631,0.630129009,-0.126739737,6.246365848,0.560090783,0.000000000,6.277366871,0.506494699,-0.150901281,6.245742285,0.560183827,0.000000000,2.258045563,0.112231725,-0.001095485,2.254176620,0.111769381,0.000000000,-180.065316034,0.053982504,0.048544238,-180.000000000,0.000000000,0.000000000,-0.022266783,-0.031624587,-0.003868942,0.065316034,-0.070038225,0.053689128,-0.000462344,-0.053982504,0.126739737,0.150901281,0.001095485,-0.048544238
13.670000076,6.281207458,0.627466387,-0.133131061,6.257581058,0.560090783,0.000000000,6.287466192,0.503603860,-0.144541971,6.256959358,0.560183827,0.000000000,2.260290509,0.112258863,0.001356885,2.256414681,0.111769381,0.000000000,-180.063705013,0.054968224,0.049286006,-180.000000000,0.000000000,0.000000000,-0.023626399,-0.030506834,-0.003875828,0.063705013,-0.067375604,0.056579967,-0.000489482,-0.054968224,0.133131061,0.144541971,-0.001356885,-0.049286006
13.690000057,6.293727781,0.624685485,-0.139045131,6.268769544,0.560090783,0.000000000,6.297509114,0.500848625,-0.137761722,6.268149702,0.560183827,0.000000000,2.262535404,0.112233341,-0.001276052,2.258647408,0.111769381,0.000000000,-180.062034264,0.055690516,0.036114609,-180.000000000,0.000000000,0.000000000,-0.024958237,-0.029359412,-0.003887995,0.062034264,-0.064594701,0.059335202,-0.000463960,-0.055690516,0.139045131,0.137761722,0.001276052,-0.036114609
13.710000038,6.306191269,0.621789699,-0.144789268,6.279964693,0.560090783,0.000000000,6.307498365,0.498230670,-0.130897787,6.279346711,0.560183827,0.000000000,2.264780101,0.112237438,0.000204828,2.260881466,0.111769381,0.000000000,-180.060308867,0.056311355,0.031041936,-180.000000000,0.000000000,0.000000000,-0.026226576,-0.028151654,-0.003898636,0.060308867,-0.061698916,0.061953157,-0.000468057,-0.056311355,0.144789268,0.130897787,-0.000204828,-0.031041936
13.730000019,6.318595696,0.618786019,-0.150184019,6.291166508,0.560090783,0.000000000,6.317436740,0.495754803,-0.123793358,6.290550386,0.560183827,0.000000000,2.267025138,0.112262480,0.001252085,2.263116853,0.111769381,0.000000000,-180.058529654,0.056764632,0.022663861,-180.000000000,0.000000000,0.000000000,-0.027429188,-0.026886354,-0.003908285,0.058529654,-0.058695236,0.064429024,-0.000493099,-0.056764632,0.150184019,0.123793358,-0.001252085,-0.022663861
13.750000000,6.330939002,0.615683540,-0.155123965,6.302374775,0.560090783,0.000000000,6.327327150,0.493427182,-0.116381041,6.301760516,0.560183827,0.000000000,2.269270133,0.112240773,-0.001085316,2.265353528,0.111769381,0.000000000,-180.056704298,0.057027836,0.013160223,-180.000000000,0.000000000,0.000000000,-0.028564227,-0.025566634,-0.003916605,0.056704298,-0.055592756,0.066756645,-0.000471392,-0.057027836,0.155123965,0.116381041,0.001085316,-0.013160223
13.769999981,6.343219247,0.612486010,-0.159876463,6.313589496,0.560090783,0.000000000,6.337172566,0.491248757,-0.108921214,6.312977099,0.560183827,0.000000000,2.271515263,0.112268118,0.001367225,2.267591491,0.111769381,0.000000000,-180.054837431,0.057067745,0.001995439,-180.000000000,0.000000000,0.000000000,-0.029629752,-0.024195467,-0.003923772,0.054837431,-0.052395227,0.068935070,-0.000498737,-0.057067745,0.159876463,0.108921214,-0.001367225,-0.001995439
13.789999962,6.355434645,0.609204119,-0.164094563,6.324779919,0.560090783,0.000000000,6.346976044,0.489225997,-0.101137997,6.324169381,0.560183827,0.000000000,2.273760342,0.112242518,-0.001279993,2.269824605,0.111769381,0.000000000,-180.052936389,0.056978784,-0.004448063,-180.000000000,0.000000000,0.000000000,-0.030654727,-0.022806663,-0.003935736,0.052936389,-0.049113336,0.070957829,-0.000473137,-0.056978784,0.164094563,0.101137997,0.001279993,0.004448063
13.809999943,6.367583550,0.605841835,-0.168114220,6.335975406,0.560090783,0.000000000,6.356740701,0.487359269,-0.093336419,6.335366729,0.560183827,0.000000000,2.276005223,0.112246570,0.000202603,2.272058730,0.111769381,0.000000000,-180.051008567,0.056628549,-0.017511748,-180.000000000,0.000000000,0.000000000,-0.031608144,-0.021373972,-0.003946492,0.051008567,-0.045751052,0.072824558,-0.000477189,-0.056628549,0.168114220,0.093336419,-0.000202603,0.017511748
13.830000162,6.379664432,0.602406886,-0.171747443,6.347176092,0.560090783,0.000000000,6.366469689,0.485651714,-0.085377769,6.346569275,0.560183827,0.000000000,2.278250442,0.112271658,0.001254379,2.274293892,0.111769381,0.000000000,-180.049058478,0.056009797,-0.030937598,-180.000000000,0.000000000,0.000000000,-0.032488340,-0.019900414,-0.003956550,0.049058478,-0.042316103,0.074532113,-0.000502277,-0.056009797,0.171747443,0.085377769,-0.001254379,0.030937598
13.850000143,6.391675946,0.598909161,-0.174886268,6.358381714,0.560090783,0.000000000,6.376166239,0.484107564,-0.077207504,6.357776759,0.560183827,0.000000000,2.280495616,0.112249494,-0.001108206,2.276530039,0.111769381,0.000000000,-180.047094963,0.055320297,-0.034475016,-180.000000000,0.000000000,0.000000000,-0.033294232,-0.018389480,-0.003965577,0.047094963,-0.038818377,0.076076263,-0.000480113,-0.055320297,0.174886268,0.077207504,0.001108206,0.034475016
13.870000124,6.403616874,0.595352761,-0.177819959,6.369592405,0.560090783,0.000000000,6.385833614,0.482726466,-0.069054890,6.368989312,0.560183827,0.000000000,2.282740920,0.112276772,0.001363932,2.278767198,0.111769381,0.000000000,-180.045124918,0.054224828,-0.054773436,-180.000000000,0.000000000,0.000000000,-0.034024469,-0.016844301,-0.003973722,0.045124918,-0.035261978,0.077457361,-0.000507391,-0.054224828,0.177819959,0.069054890,-0.001363932,0.054773436
13.890000105,6.415486166,0.591749064,-0.180184892,6.380796258,0.560090783,0.000000000,6.395475123,0.481512780,-0.060684293,6.380195026,0.560183827,0.000000000,2.284986164,0.112250411,-0.001318035,2.281002992,0.111769381,0.000000000,-180.043156577,0.053173573,-0.052562716,-180.000000000,0.000000000,0.000000000,-0.034689909,-0.015280096,-0.003983172,0.043156577,-0.031658280,0.078671047,-0.000481030,-0.053173573,0.180184892,0.060684293,0.001318035,0.052562716
13.910000086,6.427282921,0.588102250,-0.182340650,6.391995210,0.560090783,0.000000000,6.405094104,0.480465468,-0.052365588,6.391395839,0.560183827,0.000000000,2.287231198,0.112254394,0.000199121,2.283237808,0.111769381,0.000000000,-180.041198116,0.051702978,-0.073529752,-180.000000000,0.000000000,0.000000000,-0.035287711,-0.013698265,-0.003993390,0.041198116,-0.028011467,0.079718359,-0.000485013,-0.051702978,0.182340650,0.052365588,-0.000199121,0.073529752
13.930000067,6.439006356,0.584420499,-0.184087559,6.403189261,0.560090783,0.000000000,6.414693898,0.479586007,-0.043973077,6.402591749,0.560183827,0.000000000,2.289476573,0.112279331,0.001246840,2.285471647,0.111769381,0.000000000,-180.039256831,0.049970547,-0.086621577,-180.000000000,0.000000000,0.000000000,-0.035817096,-0.012102149,-0.004004926,0.039256831,-0.024329716,0.080597820,-0.000509950,-0.049970547,0.184087559,0.043973077,-0.001246840,0.086621577
13.950000048,6.450655887,0.580714039,-0.185323024,6.414388504,0.560090783,0.000000000,6.424277888,0.478876611,-0.035469776,6.413792853,0.560183827,0.000000000,2.291721890,0.112256184,-0.001157327,2.287706521,0.111769381,0.000000000,-180.037340310,0.048323582,-0.082348226,-180.000000000,0.000000000,0.000000000,-0.036267383,-0.010485035,-0.004015369,0.037340310,-0.020623256,0.081307216,-0.000486803,-0.048323582,0.185323024,0.035469776,0.001157327,0.082348226
13.970000029,6.462231058,0.576987116,-0.186346142,6.425592941,0.560090783,0.000000000,6.433849458,0.478335691,-0.027045996,6.424999152,0.560183827,0.000000000,2.293967322,0.112282046,0.001293082,2.289942432,0.111769381,0.000000000,-180.035455774,0.046306704,-0.100843934,-180.000000000,0.000000000,0.000000000,-0.036638117,-0.008850307,-0.004024891,0.035455774,-0.016896333,0.081848136,-0.000512665,-0.046306704,0.186346142,0.027045996,-0.001293082,0.100843934
13.990000010,6.473731584,0.573251032,-0.186804190,6.436791942,0.560090783,0.000000000,6.443412001,0.477965192,-0.018524985,6.436200013,0.560183827,0.000000000,2.296212658,0.112254342,-0.001385196,2.292177257,0.111769381,0.000000000,-180.033608841,0.044388361,-0.095917116,-180.000000000,0.000000000,0.000000000,-0.036939642,-0.007211988,-0.004035400,0.033608841,-0.013160249,0.082218635,-0.000484961,-0.044388361,0.186804190,0.018524985,0.001385196,0.095917116
14.009999990,6.485157325,0.569509960,-0.187053596,6.447992445,0.560090783,0.000000000,6.452968900,0.477762745,-0.010122347,6.447402376,0.560183827,0.000000000,2.298457760,0.112257024,0.000134093,2.294412383,0.111769381,0.000000000,-180.031808575,0.042057226,-0.116556751,-180.000000000,0.000000000,0.000000000,-0.037164880,-0.005566524,-0.004045377,0.031808575,-0.009419177,0.082421082,-0.000487643,-0.042057226,0.187053596,0.010122347,-0.000134093,0.116556751
14.029999971,6.496508261,0.565771984,-0.186898789,6.459194450,0.560090783,0.000000000,6.462523511,0.477728024,-0.001736028,6.458606242,0.560183827,0.000000000,2.300703182,0.112280579,0.001177768,2.296647809,0.111769381,0.000000000,-180.030062071,0.039525861,-0.126568257,-180.000000000,0.000000000,0.000000000,-0.037313811,-0.003917269,-0.004055374,0.030062071,-0.005681201,0.082455803,-0.000511198,-0.039525861,0.186898789,0.001736028,-0.001177768,0.126568257
14.049999952,6.507784564,0.562046952,-0.186251605,6.470398595,0.560090783,0.000000000,6.472079192,0.477861052,0.006651416,6.469812248,0.560183827,0.000000000,2.302948514,0.112258817,-0.001088125,2.298883661,0.111769381,0.000000000,-180.028373998,0.037092406,-0.121672757,-180.000000000,0.000000000,0.000000000,-0.037385969,-0.002266944,-0.004064853,0.028373998,-0.001956169,0.082322775,-0.000489436,-0.037092406,0.186251605,-0.006651416,0.001088125,0.121672757
14.070000172,6.518986532,0.558339145,-0.185390392,6.481605014,0.560090783,0.000000000,6.481639267,0.478159079,0.014901341,6.481020529,0.560183827,0.000000000,2.305193993,0.112282538,0.001186082,2.301119967,0.111769381,0.000000000,-180.026752886,0.034127545,-0.148243078,-180.000000000,0.000000000,0.000000000,-0.037381518,-0.000618738,-0.004074026,0.026752886,0.001751639,0.082024748,-0.000513157,-0.034127545,0.185390392,-0.014901341,-0.001186082,0.148243078
14.090000153,6.530114630,0.554659574,-0.183978529,6.492812515,0.560090783,0.000000000,6.491207039,0.478622001,0.023146112,6.492229891,0.560183827,0.000000000,2.307439325,0.112254516,-0.001401119,2.303356489,0.111769381,0.000000000,-180.025203928,0.031503648,-0.131194849,-180.000000000,0.000000000,0.000000000,-0.037302116,0.001022852,-0.004082836,0.025203928,0.005431209,0.081561826,-0.000485135,-0.031503648,0.183978529,-0.023146112,0.001401119,0.131194849
14.110000134,6.541169463,0.551012159,-0.182370770,6.504013423,0.560090783,0.000000000,6.500785768,0.479246341,0.031216982,6.503432661,0.560183827,0.000000000,2.309684421,0.112256635,0.000105970,2.305591696,0.111769381,0.000000000,-180.023732760,0.028483764,-0.150994192,-180.000000000,0.000000000,0.000000000,-0.037156040,0.002646893,-0.004092725,0.023732760,0.009078625,0.080937486,-0.000487254,-0.028483764,0.182370770,-0.031216982,-0.000105970,0.150994192
14.130000114,6.552151753,0.547404678,-0.180374039,6.515207741,0.560090783,0.000000000,6.510378662,0.480030236,0.039194770,6.514628838,0.560183827,0.000000000,2.311929834,0.112279950,0.001165750,2.307825587,0.111769381,0.000000000,-180.022345266,0.025399502,-0.154213062,-180.000000000,0.000000000,0.000000000,-0.036944012,0.004250176,-0.004104247,0.022345266,0.012686105,0.080153590,-0.000510569,-0.025399502,0.180374039,-0.039194770,-0.001165750,0.154213062
14.150000095,6.563062402,0.543846472,-0.177910307,6.526412271,0.560090783,0.000000000,6.519988895,0.480971810,0.047078699,6.525835229,0.560183827,0.000000000,2.314175132,0.112254741,-0.001260480,2.310061517,0.111769381,0.000000000,-180.021041697,0.022483714,-0.145789447,-180.000000000,0.000000000,0.000000000,-0.036650131,0.005846334,-0.004113615,0.021041697,0.016244312,0.079212017,-0.000485360,-0.022483714,0.177910307,-0.047078699,0.001260480,0.145789447
14.170000076,6.573902429,0.540341304,-0.175258404,6.537627014,0.560090783,0.000000000,6.529619579,0.482067281,0.054773541,6.537051835,0.560183827,0.000000000,2.316420531,0.112279991,0.001262515,2.312299484,0.111769381,0.000000000,-180.019829778,0.019304780,-0.158946678,-180.000000000,0.000000000,0.000000000,-0.036275415,0.007432256,-0.004121047,0.019829778,0.019749480,0.078116546,-0.000510610,-0.019304780,0.175258404,-0.054773541,-0.001262515,0.158946678
14.190000057,6.584673009,0.536899474,-0.172091500,6.548828745,0.560090783,0.000000000,6.539273772,0.483314451,0.062358493,6.548255428,0.560183827,0.000000000,2.318665792,0.112250194,-0.001489827,2.314534855,0.111769381,0.000000000,-180.018707321,0.016528825,-0.138797733,-180.000000000,0.000000000,0.000000000,-0.035844264,0.008981656,-0.004130938,0.018707321,0.023191310,0.076869376,-0.000480813,-0.016528825,0.172091500,-0.062358493,0.001489827,0.138797733
14.210000038,6.595375441,0.533524227,-0.168762340,6.560027489,0.560090783,0.000000000,6.548954459,0.484708699,0.069712400,6.559456032,0.560183827,0.000000000,2.320910794,0.112251201,0.000050333,2.316769629,0.111769381,0.000000000,-180.017678692,0.013464204,-0.153231076,-180.000000000,0.000000000,0.000000000,-0.035347952,0.010501573,-0.004141164,0.017678692,0.026566556,0.075475128,-0.000481820,-0.013464204,0.168762340,-0.069712400,-0.000050333,0.153231076
14.230000019,6.606011127,0.530222400,-0.165091316,6.571223246,0.560090783,0.000000000,6.558664544,0.486246565,0.076893310,6.570653649,0.560183827,0.000000000,2.323156095,0.112273567,0.001118301,2.319003808,0.111769381,0.000000000,-180.016747417,0.010266253,-0.159897544,-180.000000000,0.000000000,0.000000000,-0.034787880,0.011989105,-0.004152287,0.016747417,0.029868383,0.073937262,-0.000504186,-0.010266253,0.165091316,-0.076893310,-0.001118301,0.159897544
14.250000000,6.616581629,0.527002609,-0.160989555,6.582423231,0.560090783,0.000000000,6.568406864,0.487924368,0.083890137,6.581855494,0.560183827,0.000000000,2.325401245,0.112245728,-0.001391941,2.321238830,0.111769381,0.000000000,-180.015911689,0.007589746,-0.133825330,-180.000000000,0.000000000,0.000000000,-0.034158398,0.013448630,-0.004162415,0.015911689,0.033088174,0.072259459,-0.000476347,-0.007589746,0.160989555,-0.083890137,0.001391941,0.133825330
14.269999981,6.627088613,0.523867601,-0.156750397,6.593627443,0.560090783,0.000000000,6.578184163,0.489737093,0.090636245,6.593061567,0.560183827,0.000000000,2.327646461,0.112268994,0.001163262,2.323474696,0.111769381,0.000000000,-180.015173628,0.004391881,-0.159893261,-180.000000000,0.000000000,0.000000000,-0.033461170,0.014877404,-0.004171765,0.015173628,0.036223182,0.070446734,-0.000499612,-0.004391881,0.156750397,-0.090636245,-0.001163262,0.159893261
14.289999962,6.637533878,0.520826605,-0.152049832,6.604829725,0.560090783,0.000000000,6.587999103,0.491680929,0.097191801,6.604265710,0.560183827,0.000000000,2.329891485,0.112237019,-0.001598717,2.325710177,0.111769381,0.000000000,-180.014531138,0.001862630,-0.126462551,-180.000000000,0.000000000,0.000000000,-0.032704154,0.016266607,-0.004181308,0.014531138,0.039264178,0.068502898,-0.000467638,-0.001862630,0.152049832,-0.097191801,0.001598717,0.126462551
14.309999943,6.647919327,0.517882093,-0.147225603,6.616030862,0.560090783,0.000000000,6.597854245,0.493750267,0.103466922,6.615468709,0.560183827,0.000000000,2.332136218,0.112238315,0.000064796,2.327945429,0.111769381,0.000000000,-180.013983591,-0.000935027,-0.139882837,-180.000000000,0.000000000,0.000000000,-0.031888465,0.017614463,-0.004190789,0.013983591,0.042208691,0.066433560,-0.000468934,0.000935027,0.147225603,-0.103466922,-0.000064796,0.139882837
14.330000162,6.658246949,0.515039945,-0.142107402,6.627230990,0.560090783,0.000000000,6.607752051,0.495940521,0.109512667,6.626670697,0.560183827,0.000000000,2.334381265,0.112259938,0.001081155,2.330180480,0.111769381,0.000000000,-180.013531981,-0.003800168,-0.143257078,-180.000000000,0.000000000,0.000000000,-0.031015959,0.018918646,-0.004200785,0.013531981,0.045050839,0.064243306,-0.000490557,0.003800168,0.142107402,-0.109512667,-0.001081155,0.143257078
14.350000143,6.668518874,0.512307348,-0.136629811,6.638439318,0.560090783,0.000000000,6.617694890,0.498246883,0.115318138,6.637880886,0.560183827,0.000000000,2.336626137,0.112234230,-0.001285415,2.332417167,0.111769381,0.000000000,-180.013170575,-0.005993382,-0.109660696,-180.000000000,0.000000000,0.000000000,-0.030079556,0.020185996,-0.004208970,0.013170575,0.047783435,0.061936943,-0.000464849,0.005993382,0.136629811,-0.115318138,0.001285415,0.109660696
14.370000124,6.678737306,0.509686305,-0.131052187,6.649655979,0.560090783,0.000000000,6.627685024,0.500663655,0.120838580,6.649099411,0.560183827,0.000000000,2.338871131,0.112258095,0.001193263,2.334655517,0.111769381,0.000000000,-180.012898526,-0.008621022,-0.131382007,-180.000000000,0.000000000,0.000000000,-0.029081327,0.021414387,-0.004215614,0.012898526,0.050404479,0.059520172,-0.000488714,0.008621022,0.131052187,-0.120838580,-0.001193263,0.131382007
14.390000105,6.688904566,0.507184526,-0.125088946,6.660850701,0.560090783,0.000000000,6.637724609,0.503185679,0.126101175,6.660295993,0.560183827,0.000000000,2.341115929,0.112226342,-0.001587678,2.336889489,0.111769381,0.000000000,-180.012709821,-0.010397635,-0.088830610,-180.000000000,0.000000000,0.000000000,-0.028053865,0.022571384,-0.004226440,0.012709821,0.052906257,0.056998148,-0.000456961,0.010397635,0.125088946,-0.126101175,0.001587678,0.088830610
14.410000086,6.699023050,0.504803403,-0.119056139,6.672044454,0.560090783,0.000000000,6.647815683,0.505806563,0.131044225,6.671491606,0.560183827,0.000000000,2.343360449,0.112228224,0.000094120,2.339123268,0.111769381,0.000000000,-180.012599743,-0.012429751,-0.101605815,-180.000000000,0.000000000,0.000000000,-0.026978595,0.023675923,-0.004237181,0.012599743,0.055287380,0.054377264,-0.000458843,0.012429751,0.119056139,-0.131044225,-0.000094120,0.101605815
14.430000067,6.709095217,0.502547434,-0.112798431,6.683237240,0.560090783,0.000000000,6.657960161,0.508520604,0.135702032,6.682686250,0.560183827,0.000000000,2.345605303,0.112251118,0.001144690,2.341356853,0.111769381,0.000000000,-180.012568163,-0.014425065,-0.099765717,-180.000000000,0.000000000,0.000000000,-0.025857977,0.024726090,-0.004248449,0.012568163,0.057543349,0.051663223,-0.000481737,0.014425065,0.112798431,-0.135702032,-0.001144690,0.099765717
14.450000048,6.719123636,0.500422490,-0.106247222,6.694438494,0.560090783,0.000000000,6.668159845,0.511321628,0.140051219,6.693889365,0.560183827,0.000000000,2.347849986,0.112223711,-0.001370356,2.343592129,0.111769381,0.000000000,-180.012605603,-0.015846925,-0.071093000,-180.000000000,0.000000000,0.000000000,-0.024685142,0.025729520,-0.004257857,0.012605603,0.059668293,0.048862199,-0.000454330,0.015846925,0.106247222,-0.140051219,0.001370356,0.071093000
14.470000029,6.729110932,0.498429280,-0.099660504,6.705648216,0.560090783,0.000000000,6.678416408,0.514203556,0.144096417,6.705100950,0.560183827,0.000000000,2.350094776,0.112248019,0.001215398,2.345829094,0.111769381,0.000000000,-180.012711201,-0.017590919,-0.087199691,-180.000000000,0.000000000,0.000000000,-0.023462715,0.026684542,-0.004265682,0.012711201,0.061661503,0.045980271,-0.000478638,0.017590919,0.099660504,-0.144096417,-0.001215398,0.087199691
14.490000010,6.739059807,0.496573825,-0.092772741,6.716842496,0.560090783,0.000000000,6.688731405,0.517160159,0.147830114,6.716297089,0.560183827,0.000000000,2.352339359,0.112215125,-0.001644676,2.348062978,0.111769381,0.000000000,-180.012875394,-0.018461244,-0.043516232,-180.000000000,0.000000000,0.000000000,-0.022217311,0.027565684,-0.004276381,0.012875394,0.063516958,0.043023668,-0.000445744,0.018461244,0.092772741,-0.147830114,0.001644676,0.043516232
14.509999990,6.748973018,0.494856322,-0.085875134,6.728040751,0.560090783,0.000000000,6.699106258,0.520184640,0.151224046,6.727497204,0.560183827,0.000000000,2.354583653,0.112216919,0.000089704,2.350297655,0.111769381,0.000000000,-180.013091367,-0.019540691,-0.053972385,-180.000000000,0.000000000,0.000000000,-0.020932267,0.028390946,-0.004285998,0.013091367,0.065234461,0.039999187,-0.000447538,0.019540691,0.085875134,-0.151224046,-0.000089704,0.053972385
14.529999971,6.758853353,0.493279845,-0.078823852,6.739242980,0.560090783,0.000000000,6.709542257,0.523270583,0.154297171,6.738701295,0.560183827,0.000000000,2.356828286,0.112239632,0.001135660,2.352533125,0.111769381,0.000000000,-180.013357815,-0.020622159,-0.054073387,-180.000000000,0.000000000,0.000000000,-0.019610372,0.029159038,-0.004295161,0.013357815,0.066810938,0.036913244,-0.000470251,0.020622159,0.078823852,-0.154297171,-0.001135660,0.054073387
14.549999952,6.768703679,0.491848338,-0.071575357,6.750445468,0.560090783,0.000000000,6.720040561,0.526411361,0.157038913,6.749905644,0.560183827,0.000000000,2.359072733,0.112212352,-0.001364033,2.354768647,0.111769381,0.000000000,-180.013664121,-0.020986096,-0.018196831,-180.000000000,0.000000000,0.000000000,-0.018258211,0.029865083,-0.004304086,0.013664121,0.068242445,0.033772466,-0.000442971,0.020986096,0.071575357,-0.157038913,0.001364033,0.018196831
14.570000172,6.778526889,0.490561551,-0.064339341,6.761648348,0.560090783,0.000000000,6.730602199,0.529600438,0.159453839,6.761110385,0.560183827,0.000000000,2.361317307,0.112237565,0.001260640,2.357004247,0.111769381,0.000000000,-180.014006366,-0.021706790,-0.036034718,-180.000000000,0.000000000,0.000000000,-0.016878541,0.030508186,-0.004313059,0.014006366,0.069529232,0.030583389,-0.000468183,0.021706790,0.064339341,-0.159453839,-0.001260640,0.036034718
14.590000153,6.788325927,0.489423613,-0.056896894,6.772853320,0.560090783,0.000000000,6.741228065,0.532830996,0.161527874,6.772317218,0.560183827,0.000000000,2.363561675,0.112204226,-0.001666910,2.359240265,0.111769381,0.000000000,-180.014374753,-0.021584295,0.006124763,-180.000000000,0.000000000,0.000000000,-0.015472607,0.031089153,-0.004321411,0.014374753,0.070667170,0.027352831,-0.000434845,0.021584295,0.056896894,-0.161527874,0.001666910,-0.006124763
14.610000134,6.798103756,0.488433569,-0.049502215,6.784054333,0.560090783,0.000000000,6.751918916,0.536096033,0.163251887,6.783520092,0.560183827,0.000000000,2.365805755,0.112206429,0.000110131,2.361475492,0.111769381,0.000000000,-180.014761659,-0.021654088,-0.003489664,-180.000000000,0.000000000,0.000000000,-0.014049423,0.031601176,-0.004330263,0.014761659,0.071657214,0.024087794,-0.000437048,0.021654088,0.049502215,-0.163251887,-0.000110131,0.003489664
14.630000114,6.807863350,0.487592910,-0.042032984,6.795251389,0.560090783,0.000000000,6.762675371,0.539388848,0.164640714,6.794719008,0.560183827,0.000000000,2.368050191,0.112230211,0.001189085,2.363709930,0.111769381,0.000000000,-180.015165564,-0.021721184,-0.003354793,-180.000000000,0.000000000,0.000000000,-0.012611961,0.032043637,-0.004340261,0.015165564,0.072497874,0.020794979,-0.000460830,0.021721184,0.042032984,-0.164640714,-0.001189085,0.003354793
14.650000095,6.817607723,0.486903787,-0.034456142,6.806451978,0.560090783,0.000000000,6.773497912,0.542702515,0.165683367,6.805921458,0.560183827,0.000000000,2.370294447,0.112202851,-0.001368000,2.365945073,0.111769381,0.000000000,-180.015575416,-0.021135039,0.029307247,-180.000000000,0.000000000,0.000000000,-0.011155744,0.032423546,-0.004349374,0.015575416,0.073186997,0.017481312,-0.000433470,0.021135039,0.034456142,-0.165683367,0.001368000,-0.029307247
14.670000076,6.827339886,0.486364784,-0.026950131,6.817656100,0.560090783,0.000000000,6.784386888,0.546030508,0.166399673,6.817127441,0.560183827,0.000000000,2.372538844,0.112229209,0.001317894,2.368180921,0.111769381,0.000000000,-180.015987368,-0.020876095,0.012947182,-180.000000000,0.000000000,0.000000000,-0.009683786,0.032740553,-0.004357923,0.015987368,0.073725999,0.014153319,-0.000459827,0.020876095,0.026950131,-0.166399673,-0.001317894,-0.012947182
14.690000057,6.837062871,0.485978064,-0.019335997,6.828866623,0.560090783,0.000000000,6.795342513,0.549365837,0.166766437,6.828339826,0.560183827,0.000000000,2.374783043,0.112195740,-0.001673446,2.370418046,0.111769381,0.000000000,-180.016391837,-0.019877935,0.049907994,-180.000000000,0.000000000,0.000000000,-0.008196248,0.032997313,-0.004364997,0.016391837,0.074112719,0.010817990,-0.000426359,0.019877935,0.019335997,-0.166766437,0.001673446,-0.049907994
14.710000038,6.846779698,0.485741480,-0.011829214,6.840070291,0.560090783,0.000000000,6.806364860,0.552701602,0.166788259,6.839545355,0.560183827,0.000000000,2.377026960,0.112198646,0.000145318,2.372653803,0.111769381,0.000000000,-180.016781734,-0.019065960,0.040598757,-180.000000000,0.000000000,0.000000000,-0.006709408,0.033180495,-0.004373157,0.016781734,0.074349303,0.007482225,-0.000429265,0.019065960,0.011829214,-0.166788259,-0.000145318,-0.040598757
14.730000019,6.856493369,0.485654929,-0.004327523,6.851267102,0.560090783,0.000000000,6.817453869,0.556031162,0.166477999,6.850744027,0.560183827,0.000000000,2.379271254,0.112223651,0.001250228,2.374888192,0.111769381,0.000000000,-180.017156327,-0.018272023,0.039696876,-180.000000000,0.000000000,0.000000000,-0.005226267,0.033290158,-0.004383062,0.017156327,0.074435854,0.004152665,-0.000454269,0.018272023,0.004327523,-0.166477999,-0.001250228,-0.039696876
14.750000000,6.866206891,0.485718757,0.003191384,6.862467558,0.560090783,0.000000000,6.828609342,0.559347709,0.165827362,6.861946343,0.560183827,0.000000000,2.381515380,0.112196525,-0.001356274,2.377123308,0.111769381,0.000000000,-180.017505640,-0.016943432,0.066429557,-180.000000000,0.000000000,0.000000000,-0.003739333,0.033337001,-0.004392072,0.017505640,0.074372026,0.000836117,-0.000427144,0.016943432,-0.003191384,-0.165827362,0.001356274,-0.066429557
14.769999981,6.875923242,0.485930434,0.010583829,6.873671658,0.560090783,0.000000000,6.839830955,0.562644968,0.164862904,6.873152304,0.560183827,0.000000000,2.383759665,0.112224162,0.001381835,2.379359152,0.111769381,0.000000000,-180.017827004,-0.015920855,0.051128838,-180.000000000,0.000000000,0.000000000,-0.002251584,0.033321349,-0.004400514,0.017827004,0.074160350,-0.002461141,-0.000454781,0.015920855,-0.010583829,-0.164862904,-0.001381835,-0.051128838
14.789999962,6.885645385,0.486290185,0.017987587,6.884873760,0.560090783,0.000000000,6.851118251,0.565916212,0.163562209,6.884356267,0.560183827,0.000000000,2.386003765,0.112190889,-0.001663640,2.381594597,0.111769381,0.000000000,-180.018112412,-0.014317595,0.080163013,-180.000000000,0.000000000,0.000000000,-0.000771625,0.033238016,-0.004409169,0.018112412,0.073800598,-0.005732385,-0.000421508,0.014317595,-0.017987587,-0.163562209,0.001663640,-0.080163013
14.809999943,6.895376247,0.486794753,0.025228399,6.896074606,0.560090783,0.000000000,6.862470641,0.569154888,0.161933826,6.895558974,0.560183827,0.000000000,2.388247593,0.112194623,0.000186723,2.383829791,0.111769381,0.000000000,-180.018356482,-0.012904565,0.070651489,-180.000000000,0.000000000,0.000000000,0.000698359,0.033088333,-0.004417802,0.018356482,0.073296030,-0.008971061,-0.000425242,0.012904565,-0.025228399,-0.161933826,-0.000186723,-0.070651489
14.830000162,6.905118706,0.487442520,0.032388326,6.907274330,0.560090783,0.000000000,6.873887407,0.572354759,0.159993534,6.906760558,0.560183827,0.000000000,2.390491819,0.112220725,0.001305088,2.386064761,0.111769381,0.000000000,-180.018560075,-0.011545351,0.067960714,-180.000000000,0.000000000,0.000000000,0.002155623,0.032873151,-0.004427059,0.018560075,0.072648263,-0.012170932,-0.000451344,0.011545351,-0.032388326,-0.159993534,-0.001305088,-0.067960714
14.850000143,6.914875615,0.488232109,0.039479478,6.918474441,0.560090783,0.000000000,6.885367707,0.575509524,0.157738257,6.917962529,0.560183827,0.000000000,2.392735889,0.112193896,-0.001341453,2.388299808,0.111769381,0.000000000,-180.018715478,-0.009808206,0.086857251,-180.000000000,0.000000000,0.000000000,0.003598825,0.032594822,-0.004436081,0.018715478,0.071858674,-0.015325697,-0.000424515,0.009808206,-0.039479478,-0.157738257,0.001341453,-0.086857251
14.870000124,6.924649771,0.489159982,0.046393605,6.929675073,0.560090783,0.000000000,6.896910578,0.578613377,0.155192665,6.929165022,0.560183827,0.000000000,2.394980134,0.112222632,0.001436788,2.390534960,0.111769381,0.000000000,-180.018822000,-0.008355018,0.072659390,-180.000000000,0.000000000,0.000000000,0.005025301,0.032254444,-0.004445175,0.018822000,0.070930802,-0.018429550,-0.000453251,0.008355018,-0.046393605,-0.155192665,-0.001436788,-0.072659390
14.890000105,6.934443925,0.490224550,0.053228450,6.940879760,0.560090783,0.000000000,6.908514937,0.581660280,0.152345109,6.940371571,0.560183827,0.000000000,2.397224206,0.112189623,-0.001650422,2.392770920,0.111769381,0.000000000,-180.018874189,-0.006514914,0.092005184,-180.000000000,0.000000000,0.000000000,0.006435834,0.031856633,-0.004453286,0.018874189,0.069866233,-0.021476453,-0.000420242,0.006514914,-0.053228450,-0.152345109,0.001650422,-0.092005184
14.910000086,6.944260767,0.491421565,0.059850745,6.952081208,0.560090783,0.000000000,6.920179584,0.584644240,0.149198042,6.951574879,0.560183827,0.000000000,2.399468015,0.112194042,0.000220932,2.395006234,0.111769381,0.000000000,-180.018869154,-0.004868696,0.082310909,-180.000000000,0.000000000,0.000000000,0.007820440,0.031395295,-0.004461781,0.018869154,0.068669218,-0.024460413,-0.000424661,0.004868696,-0.059850745,-0.149198042,-0.000220932,-0.082310909
14.930000067,6.954102914,0.492748035,0.066323465,6.963279417,0.560090783,0.000000000,6.931903200,0.587559741,0.145775015,6.962774949,0.560183827,0.000000000,2.401712240,0.112221057,0.001350725,2.397240902,0.111769381,0.000000000,-180.018809774,-0.003316193,0.077625129,-180.000000000,0.000000000,0.000000000,0.009176503,0.030871749,-0.004471338,0.018809774,0.067342749,-0.027375914,-0.000451676,0.003316193,-0.066323465,-0.145775015,-0.001350725,-0.077625129
14.950000048,6.963972925,0.494201039,0.072650217,6.974481646,0.560090783,0.000000000,6.943684359,0.590401350,0.142080479,6.973979039,0.560183827,0.000000000,2.403956320,0.112194566,-0.001324516,2.399476373,0.111769381,0.000000000,-180.018691354,-0.001561151,0.087752134,-180.000000000,0.000000000,0.000000000,0.010508722,0.030294681,-0.004479947,0.018691354,0.065889744,-0.030217523,-0.000425185,0.001561151,-0.072650217,-0.142080479,0.001324516,-0.087752134
14.970000029,6.973873283,0.495776171,0.078756579,6.985687897,0.560090783,0.000000000,6.955521528,0.593163925,0.138128738,6.985187152,0.560183827,0.000000000,2.406200587,0.112224101,0.001476726,2.401712645,0.111769381,0.000000000,-180.018515512,-0.000056888,0.075213151,-180.000000000,0.000000000,0.000000000,0.011814614,0.029665624,-0.004487942,0.018515512,0.064314613,-0.032980098,-0.000454720,0.000056888,-0.078756579,-0.138128738,-0.001476726,-0.075213151
14.990000010,6.983806401,0.497470249,0.084703934,6.996885466,0.560090783,0.000000000,6.967413075,0.595842489,0.133928215,6.996386580,0.560183827,0.000000000,2.408444691,0.112191342,-0.001637926,2.403947185,0.111769381,0.000000000,-180.018279824,0.001627085,0.084198646,-180.000000000,0.000000000,0.000000000,0.013079064,0.028973505,-0.004497505,0.018279824,0.062620534,-0.035658662,-0.000421961,-0.001627085,-0.084703934,-0.133928215,0.001637926,-0.084198646
15.009999990,6.993774604,0.499278193,0.090397185,7.008087067,0.560090783,0.000000000,6.979357265,0.598431801,0.129465566,7.007590043,0.560183827,0.000000000,2.410688540,0.112196283,0.000247062,2.406182530,0.111769381,0.000000000,-180.017984169,0.003125117,0.074901594,-180.000000000,0.000000000,0.000000000,0.014312463,0.028232778,-0.004506009,0.017984169,0.060812590,-0.038247974,-0.000426902,-0.003125117,-0.090397185,-0.129465566,-0.000247062,-0.074901594
15.029999971,7.003780124,0.501195847,0.095882695,7.019292703,0.560090783,0.000000000,6.991352264,0.600927330,0.124776445,7.018797540,0.560183827,0.000000000,2.412932815,0.112223829,0.001377279,2.408418680,0.111769381,0.000000000,-180.017633365,0.004499849,0.068736608,-180.000000000,0.000000000,0.000000000,0.015512579,0.027445276,-0.004514135,0.017633365,0.058894936,-0.040743503,-0.000454448,-0.004499849,-0.095882695,-0.124776445,-0.001377279,-0.068736608
15.049999952,7.013825113,0.503218997,0.101157508,7.030494127,0.560090783,0.000000000,7.003396151,0.603324821,0.119874564,7.030000825,0.560183827,0.000000000,2.415176952,0.112197561,-0.001313419,2.410653990,0.111769381,0.000000000,-180.017225922,0.005903403,0.070177679,-180.000000000,0.000000000,0.000000000,0.016669014,0.026604675,-0.004522963,0.017225922,0.056871786,-0.043140994,-0.000428180,-0.005903403,-0.101157508,-0.119874564,0.001313419,-0.070177679
15.070000172,7.023911627,0.505342543,0.106177318,7.041691474,0.560090783,0.000000000,7.015486919,0.605619944,0.114756140,7.041200032,0.560183827,0.000000000,2.417421285,0.112227566,0.001500266,2.412888486,0.111769381,0.000000000,-180.016765593,0.007109041,0.060281899,-180.000000000,0.000000000,0.000000000,0.017779847,0.025713114,-0.004532799,0.016765593,0.054748240,-0.045436117,-0.000458185,-0.007109041,-0.106177318,-0.114756140,-0.001500266,-0.060281899
15.090000153,7.034041628,0.507562009,0.110973301,7.052902776,0.560090783,0.000000000,7.027622484,0.607809097,0.109457692,7.052413196,0.560183827,0.000000000,2.419665460,0.112195024,-0.001627097,2.415125766,0.111769381,0.000000000,-180.016252909,0.008295117,0.059303822,-180.000000000,0.000000000,0.000000000,0.018861148,0.024790713,-0.004539694,0.016252909,0.052528774,-0.047625271,-0.000425643,-0.008295117,-0.110973301,-0.109457692,0.001627097,-0.059303822
15.110000134,7.044216974,0.509871675,0.115483273,7.064105220,0.560090783,0.000000000,7.039800680,0.609887929,0.103941578,7.063617502,0.560183827,0.000000000,2.421909385,0.112200141,0.000255835,2.417361279,0.111769381,0.000000000,-180.015690250,0.009324887,0.051488491,-180.000000000,0.000000000,0.000000000,0.019888246,0.023816822,-0.004548105,0.015690250,0.050219108,-0.049704102,-0.000430760,-0.009324887,-0.115483273,-0.103941578,-0.000255835,-0.051488491
15.130000114,7.054439415,0.512266482,0.119740358,7.075298808,0.560090783,0.000000000,7.052019264,0.611853110,0.098259052,7.074812949,0.560183827,0.000000000,2.424153740,0.112227911,0.001388522,2.419595025,0.111769381,0.000000000,-180.015083824,0.010222457,0.044878506,-180.000000000,0.000000000,0.000000000,0.020859392,0.022793685,-0.004558715,0.015083824,0.047824301,-0.051669283,-0.000458530,-0.010222457,-0.119740358,-0.098259052,-0.001388522,-0.044878506
15.150000095,7.064710602,0.514741235,0.123737645,7.086499459,0.560090783,0.000000000,7.064275934,0.613701798,0.092434372,7.086015460,0.560183827,0.000000000,2.426397960,0.112201797,-0.001305684,2.421830180,0.111769381,0.000000000,-180.014435011,0.010994821,0.038618190,-180.000000000,0.000000000,0.000000000,0.021788857,0.021739527,-0.004567780,0.014435011,0.045349548,-0.053517971,-0.000432416,-0.010994821,-0.123737645,-0.092434372,0.001305684,-0.038618190
15.170000076,7.075032073,0.517290341,0.127455306,7.097707172,0.560090783,0.000000000,7.076568323,0.615430583,0.086439273,7.097225036,0.560183827,0.000000000,2.428642376,0.112231689,0.001494563,2.424066745,0.111769381,0.000000000,-180.013749040,0.011647763,0.032647083,-180.000000000,0.000000000,0.000000000,0.022675099,0.020656713,-0.004575632,0.013749040,0.042800442,-0.055246756,-0.000462308,-0.011647763,-0.127455306,-0.086439273,-0.001494563,-0.032647083
15.190000057,7.085405260,0.519908382,0.130902024,7.108911833,0.560090783,0.000000000,7.088894012,0.617037467,0.080344209,7.108431558,0.560183827,0.000000000,2.430886634,0.112199101,-0.001629385,2.426302700,0.111769381,0.000000000,-180.013028821,0.012107312,0.022977448,-180.000000000,0.000000000,0.000000000,0.023506574,0.019537546,-0.004583933,0.013028821,0.040182402,-0.056853640,-0.000429720,-0.012107312,-0.130902024,-0.080344209,0.001629385,-0.022977448
15.210000038,7.095831477,0.522589208,0.134041320,7.120115553,0.560090783,0.000000000,7.101250528,0.618519077,0.074080506,7.119637140,0.560183827,0.000000000,2.433130639,0.112204074,0.000248666,2.428538468,0.111769381,0.000000000,-180.012278535,0.012466695,0.017969179,-180.000000000,0.000000000,0.000000000,0.024284077,0.018386611,-0.004592171,0.012278535,0.037501575,-0.058335250,-0.000434693,-0.012466695,-0.134041320,-0.074080506,-0.000248666,-0.017969179
15.230000019,7.106311919,0.525327156,0.136897409,7.131318333,0.560090783,0.000000000,7.113635343,0.619873429,0.067717607,7.130841780,0.560183827,0.000000000,2.435375068,0.112231475,0.001370050,2.430774048,0.111769381,0.000000000,-180.011504869,0.012712527,0.012291600,-180.000000000,0.000000000,0.000000000,0.025006414,0.017206437,-0.004601021,0.011504869,0.034763627,-0.059689602,-0.000462094,-0.012712527,-0.136897409,-0.067717607,-0.001370050,-0.012291600
15.250000000,7.116847669,0.528116396,0.139461999,7.142519431,0.560090783,0.000000000,7.126045899,0.621099243,0.061290700,7.142044738,0.560183827,0.000000000,2.437619359,0.112205232,-0.001312173,2.433009292,0.111769381,0.000000000,-180.010711297,0.012711419,-0.000055402,-180.000000000,0.000000000,0.000000000,0.025671762,0.015998840,-0.004610067,0.010711297,0.031974387,-0.060915416,-0.000435851,-0.012711419,-0.139461999,-0.061290700,0.001312173,0.000055402
15.269999981,7.127439690,0.530951054,0.141732917,7.153718847,0.560090783,0.000000000,7.138479597,0.622194094,0.054742547,7.153246015,0.560183827,0.000000000,2.439863839,0.112234695,0.001473139,2.435244201,0.111769381,0.000000000,-180.009903585,0.012695006,-0.000820647,-180.000000000,0.000000000,0.000000000,0.026279157,0.014766418,-0.004619638,0.009903585,0.029139729,-0.062010267,-0.000465314,-0.012695006,-0.141732917,-0.054742547,-0.001473139,0.000820647
15.289999962,7.138088829,0.533825168,0.143705653,7.164937581,0.560090783,0.000000000,7.150933817,0.623157723,0.048181457,7.164466613,0.560183827,0.000000000,2.442108156,0.112202056,-0.001631935,2.437482965,0.111769381,0.000000000,-180.009086124,0.012348865,-0.017307087,-180.000000000,0.000000000,0.000000000,0.026848752,0.013532796,-0.004625191,0.009086124,0.026265616,-0.062973897,-0.000432675,-0.012348865,-0.143705653,-0.048181457,0.001631935,0.017307087
15.309999943,7.148795808,0.536732357,0.145359485,7.176144689,0.560090783,0.000000000,7.163405910,0.623987755,0.041501552,7.175675583,0.560183827,0.000000000,2.444352217,0.112207154,0.000254886,2.439719408,0.111769381,0.000000000,-180.008264095,0.011937432,-0.020571633,-180.000000000,0.000000000,0.000000000,0.027348881,0.012269673,-0.004632809,0.008264095,0.023358426,-0.063803928,-0.000437773,-0.011937432,-0.145359485,-0.041501552,-0.000254886,0.020571633
15.330000162,7.159561226,0.539666830,0.146723625,7.187340305,0.560090783,0.000000000,7.175893195,0.624683801,0.034802343,7.186873059,0.560183827,0.000000000,2.446596699,0.112232866,0.001285620,2.441953559,0.111769381,0.000000000,-180.007444087,0.011593781,-0.017182547,-180.000000000,0.000000000,0.000000000,0.027779079,0.010979864,-0.004643140,0.007444087,0.020423954,-0.064499974,-0.000463485,-0.011593781,-0.146723625,-0.034802343,-0.001285620,0.017182547
15.350000143,7.170385565,0.542622243,0.147770687,7.198539284,0.560090783,0.000000000,7.188392998,0.625245920,0.028105918,7.198073898,0.560183827,0.000000000,2.448841020,0.112207702,-0.001258189,2.444188380,0.111769381,0.000000000,-180.006628389,0.010736084,-0.042884848,-180.000000000,0.000000000,0.000000000,0.028153719,0.009680900,-0.004652640,0.006628389,0.017468540,-0.065062093,-0.000438321,-0.010736084,-0.147770687,-0.028105918,0.001258189,0.042884848
15.370000124,7.181269182,0.545592876,0.148531626,7.209741760,0.560090783,0.000000000,7.200902623,0.625672986,0.021353303,7.209278235,0.560183827,0.000000000,2.451085528,0.112232635,0.001246637,2.446423900,0.111769381,0.000000000,-180.005825913,0.010065715,-0.033518443,-180.000000000,0.000000000,0.000000000,0.028472579,0.008375612,-0.004661628,0.005825913,0.014497907,-0.065489159,-0.000463254,-0.010065715,-0.148531626,-0.021353303,-0.001246637,0.033518443
15.390000105,7.192212316,0.548572528,0.148982593,7.220951857,0.560090783,0.000000000,7.213419387,0.625966317,0.014666539,7.220490195,0.560183827,0.000000000,2.453329805,0.112200526,-0.001605439,2.448660940,0.111769381,0.000000000,-180.005039687,0.008933832,-0.056594140,-180.000000000,0.000000000,0.000000000,0.028739541,0.007070808,-0.004668865,0.005039687,0.011518255,-0.065782490,-0.000431145,-0.008933832,-0.148982593,-0.014666539,0.001605439,0.056594140
15.410000086,7.203215083,0.551554956,0.149121387,7.232150350,0.560090783,0.000000000,7.225940601,0.626124741,0.007921208,7.231690547,0.560183827,0.000000000,2.455573828,0.112204912,0.000219261,2.450895665,0.111769381,0.000000000,-180.004275457,0.007903355,-0.051523859,-180.000000000,0.000000000,0.000000000,0.028935267,0.005749947,-0.004678164,0.004275457,0.008535828,-0.065940914,-0.000435530,-0.007903355,-0.149121387,-0.007921208,-0.000219261,0.051523859
15.430000067,7.214277475,0.554534252,0.148964846,7.243337237,0.560090783,0.000000000,7.238463573,0.626149262,0.001226041,7.242879293,0.560183827,0.000000000,2.457818252,0.112228463,0.001177588,2.453128073,0.111769381,0.000000000,-180.003536850,0.006968175,-0.046758987,-180.000000000,0.000000000,0.000000000,0.029059763,0.004415721,-0.004690178,0.003536850,0.005556531,-0.065965435,-0.000459082,-0.006968175,-0.148964846,-0.001226041,-0.001177588,0.046758987
15.450000048,7.225399368,0.557504592,0.148516978,7.254530100,0.560090783,0.000000000,7.250985648,0.626041433,-0.005391411,7.254074015,0.560183827,0.000000000,2.460062487,0.112203981,-0.001224097,2.455361674,0.111769381,0.000000000,-180.002826349,0.005638789,-0.066469317,-180.000000000,0.000000000,0.000000000,0.029130731,0.003088367,-0.004700813,0.002826349,0.002586191,-0.065857606,-0.000434600,-0.005638789,-0.148516978,0.005391411,0.001224097,0.066469317
15.470000029,7.236580523,0.560460117,0.147776256,7.265728936,0.560090783,0.000000000,7.263504171,0.625801370,-0.012003168,7.265274712,0.560183827,0.000000000,2.462306913,0.112229381,0.001269994,2.457596467,0.111769381,0.000000000,-180.002149254,0.004507257,-0.056576620,-180.000000000,0.000000000,0.000000000,0.029148413,0.001770540,-0.004710446,0.002149254,-0.000369334,-0.065617543,-0.000460000,-0.004507257,-0.147776256,0.012003168,-0.001269994,0.056576620
15.490000010,7.247820580,0.563394944,0.146741339,7.276941408,0.560090783,0.000000000,7.276016534,0.625431737,-0.018481632,7.276489046,0.560183827,0.000000000,2.464551125,0.112197200,-0.001609036,2.459833981,0.111769381,0.000000000,-180.001509160,0.002871921,-0.081766803,-180.000000000,0.000000000,0.000000000,0.029120828,0.000472512,-0.004717143,0.001509160,-0.003304161,-0.065247910,-0.000427819,-0.002871921,-0.146741339,0.018481632,0.001609036,0.081766803
15.509999990,7.259119063,0.566303030,0.145404285,7.288148247,0.560090783,0.000000000,7.288520140,0.624932385,-0.024967608,7.287697747,0.560183827,0.000000000,2.466795077,0.112201780,0.000228983,2.462070371,0.111769381,0.000000000,-180.000911194,0.001481309,-0.069530588,-180.000000000,0.000000000,0.000000000,0.029029183,-0.000822393,-0.004724705,0.000911194,-0.006212246,-0.064748558,-0.000432399,-0.001481309,-0.145404285,0.024967608,-0.000228983,0.069530588
15.529999971,7.270475378,0.569178818,0.143789420,7.299349452,0.560090783,0.000000000,7.301012413,0.624305559,-0.031341325,7.298900813,0.560183827,0.000000000,2.469039427,0.112225425,0.001182223,2.464305637,0.111769381,0.000000000,-180.000355904,0.000244782,-0.061826346,-180.000000000,0.000000000,0.000000000,0.028874074,-0.002111601,-0.004733790,0.000355904,-0.009088035,-0.064121732,-0.000456044,-0.000244782,-0.143789420,0.031341325,-0.001182223,0.061826346
15.549999952,7.281888818,0.572016595,0.141888826,7.310548946,0.560090783,0.000000000,7.313490846,0.623554484,-0.037553752,7.310102167,0.560183827,0.000000000,2.471283602,0.112201829,-0.001179789,2.466540561,0.111769381,0.000000000,-179.999845748,-0.001422999,-0.083389073,-180.000000000,0.000000000,0.000000000,0.028660127,-0.003388679,-0.004743041,-0.000154252,-0.011925811,-0.063370657,-0.000432448,0.001422999,-0.141888826,0.037553752,0.001179789,0.083389073
15.570000172,7.293358567,0.574810927,0.139716642,7.321746861,0.560090783,0.000000000,7.325952952,0.622679863,-0.043731026,7.321301943,0.560183827,0.000000000,2.473527966,0.112224527,0.001134926,2.468775171,0.111769381,0.000000000,-179.999383805,-0.002775872,-0.067643643,-180.000000000,0.000000000,0.000000000,0.028388294,-0.004651009,-0.004752795,-0.000616195,-0.014720144,-0.062496036,-0.000455146,0.002775872,-0.139716642,0.043731026,-0.001134926,0.067643643
15.590000153,7.304883701,0.577556572,0.137282252,7.332956296,0.560090783,0.000000000,7.338396315,0.621686245,-0.049680899,7.332513240,0.560183827,0.000000000,2.475772080,0.112192518,-0.001600479,2.471012079,0.111769381,0.000000000,-179.998973641,-0.004594702,-0.090941477,-180.000000000,0.000000000,0.000000000,0.028072595,-0.005883075,-0.004760001,-0.001026359,-0.017465789,-0.061502418,-0.000423137,0.004594702,-0.137282252,0.049680899,0.001600479,0.090941477
15.610000134,7.316463185,0.580247878,0.134565295,7.344156612,0.560090783,0.000000000,7.350818560,0.620574470,-0.055588740,7.343715416,0.560183827,0.000000000,2.478015928,0.112196047,0.000176465,2.473247167,0.111769381,0.000000000,-179.998617287,-0.006113629,-0.075946372,-180.000000000,0.000000000,0.000000000,0.027693426,-0.007103144,-0.004768761,-0.001382713,-0.020157095,-0.060390643,-0.000426666,0.006113629,-0.134565295,0.055588740,-0.000176465,0.075946372
15.630000114,7.328095882,0.582879919,0.131602027,7.355347809,0.560090783,0.000000000,7.363217357,0.619348046,-0.061321208,7.354908473,0.560183827,0.000000000,2.480260142,0.112216244,0.001009825,2.475480436,0.111769381,0.000000000,-179.998313356,-0.007502011,-0.069419100,-180.000000000,0.000000000,0.000000000,0.027251927,-0.008308885,-0.004779706,-0.001686645,-0.022789136,-0.059164219,-0.000446863,0.007502011,-0.131602027,0.061321208,-0.001009825,0.069419100
15.650000095,7.339780555,0.585447968,0.128402438,7.366548544,0.560090783,0.000000000,7.375590469,0.618011597,-0.066822447,7.366111068,0.560183827,0.000000000,2.482504132,0.112192281,-0.001198146,2.477715608,0.111769381,0.000000000,-179.998064604,-0.009215802,-0.085689550,-180.000000000,0.000000000,0.000000000,0.026767989,-0.009479401,-0.004788524,-0.001935396,-0.025357184,-0.057827770,-0.000422900,0.009215802,-0.128402438,0.066822447,0.001198146,0.085689550
15.670000076,7.351515874,0.587947177,0.124960481,7.377758816,0.560090783,0.000000000,7.387935702,0.616566633,-0.072248198,7.377323203,0.560183827,0.000000000,2.484748289,0.112213656,0.001068781,2.479952683,0.111769381,0.000000000,-179.997869601,-0.010512841,-0.064851939,-180.000000000,0.000000000,0.000000000,0.026242942,-0.010612500,-0.004795606,-0.002130399,-0.027856394,-0.056382806,-0.000444275,0.010512841,-0.124960481,0.072248198,-0.001068781,0.064851939
15.690000057,7.363300417,0.590373281,0.121305208,7.388951357,0.560090783,0.000000000,7.400250956,0.615019034,-0.077379954,7.388517602,0.560183827,0.000000000,2.486992189,0.112182346,-0.001565501,2.482186220,0.111769381,0.000000000,-179.997730186,-0.012244233,-0.086569620,-180.000000000,0.000000000,0.000000000,0.025650939,-0.011733354,-0.004805969,-0.002269814,-0.030282498,-0.054835207,-0.000412965,0.012244233,-0.121305208,0.077379954,0.001565501,0.086569620
15.710000038,7.375132671,0.592721301,0.117400958,7.400150045,0.560090783,0.000000000,7.412534189,0.613370232,-0.082440103,7.399718151,0.560183827,0.000000000,2.489235828,0.112185315,0.000148432,2.484420983,0.111769381,0.000000000,-179.997645829,-0.013597625,-0.067669589,-180.000000000,0.000000000,0.000000000,0.025017374,-0.012816038,-0.004814845,-0.002354171,-0.032630517,-0.053186405,-0.000415934,0.013597625,-0.117400958,0.082440103,-0.000148432,0.067669589
15.730000019,7.387011028,0.594987191,0.113294508,7.411354881,0.560090783,0.000000000,7.424783420,0.611624726,-0.087275317,7.410924848,0.560183827,0.000000000,2.491479815,0.112204516,0.000960068,2.486656973,0.111769381,0.000000000,-179.997612718,-0.014755074,-0.057872415,-180.000000000,0.000000000,0.000000000,0.024343853,-0.013858572,-0.004822842,-0.002387282,-0.034896408,-0.051440899,-0.000435135,0.014755074,-0.113294508,0.087275317,-0.000960068,0.057872415
15.750000000,7.398933809,0.597167231,0.109002003,7.422566639,0.560090783,0.000000000,7.436996783,0.609788174,-0.091827573,7.422138470,0.560183827,0.000000000,2.493723572,0.112180531,-0.001199273,2.488894345,0.111769381,0.000000000,-179.997632321,-0.016207132,-0.072602906,-180.000000000,0.000000000,0.000000000,0.023632831,-0.014858313,-0.004829227,-0.002367679,-0.037076448,-0.049604347,-0.000411150,0.016207132,-0.109002003,0.091827573,0.001199273,0.072602906
15.769999981,7.410899250,0.599257277,0.104502331,7.433785321,0.560090783,0.000000000,7.449172469,0.607862762,-0.096270595,7.433359015,0.560183827,0.000000000,2.495967483,0.112201070,0.001026986,2.491133099,0.111769381,0.000000000,-179.997700761,-0.017168090,-0.048047940,-180.000000000,0.000000000,0.000000000,0.022886071,-0.015813454,-0.004834385,-0.002299239,-0.039166494,-0.047678935,-0.000431689,0.017168090,-0.104502331,0.096270595,-0.001026986,0.048047940
15.789999962,7.422905523,0.601254236,0.099847933,7.444974315,0.560090783,0.000000000,7.461308784,0.605855442,-0.100366024,7.444549868,0.560183827,0.000000000,2.498211136,0.112170153,-0.001545882,2.493365928,0.111769381,0.000000000,-179.997818452,-0.018536079,-0.068399439,-180.000000000,0.000000000,0.000000000,0.022068793,-0.016758916,-0.004845208,-0.002181548,-0.041163453,-0.045671615,-0.000400772,0.018536079,-0.099847933,0.100366024,0.001545882,0.068399439
15.809999943,7.434950718,0.603153900,0.094983196,7.456169747,0.560090783,0.000000000,7.473404106,0.603768271,-0.104358566,7.455747159,0.560183827,0.000000000,2.500454530,0.112172869,0.000135819,2.495600041,0.111769381,0.000000000,-179.997982985,-0.019470489,-0.046720481,-180.000000000,0.000000000,0.000000000,0.021219028,-0.017656947,-0.004854489,-0.002017015,-0.043063117,-0.043584444,-0.000403488,0.019470489,-0.094983196,0.104358566,-0.000135819,0.046720481
15.830000162,7.447032858,0.604953288,0.089969400,7.467371748,0.560090783,0.000000000,7.485456890,0.601606556,-0.108085741,7.466951021,0.560183827,0.000000000,2.502698260,0.112191478,0.000930419,2.497835466,0.111769381,0.000000000,-179.998188151,-0.020167602,-0.034855641,-180.000000000,0.000000000,0.000000000,0.020338890,-0.018505869,-0.004862794,-0.001811849,-0.044862505,-0.041422729,-0.000422097,0.020167602,-0.089969400,0.108085741,-0.000930419,0.034855641
15.850000143,7.459149912,0.606649907,0.084830933,7.478572119,0.560090783,0.000000000,7.497465721,0.599376713,-0.111492152,7.478153253,0.560183827,0.000000000,2.504941759,0.112166683,-0.001239749,2.500070565,0.111769381,0.000000000,-179.998434432,-0.021163610,-0.049800412,-180.000000000,0.000000000,0.000000000,0.019422207,-0.019312468,-0.004871193,-0.001565568,-0.046559123,-0.039192886,-0.000397302,0.021163610,-0.084830933,0.111492152,0.001239749,0.049800412
15.870000124,7.471299788,0.608240396,0.079524482,7.489770993,0.560090783,0.000000000,7.509429257,0.597081652,-0.114753042,7.489353987,0.560183827,0.000000000,2.507185385,0.112186656,0.000998665,2.502305366,0.111769381,0.000000000,-179.998716764,-0.021602672,-0.021953099,-180.000000000,0.000000000,0.000000000,0.018471205,-0.020075270,-0.004880019,-0.001283236,-0.048149613,-0.036897825,-0.000417275,0.021602672,-0.079524482,0.114753042,-0.000998665,0.021953099
15.890000105,7.483480346,0.609723034,0.074131864,7.500978243,0.560090783,0.000000000,7.521346283,0.594729073,-0.117628926,7.500563099,0.560183827,0.000000000,2.509428757,0.112156358,-0.001514920,2.504541838,0.111769381,0.000000000,-179.999033588,-0.022417329,-0.040732840,-180.000000000,0.000000000,0.000000000,0.017497896,-0.020783185,-0.004886919,-0.000966412,-0.049632250,-0.034545246,-0.000386977,0.022417329,-0.074131864,0.117628926,0.001514920,0.040732840
15.910000086,7.495689394,0.611094508,0.068573700,7.512182637,0.560090783,0.000000000,7.533215672,0.592321454,-0.120380972,7.511769354,0.560183827,0.000000000,2.511671875,0.112158980,0.000131129,2.506777740,0.111769381,0.000000000,-179.999381100,-0.022779924,-0.018129747,-180.000000000,0.000000000,0.000000000,0.016493243,-0.021446317,-0.004894135,-0.000618900,-0.051003724,-0.032137627,-0.000389599,0.022779924,-0.068573700,0.120380972,-0.000131129,0.018129747
15.930000067,7.507924687,0.612353054,0.062927306,7.523384176,0.560090783,0.000000000,7.545036378,0.589864559,-0.122844769,7.522972754,0.560183827,0.000000000,2.513915322,0.112177326,0.000917275,2.509013072,0.111769381,0.000000000,-179.999751469,-0.022891125,-0.005560072,-180.000000000,0.000000000,0.000000000,0.015459490,-0.022063623,-0.004902250,-0.000248531,-0.052262270,-0.029680732,-0.000407945,0.022891125,-0.062927306,0.122844769,-0.000917275,0.005560072
15.950000048,7.520183957,0.613497518,0.057223194,7.534581463,0.560090783,0.000000000,7.556807497,0.587365332,-0.124961324,7.534171901,0.560183827,0.000000000,2.516158550,0.112154461,-0.001143253,2.511247556,0.111769381,0.000000000,-180.000144370,-0.023239980,-0.017442765,-180.000000000,0.000000000,0.000000000,0.014397506,-0.022635596,-0.004910994,0.000144370,-0.053406734,-0.027181505,-0.000385080,0.023239980,-0.057223194,0.124961324,0.001143253,0.017442765
15.970000029,7.532464895,0.614525558,0.051401997,7.545774497,0.560090783,0.000000000,7.568528205,0.584826704,-0.126931404,7.545366795,0.560183827,0.000000000,2.518401929,0.112174244,0.000989154,2.513481192,0.111769381,0.000000000,-180.000552975,-0.023078374,0.008080340,-180.000000000,0.000000000,0.000000000,0.013309602,-0.023161410,-0.004920737,0.000552975,-0.054434774,-0.024642877,-0.000404863,0.023078374,-0.051401997,0.126931404,-0.000989154,-0.008080340
15.990000010,7.544765172,0.615436945,0.045569386,7.556985734,0.560090783,0.000000000,7.580197806,0.582256768,-0.128496814,7.556579894,0.560183827,0.000000000,2.520645063,0.112144837,-0.001470317,2.515718459,0.111769381,0.000000000,-180.000976199,-0.023261413,-0.009151947,-180.000000000,0.000000000,0.000000000,0.012220562,-0.023617912,-0.004926604,0.000976199,-0.055346162,-0.022072941,-0.000375456,0.023261413,-0.045569386,0.128496814,0.001470317,0.009151947
16.009999990,7.557082429,0.616229338,0.039619663,7.568191630,0.560090783,0.000000000,7.591815699,0.579658176,-0.129929608,7.567787652,0.560183827,0.000000000,2.522887952,0.112147550,0.000135631,2.517954661,0.111769381,0.000000000,-180.001409853,-0.023020562,0.012042507,-180.000000000,0.000000000,0.000000000,0.011109201,-0.024028047,-0.004933291,0.001409853,-0.056138555,-0.019474349,-0.000378169,0.023020562,-0.039619663,0.129929608,-0.000135631,-0.012042507
16.029999971,7.569414279,0.616902228,0.033644482,7.579392185,0.560090783,0.000000000,7.603381370,0.577036961,-0.131060736,7.578990067,0.560183827,0.000000000,2.525131167,0.112165719,0.000908459,2.520189797,0.111769381,0.000000000,-180.001845629,-0.022546908,0.023682720,-180.000000000,0.000000000,0.000000000,0.009977906,-0.024391302,-0.004941370,0.001845629,-0.056811445,-0.016853134,-0.000396338,0.022546908,-0.033644482,0.131060736,-0.000908459,-0.023682720
16.049999952,7.581758337,0.617455846,0.027680918,7.590588996,0.560090783,0.000000000,7.614894449,0.574400293,-0.131833403,7.590188739,0.560183827,0.000000000,2.527374172,0.112143542,-0.001108862,2.522424186,0.111769381,0.000000000,-180.002283196,-0.022291737,0.012758553,-180.000000000,0.000000000,0.000000000,0.008830659,-0.024705711,-0.004949986,0.002283196,-0.057365063,-0.014216466,-0.000374161,0.022291737,-0.027680918,0.131833403,0.001108862,-0.012758553
16.070000172,7.594112199,0.617888807,0.021648007,7.601782198,0.560090783,0.000000000,7.626354651,0.571751206,-0.132454317,7.601383800,0.560183827,0.000000000,2.529617329,0.112163197,0.000982740,2.524657855,0.111769381,0.000000000,-180.002715638,-0.021580579,0.035557893,-180.000000000,0.000000000,0.000000000,0.007670000,-0.024970851,-0.004959474,0.002715638,-0.057798023,-0.011567379,-0.000393816,0.021580579,-0.021648007,0.132454317,-0.000982740,-0.035557893
16.090000153,7.606473468,0.618202380,0.015678691,7.612993941,0.560090783,0.000000000,7.637761822,0.569097900,-0.132665332,7.612597405,0.560183827,0.000000000,2.531860252,0.112134651,-0.001427263,2.526895223,0.111769381,0.000000000,-180.003142066,-0.021182942,0.019881868,-180.000000000,0.000000000,0.000000000,0.006520473,-0.025164417,-0.004965029,0.003142066,-0.058111597,-0.008914073,-0.000365270,0.021182942,-0.015678691,0.132665332,0.001427263,-0.019881868
16.110000134,7.618839740,0.618395192,0.009640568,7.624196869,0.560090783,0.000000000,7.649115902,0.566443024,-0.132743788,7.623802194,0.560183827,0.000000000,2.534102941,0.112137652,0.000150051,2.529130833,0.111769381,0.000000000,-180.003558581,-0.020421716,0.038061277,-180.000000000,0.000000000,0.000000000,0.005357128,-0.025313708,-0.004972108,0.003558581,-0.058304409,-0.006259197,-0.000368271,0.020421716,-0.009640568,0.132743788,-0.000150051,-0.038061277
16.130000114,7.631208606,0.618468000,0.003640402,7.635390981,0.560090783,0.000000000,7.660416917,0.563792568,-0.132522800,7.634998166,0.560183827,0.000000000,2.536345958,0.112155866,0.000910699,2.531364683,0.111769381,0.000000000,-180.003957338,-0.019472307,0.047470449,-180.000000000,0.000000000,0.000000000,0.004182375,-0.025418751,-0.004981274,0.003957338,-0.058377217,-0.003608741,-0.000386485,0.019472307,-0.003640402,0.132522800,-0.000910699,-0.047470449
16.150000095,7.643577686,0.618422421,-0.002278946,7.646590100,0.560090783,0.000000000,7.671665040,0.561153582,-0.131949277,7.646199146,0.560183827,0.000000000,2.538588775,0.112134461,-0.001070291,2.533599533,0.111769381,0.000000000,-180.004338583,-0.018726118,0.037309462,-180.000000000,0.000000000,0.000000000,0.003012415,-0.025465895,-0.004989242,0.004338583,-0.058331638,-0.000969756,-0.000365080,0.018726118,0.002278946,0.131949277,0.001070291,-0.037309462
16.170000076,7.655944602,0.618258021,-0.008219974,7.657794226,0.560090783,0.000000000,7.682860520,0.558528951,-0.131231577,7.657405133,0.560183827,0.000000000,2.540831749,0.112154137,0.000983830,2.535835381,0.111769381,0.000000000,-180.004696249,-0.017613596,0.055626086,-180.000000000,0.000000000,0.000000000,0.001849624,-0.025455388,-0.004996367,0.004696249,-0.058167238,0.001654876,-0.000384756,0.017613596,0.008219974,0.131231577,-0.000983830,-0.055626086
16.190000057,7.668307011,0.617977538,-0.014024149,7.668996953,0.560090783,0.000000000,7.694003737,0.555926610,-0.130117043,7.668609721,0.560183827,0.000000000,2.543074500,0.112126432,-0.001385276,2.538070951,0.111769381,0.000000000,-180.005030250,-0.016781941,0.041582775,-180.000000000,0.000000000,0.000000000,0.000689942,-0.025394017,-0.005003549,0.005030250,-0.057886755,0.004257217,-0.000357051,0.016781941,0.014024149,0.130117043,0.001385276,-0.041582775
16.210000038,7.680662586,0.617580533,-0.019850287,7.680198048,0.560090783,0.000000000,7.705095159,0.553348966,-0.128882204,7.679812677,0.560183827,0.000000000,2.545317030,0.112129854,0.000171105,2.540306195,0.111769381,0.000000000,-180.005337709,-0.015675081,0.055343011,-180.000000000,0.000000000,0.000000000,-0.000464538,-0.025282482,-0.005010835,0.005337709,-0.057489749,0.006834861,-0.000360473,0.015675081,0.019850287,0.128882204,-0.000171105,-0.055343011
16.230000019,7.693009012,0.617068979,-0.025577677,7.691397511,0.560090783,0.000000000,7.716135334,0.550801675,-0.127364528,7.691014000,0.560183827,0.000000000,2.547559891,0.112148223,0.000918458,2.542541113,0.111769381,0.000000000,-180.005612153,-0.014444535,0.061527301,-180.000000000,0.000000000,0.000000000,-0.001611501,-0.025121334,-0.005018778,0.005612153,-0.056978196,0.009382152,-0.000378842,0.014444535,0.025577677,0.127364528,-0.000918458,-0.061527301
16.250000000,7.705344035,0.616445799,-0.031159021,7.702598970,0.560090783,0.000000000,7.727124948,0.548291365,-0.125515505,7.702217320,0.560183827,0.000000000,2.549802564,0.112127543,-0.001033979,2.544776429,0.111769381,0.000000000,-180.005854869,-0.013402498,0.052101848,-180.000000000,0.000000000,0.000000000,-0.002745065,-0.024907628,-0.005026135,0.005854869,-0.056355016,0.011892462,-0.000358162,0.013402498,0.031159021,0.125515505,0.001033979,-0.052101848
16.269999981,7.717665420,0.615711446,-0.036717661,7.713802427,0.560090783,0.000000000,7.738064757,0.545820557,-0.123540421,7.713422638,0.560183827,0.000000000,2.552045401,0.112147446,0.000995125,2.547012144,0.111769381,0.000000000,-180.006061352,-0.012107526,0.064748567,-180.000000000,0.000000000,0.000000000,-0.003862994,-0.024642120,-0.005033257,0.006061352,-0.055620662,0.014363270,-0.000378065,0.012107526,0.036717661,0.123540421,-0.000995125,-0.064748567
16.289999962,7.729970993,0.614870012,-0.042071669,7.725010152,0.560090783,0.000000000,7.748955639,0.543396629,-0.121196392,7.724632224,0.560183827,0.000000000,2.554288027,0.112120553,-0.001344662,2.549248711,0.111769381,0.000000000,-180.006232710,-0.011055634,0.052594622,-180.000000000,0.000000000,0.000000000,-0.004960841,-0.024323415,-0.005039316,0.006232710,-0.054779229,0.016787198,-0.000351172,0.011055634,0.042071669,0.121196392,0.001344662,-0.052594622
16.309999943,7.742258613,0.613921913,-0.047404939,7.736214062,0.560090783,0.000000000,7.759798548,0.541021551,-0.118753930,7.735837995,0.560183827,0.000000000,2.556530444,0.112124417,0.000193230,2.551484517,0.111769381,0.000000000,-180.006367571,-0.009834522,0.061055579,-180.000000000,0.000000000,0.000000000,-0.006044551,-0.023960553,-0.005045927,0.006367571,-0.053831130,0.019162276,-0.000355036,0.009834522,0.047404939,0.118753930,-0.000193230,-0.061055579
16.330000162,7.754526176,0.612870220,-0.052584684,7.747414290,0.560090783,0.000000000,7.770594511,0.538700398,-0.116057643,7.747040084,0.560183827,0.000000000,2.558773200,0.112143095,0.000933895,2.553719588,0.111769381,0.000000000,-180.006461438,-0.008562763,0.063587935,-180.000000000,0.000000000,0.000000000,-0.007111886,-0.023554427,-0.005053612,0.006461438,-0.052779436,0.021483429,-0.000373714,0.008562763,0.052584684,0.116057643,-0.000933895,-0.063587935
16.350000143,7.766771659,0.611719018,-0.057560065,7.758616316,0.560090783,0.000000000,7.781344676,0.536439119,-0.113063908,7.758243971,0.560183827,0.000000000,2.561015778,0.112123083,-0.001000620,2.555955017,0.111769381,0.000000000,-180.006516817,-0.007459389,0.055168727,-180.000000000,0.000000000,0.000000000,-0.008155343,-0.023100705,-0.005060760,0.006516817,-0.051628235,0.023744707,-0.000353702,0.007459389,0.057560065,0.113063908,0.001000620,-0.055168727
16.370000124,7.778993077,0.610469542,-0.062473839,7.769820274,0.560090783,0.000000000,7.792050254,0.534239697,-0.109971146,7.769449791,0.560183827,0.000000000,2.563258528,0.112143275,0.001009637,2.558190832,0.111769381,0.000000000,-180.006531183,-0.006227649,0.061586985,-180.000000000,0.000000000,0.000000000,-0.009172803,-0.022600464,-0.005067696,0.006531183,-0.050378758,0.025944130,-0.000373894,0.006227649,0.062473839,0.109971146,-0.001009637,-0.061586985
16.390000105,7.791188527,0.609127064,-0.067123882,7.781023782,0.560090783,0.000000000,7.802712559,0.532108687,-0.106550500,7.780655160,0.560183827,0.000000000,2.565501078,0.112117011,-0.001313230,2.560426558,0.111769381,0.000000000,-180.006506927,-0.005190812,0.051841839,-180.000000000,0.000000000,0.000000000,-0.010164744,-0.022057399,-0.005074520,0.006506927,-0.049036281,0.028075140,-0.000347630,0.005190812,0.067123882,0.106550500,0.001313230,-0.051841839
16.410000086,7.803356157,0.607692726,-0.071716902,7.792228543,0.560090783,0.000000000,7.813332971,0.530047449,-0.103061862,7.791861782,0.560183827,0.000000000,2.567743428,0.112121254,0.000212146,2.562662533,0.111769381,0.000000000,-180.006444345,-0.004094693,0.054805992,-180.000000000,0.000000000,0.000000000,-0.011127615,-0.021471189,-0.005080895,0.006444344,-0.047601943,0.030136378,-0.000351873,0.004094693,0.071716902,0.103061862,-0.000212146,-0.054805992
16.430000067,7.815494169,0.606170525,-0.076110035,7.803434554,0.560090783,0.000000000,7.823912925,0.528060270,-0.099358980,7.803069655,0.560183827,0.000000000,2.569986123,0.112140168,0.000945712,2.564898758,0.111769381,0.000000000,-180.006341166,-0.003019073,0.053780961,-180.000000000,0.000000000,0.000000000,-0.012059615,-0.020843270,-0.005087365,0.006341166,-0.046079742,0.032123557,-0.000370787,0.003019073,0.076110035,0.099358980,-0.000945712,-0.053780961
16.450000048,7.827600865,0.604565520,-0.080250268,7.814637348,0.560090783,0.000000000,7.834453965,0.526152194,-0.095403781,7.814274310,0.560183827,0.000000000,2.572228646,0.112120550,-0.000980882,2.567134341,0.111769381,0.000000000,-180.006200998,-0.002080196,0.046943865,-180.000000000,0.000000000,0.000000000,-0.012963517,-0.020179655,-0.005094305,0.006200998,-0.044474737,0.034031633,-0.000351169,0.002080196,0.080250268,0.095403781,0.000980882,-0.046943865
16.470000029,7.839674600,0.602879568,-0.084297616,7.825836925,0.560090783,0.000000000,7.844957678,0.524324508,-0.091384286,7.825475747,0.560183827,0.000000000,2.574471348,0.112140992,0.001022098,2.569369282,0.111769381,0.000000000,-180.006023338,-0.001134710,0.047274325,-180.000000000,0.000000000,0.000000000,-0.013837675,-0.019481931,-0.005102067,0.006023338,-0.042788784,0.035859319,-0.000371611,0.001134710,0.084297616,0.091384286,-0.001022098,-0.047274325
16.490000010,7.851713829,0.601118902,-0.088033256,7.837045189,0.560090783,0.000000000,7.855425738,0.522582733,-0.087088766,7.836685873,0.560183827,0.000000000,2.576713857,0.112115070,-0.001296095,2.571605956,0.111769381,0.000000000,-180.005811643,-0.000321474,0.040661785,-180.000000000,0.000000000,0.000000000,-0.014668640,-0.018739865,-0.005107901,0.005811643,-0.041028119,0.037601094,-0.000345689,0.000321474,0.088033256,0.087088766,0.001296095,-0.040661785
16.509999990,7.863717071,0.599285228,-0.091683735,7.848248293,0.560090783,0.000000000,7.865859866,0.520927483,-0.082762492,7.847890838,0.560183827,0.000000000,2.578956170,0.112119531,0.000223036,2.573841601,0.111769381,0.000000000,-180.005567695,0.000449351,0.038541240,-180.000000000,0.000000000,0.000000000,-0.015468778,-0.017969028,-0.005114570,0.005567695,-0.039194445,0.039256344,-0.000350150,-0.000449351,0.091683735,0.082762492,-0.000223036,-0.038541240
16.529999971,7.875682912,0.597383258,-0.095098466,7.859446238,0.560090783,0.000000000,7.876261825,0.519362084,-0.078269958,7.859090644,0.560183827,0.000000000,2.581198833,0.112138647,0.000955777,2.576076216,0.111769381,0.000000000,-180.005291340,0.001140519,0.034558393,-180.000000000,0.000000000,0.000000000,-0.016236674,-0.017171181,-0.005122616,0.005291340,-0.037292475,0.040821743,-0.000369266,-0.001140519,0.095098466,0.078269958,-0.000955777,-0.034558393
16.549999952,7.887610054,0.595418717,-0.098227058,7.870641326,0.560090783,0.000000000,7.886633460,0.517890439,-0.073582256,7.870287591,0.560183827,0.000000000,2.583441331,0.112120201,-0.000922269,2.578310261,0.111769381,0.000000000,-180.004987234,0.001631783,0.024563227,-180.000000000,0.000000000,0.000000000,-0.016968728,-0.016345869,-0.005131070,0.004987234,-0.035327934,0.042293388,-0.000350820,-0.001631783,0.098227058,0.073582256,0.000922269,-0.024563227
16.570000172,7.899497262,0.593394170,-0.101227378,7.881833690,0.560090783,0.000000000,7.896976646,0.516513379,-0.068852991,7.881481814,0.560183827,0.000000000,2.585684018,0.112138438,0.000911853,2.580543763,0.111769381,0.000000000,-180.004657458,0.002229737,0.029897695,-180.000000000,0.000000000,0.000000000,-0.017663573,-0.015494832,-0.005140256,0.004657458,-0.033303386,0.043670448,-0.000369057,-0.002229737,0.101227378,0.068852991,-0.000911853,-0.029897695
16.590000153,7.911343418,0.591316435,-0.103886727,7.893047318,0.560090783,0.000000000,7.907293327,0.515234800,-0.063928931,7.892697305,0.560183827,0.000000000,2.587926477,0.112112981,-0.001272866,2.582781507,0.111769381,0.000000000,-180.004303964,0.002617747,0.019400469,-180.000000000,0.000000000,0.000000000,-0.018296100,-0.014596021,-0.005144969,0.004303964,-0.031225652,0.044949027,-0.000343600,-0.002617747,0.103886727,0.063928931,0.001272866,-0.019400469
16.610000134,7.923147476,0.589187709,-0.106436311,7.904253497,0.560090783,0.000000000,7.917585466,0.514054624,-0.059008836,7.903905346,0.560183827,0.000000000,2.590168749,0.112117779,0.000239917,2.585017766,0.111769381,0.000000000,-180.003931335,0.002898694,0.014047395,-180.000000000,0.000000000,0.000000000,-0.018893979,-0.013680120,-0.005150983,0.003931335,-0.029096926,0.046129203,-0.000348398,-0.002898694,0.106436311,0.059008836,-0.000239917,-0.014047395
16.630000114,7.934908468,0.587013265,-0.108722212,7.915452228,0.560090783,0.000000000,7.927855053,0.512975258,-0.053968310,7.915105937,0.560183827,0.000000000,2.592411371,0.112135272,0.000874644,2.587252538,0.111769381,0.000000000,-180.003540778,0.003157935,0.012962031,-180.000000000,0.000000000,0.000000000,-0.019456240,-0.012749116,-0.005158833,0.003540778,-0.026922481,0.047208569,-0.000365891,-0.003157935,0.108722212,0.053968310,-0.000874644,-0.012962031
16.650000095,7.946625551,0.584799162,-0.110044151,7.926648264,0.560090783,0.000000000,7.938104139,0.511999061,-0.050529337,7.926303833,0.560183827,0.000000000,2.594653800,0.112116667,-0.000328637,2.589486772,0.111769381,0.000000000,-180.003136031,0.003223669,0.006511797,-180.000000000,0.000000000,0.000000000,-0.019977287,-0.011800306,-0.005167028,0.003136031,-0.024708379,0.048184766,-0.000347286,-0.003223669,0.110044151,0.050529337,0.000328637,-0.006511797
16.670000076,7.958297952,0.582548190,-0.112548602,7.937841605,0.560090783,0.000000000,7.948334777,0.511126027,-0.043651679,7.937499034,0.560183827,0.000000000,2.596896417,0.112134944,0.000913847,2.591720469,0.111769381,0.000000000,-180.002720724,0.003325769,0.005105020,-180.000000000,0.000000000,0.000000000,-0.020456347,-0.010835743,-0.005175949,0.002720724,-0.022457407,0.049057800,-0.000365563,-0.003325769,0.112548602,0.043651679,-0.000913847,-0.005105020
16.690000057,7.969925018,0.580267507,-0.114034153,7.949044302,0.560090783,0.000000000,7.958549068,0.510358756,-0.038363546,7.948703592,0.560183827,0.000000000,2.599138804,0.112109322,-0.001281058,2.593956032,0.111769381,0.000000000,-180.002296643,0.003293151,-0.001630904,-180.000000000,0.000000000,0.000000000,-0.020880716,-0.009845476,-0.005182772,0.002296643,-0.020176724,0.049825071,-0.000339941,-0.003293151,0.114034153,0.038363546,0.001281058,0.001630904
16.710000038,7.981506175,0.577959475,-0.115401611,7.960245160,0.560090783,0.000000000,7.968749112,0.509696331,-0.033121260,7.959906311,0.560183827,0.000000000,2.601381005,0.112114693,0.000268523,2.596191229,0.111769381,0.000000000,-180.001868820,0.003096980,-0.009808566,-180.000000000,0.000000000,0.000000000,-0.021261015,-0.008842802,-0.005189776,0.001868820,-0.017868692,0.050487496,-0.000345312,-0.003096980,0.115401611,0.033121260,-0.000268523,0.009808566
16.730000019,7.993040929,0.575629503,-0.116132938,7.971444180,0.560090783,0.000000000,7.978937019,0.509140025,-0.029583965,7.971107191,0.560183827,0.000000000,2.603623562,0.112131148,0.000637994,2.598426058,0.111769381,0.000000000,-180.001439623,0.002808650,-0.012880521,-180.000000000,0.000000000,0.000000000,-0.021596749,-0.007829828,-0.005197504,0.001439623,-0.015538720,0.051043802,-0.000361767,-0.002808650,0.116132938,0.029583965,-0.000637994,0.012880521
16.750000000,8.004528915,0.574065668,-0.116893124,7.982645848,0.560090783,0.000000000,7.989114931,0.508840847,-0.025126830,7.982310720,0.560183827,0.000000000,2.605865912,0.112119757,-0.000015763,2.600661416,0.111769381,0.000000000,-180.001012180,0.002641495,-0.013476564,-180.000000000,0.000000000,0.000000000,-0.021883067,-0.006804211,-0.005204496,0.001012180,-0.013974884,0.051342980,-0.000350376,-0.002641495,0.116893124,0.025126830,0.000015763,0.013476564
16.769999981,8.015969837,0.570925091,-0.117932959,7.993850165,0.560090783,0.000000000,7.999284982,0.508348995,-0.017113153,7.993516898,0.560183827,0.000000000,2.608108474,0.112131542,0.000873954,2.602897303,0.111769381,0.000000000,-180.000589399,0.002093235,-0.023234110,-180.000000000,0.000000000,0.000000000,-0.022119673,-0.005768084,-0.005211171,0.000589399,-0.010834308,0.051834832,-0.000362160,-0.002093235,0.117932959,0.017113153,-0.000873954,0.023234110
16.789999962,8.027363521,0.569348782,-0.118126443,8.005063444,0.560090783,0.000000000,8.009449325,0.508192812,-0.013513518,8.004732040,0.560183827,0.000000000,2.610350792,0.112114807,-0.000545415,2.605134979,0.111769381,0.000000000,-180.000174501,0.001861844,-0.019314266,-180.000000000,0.000000000,0.000000000,-0.022300077,-0.004717285,-0.005215813,0.000174501,-0.009257998,0.051991015,-0.000345426,-0.001861844,0.118126443,0.013513518,0.000545415,0.019314266
16.809999943,8.038709872,0.567376682,-0.118309577,8.016272441,0.560090783,0.000000000,8.019610098,0.508050633,-0.009061298,8.015942899,0.560183827,0.000000000,2.612592934,0.112109208,-0.000489128,2.607371799,0.111769381,0.000000000,-179.999770452,0.001462353,-0.022867031,-180.000000000,0.000000000,0.000000000,-0.022437431,-0.003667198,-0.005221135,-0.000229548,-0.007285898,0.052133194,-0.000339827,-0.001462353,0.118309577,0.009061298,0.000489128,0.022867031
16.830000162,8.050008874,0.565009775,-0.118344606,8.027477288,0.560090783,0.000000000,8.029769419,0.507975545,-0.003754377,8.027149607,0.560183827,0.000000000,2.614835446,0.112121147,0.000596932,2.609607792,0.111769381,0.000000000,-179.999379978,0.000890800,-0.028577497,-180.000000000,0.000000000,0.000000000,-0.022531586,-0.002619812,-0.005227654,-0.000620022,-0.004918992,0.052208282,-0.000351766,-0.000890800,0.118344606,0.003754377,-0.000596932,0.028577497
16.860000134,8.061260642,0.561469138,-0.117885263,8.044265350,0.560090783,0.000000000,8.039929422,0.508048832,0.004214309,8.043940458,0.560183827,0.000000000,2.617077773,0.112112745,-0.000878598,2.612957947,0.111769381,0.000000000,-179.999004270,0.000016646,-0.029320107,-180.000000000,0.000000000,0.000000000,-0.016995292,0.004011037,-0.004119825,-0.000995730,-0.001378354,0.052134995,-0.000343364,-0.000016646,0.117885263,-0.004214309,0.000878598,0.029320107
16.870000124,8.072465357,0.559122369,-0.117338419,8.049858203,0.560090783,0.000000000,8.050092204,0.508237473,0.009432051,8.049534240,0.560183827,0.000000000,2.619320310,0.112130177,0.000871585,2.614074034,0.111769381,0.000000000,-179.998648109,-0.000818390,-0.041751782,-180.000000000,0.000000000,0.000000000,-0.022607154,-0.000557964,-0.005246276,-0.001351891,0.000968414,0.051946354,-0.000360796,0.000818390,0.117338419,-0.009432051,-0.000871585,0.041751782
16.890000105,8.083623321,0.557569794,-0.116741548,8.061066380,0.560090783,0.000000000,8.060259861,0.508432947,0.012917757,8.060744280,0.560183827,0.000000000,2.621562590,0.112112871,-0.000574757,2.616310691,0.111769381,0.000000000,-179.998313512,-0.001243665,-0.035181036,-180.000000000,0.000000000,0.000000000,-0.022556941,0.000484418,-0.005251900,-0.001686488,0.002520989,0.051750880,-0.000343490,0.001243665,0.116741548,-0.012917757,0.000574757,0.035181036
16.920000076,8.094734912,0.554484714,-0.115439639,8.077868302,0.560090783,0.000000000,8.070434455,0.508925752,0.019753379,8.077548992,0.560183827,0.000000000,2.623804682,0.112109214,0.000249817,2.619663612,0.111769381,0.000000000,-179.998002823,-0.002327283,-0.043548990,-180.000000000,0.000000000,0.000000000,-0.016866610,0.007114538,-0.004141069,-0.001997177,0.005606069,0.051258075,-0.000339833,0.002327283,0.115439639,-0.019753379,-0.000249817,0.043548990
16.940000057,8.105800581,0.552201240,-0.114173698,8.089066135,0.560090783,0.000000000,8.080618009,0.509421667,0.024795704,8.088748685,0.560183827,0.000000000,2.626047128,0.112125309,0.000804753,2.621898205,0.111769381,0.000000000,-179.997719037,-0.003297671,-0.048519407,-180.000000000,0.000000000,0.000000000,-0.016734446,0.008130677,-0.004148923,-0.002280963,0.007889543,0.050762160,-0.000355928,0.003297671,0.114173698,-0.024795704,-0.000804753,0.048519407
16.950000048,8.116820905,0.551075105,-0.113393614,8.094669266,0.560090783,0.000000000,8.090812536,0.509719555,0.027292269,8.094352747,0.560183827,0.000000000,2.628289341,0.112115677,-0.000079229,2.623016343,0.111769381,0.000000000,-179.997463092,-0.003735286,-0.046140444,-180.000000000,0.000000000,0.000000000,-0.022151639,0.003540212,-0.005272998,-0.002536908,0.009015678,0.050464272,-0.000346296,0.003735286,0.113393614,-0.027292269,0.000079229,0.046140444
16.980000019,8.127796523,0.547730178,-0.110939565,8.111478633,0.560090783,0.000000000,8.101019999,0.510710511,0.034653394,8.111164906,0.560183827,0.000000000,2.630531742,0.112123118,0.000853625,2.626370750,0.111769381,0.000000000,-179.997238390,-0.005207272,-0.051718596,-180.000000000,0.000000000,0.000000000,-0.016317891,0.010144907,-0.004160992,-0.002761610,0.012360605,0.049473316,-0.000353737,0.005207272,0.110939565,-0.034653394,-0.000853625,0.051718596
17.000000000,8.138728184,0.545551408,-0.108938516,8.122684842,0.560090783,0.000000000,8.111242342,0.511499897,0.039469283,8.122372977,0.560183827,0.000000000,2.632773871,0.112096315,-0.001340132,2.628607014,0.111769381,0.000000000,-179.997043740,-0.005939812,-0.036626972,-180.000000000,0.000000000,0.000000000,-0.016043342,0.011130636,-0.004166857,-0.002956260,0.014539375,0.048683930,-0.000326934,0.005939812,0.108938516,-0.039469283,0.001340132,0.036626972
17.019999981,8.149616700,0.543414391,-0.106850877,8.133894955,0.560090783,0.000000000,8.121481451,0.512382119,0.044111101,8.133584953,0.560183827,0.000000000,2.635015802,0.112101236,0.000246067,2.630844058,0.111769381,0.000000000,-179.996880139,-0.006889462,-0.047482530,-180.000000000,0.000000000,0.000000000,-0.015721745,0.012103503,-0.004171745,-0.003119861,0.016676393,0.047801708,-0.000331855,0.006889462,0.106850877,-0.044111101,-0.000246067,0.047482530
17.039999962,8.160462954,0.541323895,-0.104524799,8.145105069,0.560090783,0.000000000,8.131739160,0.513355155,0.048651834,8.144796929,0.560183827,0.000000000,2.637258093,0.112117484,0.000812377,2.633081101,0.111769381,0.000000000,-179.996749946,-0.007907978,-0.050925772,-180.000000000,0.000000000,0.000000000,-0.015357885,0.013057769,-0.004176991,-0.003250054,0.018766889,0.046828672,-0.000348103,0.007907978,0.104524799,-0.048651834,-0.000812377,0.050925772
17.059999943,8.171267940,0.539285190,-0.101935205,8.156293132,0.560090783,0.000000000,8.142017269,0.514417030,0.053093715,8.155986851,0.560183827,0.000000000,2.639500145,0.112098560,-0.000946184,2.635313744,0.111769381,0.000000000,-179.996651820,-0.008678287,-0.038515458,-180.000000000,0.000000000,0.000000000,-0.014974808,0.013969582,-0.004186401,-0.003348180,0.020805593,0.045766797,-0.000329179,0.008678287,0.101935205,-0.053093715,0.000946184,0.038515458
17.080000162,8.182032705,0.537300239,-0.099247554,8.167491870,0.560090783,0.000000000,8.152317514,0.515564285,0.057362773,8.167187449,0.560183827,0.000000000,2.641742402,0.112115978,0.000870884,2.637548518,0.111769381,0.000000000,-179.996587556,-0.009688681,-0.050519704,-180.000000000,0.000000000,0.000000000,-0.014540835,0.014869936,-0.004193884,-0.003412444,0.022790544,0.044619542,-0.000346597,0.009688681,0.099247554,-0.057362773,-0.000870884,0.050519704
17.100000143,8.192758395,0.535374892,-0.096267375,8.178701017,0.560090783,0.000000000,8.162641587,0.516794921,0.061531768,8.178398458,0.560183827,0.000000000,2.643984382,0.112088686,-0.001364611,2.639785368,0.111769381,0.000000000,-179.996555249,-0.010332377,-0.032184786,-180.000000000,0.000000000,0.000000000,-0.014057379,0.015756871,-0.004199014,-0.003444751,0.024715891,0.043388906,-0.000319305,0.010332377,0.096267375,-0.061531768,0.001364611,0.032184786
17.120000124,8.203446211,0.533510340,-0.093227590,8.189907903,0.560090783,0.000000000,8.172991110,0.518104816,0.065494766,8.189607206,0.560183827,0.000000000,2.646226160,0.112093526,0.000242023,2.642021768,0.111769381,0.000000000,-179.996554797,-0.011189380,-0.042850182,-180.000000000,0.000000000,0.000000000,-0.013538308,0.016616096,-0.004204392,-0.003445203,0.026580443,0.042079011,-0.000324145,0.011189380,0.093227590,-0.065494766,-0.000242023,0.042850182
17.140000105,8.214097407,0.531710575,-0.089988272,8.201114790,0.560090783,0.000000000,8.183367637,0.519491204,0.069319389,8.200815955,0.560183827,0.000000000,2.648468302,0.112110664,0.000856906,2.644258168,0.111769381,0.000000000,-179.996587645,-0.012009476,-0.041004756,-180.000000000,0.000000000,0.000000000,-0.012982617,0.017448317,-0.004210134,-0.003412355,0.028380209,0.040692623,-0.000341283,0.012009476,0.089988272,-0.069319389,-0.000856906,0.041004756
17.160000086,8.224713336,0.529980246,-0.086516440,8.212298693,0.560090783,0.000000000,8.193772672,0.520951118,0.072995741,8.212001715,0.560183827,0.000000000,2.650710211,0.112091241,-0.000971178,2.646489980,0.111769381,0.000000000,-179.996649791,-0.012610090,-0.030030711,-180.000000000,0.000000000,0.000000000,-0.012414644,0.018229043,-0.004220231,-0.003350209,0.030110537,0.039232708,-0.000321860,0.012610090,0.086516440,-0.072995741,0.000971178,0.030030711
17.180000067,8.235295391,0.528320633,-0.082980650,8.223499050,0.560090783,0.000000000,8.204207640,0.522480598,0.076473999,8.223203933,0.560183827,0.000000000,2.652952325,0.112108818,0.000878854,2.648725077,0.111769381,0.000000000,-179.996743267,-0.013435107,-0.041250843,-180.000000000,0.000000000,0.000000000,-0.011796342,0.018996293,-0.004227248,-0.003256733,0.031770150,0.037703228,-0.000339437,0.013435107,0.082980650,-0.076473999,-0.000878854,0.041250843
17.200000048,8.245845048,0.526736681,-0.079197575,8.234715861,0.560090783,0.000000000,8.214673906,0.524076819,0.079811027,8.234422607,0.560183827,0.000000000,2.655194154,0.112080819,-0.001399962,2.650963457,0.111769381,0.000000000,-179.996864563,-0.013856350,-0.021062157,-180.000000000,0.000000000,0.000000000,-0.011129186,0.019748702,-0.004230697,-0.003135437,0.033354102,0.036107008,-0.000311438,0.013856350,0.079197575,-0.079811027,0.001399962,0.021062157
17.220000029,8.256363820,0.525228869,-0.075390619,8.245919802,0.560090783,0.000000000,8.225172755,0.525735226,0.082920365,8.245628410,0.560183827,0.000000000,2.657435772,0.112085566,0.000237367,2.653199269,0.111769381,0.000000000,-179.997012513,-0.014470977,-0.030731361,-180.000000000,0.000000000,0.000000000,-0.010444018,0.020455655,-0.004236503,-0.002987487,0.034861914,0.034448601,-0.000316185,0.014470977,0.075390619,-0.082920365,-0.000237367,0.030731361
17.240000010,8.266853262,0.523800358,-0.071425565,8.257123743,0.560090783,0.000000000,8.235705394,0.527452394,0.085858365,8.256834212,0.560183827,0.000000000,2.659677756,0.112102174,0.000830418,2.655435081,0.111769381,0.000000000,-179.997188169,-0.015102184,-0.031560338,-180.000000000,0.000000000,0.000000000,-0.009729519,0.021128818,-0.004242675,-0.002811831,0.036290426,0.032731433,-0.000332793,0.015102184,0.071425565,-0.085858365,-0.000830418,0.031560338
17.259999990,8.277315003,0.522454677,-0.067284008,8.268300433,0.560090783,0.000000000,8.246272966,0.529224909,0.088625746,8.268012758,0.560183827,0.000000000,2.661919489,0.112082343,-0.000991586,2.657665454,0.111769381,0.000000000,-179.997386805,-0.015408670,-0.015324337,-180.000000000,0.000000000,0.000000000,-0.009014570,0.021739793,-0.004254035,-0.002613195,0.037636106,0.030958918,-0.000312962,0.015408670,0.067284008,-0.088625746,0.000991586,0.015324337
17.279999971,8.287750698,0.521192385,-0.063114630,8.279491020,0.560090783,0.000000000,8.256876528,0.531048420,0.091175573,8.279205205,0.560183827,0.000000000,2.664161430,0.112100216,0.000893681,2.659898601,0.111769381,0.000000000,-179.997608723,-0.015916972,-0.025415051,-180.000000000,0.000000000,0.000000000,-0.008259678,0.022328677,-0.004262829,-0.002391277,0.038898398,0.029135407,-0.000330835,0.015916972,0.063114630,-0.091175573,-0.000893681,0.025415051
17.299999952,8.298162065,0.520017374,-0.058750566,8.290695506,0.560090783,0.000000000,8.267517068,0.532919504,0.093554214,8.290411551,0.560183827,0.000000000,2.666403081,0.112071777,-0.001421969,2.662134522,0.111769381,0.000000000,-179.997849057,-0.015998794,-0.004091112,-180.000000000,0.000000000,0.000000000,-0.007466559,0.022894483,-0.004268560,-0.002150943,0.040073410,0.027264323,-0.000302396,0.015998794,0.058750566,-0.093554214,0.001421969,0.004091112
17.320000172,8.308550843,0.518929403,-0.054398518,8.301903483,0.560090783,0.000000000,8.278195485,0.534833272,0.095688395,8.301621391,0.560183827,0.000000000,2.668644519,0.112076631,0.000242707,2.664371139,0.111769381,0.000000000,-179.998105815,-0.016253935,-0.012757065,-180.000000000,0.000000000,0.000000000,-0.006647359,0.023425906,-0.004273380,-0.001894185,0.041161380,0.025350555,-0.000307250,0.016253935,0.054398518,-0.095688395,-0.000242707,0.012757065
17.340000153,8.318918792,0.517930699,-0.049935185,8.313111327,0.560090783,0.000000000,8.288912591,0.536785848,0.097628799,8.312831097,0.560183827,0.000000000,2.670886329,0.112093501,0.000843520,2.666607729,0.111769381,0.000000000,-179.998379608,-0.016510828,-0.012844631,-180.000000000,0.000000000,0.000000000,-0.005807465,0.023918506,-0.004278599,-0.001620392,0.042160084,0.023397979,-0.000324120,0.016510828,0.049935185,-0.097628799,-0.000843520,0.012844631
17.360000134,8.329267733,0.517023777,-0.045346111,8.324312902,0.560090783,0.000000000,8.299669123,0.538773380,0.099376600,8.324034533,0.560183827,0.000000000,2.673127883,0.112073341,-0.001008036,2.668843069,0.111769381,0.000000000,-179.998664771,-0.016444836,0.003299571,-180.000000000,0.000000000,0.000000000,-0.004954831,0.024365409,-0.004284814,-0.001335229,0.043067006,0.021410447,-0.000303960,0.016444836,0.045346111,-0.099376600,0.001008036,-0.003299571
17.380000114,8.339599491,0.516208423,-0.040767727,8.335515221,0.560090783,0.000000000,8.310465731,0.540791287,0.100895365,8.335238713,0.560183827,0.000000000,2.675369649,0.112091599,0.000912895,2.671078557,0.111769381,0.000000000,-179.998961266,-0.016563803,-0.005948354,-180.000000000,0.000000000,0.000000000,-0.004084269,0.024772982,-0.004291092,-0.001038734,0.043882361,0.019392540,-0.000322218,0.016563803,0.040767727,-0.100895365,-0.000912895,0.005948354
17.400000095,8.349915934,0.515487399,-0.036051170,8.346718285,0.560090783,0.000000000,8.321302984,0.542835776,0.102224406,8.346443637,0.560183827,0.000000000,2.677611124,0.112062858,-0.001437016,2.673314194,0.111769381,0.000000000,-179.999263600,-0.016276084,0.014385978,-180.000000000,0.000000000,0.000000000,-0.003197649,0.025140653,-0.004296930,-0.000736400,0.044603384,0.017348051,-0.000293477,0.016276084,0.036051170,-0.102224406,0.001437016,-0.014385978
17.420000076,8.360218935,0.514859714,-0.031384285,8.357924706,0.560090783,0.000000000,8.332181361,0.544901791,0.103300768,8.357651920,0.560183827,0.000000000,2.679852386,0.112067793,0.000246727,2.675550500,0.111769381,0.000000000,-179.999569628,-0.016180621,0.004773148,-180.000000000,0.000000000,0.000000000,-0.002294229,0.025470559,-0.004301885,-0.000430372,0.045231070,0.015282036,-0.000298412,0.016180621,0.031384285,-0.103300768,-0.000246727,-0.004773148
17.440000057,8.370510371,0.514326505,-0.026660435,8.369131127,0.560090783,0.000000000,8.343101248,0.546985352,0.104178068,8.368860203,0.560183827,0.000000000,2.682094027,0.112085324,0.000876564,2.677786807,0.111769381,0.000000000,-179.999880282,-0.016052433,0.006409368,-180.000000000,0.000000000,0.000000000,-0.001379244,0.025758955,-0.004307220,-0.000119718,0.045764278,0.013198475,-0.000315943,0.016052433,0.026660435,-0.104178068,-0.000876564,-0.006409368
17.460000038,8.380792152,0.513889214,-0.021864545,8.380331994,0.560090783,0.000000000,8.354062956,0.549082436,0.104854201,8.380062931,0.560183827,0.000000000,2.684335418,0.112065277,-0.001002356,2.680022005,0.111769381,0.000000000,-180.000189160,-0.015629194,0.021161974,-180.000000000,0.000000000,0.000000000,-0.000460158,0.025999975,-0.004313412,0.000189160,0.046201569,0.011101391,-0.000295896,0.015629194,0.021864545,-0.104854201,0.001002356,-0.021161974
17.480000019,8.391066181,0.513546833,-0.017119070,8.391533127,0.560090783,0.000000000,8.365066706,0.551188444,0.105300363,8.391265925,0.560183827,0.000000000,2.686577032,0.112084244,0.000948353,2.682257257,0.111769381,0.000000000,-180.000496251,-0.015372947,0.012812332,-180.000000000,0.000000000,0.000000000,0.000466947,0.026199219,-0.004319775,0.000496251,0.046543951,0.008995383,-0.000314863,0.015372947,0.017119070,-0.105300363,-0.000948353,-0.012812332
17.500000000,8.401334378,0.513300961,-0.012293604,8.402734526,0.560090783,0.000000000,8.376112637,0.553299480,0.105551838,8.402469184,0.560183827,0.000000000,2.688818359,0.112055530,-0.001435677,2.684492561,0.111769381,0.000000000,-180.000796086,-0.014759054,0.030694685,-180.000000000,0.000000000,0.000000000,0.001400148,0.026356548,-0.004325797,0.000796086,0.046789823,0.006884347,-0.000286149,0.014759054,0.012293604,-0.105551838,0.001435677,-0.030694685
17.519999981,8.411598652,0.513149812,-0.007557433,8.413938282,0.560090783,0.000000000,8.387200796,0.555410559,0.105553951,8.413674801,0.560183827,0.000000000,2.691059480,0.112061329,0.000289916,2.686728336,0.111769381,0.000000000,-180.001086616,-0.014292369,0.023334233,-180.000000000,0.000000000,0.000000000,0.002339630,0.026474005,-0.004331144,0.001086616,0.046940971,0.004773268,-0.000291948,0.014292369,0.007557433,-0.105553951,-0.000289916,-0.023334233
17.539999962,8.421860899,0.513093593,-0.002810937,8.425142038,0.560090783,0.000000000,8.398331141,0.557517642,0.105354124,8.424880418,0.560183827,0.000000000,2.693301000,0.112079501,0.000908618,2.688964111,0.111769381,0.000000000,-180.001368695,-0.013834114,0.022912761,-180.000000000,0.000000000,0.000000000,0.003281139,0.026549277,-0.004336889,0.001368695,0.046997190,0.002666185,-0.000310120,0.013834114,0.002810937,-0.105354124,-0.000908618,-0.022912761
17.559999943,8.432123025,0.513132656,0.001953137,8.436350863,0.560090783,0.000000000,8.409503552,0.559616790,0.104957420,8.436091105,0.560183827,0.000000000,2.695542274,0.112059590,-0.000995538,2.691200897,0.111769381,0.000000000,-180.001636852,-0.013133463,0.035032552,-180.000000000,0.000000000,0.000000000,0.004227837,0.026587553,-0.004341377,0.001636852,0.046958127,0.000567037,-0.000290209,0.013133463,-0.001953137,-0.104957420,0.000995538,-0.035032552
17.580000162,8.442386913,0.513265224,0.006628420,8.447555093,0.560090783,0.000000000,8.420717822,0.561703546,0.104337789,8.447297197,0.560183827,0.000000000,2.697783782,0.112079121,0.000976556,2.693436767,0.111769381,0.000000000,-180.001891547,-0.012588919,0.027227170,-180.000000000,0.000000000,0.000000000,0.005168180,0.026579375,-0.004347015,0.001891547,0.046825559,-0.001519719,-0.000309740,0.012588919,-0.006628420,-0.104337789,-0.000976556,-0.027227170
17.600000143,8.452654443,0.513491724,0.011324970,8.458754461,0.560090783,0.000000000,8.431973666,0.563774202,0.103532795,8.458498425,0.560183827,0.000000000,2.700025006,0.112050419,-0.001435114,2.695671666,0.111769381,0.000000000,-180.002128007,-0.011760912,0.041400380,-180.000000000,0.000000000,0.000000000,0.006100018,0.026524759,-0.004353340,0.002128007,0.046599060,-0.003590375,-0.000281038,0.011760912,-0.011324970,-0.103532795,0.001435114,-0.041400380
17.620000124,8.462927464,0.513809617,0.015894678,8.469954038,0.560090783,0.000000000,8.443270711,0.565823993,0.102489548,8.469699863,0.560183827,0.000000000,2.702266029,0.112056669,0.000312467,2.697906607,0.111769381,0.000000000,-180.002344850,-0.011069258,0.034582689,-180.000000000,0.000000000,0.000000000,0.007026574,0.026429152,-0.004359422,0.002344850,0.046281166,-0.005640166,-0.000287288,0.011069258,-0.015894678,-0.102489548,-0.000312467,-0.034582689
17.640000105,8.473207794,0.514218122,0.020425261,8.481153616,0.560090783,0.000000000,8.454608499,0.567849152,0.101257948,8.480901302,0.560183827,0.000000000,2.704507463,0.112075406,0.000936864,2.700141548,0.111769381,0.000000000,-180.002543511,-0.010401047,0.033410535,-180.000000000,0.000000000,0.000000000,0.007945822,0.026292803,-0.004365915,0.002543511,0.045872661,-0.007665325,-0.000306025,0.010401047,-0.020425261,-0.101257948,-0.000936864,-0.033410535
17.660000086,8.483497244,0.514716553,0.024921514,8.492341421,0.560090783,0.000000000,8.465986500,0.569846067,0.099845760,8.492090965,0.560183827,0.000000000,2.706748656,0.112055663,-0.000987160,2.702374139,0.111769381,0.000000000,-180.002719516,-0.009559047,0.042100027,-180.000000000,0.000000000,0.000000000,0.008844176,0.026104464,-0.004374517,0.002719516,0.045374231,-0.009662240,-0.000286282,0.009559047,-0.024921514,-0.099845760,0.000987160,-0.042100027
17.680000067,8.493797581,0.515302418,0.029293252,8.503537214,0.560090783,0.000000000,8.477404105,0.571810593,0.098226295,8.503288617,0.560183827,0.000000000,2.708990091,0.112075682,0.001000991,2.704608325,0.111769381,0.000000000,-180.002874005,-0.008857685,0.035068088,-180.000000000,0.000000000,0.000000000,0.009739633,0.025884512,-0.004381766,0.002874005,0.044788365,-0.011626766,-0.000306301,0.008857685,-0.029293252,-0.098226295,-0.001000991,-0.035068088
17.700000048,8.504110551,0.515975059,0.033632082,8.514740995,0.560090783,0.000000000,8.488860633,0.573739448,0.096442774,8.514494260,0.560183827,0.000000000,2.711231246,0.112046995,-0.001434386,2.706844105,0.111769381,0.000000000,-180.003003347,-0.007962977,0.044735402,-180.000000000,0.000000000,0.000000000,0.010630444,0.025633627,-0.004387141,0.003003347,0.044115724,-0.013555621,-0.000277614,0.007962977,-0.033632082,-0.096442774,0.001434386,-0.044735402
17.720000029,8.514437855,0.516731276,0.037810807,8.525937005,0.560090783,0.000000000,8.500355324,0.575628229,0.094439025,8.525692129,0.560183827,0.000000000,2.713472202,0.112053382,0.000319349,2.709078334,0.111769381,0.000000000,-180.003107081,-0.007190138,0.038641962,-180.000000000,0.000000000,0.000000000,0.011499149,0.025336805,-0.004393868,0.003107081,0.043359508,-0.015444402,-0.000284001,0.007190138,-0.037810807,-0.094439025,-0.000319349,-0.038641962
17.740000010,8.524781145,0.517569392,0.041905811,8.537133014,0.560090783,0.000000000,8.511887339,0.577473625,0.092269796,8.536889998,0.560183827,0.000000000,2.715713574,0.112072367,0.000949260,2.711312563,0.111769381,0.000000000,-180.003187328,-0.006457228,0.036645467,-180.000000000,0.000000000,0.000000000,0.012351869,0.025002659,-0.004401011,0.003187328,0.042521391,-0.017289798,-0.000302986,0.006457228,-0.041905811,-0.092269796,-0.000949260,-0.036645467
17.759999990,8.535142046,0.518487796,0.045920188,8.548344259,0.560090783,0.000000000,8.523455782,0.579272549,0.089946206,8.548103106,0.560183827,0.000000000,2.717954705,0.112052594,-0.000988639,2.713549832,0.111769381,0.000000000,-180.003240976,-0.005627555,0.041483674,-180.000000000,0.000000000,0.000000000,0.013202212,0.024647324,-0.004404873,0.003240976,0.041602988,-0.019088722,-0.000283213,0.005627555,-0.045920188,-0.089946206,0.000988639,-0.041483674
17.779999971,8.545522128,0.519483450,0.049782725,8.559549932,0.560090783,0.000000000,8.535059680,0.581021363,0.087440688,8.559310640,0.560183827,0.000000000,2.720196075,0.112071559,0.000948237,2.715785990,0.111769381,0.000000000,-180.003269187,-0.004784206,0.042167430,-180.000000000,0.000000000,0.000000000,0.014027803,0.024250961,-0.004410086,0.003269187,0.040607333,-0.020837536,-0.000302178,0.004784206,-0.049782725,-0.087440688,-0.000948237,-0.042167430
17.799999952,8.555922921,0.520554496,0.053552294,8.570750032,0.560090783,0.000000000,8.546698005,0.582717182,0.084790963,8.570512601,0.560183827,0.000000000,2.722437147,0.112042832,-0.001436332,2.718021035,0.111769381,0.000000000,-180.003268282,-0.003978424,0.040289101,-180.000000000,0.000000000,0.000000000,0.014827111,0.023814597,-0.004416112,0.003268282,0.039536287,-0.022533355,-0.000273451,0.003978424,-0.053552294,-0.084790963,0.001436332,-0.040289101
17.820000172,8.566345893,0.521697197,0.057135077,8.581960218,0.560090783,0.000000000,8.558369654,0.584356109,0.081946339,8.581724650,0.560183827,0.000000000,2.724678022,0.112049535,0.000335143,2.720256446,0.111577522,-0.011177005,-180.003241010,-0.003278207,0.035010854,-180.000000000,0.000000000,0.000000000,0.015614325,0.023354995,-0.004421576,0.003241010,0.038393586,-0.024172282,-0.000472013,0.003278207,-0.057135077,-0.081946339,-0.011512148,-0.035010854
17.840000153,8.576792448,0.522909133,0.060596797,8.593170270,0.560090783,0.000000000,8.570073460,0.585935472,0.078968178,8.592936564,0.560183827,0.000000000,2.726919322,0.112068954,0.000970968,2.722491831,0.111385666,-0.022353876,-180.003190401,-0.002644159,0.031702425,-180.000000000,0.000000000,0.000000000,0.016377822,0.022863104,-0.004427491,0.003190401,0.037181650,-0.025751645,-0.000683289,0.002644159,-0.060596797,-0.078968178,-0.023324844,-0.031702425
17.860000134,8.587263949,0.524187235,0.063905099,8.604345846,0.558733571,-0.074678771,8.581808210,0.587452772,0.075864998,8.604113996,0.558826389,-0.074691177,2.729160095,0.111942311,-0.006332172,2.724710089,0.110939143,-0.022353876,-180.003115156,-0.002146690,0.024873410,-180.000000000,0.000000000,0.000000000,0.017081897,0.022305786,-0.004450006,0.003115156,0.034546336,-0.028626383,-0.001003168,0.002146690,-0.138583870,-0.150556175,-0.016021704,-0.024873410
17.880000114,8.597761648,0.525526089,0.066942676,8.615507976,0.556932644,-0.112018157,8.593572581,0.588900867,0.072404719,8.615277981,0.557025163,-0.112036765,2.731394161,0.111474964,-0.023367342,2.726925126,0.110491916,-0.022353876,-180.003017640,-0.001513660,0.031651527,-180.000000000,0.000000000,0.000000000,0.017746329,0.021705400,-0.004469035,0.003017640,0.031406555,-0.031875704,-0.000983048,0.001513660,-0.178960833,-0.184441484,0.001013466,-0.031651527
17.900000095,8.608286774,0.526927306,0.070060877,8.626656660,0.554688001,-0.112018157,8.605365209,0.590282237,0.069068489,8.626428517,0.554780147,-0.112036765,2.733618147,0.110939875,-0.026754450,2.729136941,0.110043985,-0.022353876,-180.002893264,-0.000692066,0.041079677,-180.000000000,0.000000000,0.000000000,0.018369886,0.021063308,-0.004481206,0.002893264,0.027760695,-0.035502089,-0.000895890,0.000692066,-0.182079034,-0.181105255,0.004400573,-0.041079677
17.920000076,8.618840563,0.528386466,0.072957983,8.637695196,0.552449759,-0.112018157,8.617184754,0.591593313,0.065553824,8.637468886,0.552541533,-0.112036765,2.735830896,0.110365193,-0.028734096,2.731326813,0.109597330,-0.022353876,-180.002727562,-0.000479967,0.010604987,-180.000000000,0.000000000,0.000000000,0.018854633,0.020284133,-0.004504083,0.002727562,0.024063293,-0.039051780,-0.000767863,0.000479967,-0.184976139,-0.177590590,0.006380220,-0.010604987
17.940000057,8.629423973,0.529884678,0.074910613,8.648733732,0.550211517,-0.112018157,8.629029624,0.592816713,0.061169981,8.648509256,0.550302919,-0.112036765,2.738032233,0.109794857,-0.028516796,2.733516684,0.109150676,-0.022353876,-180.002523433,-0.000595305,-0.005766914,-180.000000000,0.000000000,0.000000000,0.019309759,0.019479632,-0.004515548,0.002523433,0.020326838,-0.042513793,-0.000644181,0.000595305,-0.186928770,-0.173206746,0.006162919,0.005766914
17.960000038,8.640037607,0.531404723,0.076002246,8.659716204,0.547968727,-0.112018157,8.640897907,0.593936925,0.056010596,8.659493552,0.548059757,-0.112036765,2.740222051,0.109221032,-0.028691251,2.735695342,0.108703114,-0.022353876,-180.002288792,-0.001161272,-0.028298358,-180.000000000,0.000000000,0.000000000,0.019678597,0.018595645,-0.004526709,0.002288792,0.016564003,-0.045877168,-0.000517918,0.001161272,-0.188020403,-0.168047362,0.006337374,0.028298358
17.980000019,8.650681713,0.532929091,0.076218371,8.670654878,0.545728022,-0.112018157,8.652787368,0.594938320,0.050069758,8.670434044,0.545818680,-0.112036765,2.742400687,0.108668857,-0.027608781,2.737865271,0.108255969,-0.022353876,-180.002035861,-0.001859246,-0.034898698,-180.000000000,0.000000000,0.000000000,0.019973166,0.017646676,-0.004535415,0.002035861,0.012798932,-0.049119640,-0.000412888,0.001859246,-0.188236527,-0.162106524,0.005254905,0.034898698
18.000000000,8.661356223,0.534443339,0.075712409,8.681549756,0.543489404,-0.112018157,8.664695500,0.595808608,0.043514420,8.681330732,0.543579689,-0.112036765,2.744568227,0.108116890,-0.027598349,2.740026473,0.107809239,-0.022353876,-180.001776461,-0.002877662,-0.050920824,-180.000000000,0.000000000,0.000000000,0.020193534,0.016635232,-0.004541754,0.001776461,0.009046065,-0.052228919,-0.000307650,0.002877662,-0.187730566,-0.155551186,0.005244473,0.050920824
18.019999981,8.672060798,0.535935030,0.074584579,8.692371288,0.541249757,-0.112018157,8.676619568,0.596537515,0.036445332,8.692154061,0.541339671,-0.112036765,2.746724966,0.107587260,-0.026481482,2.742173032,0.107362305,-0.022353876,-180.001523578,-0.004006288,-0.056431270,-180.000000000,0.000000000,0.000000000,0.020310489,0.015534493,-0.004551934,0.001523578,0.005314727,-0.055197844,-0.000224955,0.004006288,-0.186602736,-0.148482098,0.004127606,0.056431270
18.039999962,8.682794884,0.537394483,0.072972611,8.703192819,0.539010111,-0.112018157,8.688556663,0.597117767,0.029012602,8.702977390,0.539099653,-0.112036765,2.748871318,0.107072958,-0.025715098,2.744319591,0.106915370,-0.022353876,-180.001287048,-0.005211710,-0.060271119,-180.000000000,0.000000000,0.000000000,0.020397936,0.014420728,-0.004551727,0.001287048,0.001615628,-0.058018114,-0.000157588,0.005211710,-0.184990767,-0.141049368,0.003361222,0.060271119
18.059999943,8.693557748,0.538813689,0.070960300,8.713944427,0.536768700,-0.112018157,8.700503753,0.597543919,0.021307597,8.713730784,0.536857869,-0.112036765,2.751007358,0.106561928,-0.025551513,2.746452186,0.106468084,-0.022353876,-180.001075520,-0.006649954,-0.071912173,-180.000000000,0.000000000,0.000000000,0.020386679,0.013227031,-0.004555172,0.001075520,-0.002044989,-0.060686049,-0.000093844,0.006649954,-0.182978457,-0.133344362,0.003197637,0.071912173
18.080000162,8.704348510,0.540185612,0.068596151,8.724665009,0.534526740,-0.112018157,8.712457709,0.597811742,0.013391171,8.724453147,0.534615536,-0.112036765,2.753133462,0.106071913,-0.024500722,2.748578587,0.106020687,-0.022353876,-180.000896965,-0.008177258,-0.076365193,-180.000000000,0.000000000,0.000000000,0.020316499,0.011995438,-0.004554875,0.000896965,-0.005658872,-0.063196206,-0.000051226,0.008177258,-0.180614308,-0.125427937,0.002146845,0.076365193
18.100000143,8.715166162,0.541504278,0.065933327,8.735354309,0.532284283,-0.112018157,8.724415333,0.597918209,0.005323325,8.735144223,0.532372708,-0.112036765,2.755249720,0.105581954,-0.024497993,2.750698742,0.105573192,-0.022353876,-180.000758522,-0.009971693,-0.089721784,-180.000000000,0.000000000,0.000000000,0.020188147,0.010728890,-0.004550978,0.000758522,-0.009219995,-0.065545501,-0.000008761,0.009971693,-0.177951484,-0.117360090,0.002144116,0.089721784
18.120000124,8.726009574,0.542763579,0.062965030,8.745950842,0.530044842,-0.112018157,8.736373365,0.597860280,-0.002896413,8.745742516,0.530132895,-0.112036765,2.757356390,0.105111717,-0.023511846,2.752800403,0.105126299,-0.022353876,-180.000666917,-0.011898677,-0.096349192,-180.000000000,0.000000000,0.000000000,0.019941268,0.009369151,-0.004555987,0.000666917,-0.012718736,-0.067727386,0.000014582,0.011898677,-0.174983187,-0.109140353,0.001157969,0.096349192
18.140000105,8.736877498,0.543957864,0.059714234,8.756547374,0.527805402,-0.112018157,8.748328491,0.597635717,-0.011228185,8.756340809,0.527893082,-0.112036765,2.759453832,0.104654421,-0.022864764,2.754902063,0.104679405,-0.022353876,-180.000627625,-0.013996104,-0.104871338,-180.000000000,0.000000000,0.000000000,0.019669876,0.008012318,-0.004551768,0.000627625,-0.016152462,-0.069742635,0.000024984,0.013996104,-0.171732391,-0.100808581,0.000510888,0.104871338
18.160000086,8.747768576,0.545081498,0.056181742,8.767065091,0.525566061,-0.112018157,8.760277358,0.597242401,-0.019665777,8.766860273,0.525653369,-0.112036765,2.761542091,0.104198612,-0.022790475,2.756987996,0.104232532,-0.022353876,-180.000647493,-0.016378001,-0.119094879,-180.000000000,0.000000000,0.000000000,0.019296515,0.006582914,-0.004554095,0.000647493,-0.019515438,-0.071589032,0.000033920,0.016378001,-0.168199899,-0.092370988,0.000436599,0.119094879
18.180000067,8.758681333,0.546128631,0.052356642,8.777552824,0.523325948,-0.112018157,8.772216565,0.596677991,-0.028220515,8.777349748,0.523412884,-0.112036765,2.763621480,0.103760985,-0.021881363,2.759067941,0.103785504,-0.022353876,-180.000732026,-0.018828931,-0.122546454,-180.000000000,0.000000000,0.000000000,0.018871491,0.005133183,-0.004553540,0.000732026,-0.022802683,-0.073265107,0.000024519,0.018828931,-0.164374799,-0.083816251,-0.000472514,0.122546454
18.200000048,8.769614180,0.547093652,0.048251036,8.788010574,0.521085063,-0.112018157,8.784142675,0.595940852,-0.036856919,8.787809235,0.521171627,-0.112036765,2.765692063,0.103322122,-0.021943125,2.761141898,0.103338322,-0.022353876,-180.000886979,-0.021531014,-0.135104177,-180.000000000,0.000000000,0.000000000,0.018396394,0.003666561,-0.004550165,0.000886979,-0.026008589,-0.074769226,0.000016200,0.021531014,-0.160269192,-0.075179846,-0.000410751,0.135104177
18.220000029,8.780565412,0.547970598,0.043847285,8.798376256,0.518847131,-0.112018157,8.796052208,0.595028846,-0.045600330,8.798176639,0.518933323,-0.112036765,2.767754045,0.102899776,-0.021117323,2.763197499,0.102891730,-0.022353876,-180.001117320,-0.024277327,-0.137315659,-180.000000000,0.000000000,0.000000000,0.017810844,0.002124432,-0.004556546,0.001117320,-0.029123467,-0.076095523,-0.000008046,0.024277327,-0.155865441,-0.066436436,-0.001236554,0.137315659
18.240000010,8.791533209,0.548753980,0.039169141,8.808741938,0.516609199,-0.112018157,8.807941652,0.593940670,-0.054408791,8.808544043,0.516695019,-0.112036765,2.769807726,0.102487863,-0.020595636,2.765253101,0.102445138,-0.022353876,-180.001426202,-0.027074470,-0.139857154,-180.000000000,0.000000000,0.000000000,0.017208729,0.000602391,-0.004554625,0.001426202,-0.032144782,-0.077245651,-0.000042725,0.027074470,-0.151187297,-0.057627974,-0.001758240,0.139857154
18.259999990,8.802515645,0.549438478,0.034224879,8.819047334,0.514367348,-0.112018157,8.819807476,0.592675389,-0.063264072,8.818851151,0.514452796,-0.112036765,2.771853129,0.102076899,-0.020548192,2.767296649,0.101997763,-0.022353876,-180.001818045,-0.029998071,-0.146180025,-180.000000000,0.000000000,0.000000000,0.016531688,-0.000956325,-0.004556479,0.001818045,-0.035071130,-0.078222593,-0.000079136,0.029998071,-0.146243036,-0.048772694,-0.001805685,0.146180025
18.279999971,8.813510684,0.550018699,0.029011033,8.829317753,0.512125788,-0.112018157,8.831646123,0.591231909,-0.072173978,8.829123276,0.512210864,-0.112036765,2.773890513,0.101680054,-0.019842244,2.769333220,0.101550447,-0.022353876,-180.002294837,-0.032894805,-0.144836687,-180.000000000,0.000000000,0.000000000,0.015807068,-0.002522848,-0.004557293,0.002294837,-0.037892910,-0.079021045,-0.000129607,0.032894805,-0.141029190,-0.039862787,-0.002511633,0.144836687
18.299999952,8.824516191,0.550489861,0.023558133,8.839553195,0.509884520,-0.112018157,8.843454031,0.589610177,-0.081086585,8.839360418,0.509969224,-0.112036765,2.775919898,0.101280801,-0.019962658,2.771362812,0.101103189,-0.022353876,-180.002860237,-0.035933405,-0.151929998,-180.000000000,0.000000000,0.000000000,0.015037003,-0.004093612,-0.004557087,0.002860237,-0.040605341,-0.079640954,-0.000177612,0.035933405,-0.135576289,-0.030950180,-0.002391218,0.151929998
18.320000172,8.835529932,0.550846988,0.017856329,8.849710449,0.507643188,-0.112018157,8.855227626,0.587809680,-0.090024881,8.849519359,0.507727520,-0.112036765,2.777941440,0.100894846,-0.019297757,2.773376801,0.100655918,-0.022353876,-180.003516014,-0.038881091,-0.147384335,-180.000000000,0.000000000,0.000000000,0.014180517,-0.005708267,-0.004564640,0.003516014,-0.043203799,-0.080082160,-0.000238928,0.038881091,-0.129874486,-0.022011885,-0.003056119,0.147384335
18.340000153,8.846549578,0.551085706,0.011935904,8.859867581,0.505401883,-0.112018157,8.866963338,0.585830941,-0.098936936,8.859678179,0.505485842,-0.112036765,2.779955374,0.100516178,-0.018933385,2.775390765,0.100208653,-0.022353876,-180.004261653,-0.041766909,-0.144290892,-180.000000000,0.000000000,0.000000000,0.013318003,-0.007285159,-0.004564608,0.004261653,-0.045683823,-0.080345099,-0.000307526,0.041766909,-0.123954061,-0.013099830,-0.003420491,0.144290892
18.360000134,8.857572721,0.551202003,0.005814839,8.869942046,0.503161513,-0.112018157,8.878657613,0.583674882,-0.107802930,8.869754317,0.503245100,-0.112036765,2.781961680,0.100136556,-0.018981112,2.777388239,0.099761574,-0.022353876,-180.005098429,-0.044669369,-0.145122997,-180.000000000,0.000000000,0.000000000,0.012369325,-0.008903296,-0.004573441,0.005098429,-0.048040490,-0.080429783,-0.000374982,0.044669369,-0.117832995,-0.004233836,-0.003372764,0.145122997
18.380000114,8.868596867,0.551191829,-0.000508699,8.879983720,0.500920960,-0.112018157,8.890306910,0.581342250,-0.116631627,8.879797660,0.501004174,-0.112036765,2.783960549,0.099767334,-0.018461123,2.779379167,0.099314458,-0.022353876,-180.006024625,-0.047431176,-0.138090366,-180.000000000,0.000000000,0.000000000,0.011386853,-0.010509250,-0.004581381,0.006024625,-0.050270869,-0.080338076,-0.000452875,0.047431176,-0.111509458,0.004594862,-0.003892753,0.138090366
18.400000095,8.879619453,0.551051862,-0.006998335,8.889992605,0.498680223,-0.112018157,8.901907717,0.578834854,-0.125369819,8.889808208,0.498763065,-0.112036765,2.785951959,0.099394083,-0.018662509,2.781363552,0.098867306,-0.022353876,-180.007040478,-0.050221832,-0.139532806,-180.000000000,0.000000000,0.000000000,0.010373152,-0.012099509,-0.004588407,0.007040478,-0.052371639,-0.080071789,-0.000526777,0.050221832,-0.105019821,0.013333053,-0.003691367,0.139532806
18.420000076,8.890637844,0.550778479,-0.013669134,8.899920963,0.496439959,-0.112018157,8.913456552,0.576154020,-0.134041658,8.899738215,0.496522429,-0.112036765,2.787936002,0.099029956,-0.018206365,2.783331869,0.098420248,-0.022353876,-180.008143983,-0.052808305,-0.129323616,-180.000000000,0.000000000,0.000000000,0.009283119,-0.013718337,-0.004604133,0.008143983,-0.054338520,-0.079631591,-0.000609708,0.052808305,-0.098349022,0.022004893,-0.004147511,0.129323616
18.440000057,8.901649340,0.550368805,-0.020483731,8.909849320,0.494199696,-0.112018157,8.924949969,0.573302022,-0.142599910,8.909668222,0.494281793,-0.112036765,2.789912832,0.098669456,-0.018025006,2.785300187,0.097973191,-0.022353876,-180.009330955,-0.055252874,-0.122228440,-180.000000000,0.000000000,0.000000000,0.008199980,-0.015281747,-0.004612645,0.009330955,-0.056169109,-0.079020229,-0.000696265,0.055252874,-0.091534425,0.030563144,-0.004328870,0.122228440
18.460000038,8.912651191,0.549820285,-0.027425992,8.919696282,0.491960115,-0.112018157,8.936384573,0.570281525,-0.151024852,8.919516819,0.492041840,-0.112036765,2.791882376,0.098305385,-0.018203564,2.787252265,0.097526269,-0.022353876,-180.010599666,-0.057618965,-0.118304575,-180.000000000,0.000000000,0.000000000,0.007045091,-0.016867754,-0.004630111,0.010599666,-0.057860170,-0.078239685,-0.000779115,0.057618965,-0.084592165,0.038988087,-0.004150312,0.118304575
18.480000019,8.923640588,0.549130322,-0.034498123,8.929510151,0.489720421,-0.112018157,8.947757017,0.567094955,-0.159328484,8.929332318,0.489801775,-0.112036765,2.793844743,0.097947379,-0.017900305,2.789197739,0.097079325,-0.022353876,-180.011944976,-0.059755662,-0.106834834,-180.000000000,0.000000000,0.000000000,0.005869563,-0.018424699,-0.004647004,0.011944976,-0.059409901,-0.077293181,-0.000868053,0.059755662,-0.077520034,0.047291719,-0.004453571,0.106834834
18.500000000,8.934614686,0.548297080,-0.041662136,8.939290928,0.487480615,-0.112018157,8.959064018,0.563745787,-0.167458411,8.939114720,0.487561597,-0.112036765,2.795799854,0.097582869,-0.018225478,2.791136608,0.096632359,-0.022353876,-180.013363926,-0.061828791,-0.103656466,-180.000000000,0.000000000,0.000000000,0.004676242,-0.019949298,-0.004663245,0.013363926,-0.060816465,-0.076184191,-0.000950510,0.061828791,-0.070356021,0.055421646,-0.004128398,0.103656466
18.519999981,8.945570595,0.547318407,-0.048933620,8.948999600,0.485239355,-0.112018157,8.970302354,0.560236960,-0.175441366,8.948825006,0.485319964,-0.112036765,2.797747725,0.097222983,-0.017994279,2.793061081,0.096185102,-0.022353876,-180.014851277,-0.063619861,-0.089553481,-180.000000000,0.000000000,0.000000000,0.003429006,-0.021477348,-0.004686645,0.014851277,-0.062079052,-0.074916996,-0.001037881,0.063619861,-0.063084536,0.063404601,-0.004359597,0.089553481
18.539999962,8.956505390,0.546192914,-0.056274647,8.958708273,0.482998095,-0.112018157,8.981468870,0.556572322,-0.183231876,8.958535291,0.483078332,-0.112036765,2.799688423,0.096862947,-0.018001810,2.794985553,0.095737846,-0.022353876,-180.016399731,-0.065182573,-0.078135627,-180.000000000,0.000000000,0.000000000,0.002202883,-0.022933579,-0.004702870,0.016399731,-0.063194820,-0.073493991,-0.001125101,0.065182573,-0.055743510,0.071195111,-0.004352067,0.078135627
18.559999943,8.967416125,0.544919565,-0.063667486,8.968332037,0.480758337,-0.112018157,8.992560495,0.552756057,-0.190813251,8.968160653,0.480838202,-0.112036765,2.801621821,0.096496378,-0.018328460,2.796893090,0.095290889,-0.022353876,-180.018004597,-0.066601146,-0.070928623,-180.000000000,0.000000000,0.000000000,0.000915912,-0.024399842,-0.004728731,0.018004597,-0.064161228,-0.071917855,-0.001205489,0.066601146,-0.048350670,0.078776485,-0.004025416,0.070928623
18.580000162,8.978299830,0.543497253,-0.071115569,8.977925914,0.478517709,-0.112018157,9.003574235,0.548792088,-0.198198459,8.977756125,0.478597202,-0.112036765,2.803547938,0.096131459,-0.018245973,2.798794658,0.094843759,-0.022353876,-180.019658118,-0.067730999,-0.056492679,-180.000000000,0.000000000,0.000000000,-0.000373916,-0.025818111,-0.004753281,0.019658118,-0.064979544,-0.070194886,-0.001287700,0.067730999,-0.040902588,0.086161693,-0.004107903,0.056492679
18.600000143,8.989153522,0.541925654,-0.078579943,8.987489676,0.476276265,-0.112018157,9.014507190,0.544685329,-0.205337973,8.987321475,0.476355385,-0.112036765,2.805466640,0.095757556,-0.018695107,2.800690211,0.094396466,-0.022353876,-180.021354731,-0.068714846,-0.049192341,-180.000000000,0.000000000,0.000000000,-0.001663846,-0.027185715,-0.004776429,0.021354731,-0.065649390,-0.068329944,-0.001361091,0.068714846,-0.033438214,0.093301208,-0.003658769,0.049192341
18.620000124,8.999974209,0.540204163,-0.086074590,8.996969431,0.474036130,-0.112018157,9.025356548,0.540440117,-0.212260599,8.996802805,0.474114878,-0.112036765,2.807377867,0.095383815,-0.018687092,2.802569008,0.093949434,-0.022353876,-180.023086700,-0.069392782,-0.033896813,-180.000000000,0.000000000,0.000000000,-0.003004778,-0.028553743,-0.004808859,0.023086700,-0.066168033,-0.066325239,-0.001434381,0.069392782,-0.025943567,0.100223833,-0.003666784,0.033896813
18.640000105,9.010758892,0.538332904,-0.093562940,9.006449186,0.471795996,-0.112018157,9.036119593,0.536061640,-0.218923840,9.006284134,0.471874372,-0.112036765,2.809281602,0.095006224,-0.018879535,2.804447805,0.093502402,-0.022353876,-180.024844980,-0.069813226,-0.021022160,-180.000000000,0.000000000,0.000000000,-0.004309707,-0.029835459,-0.004833797,0.024844980,-0.066536908,-0.064187268,-0.001503822,0.069813226,-0.018455217,0.106887075,-0.003474341,0.021022160
18.660000086,9.021504583,0.536312341,-0.101028160,9.015852691,0.469555348,-0.112018157,9.046793719,0.531555375,-0.225313239,9.015689201,0.469633352,-0.112036765,2.811177662,0.094619522,-0.019335088,2.806311382,0.093055267,-0.022353876,-180.026623115,-0.070041864,-0.011431909,-180.000000000,0.000000000,0.000000000,-0.005651892,-0.031104517,-0.004866279,0.026623115,-0.066756993,-0.061922024,-0.001564255,0.070041864,-0.010989996,0.113276474,-0.003018788,0.011431909
18.680000067,9.032208297,0.534142874,-0.108473342,9.025221342,0.467314999,-0.112018157,9.057376422,0.526926508,-0.231443346,9.025059410,0.467392630,-0.112036765,2.813065993,0.094230535,-0.019449344,2.808168007,0.092608193,-0.022353876,-180.028411711,-0.069964853,0.003850548,-180.000000000,0.000000000,0.000000000,-0.006986954,-0.032317012,-0.004897986,0.028411711,-0.066827875,-0.059533878,-0.001622343,0.069964853,-0.003544815,0.119406581,-0.002904533,-0.003850548
18.700000048,9.042867069,0.531825671,-0.115860124,9.034555141,0.465074948,-0.112018157,9.067865315,0.522181108,-0.237270029,9.034394758,0.465152207,-0.112036765,2.814946407,0.093830442,-0.020004674,2.810017678,0.092161177,-0.022353876,-180.030203800,-0.069712736,0.012605841,-180.000000000,0.000000000,0.000000000,-0.008311928,-0.033470556,-0.004928730,0.030203800,-0.066750724,-0.057028900,-0.001669264,0.069712736,0.003841968,0.125233264,-0.002349202,-0.012605841
18.720000029,9.053477953,0.529361628,-0.123202192,9.043810488,0.462834911,-0.112018157,9.078258124,0.517324667,-0.242822020,9.043651644,0.462911799,-0.112036765,2.816818786,0.093426909,-0.020176638,2.811851693,0.091714165,-0.022353876,-180.031990629,-0.069156542,0.027809678,-180.000000000,0.000000000,0.000000000,-0.009667464,-0.034606480,-0.004967093,0.031990629,-0.066526716,-0.054412868,-0.001712744,0.069156542,0.011184036,0.130785254,-0.002177239,-0.027809678
18.740000010,9.064038027,0.526752338,-0.130464494,9.053065836,0.460594875,-0.112018157,9.088552693,0.512363416,-0.248062539,9.052908529,0.460671390,-0.112036765,2.818683042,0.093016687,-0.020511094,2.813685709,0.091267153,-0.022353876,-180.033762519,-0.068345932,0.040530522,-180.000000000,0.000000000,0.000000000,-0.010972191,-0.035644164,-0.004997333,0.033762519,-0.066157462,-0.051692026,-0.001749534,0.068345932,0.018446338,0.136025774,-0.001842782,-0.040530522
18.759999990,9.074544409,0.523999713,-0.137631213,9.062241116,0.458355250,-0.112018157,9.098746994,0.507303800,-0.252980799,9.062085333,0.458431393,-0.112036765,2.820538957,0.092595554,-0.021056645,2.815503749,0.090820223,-0.022353876,-180.035512438,-0.067343898,0.050101684,-180.000000000,0.000000000,0.000000000,-0.012303293,-0.036661661,-0.005035208,0.035512437,-0.065644463,-0.048872407,-0.001775332,0.067343898,0.025613056,0.140944034,-0.001297231,-0.050101684
18.779999971,9.084994248,0.521105599,-0.144705708,9.071379861,0.456116353,-0.112018157,9.108839123,0.502151958,-0.257592100,9.071225596,0.456192125,-0.112036765,2.822386418,0.092169261,-0.021314640,2.817314503,0.090373438,-0.022353876,-180.037230964,-0.066064090,0.063990411,-180.000000000,0.000000000,0.000000000,-0.013614387,-0.037613527,-0.005071916,0.037230964,-0.064989246,-0.045959834,-0.001795824,0.066064090,0.032687552,0.145555335,-0.001039236,-0.063990411
18.799999952,9.095384742,0.518072560,-0.151651963,9.080482071,0.453878185,-0.112018157,9.118827308,0.496914774,-0.261859249,9.080329319,0.453953584,-0.112036765,2.824225209,0.091730741,-0.021925999,2.819117970,0.089926798,-0.022353876,-180.038911131,-0.064621456,0.072131686,-180.000000000,0.000000000,0.000000000,-0.014902671,-0.038497990,-0.005107239,0.038911131,-0.064194375,-0.042961189,-0.001803943,0.064621456,0.039633806,0.149822483,-0.000427877,-0.072131686
18.820000172,9.105713137,0.514902897,-0.158483142,9.089523270,0.451635717,-0.112018157,9.128709909,0.491598575,-0.265809930,9.089372020,0.451710744,-0.112036765,2.826055169,0.091286417,-0.022216223,2.820909237,0.089479301,-0.022353876,-180.040544658,-0.062920126,0.085066504,-180.000000000,0.000000000,0.000000000,-0.016189866,-0.039337890,-0.005145932,0.040544658,-0.063267180,-0.039887831,-0.001807116,0.062920126,0.046464986,0.153773164,-0.000137654,-0.085066504
18.840000153,9.115976729,0.511599552,-0.165167244,9.098564362,0.449393277,-0.112018157,9.138485418,0.486210291,-0.269414213,9.098414613,0.449467931,-0.112036765,2.827876170,0.090833833,-0.022629177,2.822700482,0.089031809,-0.022353876,-180.042122751,-0.061008287,0.095591956,-180.000000000,0.000000000,0.000000000,-0.017412367,-0.040070805,-0.005175688,0.042122751,-0.062206276,-0.036742360,-0.001802025,0.061008287,0.053149088,0.157377448,0.000275301,-0.095591956
18.860000134,9.126172880,0.508165746,-0.171690288,9.107511307,0.447154751,-0.112018157,9.148152467,0.480756985,-0.272665298,9.107363044,0.447229033,-0.112036765,2.829687982,0.090369808,-0.023201273,2.824472963,0.088585098,-0.022353876,-180.043639181,-0.058943224,0.103253148,-180.000000000,0.000000000,0.000000000,-0.018661573,-0.040789422,-0.005215019,0.043639181,-0.061010996,-0.033527952,-0.001784710,0.058943224,0.059672131,0.160628533,0.000847397,-0.103253148
18.880000114,9.136299011,0.504604630,-0.178055845,9.116429937,0.444914900,-0.112018157,9.157709825,0.475245408,-0.275578829,9.116283156,0.444988810,-0.112036765,2.831490462,0.089899201,-0.023530363,2.826239786,0.088138122,-0.022353876,-180.045085957,-0.056665987,0.113861871,-180.000000000,0.000000000,0.000000000,-0.019869075,-0.041426669,-0.005250676,0.045085957,-0.059689730,-0.030256598,-0.001761078,0.056665987,0.066037689,0.163542063,0.001176487,-0.113861871
18.900000095,9.146352618,0.500919993,-0.184231810,9.125320251,0.442673725,-0.112018157,9.167156406,0.469682896,-0.278125582,9.125174946,0.442747263,-0.112036765,2.833283390,0.089416603,-0.024129882,2.828000950,0.087690883,-0.022353876,-180.046457435,-0.054272339,0.119682368,-180.000000000,0.000000000,0.000000000,-0.021032367,-0.041981460,-0.005282440,0.046457435,-0.058246269,-0.026935634,-0.001725720,0.054272339,0.072213654,0.166088816,0.001776005,-0.119682368
18.920000076,9.156331265,0.497115385,-0.190230438,9.134132071,0.440432555,-0.112018157,9.176491262,0.464076265,-0.280331591,9.133988231,0.440505721,-0.112036765,2.835066598,0.088927373,-0.024461518,2.829746451,0.087243644,-0.022353876,-180.047747149,-0.051698416,0.128696175,-180.000000000,0.000000000,0.000000000,-0.022199195,-0.042503031,-0.005320146,0.047747149,-0.056682829,-0.023570544,-0.001683728,0.051698416,0.078212281,0.168294825,0.002107641,-0.128696175
18.940000057,9.166232597,0.493194904,-0.196024047,9.142943891,0.438191386,-0.112018157,9.185713585,0.458432775,-0.282174502,9.142801515,0.438264180,-0.112036765,2.836839944,0.088429837,-0.024876802,2.831491952,0.086796406,-0.022353876,-180.048948495,-0.048988021,0.135519731,-180.000000000,0.000000000,0.000000000,-0.023288706,-0.042912071,-0.005347992,0.048948495,-0.055003517,-0.020168595,-0.001633431,0.048988021,0.084005890,0.170137736,0.002522926,-0.135519731
18.960000038,9.176054341,0.489162882,-0.201601075,9.151674167,0.435951009,-0.112018157,9.194822718,0.452759742,-0.283651608,9.151533241,0.436023431,-0.112036765,2.838603214,0.087921783,-0.025402683,2.833221184,0.086349326,-0.022353876,-180.050057219,-0.046190379,0.139882103,-180.000000000,0.000000000,0.000000000,-0.024380174,-0.043289476,-0.005382030,0.050057219,-0.053211873,-0.016736312,-0.001572457,0.046190379,0.089582918,0.171614843,0.003048807,-0.139882103
18.980000019,9.185794310,0.485023577,-0.206965246,9.160368228,0.433711310,-0.112018157,9.203818140,0.447064170,-0.284778602,9.160228746,0.433783359,-0.112036765,2.840356269,0.087407283,-0.025724984,2.834943194,0.085902381,-0.022353876,-180.051067929,-0.043271159,0.145961022,-180.000000000,0.000000000,0.000000000,-0.025426082,-0.043589394,-0.005413075,0.051067929,-0.051312268,-0.013280812,-0.001504903,0.043271159,0.094947089,0.172741836,0.003371107,-0.145961022
19.000000000,9.195450409,0.480781782,-0.212089780,9.169026073,0.431472288,-0.112018157,9.212699480,0.441353473,-0.285534897,9.168888030,0.431543965,-0.112036765,2.842098915,0.086882474,-0.026240444,2.836657980,0.085455571,-0.022353876,-180.051977339,-0.040304571,0.148329373,-180.000000000,0.000000000,0.000000000,-0.026424336,-0.043811451,-0.005440935,0.051977339,-0.049309494,-0.009809508,-0.001426904,0.040304571,0.100071624,0.173498132,0.003886568,-0.148329373
19.019999981,9.205020637,0.476442069,-0.216985648,9.177614304,0.429230982,-0.112018157,9.221466509,0.435634585,-0.285944373,9.177477687,0.429302287,-0.112036765,2.843831003,0.086351752,-0.026536133,2.838358862,0.085008305,-0.022353876,-180.052781772,-0.037254434,0.152506850,-180.000000000,0.000000000,0.000000000,-0.027406333,-0.043988822,-0.005472141,0.052781772,-0.047211087,-0.006332298,-0.001343447,0.037254434,0.104967491,0.173907608,0.004182257,-0.152506850
19.039999962,9.214503086,0.472009458,-0.221630523,9.186202534,0.426989677,-0.112018157,9.230119138,0.429914735,-0.285992526,9.186067344,0.427060609,-0.112036765,2.845552411,0.085814142,-0.026880511,2.840059743,0.084561040,-0.022353876,-180.053477710,-0.034157634,0.154840033,-180.000000000,0.000000000,0.000000000,-0.028300551,-0.044051793,-0.005492668,0.053477710,-0.045019782,-0.002854125,-0.001253102,0.034157634,0.109612366,0.173955761,0.004526635,-0.154840033
19.059999943,9.223895953,0.467489142,-0.226015824,9.194707364,0.424749673,-0.112018157,9.238657424,0.424201119,-0.285680756,9.194573586,0.424820233,-0.112036765,2.847262969,0.085268320,-0.027291101,2.841743988,0.084114034,-0.022353876,-180.054063631,-0.031052991,0.155232148,-180.000000000,0.000000000,0.000000000,-0.029188590,-0.044083837,-0.005518981,0.054063631,-0.042739469,0.000619114,-0.001154286,0.031052991,0.113997668,0.173643991,0.004937225,-0.155232148
19.080000162,9.233197538,0.462886235,-0.230145319,9.203176383,0.422510260,-0.112018157,9.247081563,0.418500630,-0.285024467,9.203044013,0.422580448,-0.112036765,2.848962569,0.084717611,-0.027535434,2.843421091,0.083667146,-0.022353876,-180.054537416,-0.027925433,0.156377882,-180.000000000,0.000000000,0.000000000,-0.030021155,-0.044037550,-0.005541477,0.054537416,-0.040375976,0.004079818,-0.001050465,0.027925433,0.118127162,0.172987701,0.005181558,-0.156377882
19.100000143,9.242406247,0.458206264,-0.233998582,9.211609390,0.420271490,-0.112018157,9.255391894,0.412820394,-0.284011778,9.211478421,0.420341307,-0.112036765,2.850651069,0.084159534,-0.027903827,2.845091011,0.083220386,-0.022353876,-180.054898685,-0.024827226,0.154910345,-180.000000000,0.000000000,0.000000000,-0.030796857,-0.043913473,-0.005560057,0.054898685,-0.037934773,0.007520913,-0.000939148,0.024827226,0.121980426,0.171975013,0.005549951,-0.154910345
19.120000124,9.251520594,0.453454564,-0.237584982,9.219968597,0.418031509,-0.112018157,9.263588892,0.407167114,-0.282664037,9.219839017,0.418100953,-0.112036765,2.852328365,0.083597546,-0.028099416,2.846746197,0.082773385,-0.022353876,-180.055146994,-0.021743175,0.154202538,-180.000000000,0.000000000,0.000000000,-0.031551997,-0.043749875,-0.005582168,0.055146994,-0.035423055,0.010933839,-0.000824161,0.021743175,0.125566825,0.170627272,0.005745539,-0.154202538
19.140000105,9.260539204,0.448636797,-0.240888349,9.228327805,0.415791527,-0.112018157,9.271673167,0.401547623,-0.280974515,9.228199612,0.415860599,-0.112036765,2.853994382,0.083031268,-0.028313896,2.848401383,0.082326383,-0.022353876,-180.055282233,-0.018701024,0.152107547,-180.000000000,0.000000000,0.000000000,-0.032211399,-0.043473555,-0.005592998,0.055282233,-0.032845270,0.014312976,-0.000704885,0.018701024,0.128870192,0.168937750,0.005960020,-0.152107547
19.160000086,9.269460816,0.443758729,-0.243903386,9.236609861,0.413551210,-0.112018157,9.279645468,0.395968655,-0.278948421,9.236483044,0.413619910,-0.112036765,2.855649013,0.082460131,-0.028556854,2.850041171,0.081879315,-0.022353876,-180.055305827,-0.015728003,0.148651092,-180.000000000,0.000000000,0.000000000,-0.032850955,-0.043162424,-0.005607842,0.055305827,-0.030207520,0.017651255,-0.000580816,0.015728003,0.131885229,0.166911656,0.006202978,-0.148651092
19.180000067,9.278284283,0.438826059,-0.246633513,9.244861844,0.411309925,-0.112018157,9.287506671,0.390436650,-0.276600270,9.244736398,0.411378253,-0.112036765,2.857292203,0.081886619,-0.028675624,2.851674953,0.081432054,-0.022353876,-180.055218993,-0.012815427,0.145628788,-180.000000000,0.000000000,0.000000000,-0.033422439,-0.042770273,-0.005617250,0.055218993,-0.027516134,0.020941604,-0.000454565,0.012815427,0.134615356,0.164563505,0.006321748,-0.145628788
19.200000048,9.287008576,0.433844728,-0.249066537,9.253083754,0.409067674,-0.112018157,9.295257786,0.384958094,-0.273927761,9.252959674,0.409135630,-0.112036765,2.858923879,0.081309593,-0.028851270,2.853302727,0.080984600,-0.022353876,-180.055024213,-0.010007456,0.140398559,-180.000000000,0.000000000,0.000000000,-0.033924822,-0.042298111,-0.005621152,0.055024213,-0.024777054,0.024177535,-0.000324994,0.010007456,0.137048380,0.161890996,0.006497394,-0.140398559
19.220000029,9.295632783,0.428820551,-0.251208891,9.261222433,0.406826721,-0.112018157,9.302899944,0.379539128,-0.270948327,9.261099706,0.406894304,-0.112036765,2.860544002,0.080731466,-0.028906333,2.854913900,0.080537404,-0.022353876,-180.054724180,-0.007295897,0.135577941,-180.000000000,0.000000000,0.000000000,-0.034410350,-0.041800238,-0.005630102,0.054724180,-0.021993830,0.027355176,-0.000194062,0.007295897,0.139190734,0.158911561,0.006552457,-0.135577941
19.240000010,9.304156110,0.423759526,-0.253051235,9.269361112,0.404585767,-0.112018157,9.310434403,0.374185872,-0.267662785,9.269239737,0.404652978,-0.112036765,2.862152554,0.080152328,-0.028956902,2.856525072,0.080090209,-0.022353876,-180.054321918,-0.004698692,0.129860260,-180.000000000,0.000000000,0.000000000,-0.034794997,-0.041194666,-0.005627481,0.054321918,-0.019173759,0.030467105,-0.000062120,0.004698692,0.141033078,0.155626019,0.006603026,-0.129860260
19.259999990,9.312577882,0.418667693,-0.254591627,9.277410927,0.402347720,-0.112018157,9.317862540,0.368904285,-0.264079335,9.277290889,0.402414559,-0.112036765,2.863749508,0.079572201,-0.029006379,2.858118528,0.079643593,-0.022353876,-180.053821494,-0.002234280,0.123220591,-180.000000000,0.000000000,0.000000000,-0.035166955,-0.040571651,-0.005630979,0.053821494,-0.016319974,0.033510273,0.000071393,0.002234280,0.142573470,0.152042569,0.006652503,-0.123220591
19.279999971,9.320897547,0.413551028,-0.255833272,9.285434135,0.400107722,-0.112018157,9.325185848,0.363700035,-0.260212501,9.285315429,0.400174188,-0.112036765,2.865334868,0.078992720,-0.028974063,2.859706664,0.079196589,-0.022353876,-180.053227073,0.000103064,0.116867194,-180.000000000,0.000000000,0.000000000,-0.035463412,-0.039870418,-0.005628204,0.053227073,-0.013443306,0.036474153,0.000203869,-0.000103064,0.143815115,0.148175736,0.006620187,-0.116867194
19.299999952,9.329114672,0.408415619,-0.256770436,9.293430736,0.397865773,-0.112018157,9.332405932,0.358578690,-0.256067281,9.293313359,0.397931867,-0.112036765,2.866908641,0.078413837,-0.028944118,2.861289478,0.078749195,-0.022353876,-180.052543436,0.002291151,0.109404366,-180.000000000,0.000000000,0.000000000,-0.035683936,-0.039092573,-0.005619163,0.052543436,-0.010549847,0.039353177,0.000335358,-0.002291151,0.144752280,0.144030515,0.006590242,-0.109404366
19.320000172,9.337228945,0.403267449,-0.257408523,9.301344565,0.395625033,-0.112018157,9.339524507,0.353545534,-0.251657769,9.301228503,0.395690756,-0.112036765,2.868470856,0.077836865,-0.028848636,2.862855782,0.078302042,-0.022353876,-180.051775613,0.004329002,0.101892535,-180.000000000,0.000000000,0.000000000,-0.035884380,-0.038296004,-0.005615074,0.051775613,-0.007642415,0.042145221,0.000465178,-0.004329002,0.145390366,0.139621004,0.006494759,-0.101892535
19.340000153,9.345240174,0.398112548,-0.257745054,9.309258300,0.393384321,-0.112018157,9.346543390,0.348605706,-0.246991433,9.309143552,0.393449671,-0.112036765,2.870021555,0.077262224,-0.028732009,2.864422067,0.077854895,-0.022353876,-180.050928971,0.006208533,0.093976570,-180.000000000,0.000000000,0.000000000,-0.035981874,-0.037399838,-0.005599488,0.050928971,-0.004728227,0.044843965,0.000592671,-0.006208533,0.145726897,0.134954667,0.006378133,-0.093976570
19.360000134,9.353148287,0.392956914,-0.257781659,9.317085302,0.391145991,-0.112018157,9.353464500,0.343764120,-0.242079271,9.316971854,0.391210969,-0.112036765,2.871560790,0.076690477,-0.028587390,2.865971058,0.077408223,-0.022353876,-180.050009417,0.007918006,0.085473644,-180.000000000,0.000000000,0.000000000,-0.036062985,-0.036492646,-0.005589733,0.050009417,-0.001810924,0.047446849,0.000717747,-0.007918006,0.145763502,0.130042505,0.006233514,-0.085473644
19.380000114,9.360953332,0.387806484,-0.257521546,9.324882388,0.388906610,-0.112018157,9.360289851,0.339025423,-0.236934873,9.324770236,0.388971216,-0.112036765,2.873088627,0.076122349,-0.028406390,2.867514073,0.076961342,-0.022353876,-180.049023123,0.009462914,0.077245376,-180.000000000,0.000000000,0.000000000,-0.036070944,-0.035519616,-0.005574554,0.049023123,0.001100126,0.049945793,0.000838993,-0.009462914,0.145503390,0.124898107,0.006052514,-0.077245376
19.400000095,9.368655475,0.382667156,-0.256966376,9.332649558,0.386666177,-0.112018157,9.367021548,0.334394034,-0.231569437,9.332538696,0.386730411,-0.112036765,2.874605146,0.075558521,-0.028191392,2.869051112,0.076514250,-0.022353876,-180.047976363,0.010837760,0.068742307,-180.000000000,0.000000000,0.000000000,-0.036005917,-0.034482852,-0.005554034,0.047976363,0.003999021,0.052336377,0.000955729,-0.010837760,0.144948219,0.119532672,0.005837516,-0.068742307
19.420000076,9.376255001,0.377544770,-0.256119278,9.340343970,0.384424086,-0.112018157,9.373661781,0.329874131,-0.225995155,9.340234386,0.384487948,-0.112036765,2.876110435,0.074999127,-0.027969686,2.870573621,0.076066828,-0.022353876,-180.046875513,0.012051994,0.060711695,-180.000000000,0.000000000,0.000000000,-0.035911031,-0.033427395,-0.005536813,0.046875513,0.006879316,0.054613817,0.001067701,-0.012051994,0.144101122,0.113958390,0.005615810,-0.060711695
19.440000057,9.383752307,0.372445093,-0.254983871,9.348038382,0.382181995,-0.112018157,9.380212822,0.325469639,-0.220224592,9.347930076,0.382245484,-0.112036765,2.877604587,0.074444931,-0.027709813,2.872096131,0.075619406,-0.022353876,-180.045726983,0.013096430,0.052221782,-180.000000000,0.000000000,0.000000000,-0.035713925,-0.032282746,-0.005508455,0.045726983,0.009736902,0.056775845,0.001174475,-0.013096430,0.142965714,0.108187827,0.005355937,-0.052221782
19.460000038,9.391147908,0.367373798,-0.253564755,9.355644238,0.379942868,-0.112018157,9.386677017,0.321184232,-0.214270350,9.355537196,0.380005985,-0.112036765,2.879087721,0.073896771,-0.027407984,2.873600987,0.075172575,-0.022353876,-180.044537323,0.013977583,0.044057662,-180.000000000,0.000000000,0.000000000,-0.035503671,-0.031139821,-0.005486734,0.044537323,0.012569070,0.058821752,0.001275803,-0.013977583,0.141546598,0.102233584,0.005054108,-0.044057662
19.480000019,9.398442432,0.362336506,-0.251864577,9.363219212,0.377702938,-0.112018157,9.393056785,0.317021350,-0.208144132,9.363113429,0.377765683,-0.112036765,2.880559949,0.073354559,-0.027110606,2.875099675,0.074725584,-0.022353876,-180.043313321,0.014689604,0.035601039,-180.000000000,0.000000000,0.000000000,-0.035223219,-0.029943356,-0.005460274,0.043313321,0.015366432,0.060744334,0.001371025,-0.014689604,0.139846421,0.096107367,0.004756729,-0.035601039
19.500000000,9.405636614,0.357338658,-0.249892442,9.370763306,0.375462207,-0.112018157,9.399354609,0.312984083,-0.201863344,9.370658775,0.375524580,-0.112036765,2.882021411,0.072819491,-0.026753414,2.876592196,0.074278433,-0.022353876,-180.042061624,0.015246555,0.027847578,-180.000000000,0.000000000,0.000000000,-0.034873308,-0.028695834,-0.005429215,0.042061624,0.018123550,0.062540497,0.001458942,-0.015246555,0.137874285,0.089826579,0.004399538,-0.027847578
19.519999981,9.412731302,0.352385683,-0.247648713,9.378223735,0.373223054,-0.112018157,9.405573033,0.309075362,-0.195436047,9.378120444,0.373285055,-0.112036765,2.883472237,0.072290632,-0.026442964,2.878068030,0.073831597,-0.022353876,-180.040788733,0.015650091,0.020176786,-180.000000000,0.000000000,0.000000000,-0.034507567,-0.027452589,-0.005404207,0.040788733,0.020837371,0.064209693,0.001540965,-0.015650091,0.135630557,0.083399282,0.004089088,-0.020176786
19.539999962,9.419727448,0.347482800,-0.245144183,9.385684164,0.370983901,-0.112018157,9.411714655,0.305297750,-0.188880594,9.385582112,0.371045530,-0.112036765,2.884912554,0.071768872,-0.026087991,2.879543864,0.073384761,-0.022353876,-180.039501249,0.015901438,0.012567370,-180.000000000,0.000000000,0.000000000,-0.034043284,-0.026132543,-0.005368690,0.039501249,0.023501102,0.065747780,0.001615889,-0.015901438,0.133126026,0.076843829,0.003734115,-0.012567370
19.559999943,9.426626107,0.342635081,-0.242385955,9.393081106,0.368740226,-0.112018157,9.417782123,0.301653550,-0.182210005,9.392980283,0.368801482,-0.112036765,2.886342530,0.071255433,-0.025671954,2.881007003,0.072937022,-0.022353876,-180.038205463,0.016010393,0.005447725,-180.000000000,0.000000000,0.000000000,-0.033545001,-0.024801840,-0.005335527,0.038205463,0.026105146,0.067147933,0.001681590,-0.016010393,0.130367798,0.070173240,0.003318078,-0.005447725
19.580000162,9.433428435,0.337847539,-0.239377076,9.400436365,0.366499005,-0.112018157,9.423778125,0.298144820,-0.175436508,9.400336764,0.366559888,-0.112036765,2.887762302,0.070748967,-0.025323284,2.882461838,0.072489773,-0.022353876,-180.036907785,0.015988278,-0.001105745,-180.000000000,0.000000000,0.000000000,-0.032992070,-0.023441361,-0.005300463,0.036907785,0.028651466,0.068415069,0.001740806,-0.015988278,0.127358919,0.063399742,0.002969407,0.001105745
19.600000143,9.440135686,0.333124896,-0.236132173,9.407749766,0.364260290,-0.112018157,9.429705390,0.294773218,-0.168580081,9.407651380,0.364320802,-0.112036765,2.889172046,0.070251587,-0.024868988,2.883908335,0.072043025,-0.022353876,-180.035614001,0.015838893,-0.007469261,-180.000000000,0.000000000,0.000000000,-0.032385920,-0.022054010,-0.005263711,0.035614001,0.031135395,0.069547584,0.001791438,-0.015838893,0.124114016,0.056543316,0.002515112,0.007469261
19.620000124,9.446749208,0.328471903,-0.232649650,9.414992005,0.362019354,-0.112018157,9.435566677,0.291540272,-0.161647277,9.414894822,0.362079493,-0.112036765,2.890571913,0.069760764,-0.024541139,2.885340618,0.071595833,-0.022353876,-180.034329770,0.015583337,-0.012777769,-180.000000000,0.000000000,0.000000000,-0.031757203,-0.020671855,-0.005231295,0.034329770,0.033547451,0.070539221,0.001835068,-0.015583337,0.120631493,0.049610512,0.002187263,0.012777769
19.640000105,9.453270441,0.323892987,-0.228945802,9.422234245,0.359778418,-0.112018157,9.441364771,0.288447113,-0.154657960,9.422138265,0.359838185,-0.112036765,2.891962037,0.069277937,-0.024141362,2.886772901,0.071148641,-0.022353876,-180.033060494,0.015219313,-0.018201197,-180.000000000,0.000000000,0.000000000,-0.031036197,-0.019226507,-0.005189137,0.033060494,0.035885431,0.071391072,0.001870704,-0.015219313,0.116927645,0.042621195,0.001787486,0.018201197
19.660000086,9.459700911,0.319392391,-0.225029785,9.429393088,0.357539035,-0.112018157,9.447102477,0.285494563,-0.147627531,9.429298298,0.357598430,-0.112036765,2.893342613,0.068804141,-0.023689804,2.888188551,0.070701759,-0.022353876,-180.031811198,0.014757139,-0.023108728,-180.000000000,0.000000000,0.000000000,-0.030307822,-0.017804180,-0.005154062,0.031811198,0.038146644,0.072103868,0.001897618,-0.014757139,0.113011629,0.035590766,0.001335927,0.023108728
19.680000067,9.466042229,0.314974311,-0.220903973,9.436517733,0.355299850,-0.112018157,9.452782615,0.282683271,-0.140564585,9.436424126,0.355358873,-0.112036765,2.894713770,0.068337152,-0.023349474,2.889597377,0.070254917,-0.022353876,-180.030586730,0.014216195,-0.027047197,-180.000000000,0.000000000,0.000000000,-0.029524495,-0.016358489,-0.005116393,0.030586730,0.040325538,0.072675602,0.001917765,-0.014216195,0.108885816,0.028527820,0.000995597,0.027047197
19.700000048,9.472296084,0.310642545,-0.216588315,9.443608179,0.353060862,-0.112018157,9.458408012,0.280013435,-0.133491784,9.443515750,0.353119513,-0.112036765,2.896075701,0.067879853,-0.022864947,2.890999380,0.069808114,-0.022353876,-180.029391280,0.013594477,-0.031085898,-180.000000000,0.000000000,0.000000000,-0.028687905,-0.014892262,-0.005076321,0.029391280,0.042418317,0.073106078,0.001928261,-0.013594477,0.104570158,0.021455019,0.000511071,0.031085898
19.720000029,9.478464246,0.306400974,-0.212078565,9.450630424,0.350818624,-0.112018157,9.463981499,0.277485196,-0.126411961,9.450539161,0.350876903,-0.112036765,2.897428548,0.067428447,-0.022570302,2.892387754,0.069360662,-0.022353876,-180.028228849,0.012921269,-0.033660402,-180.000000000,0.000000000,0.000000000,-0.027833822,-0.013442337,-0.005040793,0.028228849,0.044417650,0.073391707,0.001932215,-0.012921269,0.100060408,0.014375196,0.000216426,0.033660402
19.740000010,9.484548554,0.302253036,-0.207396892,9.457652668,0.348576386,-0.112018157,9.469505905,0.275098217,-0.119348943,9.457562572,0.348634292,-0.112036765,2.898772432,0.066984381,-0.022203275,2.893776129,0.068913210,-0.022353876,-180.027103077,0.012199874,-0.036069746,-180.000000000,0.000000000,0.000000000,-0.026895885,-0.011943333,-0.004996303,0.027103077,0.046323350,0.073536075,0.001928829,-0.012199874,0.095378736,0.007312178,-0.000150602,0.036069746
19.759999990,9.490550914,0.298201965,-0.202553551,9.464588196,0.346336800,-0.112018157,9.474984049,0.272851888,-0.112316468,9.464499252,0.346394334,-0.112036765,2.900107544,0.066549072,-0.021765451,2.895147213,0.068466288,-0.022353876,-180.026016969,0.011433481,-0.038319641,-180.000000000,0.000000000,0.000000000,-0.025962718,-0.010484797,-0.004960331,0.026016969,0.048134835,0.073542446,0.001917216,-0.011433481,0.090535394,0.000279703,-0.000588425,0.038319641
19.779999971,9.496473299,0.294250961,-0.197550171,9.471491045,0.344096917,-0.112018157,9.480418738,0.270745459,-0.105321442,9.471403248,0.344154080,-0.112036765,2.901433990,0.066119196,-0.021493828,2.896511775,0.068019306,-0.022353876,-180.024973319,0.010649413,-0.039203419,-180.000000000,0.000000000,0.000000000,-0.024982254,-0.009015490,-0.004922215,0.024973319,0.049845956,0.073408621,0.001900111,-0.010649413,0.085532014,-0.006715324,-0.000860048,0.039203419
19.799999952,9.502317739,0.290402738,-0.192411177,9.478361215,0.341856739,-0.112018157,9.485812756,0.268777705,-0.098387684,9.478274559,0.341913530,-0.112036765,2.902751949,0.065698540,-0.021032765,2.897869814,0.067572266,-0.022353876,-180.023974301,0.009835457,-0.040697764,-180.000000000,0.000000000,0.000000000,-0.023956524,-0.007538197,-0.004882136,0.023974301,0.051454002,0.073135824,0.001873725,-0.009835457,0.080393021,-0.013649082,-0.001321111,0.040697764
19.820000172,9.508086319,0.286660142,-0.187129801,9.485150166,0.339617497,-0.112018157,9.491168865,0.266947404,-0.091515053,9.485064638,0.339673916,-0.112036765,2.904061539,0.065281849,-0.020834555,2.899211650,0.067125412,-0.022353876,-180.023021797,0.009032027,-0.040171532,-180.000000000,0.000000000,0.000000000,-0.022936152,-0.006104227,-0.004849889,0.023021797,0.052957355,0.072726511,0.001843563,-0.009032027,0.075111644,-0.020521712,-0.001519321,0.040171532
19.840000153,9.513781177,0.283025490,-0.181732578,9.491939037,0.337378282,-0.112018157,9.496489796,0.265252833,-0.084728564,9.491854636,0.337434328,-0.112036765,2.905362840,0.064870940,-0.020545480,2.900553471,0.066678563,-0.022353876,-180.022117262,0.008236252,-0.039788752,-180.000000000,0.000000000,0.000000000,-0.021842140,-0.004635160,-0.004809369,0.022117262,0.054352792,0.072181495,0.001807624,-0.008236252,0.069714421,-0.027308202,-0.001808396,0.039788752
19.860000134,9.519404493,0.279500875,-0.176230745,9.498653542,0.335137736,-0.112018157,9.501778243,0.263692014,-0.078040925,9.498570257,0.335193410,-0.112036765,2.906656025,0.064467586,-0.020167686,2.901880444,0.066231449,-0.022353876,-180.021261631,0.007445206,-0.039552292,-180.000000000,0.000000000,0.000000000,-0.020750950,-0.003207985,-0.004775581,0.021261631,0.055636860,0.071501395,0.001763863,-0.007445206,0.064212589,-0.033995841,-0.002186191,0.039552292
19.880000114,9.524958492,0.276088376,-0.170624971,9.505332042,0.332898001,-0.112018157,9.507036860,0.262262875,-0.071456957,9.505249867,0.332953303,-0.112036765,2.907941153,0.064067380,-0.020010281,2.903200236,0.065784497,-0.022353876,-180.020455499,0.006692393,-0.037640634,-180.000000000,0.000000000,0.000000000,-0.019626449,-0.001786994,-0.004740917,0.020455499,0.056809625,0.070690428,0.001717117,-0.006692393,0.058606815,-0.040579808,-0.002343596,0.037640634
19.900000095,9.530445430,0.272789514,-0.164943105,9.511974536,0.330659078,-0.112018157,9.512268255,0.260962865,-0.065000500,9.511893464,0.330714008,-0.112036765,2.909218380,0.063675147,-0.019611679,2.904512848,0.065337707,-0.022353876,-180.019699007,0.005952863,-0.036976531,-180.000000000,0.000000000,0.000000000,-0.018470894,-0.000374791,-0.004705533,0.019699007,0.057869564,0.069751143,0.001662560,-0.005952863,0.052924948,-0.047036265,-0.002742197,0.036976531
19.920000076,9.535867601,0.269605997,-0.159175866,9.518547334,0.328417195,-0.112018157,9.517474984,0.259789497,-0.058668394,9.518467354,0.328471753,-0.112036765,2.910487777,0.063284156,-0.019549515,2.905811534,0.064890326,-0.022353876,-180.018991943,0.005276185,-0.033833895,-180.000000000,0.000000000,0.000000000,-0.017320267,0.000992370,-0.004676243,0.018991943,0.058811199,0.068682256,0.001606170,-0.005276185,0.047157710,-0.053368371,-0.002804361,0.033833895
19.940000057,9.541227322,0.266538936,-0.153353051,9.525120132,0.326175313,-0.112018157,9.522659549,0.258739785,-0.052485617,9.525041244,0.326229498,-0.112036765,2.911749373,0.062896721,-0.019371778,2.907110221,0.064442946,-0.022353876,-180.018333671,0.004651316,-0.031243453,-180.000000000,0.000000000,0.000000000,-0.016107190,0.002381695,-0.004639152,0.018333671,0.059636378,0.067489713,0.001546225,-0.004651316,0.041334894,-0.059551149,-0.002982098,0.031243453
19.960000038,9.546526933,0.263589212,-0.147486202,9.531617680,0.323932296,-0.112018157,9.527824389,0.257810522,-0.046463138,9.531539871,0.323986109,-0.112036765,2.913003309,0.062515079,-0.019082070,2.908393884,0.063995339,-0.022353876,-180.017723279,0.004067705,-0.029180555,-180.000000000,0.000000000,0.000000000,-0.014909253,0.003715481,-0.004609424,0.017723279,0.060343085,0.066175587,0.001480259,-0.004067705,0.035468045,-0.065573627,-0.003271806,0.029180555
19.980000019,9.551768790,0.260757715,-0.141574821,9.538075436,0.321691421,-0.112018157,9.532971881,0.256998453,-0.040603441,9.537998700,0.321744861,-0.112036765,2.914249587,0.062133755,-0.019066225,2.909669620,0.063548159,-0.022353876,-180.017159418,0.003562894,-0.025240516,-180.000000000,0.000000000,0.000000000,-0.013693354,0.005026818,-0.004579967,0.017159418,0.060933706,0.064746408,0.001414404,-0.003562894,0.029556664,-0.071433324,-0.003287651,0.025240516
20.000000000,9.556955260,0.258044735,-0.135649015,9.544493400,0.319452687,-0.112018157,9.538104329,0.256299868,-0.034929270,9.544417730,0.319505755,-0.112036765,2.915488329,0.061758788,-0.018748327,2.910937426,0.063101406,-0.022353876,-180.016640570,0.003098675,-0.023210940,-180.000000000,0.000000000,0.000000000,-0.012461860,0.006313401,-0.004550903,0.016640570,0.061407952,0.063205887,0.001342618,-0.003098675,0.023630858,-0.077107495,-0.003605549,0.023210940
20.019999981,9.562088720,0.255450793,-0.129697079,9.550839422,0.317211693,-0.112018157,9.543223966,0.255711179,-0.029434451,9.550764806,0.317264389,-0.112036765,2.916719554,0.061381985,-0.018840188,2.912190864,0.062654203,-0.022353876,-180.016164838,0.002730739,-0.018396801,-180.000000000,0.000000000,0.000000000,-0.011249298,0.007540840,-0.004528690,0.016164838,0.061760899,0.061553209,0.001272218,-0.002730739,0.017678922,-0.082602314,-0.003513689,0.018396801
20.039999962,9.567171551,0.252975775,-0.123750904,9.557185444,0.314970698,-0.112018157,9.548332947,0.255228320,-0.024142936,9.557111883,0.315023022,-0.112036765,2.917943231,0.061006283,-0.018785075,2.913444301,0.062206999,-0.022353876,-180.015729979,0.002439382,-0.014567866,-180.000000000,0.000000000,0.000000000,-0.009986107,0.008778935,-0.004498930,0.015729979,0.061994923,0.059794701,0.001200716,-0.002439382,0.011732747,-0.087893830,-0.003568801,0.014567866
20.059999943,9.572206127,0.250619340,-0.117821740,9.563451814,0.312730133,-0.112018157,9.553433345,0.254847051,-0.019063452,9.563379293,0.312782084,-0.112036765,2.919159469,0.060634521,-0.018588098,2.914681846,0.061759882,-0.022353876,-180.015333785,0.002206203,-0.011658933,-180.000000000,0.000000000,0.000000000,-0.008754313,0.009945949,-0.004477624,0.015333785,0.062110793,0.057935033,0.001125360,-0.002206203,0.005803583,-0.092973314,-0.003765778,0.011658933
20.080000162,9.577194817,0.248381186,-0.111907742,9.569682930,0.310490165,-0.112018157,9.558527147,0.254563133,-0.014195926,9.569611445,0.310541744,-0.112036765,2.920368211,0.060260197,-0.018716208,2.915912359,0.061312883,-0.022353876,-180.014973567,0.002070091,-0.006805644,-180.000000000,0.000000000,0.000000000,-0.007511887,0.011084298,-0.004455852,0.014973567,0.062108979,0.055978612,0.001052686,-0.002070091,-0.000110415,-0.097840839,-0.003637668,0.006805644
20.100000143,9.582139978,0.246260386,-0.106039971,9.575878644,0.308250847,-0.112018157,9.563616251,0.254371911,-0.009561085,9.575808188,0.308302055,-0.112036765,2.921569546,0.059890716,-0.018474057,2.917135811,0.060866014,-0.022353876,-180.014646791,0.001981558,-0.004426626,-180.000000000,0.000000000,0.000000000,-0.006261333,0.012191937,-0.004433735,0.014646791,0.061990461,0.053930144,0.000975298,-0.001981558,-0.005978186,-0.102475681,-0.003879819,0.004426626
20.120000124,9.587043949,0.244256297,-0.100204457,9.582000179,0.306009996,-0.112018157,9.568702465,0.254268917,-0.005149706,9.581930739,0.306060831,-0.112036765,2.922763441,0.059516444,-0.018713573,2.918344451,0.060418839,-0.022353876,-180.014350574,0.001998484,0.000846283,-180.000000000,0.000000000,0.000000000,-0.005043771,0.013228274,-0.004418990,0.014350574,0.061753699,0.051791914,0.000902395,-0.001998484,-0.011813700,-0.106887060,-0.003640304,-0.000846283
20.140000105,9.591909054,0.242367618,-0.094433947,9.588121713,0.303769144,-0.112018157,9.573787503,0.254249238,-0.000983935,9.588053291,0.303819607,-0.112036765,2.923949812,0.059141042,-0.018770116,2.919553091,0.059971664,-0.022353876,-180.014081803,0.002093877,0.004769688,-180.000000000,0.000000000,0.000000000,-0.003787341,0.014265788,-0.004396721,0.014081803,0.061401526,0.049570369,0.000830622,-0.002093877,-0.017584210,-0.111052831,-0.003583761,-0.004769688
20.160000086,9.596737582,0.240592841,-0.088738856,9.594166196,0.301527772,-0.112018157,9.578872976,0.254307840,0.002930103,9.594098778,0.301577863,-0.112036765,2.925128740,0.058768049,-0.018649648,2.920746352,0.059524385,-0.022353876,-180.013837716,0.002242914,0.007451850,-180.000000000,0.000000000,0.000000000,-0.002571386,0.015225801,-0.004382387,0.013837716,0.060934931,0.047270022,0.000756336,-0.002242914,-0.023279301,-0.114966868,-0.003704228,-0.007451850
20.180000067,9.601531800,0.238930524,-0.083115856,9.600171790,0.299288381,-0.112018157,9.583960401,0.254439745,0.006595236,9.600105369,0.299338100,-0.112036765,2.926300113,0.058389973,-0.018903822,2.921931864,0.059077502,-0.022353876,-180.013615081,0.002483081,0.012008334,-180.000000000,0.000000000,0.000000000,-0.001360010,0.016144968,-0.004368249,0.013615081,0.060357857,0.044898355,0.000687529,-0.002483081,-0.028902301,-0.118632001,-0.003450054,-0.012008334
20.200000048,9.606293932,0.237378608,-0.077595780,9.606138494,0.297050972,-0.112018157,9.589051185,0.254639611,0.009993296,9.606073065,0.297100318,-0.112036765,2.927463998,0.058015696,-0.018713837,2.923109627,0.058631013,-0.022353876,-180.013411126,0.002757900,0.013740942,-180.000000000,0.000000000,0.000000000,-0.000155438,0.017021879,-0.004354371,0.013411126,0.059672363,0.042460707,0.000615318,-0.002757900,-0.034422377,-0.122030061,-0.003640040,-0.013740942
20.220000029,9.611026172,0.235935357,-0.072162554,9.612038034,0.294809334,-0.112018157,9.594146636,0.254902345,0.013136693,9.611973585,0.294858309,-0.112036765,2.928620322,0.057634168,-0.019076396,2.924273963,0.058183682,-0.022353876,-180.013222790,0.003123033,0.018256652,-180.000000000,0.000000000,0.000000000,0.001011862,0.017826948,-0.004346359,0.013222790,0.058873977,0.039955964,0.000549514,-0.003123033,-0.039855602,-0.125173459,-0.003277480,-0.018256652
20.240000010,9.615730666,0.234598382,-0.066848739,9.617937574,0.292567697,-0.112018157,9.599247954,0.255222454,0.016005455,9.617874104,0.292616299,-0.112036765,2.929768953,0.057249866,-0.019215100,2.925438298,0.057736350,-0.022353876,-180.013046918,0.003546903,0.021193495,-180.000000000,0.000000000,0.000000000,0.002206907,0.018626151,-0.004330655,0.013046918,0.057969315,0.037393845,0.000486484,-0.003546903,-0.045169418,-0.128042220,-0.003138776,-0.021193495
20.259999990,9.620409514,0.233365115,-0.061663346,9.623757145,0.290326628,-0.112018157,9.604356226,0.255594381,0.018596333,9.623694642,0.290374858,-0.112036765,2.930909961,0.056867089,-0.019138861,2.926586679,0.057289132,-0.022353876,-180.012880968,0.004001195,0.022714624,-180.000000000,0.000000000,0.000000000,0.003347631,0.019338416,-0.004323282,0.012880968,0.056961513,0.034780477,0.000422043,-0.004001195,-0.050354810,-0.130633099,-0.003215015,-0.022714624
20.279999971,9.625064764,0.232233087,-0.056601423,9.629540507,0.288086571,-0.112018157,9.609472434,0.256012684,0.020915154,9.629478965,0.288134429,-0.112036765,2.932043192,0.056477375,-0.019485675,2.927727839,0.056842115,-0.022353876,-180.012721981,0.004519234,0.025901924,-180.000000000,0.000000000,0.000000000,0.004475743,0.020006531,-0.004315353,0.012721981,0.055853484,0.032121745,0.000364740,-0.004519234,-0.055416734,-0.132951919,-0.002868201,-0.025901924
20.299999952,9.629698409,0.231199236,-0.051692565,9.635287661,0.285847526,-0.112018157,9.614597443,0.256471612,0.022946437,9.635227074,0.285895011,-0.112036765,2.933168703,0.056091157,-0.019310899,2.928861780,0.056395301,-0.022353876,-180.012567681,0.005043728,0.026224708,-180.000000000,0.000000000,0.000000000,0.005589251,0.020629630,-0.004306923,0.012567681,0.054648290,0.029423399,0.000304143,-0.005043728,-0.060325592,-0.134983202,-0.003042977,-0.026224708
20.320000172,9.634312385,0.230260863,-0.046918633,9.640960894,0.283606729,-0.112018157,9.619732010,0.256965735,0.024706134,9.640901249,0.283653842,-0.112036765,2.934286396,0.055695980,-0.019758852,2.929980960,0.055948136,-0.022353876,-180.012415592,0.005623416,0.028984392,-180.000000000,0.000000000,0.000000000,0.006648509,0.021169240,-0.004305436,0.012415592,0.053345866,0.026688107,0.000252156,-0.005623416,-0.065099524,-0.136742900,-0.002595024,-0.028984392
20.340000153,9.638908567,0.229414641,-0.042311106,9.646634060,0.281365958,-0.112018157,9.624876778,0.257489264,0.026176441,9.646575357,0.281412700,-0.112036765,2.935396110,0.055297158,-0.019941131,2.931100126,0.055500978,-0.022353876,-180.012263268,0.006226291,0.030143768,-180.000000000,0.000000000,0.000000000,0.007725493,0.021698580,-0.004295984,0.012263268,0.051951317,0.023923436,0.000203820,-0.006226291,-0.069707050,-0.138213206,-0.002412746,-0.030143768
20.360000134,9.643488760,0.228657097,-0.037877213,9.652224148,0.279127056,-0.112018157,9.630032273,0.258036405,0.027357043,9.652166374,0.279173425,-0.112036765,2.936497913,0.054899793,-0.019868234,2.932202724,0.055054192,-0.022353876,-180.012109020,0.006824400,0.029905437,-180.000000000,0.000000000,0.000000000,0.008735388,0.022134101,-0.004295189,0.012109020,0.050469959,0.021137021,0.000154399,-0.006824400,-0.074140944,-0.139393808,-0.002485642,-0.029905437
20.380000114,9.648054706,0.227984894,-0.033610153,9.657781625,0.276887766,-0.112018157,9.635198911,0.258601546,0.028257084,9.657724775,0.276933763,-0.112036765,2.937591633,0.054494476,-0.020265835,2.933298812,0.054607328,-0.022353876,-180.011950846,0.007444121,0.030986032,-180.000000000,0.000000000,0.000000000,0.009726919,0.022525864,-0.004292820,0.011950846,0.048902873,0.018332217,0.000112852,-0.007444121,-0.078408003,-0.140293849,-0.002088041,-0.030986032
20.400000095,9.652608068,0.227394143,-0.029537514,9.663306490,0.274648089,-0.112018157,9.640376987,0.259178816,0.028863484,9.663250558,0.274693714,-0.112036765,2.938677329,0.054093184,-0.020064600,2.934388391,0.054160388,-0.022353876,-180.011787511,0.008034898,0.029538878,-180.000000000,0.000000000,0.000000000,0.010698422,0.022873571,-0.004288939,0.011787511,0.047253945,0.015514898,0.000067203,-0.008034898,-0.082480642,-0.140900250,-0.002289276,-0.029538878
20.420000076,9.657150440,0.226881364,-0.025638991,9.668758462,0.272406143,-0.112018157,9.645566688,0.259762742,0.029196286,9.668703435,0.272451396,-0.112036765,2.939754897,0.053682080,-0.020555218,2.935463409,0.053712994,-0.022353876,-180.011617684,0.008633620,0.029936089,-180.000000000,0.000000000,0.000000000,0.011608022,0.023136747,-0.004291487,0.011617684,0.045524779,0.012688654,0.000030914,-0.008633620,-0.086379166,-0.141233052,-0.001798658,-0.029936089
20.440000057,9.661683340,0.226442476,-0.021944355,9.674210433,0.270164197,-0.112018157,9.650768087,0.260347531,0.029239448,9.674156312,0.270209078,-0.112036765,2.940824162,0.053267287,-0.020739636,2.936538428,0.053265601,-0.022353876,-180.011440167,0.009212693,0.028953663,-180.000000000,0.000000000,0.000000000,0.012527093,0.023388225,-0.004285733,0.011440167,0.043721721,0.009861547,-0.000001686,-0.009212693,-0.090073801,-0.141276213,-0.001614240,-0.028953663
20.460000038,9.666208200,0.226073302,-0.018458701,9.679578885,0.267924349,-0.112018157,9.655981139,0.260927442,0.028995551,9.679525656,0.267968857,-0.112036765,2.941885210,0.052854678,-0.020630460,2.937596792,0.052818626,-0.022353876,-180.011254493,0.009749118,0.026821257,-180.000000000,0.000000000,0.000000000,0.013370685,0.023544517,-0.004288418,0.011254493,0.041851047,0.007041416,-0.000036052,-0.009749118,-0.093559456,-0.141032316,-0.001723416,-0.026821257
20.480000019,9.670726375,0.225769840,-0.015173143,9.684914226,0.265684297,-0.112018157,9.661205690,0.261496990,0.028477397,9.684861883,0.265728433,-0.112036765,2.942937861,0.052433883,-0.021039751,2.938648548,0.052371611,-0.022353876,-180.011060047,0.010259611,0.025524621,-180.000000000,0.000000000,0.000000000,0.014187852,0.023656193,-0.004289313,0.011060047,0.039914458,0.004231444,-0.000062272,-0.010259611,-0.096845014,-0.140514162,-0.001314125,-0.025524621
20.500000000,9.675239129,0.225527581,-0.012112915,9.690216457,0.263444041,-0.112018157,9.666441473,0.262050460,0.027673514,9.690164995,0.263487805,-0.112036765,2.943982196,0.052018371,-0.020775575,2.939693695,0.051924555,-0.022353876,-180.010856870,0.010708326,0.022435736,-180.000000000,0.000000000,0.000000000,0.014977328,0.023723522,-0.004288502,0.010856870,0.037916460,0.001437345,-0.000093817,-0.010708326,-0.099905241,-0.139710279,-0.001578301,-0.022435736
20.519999981,9.679747646,0.225342476,-0.009255264,9.695442242,0.261202938,-0.112018157,9.671688110,0.262582635,0.026608751,9.695391648,0.261246330,-0.112036765,2.945018117,0.051592925,-0.021272310,2.940723581,0.051477329,-0.022353876,-180.010645040,0.011115366,0.020352045,-180.000000000,0.000000000,0.000000000,0.015694596,0.023703538,-0.004294536,0.010645040,0.035860462,-0.001336306,-0.000115596,-0.011115366,-0.102762893,-0.138645516,-0.001081567,-0.020352045
20.539999962,9.684253020,0.225209915,-0.006628065,9.700668027,0.258961834,-0.112018157,9.676945118,0.263087994,0.025267957,9.700618301,0.259004854,-0.112036765,2.946045450,0.051164439,-0.021424331,2.941753468,0.051030104,-0.022353876,-180.010424844,0.011462385,0.017350945,-180.000000000,0.000000000,0.000000000,0.016415007,0.023673183,-0.004291982,0.010424844,0.033751920,-0.004083140,-0.000134335,-0.011462385,-0.105390092,-0.137304722,-0.000929545,-0.017350945
20.559999943,9.688756253,0.225125234,-0.004234047,9.705815961,0.256720462,-0.112018157,9.682211903,0.263561123,0.023656424,9.705767090,0.256763109,-0.112036765,2.947064313,0.050739495,-0.021247160,2.942767818,0.050582825,-0.022353876,-180.010197070,0.011735810,0.013671231,-180.000000000,0.000000000,0.000000000,0.017059708,0.023555187,-0.004296496,0.010197070,0.031595228,-0.006798014,-0.000156670,-0.011735810,-0.107784110,-0.135693189,-0.001106717,-0.013671231
20.580000162,9.693258257,0.225083991,-0.002062139,9.710927418,0.254480352,-0.112018157,9.687487769,0.263996917,0.021789708,9.710879396,0.254522627,-0.112036765,2.948074533,0.050307232,-0.021613195,2.943774895,0.050135798,-0.022353876,-180.009962653,0.011931113,0.009765158,-180.000000000,0.000000000,0.000000000,0.017669161,0.023391628,-0.004299638,0.009962653,0.029396361,-0.009474290,-0.000171433,-0.011931113,-0.109956018,-0.133826473,-0.000740681,-0.009765158
20.600000143,9.697759848,0.225081310,-0.000134042,9.716002275,0.252241557,-0.112018157,9.692771911,0.264390179,0.019663088,9.715955097,0.252283460,-0.112036765,2.949076229,0.049881558,-0.021283683,2.944774677,0.049689034,-0.022353876,-180.009722872,0.012052304,0.006059559,-180.000000000,0.000000000,0.000000000,0.018242427,0.023183186,-0.004301552,0.009722872,0.027160247,-0.012106718,-0.000192524,-0.012052304,-0.111884115,-0.131699853,-0.001070193,-0.006059559
20.620000124,9.702261752,0.225112808,0.001574903,9.721002712,0.250001008,-0.112018157,9.698063430,0.264736207,0.017301438,9.720956364,0.250042539,-0.112036765,2.950069309,0.049446340,-0.021760915,2.945759597,0.049241919,-0.022353876,-180.009479030,0.012089428,0.001856199,-180.000000000,0.000000000,0.000000000,0.018740960,0.022892934,-0.004309712,0.009479030,0.024888200,-0.014693669,-0.000204421,-0.012089428,-0.113593059,-0.129338203,-0.000592961,-0.001856199
20.640000105,9.706764602,0.225173582,0.003038693,9.726003148,0.247760458,-0.112018157,9.703361330,0.265030007,0.014689957,9.725957631,0.247801617,-0.112036765,2.951053614,0.049009142,-0.021859893,2.946744518,0.048794804,-0.022353876,-180.009232789,0.012038215,-0.002560652,-180.000000000,0.000000000,0.000000000,0.019238546,0.022596300,-0.004309097,0.009232789,0.022586876,-0.017228390,-0.000214338,-0.012038215,-0.115056849,-0.126726723,-0.000493983,0.002560652
20.660000086,9.711268930,0.225258737,0.004257752,9.730917729,0.245523314,-0.112018157,9.708664514,0.265266733,0.011836325,9.730873028,0.245564101,-0.112036765,2.952029296,0.048576909,-0.021611621,2.947712325,0.048348369,-0.022353876,-180.008985692,0.011925554,-0.005633060,-180.000000000,0.000000000,0.000000000,0.019648798,0.022208514,-0.004316971,0.008985692,0.020264577,-0.019702632,-0.000228540,-0.011925554,-0.116275909,-0.123873091,-0.000742255,0.005633060
20.680000067,9.715775178,0.225363577,0.005241988,9.735803175,0.243284137,-0.112018157,9.713971795,0.265441886,0.008757642,9.735759286,0.243324552,-0.112036765,2.952996195,0.048138743,-0.021908306,2.948674306,0.047901528,-0.022353876,-180.008739748,0.011682084,-0.012173481,-180.000000000,0.000000000,0.000000000,0.020027997,0.021787491,-0.004321889,0.008739747,0.017920560,-0.022117334,-0.000237215,-0.011682084,-0.117260145,-0.120794407,-0.000445570,0.012173481
20.700000048,9.720283684,0.225483110,0.005976674,9.740659488,0.241042926,-0.112018157,9.719281890,0.265550869,0.005449149,9.740616405,0.241082969,-0.112036765,2.953954473,0.047708645,-0.021504927,2.949630462,0.047454281,-0.022353876,-180.008497246,0.011367371,-0.015735650,-180.000000000,0.000000000,0.000000000,0.020375804,0.021334515,-0.004324011,0.008497246,0.015559816,-0.024467900,-0.000254363,-0.011367371,-0.117994831,-0.117485914,-0.000848949,0.015735650
20.720000029,9.724794695,0.225612855,0.006487246,9.745433741,0.238803415,-0.112018157,9.724593436,0.265589737,0.001943395,9.745391451,0.238843085,-0.112036765,2.954904056,0.047269677,-0.021948383,2.950570252,0.047007374,-0.022353876,-180.008260444,0.010936053,-0.021565925,-180.000000000,0.000000000,0.000000000,0.020639046,0.020798016,-0.004333803,0.008260444,0.013190559,-0.026746652,-0.000262303,-0.010936053,-0.118505403,-0.113980161,-0.000405493,0.021565925
20.740000010,9.729308365,0.225747842,0.006749343,9.750207994,0.236563903,-0.112018157,9.729904985,0.265554190,-0.001777344,9.750166497,0.236603202,-0.112036765,2.955844800,0.046830552,-0.021956271,2.951510042,0.046560466,-0.022353876,-180.008032223,0.010382454,-0.027679969,-180.000000000,0.000000000,0.000000000,0.020899628,0.020261513,-0.004334758,0.008032223,0.010816061,-0.028950988,-0.000270085,-0.010382454,-0.118767499,-0.110259421,-0.000397606,0.027679969
20.759999990,9.733824746,0.225883183,0.006767024,9.754912070,0.234320464,-0.112018157,9.735215006,0.265440314,-0.005693773,9.754871356,0.234359390,-0.112036765,2.956776899,0.046397205,-0.021667344,2.952435806,0.046112775,-0.022353876,-180.007814839,0.009770376,-0.030603896,-180.000000000,0.000000000,0.000000000,0.021087324,0.019656350,-0.004341093,0.007814839,0.008437281,-0.031080925,-0.000284430,-0.009770376,-0.118785181,-0.106342993,-0.000686532,0.030603896
20.779999971,9.738343798,0.226014329,0.006557318,9.759579175,0.232078620,-0.112018157,9.740521896,0.265244472,-0.009792122,9.759539236,0.232117173,-0.112036765,2.957700200,0.045959127,-0.021903860,2.953354200,0.045665402,-0.022353876,-180.007611059,0.009024255,-0.037306038,-180.000000000,0.000000000,0.000000000,0.021235377,0.019017340,-0.004346000,0.007611059,0.006064291,-0.033127299,-0.000293726,-0.009024255,-0.118575474,-0.102244643,-0.000450016,0.037306038
20.799999952,9.742865385,0.226136382,0.006102639,9.764209309,0.229838372,-0.112018157,9.745823974,0.264962925,-0.014077327,9.764170139,0.229876553,-0.112036765,2.958614903,0.045530753,-0.021418712,2.954265226,0.045218347,-0.022353876,-180.007423177,0.008224573,-0.039984092,-180.000000000,0.000000000,0.000000000,0.021343924,0.018346166,-0.004349676,0.007423177,0.003701990,-0.035086373,-0.000312406,-0.008224573,-0.118120795,-0.097959439,-0.000935164,0.039984092
20.820000172,9.747389279,0.226245029,0.005432377,9.768759712,0.227598783,-0.112018157,9.751119495,0.264592703,-0.018511131,9.768721298,0.227636592,-0.112036765,2.959520948,0.045093841,-0.021845590,2.955160346,0.044771424,-0.022353876,-180.007253896,0.007296506,-0.046403369,-180.000000000,0.000000000,0.000000000,0.021370433,0.017601803,-0.004360603,0.007253896,0.001353753,-0.036956111,-0.000322417,-0.007296506,-0.117450534,-0.093525634,-0.000508287,0.046403369
20.840000153,9.751915165,0.226335511,0.004524076,9.773310061,0.225359220,-0.112018157,9.756406651,0.264130404,-0.023114927,9.773272402,0.225396658,-0.112036765,2.960418205,0.044657963,-0.021793906,2.956055454,0.044324507,-0.022353876,-180.007106554,0.006257773,-0.051936642,-180.000000000,0.000000000,0.000000000,0.021394896,0.016865751,-0.004362752,0.007106554,-0.000976290,-0.038733747,-0.000333457,-0.006257773,-0.116542233,-0.088921838,-0.000559970,0.051936642
20.860000134,9.756442626,0.226403165,0.003382719,9.777785759,0.223117788,-0.112018157,9.761683567,0.263573058,-0.027867312,9.777748845,0.223154853,-0.112036765,2.961306899,0.044228931,-0.021451599,2.956935655,0.043877216,-0.022353876,-180.006983237,0.005161772,-0.054800044,-180.000000000,0.000000000,0.000000000,0.021343133,0.016065278,-0.004371244,0.006983237,-0.003285377,-0.040418205,-0.000351716,-0.005161772,-0.115400876,-0.084169453,-0.000902277,0.054800044
20.880000114,9.760971165,0.226443680,0.002025768,9.782225775,0.220877403,-0.112018157,9.766948316,0.262918106,-0.032747614,9.782189598,0.220914096,-0.112036765,2.962186884,0.043795981,-0.021647536,2.957808741,0.043430134,-0.022353876,-180.006887072,0.003965448,-0.059816193,-180.000000000,0.000000000,0.000000000,0.021254611,0.015241282,-0.004378143,0.006887072,-0.005566278,-0.042004010,-0.000365847,-0.003965448,-0.114043925,-0.079289152,-0.000706340,0.059816193
20.900000095,9.765500186,0.226452461,0.000439021,9.786630109,0.218638066,-0.112018157,9.772198916,0.262162772,-0.037766693,9.786594663,0.218674387,-0.112036765,2.963058390,0.043373998,-0.021099140,2.958674712,0.042983261,-0.022353876,-180.006819429,0.002753181,-0.060613352,-180.000000000,0.000000000,0.000000000,0.021129922,0.014395747,-0.004383678,0.006819429,-0.007814395,-0.043488385,-0.000390737,-0.002753181,-0.112457178,-0.074270073,-0.001254736,0.060613352
20.920000076,9.770029016,0.226425601,-0.001342996,9.790960607,0.216396372,-0.112018157,9.777433338,0.261305206,-0.042878295,9.790925881,0.216432320,-0.112036765,2.963921370,0.042943751,-0.021512345,2.959525936,0.042535918,-0.022353876,-180.006782847,0.001415802,-0.066868950,-180.000000000,0.000000000,0.000000000,0.020931591,0.013492542,-0.004395434,0.006782847,-0.010029229,-0.044872886,-0.000407833,-0.001415802,-0.110675160,-0.069158470,-0.000841531,0.066868950
20.940000057,9.774556897,0.226358725,-0.003343797,9.795291105,0.214154678,-0.112018157,9.782649516,0.260343011,-0.048109730,9.795257098,0.214190254,-0.112036765,2.964775697,0.042515024,-0.021436351,2.960377160,0.042088575,-0.022353876,-180.006780549,0.000000602,-0.070760004,-180.000000000,0.000000000,0.000000000,0.020734208,0.012607582,-0.004398537,0.006780549,-0.012204047,-0.046152757,-0.000426449,-0.000000602,-0.108674360,-0.063927035,-0.000917525,0.070760004
20.960000038,9.779082981,0.226247620,-0.005555233,9.799534583,0.211917509,-0.112018157,9.787845332,0.259274281,-0.053436521,9.799501281,0.211952713,-0.112036765,2.965621616,0.042093878,-0.021057308,2.961211044,0.041642135,-0.022353876,-180.006813529,-0.001427538,-0.071406972,-180.000000000,0.000000000,0.000000000,0.020451603,0.011655949,-0.004410572,0.006813529,-0.014330112,-0.047321568,-0.000451743,0.001427538,-0.106462924,-0.058600244,-0.001296569,0.071406972
20.980000019,9.783606346,0.226088500,-0.007956000,9.803749970,0.209677413,-0.112018157,9.793018644,0.258097593,-0.058834383,9.803717369,0.209712245,-0.112036765,2.966458980,0.041668833,-0.021252227,2.962039306,0.041195110,-0.022353876,-180.006884546,-0.002931397,-0.075192986,-180.000000000,0.000000000,0.000000000,0.020143624,0.010698724,-0.004419674,0.006884546,-0.016411087,-0.048385348,-0.000473723,0.002931397,-0.104062156,-0.053202383,-0.001101649,0.075192986
21.000000000,9.788125987,0.225877273,-0.010561364,9.807937267,0.207434391,-0.112018157,9.798167272,0.256811230,-0.064318184,9.807905361,0.207468851,-0.112036765,2.967288032,0.041255238,-0.020679759,2.962861945,0.040747502,-0.022353876,-180.006993728,-0.004399762,-0.073418256,-180.000000000,0.000000000,0.000000000,0.019811280,0.009738089,-0.004426087,0.006993728,-0.018442882,-0.049342379,-0.000507736,0.004399762,-0.101456792,-0.047718581,-0.001674118,0.073418256
21.019999981,9.792640829,0.225610700,-0.013328637,9.812039262,0.205195069,-0.112018157,9.803289016,0.255414533,-0.069834808,9.812008038,0.205229156,-0.112036765,2.968108722,0.040833024,-0.021110691,2.963667584,0.040300633,-0.022353876,-180.007142929,-0.005975973,-0.078810541,-180.000000000,0.000000000,0.000000000,0.019398433,0.008719022,-0.004441139,0.007142929,-0.020415632,-0.050185377,-0.000532392,0.005975973,-0.098689520,-0.042201957,-0.001243185,0.078810541
21.039999962,9.797149725,0.225284974,-0.016286334,9.816141257,0.202955746,-0.112018157,9.808381657,0.253906263,-0.075413543,9.816110714,0.202989462,-0.112036765,2.968920922,0.040412847,-0.021008843,2.964473222,0.039853763,-0.022353876,-180.007334634,-0.007570698,-0.079736228,-180.000000000,0.000000000,0.000000000,0.018991532,0.007729057,-0.004447700,0.007334634,-0.022329228,-0.050916801,-0.000559085,0.007570698,-0.095731823,-0.036623222,-0.001345034,0.079736228
21.059999943,9.801651452,0.224896542,-0.019421604,9.820170732,0.200713157,-0.112018157,9.813442951,0.252285544,-0.081035949,9.820140858,0.200746500,-0.112036765,2.969724886,0.039999966,-0.020644086,2.965264369,0.039406241,-0.022353876,-180.007568150,-0.009141625,-0.078546383,-180.000000000,0.000000000,0.000000000,0.018519280,0.006697908,-0.004460516,0.007568150,-0.024183384,-0.051539043,-0.000593725,0.009141625,-0.092596553,-0.031000816,-0.001709790,0.078546383
21.080000162,9.806144726,0.224442313,-0.022711445,9.824164120,0.198471948,-0.112018157,9.818470650,0.250552160,-0.086669179,9.824134909,0.198504919,-0.112036765,2.970520452,0.039582684,-0.020864086,2.966048324,0.038958995,-0.022353876,-180.007845659,-0.010754744,-0.080655912,-180.000000000,0.000000000,0.000000000,0.018019393,0.005664259,-0.004472128,0.007845659,-0.025970365,-0.052047242,-0.000623689,0.010754744,-0.089306712,-0.025367587,-0.001489790,0.080655912
21.100000143,9.810628193,0.223918870,-0.026172146,9.828121324,0.196232171,-0.112018157,9.823462490,0.248705472,-0.092334383,9.828092771,0.196264769,-0.112036765,2.971307863,0.039176650,-0.020301701,2.966825065,0.038512034,-0.022353876,-180.008165701,-0.012287213,-0.076623447,-180.000000000,0.000000000,0.000000000,0.017493131,0.004630281,-0.004482797,0.008165701,-0.027686699,-0.052440703,-0.000664616,0.012287213,-0.085846011,-0.019702382,-0.002052176,0.076623447
21.120000124,9.815100443,0.223323740,-0.029756503,9.832000714,0.193992068,-0.112018157,9.828416214,0.246746099,-0.097968659,9.831972805,0.194024295,-0.112036765,2.972087054,0.038761171,-0.020773940,2.967586277,0.038065009,-0.022353876,-180.008529128,-0.013886151,-0.079946932,-180.000000000,0.000000000,0.000000000,0.016900271,0.003556592,-0.004500777,0.008529128,-0.029331671,-0.052721804,-0.000696163,0.013886151,-0.082261653,-0.014068107,-0.001579936,0.079946932
21.140000105,9.819560012,0.222653844,-0.033494767,9.835880104,0.191751966,-0.112018157,9.833329566,0.244673901,-0.103609909,9.835852840,0.191783820,-0.112036765,2.972857880,0.038347135,-0.020701823,2.968347488,0.037617983,-0.022353876,-180.008937274,-0.015456885,-0.078536686,-180.000000000,0.000000000,0.000000000,0.016320092,0.002523274,-0.004510392,0.008937274,-0.030901878,-0.052890081,-0.000729152,0.015456885,-0.078523390,-0.008426856,-0.001652053,0.078536686
21.160000086,9.824005371,0.221906404,-0.037372006,9.839679690,0.189512702,-0.112018157,9.838200289,0.242489130,-0.109238536,9.839653057,0.189544184,-0.112036765,2.973620592,0.037939862,-0.020363639,2.969092780,0.037171125,-0.022353876,-180.009387550,-0.016948378,-0.074574644,-180.000000000,0.000000000,0.000000000,0.015674319,0.001452768,-0.004527812,0.009387550,-0.032393703,-0.052944946,-0.000768737,0.016948378,-0.074646150,-0.002798230,-0.001990238,0.074574644
21.180000067,9.828434949,0.221079179,-0.041361241,9.843447535,0.187272328,-0.112018157,9.843026147,0.240192756,-0.114818730,9.843421528,0.187303438,-0.112036765,2.974375004,0.037527138,-0.020636175,2.969831730,0.036724045,-0.022353876,-180.009881152,-0.018445183,-0.074840236,-180.000000000,0.000000000,0.000000000,0.015012586,0.000395382,-0.004543274,0.009881152,-0.033806851,-0.052889317,-0.000803093,0.018445183,-0.070656916,0.002781965,-0.001717701,0.074840236
21.200000048,9.832847119,0.220169547,-0.045481615,9.847183639,0.185030846,-0.112018157,9.847804905,0.237785197,-0.120377958,9.847158253,0.185061584,-0.112036765,2.975121348,0.037125068,-0.020103511,2.970564340,0.036276744,-0.022353876,-180.010414697,-0.019802388,-0.067860292,-180.000000000,0.000000000,0.000000000,0.014336520,-0.000646652,-0.004557008,0.010414697,-0.035138701,-0.052723613,-0.000848324,0.019802388,-0.066536541,0.008341192,-0.002250365,0.067860292
21.220000029,9.837240219,0.219175968,-0.049678964,9.850839655,0.182790355,-0.112018157,9.852534362,0.235268278,-0.125845913,9.850814876,0.182820721,-0.112036765,2.975859538,0.036712233,-0.020641740,2.971280974,0.035829641,-0.022353876,-180.010987808,-0.021196686,-0.069714867,-180.000000000,0.000000000,0.000000000,0.013599436,-0.001719486,-0.004578564,0.010987808,-0.036385612,-0.052447557,-0.000882592,0.021196686,-0.062339192,0.013809148,-0.001712136,0.069714867
21.240000010,9.841612546,0.218096210,-0.053987897,9.854495670,0.180549865,-0.112018157,9.857212342,0.232642913,-0.131268251,9.854471498,0.180579858,-0.112036765,2.976589403,0.036299744,-0.020624443,2.971997608,0.035382538,-0.022353876,-180.011600762,-0.022520345,-0.066182953,-180.000000000,0.000000000,0.000000000,0.012883124,-0.002740844,-0.004591795,0.011600762,-0.037546345,-0.052063055,-0.000917206,0.022520345,-0.058030260,0.019231485,-0.001729433,0.066182953
21.259999990,9.845962355,0.216928374,-0.058391797,9.858071100,0.178310742,-0.112018157,9.861836684,0.229910413,-0.136624998,9.858047523,0.178340363,-0.112036765,2.977311177,0.035893035,-0.020335454,2.972698168,0.034935708,-0.022353876,-180.012249095,-0.023716863,-0.059825892,-180.000000000,0.000000000,0.000000000,0.012108746,-0.003789161,-0.004613009,0.012249095,-0.038617632,-0.051570050,-0.000957327,0.023716863,-0.053626359,0.024588233,-0.002018422,0.059825892
21.279999971,9.850287873,0.215671173,-0.062860070,9.861614925,0.176070354,-0.112018157,9.866405273,0.227072863,-0.141877504,9.861591936,0.176099603,-0.112036765,2.978024645,0.035479480,-0.020677753,2.973392414,0.034488626,-0.022353876,-180.012933053,-0.024887141,-0.058513925,-180.000000000,0.000000000,0.000000000,0.011327052,-0.004813338,-0.004632231,0.012933053,-0.039600818,-0.050973260,-0.000990854,0.024887141,-0.049158086,0.029840738,-0.001676123,0.058513925
21.299999952,9.854587291,0.214322856,-0.067415824,9.865127143,0.173828702,-0.112018157,9.870916017,0.224131662,-0.147060058,9.865104737,0.173857579,-0.112036765,2.978730020,0.035075598,-0.020194123,2.974080345,0.034041291,-0.022353876,-180.013647447,-0.025869567,-0.049121319,-180.000000000,0.000000000,0.000000000,0.010539852,-0.005811280,-0.004649675,0.013647447,-0.040494154,-0.050274083,-0.001034307,0.025869567,-0.044602333,0.035023292,-0.002159753,0.049121319
21.320000172,9.858858781,0.212882901,-0.071997767,9.868558813,0.171588403,-0.112018157,9.875366876,0.221089753,-0.152095454,9.868536978,0.171616908,-0.112036765,2.979427188,0.034659374,-0.020811213,2.974752211,0.033594226,-0.022353876,-180.014390808,-0.026865959,-0.049819557,-180.000000000,0.000000000,0.000000000,0.009700032,-0.006829898,-0.004674978,0.014390808,-0.041294498,-0.049472845,-0.001065147,0.026865959,-0.040020390,0.040058689,-0.001542664,0.049819557
21.340000153,9.863100500,0.211349981,-0.076646006,9.871990443,0.169348130,-0.112018157,9.879755857,0.217949001,-0.157037618,9.871969177,0.169376263,-0.112036765,2.980115948,0.034242187,-0.020859335,2.975424068,0.033147167,-0.022353876,-180.015162537,-0.027759631,-0.044683622,-180.000000000,0.000000000,0.000000000,0.008889942,-0.007786679,-0.004691880,0.015162537,-0.042001850,-0.048572738,-0.001095020,0.027759631,-0.035372151,0.045000852,-0.001494541,0.044683622
21.360000134,9.867310573,0.209723130,-0.081342548,9.875345639,0.167106526,-0.112018157,9.884081001,0.214711668,-0.161866638,9.875324931,0.167134287,-0.112036765,2.980796513,0.033829608,-0.020628962,2.976080665,0.032699842,-0.022353876,-180.015956563,-0.028491393,-0.036588075,-180.000000000,0.000000000,0.000000000,0.008035065,-0.008756071,-0.004715848,0.015956563,-0.042616603,-0.047577381,-0.001129766,0.028491393,-0.030675609,0.049829873,-0.001724914,0.036588075
21.380000114,9.871487123,0.208002063,-0.086053350,9.878664822,0.164866555,-0.112018157,9.888340416,0.211380836,-0.166541601,9.878644665,0.164893943,-0.112036765,2.981468637,0.033408701,-0.021045323,2.976730085,0.032252843,-0.022353876,-180.016772443,-0.029176086,-0.034234695,-180.000000000,0.000000000,0.000000000,0.007177698,-0.009695751,-0.004738552,0.016772443,-0.043135508,-0.046486893,-0.001155859,0.029176086,-0.025964807,0.054504836,-0.001308554,0.034234695
21.400000095,9.875628252,0.206185936,-0.090806327,9.881947992,0.162628216,-0.112018157,9.892532249,0.207958759,-0.171103864,9.881928381,0.162655232,-0.112036765,2.982132512,0.032996383,-0.020615919,2.977372327,0.031806169,-0.022353876,-180.017603555,-0.029641938,-0.023292558,-180.000000000,0.000000000,0.000000000,0.006319740,-0.010603868,-0.004760185,0.017603555,-0.043557720,-0.045303526,-0.001190214,0.029641938,-0.021211829,0.059067099,-0.001737957,0.023292558
21.420000076,9.879732066,0.204275275,-0.095533074,9.885156836,0.160387083,-0.112018157,9.896654718,0.204449355,-0.175470162,9.885137758,0.160413727,-0.112036765,2.982787994,0.032570161,-0.021311113,2.977999722,0.031358938,-0.022353876,-180.018447714,-0.030109501,-0.023378192,-180.000000000,0.000000000,0.000000000,0.005424770,-0.011516959,-0.004788272,0.018447714,-0.043888192,-0.044035629,-0.001211223,0.030109501,-0.016485083,0.063433396,-0.001042763,0.023378192
21.440000057,9.883796672,0.202269672,-0.100280128,9.888365681,0.158145949,-0.112018157,9.900706107,0.200855298,-0.179702891,9.888347136,0.158172221,-0.112036765,2.983434854,0.032141753,-0.021420364,2.978627116,0.030911707,-0.022353876,-180.019303818,-0.030457548,-0.017402305,-180.000000000,0.000000000,0.000000000,0.004569009,-0.012358971,-0.004807738,0.019303818,-0.044123723,-0.042683076,-0.001230047,0.030457548,-0.011738029,0.067666126,-0.000933513,0.017402305
21.460000038,9.887820165,0.200169105,-0.105028379,9.891496400,0.155904569,-0.112018157,9.904684749,0.197179648,-0.183782501,9.891478375,0.155930468,-0.112036765,2.984073284,0.031716867,-0.021244292,2.979238919,0.030464426,-0.022353876,-180.020164696,-0.030627253,-0.008485276,-180.000000000,0.000000000,0.000000000,0.003676234,-0.013206374,-0.004834366,0.020164696,-0.044264535,-0.041249179,-0.001252441,0.030627253,-0.006989778,0.071745736,-0.001109584,0.008485276
21.480000019,9.891800660,0.197974291,-0.109740683,9.894591866,0.153664385,-0.112018157,9.908589061,0.193426318,-0.187666497,9.894574355,0.153689912,-0.112036765,2.984703012,0.031282333,-0.021726739,2.979843693,0.030017384,-0.022353876,-180.021029664,-0.030743756,-0.005825131,-180.000000000,0.000000000,0.000000000,0.002791205,-0.014014706,-0.004859319,0.021029664,-0.044309906,-0.039736405,-0.001264948,0.030743756,-0.002277474,0.075629732,-0.000627137,0.005825131
21.500000000,9.895736266,0.195685280,-0.114450555,9.897652078,0.151425398,-0.112018157,9.912417512,0.189598250,-0.191403367,9.897635076,0.151450553,-0.112036765,2.985324210,0.030855514,-0.021340951,2.980441440,0.029570581,-0.022353876,-180.021891245,-0.030631630,0.005606305,-180.000000000,0.000000000,0.000000000,0.001915812,-0.014782436,-0.004882771,0.021891245,-0.044259882,-0.038147698,-0.001284932,0.030631630,0.002432398,0.079366602,-0.001012925,-0.005606305
21.519999981,9.899625118,0.193303627,-0.119082629,9.900636864,0.149184207,-0.112018157,9.916168660,0.185700157,-0.194904655,9.900620358,0.149208990,-0.112036765,2.985936712,0.030413508,-0.022100266,2.981024122,0.029123339,-0.022353876,-180.022747056,-0.030522025,0.005480227,-180.000000000,0.000000000,0.000000000,0.001011747,-0.015548302,-0.004912590,0.022747056,-0.044119420,-0.036491167,-0.001290170,0.030522025,0.007064473,0.082867890,-0.000253610,-0.005480227
21.539999962,9.903465369,0.190829817,-0.123690530,9.903621650,0.146943017,-0.112018157,9.919841142,0.181735337,-0.198241006,9.903605640,0.146967427,-0.112036765,2.986540264,0.029968372,-0.022256828,2.981606803,0.028676096,-0.022353876,-180.023596012,-0.030294383,0.011382094,-180.000000000,0.000000000,0.000000000,0.000156281,-0.016235503,-0.004933460,0.023596012,-0.043886800,-0.034767910,-0.001292276,0.030294383,0.011672373,0.086204240,-0.000097049,-0.011382094
21.559999943,9.907255181,0.188264725,-0.128254600,9.906527748,0.144701996,-0.112018157,9.923433655,0.177707461,-0.201393808,9.906512220,0.144726034,-0.112036765,2.987135047,0.029526032,-0.022117006,2.982173783,0.028228887,-0.022353876,-180.024430504,-0.029892092,0.020114557,-180.000000000,0.000000000,0.000000000,-0.000727433,-0.016921436,-0.004961263,0.024430504,-0.043562729,-0.032981427,-0.001297144,0.029892092,0.016236443,0.089357043,-0.000236871,-0.020114557
21.580000162,9.910992751,0.185610026,-0.132734945,9.909398281,0.142462526,-0.112018157,9.926944994,0.173621070,-0.204319558,9.909383230,0.142486192,-0.112036765,2.987720765,0.029073137,-0.022644727,2.982733675,0.027781988,-0.022353876,-180.025250124,-0.029445539,0.022327643,-180.000000000,0.000000000,0.000000000,-0.001594470,-0.017561765,-0.004987090,0.025250124,-0.043147500,-0.031134878,-0.001291149,0.029445539,0.020716788,0.092282792,0.000290851,-0.022327643
21.600000143,9.914676290,0.182866602,-0.137171194,9.912233179,0.140224659,-0.112018157,9.930374016,0.169479598,-0.207073569,9.912218599,0.140247953,-0.112036765,2.988297584,0.028627537,-0.022280020,2.983286466,0.027335408,-0.022353876,-180.026047227,-0.028782480,0.033152936,-180.000000000,0.000000000,0.000000000,-0.002443111,-0.018155417,-0.005011119,0.026047227,-0.042641943,-0.029231645,-0.001292128,0.028782480,0.025153037,0.095036804,-0.000073856,-0.033152936
21.620000124,9.918304053,0.180036973,-0.141481421,9.914994185,0.137983207,-0.112018157,9.933719679,0.165288334,-0.209563225,9.914980063,0.138006129,-0.112036765,2.988865323,0.028165953,-0.023079198,2.983824489,0.026888114,-0.022353876,-180.026819796,-0.028134916,0.032378247,-180.000000000,0.000000000,0.000000000,-0.003309868,-0.018739615,-0.005040833,0.026819796,-0.042053767,-0.027282205,-0.001277839,0.028134916,0.029463264,0.097526460,0.000725322,-0.032378247
21.640000105,9.921874331,0.177122438,-0.145726768,9.917755190,0.135741755,-0.112018157,9.936981029,0.161050995,-0.211866944,9.917741527,0.135764305,-0.112036765,2.989423713,0.027700826,-0.023256317,2.984362513,0.026440819,-0.022353876,-180.027567288,-0.027387431,0.037374209,-180.000000000,0.000000000,0.000000000,-0.004119141,-0.019239501,-0.005061201,0.027567288,-0.041380683,-0.025286690,-0.001260008,0.027387431,0.033708611,0.099830178,0.000902441,-0.037374209
21.660000086,9.925385438,0.174124690,-0.149887380,9.920437161,0.133500764,-0.112018157,9.940157179,0.156771649,-0.213967296,9.920423944,0.133522942,-0.112036765,2.989972935,0.027238320,-0.023125322,2.984884767,0.025993616,-0.022353876,-180.028282342,-0.026487637,0.044989710,-180.000000000,0.000000000,0.000000000,-0.004948277,-0.019733235,-0.005088168,0.028282342,-0.040623926,-0.023248707,-0.001244704,0.026487637,0.037869223,0.101930531,0.000771446,-0.044989710
21.680000067,9.928835743,0.171046269,-0.153921079,9.923084262,0.131260855,-0.112018157,9.943247350,0.152455241,-0.215820383,9.923071485,0.131282661,-0.112036765,2.990512684,0.026764909,-0.023670570,2.985400070,0.025546629,-0.022353876,-180.028965325,-0.025565309,0.046116389,-180.000000000,0.000000000,0.000000000,-0.005751481,-0.020175865,-0.005112614,0.028965325,-0.039785414,-0.021172581,-0.001218279,0.025565309,0.041902922,0.103783618,0.001316694,-0.046116389
21.700000048,9.932223643,0.167888790,-0.157873958,9.925696494,0.129022028,-0.112018157,9.946250832,0.148105484,-0.217487865,9.925684150,0.129043461,-0.112036765,2.991043126,0.026298975,-0.023296694,2.985908420,0.025099858,-0.022353876,-180.029609093,-0.024457902,0.055370362,-180.000000000,0.000000000,0.000000000,-0.006527149,-0.020566682,-0.005134706,0.029609093,-0.038866762,-0.019062023,-0.001199117,0.024457902,0.045855801,0.105451099,0.000942818,-0.055370362
21.720000029,9.935547594,0.164655629,-0.161658056,9.928232216,0.126781585,-0.112018157,9.949167020,0.143728004,-0.218873983,9.928220294,0.126802646,-0.112036765,2.991564077,0.025816819,-0.024107789,2.986401493,0.024652765,-0.022353876,-180.030212506,-0.023387933,0.053498450,-180.000000000,0.000000000,0.000000000,-0.007315378,-0.020946727,-0.005162585,0.030212506,-0.037874044,-0.016925358,-0.001164054,0.023387933,0.049639900,0.106837217,0.001753913,-0.053498450
21.740000010,9.938806107,0.161348782,-0.165342316,9.930767938,0.124541142,-0.112018157,9.951995405,0.139326718,-0.220064303,9.930756437,0.124561831,-0.112036765,2.992075270,0.025331303,-0.024275786,2.986894566,0.024205671,-0.022353876,-180.030776022,-0.022249282,0.056932556,-180.000000000,0.000000000,0.000000000,-0.008038169,-0.021238968,-0.005180704,0.030776022,-0.036807641,-0.014764888,-0.001125632,0.022249282,0.053324159,0.108027538,0.001921910,-0.056932556
21.759999990,9.941997726,0.157970639,-0.168907160,9.933225034,0.122300891,-0.112018157,9.954735546,0.134905860,-0.221042912,9.933213941,0.122321208,-0.112036765,2.992576893,0.024848877,-0.024121296,2.987371949,0.023758616,-0.022353876,-180.031293134,-0.020994813,0.062723465,-180.000000000,0.000000000,0.000000000,-0.008772692,-0.021521606,-0.005204944,0.031293134,-0.035669748,-0.012584652,-0.001090261,0.020994813,0.056889004,0.109006146,0.001767420,-0.062723465
21.779999971,9.945121067,0.154524468,-0.172308550,9.935648022,0.120061120,-0.112018157,9.957387116,0.130470541,-0.221765971,9.935637332,0.120081065,-0.112036765,2.993068644,0.024355817,-0.024652996,2.987842529,0.023311657,-0.022353876,-180.031765350,-0.019747244,0.062378430,-180.000000000,0.000000000,0.000000000,-0.009473045,-0.021749784,-0.005226114,0.031765350,-0.034463348,-0.010389475,-0.001044160,0.019747244,0.060290393,0.109729206,0.002299120,-0.062378430
21.799999952,9.948174786,0.151012486,-0.175599100,9.938036904,0.117821830,-0.112018157,9.959949855,0.126024526,-0.222300728,9.938026611,0.117841403,-0.112036765,2.993550706,0.023871082,-0.024236759,2.988306306,0.022864793,-0.022353876,-180.032186571,-0.018359797,0.069372369,-180.000000000,0.000000000,0.000000000,-0.010137881,-0.021923245,-0.005244400,0.032186571,-0.033190656,-0.008183123,-0.001006289,0.018359797,0.063580943,0.110263962,0.001882883,-0.069372369
21.820000172,9.951157611,0.147438777,-0.178685447,9.940349587,0.115580426,-0.112018157,9.962423615,0.121573541,-0.222549272,9.940339678,0.115599626,-0.112036765,2.994022906,0.023370463,-0.025030953,2.988754865,0.022417508,-0.022353876,-180.032556882,-0.017034986,0.066240552,-180.000000000,0.000000000,0.000000000,-0.010808024,-0.022083937,-0.005268041,0.032556882,-0.031858352,-0.005973915,-0.000952955,0.017034986,0.066667290,0.110512507,0.002677077,-0.066240552
21.840000153,9.954068339,0.143805891,-0.181644309,9.942662242,0.113339048,-0.112018157,9.964808339,0.117121472,-0.222603425,9.942652717,0.113357876,-0.112036765,2.994484983,0.022867273,-0.025159506,2.989203418,0.021970228,-0.022353876,-180.032878013,-0.015679596,0.067769473,-180.000000000,0.000000000,0.000000000,-0.011406097,-0.022155622,-0.005281565,0.032878012,-0.030466843,-0.003763596,-0.000897045,0.015679596,0.069626152,0.110566659,0.002805629,-0.067769473
21.860000134,9.956905809,0.140116757,-0.184456689,9.944896484,0.111097599,-0.112018157,9.967104042,0.112672495,-0.222448862,9.944887330,0.111116055,-0.112036765,2.994937151,0.022368235,-0.024951878,2.989636323,0.021522934,-0.022353876,-180.033144741,-0.014252910,0.071334302,-180.000000000,0.000000000,0.000000000,-0.012009325,-0.022216712,-0.005300828,0.033144741,-0.029019158,-0.001556440,-0.000845302,0.014252910,0.072438533,0.110412097,0.002598002,-0.071334302
21.880000114,9.959668945,0.136375214,-0.187077175,9.947096615,0.108856646,-0.112018157,9.969310849,0.108231650,-0.222042270,9.947087827,0.108874730,-0.112036765,2.995379118,0.021859336,-0.025444958,2.990062423,0.021075739,-0.022353876,-180.033359902,-0.012864454,0.069422818,-180.000000000,0.000000000,0.000000000,-0.012572330,-0.022223022,-0.005316695,0.033359902,-0.027518567,0.000643080,-0.000783598,0.012864454,0.075059019,0.110005504,0.003091082,-0.069422818
21.900000095,9.962356719,0.132583915,-0.189564941,9.949262636,0.106616190,-0.112018157,9.971428951,0.103802535,-0.221455745,9.949254207,0.106633901,-0.112036765,2.995811099,0.021360186,-0.024957507,2.990481720,0.020628643,-0.022353876,-180.033518790,-0.011388283,0.073808545,-180.000000000,0.000000000,0.000000000,-0.013094083,-0.022174744,-0.005329379,0.033518790,-0.025967725,0.002831367,-0.000731544,0.011388283,0.077546784,0.109418980,0.002603631,-0.073808545
21.920000076,9.964968186,0.128747477,-0.191821878,9.951350289,0.104375677,-0.112018157,9.973458645,0.099390732,-0.220590111,9.951342207,0.104393017,-0.112036765,2.996232936,0.020845909,-0.025713853,2.990885378,0.020181535,-0.022353876,-180.033622861,-0.009997295,0.069549412,-180.000000000,0.000000000,0.000000000,-0.013617897,-0.022116438,-0.005347558,0.033622860,-0.024371800,0.005002284,-0.000664374,0.009997295,0.079803722,0.108553346,0.003359977,-0.069549412
21.940000057,9.967502480,0.124868829,-0.193932389,9.953437942,0.102135165,-0.112018157,9.975400320,0.094999882,-0.219542544,9.953430207,0.102152132,-0.112036765,2.996644387,0.020330322,-0.025779369,2.991289035,0.019734428,-0.022353876,-180.033675163,-0.008613967,0.069166369,-180.000000000,0.000000000,0.000000000,-0.014064538,-0.021970113,-0.005355351,0.033675163,-0.022733665,0.007152250,-0.000595894,0.008613967,0.081914232,0.107505778,0.003425492,-0.069166369
21.960000038,9.969958781,0.120951263,-0.195878320,9.955444962,0.099897157,-0.112018157,9.977254427,0.090633875,-0.218300326,9.955437561,0.099913752,-0.112036765,2.997045701,0.019820443,-0.025493950,2.991676617,0.019287820,-0.022353876,-180.033671967,-0.007204536,0.070471552,-180.000000000,0.000000000,0.000000000,-0.014513818,-0.021816866,-0.005369084,0.033671967,-0.021054106,0.009279877,-0.000532622,0.007204536,0.083860164,0.106263561,0.003140074,-0.070471552
21.980000019,9.972336364,0.116998961,-0.197615129,9.957418630,0.097658936,-0.112018157,9.979021522,0.086297418,-0.216822846,9.957411557,0.097675159,-0.112036765,2.997436611,0.019302352,-0.025904534,2.992057542,0.018841170,-0.022353876,-180.033617594,-0.005907194,0.064867107,-180.000000000,0.000000000,0.000000000,-0.014917734,-0.021609965,-0.005379069,0.033617594,-0.019340024,0.011377741,-0.000461182,0.005907194,0.085596972,0.104786081,0.003550658,-0.064867107
22.000000000,9.974634559,0.113014981,-0.199198953,9.959358945,0.095420501,-0.112018157,9.980702223,0.081993886,-0.215176594,9.959352194,0.095436353,-0.112036765,2.997817366,0.018795149,-0.025360135,2.992431809,0.018394478,-0.022353876,-180.033508825,-0.004499991,0.070360172,-180.000000000,0.000000000,0.000000000,-0.015275614,-0.021350029,-0.005385557,0.033508825,-0.017594480,0.013442467,-0.000400672,0.004499991,0.087180796,0.103139828,0.003006258,-0.070360172
22.019999981,9.976852787,0.109004205,-0.200538842,9.961225466,0.093176544,-0.112018157,9.982297246,0.077728420,-0.213273317,9.961219025,0.093192023,-0.112036765,2.998187827,0.018273887,-0.026063105,2.992791319,0.017946683,-0.022353876,-180.033347800,-0.003190391,0.065479972,-180.000000000,0.000000000,0.000000000,-0.015627321,-0.021078222,-0.005396509,0.033347800,-0.015827661,0.015463603,-0.000327204,0.003190391,0.088520685,0.101236551,0.003709229,-0.065479972
22.039999962,9.978990547,0.104969702,-0.201725109,9.963091986,0.090932586,-0.112018157,9.983807391,0.073504160,-0.211212989,9.963085855,0.090947692,-0.112036765,2.998547778,0.017753117,-0.026038526,2.993150828,0.017498888,-0.022353876,-180.033138799,-0.001942844,0.062377338,-180.000000000,0.000000000,0.000000000,-0.015898561,-0.020721535,-0.005396950,0.033138799,-0.014037116,0.017443532,-0.000254229,0.001942844,0.089706953,0.099176223,0.003684650,-0.062377338
22.059999943,9.981047394,0.100914982,-0.202736018,9.964874411,0.088695577,-0.112018157,9.985233508,0.069324565,-0.208979761,9.964868576,0.088710311,-0.112036765,2.998897509,0.017239360,-0.025687829,2.993493596,0.017052480,-0.022353876,-180.032879492,-0.000662080,0.064038225,-180.000000000,0.000000000,0.000000000,-0.016172983,-0.020364932,-0.005403913,0.032879492,-0.012219405,0.019385746,-0.000186880,0.000662080,0.090717862,0.096942996,0.003333953,-0.064038225
22.080000162,9.983022978,0.096844270,-0.203535622,9.966625552,0.086455613,-0.112018157,9.986576544,0.065193702,-0.206543125,9.966620008,0.086469975,-0.112036765,2.999236775,0.016720014,-0.025967325,2.993830104,0.016605482,-0.022353876,-180.032574717,0.000487489,0.057478427,-180.000000000,0.000000000,0.000000000,-0.016397425,-0.019956536,-0.005406672,0.032574717,-0.010388657,0.021276273,-0.000114532,-0.000487489,0.091517465,0.094506360,0.003613449,-0.057478427
22.100000143,9.984917002,0.092760731,-0.204176946,9.968345369,0.084212747,-0.112018157,9.987837495,0.061114441,-0.203963062,9.968340111,0.084226737,-0.112036765,2.999565879,0.016212476,-0.025376872,2.994160344,0.016157905,-0.022353876,-180.032222889,0.001649297,0.058090399,-180.000000000,0.000000000,0.000000000,-0.016571633,-0.019497384,-0.005405535,0.032222889,-0.008547984,0.023112296,-0.000054571,-0.001649297,0.092158789,0.091926296,0.003022996,-0.058090399
22.120000124,9.986729267,0.088669424,-0.204565339,9.969983867,0.081973718,-0.112018157,9.989017444,0.057091318,-0.201156138,9.969978881,0.081987336,-0.112036765,2.999884695,0.015692121,-0.026017763,2.994474379,0.015711094,-0.022353876,-180.031827689,0.002705577,0.052814028,-180.000000000,0.000000000,0.000000000,-0.016745400,-0.019038564,-0.005410316,0.031827689,-0.006695706,0.024896018,0.000018973,-0.002705577,0.092547183,0.089119373,0.003663887,-0.052814028
22.140000105,9.988459655,0.084573410,-0.204800708,9.971622365,0.079734689,-0.112018157,9.990117546,0.053126857,-0.198223045,9.971617651,0.079747935,-0.112036765,3.000193034,0.015174223,-0.025894915,2.994788414,0.015264282,-0.022353876,-180.031394448,0.003621031,0.045772706,-180.000000000,0.000000000,0.000000000,-0.016837289,-0.018499895,-0.005404620,0.031394448,-0.004838720,0.026621078,0.000090060,-0.003621031,0.092782551,0.086186279,0.003541038,-0.045772706
22.160000086,9.990108099,0.080476286,-0.204856204,9.973182151,0.077496236,-0.112018157,9.991138995,0.049223984,-0.195143669,9.973177696,0.077509110,-0.112036765,3.000491234,0.014665234,-0.025449448,2.995086744,0.014817586,-0.022353876,-180.030922493,0.004540050,0.045950926,-180.000000000,0.000000000,0.000000000,-0.016925947,-0.017961299,-0.005404490,0.030922493,-0.002980050,0.028285126,0.000152352,-0.004540050,0.092838047,0.083106904,0.003095572,-0.045950926
22.180000067,9.991674633,0.076382376,-0.204695498,9.974710448,0.075254624,-0.112018157,9.992083071,0.045386231,-0.191887663,9.974706247,0.075267126,-0.112036765,3.000779072,0.014151478,-0.025687794,2.995378773,0.014370259,-0.022353876,-180.030416932,0.005376048,0.041799893,-180.000000000,0.000000000,0.000000000,-0.016964185,-0.017376824,-0.005400299,0.030416932,-0.001127751,0.029880895,0.000218782,-0.005376048,0.092677341,0.079850898,0.003333917,-0.041799893
22.200000048,9.993159345,0.072294728,-0.204382384,9.976207255,0.073009855,-0.112018157,9.992951089,0.041615753,-0.188523906,9.976203302,0.073021983,-0.112036765,3.001056880,0.013651229,-0.025012465,2.995664499,0.013922302,-0.022353876,-180.029877049,0.006171126,0.039753930,-180.000000000,0.000000000,0.000000000,-0.016952090,-0.016747787,-0.005392381,0.029877049,0.000715127,0.031406231,0.000271074,-0.006171126,0.092364228,0.076487140,0.002658588,-0.039753930
22.220000029,9.994562414,0.068218255,-0.203823675,9.977621323,0.070771653,-0.112018157,9.993744440,0.037916405,-0.184967362,9.977617605,0.070783410,-0.112036765,3.001324553,0.013138772,-0.025622809,2.995933752,0.013475656,-0.022353876,-180.029307086,0.006910637,0.036975516,-180.000000000,0.000000000,0.000000000,-0.016941092,-0.016126835,-0.005390801,0.029307086,0.002553398,0.032867004,0.000336884,-0.006910637,0.091805518,0.072930597,0.003268933,-0.036975516
22.240000010,9.995884100,0.064155871,-0.203119200,9.979035390,0.068533451,-0.112018157,9.994464569,0.034289865,-0.181327010,9.979031907,0.068544836,-0.112036765,3.001581924,0.012630968,-0.025390211,2.996203005,0.013029010,-0.022353876,-180.028712390,0.007490438,0.028990081,-180.000000000,0.000000000,0.000000000,-0.016848710,-0.015432662,-0.005378919,0.028712390,0.004377580,0.034254971,0.000398042,-0.007490438,0.091101044,0.069290244,0.003036334,-0.028990081
22.259999990,9.997124710,0.060110892,-0.202248929,9.980371923,0.066294000,-0.112018157,9.995112946,0.030738372,-0.177574677,9.980368663,0.066305012,-0.112036765,3.001829366,0.012131722,-0.024962287,2.996456779,0.012582114,-0.022353876,-180.028093158,0.008071834,0.029069781,-180.000000000,0.000000000,0.000000000,-0.016752787,-0.014744283,-0.005372587,0.028093158,0.006183108,0.035566641,0.000450392,-0.008071834,0.090230773,0.065537912,0.002608411,-0.029069781
22.279999971,9.998284645,0.056087283,-0.201180431,9.981675662,0.064053128,-0.112018157,9.995691110,0.027264470,-0.173695076,9.981672618,0.064063769,-0.112036765,3.002066654,0.011630041,-0.025084082,2.996704000,0.012134935,-0.022353876,-180.027454414,0.008581833,0.025499965,-180.000000000,0.000000000,0.000000000,-0.016608983,-0.014018492,-0.005362655,0.027454414,0.007965845,0.036799298,0.000504895,-0.008581833,0.089162274,0.061658311,0.002730206,-0.025499965
22.299999952,9.999364351,0.052087824,-0.199972956,9.982946606,0.061810836,-0.112018157,9.996200617,0.023869541,-0.169746452,9.982943773,0.061821105,-0.112036765,3.002294179,0.011143760,-0.024314034,2.996944668,0.011687473,-0.022353876,-180.026795661,0.009061059,0.023961309,-180.000000000,0.000000000,0.000000000,-0.016417745,-0.013256844,-0.005349511,0.026795661,0.009723012,0.037951563,0.000543713,-0.009061059,0.087954800,0.057709687,0.001960158,-0.023961309
22.320000172,10.000364365,0.048117234,-0.198529520,9.984138046,0.059570414,-0.112018157,9.996643084,0.020556543,-0.165649920,9.984135411,0.059580310,-0.112036765,3.002511850,0.010645255,-0.024925253,2.997169482,0.011240384,-0.022353876,-180.026121130,0.009452514,0.019572723,-180.000000000,0.000000000,0.000000000,-0.016226319,-0.012507673,-0.005342368,0.026121130,0.011453180,0.039023767,0.000595129,-0.009452514,0.086511363,0.053613154,0.002571377,-0.019572723
22.340000153,10.001285296,0.044178016,-0.196960896,9.985329472,0.057330019,-0.112018157,9.997020161,0.017326366,-0.161508846,9.985327035,0.057339543,-0.112036765,3.002719508,0.010153031,-0.024611213,2.997394293,0.010793300,-0.022353876,-180.025435806,0.009775940,0.016171334,-180.000000000,0.000000000,0.000000000,-0.015955824,-0.011693126,-0.005325215,0.025435806,0.013152003,0.040013177,0.000640269,-0.009775940,0.084942739,0.049472081,0.002257337,-0.016171334
22.360000134,10.002127793,0.040273253,-0.195238147,9.986440932,0.055092842,-0.112018157,9.997333511,0.014180327,-0.157301933,9.986438679,0.055101994,-0.112036765,3.002917564,0.009670045,-0.024149276,2.997603165,0.010346858,-0.022353876,-180.024739894,0.010033341,0.012870015,-180.000000000,0.000000000,0.000000000,-0.015686861,-0.010894832,-0.005314399,0.024739894,0.014819589,0.040921667,0.000676813,-0.010033341,0.083219990,0.045265168,0.001795400,-0.012870015
22.380000114,10.002892595,0.036406522,-0.193336573,9.987520395,0.052852315,-0.112018157,9.997584845,0.011120114,-0.153010672,9.987518322,0.052861095,-0.112036765,3.003105788,0.009185019,-0.024251303,2.997805632,0.009899748,-0.022353876,-180.024038498,0.010233364,0.010001153,-180.000000000,0.000000000,0.000000000,-0.015372200,-0.010066523,-0.005300156,0.024038498,0.016445794,0.041740981,0.000714729,-0.010233364,0.081318417,0.040973907,0.001897426,-0.010001153
22.400000095,10.003580477,0.032580184,-0.191316889,9.988567862,0.050608439,-0.112018157,9.997775874,0.008146231,-0.148694144,9.988565963,0.050616846,-0.112036765,3.003284599,0.008716404,-0.023430758,2.998001695,0.009451969,-0.022353876,-180.023331697,0.010362785,0.006471045,-180.000000000,0.000000000,0.000000000,-0.015012615,-0.009209912,-0.005282904,0.023331697,0.018028255,0.042470615,0.000735565,-0.010362785,0.079298732,0.036657379,0.001076882,-0.006471045
22.420000076,10.004192295,0.028798487,-0.189084861,9.989533917,0.048371248,-0.112018157,9.997908354,0.005260788,-0.144272141,9.989532178,0.048379284,-0.112036765,3.003453909,0.008235495,-0.024045462,2.998181550,0.009005525,-0.022353876,-180.022623327,0.010464241,0.005072804,-180.000000000,0.000000000,0.000000000,-0.014658379,-0.008376176,-0.005272358,0.022623327,0.019572762,0.043118496,0.000770030,-0.010464241,0.077066705,0.032235375,0.001691586,-0.005072804
22.440000057,10.004728970,0.025063438,-0.186752403,9.990499972,0.046134057,-0.112018157,9.997984056,0.002463794,-0.139849686,9.990498394,0.046141721,-0.112036765,3.003613557,0.007761414,-0.023704053,2.998361406,0.008559080,-0.022353876,-180.021917457,0.010511523,0.002364103,-180.000000000,0.000000000,0.000000000,-0.014228998,-0.007485662,-0.005252151,0.021917457,0.021070619,0.043677927,0.000797667,-0.010511523,0.074734246,0.027812921,0.001350177,-0.002364103
22.460000038,10.005191450,0.021377599,-0.184291957,9.991390301,0.043890412,-0.112018157,9.998004745,-0.000244335,-0.135406463,9.991388871,0.043897703,-0.112036765,3.003763981,0.007297221,-0.023209617,2.998526113,0.008111348,-0.022353876,-180.021214284,0.010505831,-0.000284597,-180.000000000,0.000000000,0.000000000,-0.013801149,-0.006615875,-0.005237869,0.021214284,0.022512812,0.044142038,0.000814126,-0.010505831,0.072273801,0.023369698,0.000855740,0.000284597
22.480000019,10.005580764,0.017744015,-0.181679210,9.992246356,0.041648388,-0.112018157,9.997972218,-0.002862837,-0.130925079,9.992245068,0.041655307,-0.112036765,3.003904942,0.006830933,-0.023314414,2.998683989,0.007663939,-0.022353876,-180.020517934,0.010468483,-0.001867385,-180.000000000,0.000000000,0.000000000,-0.013334408,-0.005727151,-0.005220953,0.020517934,0.023904373,0.044518143,0.000833006,-0.010468483,0.069661053,0.018888314,0.000960538,0.001867385
22.500000000,10.005897965,0.014164485,-0.178976519,9.993068135,0.039407986,-0.112018157,9.997888253,-0.005392100,-0.126463155,9.993066984,0.039414533,-0.112036765,3.004036878,0.006381768,-0.022458261,2.998835035,0.007216854,-0.022353876,-180.019828404,0.010364423,-0.005202983,-180.000000000,0.000000000,0.000000000,-0.012829829,-0.004821270,-0.005201843,0.019828404,0.025243502,0.044806632,0.000835086,-0.010364423,0.066958363,0.014426390,0.000104385,0.005202983
22.519999981,10.006144177,0.010642687,-0.176089884,9.993811576,0.037167341,-0.112018157,9.997754653,-0.007830954,-0.121942699,9.993810548,0.037173515,-0.112036765,3.004159691,0.005919348,-0.023121001,2.998970446,0.006769720,-0.022353876,-180.019148672,0.010270316,-0.004705392,-180.000000000,0.000000000,0.000000000,-0.012332601,-0.003944105,-0.005189244,0.019148672,0.026524654,0.045004469,0.000850372,-0.010270316,0.064071727,0.009905934,0.000767125,0.004705392
22.539999962,10.006320576,0.007180010,-0.173133857,9.994555016,0.034926696,-0.112018157,9.997573219,-0.010180294,-0.117467030,9.994554112,0.034932498,-0.112036765,3.004273208,0.005463841,-0.022775353,2.999105858,0.006322586,-0.022353876,-180.018481775,0.010139019,-0.006564837,-180.000000000,0.000000000,0.000000000,-0.011765559,-0.003019108,-0.005167350,0.018481775,0.027746686,0.045112792,0.000858745,-0.010139019,0.061115701,0.005430264,0.000421477,0.006564837
22.559999943,10.006428352,0.003778384,-0.170081293,9.995220391,0.032684749,-0.112018157,9.997345730,-0.012440614,-0.113016006,9.995219597,0.032690179,-0.112036765,3.004377881,0.005018289,-0.022277587,2.999225683,0.005875193,-0.022353876,-180.017827663,0.009968697,-0.008516119,-180.000000000,0.000000000,0.000000000,-0.011207962,-0.002126133,-0.005152198,0.017827663,0.028906365,0.045130793,0.000856904,-0.009968697,0.058063136,0.000979241,-0.000076289,0.008516119
22.580000162,10.006468765,0.000440207,-0.166908828,9.995851702,0.030444434,-0.112018157,9.997073973,-0.014612070,-0.108572765,9.995851013,0.030449492,-0.112036765,3.004473447,0.004569937,-0.022417618,2.999338720,0.005428125,-0.022353876,-180.017189269,0.009793565,-0.008756594,-180.000000000,0.000000000,0.000000000,-0.010617063,-0.001222959,-0.005134727,0.017189269,0.030004227,0.045061561,0.000858188,-0.009793565,0.054890671,-0.003464000,0.000063742,0.008756594
22.600000143,10.006443085,-0.002833394,-0.163680073,9.996448936,0.028205804,-0.112018157,9.996759704,-0.016695930,-0.104193008,9.996448346,0.028210490,-0.112036765,3.004560359,0.004139051,-0.021544289,2.999444967,0.004981393,-0.022353876,-180.016566289,0.009559942,-0.011681131,-180.000000000,0.000000000,0.000000000,-0.009994150,-0.000311358,-0.005115391,0.016566289,0.031039198,0.044906420,0.000842342,-0.009559942,0.051661916,-0.007843758,-0.000809587,0.011681131
22.620000124,10.006352640,-0.006039425,-0.160301549,9.996968071,0.025966257,-0.112018157,9.996404681,-0.018691941,-0.099800584,9.996967568,0.025970571,-0.112036765,3.004638498,0.003693526,-0.022276247,2.999535624,0.004534478,-0.022353876,-180.015960643,0.009371538,-0.009420180,-180.000000000,0.000000000,0.000000000,-0.009384569,0.000562887,-0.005102874,0.015960643,0.032005682,0.044662512,0.000840952,-0.009371538,0.048283393,-0.012236181,-0.000077629,0.009420180
22.640000105,10.006198793,-0.009177199,-0.156888711,9.997487207,0.023726710,-0.112018157,9.996010648,-0.020601858,-0.095495808,9.997486790,0.023730652,-0.112036765,3.004707669,0.003254553,-0.021948627,2.999626280,0.004087564,-0.022353876,-180.015374205,0.009164290,-0.010362428,-180.000000000,0.000000000,0.000000000,-0.008711585,0.001476142,-0.005081389,0.015374205,0.032903910,0.044332509,0.000833010,-0.009164290,0.044870555,-0.016540958,-0.000405249,0.010362428
22.660000086,10.005982912,-0.012245500,-0.153415047,9.997927781,0.021488301,-0.112018157,9.995579304,-0.022427031,-0.091258693,9.997927437,0.021491871,-0.112036765,3.004768333,0.002825262,-0.021464566,2.999701266,0.003640876,-0.022353876,-180.014806523,0.008933054,-0.011561770,-180.000000000,0.000000000,0.000000000,-0.008055131,0.002348132,-0.005067068,0.014806523,0.033733801,0.043918902,0.000815614,-0.008933054,0.041396891,-0.020778072,-0.000889310,0.011561770
22.680000067,10.005706416,-0.015242658,-0.149857876,9.998335206,0.019247266,-0.112018157,9.995112343,-0.024168481,-0.087072474,9.998334930,0.019250464,-0.112036765,3.004820196,0.002392132,-0.021656505,2.999769621,0.003193665,-0.022353876,-180.014259283,0.008721237,-0.010590857,-180.000000000,0.000000000,0.000000000,-0.007371210,0.003222586,-0.005050575,0.014259283,0.034489924,0.043418945,0.000801533,-0.008721237,0.037839719,-0.024964292,-0.000697372,0.010590857
22.700000048,10.005370721,-0.018168274,-0.146280815,9.998709483,0.017003606,-0.112018157,9.994611409,-0.025828283,-0.082990099,9.998709269,0.017006431,-0.112036765,3.004863715,0.001976500,-0.020781594,2.999831346,0.002745929,-0.022353876,-180.013731786,0.008460703,-0.013026738,-180.000000000,0.000000000,0.000000000,-0.006661238,0.004097860,-0.005032369,0.013731786,0.035171880,0.042834714,0.000769429,-0.008460703,0.034262659,-0.029046666,-0.001572282,0.013026738
22.720000029,10.004977288,-0.021020103,-0.142591449,9.999004780,0.014762959,-0.112018157,9.994078133,-0.027407026,-0.078937171,9.999004615,0.014765411,-0.112036765,3.004898749,0.001544426,-0.021603690,2.999877328,0.002298795,-0.022353876,-180.013224909,0.008273192,-0.009375504,-180.000000000,0.000000000,0.000000000,-0.005972508,0.004926481,-0.005021421,0.013224909,0.035783061,0.042172437,0.000754368,-0.008273192,0.030573293,-0.033099595,-0.000750186,0.009375504
22.740000010,10.004527595,-0.023798201,-0.138904924,9.999300077,0.012522311,-0.112018157,9.993514114,-0.028907236,-0.075010487,9.999299960,0.012524391,-0.112036765,3.004925069,0.001118131,-0.021314764,2.999923310,0.001851660,-0.022353876,-180.012739434,0.008082730,-0.009523120,-180.000000000,0.000000000,0.000000000,-0.005227519,0.005785847,-0.005001759,0.012739434,0.036320512,0.041431627,0.000733529,-0.008082730,0.026886768,-0.037026279,-0.001039113,0.009523120
22.759999990,10.004023113,-0.026502116,-0.135195705,9.999516628,0.010285482,-0.112018157,9.992920891,-0.030331042,-0.071190286,9.999516548,0.010287191,-0.112036765,3.004943138,0.000700946,-0.020859247,2.999953600,0.001405288,-0.022353876,-180.012274512,0.007880621,-0.010105439,-180.000000000,0.000000000,0.000000000,-0.004506485,0.006595657,-0.004989539,0.012274512,0.036787598,0.040618233,0.000704342,-0.007880621,0.023177549,-0.040846479,-0.001494629,0.010105439
22.779999971,10.003465346,-0.029130949,-0.131441674,9.999699837,0.008045637,-0.112018157,9.992299984,-0.031680234,-0.067459602,9.999699787,0.008046973,-0.112036765,3.004952625,0.000278588,-0.021117927,2.999977218,0.000958314,-0.022353876,-180.011830730,0.007715318,-0.008265184,-180.000000000,0.000000000,0.000000000,-0.003765510,0.007399803,-0.004975407,0.011830730,0.037176586,0.039727207,0.000679726,-0.007715318,0.019423517,-0.044577163,-0.001235949,0.008265184
22.799999952,10.002855782,-0.031685062,-0.127705655,9.999849702,0.005802774,-0.112018157,9.991652847,-0.032957600,-0.063868328,9.999849677,0.005803738,-0.112036765,3.004953989,-0.000126434,-0.020251081,2.999994165,0.000510738,-0.022353876,-180.011407036,0.007509330,-0.010299359,-180.000000000,0.000000000,0.000000000,-0.003006080,0.008196830,-0.004959824,0.011407036,0.037487836,0.038761339,0.000637172,-0.007509330,0.015687498,-0.048168437,-0.002102795,0.010299359
22.820000172,10.002195935,-0.034162997,-0.123896761,9.999920954,0.003562080,-0.112018157,9.990980908,-0.034164470,-0.060343486,9.999920941,0.003562672,-0.112036765,3.004947060,-0.000549841,-0.021170368,2.999997083,0.000255367,-0.011176871,-180.011003446,0.007391928,-0.005870137,-180.000000000,0.000000000,0.000000000,-0.002274981,0.008940034,-0.004949977,0.011003446,0.037725077,0.037727142,0.000805209,-0.007391928,0.011878604,-0.051693280,0.009993497,0.005870137
22.840000153,10.001487326,-0.036565568,-0.120128556,9.999992206,0.001321413,-0.112018157,9.990285545,-0.035304030,-0.056977985,9.999992205,0.001321632,-0.112036765,3.004931574,-0.000968271,-0.020921494,3.000000000,0.000000000,0.000000000,-180.010619874,0.007280908,-0.005550980,-180.000000000,0.000000000,0.000000000,-0.001495120,0.009706659,-0.004931574,0.010619874,0.037886981,0.036625662,0.000968271,-0.007280908,0.008110399,-0.055058780,0.020921494,0.005550980
22.860000134,10.000731437,-0.038895373,-0.116490229,9.999997402,0.000440471,-0.037339386,9.989568065,-0.036380107,-0.053803876,9.999997402,0.000440544,-0.037345588,3.004908873,-0.001184044,-0.010788615,3.000000000,0.000000000,0.000000000,-180.010255177,0.007165803,-0.005755232,-180.000000000,0.000000000,0.000000000,-0.000734035,0.010429337,-0.004908873,0.010255177,0.039335844,0.036820651,0.001184044,-0.007165803,0.079150844,0.016458288,0.010788615,0.005755232
