stamp_sec,receive_sec,linear_x,linear_y,linear_z,angular_x,angular_y,angular_z
2.802,1790081365.25,0,0,0,0,0,0
2.822,1790081365.27,0,0,-0.196,0,0,0
2.842,1790081365.29,0,0,-0.392,0,0,0
2.862,1790081365.31,0,0,-0.588,0,0,0
2.882,1790081365.33,8.94412564661e-24,1.09978302204e-28,-0.784,-1.67181649152e-28,-4.17234034542e-21,7.3672553201e-27
2.902,1790081365.35,5.29035032365e-28,1.37231818959e-33,-0.98,-2.55259602491e-31,-2.46791205416e-25,1.16519939982e-31
2.922,1790081365.37,-3.47485794552e-33,1.9149876443e-33,-1.176,-2.05185144658e-33,2.73495757896e-33,1.16519188009e-31
2.942,1790081365.39,-3.46906269794e-33,1.9193354222e-33,-1.372,-2.36562365702e-35,3.15321566571e-35,1.16519198896e-31
2.962,1790081365.41,1.2695174193e-22,1.47320790133e-27,-1.568,-1.57447321116e-28,-5.92216541127e-20,9.8388411173e-26
2.982,1790081365.43,0.00124939121697,1.32891687852e-06,-0.00479722476094,-5.2629490631e-05,0.04997828141,-1.78236008235e-06
3.002,1790081365.45,0.00124942937521,1.30267374806e-06,0.00500276552888,-5.48353272147e-05,0.049975510161,1.0745240242e-07
3.022,1790081365.47,-0.00320912117942,-4.16706937251e-06,-0.00304651057071,9.24027205834e-05,-0.128360583181,9.55668953564e-06
3.042,1790081365.49,0.00124938892766,1.3303330628e-06,-0.00479722483863,-5.24891217504e-05,0.049978442531,-1.8859834426e-06
3.062,1790081365.51,0.00124942937398,1.30284631998e-06,0.00500276552871,-5.48422299673e-05,0.049975510112,1.07451961933e-07
3.082,1790081365.53,-0.00320912117962,-4.16751477062e-06,-0.00304651057057,9.24215452328e-05,-0.128360583165,9.55656999684e-06
3.102,1790081365.55,0.00124938892665,1.33050968332e-06,-0.00479722483881,-5.24962334942e-05,0.0499784424903,-1.88596698691e-06
3.122,1790081365.57,0.00124942937296,1.303023332e-06,0.00500276552854,-5.48493104172e-05,0.0499755100711,1.07451523167e-07
3.142,1790081365.59,-0.00320912117981,-4.16796083563e-06,-0.00304651057305,9.24403944104e-05,-0.128360583147,9.5564507123e-06
3.162,1790081365.61,0.00124938892564,1.33068629965e-06,-0.00479722483898,-5.25033453556e-05,0.0499784424494,-1.88595036983e-06
3.182,1790081365.63,0.00124942937193,1.30320034169e-06,0.00500276552837,-5.48563907742e-05,0.0499755100301,1.0745108441e-07
3.202,1790081365.65,-0.00320912118,-4.16840689484e-06,-0.00304651057553,9.24592433451e-05,-0.12836058313,9.55633142908e-06
3.222,1790081365.67,0.00124938892463,1.33086291246e-06,-0.00479722483916,-5.25104571198e-05,0.0499784424084,-1.88593376205e-06
3.242,1790081365.69,0.00124942937091,1.30337734906e-06,0.0050027655282,-5.48634710382e-05,0.0499755099892,1.07450645656e-07
3.262,1790081365.71,-0.00320912118019,-4.16885294823e-06,-0.00304651057802,9.24780920314e-05,-0.128360583113,9.55621214767e-06
3.282,1790081365.73,0.00124938892362,1.33103952452e-06,-0.00479722483933,-5.25175687937e-05,0.0499784423675,-1.88591715116e-06
3.302,1790081365.75,0.00124942936988,1.30355435405e-06,0.00500276552802,-5.48705512073e-05,0.0499755099482,1.07450206908e-07
3.322,1790081365.77,-0.00320912118037,-4.16929899558e-06,-0.0030465105805,9.24969404658e-05,-0.128360583096,9.55609286748e-06
3.342,1790081365.79,0.00124938892262,1.33121613369e-06,-0.0047972248395,-5.25246803712e-05,0.0499784423265,-1.88590054026e-06
3.362,1790081365.81,0.00124942936886,1.30373135674e-06,0.00500276552785,-5.4877631284e-05,0.0499755099073,1.07449768168e-07
3.382,1790081365.83,-0.00320912118056,-4.16974503708e-06,-0.00304651058298,9.25157886522e-05,-0.128360583078,9.55597358895e-06
3.402,1790081365.85,0.00124938892161,1.33139274029e-06,-0.00479722483968,-5.25317918554e-05,0.0499784422856,-1.88588391074e-06
3.422,1790081365.87,0.00124942936783,1.30390835707e-06,0.00500276552768,-5.48847112666e-05,0.0499755098663,1.07449329434e-07
3.442,1790081365.89,-0.00320912118075,-4.17019107278e-06,-0.00304651058547,9.25346365932e-05,-0.128360583061,9.55585431201e-06
3.462,1790081365.91,0.0012493889206,1.33156934513e-06,-0.00479722483985,-5.25389032499e-05,0.0499784422446,-1.88586729362e-06
3.482,1790081365.93,0.00124942936681,1.3040853551e-06,0.00500276552751,-5.48917911574e-05,0.0499755098254,1.07448890699e-07
3.502,1790081365.95,-0.00320912118094,-4.17063710253e-06,-0.00304651058795,9.25534842836e-05,-0.128360583044,9.55573503658e-06
3.522,1790081365.97,0.00124938891959,1.33174594806e-06,-0.00479722484002,-5.25460145498e-05,0.0499784422037,-1.88585068271e-06
3.542,1790081365.99,0.00124942936579,1.30426235077e-06,0.00500276552734,-5.48988709535e-05,0.0499755097844,1.07448451975e-07
3.562,1790081366.01,-0.00320912118112,-4.1710831265e-06,-0.00304651059043,9.25723317275e-05,-0.128360583026,9.55561576292e-06
3.582,1790081366.03,0.00124938891858,1.33192254726e-06,-0.00479722484019,-5.25531257511e-05,0.0499784421627,-1.88583407179e-06
3.602,1790081366.05,0.00124942936476,1.3044393441e-06,0.00500276552717,-5.49059506557e-05,0.0499755097435,1.0744801326e-07
3.622,1790081366.07,-0.00320912118131,-4.17152914444e-06,-0.00304651059292,9.25911789176e-05,-0.128360583009,9.55549649076e-06
3.642,1790081366.09,0.00124938891757,1.33209914332e-06,-0.00479722484037,-5.25602368581e-05,0.0499784421218,-1.88581747017e-06
3.662,1790081366.11,0.00124942936374,1.30461633512e-06,0.005002765527,-5.49130302658e-05,0.0499755097026,1.07447574545e-07
3.682,1790081366.13,-0.0032091211815,-4.17197515667e-06,-0.0030465105954,9.26100258661e-05,-0.128360582992,9.55537722018e-06
3.702,1790081366.15,0.00124938891657,1.33227574026e-06,-0.00479722484054,-5.25673478775e-05,0.0499784420808,-1.88580085614e-06
3.722,1790081366.17,0.00124942936271,1.30479332375e-06,0.00500276552683,-5.49201097804e-05,0.0499755096616,1.07447135837e-07
3.742,1790081366.19,-0.00320912118168,-4.17242116293e-06,-0.00304651059788,9.26288725644e-05,-0.128360582975,9.55525795096e-06
3.762,1790081366.21,0.00124938891556,1.33245233306e-06,-0.00479722484071,-5.25744588004e-05,0.0499784420398,-1.8857842421e-06
3.782,1790081366.23,0.00124942936169,1.30497031013e-06,0.00500276552666,-5.4927189205e-05,0.0499755096207,1.07446697136e-07
3.802,1790081366.25,-0.00320912118187,-4.17286716334e-06,-0.00304651060037,9.26477190118e-05,-0.128360582957,9.55513868368e-06
3.822,1790081366.27,0.00124938891455,1.33262892394e-06,-0.00479722484089,-5.25815696281e-05,0.0499784419989,-1.88576762495e-06
3.842,1790081366.29,0.00124942936066,1.30514729414e-06,0.00500276552649,-5.49342685348e-05,0.0499755095797,1.07446258438e-07
3.862,1790081366.31,-0.00320912118206,-4.17331315774e-06,-0.00304651060285,9.26665652095e-05,-0.12836058294,9.55501941756e-06
3.882,1790081366.33,0.00124938891354,1.33280551264e-06,-0.00479722484106,-5.25886803646e-05,0.0499784419579,-1.88575101089e-06
3.902,1790081366.35,0.00124942935964,1.30532427581e-06,0.00500276552631,-5.49413477709e-05,0.0499755095388,1.07445819744e-07
3.922,1790081366.37,-0.00320912118224,-4.17375914646e-06,-0.00304651060533,9.26854111658e-05,-0.128360582923,9.55490015309e-06
3.942,1790081366.39,0.00124938891253,1.33298209787e-06,-0.00479722484124,-5.25957910034e-05,0.049978441917,-1.88573441235e-06
3.962,1790081366.41,0.00124942935861,1.30550125515e-06,0.00500276552614,-5.49484269138e-05,0.0499755094978,1.07445381064e-07
3.982,1790081366.43,-0.00320912118243,-4.17420512923e-06,-0.00304651060782,9.27042568685e-05,-0.128360582905,9.55478089048e-06
4.002,1790081366.45,0.00124938891153,1.33315868095e-06,-0.00479722484141,-5.26029015558e-05,0.049978441876,-1.88571778587e-06
4.022,1790081366.47,0.00124942935759,1.30567823215e-06,0.00500276552597,-5.49555059632e-05,0.0499755094568,1.07444942391e-07
4.042,1790081366.49,-0.00320912118262,-4.17465110601e-06,-0.0030465106103,9.27231023201e-05,-0.128360582888,9.55466162923e-06
4.062,1790081366.51,0.00124938891052,1.33333526246e-06,-0.00479722484158,-5.2610012007e-05,0.049978441835,-1.88570118112e-06
4.082,1790081366.53,0.00124942935657,1.30585520683e-06,0.0050027655258,-5.49625849195e-05,0.0499755094159,1.07444503718e-07
4.102,1790081366.55,-0.0032091211828,-4.17509707699e-06,-0.00304651061278,9.27419475277e-05,-0.128360582871,9.55454236939e-06
4.122,1790081366.57,0.00124938890951,1.33351184207e-06,-0.00479722484176,-5.26171223643e-05,0.0499784417941,-1.88568457945e-06
4.142,1790081366.59,0.00124942935554,1.30603217919e-06,0.00500276552563,-5.49696637833e-05,0.049975509375,1.07444065049e-07
4.162,1790081366.61,-0.00320912118299,-4.17554304209e-06,-0.00304651061527,9.27607924845e-05,-0.128360582853,9.5544231114e-06
4.182,1790081366.63,0.0012493889085,1.33368841816e-06,-0.00479722484193,-5.26242326333e-05,0.0499784417531,-1.88566795606e-06
4.202,1790081366.65,0.00124942935452,1.30620914918e-06,0.00500276552546,-5.49767425523e-05,0.049975509334,1.07443626384e-07
4.222,1790081366.67,-0.00320912118318,-4.17598900141e-06,-0.00304651061775,9.27796371967e-05,-0.128360582836,9.55430385499e-06
4.242,1790081366.69,0.00124938890749,1.33386499231e-06,-0.0047972248421,-5.26313428082e-05,0.0499784417122,-1.88565134818e-06
4.262,1790081366.71,0.00124942935349,1.3063861169e-06,0.00500276552529,-5.49838212302e-05,0.049975509293,1.07443187731e-07
4.282,1790081366.73,-0.00320912118336,-4.17643495473e-06,-0.00304651062024,9.27984816584e-05,-0.128360582819,9.55418459986e-06
4.302,1790081366.75,0.00124938890648,1.33404156432e-06,-0.00479722484227,-5.26384528868e-05,0.0499784416712,-1.88563474029e-06
4.322,1790081366.77,0.00124942935247,1.3065630822e-06,0.00500276552512,-5.49908998116e-05,0.0499755092521,1.0744274908e-07
4.342,1790081366.79,-0.00320912118355,-4.17688090224e-06,-0.00304651062272,9.28173258706e-05,-0.128360582801,9.55406534669e-06
4.362,1790081366.81,0.00124938890548,1.33421813516e-06,-0.00479722484245,-5.26455628773e-05,0.0499784416302,-1.88561811688e-06
4.382,1790081366.83,0.00124942935144,1.30674004525e-06,0.00500276552495,-5.49979783031e-05,0.0499755092112,1.07442310437e-07
4.402,1790081366.85,-0.00320912118373,-4.17732684375e-06,-0.0030465106252,9.28361698326e-05,-0.128360582784,9.55394609479e-06
4.422,1790081366.87,0.00124938890447,1.33439470192e-06,-0.00479722484262,-5.26526727653e-05,0.0499784415893,-1.88560152761e-06
4.442,1790081366.89,0.00124942935042,1.30691700589e-06,0.00500276552478,-5.50050566979e-05,0.0499755091702,1.074418718e-07
4.462,1790081366.91,-0.00320912118392,-4.17777277941e-06,-0.00304651062768,9.2855013549e-05,-0.128360582767,9.55382684422e-06
4.482,1790081366.93,0.00124938890346,1.33457126751e-06,-0.00479722484279,-5.26597825645e-05,0.0499784415483,-1.88558489798e-06
4.502,1790081366.95,0.00124942934939,1.30709396424e-06,0.0050027655246,-5.50121350014e-05,0.0499755091292,1.07441433166e-07
4.522,1790081366.97,-0.00320912118411,-4.17821870924e-06,-0.00304651063017,9.28738570144e-05,-0.12836058275,9.55370759578e-06
4.542,1790081366.99,0.00124938890245,1.33474783059e-06,-0.00479722484296,-5.26668922678e-05,0.0499784415073,-1.88556829317e-06
4.562,1790081367.01,0.00124942934837,1.30727092027e-06,0.00500276552443,-5.50192132118e-05,0.0499755090883,1.07440994542e-07
4.582,1790081367.03,-0.00320912118429,-4.17866463335e-06,-0.00304651063265,9.28927002403e-05,-0.128360582732,9.55358834859e-06
4.602,1790081367.05,0.00124938890144,1.33492438976e-06,-0.00479722484314,-5.26740018743e-05,0.0499784414664,-1.88555169146e-06
4.622,1790081367.07,0.00124942934735,1.30744787391e-06,0.00500276552426,-5.50262913267e-05,0.0499755090473,1.07440555921e-07
4.642,1790081367.09,-0.00320912118447,-4.17911055138e-06,-0.00304651063513,9.29115432082e-05,-0.128360582715,9.55346910313e-06
4.662,1790081367.11,0.00124938890044,1.33510094876e-06,-0.00479722484331,-5.26811113968e-05,0.0499784414254,-1.88553508354e-06
4.682,1790081367.13,0.00124942934632,1.30762482524e-06,0.00500276552409,-5.50333693493e-05,0.0499755090064,1.07440117302e-07
4.702,1790081367.15,-0.00320912118466,-4.17955646343e-06,-0.00304651063762,9.29303859247e-05,-0.128360582697,9.55334985916e-06
4.722,1790081367.17,0.00124938889943,1.33527750464e-06,-0.00479722484348,-5.26882208162e-05,0.0499784413844,-1.88551847251e-06
4.742,1790081367.19,0.0012494293453,1.30780177428e-06,0.00500276552392,-5.50404472803e-05,0.0499755089654,1.07439678698e-07
4.762,1790081367.21,-0.00320912118485,-4.18000236981e-06,-0.0030465106401,9.29492284012e-05,-0.12836058268,9.55323061674e-06
4.782,1790081367.23,0.00124938889842,1.3354540576e-06,-0.00479722484366,-5.2695330146e-05,0.0499784413435,-1.88550185217e-06
4.802,1790081367.25,0.00124942934427,1.30797872094e-06,0.00500276552375,-5.50475251157e-05,0.0499755089245,1.07439240089e-07
4.822,1790081367.27,-0.00320912118503,-4.18044827036e-06,-0.00304651064258,9.29680706312e-05,-0.128360582663,9.55311137586e-06
4.842,1790081367.29,0.00124938889741,1.33563060862e-06,-0.00479722484383,-5.27024393832e-05,0.0499784413025,-1.88548525663e-06
4.862,1790081367.31,0.00124942934325,1.3081556653e-06,0.00500276552358,-5.50546028594e-05,0.0499755088835,1.07438801498e-07
4.882,1790081367.33,-0.00320912118522,-4.18089416478e-06,-0.00304651064506,9.29869126024e-05,-0.128360582646,9.55299213661e-06
4.902,1790081367.35,0.0012493888964,1.33580715688e-06,-0.004797224844,-5.27095485202e-05,0.0499784412615,-1.88546863628e-06
4.922,1790081367.37,0.00124942934222,1.30833260731e-06,0.00500276552341,-5.50616805093e-05,0.0499755088426,1.07438362906e-07
4.942,1790081367.39,-0.0032091211854,-4.18134005357e-06,-0.00304651064754,9.30057543355e-05,-0.128360582628,9.55287289886e-06
4.962,1790081367.41,0.0012493888954,1.33598370307e-06,-0.00479722484418,-5.27166575701e-05,0.0499784412206,-1.88545202522e-06
4.982,1790081367.43,0.0012494293412,1.308509547e-06,0.00500276552324,-5.50687580663e-05,0.0499755088016,1.07437924319e-07
5.002,1790081367.45,-0.00320912118559,-4.18178593639e-06,-0.00304651065003,9.30245958162e-05,-0.128360582611,9.55275366279e-06
5.022,1790081367.47,0.00124938889439,1.33616024686e-06,-0.00479722484435,-5.27237665224e-05,0.0499784411796,-1.88543542658e-06
5.042,1790081367.49,0.00124942934017,1.30868648434e-06,0.00500276552307,-5.50758355293e-05,0.0499755087606,1.07437485742e-07
5.062,1790081367.51,-0.00320912118577,-4.18223181314e-06,-0.00304651065251,9.30434370408e-05,-0.128360582593,9.55263442821e-06
5.082,1790081367.53,0.00124938889338,1.33633678892e-06,-0.00479722484452,-5.27308753845e-05,0.0499784411386,-1.88541882172e-06
5.102,1790081367.55,0.00124942933915,1.30886341934e-06,0.0050027655229,-5.50829128983e-05,0.0499755087197,1.07437047163e-07
5.122,1790081367.57,-0.00320912118596,-4.18267768419e-06,-0.00304651065499,9.30622780255e-05,-0.128360582576,9.55251519507e-06
5.142,1790081367.59,0.00124938889237,1.33651332949e-06,-0.0047972248447,-5.27379841542e-05,0.0499784410977,-1.88540221375e-06
5.162,1790081367.61,0.00124942933812,1.309040352e-06,0.00500276552272,-5.50899901743e-05,0.0499755086787,1.07436608594e-07
5.182,1790081367.63,-0.00320912118614,-4.18312354933e-06,-0.00304651065748,9.30811187602e-05,-0.128360582559,9.55239596357e-06
5.202,1790081367.65,0.00124938889136,1.33668986692e-06,-0.00479722484487,-5.27450928248e-05,0.0499784410567,-1.88538560577e-06
5.222,1790081367.67,0.0012494293371,1.30921728235e-06,0.00500276552255,-5.50970673576e-05,0.0499755086378,1.07436170034e-07
5.242,1790081367.69,-0.00320912118633,-4.18356940867e-06,-0.00304651065996,9.30999592472e-05,-0.128360582541,9.5522767339e-06
5.262,1790081367.71,0.00124938889035,1.3368664014e-06,-0.00479722484504,-5.27522014077e-05,0.0499784410157,-1.88536899779e-06
5.282,1790081367.73,0.00124942933607,1.30939421038e-06,0.00500276552238,-5.51041444478e-05,0.0499755085968,1.07435731475e-07
5.302,1790081367.75,-0.00320912118651,-4.18401526203e-06,-0.00304651066244,9.3118799483e-05,-0.128360582524,9.55215750566e-06
5.322,1790081367.77,0.00124938888934,1.33704293239e-06,-0.00479722484522,-5.27593098895e-05,0.0499784409748,-1.8853523805e-06
5.342,1790081367.79,0.00124942933505,1.30957113607e-06,0.00500276552221,-5.5111221445e-05,0.0499755085558,1.07435292925e-07
5.362,1790081367.81,-0.0032091211867,-4.18446110959e-06,-0.00304651066493,9.31376394741e-05,-0.128360582507,9.5520382789e-06
5.382,1790081367.83,0.00124938888834,1.33721946144e-06,-0.00479722484539,-5.27664182783e-05,0.0499784409338,-1.88533578802e-06
5.402,1790081367.85,0.00124942933403,1.30974805939e-06,0.00500276552204,-5.51182983469e-05,0.0499755085149,1.07434854379e-07
5.422,1790081367.87,-0.00320912118688,-4.18490695124e-06,-0.00304651066741,9.31564792168e-05,-0.128360582489,9.5519190536e-06
5.442,1790081367.89,0.00124938888733,1.33739599052e-06,-0.00479722484556,-5.27735265809e-05,0.0499784408928,-1.8853191614e-06
5.462,1790081367.91,0.001249429333,1.30992498042e-06,0.00500276552187,-5.51253751574e-05,0.0499755084739,1.07434415838e-07
5.482,1790081367.93,-0.00320912118707,-4.18535278698e-06,-0.00304651066989,9.31753187071e-05,-0.128360582472,9.55179983012e-06
5.502,1790081367.95,0.00124938888632,1.33757251626e-06,-0.00479722484574,-5.2780634782e-05,0.0499784408519,-1.88530256581e-06
5.522,1790081367.97,0.00124942933198,1.31010189914e-06,0.0050027655217,-5.51324518756e-05,0.049975508433,1.07433977306e-07
5.542,1790081367.99,-0.00320912118725,-4.18579861685e-06,-0.00304651067237,9.31941579522e-05,-0.128360582454,9.55168060796e-06
5.562,1790081368.01,0.00124938888531,1.33774903953e-06,-0.00479722484591,-5.27877428966e-05,0.0499784408109,-1.88528596401e-06
5.582,1790081368.03,0.00124942933095,1.31027881546e-06,0.00500276552153,-5.51395284978e-05,0.049975508392,1.07433538776e-07
5.602,1790081368.05,-0.00320912118744,-4.18624444091e-06,-0.00304651067486,9.32129969485e-05,-0.128360582437,9.5515613877e-06
5.622,1790081368.07,0.0012493888843,1.33792555964e-06,-0.00479722484608,-5.279485091e-05,0.0499784407699,-1.8852693622e-06
5.642,1790081368.09,0.00124942932993,1.31045572945e-06,0.00500276552136,-5.51466050268e-05,0.049975508351,1.07433100253e-07
5.662,1790081368.11,-0.00320912118762,-4.18669025903e-06,-0.00304651067734,9.32318356964e-05,-0.12836058242,9.55144216871e-06
5.682,1790081368.13,0.00124938888329,1.33810207857e-06,-0.00479722484625,-5.28019588346e-05,0.0499784407289,-1.88525275107e-06
5.702,1790081368.15,0.0012494293289,1.31063264115e-06,0.00500276552119,-5.51536814639e-05,0.0499755083101,1.07432661737e-07
5.722,1790081368.17,-0.0032091211878,-4.18713607137e-06,-0.00304651067982,9.32506741989e-05,-0.128360582402,9.55132295139e-06
5.742,1790081368.19,0.00124938888229,1.3382785954e-06,-0.00479722484643,-5.28090666694e-05,0.049978440688,-1.88523614305e-06
5.762,1790081368.21,0.00124942932788,1.31080955051e-06,0.00500276552102,-5.51607578079e-05,0.0499755082691,1.07432223224e-07
5.782,1790081368.23,-0.00320912118799,-4.18758187775e-06,-0.0030465106823,9.32695124493e-05,-0.128360582385,9.5512037357e-06
5.802,1790081368.25,0.00124938888128,1.33845510735e-06,-0.0047972248466,-5.28161743991e-05,0.049978440647,-1.88521954433e-06
5.822,1790081368.27,0.00124942932685,1.31098645753e-06,0.00500276552084,-5.51678340579e-05,0.0499755082282,1.0743178472e-07
5.842,1790081368.29,-0.00320912118817,-4.1880276781e-06,-0.00304651068478,9.32883504453e-05,-0.128360582368,9.55108452158e-06
5.862,1790081368.31,0.00124938888027,1.3386316199e-06,-0.00479722484677,-5.2823282043e-05,0.049978440606,-1.88520292076e-06
5.882,1790081368.33,0.00124942932583,1.31116336221e-06,0.00500276552067,-5.51749102142e-05,0.0499755081872,1.07431346222e-07
5.902,1790081368.35,-0.00320912118836,-4.18847347265e-06,-0.00304651068727,9.33071881977e-05,-0.12836058235,9.55096530885e-06
5.922,1790081368.37,0.00124938887926,1.33880812875e-06,-0.00479722484695,-5.28303895891e-05,0.049978440565,-1.88518631893e-06
5.942,1790081368.39,0.0012494293248,1.31134026458e-06,0.0050027655205,-5.51819862786e-05,0.0499755081462,1.0743090773e-07
5.962,1790081368.41,-0.00320912118854,-4.18891926148e-06,-0.00304651068975,9.33260257071e-05,-0.128360582333,9.55084609779e-06
5.982,1790081368.43,0.00124938887825,1.33898463468e-06,-0.00479722484712,-5.28374970443e-05,0.0499784405241,-1.8851697264e-06
6.002,1790081368.45,0.00124942932378,1.31151716461e-06,0.00500276552033,-5.51890622489e-05,0.0499755081053,1.0743046924e-07
6.022,1790081368.47,-0.00320912118873,-4.18936504445e-06,-0.00304651069223,9.33448629677e-05,-0.128360582315,9.55072688839e-06
6.042,1790081368.49,0.00124938887724,1.33916114005e-06,-0.00479722484729,-5.28446044047e-05,0.0499784404831,-1.88515313076e-06
6.062,1790081368.51,0.00124942932275,1.31169406229e-06,0.00500276552016,-5.51961381257e-05,0.0499755080643,1.07430030758e-07
6.082,1790081368.53,-0.00320912118891,-4.18981082135e-06,-0.00304651069471,9.33636999734e-05,-0.128360582298,9.55060768045e-06
6.102,1790081368.55,0.00124938887624,1.3393376413e-06,-0.00479722484746,-5.28517116724e-05,0.0499784404421,-1.88513651649e-06
6.122,1790081368.57,0.00124942932173,1.31187095764e-06,0.00500276551999,-5.52032139087e-05,0.0499755080233,1.07429592282e-07
6.142,1790081368.59,-0.00320912118909,-4.19025659251e-06,-0.0030465106972,9.33825367356e-05,-0.128360582281,9.55048847418e-06
6.162,1790081368.61,0.00124938887523,1.33951414178e-06,-0.00479722484764,-5.28588188481e-05,0.0499784404011,-1.88511991463e-06
6.182,1790081368.63,0.0012494293207,1.31204785068e-06,0.00500276551982,-5.52102895998e-05,0.0499755079823,1.07429153813e-07
6.202,1790081368.65,-0.00320912118928,-4.19070235776e-06,-0.00304651069968,9.34013732481e-05,-0.128360582263,9.55036926944e-06
6.222,1790081368.67,0.00124938887422,1.33969063879e-06,-0.00479722484781,-5.28659259249e-05,0.0499784403601,-1.88510332207e-06
6.242,1790081368.69,0.00124942931968,1.31222474135e-06,0.00500276551965,-5.52173651958e-05,0.0499755079414,1.07428715348e-07
6.262,1790081368.71,-0.00320912118946,-4.19114811706e-06,-0.00304651070216,9.34202095115e-05,-0.128360582246,9.55025006608e-06
6.282,1790081368.73,0.00124938887321,1.33986713407e-06,-0.00479722484798,-5.28730329084e-05,0.0499784403192,-1.88508670778e-06
6.302,1790081368.75,0.00124942931865,1.31240162971e-06,0.00500276551948,-5.52244406998e-05,0.0499755079004,1.07428276885e-07
6.322,1790081368.77,-0.00320912118964,-4.19159387059e-06,-0.00304651070464,9.3439045529e-05,-0.128360582228,9.55013086444e-06
6.342,1790081368.79,0.0012493888722,1.34004362876e-06,-0.00479722484816,-5.28801398079e-05,0.0499784402782,-1.88507010901e-06
6.362,1790081368.81,0.00124942931763,1.31257851574e-06,0.00500276551931,-5.52315161102e-05,0.0499755078595,1.07427838438e-07
6.382,1790081368.83,-0.00320912118983,-4.19203961809e-06,-0.00304651070712,9.34578812934e-05,-0.128360582211,9.55001166421e-06
6.402,1790081368.85,0.00124938887119,1.34022011876e-06,-0.00479722484833,-5.28872466072e-05,0.0499784402372,-1.88505351644e-06
6.422,1790081368.87,0.0012494293166,1.31275539944e-06,0.00500276551914,-5.52385914273e-05,0.0499755078185,1.07427399987e-07
6.442,1790081368.89,-0.00320912119001,-4.19248535995e-06,-0.0030465107096,9.34767168156e-05,-0.128360582194,9.549892466e-06
6.462,1790081368.91,0.00124938887018,1.3403966072e-06,-0.0047972248485,-5.28943533115e-05,0.0499784401962,-1.88503689592e-06
6.482,1790081368.93,0.00124942931558,1.31293228081e-06,0.00500276551897,-5.52456666515e-05,0.0499755077775,1.07426961546e-07
6.502,1790081368.95,-0.00320912119019,-4.19293109571e-06,-0.00304651071209,9.34955520845e-05,-0.128360582176,9.54977326885e-06
6.522,1790081368.97,0.00124938886917,1.34057309294e-06,-0.00479722484868,-5.29014599208e-05,0.0499784401553,-1.88502029713e-06
6.542,1790081368.99,0.00124942931455,1.31310915983e-06,0.00500276551879,-5.52527417818e-05,0.0499755077366,1.07426523109e-07
6.562,1790081369.01,-0.00320912119038,-4.1933768258e-06,-0.00304651071457,9.35143871094e-05,-0.128360582159,9.54965407371e-06
6.582,1790081369.03,0.00124938886817,1.34074957635e-06,-0.00479722484885,-5.29085664415e-05,0.0499784401143,-1.88500369523e-06
6.602,1790081369.05,0.00124942931353,1.31328603653e-06,0.00500276551862,-5.52598168191e-05,0.0499755076956,1.0742608468e-07
6.622,1790081369.07,-0.00320912119056,-4.19382254993e-06,-0.00304651071705,9.35332218847e-05,-0.128360582141,9.54953487993e-06
6.642,1790081369.09,0.00124938886716,1.3409260578e-06,-0.00479722484902,-5.29156728626e-05,0.0499784400733,-1.88498709022e-06
6.662,1790081369.11,0.0012494293125,1.3134629109e-06,0.00500276551846,-5.52668917632e-05,0.0499755076546,1.0742564626e-07
6.682,1790081369.13,-0.00320912119074,-4.19426826811e-06,-0.00304651071953,9.35520564097e-05,-0.128360582124,9.54941568761e-06
6.702,1790081369.15,0.00124938886615,1.34110253673e-06,-0.00479722484919,-5.29227791939e-05,0.0499784400323,-1.88497047899e-06
6.722,1790081369.17,0.00124942931148,1.31363978293e-06,0.00500276551828,-5.52739666137e-05,0.0499755076136,1.07425207838e-07
6.742,1790081369.19,-0.00320912119093,-4.19471398035e-06,-0.00304651072202,9.35708906847e-05,-0.128360582106,9.54929649673e-06
6.762,1790081369.21,0.00124938886514,1.34127901173e-06,-0.00479722484937,-5.29298854273e-05,0.0499784399913,-1.88495388328e-06
6.782,1790081369.23,0.00124942931045,1.31381665267e-06,0.00500276551811,-5.52810413726e-05,0.0499755075727,1.07424769422e-07
6.802,1790081369.25,-0.00320912119111,-4.19515968687e-06,-0.0030465107245,9.35897247152e-05,-0.128360582089,9.54917730773e-06
6.822,1790081369.27,0.00124938886413,1.34145548798e-06,-0.00479722484954,-5.29369915717e-05,0.0499784399504,-1.88493728756e-06
6.842,1790081369.29,0.00124942930943,1.31399352004e-06,0.00500276551794,-5.52881160368e-05,0.0499755075317,1.07424331018e-07
6.862,1790081369.31,-0.00320912119129,-4.19560538745e-06,-0.00304651072698,9.36085584968e-05,-0.128360582072,9.54905812008e-06
6.882,1790081369.33,0.00124938886312,1.34163195917e-06,-0.00479722484971,-5.29440976194e-05,0.0499784399094,-1.88492067322e-06
6.902,1790081369.35,0.0012494293084,1.31417038504e-06,0.00500276551777,-5.52951906061e-05,0.0499755074907,1.07423892617e-07
6.922,1790081369.37,-0.00320912119148,-4.19605108218e-06,-0.00304651072946,9.36273920301e-05,-0.128360582054,9.54893893411e-06
6.942,1790081369.39,0.00124938886212,1.34180842918e-06,-0.00479722484989,-5.2951203577e-05,0.0499784398684,-1.88490408369e-06
6.962,1790081369.41,0.00124942930738,1.31434724777e-06,0.0050027655176,-5.53022650845e-05,0.0499755074497,1.07423454222e-07
6.982,1790081369.43,-0.00320912119166,-4.19649677095e-06,-0.00304651073194,9.36462253102e-05,-0.128360582037,9.54881974986e-06
7.002,1790081369.45,0.00124938886111,1.34198489563e-06,-0.00479722485006,-5.29583094386e-05,0.0499784398274,-1.88488749106e-06
7.022,1790081369.47,0.00124942930636,1.31452410813e-06,0.00500276551743,-5.53093394684e-05,0.0499755074088,1.07423015834e-07
7.042,1790081369.49,-0.00320912119184,-4.1969424539e-06,-0.00304651073442,9.36650583457e-05,-0.128360582019,9.54870056705e-06
7.062,1790081369.51,0.0012493888601,1.34216136099e-06,-0.00479722485023,-5.29654152072e-05,0.0499784397864,-1.88487089532e-06
7.082,1790081369.53,0.00124942930533,1.31470096616e-06,0.00500276551726,-5.53164137589e-05,0.0499755073678,1.07422577448e-07
7.102,1790081369.55,-0.00320912119202,-4.19738813103e-06,-0.0030465107369,9.36838911361e-05,-0.128360582002,9.54858138568e-06
7.122,1790081369.57,0.00124938885909,1.34233782244e-06,-0.0047972248504,-5.29725208768e-05,0.0499784397454,-1.88485429026e-06
7.142,1790081369.59,0.0012494293043,1.31487782188e-06,0.00500276551709,-5.53234879569e-05,0.0499755073268,1.07422139071e-07
7.162,1790081369.61,-0.00320912119221,-4.19783380229e-06,-0.00304651073939,9.37027236764e-05,-0.128360581984,9.54846220611e-06
7.182,1790081369.63,0.00124938885808,1.34251428349e-06,-0.00479722485058,-5.29796264628e-05,0.0499784397044,-1.88483768209e-06
7.202,1790081369.65,0.00124942930328,1.31505467528e-06,0.00500276551692,-5.53305620621e-05,0.0499755072858,1.07421700697e-07
7.222,1790081369.67,-0.00320912119239,-4.19827946756e-06,-0.00304651074187,9.3721555967e-05,-0.128360581967,9.54834302773e-06
7.242,1790081369.69,0.00124938885707,1.34269074224e-06,-0.00479722485075,-5.29867319483e-05,0.0499784396634,-1.88482109254e-06
7.262,1790081369.71,0.00124942930225,1.31523152633e-06,0.00500276551675,-5.53376360735e-05,0.0499755072449,1.07421262333e-07
7.282,1790081369.73,-0.00320912119257,-4.19872512707e-06,-0.00304651074435,9.37403880111e-05,-0.12836058195,9.54822385125e-06
7.302,1790081369.75,0.00124938885606,1.3428671971e-06,-0.00479722485092,-5.29938373397e-05,0.0499784396225,-1.88480448125e-06
7.322,1790081369.77,0.00124942930123,1.31540837503e-06,0.00500276551658,-5.53447099908e-05,0.0499755072039,1.07420823968e-07
7.342,1790081369.79,-0.00320912119275,-4.19917078067e-06,-0.00304651074683,9.37592198063e-05,-0.128360581932,9.54810467626e-06
7.362,1790081369.81,0.00124938885505,1.34304365078e-06,-0.0047972248511,-5.3000942639e-05,0.0499784395815,-1.88478789169e-06
7.382,1790081369.83,0.0012494293002,1.31558522143e-06,0.00500276551641,-5.53517838163e-05,0.0499755071629,1.07420385615e-07
7.402,1790081369.85,-0.00320912119293,-4.19961642828e-06,-0.00304651074932,9.37780513479e-05,-0.128360581915,9.54798550296e-06
7.422,1790081369.87,0.00124938885404,1.34322010072e-06,-0.00479722485127,-5.30080478474e-05,0.0499784395405,-1.8847712804e-06
7.442,1790081369.89,0.00124942929918,1.31576206548e-06,0.00500276551624,-5.53588575474e-05,0.0499755071219,1.07419947266e-07
7.462,1790081369.91,-0.00320912119312,-4.20006207029e-06,-0.0030465107518,9.37968826513e-05,-0.128360581897,9.54786633129e-06
7.482,1790081369.93,0.00124938885304,1.34339655074e-06,-0.00479722485144,-5.30151529585e-05,0.0499784394995,-1.8847546753e-06
7.502,1790081369.95,0.00124942929815,1.3159389072e-06,0.00500276551607,-5.53659311856e-05,0.0499755070809,1.07419508923e-07
7.522,1790081369.97,-0.0032091211933,-4.20050770607e-06,-0.00304651075428,9.38157136965e-05,-0.12836058188,9.54774716072e-06
7.542,1790081369.99,0.00124938885203,1.34357299622e-06,-0.00479722485161,-5.30222579761e-05,0.0499784394585,-1.88473809503e-06
7.562,1790081370.01,0.00124942929713,1.3161157466e-06,0.00500276551589,-5.53730047309e-05,0.04997550704,1.07419070586e-07
7.582,1790081370.03,-0.00320912119348,-4.20095333619e-06,-0.00304651075676,9.3834544499e-05,-0.128360581862,9.54762799204e-06
7.602,1790081370.05,0.00124938885102,1.34374944042e-06,-0.00479722485178,-5.30293629021e-05,0.0499784394175,-1.88472148993e-06
7.622,1790081370.07,0.0012494292961,1.31629258364e-06,0.00500276551573,-5.53800781819e-05,0.049975506999,1.07418632256e-07
7.642,1790081370.09,-0.00320912119366,-4.20139896035e-06,-0.00304651075924,9.38533750514e-05,-0.128360581845,9.54750882477e-06
7.662,1790081370.11,0.00124938885001,1.34392588323e-06,-0.00479722485196,-5.3036467735e-05,0.0499784393765,-1.88470488171e-06
7.682,1790081370.13,0.00124942929508,1.31646941838e-06,0.00500276551556,-5.53871515408e-05,0.049975506958,1.07418193928e-07
7.702,1790081370.15,-0.00320912119384,-4.20184457877e-06,-0.00304651076172,9.38722053587e-05,-0.128360581827,9.54738965933e-06
7.722,1790081370.17,0.001249388849,1.34410232117e-06,-0.00479722485213,-5.30435724654e-05,0.0499784393355,-1.88468830453e-06
7.742,1790081370.19,0.00124942929405,1.31664625077e-06,0.00500276551538,-5.53942248059e-05,0.049975506917,1.07417755608e-07
7.762,1790081370.21,-0.00320912119402,-4.2022901912e-06,-0.00304651076421,9.38910354159e-05,-0.12836058181,9.54727049511e-06
7.782,1790081370.23,0.00124938884799,1.34427875834e-06,-0.0047972248523,-5.30506771131e-05,0.0499784392945,-1.88467167768e-06
7.802,1790081370.25,0.00124942929303,1.31682308083e-06,0.00500276551522,-5.54012979776e-05,0.049975506876,1.07417317296e-07
7.822,1790081370.27,-0.0032091211942,-4.20273579775e-06,-0.00304651076669,9.39098652208e-05,-0.128360581792,9.54715133294e-06
7.842,1790081370.29,0.00124938884698,1.34445519356e-06,-0.00479722485247,-5.30577816652e-05,0.0499784392535,-1.88465508807e-06
7.862,1790081370.31,0.001249429292,1.31699990853e-06,0.00500276551505,-5.54083710547e-05,0.049975506835,1.07416878983e-07
7.882,1790081370.33,-0.00320912119439,-4.20318139845e-06,-0.00304651076917,9.39286947817e-05,-0.128360581775,9.54703217196e-06
7.902,1790081370.35,0.00124938884597,1.34463162513e-06,-0.00479722485265,-5.30648861231e-05,0.0499784392125,-1.88463849845e-06
7.922,1790081370.37,0.00124942929098,1.31717673395e-06,0.00500276551487,-5.54154440408e-05,0.0499755067941,1.07416440678e-07
7.942,1790081370.39,-0.00320912119457,-4.20362699326e-06,-0.00304651077165,9.39475240919e-05,-0.128360581757,9.54691301273e-06
7.962,1790081370.42,0.00124938884496,1.34480805495e-06,-0.00479722485282,-5.30719904819e-05,0.0499784391716,-1.88462190883e-06
7.982,1790081370.44,0.00124942928995,1.31735355701e-06,0.0050027655147,-5.54225169325e-05,0.0499755067531,1.0741600238e-07
8.002,1790081370.45,-0.00320912119475,-4.20407258223e-06,-0.00304651077413,9.39663531567e-05,-0.12836058174,9.54679385495e-06
8.022,1790081370.47,0.00124938884396,1.34498448255e-06,-0.00479722485299,-5.30790947498e-05,0.0499784391306,-1.88460529748e-06
8.042,1790081370.5,0.00124942928893,1.31753037774e-06,0.00500276551453,-5.54295897311e-05,0.0499755067121,1.07415564092e-07
8.062,1790081370.52,-0.00320912119493,-4.20451816528e-06,-0.00304651077661,9.39851819706e-05,-0.128360581722,9.54667469881e-06
8.082,1790081370.54,0.00124938884294,1.34516090791e-06,-0.00479722485317,-5.30861989227e-05,0.0499784390896,-1.88458870474e-06
8.102,1790081370.56,0.0012494292879,1.31770719616e-06,0.00500276551436,-5.54366624373e-05,0.0499755066711,1.07415125805e-07
8.122,1790081370.58,-0.00320912119511,-4.20496374258e-06,-0.0030465107791,9.40040105424e-05,-0.128360581705,9.54655554408e-06
8.142,1790081370.6,0.00124938884194,1.34533733226e-06,-0.00479722485334,-5.30933030133e-05,0.0499784390486,-1.88457210579e-06
8.162,1790081370.62,0.00124942928688,1.31788401224e-06,0.00500276551419,-5.54437350499e-05,0.0499755066301,1.07414687527e-07
8.182,1790081370.64,-0.00320912119529,-4.20540931385e-06,-0.00304651078158,9.40228388603e-05,-0.128360581687,9.54643639091e-06
8.202,1790081370.66,0.00124938884093,1.34551375332e-06,-0.00479722485351,-5.31004070008e-05,0.0499784390076,-1.88455550683e-06
8.222,1790081370.68,0.00124942928585,1.31806082601e-06,0.00500276551402,-5.54508075698e-05,0.0499755065891,1.07414249251e-07
8.242,1790081370.7,-0.00320912119547,-4.20585487929e-06,-0.00304651078406,9.4041666931e-05,-0.12836058167,9.54631723934e-06
8.262,1790081370.72,0.00124938883992,1.34569017086e-06,-0.00479722485368,-5.31075108927e-05,0.0499784389666,-1.88453890476e-06
8.282,1790081370.74,0.00124942928483,1.31823763741e-06,0.00500276551385,-5.54578799954e-05,0.0499755065482,1.07413810983e-07
8.302,1790081370.76,-0.00320912119565,-4.20630043904e-06,-0.00304651078654,9.40604947601e-05,-0.128360581652,9.54619808945e-06
8.322,1790081370.78,0.00124938883891,1.34586658826e-06,-0.00479722485386,-5.31146146967e-05,0.0499784389256,-1.88452231201e-06
8.342,1790081370.8,0.0012494292838,1.3184144465e-06,0.00500276551368,-5.54649523284e-05,0.0499755065072,1.07413372718e-07
8.362,1790081370.82,-0.00320912119583,-4.20674599265e-06,-0.00304651078902,9.40793223286e-05,-0.128360581635,9.54607894129e-06
8.382,1790081370.84,0.0012493888379,1.34604300095e-06,-0.00479722485403,-5.31217184003e-05,0.0499784388846,-1.88450572234e-06
8.402,1790081370.86,0.00124942928277,1.31859125322e-06,0.00500276551351,-5.54720245664e-05,0.0499755064662,1.07412934467e-07
8.422,1790081370.88,-0.00320912119602,-4.20719154054e-06,-0.0030465107915,9.40981496581e-05,-0.128360581617,9.54595979441e-06
8.442,1790081370.9,0.00124938883689,1.34621941249e-06,-0.0047972248542,-5.31288220148e-05,0.0499784388436,-1.88448912026e-06
8.462,1790081370.92,0.00124942928175,1.31876805764e-06,0.00500276551334,-5.54790967123e-05,0.0499755064252,1.07412496211e-07
8.482,1790081370.94,-0.0032091211962,-4.20763708243e-06,-0.00304651079398,9.41169767346e-05,-0.1283605816,9.54584064903e-06
8.502,1790081370.96,0.00124938883588,1.3463958217e-06,-0.00479722485437,-5.31359255358e-05,0.0499784388026,-1.88447253058e-06
8.522,1790081370.98,0.00124942928072,1.31894485972e-06,0.00500276551317,-5.54861687651e-05,0.0499755063842,1.07412057966e-07
8.542,1790081371,-0.00320912119638,-4.20808261846e-06,-0.00304651079647,9.4135803562e-05,-0.128360581582,9.5457215054e-06
8.562,1790081371.02,0.00124938883487,1.34657222817e-06,-0.00479722485454,-5.3143028959e-05,0.0499784387616,-1.8844559409e-06
8.582,1790081371.04,0.0012494292797,1.31912165948e-06,0.005002765513,-5.54932407247e-05,0.0499755063432,1.0741161973e-07
8.602,1790081371.06,-0.00320912119656,-4.20852814862e-06,-0.00304651079895,9.41546301403e-05,-0.128360581565,9.54560236344e-06
8.622,1790081371.08,0.00124938883387,1.34674863372e-06,-0.00479722485472,-5.31501322936e-05,0.0499784387206,-1.88443935432e-06
8.642,1790081371.1,0.00124942927867,1.31929845691e-06,0.00500276551283,-5.55003125911e-05,0.0499755063022,1.07411181497e-07
8.662,1790081371.12,-0.00320912119674,-4.20897367304e-06,-0.00304651080143,9.41734564764e-05,-0.128360581547,9.54548322301e-06
8.682,1790081371.14,0.00124938883286,1.34692503578e-06,-0.00479722485489,-5.31572355344e-05,0.0499784386796,-1.88442275842e-06
8.702,1790081371.16,0.00124942927765,1.31947525201e-06,0.00500276551266,-5.55073843644e-05,0.0499755062612,1.07410743265e-07
8.722,1790081371.18,-0.00320912119692,-4.20941919138e-06,-0.00304651080391,9.41922825588e-05,-0.12836058153,9.54536408374e-06
8.742,1790081371.2,0.00124938883185,1.3471014358e-06,-0.00479722485506,-5.31643386788e-05,0.0499784386386,-1.88440615941e-06
8.762,1790081371.22,0.00124942927662,1.31965204478e-06,0.00500276551249,-5.55144560444e-05,0.0499755062202,1.07410305041e-07
8.782,1790081371.24,-0.0032091211971,-4.20986470406e-06,-0.00304651080639,9.42111083973e-05,-0.128360581512,9.5452449466e-06
8.802,1790081371.26,0.00124938883084,1.34727783298e-06,-0.00479722485523,-5.31714417304e-05,0.0499784385976,-1.88438956039e-06
8.822,1790081371.28,0.0012494292756,1.31982883519e-06,0.00500276551232,-5.55215276305e-05,0.0499755061792,1.07409866827e-07
8.842,1790081371.3,-0.00320912119728,-4.2103102108e-06,-0.00304651080887,9.4229933987e-05,-0.128360581495,9.54512581082e-06
8.862,1790081371.32,0.00124938882983,1.34745422765e-06,-0.00479722485541,-5.31785446874e-05,0.0499784385566,-1.88437296758e-06
8.882,1790081371.34,0.00124942927457,1.32000562331e-06,0.00500276551215,-5.55285991244e-05,0.0499755061383,1.07409428615e-07
8.902,1790081371.36,-0.00320912119746,-4.21075571161e-06,-0.00304651081135,9.4248759326e-05,-0.128360581477,9.54500667659e-06
8.922,1790081371.38,0.00124938882882,1.34763061935e-06,-0.00479722485558,-5.31856475461e-05,0.0499784385156,-1.88435637166e-06
8.942,1790081371.4,0.00124942927355,1.32018240906e-06,0.00500276551198,-5.55356705239e-05,0.0499755060973,1.07408990412e-07
8.962,1790081371.42,-0.00320912119764,-4.2112012066e-06,-0.00304651081383,9.42675844198e-05,-0.12836058146,9.54488754383e-06
8.982,1790081371.44,0.00124938882781,1.34780700972e-06,-0.00479722485575,-5.31927503196e-05,0.0499784384746,-1.88433978193e-06
9.002,1790081371.46,0.00124942927252,1.32035919251e-06,0.00500276551181,-5.55427418312e-05,0.0499755060563,1.0740855221e-07
9.022,1790081371.48,-0.00320912119782,-4.21164669559e-06,-0.00304651081631,9.42864092603e-05,-0.128360581442,9.54476841264e-06
9.042,1790081371.5,0.0012493888268,1.34798339875e-06,-0.00479722485593,-5.31998529969e-05,0.0499784384336,-1.88432317979e-06
9.062,1790081371.52,0.00124942927149,1.32053597363e-06,0.00500276551164,-5.55498130451e-05,0.0499755060153,1.07408114021e-07
9.082,1790081371.54,-0.003209121198,-4.21209217888e-06,-0.0030465108188,9.43052338586e-05,-0.128360581425,9.54464928318e-06
9.102,1790081371.56,0.00124938882579,1.34815978445e-06,-0.0047972248561,-5.32069555785e-05,0.0499784383926,-1.88430659626e-06
9.122,1790081371.58,0.00124942927047,1.3207127524e-06,0.00500276551147,-5.55568841653e-05,0.0499755059743,1.07407675832e-07
9.142,1790081371.6,-0.00320912119818,-4.21253765626e-06,-0.00304651082127,9.4324058207e-05,-0.128360581407,9.54453015525e-06
9.162,1790081371.62,0.00124938882478,1.34833616923e-06,-0.00479722485627,-5.32140580711e-05,0.0499784383516,-1.88428999722e-06
9.182,1790081371.64,0.00124942926944,1.32088952882e-06,0.0050027655113,-5.55639551914e-05,0.0499755059333,1.07407237652e-07
9.202,1790081371.66,-0.00320912119836,-4.21298312773e-06,-0.00304651082376,9.43428823065e-05,-0.128360581389,9.5444110288e-06
9.222,1790081371.68,0.00124938882377,1.34851255009e-06,-0.00479722485644,-5.32211604696e-05,0.0499784383106,-1.88427340436e-06
9.242,1790081371.7,0.00124942926842,1.32106630296e-06,0.00500276551113,-5.55710261264e-05,0.0499755058923,1.07406799476e-07
9.262,1790081371.72,-0.00320912119854,-4.21342859323e-06,-0.00304651082624,9.43617061543e-05,-0.128360581372,9.54429190393e-06
9.282,1790081371.74,0.00124938882276,1.34868892743e-06,-0.00479722485662,-5.32282627673e-05,0.0499784382696,-1.88425680841e-06
9.302,1790081371.76,0.00124942926739,1.32124307476e-06,0.00500276551096,-5.55780969679e-05,0.0499755058513,1.07406361302e-07
9.322,1790081371.78,-0.00320912119872,-4.21387405288e-06,-0.00304651082872,9.43805297556e-05,-0.128360581354,9.54417278052e-06
9.342,1790081371.8,0.00124938882175,1.3488653048e-06,-0.00479722485679,-5.32353649769e-05,0.0499784382285,-1.88424020934e-06
9.362,1790081371.82,0.00124942926637,1.3214198442e-06,0.00500276551079,-5.55851677145e-05,0.0499755058103,1.07405923137e-07
9.382,1790081371.84,-0.0032091211989,-4.21431950692e-06,-0.0030465108312,9.43993531169e-05,-0.128360581337,9.54405365894e-06
9.402,1790081371.86,0.00124938882074,1.34904167885e-06,-0.00479722485696,-5.32424670905e-05,0.0499784381875,-1.88422363199e-06
9.422,1790081371.88,0.00124942926534,1.3215966113e-06,0.00500276551062,-5.5592238368e-05,0.0499755057693,1.07405484979e-07
9.442,1790081371.9,-0.00320912119908,-4.21476495477e-06,-0.00304651083368,9.44181762189e-05,-0.128360581319,9.54393453876e-06
9.462,1790081371.92,0.00124938881974,1.34921805059e-06,-0.00479722485713,-5.32495691136e-05,0.0499784381466,-1.8842070236e-06
9.482,1790081371.94,0.00124942926432,1.32177337612e-06,0.00500276551045,-5.55993089303e-05,0.0499755057283,1.07405046828e-07
9.502,1790081371.96,-0.00320912119925,-4.21521039699e-06,-0.00304651083616,9.4436999082e-05,-0.128360581302,9.54381542019e-06
9.522,1790081371.98,0.00124938881872,1.34939442039e-06,-0.0047972248573,-5.32566710407e-05,0.0499784381055,-1.88419043693e-06
9.542,1790081372,0.00124942926329,1.32195013858e-06,0.00500276551028,-5.56063793979e-05,0.0499755056873,1.0740460868e-07
9.562,1790081372.02,-0.00320912119943,-4.21565583317e-06,-0.00304651083864,9.44558216901e-05,-0.128360581284,9.54369630318e-06
9.582,1790081372.04,0.00124938881772,1.34957078686e-06,-0.00479722485748,-5.32637728754e-05,0.0499784380645,-1.88417385025e-06
9.602,1790081372.06,0.00124942926226,1.3221268987e-06,0.00500276551011,-5.56134497718e-05,0.0499755056463,1.07404170537e-07
9.622,1790081372.08,-0.00320912119961,-4.21610126358e-06,-0.00304651084112,9.44746440544e-05,-0.128360581267,9.54357718772e-06
9.642,1790081372.1,0.00124938881671,1.34974715239e-06,-0.00479722485765,-5.3270874617e-05,0.0499784380235,-1.88415726357e-06
9.662,1790081372.12,0.00124942926124,1.3223036565e-06,0.00500276550994,-5.5620520053e-05,0.0499755056053,1.07403732403e-07
9.682,1790081372.14,-0.00320912119979,-4.216546688e-06,-0.0030465108436,9.44934661653e-05,-0.128360581249,9.54345807394e-06
9.702,1790081372.16,0.0012493888157,1.34992351603e-06,-0.00479722485782,-5.32779762696e-05,0.0499784379825,-1.88414067377e-06
9.722,1790081372.18,0.00124942926021,1.32248041199e-06,0.00500276550977,-5.56275902423e-05,0.0499755055643,1.07403294275e-07
9.742,1790081372.2,-0.00320912119997,-4.21699210653e-06,-0.00304651084608,9.45122880278e-05,-0.128360581231,9.54333896162e-06
9.762,1790081372.22,0.00124938881469,1.35009987471e-06,-0.00479722485799,-5.3285077814e-05,0.0499784379415,-1.88412408708e-06
9.782,1790081372.24,0.00124942925919,1.32265716511e-06,0.0050027655096,-5.56346603364e-05,0.0499755055233,1.07402856152e-07
9.802,1790081372.26,-0.00320912120015,-4.21743751932e-06,-0.00304651084857,9.45311096487e-05,-0.128360581214,9.54321985077e-06
9.822,1790081372.28,0.00124938881368,1.35027623365e-06,-0.00479722485816,-5.32921792788e-05,0.0499784379005,-1.88410748486e-06
9.842,1790081372.3,0.00124942925816,1.32283391591e-06,0.00500276550943,-5.56417303376e-05,0.0499755054823,1.07402418028e-07
9.862,1790081372.32,-0.00320912120033,-4.21788292622e-06,-0.00304651085105,9.45499310188e-05,-0.128360581196,9.54310074166e-06
9.882,1790081372.34,0.00124938881267,1.35045258927e-06,-0.00479722485834,-5.32992806444e-05,0.0499784378595,-1.88409090747e-06
9.902,1790081372.36,0.00124942925714,1.32301066439e-06,0.00500276550926,-5.56488002463e-05,0.0499755054413,1.07401979916e-07
9.922,1790081372.38,-0.00320912120051,-4.21832832721e-06,-0.00304651085353,9.45687521403e-05,-0.128360581179,9.54298163401e-06
9.942,1790081372.4,0.00124938881166,1.3506289426e-06,-0.00479722485851,-5.33063819135e-05,0.0499784378185,-1.88407430834e-06
9.962,1790081372.42,0.00124942925611,1.32318741055e-06,0.00500276550909,-5.56558700618e-05,0.0499755054003,1.07401541808e-07
9.982,1790081372.44,-0.00320912120069,-4.21877372248e-06,-0.00304651085601,9.45875730194e-05,-0.128360581161,9.54286252798e-06
10.002,1790081372.46,0.00124938881065,1.35080529333e-06,-0.00479722485868,-5.3313483093e-05,0.0499784377774,-1.88405771231e-06
10.022,1790081372.48,0.00124942925508,1.32336415438e-06,0.00500276550892,-5.56629397844e-05,0.0499755053593,1.07401103708e-07
10.042,1790081372.5,-0.00320912120086,-4.21921911172e-06,-0.00304651085849,9.46063936455e-05,-0.128360581144,9.54274342338e-06
10.062,1790081372.52,0.00124938880964,1.35098164216e-06,-0.00479722485885,-5.33205841765e-05,0.0499784377364,-1.88404113179e-06
10.082,1790081372.54,0.00124942925406,1.32354089585e-06,0.00500276550875,-5.56700094126e-05,0.0499755053183,1.07400665613e-07
10.102,1790081372.56,-0.00320912120104,-4.21966449499e-06,-0.00304651086097,9.46252140174e-05,-0.128360581126,9.54262432058e-06
10.122,1790081372.58,0.00124938880863,1.35115798828e-06,-0.00479722485902,-5.3327685168e-05,0.0499784376954,-1.88402453886e-06
10.142,1790081372.6,0.00124942925303,1.32371763503e-06,0.00500276550858,-5.56770789489e-05,0.0499755052773,1.07400227522e-07
10.162,1790081372.62,-0.00320912120122,-4.22010987246e-06,-0.00304651086345,9.46440341464e-05,-0.128360581108,9.54250521902e-06
10.182,1790081372.64,0.00124938880762,1.35133433307e-06,-0.0047972248592,-5.33347860689e-05,0.0499784376544,-1.88400796454e-06
10.202,1790081372.66,0.00124942925201,1.32389437185e-06,0.00500276550841,-5.56841483913e-05,0.0499755052363,1.07399789442e-07
10.222,1790081372.68,-0.0032091212014,-4.22055524411e-06,-0.00304651086593,9.46628540284e-05,-0.128360581091,9.54238611922e-06
10.242,1790081372.7,0.00124938880661,1.3515106741e-06,-0.00479722485937,-5.33418868719e-05,0.0499784376134,-1.88399136848e-06
10.262,1790081372.72,0.00124942925098,1.32407110633e-06,0.00500276550823,-5.56912177397e-05,0.0499755051953,1.07399351366e-07
10.282,1790081372.74,-0.00320912120158,-4.22100061001e-06,-0.00304651086841,9.46816736651e-05,-0.128360581073,9.54226702117e-06
10.302,1790081372.76,0.0012493888056,1.3516870138e-06,-0.00479722485954,-5.33489875825e-05,0.0499784375724,-1.88397476932e-06
10.322,1790081372.78,0.00124942924996,1.3242478385e-06,0.00500276550807,-5.56982869958e-05,0.0499755051543,1.07398913289e-07
10.342,1790081372.8,-0.00320912120176,-4.22144596986e-06,-0.00304651087089,9.47004930482e-05,-0.128360581056,9.54214792452e-06
10.362,1790081372.82,0.00124938880459,1.35186335139e-06,-0.00479722485971,-5.33560881996e-05,0.0499784375314,-1.88395819188e-06
10.382,1790081372.84,0.00124942924893,1.32442456834e-06,0.0050027655079,-5.57053561588e-05,0.0499755051133,1.07398475226e-07
10.402,1790081372.86,-0.00320912120194,-4.22189132383e-06,-0.00304651087337,9.47193121835e-05,-0.128360581038,9.54202882932e-06
10.422,1790081372.88,0.00124938880358,1.35203968566e-06,-0.00479722485989,-5.33631887228e-05,0.0499784374903,-1.88394160823e-06
10.442,1790081372.9,0.0012494292479,1.32460129586e-06,0.00500276550773,-5.57124252288e-05,0.0499755050723,1.07398037169e-07
10.462,1790081372.92,-0.00320912120211,-4.22233667199e-06,-0.00304651087585,9.4738131071e-05,-0.12836058102,9.54190973598e-06
10.482,1790081372.94,0.00124938880258,1.35221601798e-06,-0.00479722486006,-5.33702891515e-05,0.0499784374493,-1.88392501215e-06
10.502,1790081372.96,0.00124942924688,1.32477802101e-06,0.00500276550756,-5.57194942042e-05,0.0499755050313,1.07397599112e-07
10.522,1790081372.98,-0.00320912120229,-4.22278201428e-06,-0.00304651087833,9.47569497128e-05,-0.128360581003,9.54179064391e-06
10.542,1790081373,0.00124938880157,1.35239234857e-06,-0.00479722486023,-5.33773894919e-05,0.0499784374083,-1.88390842848e-06
10.562,1790081373.02,0.00124942924585,1.32495474387e-06,0.00500276550739,-5.57265630879e-05,0.0499755049903,1.07397161062e-07
10.582,1790081373.04,-0.00320912120247,-4.22322735067e-06,-0.00304651088081,9.47757681049e-05,-0.128360580985,9.54167155349e-06
10.602,1790081373.06,0.00124938880056,1.35256867546e-06,-0.0047972248604,-5.33844897317e-05,0.0499784373673,-1.88389182308e-06
10.622,1790081373.08,0.00124942924483,1.32513146439e-06,0.00500276550722,-5.5733631878e-05,0.0499755049493,1.0739672302e-07
10.642,1790081373.1,-0.00320912120265,-4.22367268109e-06,-0.00304651088329,9.47945862445e-05,-0.128360580968,9.5415524647e-06
10.662,1790081373.12,0.00124938879955,1.35274500062e-06,-0.00479722486057,-5.33915898781e-05,0.0499784373263,-1.88387525182e-06
10.682,1790081373.14,0.0012494292438,1.32530818255e-06,0.00500276550705,-5.57407005737e-05,0.0499755049082,1.07396284978e-07
10.702,1790081373.16,-0.00320912120282,-4.22411800581e-06,-0.00304651088577,9.48134041423e-05,-0.12836058095,9.54143337751e-06
10.722,1790081373.18,0.00124938879854,1.3529213232e-06,-0.00479722486075,-5.33986899353e-05,0.0499784372853,-1.88385866503e-06
10.742,1790081373.2,0.00124942924278,1.32548489841e-06,0.00500276550688,-5.57477691776e-05,0.0499755048672,1.07395846948e-07
10.762,1790081373.22,-0.003209121203,-4.22456332456e-06,-0.00304651088825,9.48322217891e-05,-0.128360580932,9.54131429174e-06
10.782,1790081373.24,0.00124938879753,1.3530976447e-06,-0.00479722486092,-5.34057898949e-05,0.0499784372442,-1.88384206893e-06
10.802,1790081373.26,0.00124942924175,1.32566161195e-06,0.00500276550671,-5.57548376882e-05,0.0499755048262,1.07395408923e-07
10.822,1790081373.28,-0.00320912120318,-4.2250086375e-06,-0.00304651089073,9.48510391895e-05,-0.128360580915,9.54119520767e-06
10.842,1790081373.3,0.00124938879652,1.35327396244e-06,-0.00479722486109,-5.34128897657e-05,0.0499784372032,-1.88382547902e-06
10.862,1790081373.32,0.00124942924072,1.32583832316e-06,0.00500276550654,-5.57619061061e-05,0.0499755047852,1.07394970902e-07
10.882,1790081373.34,-0.00320912120336,-4.22545394456e-06,-0.00304651089321,9.48698563434e-05,-0.128360580897,9.54107612492e-06
10.902,1790081373.36,0.00124938879551,1.35345027846e-06,-0.00479722486126,-5.34199895359e-05,0.0499784371622,-1.88380891084e-06
10.922,1790081373.38,0.0012494292397,1.32601503201e-06,0.00500276550637,-5.57689744292e-05,0.0499755047442,1.07394532886e-07
10.942,1790081373.4,-0.00320912120353,-4.22589924573e-06,-0.00304651089569,9.48886732463e-05,-0.128360580879,9.54095704399e-06
10.962,1790081373.42,0.0012493887945,1.35362659236e-06,-0.00479722486144,-5.34270892186e-05,0.0499784371212,-1.8837923023e-06
10.982,1790081373.44,0.00124942923867,1.32619173856e-06,0.0050027655062,-5.57760426608e-05,0.0499755047032,1.07394094878e-07
11.002,1790081373.46,-0.00320912120371,-4.22634454095e-06,-0.00304651089817,9.49074898981e-05,-0.128360580862,9.54083796463e-06
11.022,1790081373.48,0.00124938879349,1.35380290451e-06,-0.00479722486161,-5.3434188809e-05,0.0499784370802,-1.88377572479e-06
11.042,1790081373.5,0.00124942923765,1.32636844277e-06,0.00500276550603,-5.57831107983e-05,0.0499755046622,1.07393656874e-07
11.062,1790081373.52,-0.00320912120389,-4.22678983048e-06,-0.00304651090065,9.49263063102e-05,-0.128360580844,9.54071888668e-06
11.082,1790081373.54,0.00124938879248,1.35397921294e-06,-0.00479722486178,-5.34412882979e-05,0.0499784370391,-1.88375914107e-06
11.102,1790081373.56,0.00124942923662,1.32654514464e-06,0.00500276550586,-5.57901788426e-05,0.0499755046212,1.07393218877e-07
11.122,1790081373.58,-0.00320912120407,-4.22723511398e-06,-0.00304651090313,9.49451224679e-05,-0.128360580827,9.54059981031e-06
11.142,1790081373.6,0.00124938879147,1.35415551966e-06,-0.00479722486195,-5.34483876972e-05,0.0499784369981,-1.88374255425e-06
11.162,1790081373.62,0.00124942923559,1.32672184417e-06,0.00500276550569,-5.57972467933e-05,0.0499755045802,1.07392780884e-07
11.182,1790081373.64,-0.00320912120424,-4.22768039159e-06,-0.00304651090561,9.49639383757e-05,-0.128360580809,9.54048073562e-06
11.202,1790081373.66,0.00124938879046,1.35433182464e-06,-0.00479722486212,-5.34554870069e-05,0.0499784369571,-1.88372597983e-06
11.222,1790081373.68,0.00124942923457,1.32689854139e-06,0.00500276550552,-5.58043146514e-05,0.0499755045391,1.07392342896e-07
11.242,1790081373.7,-0.00320912120442,-4.22812566356e-06,-0.0030465109081,9.49827540444e-05,-0.128360580791,9.54036166252e-06
11.262,1790081373.72,0.00124938878945,1.35450812589e-06,-0.00479722486229,-5.34625862173e-05,0.0499784369161,-1.88370938057e-06
11.282,1790081373.74,0.00124942923354,1.32707523628e-06,0.00500276550535,-5.5811382416e-05,0.0499755044981,1.07391904921e-07
11.302,1790081373.76,-0.0032091212046,-4.22857092949e-06,-0.00304651091058,9.50015694584e-05,-0.128360580774,9.54024259096e-06
11.322,1790081373.78,0.00124938878844,1.3546844266e-06,-0.00479722486247,-5.34696853376e-05,0.049978436875,-1.88369279372e-06
11.342,1790081373.8,0.00124942923252,1.32725192883e-06,0.00500276550518,-5.58184500875e-05,0.0499755044571,1.07391466942e-07
11.362,1790081373.82,-0.00320912120477,-4.22901618945e-06,-0.00304651091306,9.50203846217e-05,-0.128360580756,9.54012352084e-06
11.382,1790081373.84,0.00124938878743,1.3548607238e-06,-0.00479722486264,-5.34767843637e-05,0.049978436834,-1.88367620376e-06
11.402,1790081373.86,0.00124942923149,1.32742861906e-06,0.00500276550501,-5.5825517666e-05,0.0499755044161,1.07391028978e-07
11.422,1790081373.88,-0.00320912120495,-4.22946144379e-06,-0.00304651091554,9.50391995447e-05,-0.128360580738,9.54000445252e-06
11.442,1790081373.9,0.00124938878642,1.35503701946e-06,-0.00479722486281,-5.34838832986e-05,0.049978436793,-1.88365962622e-06
11.462,1790081373.92,0.00124942923046,1.32760530697e-06,0.00500276550484,-5.58325851516e-05,0.0499755043751,1.07390591018e-07
11.482,1790081373.94,-0.00320912120513,-4.22990669214e-06,-0.00304651091802,9.50580142168e-05,-0.128360580721,9.53988538557e-06
11.502,1790081373.96,0.00124938878541,1.35521331142e-06,-0.00479722486298,-5.34909821325e-05,0.0499784367519,-1.88364303625e-06
11.522,1790081373.98,0.00124942922944,1.32778199251e-06,0.00500276550467,-5.58396525426e-05,0.0499755043341,1.07390153057e-07
11.542,1790081374,-0.0032091212053,-4.23035193452e-06,-0.0030465109205,9.50768286361e-05,-0.128360580703,9.53976632026e-06
11.562,1790081374.02,0.0012493887844,1.35538960281e-06,-0.00479722486315,-5.34980808766e-05,0.0499784367109,-1.883626468e-06
11.582,1790081374.04,0.00124942922841,1.32795867579e-06,0.0050027655045,-5.5846719843e-05,0.0499755042931,1.07389715108e-07
11.602,1790081374.06,-0.00320912120548,-4.23079717108e-06,-0.00304651092298,9.50956428109e-05,-0.128360580685,9.53964725633e-06
11.622,1790081374.08,0.00124938878339,1.35556589048e-06,-0.00479722486333,-5.35051795258e-05,0.0499784366699,-1.88360987802e-06
11.642,1790081374.1,0.00124942922739,1.32813535668e-06,0.00500276550433,-5.5853787048e-05,0.049975504252,1.07389277165e-07
11.662,1790081374.12,-0.00320912120566,-4.23124240181e-06,-0.00304651092546,9.51144567361e-05,-0.128360580668,9.53952819434e-06
11.682,1790081374.14,0.00124938878238,1.35574217644e-06,-0.0047972248635,-5.35122780858e-05,0.0499784366289,-1.88359328493e-06
11.702,1790081374.16,0.00124942922636,1.32831203525e-06,0.00500276550416,-5.58608541603e-05,0.049975504211,1.07388839222e-07
11.722,1790081374.18,-0.00320912120583,-4.23168762667e-06,-0.00304651092793,9.51332704158e-05,-0.12836058065,9.53940913364e-06
11.742,1790081374.2,0.00124938878137,1.35591845988e-06,-0.00479722486367,-5.35193765473e-05,0.0499784365879,-1.88357672287e-06
11.762,1790081374.22,0.00124942922533,1.32848871151e-06,0.00500276550399,-5.58679211799e-05,0.04997550417,1.07388401287e-07
11.782,1790081374.24,-0.00320912120601,-4.23213284565e-06,-0.00304651093042,9.51520838466e-05,-0.128360580632,9.53929007454e-06
11.802,1790081374.26,0.00124938878036,1.35609474098e-06,-0.00479722486384,-5.35264749174e-05,0.0499784365468,-1.88356012667e-06
11.822,1790081374.28,0.00124942922431,1.32866538542e-06,0.00500276550382,-5.58749881058e-05,0.049975504129,1.07387963361e-07
11.842,1790081374.3,-0.00320912120618,-4.23257805877e-06,-0.0030465109329,9.51708970302e-05,-0.128360580615,9.53917101697e-06
11.862,1790081374.32,0.00124938877935,1.35627101973e-06,-0.00479722486401,-5.35335731944e-05,0.0499784365058,-1.88354353356e-06
11.882,1790081374.34,0.00124942922328,1.32884205702e-06,0.00500276550365,-5.58820549391e-05,0.049975504088,1.07387525439e-07
11.902,1790081374.36,-0.00320912120636,-4.23302326608e-06,-0.00304651093538,9.51897099655e-05,-0.128360580597,9.53905196125e-06
11.922,1790081374.38,0.00124938877834,1.35644729793e-06,-0.00479722486418,-5.35406713831e-05,0.0499784364648,-1.88352696838e-06
11.942,1790081374.4,0.00124942922225,1.32901872628e-06,0.00500276550348,-5.58891216786e-05,0.0499755040469,1.07387087521e-07
11.962,1790081374.42,-0.00320912120654,-4.23346846747e-06,-0.00304651093786,9.52085226537e-05,-0.128360580579,9.53893290677e-06
11.982,1790081374.44,0.00124938877733,1.35662357245e-06,-0.00479722486436,-5.35477694746e-05,0.0499784364237,-1.88351036596e-06
12.002,1790081374.46,0.00124942922123,1.32919539322e-06,0.00500276550331,-5.58961883257e-05,0.0499755040059,1.07386649612e-07
12.022,1790081374.48,-0.00320912120671,-4.23391366297e-06,-0.00304651094034,9.52273350918e-05,-0.128360580562,9.53881385401e-06
12.042,1790081374.5,0.00124938877632,1.35679984303e-06,-0.00479722486453,-5.35548674665e-05,0.0499784363827,-1.88349380386e-06
12.062,1790081374.52,0.0012494292202,1.32937205782e-06,0.00500276550314,-5.59032548791e-05,0.0499755039649,1.07386211708e-07
12.082,1790081374.54,-0.00320912120689,-4.23435885259e-06,-0.00304651094282,9.5246147283e-05,-0.128360580544,9.53869480258e-06
12.102,1790081374.56,0.00124938877531,1.35697611269e-06,-0.0047972248647,-5.35619653659e-05,0.0499784363417,-1.88347721694e-06
12.122,1790081374.58,0.00124942921918,1.32954872009e-06,0.00500276550298,-5.59103213391e-05,0.0499755039239,1.07385773809e-07
12.142,1790081374.6,-0.00320912120706,-4.23480403637e-06,-0.0030465109453,9.5264959225e-05,-0.128360580526,9.53857575306e-06
12.162,1790081374.62,0.0012493887743,1.3571523812e-06,-0.00479722486487,-5.35690631782e-05,0.0499784363006,-1.88346063001e-06
12.182,1790081374.64,0.00124942921815,1.32972538005e-06,0.0050027655028,-5.59173877067e-05,0.0499755038829,1.07385335914e-07
12.202,1790081374.66,-0.00320912120724,-4.23524921439e-06,-0.00304651094778,9.52837709227e-05,-0.128360580509,9.53845670515e-06
12.222,1790081374.68,0.00124938877329,1.35732864558e-06,-0.00479722486504,-5.35761608927e-05,0.0499784362596,-1.88344404928e-06
12.242,1790081374.7,0.00124942921712,1.32990203763e-06,0.00500276550263,-5.59244539794e-05,0.0499755038419,1.07384898026e-07
12.262,1790081374.72,-0.00320912120742,-4.23569438627e-06,-0.00304651095026,9.53025823646e-05,-0.128360580491,9.53833765846e-06
12.282,1790081374.74,0.00124938877228,1.35750490767e-06,-0.00479722486521,-5.35832585133e-05,0.0499784362186,-1.88342746234e-06
12.302,1790081374.76,0.0012494292161,1.33007869294e-06,0.00500276550247,-5.5931520161e-05,0.0499755038008,1.07384460149e-07
12.322,1790081374.78,-0.00320912120759,-4.23613955254e-06,-0.00304651095274,9.5321393568e-05,-0.128360580473,9.53821861345e-06
12.342,1790081374.8,0.00124938877127,1.35768116817e-06,-0.00479722486539,-5.35903560408e-05,0.0499784361775,-1.88341088471e-06
12.362,1790081374.82,0.00124942921507,1.33025534591e-06,0.0050027655023,-5.59385862492e-05,0.0499755037598,1.07384022267e-07
12.382,1790081374.84,-0.00320912120777,-4.23658471279e-06,-0.00304651095521,9.53402045173e-05,-0.128360580456,9.53809957001e-06
12.402,1790081374.86,0.00124938877026,1.35785742679e-06,-0.00479722486556,-5.35974534732e-05,0.0499784361365,-1.88339430086e-06
12.422,1790081374.88,0.00124942921404,1.33043199651e-06,0.00500276550213,-5.59456522424e-05,0.0499755037188,1.07383584401e-07
12.442,1790081374.9,-0.00320912120794,-4.2370298672e-06,-0.0030465109577,9.53590152186e-05,-0.128360580438,9.53798052827e-06
12.462,1790081374.92,0.00124938876925,1.35803368211e-06,-0.00479722486573,-5.36045508207e-05,0.0499784360955,-1.88337772632e-06
12.482,1790081374.94,0.00124942921302,1.3306086448e-06,0.00500276550196,-5.59527181435e-05,0.0499755036777,1.07383146533e-07
12.502,1790081374.96,-0.00320912120812,-4.23747501566e-06,-0.00304651096018,9.53778256703e-05,-0.12836058042,9.53786148792e-06
12.522,1790081374.98,0.00124938876824,1.35820993526e-06,-0.0047972248659,-5.36116480639e-05,0.0499784360545,-1.88336115177e-06
12.542,1790081375,0.00124942921199,1.33078529075e-06,0.00500276550179,-5.59597839507e-05,0.0499755036367,1.07382708677e-07
12.562,1790081375.02,-0.00320912120829,-4.23792015853e-06,-0.00304651096265,9.53966358844e-05,-0.128360580403,9.53774244918e-06
12.582,1790081375.04,0.00124938876723,1.35838618626e-06,-0.00479722486607,-5.36187452186e-05,0.0499784360134,-1.88334455549e-06
12.602,1790081375.06,0.00124942921097,1.33096193442e-06,0.00500276550162,-5.59668496668e-05,0.0499755035957,1.0738227082e-07
12.622,1790081375.08,-0.00320912120847,-4.23836529525e-06,-0.00304651096514,9.54154458396e-05,-0.128360580385,9.53762341199e-06
12.642,1790081375.1,0.00124938876622,1.35856243515e-06,-0.00479722486624,-5.36258422817e-05,0.0499784359724,-1.88332798093e-06
12.662,1790081375.12,0.00124942920994,1.33113857575e-06,0.00500276550145,-5.59739152895e-05,0.0499755035547,1.07381832971e-07
12.682,1790081375.14,-0.00320912120864,-4.23881042607e-06,-0.00304651096761,9.54342555451e-05,-0.128360580367,9.53750437644e-06
12.702,1790081375.16,0.00124938876521,1.35873868112e-06,-0.00479722486642,-5.36329392453e-05,0.0499784359314,-1.88331140636e-06
12.722,1790081375.18,0.00124942920891,1.33131521471e-06,0.00500276550128,-5.59809808172e-05,0.0499755035136,1.07381395133e-07
12.742,1790081375.2,-0.00320912120882,-4.23925555119e-06,-0.00304651097009,9.54530650097e-05,-0.128360580349,9.53738534238e-06
12.762,1790081375.22,0.0012493887642,1.35891492475e-06,-0.00479722486659,-5.36400361152e-05,0.0499784358903,-1.88329481627e-06
12.782,1790081375.24,0.00124942920789,1.33149185135e-06,0.00500276550111,-5.59880462519e-05,0.0499755034726,1.07380957298e-07
12.802,1790081375.26,-0.00320912120899,-4.23970067044e-06,-0.00304651097258,9.54718742262e-05,-0.128360580332,9.53726630991e-06
12.822,1790081375.28,0.00124938876319,1.35909116629e-06,-0.00479722486676,-5.36471328973e-05,0.0499784358493,-1.88327822617e-06
12.842,1790081375.3,0.00124942920686,1.3316684857e-06,0.00500276550094,-5.59951115953e-05,0.0499755034316,1.07380519467e-07
12.862,1790081375.32,-0.00320912120917,-4.24014578379e-06,-0.00304651097505,9.54906831924e-05,-0.128360580314,9.53714727914e-06
12.882,1790081375.34,0.00124938876218,1.35926740642e-06,-0.00479722486693,-5.36542295861e-05,0.0499784358082,-1.88326165468e-06
12.902,1790081375.36,0.00124942920583,1.33184511769e-06,0.00500276550077,-5.60021768444e-05,0.0499755033906,1.07380081642e-07
12.922,1790081375.38,-0.00320912120934,-4.24059089123e-06,-0.00304651097753,9.55094919106e-05,-0.128360580296,9.53702824971e-06
12.942,1790081375.4,0.00124938876117,1.35944364294e-06,-0.0047972248671,-5.36613261773e-05,0.0499784357672,-1.8832450832e-06
12.962,1790081375.42,0.00124942920481,1.33202174736e-06,0.0050027655006,-5.60092420004e-05,0.0499755033495,1.07379643824e-07
12.982,1790081375.44,-0.00320912120952,-4.24103599277e-06,-0.00304651098001,9.55283003795e-05,-0.128360580279,9.53690922191e-06
13.002,1790081375.46,0.00124938876016,1.35961987804e-06,-0.00479722486727,-5.36684226762e-05,0.0499784357261,-1.88322849308e-06
13.022,1790081375.48,0.00124942920378,1.33219837472e-06,0.00500276550043,-5.60163070639e-05,0.0499755033085,1.07379206014e-07
13.042,1790081375.5,-0.00320912120969,-4.24148108858e-06,-0.00304651098249,9.55471086046e-05,-0.128360580261,9.53679019581e-06
13.062,1790081375.52,0.00124938875915,1.35979611005e-06,-0.00479722486745,-5.36755190794e-05,0.0499784356851,-1.88321192159e-06
13.082,1790081375.54,0.00124942920276,1.33237499971e-06,0.00500276550026,-5.6023372033e-05,0.0499755032675,1.07378768205e-07
13.102,1790081375.56,-0.00320912120986,-4.24192617848e-06,-0.00304651098497,9.5565916581e-05,-0.128360580243,9.53667117113e-06
13.122,1790081375.58,0.00124938875814,1.35997234092e-06,-0.00479722486762,-5.36826153926e-05,0.0499784356441,-1.88319535319e-06
13.142,1790081375.6,0.00124942920173,1.33255162238e-06,0.00500276550009,-5.60304369091e-05,0.0499755032264,1.07378330402e-07
13.162,1790081375.62,-0.00320912121004,-4.24237126242e-06,-0.00304651098745,9.55847243044e-05,-0.128360580225,9.53655214824e-06
13.182,1790081375.64,0.00124938875713,1.36014856763e-06,-0.00479722486779,-5.36897116079e-05,0.049978435603,-1.88317876926e-06
13.202,1790081375.66,0.0012494292007,1.33272824274e-06,0.00500276549992,-5.60375016929e-05,0.0499755031854,1.07377892606e-07
13.222,1790081375.68,-0.00320912121021,-4.24281634056e-06,-0.00304651098993,9.56035317854e-05,-0.128360580208,9.53643312653e-06
13.242,1790081375.7,0.00124938875612,1.36032479345e-06,-0.00479722486796,-5.36968077307e-05,0.049978435562,-1.88316218223e-06
13.262,1790081375.72,0.00124942919968,1.33290486077e-06,0.00500276549976,-5.60445663833e-05,0.0499755031444,1.07377454816e-07
13.282,1790081375.74,-0.00320912121039,-4.24326141279e-06,-0.00304651099241,9.56223390151e-05,-0.12836058019,9.53631410659e-06
13.302,1790081375.76,0.00124938875511,1.3605010173e-06,-0.00479722486813,-5.37039037647e-05,0.0499784355209,-1.88314560139e-06
13.322,1790081375.78,0.00124942919865,1.33308147644e-06,0.00500276549958,-5.60516309797e-05,0.0499755031034,1.07377017034e-07
13.342,1790081375.8,-0.00320912121056,-4.24370647917e-06,-0.00304651099489,9.56411459972e-05,-0.128360580172,9.53619508828e-06
13.362,1790081375.82,0.0012493887541,1.3606772379e-06,-0.00479722486831,-5.37109997023e-05,0.0499784354799,-1.88312903918e-06
13.382,1790081375.84,0.00124942919762,1.33325808982e-06,0.00500276549942,-5.60586954839e-05,0.0499755030623,1.07376579257e-07
13.402,1790081375.86,-0.00320912121074,-4.2441515397e-06,-0.00304651099737,9.56599527331e-05,-0.128360580154,9.53607607142e-06
13.422,1790081375.88,0.00124938875309,1.36085345653e-06,-0.00479722486847,-5.37180955483e-05,0.0499784354388,-1.88311245523e-06
13.442,1790081375.9,0.0012494291966,1.33343470087e-06,0.00500276549925,-5.60657598951e-05,0.0499755030213,1.07376141489e-07
13.462,1790081375.92,-0.00320912121091,-4.24459659449e-06,-0.00304651099985,9.56787592237e-05,-0.128360580137,9.53595705642e-06
13.482,1790081375.94,0.00124938875208,1.36102967141e-06,-0.00479722486865,-5.37251912947e-05,0.0499784353978,-1.8830958868e-06
13.502,1790081375.96,0.00124942919557,1.33361130955e-06,0.00500276549908,-5.60728242119e-05,0.0499755029803,1.07375703718e-07
13.522,1790081375.98,-0.00320912121108,-4.24504164311e-06,-0.00304651100233,9.5697565458e-05,-0.128360580119,9.53583804251e-06
13.542,1790081376,0.00124938875107,1.36120588599e-06,-0.00479722486882,-5.37322869496e-05,0.0499784353568,-1.88307931215e-06
13.562,1790081376.02,0.00124942919454,1.33378791592e-06,0.00500276549891,-5.60798884359e-05,0.0499755029392,1.07375265957e-07
13.582,1790081376.04,-0.00320912121126,-4.24548668608e-06,-0.00304651100481,9.57163714488e-05,-0.128360580101,9.53571903065e-06
13.602,1790081376.06,0.00124938875006,1.36138209807e-06,-0.00479722486899,-5.37393825166e-05,0.0499784353157,-1.88306272507e-06
13.622,1790081376.08,0.00070622081553,2.57626757753e-06,0.00739125698944,-4.28238197707e-06,0.0336309242065,3.24843955099e-05
13.642,1790081376.1,0.000756115058922,2.62189315394e-06,0.00923736615619,-1.9003259494e-05,0.057190013302,2.27697349653e-05
13.662,1790081376.12,0.00109256571565,2.73979317818e-06,0.011103178853,-8.01197396916e-06,0.0455564825616,2.1995166111e-05
13.682,1790081376.14,0.00160383159671,2.75618412763e-06,0.0119769090933,-6.21896985586e-05,0.0359638602945,9.35902464775e-06
13.702,1790081376.16,0.00226383788057,3.06670141374e-06,0.0127512950942,-5.76441746022e-05,0.0218477003371,6.35313805934e-06
13.722,1790081376.18,0.00300470726293,3.60599012579e-06,0.0133751395744,-5.24484611788e-05,0.0102863436246,3.71011149269e-06
13.742,1790081376.2,0.00378172543223,4.37037374108e-06,0.0140321970833,-3.63984527708e-05,0.00113942599923,2.37595497644e-06
13.762,1790081376.22,0.00455760297133,5.27658636219e-06,0.0147335020328,-2.12029659777e-05,-0.0047759588187,1.39333130014e-06
13.782,1790081376.24,0.00530988992676,6.33561002563e-06,0.0153863083809,2.72727673852e-05,-0.00810419653459,3.7107309959e-06
13.802,1790081376.26,0.00602680483563,7.12623674058e-06,0.0160626490302,-2.34867608329e-05,-0.00938315664036,5.40456137006e-06
13.822,1790081376.28,0.00670435890547,8.12132340462e-06,0.0166819668043,1.63504430646e-05,-0.00936892409041,5.90859292342e-06
13.842,1790081376.3,0.00734404875541,9.01283295607e-06,0.0173554503196,1.38850485029e-05,-0.00866270805149,5.12811858733e-06
13.862,1790081376.32,0.00794947554195,9.86351927504e-06,0.0180811247546,1.96931823325e-05,-0.00775055285948,4.13269065507e-06
13.882,1790081376.34,0.00852442603633,1.0623247437e-05,0.0187581546637,1.77466872667e-05,-0.0069225778996,3.10235098319e-06
13.902,1790081376.36,0.00907261951609,1.13135544464e-05,0.0194530782793,1.60308519841e-05,-0.00632671199269,2.16087043812e-06
13.922,1790081376.38,0.0095962533507,1.1938878813e-05,0.020090053327,1.32771740796e-05,-0.00600036927219,1.33797182008e-06
13.942,1790081376.4,0.0100968472474,1.25130318184e-05,0.0207771482739,1.10157837738e-05,-0.00591484421453,6.30874333576e-07
13.962,1790081376.42,0.0105746165061,1.30449169565e-05,0.0215139378868,9.25628631502e-06,-0.00600952479911,2.95857391212e-08
13.982,1790081376.44,0.011028818355,1.35414838129e-05,0.0221986778394,8.18668971919e-06,-0.00621714719803,-4.7464040306e-07
14.002,1790081376.46,0.0114586916449,1.40069003443e-05,0.0228989903121,7.68664270297e-06,-0.00647778204573,-8.97709502972e-07
14.022,1790081376.48,0.011862968373,1.44427122476e-05,0.0235386166233,7.62438558975e-06,-0.00674680512004,-1.2480715155e-06
14.042,1790081376.5,0.0122407649597,1.48491065163e-05,0.0242269647008,7.8319436629e-06,-0.00699468590228,-1.54109908761e-06
14.062,1790081376.52,0.012591068544,1.52250060052e-05,0.0249640033357,8.17144784801e-06,-0.00720629532086,-1.78586633107e-06
14.082,1790081376.54,0.0129128543407,1.55686922296e-05,0.0256470889113,8.53973455377e-06,-0.0073772759118,-1.9854481628e-06
14.102,1790081376.56,0.0132055730091,1.5878727986e-05,0.0263446026128,8.870512355e-06,-0.00750909074429,-2.14960268781e-06
14.122,1790081376.58,0.0134686060058,1.61536402921e-05,0.0269797979451,9.13180655919e-06,-0.0076072541947,-2.28037361818e-06
14.142,1790081376.6,0.0137017276697,1.63925410385e-05,0.0276632399258,9.31249413184e-06,-0.00767704036522,-2.38788330421e-06
14.162,1790081376.62,0.0139046610049,1.65947161256e-05,0.0283949447582,9.41800877164e-06,-0.00772387849472,-2.47630186493e-06
14.182,1790081376.64,0.0140771212013,1.6759668158e-05,0.0290714701123,9.46256929604e-06,-0.00775254146639,-2.54416000601e-06
14.202,1790081376.66,0.0142190699936,1.68873173521e-05,0.029761908308,9.45978900546e-06,-0.00776549967806,-2.59770424815e-06
14.222,1790081376.68,0.0143304087352,1.69776568465e-05,0.0303888767429,9.42407826778e-06,-0.0077648870858,-2.6355689511e-06
14.242,1790081376.7,0.0144112061694,1.70308985848e-05,0.0310639700039,9.36345179829e-06,-0.00775050647221,-2.66543397746e-06
14.262,1790081376.72,0.0144615065137,1.70472793464e-05,0.0317873098923,9.28444688108e-06,-0.00772236070723,-2.68911952191e-06
14.282,1790081376.74,0.0144813984068,1.70271106658e-05,0.0324716074254,9.19446436088e-06,-0.00768348571612,-2.7049701291e-06
14.302,1790081376.76,0.0144710535298,1.6970747261e-05,0.0332206581335,9.09838926994e-06,-0.00763850121295,-2.72190738248e-06
14.322,1790081376.78,0.0144306320406,1.68786055201e-05,0.0338368198628,8.98171712787e-06,-0.00756881037276,-2.72219934918e-06
14.342,1790081376.8,0.0143604019964,1.67510903827e-05,0.0344984228631,8.84991982263e-06,-0.00748316101017,-2.72061246141e-06
14.362,1790081376.82,0.014260688717,1.65887077539e-05,0.0352027228943,8.70118423527e-06,-0.00738049295038,-2.71751201263e-06
14.382,1790081376.84,0.0141319502051,1.63921290242e-05,0.0358502990468,8.53811405669e-06,-0.00726377865429,-2.70889741609e-06
14.402,1790081376.86,0.0139746090176,1.61619355372e-05,0.0365118767952,8.35948268366e-06,-0.0071331979774,-2.69903328777e-06
14.422,1790081376.88,0.0137892477773,1.58989303085e-05,0.0371091902966,8.16692822812e-06,-0.00699016989119,-2.68418484239e-06
14.442,1790081376.9,0.0135763247367,1.56037212802e-05,0.0377555575894,7.95859391832e-06,-0.00683420977078,-2.67090072274e-06
14.462,1790081376.92,0.0133364425324,1.52771166105e-05,0.0384510517168,7.73479156102e-06,-0.0066656645542,-2.65954085892e-06
14.482,1790081376.94,0.0130703923838,1.49201741891e-05,0.0390898727704,7.4975077166e-06,-0.00648547209796,-2.64459262292e-06
14.502,1790081376.96,0.0127787955502,1.45337092113e-05,0.0397428486996,7.24626083438e-06,-0.00629352771612,-2.63009940792e-06
14.522,1790081376.98,0.0124625295322,1.41188740774e-05,0.0403307291612,6.98302258914e-06,-0.00609077137994,-2.61176288701e-06
14.542,1790081377,0.0121222104962,1.36764657595e-05,0.040967698331,6.7064926223e-06,-0.00587675983382,-2.59618804403e-06
14.562,1790081377.02,0.0117586714971,1.3207563505e-05,0.0416535590114,6.41734989884e-06,-0.00565194361593,-2.58353001904e-06
14.582,1790081377.04,0.0113729931981,1.27135605624e-05,0.0422819488521,6.11779142064e-06,-0.00541741222764,-2.56787734539e-06
14.602,1790081377.06,0.0109659656746,1.21954648326e-05,0.0429242615285,5.80757107422e-06,-0.00517332461796,-2.55332491992e-06
14.622,1790081377.08,0.0105387187919,1.1654714108e-05,0.0435006847653,5.48870356127e-06,-0.00492077162064,-2.53527496568e-06
14.642,1790081377.1,0.0100920903558,1.12268892169e-05,0.044146095554,7.10238003217e-05,-0.00472691916409,-6.15652266929e-06
14.662,1790081377.12,0.00962660664436,1.03856645015e-05,0.0449050419788,3.6360226891e-05,-0.00449895342657,-4.25784796068e-06
14.682,1790081377.14,0.00914350902276,9.43466346527e-06,0.0456075982936,3.60012607074e-05,-0.00422925653221,-4.24721185249e-06
14.702,1790081377.16,0.00864371684831,8.19217044098e-06,0.0463242040006,-3.75022839615e-05,-0.00394836757364,-4.2804498526e-06
14.722,1790081377.18,0.00812851701084,7.18828073585e-06,0.0469771020928,-3.19191816258e-05,-0.00364591404056,-3.79302173106e-06
14.742,1790081377.2,0.00759884290808,6.30101501941e-06,0.0476698005391,-4.06953127729e-05,-0.00332826399419,-3.56044321031e-06
14.762,1790081377.22,0.00705598802334,5.58509613506e-06,0.0483896854148,-4.40527601867e-05,-0.00300302109177,-3.31677035899e-06
14.782,1790081377.24,0.00650147197325,5.06530244264e-06,0.0490517845837,-3.49640674528e-05,-0.00267353477158,-3.06275917141e-06
14.802,1790081377.26,0.00593644942506,4.68280035263e-06,0.0497107619397,-2.61180132265e-05,-0.00234371366851,-2.85718994612e-06
14.822,1790081377.28,0.00536238499617,4.40667910844e-06,0.0503106857284,-1.53805328522e-05,-0.00201641546542,-2.67215157255e-06
14.842,1790081377.3,0.00478021081989,4.25136106763e-06,0.0509535941274,2.56792271481e-05,-0.00166226729846,-4.17167220102e-06
14.862,1790081377.32,0.00419145149683,3.81189238643e-06,0.0516264174959,-3.85586285174e-05,-0.00134239951715,-4.27634827339e-06
14.882,1790081377.34,0.0035975950554,3.60096002154e-06,0.0522408865851,-3.21558011919e-05,-0.00102655540737,-4.17908883236e-06
14.902,1790081377.36,0.00299962153657,3.43532922345e-06,0.0528615092882,-6.65090419389e-05,-0.000679858717529,-2.08829026461e-06
14.922,1790081377.38,0.00239921595212,3.56619647566e-06,0.0534211669391,-6.8385909801e-05,-0.000377889851386,-1.81778389204e-06
14.942,1790081377.4,0.00179719062116,3.98674604781e-06,0.0540259906949,-5.85330068587e-05,-7.80791376056e-05,-1.52154147152e-06
14.962,1790081377.42,0.00119474805892,4.64036016028e-06,0.0546693795434,-4.75221463721e-05,0.000217817028979,-1.2996174172e-06
14.982,1790081377.44,0.000593354692989,5.49290518419e-06,0.0552542294838,-2.96541558549e-05,0.000506052426486,-1.27183528156e-06
15.002,1790081377.46,-6.07924691705e-06,6.4620418363e-06,0.0558489007668,-1.171885005e-05,0.000794391092011,-1.28161136844e-06
15.022,1790081377.48,-0.000602207357732,7.47284139944e-06,0.0563835305985,4.00309140988e-06,0.00108260717964,-1.32876818504e-06
15.042,1790081377.5,-0.001194222313,8.46263687999e-06,0.0569654791131,1.68167834752e-05,0.00137083278847,-1.40846119184e-06
15.062,1790081377.52,-0.00178096857779,9.37860170753e-06,0.0575877078551,2.53724028507e-05,0.00165932954781,-1.50223839326e-06
15.082,1790081377.54,-0.00236101801391,1.01867935971e-05,0.0581524860069,2.97286312147e-05,0.00194692308967,-1.5984472764e-06
15.102,1790081377.56,-0.00293344195948,1.0871400882e-05,0.0587284550805,3.04162483393e-05,0.00223210199455,-1.69575710184e-06
15.122,1790081377.58,-0.00349691257345,1.14309201625e-05,0.0592451114716,2.81930042941e-05,0.00251342272362,-1.78475406641e-06
15.142,1790081377.6,-0.00405062924525,1.18763065968e-05,0.059810104138,2.40775967106e-05,0.00278887266479,-1.86966418848e-06
15.162,1790081377.62,-0.00459348266695,1.22255213441e-05,0.0604162967214,1.90611441185e-05,0.00305690091641,-1.94787007884e-06
15.182,1790081377.64,-0.00512414530133,1.24996860903e-05,0.0609653581688,1.40033890897e-05,0.00331652668923,-2.01142814323e-06
15.202,1790081377.66,-0.00564178391206,1.27200274494e-05,0.0615259757245,9.56767086933e-06,0.00356647655132,-2.06475779607e-06
15.222,1790081377.68,-0.00614523115216,1.29046695038e-05,0.0620275546573,6.17450707888e-06,0.00380637399103,-2.10331861341e-06
15.242,1790081377.7,-0.00663382955052,1.30675148793e-05,0.0625824858516,4.06897759428e-06,0.0040347080583,-2.13548035589e-06
15.262,1790081377.72,-0.00710663823348,1.32165841747e-05,0.0631748707878,3.1098838009e-06,0.0042523761879,-2.16248926603e-06
15.282,1790081377.74,-0.00756257375448,1.33553241935e-05,0.0637102375775,3.1917661319e-06,0.00445923933554,-2.17894124886e-06
15.302,1790081377.76,-0.00800105539147,1.34128972406e-05,0.0642562163581,-3.10535605673e-05,0.00469001257681,-2.51188627087e-07
15.322,1790081377.78,-0.00842091671648,1.36323521004e-05,0.064743996319,-2.97324499039e-05,0.00487509197048,-2.56181595718e-07
15.342,1790081377.8,-0.00882177103872,1.40358815568e-05,0.0652843932178,5.24402122797e-06,0.00508161895602,-2.11930343427e-06
15.362,1790081377.82,-0.00920273211143,1.43168008169e-05,0.0658624651294,-2.58530008111e-05,0.00527636659643,-2.55113299621e-07
15.382,1790081377.84,-0.00956281223939,1.47854961469e-05,0.066386479266,2.40312433751e-06,0.00543614595241,-1.51191915705e-06
15.402,1790081377.86,-0.00990149907056,1.52198934411e-05,0.066920817099,1.02916277224e-05,0.00556451272359,-1.70950223656e-06
15.422,1790081377.88,-0.0102181806541,1.56071635506e-05,0.0673977351076,1.40703894988e-05,0.00567203614774,-1.80359061211e-06
15.442,1790081377.9,-0.0105126148466,1.5944893605e-05,0.0679267742152,2.12511552463e-05,0.00576034249352,-2.02129662723e-06
15.462,1790081377.92,-0.0107844298082,1.61889897791e-05,0.0684890385023,2.29443810168e-05,0.00583492303187,-2.12835511746e-06
15.482,1790081377.94,-0.0110332238291,1.63397478724e-05,0.0690010646141,2.29780184529e-05,0.00590047679048,-2.21343997294e-06
15.502,1790081377.96,-0.0112588209955,1.63978181065e-05,0.0695181470956,2.17769440368e-05,0.0059585607731,-2.2840680268e-06
15.522,1790081377.98,-0.0114609322825,1.63676444075e-05,0.0699823654932,1.91371844234e-05,0.00601104788879,-2.32918354722e-06
15.542,1790081378,-0.0116394589679,1.6261566635e-05,0.0704991807084,1.61235504847e-05,0.00605695353323,-2.36665333355e-06
15.562,1790081378.02,-0.0117941943639,1.60921232272e-05,0.0710493056612,1.31110137659e-05,0.00609554595922,-2.39704907942e-06
15.582,1790081378.04,-0.0119249180497,1.58718366353e-05,0.0715494168766,1.04237290843e-05,0.00612630820708,-2.41617009824e-06
15.602,1790081378.06,-0.0120315508467,1.56117468713e-05,0.0720545841755,8.34311806753e-06,0.00614708502661,-2.43053351674e-06
15.622,1790081378.08,-0.01211398036,1.53202391539e-05,0.072506729593,6.94095657001e-06,0.00615707085027,-2.43712717445e-06
15.642,1790081378.1,-0.0121722083287,1.50026261661e-05,0.0730114825519,6.19669589808e-06,0.00615391315259,-2.4452176322e-06
15.662,1790081378.12,-0.012206232535,1.46616660142e-05,0.073549525976,6.01339042423e-06,0.00613685707317,-2.45439506554e-06
15.682,1790081378.14,-0.012216104114,1.42979293336e-05,0.0740374477841,6.23883774645e-06,0.0061063023026,-2.45899709942e-06
15.702,1790081378.16,-0.0122019538011,1.39101162007e-05,0.074530503622,6.7049774949e-06,0.0060615002533,-2.46379610646e-06
15.722,1790081378.18,-0.0121639659413,1.34962130031e-05,0.0749703688332,7.25429677859e-06,0.00600343768828,-2.46451198524e-06
15.742,1790081378.2,-0.0121023481877,1.30535842697e-05,0.0754628492438,7.75271388391e-06,0.0059314331111,-2.46951375433e-06
15.762,1790081378.22,-0.0120173837729,1.25801280471e-05,0.0759886323461,8.10611101427e-06,0.00584627635841,-2.47746222876e-06
15.782,1790081378.24,-0.0119094443895,1.20745550663e-05,0.076464114066,8.26175751426e-06,0.00574960879229,-2.4818776113e-06
15.802,1790081378.26,-0.0117788884695,1.15360903198e-05,0.0769446046024,8.20177737211e-06,0.00564145011483,-2.48712988575e-06
15.822,1790081378.28,-0.0116261845126,1.09651606798e-05,0.077371729474,7.94091085648e-06,0.00552322609732,-2.48852233426e-06
15.842,1790081378.3,-0.0114517148274,1.03625479171e-05,0.0778513969104,7.5121685835e-06,0.00539431441126,-2.49441439045e-06
15.862,1790081378.32,-0.0112559975873,9.73007395509e-06,0.0783643544283,6.96208217025e-06,0.00525534945356,-2.50336795717e-06
15.882,1790081378.34,-0.0110396626831,9.0702614006e-06,0.0788268984151,6.34115172979e-06,0.00510767369935,-2.50875988118e-06
15.902,1790081378.36,-0.0108032367739,8.38545739868e-06,0.0792944110331,5.69348847562e-06,0.00495092289237,-2.51507291917e-06
15.922,1790081378.38,-0.0105474096993,7.67848125999e-06,0.0797085245904,5.05650794749e-06,0.00478615567525,-2.51754770898e-06
15.942,1790081378.4,-0.0102726902055,6.95149965135e-06,0.0801753054294,4.45390818642e-06,0.00461246606794,-2.52472756095e-06
15.962,1790081378.42,-0.00997978295754,6.20697111301e-06,0.0806753405732,3.89967321408e-06,0.00443029310851,-2.53512496596e-06
15.982,1790081378.44,-0.00966952905868,5.4473958525e-06,0.081124901419,3.39848318921e-06,0.00424087171693,-2.54195981332e-06
16.002,1790081378.46,-0.00934259144093,4.67452339119e-06,0.0815794155024,2.94489404497e-06,0.00404386563368,-2.54975348705e-06
16.022,1790081378.48,-0.00899984492781,3.89034833211e-06,0.0819803876113,2.52988294124e-06,0.00384040167726,-2.55359138407e-06
16.042,1790081378.5,-0.00864190367901,3.09605190166e-06,0.0824338494096,2.13956945397e-06,0.00362978014194,-2.56211323922e-06
16.062,1790081378.52,-0.00826962684196,2.2932176519e-06,0.0829205669526,1.76133423653e-06,0.00341261927126,-2.57377146587e-06
16.082,1790081378.54,-0.00788402741926,1.48365253498e-06,0.0833567719142,1.38494669866e-06,0.00319029764266,-2.58162788805e-06
16.102,1790081378.56,-0.00748587509311,6.68591569576e-07,0.0837979315885,1.00118610419e-06,0.00296269181289,-2.59027282999e-06
16.122,1790081378.58,-0.00707618578707,-1.50224057364e-07,0.0841855533975,6.05551743226e-07,0.00273102381708,-2.59470531567e-06
16.142,1790081378.6,-0.00665564835856,-9.71687659628e-07,0.0846257187523,1.9499754166e-07,0.00249479036797,-2.60373533393e-06
16.162,1790081378.62,-0.00622523006896,-1.79410526192e-06,0.0850992224574,-2.29512417711e-07,0.00225467588692,-2.61581385237e-06
16.182,1790081378.64,-0.00578605936243,-2.6154521123e-06,0.0855221958636,-6.64275206205e-07,0.00201202696099,-2.62390169164e-06
16.202,1790081378.66,-0.00533896909191,-3.43424546188e-06,0.085950053312,-1.10561721368e-06,0.00176678764943,-2.63269300708e-06
16.222,1790081378.68,-0.00488505801832,-4.24849958746e-06,0.0863244410748,-1.54821430492e-06,0.0015200968627,-2.63713739581e-06
16.242,1790081378.7,-0.00442510718114,-4.99203916315e-06,0.0867546530759,3.14955207891e-05,0.001304936226,-4.65033718619e-06
16.262,1790081378.72,-0.00395991546898,-5.9013329477e-06,0.0872148033062,3.10625511083e-05,0.00105515688804,-4.66260011528e-06
16.282,1790081378.74,-0.003490697837,-6.93248187293e-06,0.0876244863743,3.06227801043e-05,0.000805356739183,-4.67038240154e-06
16.302,1790081378.76,-0.00301837206047,-8.15875309845e-06,0.0880378439832,-8.20903422171e-06,0.000588773319556,-2.4513074009e-06
16.322,1790081378.78,-0.00254380615612,-9.31865491495e-06,0.0883987056879,-1.72113799546e-05,0.000331396909855,-2.18369010507e-06
16.342,1790081378.8,-0.00206780218643,-1.04115865062e-05,0.0888164107586,-2.63699050097e-05,7.4549249641e-05,-1.91614854522e-06
16.362,1790081378.82,-0.00159143726106,-1.1531834006e-05,0.0892607260656,-0.000103234791203,-0.00018404056438,-1.58215116203e-06
16.382,1790081378.84,-0.00111593734321,-1.21096502431e-05,0.0896588288353,-8.41941985262e-05,-0.000427324408274,-2.69298925359e-06
16.402,1790081378.86,-0.000642105371778,-1.23748212845e-05,0.0900554672251,-8.08176226517e-05,-0.00068420825852,-2.76804912003e-06
16.422,1790081378.88,-0.000171086186782,-1.22496020876e-05,0.0904042207846,-4.01786868202e-05,-0.000935776542391,-2.9488612196e-06
16.442,1790081378.9,0.00029638220546,-1.19822250698e-05,0.0908090415265,-1.73152554396e-05,-0.00118249498206,-3.06779022505e-06
16.462,1790081378.92,0.000759325220912,-1.17209071111e-05,0.0912393822152,-3.2767786947e-05,-0.00145982140364,-9.811268128e-07
16.482,1790081378.94,0.00121637041958,-1.1294749305e-05,0.0916255013975,-1.68126051626e-05,-0.0016939161673,-9.82468152511e-07
16.502,1790081378.96,0.00166681468124,-1.08878643945e-05,0.0920106072957,-4.49736177937e-05,-0.00195595667009,1.17892286798e-06
16.522,1790081378.98,0.0021094010869,-1.02637317296e-05,0.0923477517972,-3.9675307707e-05,-0.00217103308063,1.12745697038e-06
16.542,1790081379,0.00254349122249,-9.41712026109e-06,0.0927389128767,9.97295644765e-08,-0.00233935272187,-1.09121215819e-06
16.562,1790081379.02,0.00296853987469,-8.68049640031e-06,0.0931565439127,-2.8768495824e-05,-0.00256559694094,6.84755056177e-07
16.582,1790081379.04,0.0033833462364,-7.77865255196e-06,0.0935299460064,-1.78084433596e-05,-0.00274309977973,1.57088340347e-07
16.602,1790081379.06,0.00378737008508,-6.81529967509e-06,0.0939011945121,-1.09943935825e-05,-0.00291755610148,-2.71571782796e-07
16.622,1790081379.08,0.00417983590086,-5.81550971432e-06,0.0942257582206,-7.93410960955e-06,-0.00308958541286,-5.96423322631e-07
16.642,1790081379.1,0.00456025926107,-4.77715639451e-06,0.0946052471048,-9.65624625634e-07,-0.00325254144502,-1.0612995324e-06
16.662,1790081379.12,0.00492794897429,-3.7390989945e-06,0.0950090618037,3.8077927031e-06,-0.00341256087545,-1.47161739797e-06
16.682,1790081379.14,0.00528214697642,-2.71853543921e-06,0.0953700357798,7.37134463943e-06,-0.00356816455723,-1.83397699973e-06
16.702,1790081379.16,0.00562231954056,-1.72886120191e-06,0.0957289216329,9.96722369595e-06,-0.00371863503929,-2.1535741598e-06
16.722,1790081379.18,0.00594777019378,-7.53049763205e-07,0.0960407697026,2.57225726471e-05,-0.00384893620814,-3.27935732127e-06
16.742,1790081379.2,0.0062582012281,1.01834706685e-07,0.096407976833,2.58994781701e-05,-0.00398715704546,-3.50093895582e-06
16.762,1790081379.22,0.00655299606799,8.53674217325e-07,0.0967994387994,2.53435915093e-05,-0.00411756210089,-3.68327324635e-06
16.782,1790081379.24,0.00683154129504,1.50222854443e-06,0.0971481498899,2.30228149804e-05,-0.00424034889423,-3.78566408643e-06
16.802,1790081379.26,0.00709341894535,2.05553580174e-06,0.0974947356954,1.81268227766e-05,-0.00435585117163,-3.78376556093e-06
16.822,1790081379.28,0.00733811233322,2.53752339039e-06,0.0977948418551,1.32292182644e-05,-0.00446106938986,-3.75109185477e-06
16.842,1790081379.3,0.00756533349262,2.96821682203e-06,0.0981495972273,8.59985911327e-06,-0.00455560811468,-3.70371716664e-06
16.862,1790081379.32,0.00777466992076,3.36673089223e-06,0.0985285167585,4.75844905136e-06,-0.00463882646724,-3.64989423184e-06
16.882,1790081379.34,0.00796572126418,3.7488175394e-06,0.0988648165586,2.13591797599e-06,-0.00471025681841,-3.59330639871e-06
16.902,1790081379.36,0.00813825374352,4.124843957e-06,0.0991990182183,7.24081932949e-07,-0.00477002026171,-3.54082850871e-06
16.922,1790081379.38,0.00829199607717,4.50007498837e-06,0.0994869478928,4.25304705107e-07,-0.00481834381413,-3.49021495364e-06
16.942,1790081379.4,0.00842683815249,4.87543983849e-06,0.0998293487625,1.01579835123e-06,-0.00485558487387,-3.45165898361e-06
16.962,1790081379.42,0.00854260840041,5.2479888172e-06,0.100195612481,2.19956374843e-06,-0.00488214507406,-3.42207050807e-06
16.982,1790081379.44,0.00863916254131,5.61238774136e-06,0.100519373302,3.68626165047e-06,-0.00489841484652,-3.39462280089e-06
17.002,1790081379.46,0.00871646458188,5.9623774372e-06,0.100841004116,5.21590869182e-06,-0.00490472327676,-3.37244671885e-06
17.022,1790081379.48,0.00877447477472,6.29149226715e-06,0.101116449677,6.58802619273e-06,-0.00490138186304,-3.35047575008e-06
17.042,1790081379.5,0.00881323628762,6.59426227128e-06,0.101446130733,7.67184841581e-06,-0.00488851778901,-3.3376471327e-06
17.062,1790081379.52,0.00883278869536,6.86626441727e-06,0.101799716098,8.4063192022e-06,-0.00486624919755,-3.33050831287e-06
17.082,1790081379.54,0.00883321135968,7.10452164976e-06,0.102110902227,8.79007975637e-06,-0.00483467770986,-3.32218840565e-06
17.102,1790081379.56,0.00881463569388,7.30767292808e-06,0.102419877497,8.86514034666e-06,-0.00479380606893,-3.31612806887e-06
17.122,1790081379.58,0.0087772282109,7.47551952486e-06,0.102682831247,8.70179661973e-06,-0.00474373949866,-3.30757515857e-06
17.142,1790081379.6,0.00872116655614,7.60894521367e-06,0.102999743535,8.3801030521e-06,-0.00468444054072,-3.30589877043e-06
17.162,1790081379.62,0.00864668737622,7.70933758077e-06,0.103340389942,7.97923363725e-06,-0.00461600360814,-3.30792401984e-06
17.182,1790081379.64,0.00855408120397,7.77836825857e-06,0.103641031817,7.56810653786e-06,-0.00453815672785,-3.30726456853e-06
17.202,1790081379.67,0.00844364742461,7.81777255877e-06,0.103932613585,7.19652638535e-06,-0.00445148499874,-3.30667270396e-06
17.222,1790081379.69,0.00831574536029,7.82906386374e-06,0.104184779275,6.89404973564e-06,-0.00435626218304,-3.30288115716e-06
17.242,1790081379.7,0.00817068664974,7.81345444991e-06,0.104492904802,6.6704426407e-06,-0.00425269581326,-3.3051508786e-06
17.262,1790081379.72,0.00800890501265,7.77181220623e-06,0.104815947097,6.52173969723e-06,-0.00414115866341,-3.30938635088e-06
17.282,1790081379.74,0.00783087876292,7.70470180805e-06,0.105103882634,6.43355698289e-06,-0.00402199153871,-3.31062125457e-06
17.302,1790081379.76,0.00763705910065,7.61243074406e-06,0.105382632504,6.3850595665e-06,-0.00389548346899,-3.31136819925e-06
17.322,1790081379.78,0.00742797452891,7.49516448138e-06,0.105621914776,6.35470617907e-06,-0.00376200334697,-3.30848103502e-06
17.342,1790081379.8,0.00720404793229,7.35292425019e-06,0.105916825379,6.3213716265e-06,-0.00362180104541,-3.31145460898e-06
17.362,1790081379.82,0.00696587363942,7.18583562093e-06,0.106226440316,6.26950257442e-06,-0.00347520896219,-3.31624287331e-06
17.382,1790081379.84,0.00671408676388,6.99412320594e-06,0.106501126913,6.18881420493e-06,-0.00332257043441,-3.3179196831e-06
17.402,1790081379.86,0.00644925923114,6.77807780455e-06,0.10676670459,6.07349794916e-06,-0.00316419355369,-3.31906261791e-06
17.422,1790081379.88,0.00617205672135,6.59140327436e-06,0.106992076284,3.43966445788e-05,-0.00300058459764,-3.26845469099e-06
17.442,1790081379.9,0.00588298849425,6.3499215858e-06,0.107271695499,9.82014179761e-05,-0.00283195023831,-3.16967997121e-06
17.462,1790081379.92,0.00558276924851,5.6346421592e-06,0.107568175642,9.79672112397e-05,-0.00265853541923,-3.17452252362e-06
17.482,1790081379.94,0.00527212738282,4.56086575154e-06,0.10782926981,0.000111879693876,-0.00246367948539,-4.13919323619e-06
17.502,1790081379.96,0.00495184563015,3.00260931531e-06,0.108081804729,9.76698374168e-05,-0.00228202111787,-4.16360427068e-06
17.522,1790081379.98,0.00462266437415,1.04213211263e-06,0.108295457126,7.34025460382e-05,-0.00209684653308,-4.20115158107e-06
17.542,1790081380,0.00428516066278,-1.09205506313e-06,0.108562151714,0.000110782876058,-0.00191029795671,-4.09226717586e-06
17.562,1790081380.02,0.00394012604462,-3.87684121822e-06,0.108847726573,1.607025826e-05,-0.0017238793408,-4.13036088626e-06
17.582,1790081380.05,0.00358838504883,-6.62391776875e-06,0.109096429189,-7.58833573173e-06,-0.00153520544863,-4.04074952383e-06
17.602,1790081380.06,0.00323063175099,-9.34301155257e-06,0.109335961482,-3.19964173135e-05,-0.00134458970146,-3.95221149217e-06
17.622,1790081380.08,0.00286766830424,-1.19284160791e-05,0.109536722195,-5.30758012452e-05,-0.00115187182323,-3.86205487937e-06
17.642,1790081380.1,0.00250007884635,-1.42749784127e-05,0.109792049269,-5.79803366115e-05,-0.000957185349371,-3.76296352574e-06
17.662,1790081380.12,0.00212870202354,-1.63828042728e-05,0.110061895046,-5.71263382848e-05,-0.000760846972345,-3.67017881673e-06
17.682,1790081380.14,0.00175440154059,-1.82549543933e-05,0.110297248654,-5.06256793652e-05,-0.000563224641103,-3.5786892323e-06
17.702,1790081380.16,0.00137790707884,-1.99213952892e-05,0.110523390448,-4.05306103258e-05,-0.000364935456098,-3.49393758882e-06
17.722,1790081380.18,0.00100005439356,-2.142723823e-05,0.110710935323,-2.9803791171e-05,-0.000166551973948,-3.41676812659e-06
17.742,1790081380.2,0.000621445215566,-2.28180980909e-05,0.110952770986,-1.98678311795e-05,3.101185507e-05,-3.35803763206e-06
17.762,1790081380.22,0.000242932310858,-2.41350396614e-05,0.111209156159,-1.19446309611e-05,0.000227250154726,-3.3143164646e-06
17.782,1790081380.24,-0.000134619538347,-2.54100354455e-05,0.111431441761,-6.6640224396e-06,0.000421738238205,-3.28018891139e-06
17.802,1790081380.26,-0.000510494789412,-2.6664072085e-05,0.111644787337,-4.07370587589e-06,0.000613910866429,-3.25700381988e-06
17.822,1790081380.28,-0.000883882656486,-2.79065487192e-05,0.111819804458,-3.88374135135e-06,0.000803457258647,-3.23974630452e-06
17.842,1790081380.3,-0.00125421250898,-2.91377203607e-05,0.112048464317,-5.54992749159e-06,0.000989622296351,-3.23613836079e-06
17.862,1790081380.32,-0.00162067836974,-3.03495191947e-05,0.112291290201,-8.42073713385e-06,0.0011722355438,-3.23991001322e-06
17.882,1790081380.34,-0.0019824733912,-3.15291290342e-05,0.112500228547,-1.18566136494e-05,0.00135119720055,-3.24406146537e-06
17.902,1790081380.36,-0.00233894241154,-3.26621526864e-05,0.112700242461,-1.53061251333e-05,0.00152613604974,-3.2496655191e-06
17.922,1790081380.38,-0.00268934667995,-3.37340914987e-05,0.112862358396,-1.83579290021e-05,0.00169695748048,-3.25230263416e-06
17.942,1790081380.4,-0.00303317717787,-3.47329650682e-05,0.113077951954,-2.07556616674e-05,0.00186290420255,-3.26105130253e-06
17.962,1790081380.42,-0.00336971244912,-3.56489465362e-05,0.113307754408,-2.23931423287e-05,0.00202391219149,-3.27129116068e-06
17.982,1790081380.44,-0.00369823801981,-3.64754183571e-05,0.11350392018,-2.32875361043e-05,0.00217996186356,-3.27774613228e-06
18.002,1790081380.46,-0.00401818520507,-3.72092156595e-05,0.113691157503,-2.35432806775e-05,0.00233065238479,-3.28312887747e-06
18.022,1790081380.49,-0.00432891671439,-3.78495437782e-05,0.113840838391,-2.33167112218e-05,0.00247592783132,-3.28436409416e-06
18.042,1790081380.5,-0.00463000375747,-3.83979207493e-05,0.114043509062,-2.27787107324e-05,0.00261491902287,-3.29154502587e-06
18.062,1790081380.52,-0.00492083913598,-3.88566480127e-05,0.114260191546,-2.20920001549e-05,0.002747611064,-3.30064212544e-06
18.082,1790081380.55,-0.00520083142929,-3.92285642102e-05,0.114443628571,-2.13904074971e-05,0.00287405833773,-3.3066620805e-06
18.102,1790081380.56,-0.00546952283929,-3.9516684008e-05,0.114618365336,-2.07676505195e-05,0.00299387053982,-3.3123595781e-06
18.122,1790081380.59,-0.00572640515157,-3.97235205006e-05,0.114755791048,-2.02777209849e-05,0.00310709482825,-3.3144790364e-06
18.142,1790081380.61,-0.00597114940319,-3.98511167328e-05,0.114945649771,-1.99349138901e-05,0.00321283824855,-3.32291716016e-06
18.162,1790081380.63,-0.00620329043476,-3.99007515032e-05,0.115149475865,-1.9726855343e-05,0.00331120727237,-3.33339835685e-06
18.182,1790081380.64,-0.00642238604585,-3.98731606836e-05,0.115320272966,-1.96216640099e-05,0.00340239592177,-3.3406744375e-06
18.202,1790081380.67,-0.00662810982405,-3.97686977822e-05,0.115482336683,-1.95759876525e-05,0.00348608101854,-3.34734487523e-06
18.222,1790081380.69,-0.00682010529189,-3.95874785535e-05,0.115607434875,-1.95462087331e-05,0.0035624409639,-3.35006406952e-06
18.242,1790081380.71,-0.00699815766262,-3.93294549032e-05,0.115784467337,-1.94906586719e-05,0.00363059375253,-3.35872876416e-06
18.262,1790081380.72,-0.00716196256577,-3.89948211416e-05,0.115975335938,-1.93793043248e-05,0.0036907677162,-3.36907366882e-06
18.282,1790081380.75,-0.00731124454186,-3.8584051054e-05,0.116133517267,-1.9193008288e-05,0.00374328258827,-3.37589398617e-06
18.302,1790081380.77,-0.00744582071865,-3.80978344689e-05,0.116283088489,-1.89217597584e-05,0.00378787441843,-3.38186880659e-06
18.322,1790081380.79,-0.00756549862765,-3.75373133441e-05,0.11639596347,-1.8566170344e-05,0.00382483302116,-3.38370130312e-06
18.342,1790081380.81,-0.00767018476735,-3.69036403569e-05,0.116560033702,-1.81309356641e-05,0.00385329249515,-3.39136097939e-06
18.362,1790081380.83,-0.00775974502338,-3.61986537029e-05,0.116737665799,-1.76278873404e-05,0.00387358278431,-3.4006301205e-06
18.382,1790081380.85,-0.0078340784215,-3.54245146904e-05,0.116882883433,-1.7070958072e-05,0.00388613050964,-3.40633326204e-06
18.402,1790081380.87,-0.00789314991938,-3.45833640341e-05,0.117019518499,-1.64724144545e-05,0.00389072995612,-3.41117352388e-06
18.422,1790081380.88,-0.00793693506306,-3.36776977544e-05,0.117119896291,-1.58442930488e-05,0.00388776829788,-3.41186852752e-06
18.442,1790081380.9,-0.00796546286133,-3.27095915862e-05,0.11727100618,-1.51934249592e-05,0.00387641444387,-3.41840980842e-06
18.462,1790081380.93,-0.00797877018833,-3.16817841065e-05,0.117435517688,-1.4526475081e-05,0.00385709422365,-3.42655797753e-06
18.482,1790081380.95,-0.0079769295485,-3.05971345469e-05,0.117567897369,-1.38476497277e-05,0.00383033350187,-3.43111968252e-06
18.502,1790081380.97,-0.00796005089296,-2.94581979843e-05,0.11769168371,-1.31575361637e-05,0.00379599216273,-3.43479696248e-06
18.522,1790081380.99,-0.00792827331599,-2.8267845152e-05,0.117779602833,-1.24564729887e-05,0.00375454585153,-3.43431523817e-06
18.542,1790081381.01,-0.00788174360385,-2.70282986514e-05,0.117917669287,-1.17414968641e-05,0.00370521883937,-3.43968410925e-06
18.562,1790081381.02,-0.00782066206096,-2.57425856059e-05,0.118068946055,-1.10117263754e-05,0.00364851979434,-3.44666286404e-06
18.582,1790081381.05,-0.00774526511921,-2.44138597619e-05,0.118188436178,-1.02666673887e-05,0.00358505656823,-3.45006252501e-06
18.602,1790081381.07,-0.00765574275318,-2.31007730547e-05,0.11829636737,-4.06916072176e-05,0.0034832701104,-1.64439701472e-06
18.622,1790081381.09,-0.00755260774055,-2.15816132856e-05,0.118373513875,-3.99134334483e-05,0.0034063276936,-1.64294304149e-06
18.642,1790081381.11,-0.00743606992872,-1.99053947932e-05,0.118502217463,-3.9087323672e-05,0.00332240057898,-1.64854077377e-06
18.662,1790081381.13,-0.00730649217927,-1.8068550576e-05,0.118636426054,-3.46480959119e-05,0.00323576759439,-1.7624901e-06
18.682,1790081381.15,-0.00716423633621,-1.60873901451e-05,0.118745124792,-2.57691265156e-05,0.00314782666873,-2.00608375611e-06
18.702,1790081381.17,-0.007009635992,-1.40049695698e-05,0.118839060342,-1.67093745822e-05,0.00305444915573,-2.25300116632e-06
18.722,1790081381.19,-0.00684307191784,-1.18577632802e-05,0.118901856499,-7.84428009141e-06,0.00295600468551,-2.49504399245e-06
18.742,1790081381.21,-0.00666485422405,-9.68175777773e-06,0.119017216533,-2.58730950624e-07,0.00285022555381,-2.72504293532e-06
18.762,1790081381.23,-0.00647543928437,-7.50844496569e-06,0.119137838816,5.42784322761e-06,0.0027374734274,-2.9273477835e-06
18.782,1790081381.25,-0.00627529868179,-5.3605302848e-06,0.119233430306,9.18097252058e-06,0.00261821758152,-3.09738425159e-06
18.802,1790081381.27,-0.00606489362392,-3.25232761186e-06,0.119314583198,1.11410062315e-05,0.00249274466399,-3.23692282532e-06
18.822,1790081381.29,-0.00584473441152,-1.1909597472e-06,0.119366571398,1.16706408963e-05,0.00236193933161,-3.34662898001e-06
18.842,1790081381.31,-0.0056152444468,8.2323115637e-07,0.119468693276,1.12278441035e-05,0.00222573147447,-3.4395777904e-06
18.862,1790081381.33,-0.00537701138029,2.79240491886e-06,0.11957592395,1.02653042051e-05,0.00208531144041,-3.51398819807e-06
18.882,1790081381.35,-0.00513062353165,4.72081874918e-06,0.119658361718,9.18159575176e-06,0.00194166146628,-3.56980617994e-06
18.902,1790081381.37,-0.00487663491527,6.61343371361e-06,0.11972645946,8.27897277049e-06,0.00179529216062,-3.6114065767e-06
18.922,1790081381.39,-0.00461564006607,8.47402824146e-06,0.119765785668,7.74884076948e-06,0.0016469101986,-3.63961869133e-06
18.942,1790081381.41,-0.00434811582279,1.03055898474e-05,0.119854559208,7.67701448094e-06,0.00149616075991,-3.66625536442e-06
18.962,1790081381.43,-0.00407471428637,1.21079730463e-05,0.119948353003,8.06077984742e-06,0.00134376760047,-3.6876755775e-06
18.982,1790081381.45,-0.00379607478548,1.38792663261e-05,0.120017652779,8.83332728405e-06,0.00119024323579,-3.70168528619e-06
19.002,1790081381.47,-0.00351278669966,1.56163372826e-05,0.120072764295,9.89023856777e-06,0.00103570657544,-3.71054896536e-06
19.022,1790081381.49,-0.00322547763223,1.7314684712e-05,0.120099409122,1.11135875058e-05,0.000880544598315,-3.71318752063e-06
19.042,1790081381.51,-0.00293464209239,1.89699524284e-05,0.120174653156,1.23906444904e-05,0.000724274118023,-3.71978587509e-06
19.062,1790081381.53,-0.00264095820248,2.05765747141e-05,0.120254824349,1.36286482179e-05,0.000567493838757,-3.72542937194e-06
19.082,1790081381.55,-0.00234508506824,2.21293239547e-05,0.120310808911,1.47608688629e-05,0.000410694187074,-3.72693527528e-06
19.102,1790081381.57,-0.00204767473144,2.35737433507e-05,0.120351817012,-1.36319676365e-05,0.000283442095701,-1.99223240458e-06
19.122,1790081381.59,-0.00174914819063,2.51182234276e-05,0.12036580258,-1.28030399221e-05,0.000127440660358,-1.98686823073e-06
19.142,1790081381.61,-0.00145000295879,2.6758184713e-05,0.120428708688,1.441612276e-05,-5.47750082247e-05,-3.5525544693e-06
19.162,1790081381.63,-0.00115110379249,2.83056576552e-05,0.120495812493,1.83865135073e-05,-0.000212883343915,-3.65863405732e-06
19.182,1790081381.65,-0.000853069415213,2.98358795778e-05,0.12053990658,5.41082075545e-05,-0.000373568809741,-3.92945693425e-06
19.202,1790081381.67,-0.000556582684201,3.10536727667e-05,0.120568120067,2.99520589944e-05,-0.000500411218995,-2.34656100411e-06
19.222,1790081381.69,-0.000262042999003,3.22126134437e-05,0.120570015723,4.25808168833e-05,-0.000661878580581,-3.05316899512e-06
19.242,1790081381.71,2.99912102958e-05,3.32208714087e-05,0.120619389553,6.47534917103e-05,-0.000834119213647,-4.57023880085e-06
19.262,1790081381.73,0.000318669924054,3.38830599082e-05,0.120671752987,3.15235110451e-05,-0.000952319415225,-3.02142142038e-06
19.282,1790081381.75,0.000603601525733,3.44920739442e-05,0.120702823578,4.10823497583e-05,-0.00108301755642,-3.96126431688e-06
19.302,1790081381.77,0.000884222447833,3.48609325945e-05,0.120717864985,4.1680501752e-06,-0.00119117570463,-2.27046475889e-06
19.322,1790081381.79,0.00116017597063,3.53006004813e-05,0.120707462094,1.98990667696e-05,-0.00132411234336,-2.29318566266e-06
19.342,1790081381.81,0.00143100458437,3.56315000345e-05,0.120742565042,1.57265123728e-05,-0.00145840383776,-2.33756045647e-06
19.362,1790081381.83,0.00169607725628,3.58606250863e-05,0.120781416954,-1.25676938222e-05,-0.00156690928423,-8.31908202149e-07
19.382,1790081381.85,0.00195502147434,3.62341921222e-05,0.120798964834,1.61969433681e-05,-0.00170257691597,-1.0615292225e-06
19.402,1790081381.87,0.00220721597376,3.64503528873e-05,0.120801313891,-1.14977725229e-05,-0.00180610250403,3.87197144499e-07
19.422,1790081381.89,0.00245235758567,3.67836346646e-05,0.120778317977,4.08165854078e-06,-0.00194641462463,-5.71805820374e-07
19.442,1790081381.91,0.00268994308452,3.71258624259e-05,0.120801121862,3.36345824859e-05,-0.0020970158413,-2.41527509928e-06
19.462,1790081381.93,0.00291930615833,3.72501380807e-05,0.120824992089,1.11975834072e-05,-0.00224504849725,-1.31708970591e-06
19.482,1790081381.95,0.00313979082607,3.73765575219e-05,0.120830490214,1.7105084605e-05,-0.00235996475306,-1.82842311415e-06
19.502,1790081381.97,0.00335098023613,3.73314946056e-05,0.120819234684,-3.73844050013e-05,-0.00246154407804,-2.08660200015e-06
19.522,1790081381.99,0.00355246438143,3.75189727737e-05,0.120785100206,-3.80469216652e-05,-0.00254669792173,-2.37529670903e-06
19.542,1790081382.01,0.0037439854755,3.79432404789e-05,0.120795741973,1.24003124381e-05,-0.00261916110769,-2.74837185331e-06
19.562,1790081382.03,0.0039252232479,3.81628863385e-05,0.120807552037,-3.26116632377e-05,-0.00268273997609,-2.98456488079e-06
19.582,1790081382.05,0.00409591325194,3.86087175031e-05,0.12080042182,-1.79623950543e-05,-0.0027394073769,-3.24817397838e-06
19.602,1790081382.07,0.00425584189539,3.91128686922e-05,0.1207749645,-9.38257386605e-06,-0.00279151758155,-3.46725408127e-06
19.622,1790081382.09,0.00440480602408,3.96527075141e-05,0.120728604418,-1.31899199338e-06,-0.0028402889446,-3.64647870944e-06
19.642,1790081382.11,0.00454266524036,4.02056345238e-05,0.120727472483,1.06846530194e-05,-0.00288646169379,-3.80229544533e-06
19.662,1790081382.13,0.00466920346988,4.07112026371e-05,0.120724221915,1.99318094461e-05,-0.00292976932507,-3.92669045106e-06
19.682,1790081382.15,0.00478423967634,4.11346793173e-05,0.120704075068,2.72058197765e-05,-0.00296960599872,-4.02267201699e-06
19.702,1790081382.17,0.00488761900691,4.14466318769e-05,0.120665821494,3.20284226636e-05,-0.0030051927655,-4.09391005123e-06
19.722,1790081382.19,0.00497919987395,4.16277777388e-05,0.120607125894,3.42043097548e-05,-0.0030356679806,-4.14370294797e-06
19.742,1790081382.21,0.00505889102179,4.16707133846e-05,0.120592798069,3.4276721571e-05,-0.00306047283698,-4.18463428266e-06
19.762,1790081382.23,0.00512657342745,4.15761541612e-05,0.12057632407,3.27620950237e-05,-0.00307882656035,-4.21344985897e-06
19.782,1790081382.25,0.00518216868791,4.13512448035e-05,0.120543318881,3.0269258431e-05,-0.0030902558761,-4.23085486512e-06
19.802,1790081382.27,0.00522563487036,4.10069321159e-05,0.120492598241,2.73719967854e-05,-0.00309454406107,-4.23872627415e-06
19.822,1790081382.29,0.00525695538835,4.05554735431e-05,0.120421753642,2.45194589848e-05,-0.00309164715909,-4.23830848139e-06
19.842,1790081382.31,0.00527615139486,4.00085176312e-05,0.120394199214,2.20239573748e-05,-0.00308187252822,-4.23974845758e-06
19.862,1790081382.33,0.00528325554031,3.9376300132e-05,0.12036448175,2.00570136182e-05,-0.00306529237089,-4.23771944357e-06
19.882,1790081382.35,0.00527833218823,3.86666605622e-05,0.120318479866,1.86630857656e-05,-0.00304212765634,-4.23107078453e-06
19.902,1790081382.37,0.00526147622836,3.78849882548e-05,0.120255053258,1.77911692616e-05,-0.0030126576469,-4.22015021815e-06
19.922,1790081382.39,0.00523280467651,3.70344923834e-05,0.120171869829,1.7328848098e-05,-0.00297714279542,-4.20501523261e-06
19.942,1790081382.41,0.0051924476301,3.61164288143e-05,0.120130879129,1.71332051771e-05,-0.00293600382253,-4.19485122133e-06
19.962,1790081382.43,0.00514057432169,3.51314869059e-05,0.120087682451,1.70635380126e-05,-0.00288931586213,-4.18371659887e-06
19.982,1790081382.45,0.0050773711185,3.40797635188e-05,0.120028526865,1.6997079491e-05,-0.00283720975335,-4.16999659358e-06
20.002,1790081382.47,0.00500304607662,3.29613618213e-05,0.119952314941,1.68413467716e-05,-0.00277982507451,-4.15367751464e-06
20.022,1790081382.49,0.00491782589354,3.17767960748e-05,0.119856776848,1.65386816071e-05,-0.00271728148692,-4.13453134455e-06
20.042,1790081382.51,0.00482192921231,3.05268302054e-05,0.11980239429,1.6062452594e-05,-0.0026498782883,-4.12143503928e-06
20.062,1790081382.53,0.00471564021876,2.92136075473e-05,0.119745804957,1.54160828216e-05,-0.00257761097561,-4.10827137269e-06
20.082,1790081382.55,0.00459924915057,2.78397928649e-05,0.119673571274,1.46215874471e-05,-0.0025005767001,-4.09324081458e-06
20.102,1790081382.57,0.00447306158723,2.64085895663e-05,0.119584632938,1.37119483076e-05,-0.002418919334,-4.07615658968e-06
20.122,1790081382.59,0.00433739987468,2.49236556814e-05,0.119476760741,1.27240943663e-05,-0.00233280117393,-4.05664138236e-06
20.142,1790081382.61,0.00419256081519,2.33884791427e-05,0.119408894575,1.16912682491e-05,-0.00224259861977,-4.04337703785e-06
20.162,1790081382.63,0.00403892825747,2.18074920465e-05,0.119338774992,1.06432236736e-05,-0.00214838244333,-4.03020613073e-06
20.182,1790081382.65,0.00387688165128,2.01849473885e-05,0.119253312423,9.60111714569e-06,-0.00205033488979,-4.01528390726e-06
20.202,1790081382.67,0.00370680871587,1.85249735092e-05,0.119151491841,8.57763529055e-06,-0.0019486767553,-3.99839149158e-06
20.222,1790081382.69,0.00352911054378,1.68316120069e-05,0.119031199855,7.57826877919e-06,-0.00184363911871,-3.97914912197e-06
20.242,1790081382.71,0.00334414715346,1.51082789879e-05,0.118949785336,6.60145370712e-06,-0.0017356741455,-3.96615815498e-06
20.262,1790081382.73,0.00315237987012,1.33591542122e-05,0.118866070129,5.64379228392e-06,-0.00162488335811,-3.9533168673e-06
20.282,1790081382.75,0.00295425538037,1.15880912695e-05,0.118767350394,4.69947000848e-06,-0.00151147834436,-3.93881314687e-06
20.302,1790081382.77,0.00275022256443,9.7248698885e-06,0.118651157097,-4.23019188343e-05,-0.00139563284819,-3.96686188411e-06
20.322,1790081382.79,0.00254073401184,8.10597042718e-06,0.118519541839,-4.32373960615e-05,-0.00127762321019,-3.94855332377e-06
20.342,1790081382.81,0.00232619740202,6.65631756645e-06,0.118424439651,-4.41124188463e-05,-0.00115805540164,-3.93633490953e-06
20.362,1790081382.83,0.00210712609908,5.39217658692e-06,0.118324334406,-3.85004848688e-05,-0.00103685153835,-3.91705151845e-06
20.382,1790081382.85,0.00188400149434,4.28981727898e-06,0.118213785739,-2.7493679949e-05,-0.000914349143949,-3.89097084456e-06
20.402,1790081382.87,0.00165731560493,3.29578205958e-06,0.118083382957,-1.6236831861e-05,-0.000790736615941,-3.86208444157e-06
20.422,1790081382.89,0.00142754602541,2.36417590201e-06,0.117939531401,-5.63265872368e-06,-0.000666292429654,-3.8323729813e-06
20.442,1790081382.91,0.00119512088724,1.45024176938e-06,0.117833589926,2.82154495464e-06,-0.000541525481033,-3.81159142285e-06
20.462,1790081382.93,0.000960546459656,4.86237904299e-07,0.117722260127,-1.24054613033e-05,-0.000395492152844,-2.6116806137e-06
20.482,1790081382.95,0.000724472833116,-3.99135671032e-07,0.11759870598,-9.58612499231e-06,-0.000270389634534,-2.59611702568e-06
20.502,1790081382.97,0.000487363915084,-1.25170354572e-06,0.117455648639,-9.21193617714e-06,-0.000145454656544,-2.5819538049e-06
20.522,1790081382.99,0.000249707925188,-2.06611873746e-06,0.117299245405,-7.77860803627e-06,-2.38819500331e-05,-2.6513619139e-06
20.542,1790081383.01,1.19208313163e-05,-2.84765523357e-06,0.117179426561,-5.09474131003e-06,9.42937911526e-05,-2.79738905229e-06
20.562,1790081383.03,-0.000225486002775,-3.61005923147e-06,0.117052348867,-2.84444159263e-06,0.000211415914893,-2.94632807731e-06
20.582,1790081383.05,-0.00046205082846,-4.36187250041e-06,0.116915318424,-9.02504727289e-07,0.000327653490496,-3.09137485524e-06
20.602,1790081383.07,-0.000697308755412,-5.11125767855e-06,0.116759348118,4.32694404004e-07,0.000443527074025,-3.22103931251e-06
20.622,1790081383.09,-0.000930813378819,-5.8636505785e-06,0.116590479887,1.07193276618e-06,0.000559083238496,-3.33163299869e-06
20.642,1790081383.11,-0.00116216826969,-6.62157723843e-06,0.116456992611,1.09779180365e-06,0.000673768724193,-3.43055361627e-06
20.662,1790081383.13,-0.00139087375659,-7.38475508408e-06,0.116316427365,6.219190665e-07,0.000787478132781,-3.51158285123e-06
20.682,1790081383.15,-0.0016164803492,-8.15099448311e-06,0.116166164209,-1.96018035072e-07,0.000899718449422,-3.57590940772e-06
20.702,1790081383.17,-0.00183853833813,-8.9167392862e-06,0.115997529245,-1.19519059444e-06,0.00101005124883,-3.62388676305e-06
20.722,1790081383.19,-0.00205662145701,-9.6778248189e-06,0.115816409459,-2.23701531079e-06,0.00111794761269,-3.65834571324e-06
20.742,1790081383.21,-0.00227035699623,-1.04301401499e-05,0.115669382092,-3.21552025177e-06,0.00122262230165,-3.68886260602e-06
20.762,1790081383.23,-0.00247928983324,-1.11695614828e-05,0.11551542744,-4.06330282261e-06,0.00132400461626,-3.71034358871e-06
20.782,1790081383.25,-0.00268301958072,-1.1892696851e-05,0.115352073318,-4.74928781586e-06,0.00142180977984,-3.72394201129e-06
20.802,1790081383.27,-0.00288115547522,-1.25968302215e-05,0.11517096034,-5.2722742821e-06,0.00151591994933,-3.72944181351e-06
20.822,1790081383.29,-0.00307333460419,-1.3279974233e-05,0.114977678083,-5.65223182407e-06,0.00160615572426,-3.72882763089e-06
20.842,1790081383.31,-0.00325924616019,-1.39408592246e-05,0.114817137488,-5.92119110925e-06,0.00169204107436,-3.73066349357e-06
20.862,1790081383.33,-0.003438516401,-1.45783694214e-05,0.114649854575,-6.11534862391e-06,0.00177380684007,-3.72903163881e-06
20.882,1790081383.35,-0.0036108225595,-1.51918034816e-05,0.114473347872,-6.26861165047e-06,0.00185138122745,-3.72420364514e-06
20.902,1790081383.37,-0.00377585540809,-1.57805968958e-05,0.114279606856,-6.40864313664e-06,0.00192479058722,-3.71519179366e-06
20.922,1790081383.39,-0.00393333231128,-1.63442579272e-05,0.114074087908,-6.55468252539e-06,0.00199393008571,-3.70327407635e-06
20.942,1790081383.41,-0.00408301567967,-1.68823583979e-05,0.113899943113,-6.71719470127e-06,0.00205833120375,-3.69628845777e-06
20.962,1790081383.43,-0.00422462433886,-1.73941631612e-05,0.113719215994,-6.89934231066e-06,0.00211823439681,-3.68788498425e-06
20.982,1790081383.45,-0.00435792168431,-1.78789473507e-05,0.113529559538,-7.09828272584e-06,0.00217354744738,-3.67791152634e-06
21.002,1790081383.47,-0.00448268769337,-1.83359066165e-05,0.113323296296,-7.30749349128e-06,0.00222427808609,-3.66504562922e-06
21.022,1790081383.49,-0.00459872731463,-1.87642195517e-05,0.113105634912,-7.51856297695e-06,0.00227030964819,-3.65026345786e-06
21.042,1790081383.51,-0.00470588323741,-1.91631313144e-05,0.11291794603,-7.72270664872e-06,0.00231116467352,-3.64106643118e-06
21.062,1790081383.53,-0.00480397562245,-1.95317531525e-05,0.112723841824,-7.91265849084e-06,0.00234711353294,-3.63102844408e-06
21.082,1790081383.55,-0.00489286233147,-1.98693258021e-05,0.11252107315,-8.08268388758e-06,0.00237810155309,-3.6198705971e-06
21.102,1790081383.57,-0.0049724207147,-2.017517087e-05,0.112302307555,-8.22917413104e-06,0.00240418767646,-3.60619221515e-06
21.122,1790081383.59,-0.00504255108756,-2.04487214543e-05,0.112072518776,-8.3503342438e-06,0.00242531608337,-3.59087711563e-06
21.142,1790081383.61,-0.00510318346109,-2.06895560172e-05,0.111871296366,-8.4456727996e-06,0.0024410702062,-3.58125625372e-06
21.162,1790081383.63,-0.00515424555961,-2.0897259954e-05,0.111663851,-8.51642104839e-06,0.00245179160664,-3.57095795854e-06
21.182,1790081383.65,-0.00519569473989,-2.10715573727e-05,0.11144799559,-8.564218025e-06,0.00245749361256,-3.55966589655e-06
21.202,1790081383.67,-0.00522750934005,-2.12122662621e-05,0.111216750553,-8.59107618523e-06,0.00245829774321,-3.54597378697e-06
21.222,1790081383.69,-0.00524968754209,-2.13192910299e-05,0.110974825891,-8.59882165922e-06,0.00245420934458,-3.53072132498e-06
21.242,1790081383.71,-0.00526224835994,-2.13926230944e-05,0.110759963093,-8.58866346499e-06,0.00244487028,-3.52109898419e-06
21.262,1790081383.73,-0.00526522653579,-2.14322917882e-05,0.110539036473,-8.56205098761e-06,0.0024306706162,-3.51083120554e-06
21.282,1790081383.75,-0.00525867766151,-2.14384026245e-05,0.110309992906,-8.51972030676e-06,0.00241167255964,-3.49960271754e-06
21.302,1790081383.77,-0.00524267846088,-2.14111291486e-05,0.110066211308,-8.46215351899e-06,0.00238804030213,-3.48602324703e-06
21.322,1790081383.79,-0.00521732172657,-2.13506987743e-05,0.109812117989,-8.38944124564e-06,0.0023598251347,-3.4709021206e-06
21.342,1790081383.81,-0.00518271219153,-2.12573831817e-05,0.109583582627,-8.30116053708e-06,0.00232672194181,-3.4613018521e-06
21.362,1790081383.83,-0.0051390076156,-2.11536276188e-05,0.109348682425,-2.29421219243e-05,0.00230389847336,-2.60010974078e-06
21.382,1790081383.85,-0.00508624924177,-2.0933610699e-05,0.109106364428,-2.28229640597e-05,0.00226197298491,-2.58888492524e-06
21.402,1790081383.87,-0.00502463137681,-2.06241891301e-05,0.108849906581,-2.26641402801e-05,0.00221586641988,-2.57604824225e-06
21.422,1790081383.89,-0.00495432113548,-2.02133391208e-05,0.108583773525,-1.46424399114e-05,0.00215784956153,-2.95691684775e-06
21.442,1790081383.91,-0.00487555177285,-1.97151864422e-05,0.108342316517,1.38978839867e-05,0.00209944913954,-3.07675193357e-06
21.462,1790081383.93,-0.00478857952484,-1.93362241291e-05,0.108093893211,3.98407832961e-06,0.00205122565174,-2.37087428397e-06
21.482,1790081383.95,-0.00469354892026,-1.89499942631e-05,0.10783909851,6.91786070575e-06,0.00198621514085,-2.44597098855e-06
21.502,1790081383.97,-0.00459076831337,-1.86219183525e-05,0.107569492148,-9.41257765649e-06,0.00193375599618,-1.64407782877e-06
21.522,1790081383.99,-0.00448038710544,-1.82344961176e-05,0.107291565593,-1.28764132766e-05,0.00186204610952,-1.73351708925e-06
21.542,1790081384.01,-0.0043626946124,-1.77953860656e-05,0.107036916611,-1.5761859408e-05,0.00178612376762,-1.86027706728e-06
21.562,1790081384.03,-0.00423800569723,-1.73302530079e-05,0.106774368535,-4.30399135538e-05,0.00170548292484,-2.03546027644e-06
21.582,1790081384.05,-0.00410663583354,-1.66444842434e-05,0.106506079552,-4.14666848266e-05,0.00162078798654,-2.25736069362e-06
21.602,1790081384.07,-0.00396892837925,-1.57946161281e-05,0.106222343805,-3.89515070735e-05,0.0015341497195,-2.46485043314e-06
21.622,1790081384.09,-0.00382521747135,-1.47834822882e-05,0.105931977155,-3.18380237878e-05,0.00144599878537,-2.65542841154e-06
21.642,1790081384.11,-0.0036758275604,-1.36419897268e-05,0.105663275225,-2.19744889501e-05,0.0013565690796,-2.8281136501e-06
21.662,1790081384.13,-0.00352113244447,-1.24150333157e-05,0.105386284531,-1.23669893234e-05,0.00126639642459,-2.97302779634e-06
21.682,1790081384.15,-0.0033614821457,-1.11417317233e-05,0.105104662389,-3.81117787671e-06,0.00117542417232,-3.09200205404e-06
21.702,1790081384.17,-0.00319724161476,-9.85741986525e-06,0.104808488539,2.79536084424e-06,0.00108368631763,-3.18434290791e-06
21.722,1790081384.19,-0.00302876291527,-8.58845443255e-06,0.104505941186,7.18424971069e-06,0.000990973024721,-3.25452260406e-06
21.742,1790081384.21,-0.00285638526279,-7.35155750676e-06,0.1042234274,9.5059806665e-06,0.000896890908757,-3.31168098142e-06
21.762,1790081384.23,-0.00268050180508,-6.15527707097e-06,0.103933040911,1.0128986759e-05,0.000801673820484,-3.35230084831e-06
21.782,1790081384.25,-0.00250148223988,-5.00104267721e-06,0.103638121269,9.55830553857e-06,0.000705300561789,-3.38007175234e-06
21.802,1790081384.27,-0.00231971298345,-3.88565469523e-06,0.10332949065,8.31054629775e-06,0.000607987575579,-3.39519228158e-06
21.822,1790081384.29,-0.00213556818535,-2.80329233465e-06,0.103014779589,6.8389000728e-06,0.000509838898088,-3.40164690863e-06
21.842,1790081384.31,-0.00194942269622,-1.73383296581e-06,0.102718130338,1.45328139923e-05,0.000419868342574,-3.93584817059e-06
21.862,1790081384.33,-0.00176162383349,-7.36837785516e-07,0.102414298813,1.35275407392e-05,0.000320502407975,-3.9357051031e-06
21.882,1790081384.35,-0.00157257450703,2.08021347841e-07,0.102106055103,1.29544425036e-05,0.000220998561821,-3.93126916903e-06
21.902,1790081384.37,-0.00138267049066,1.10034978861e-06,0.101784988863,1.144970871e-05,0.000120355694964,-3.8796623003e-06
21.922,1790081384.39,-0.0011923000236,1.94667486547e-06,0.101458125457,9.39206182026e-06,1.92121476485e-05,-3.79662234905e-06
21.942,1790081384.41,-0.00100183898078,2.7567847962e-06,0.10114792868,7.58011227253e-06,-8.15166357267e-05,-3.71570052998e-06
21.962,1790081384.43,-0.000811705889649,3.53785302722e-06,0.100830686636,6.11169066118e-06,-0.000181167466634,-3.63443839634e-06
21.982,1790081384.45,-0.000622288978893,4.29599352155e-06,0.100509170681,5.16638446382e-06,-0.000279285142383,-3.55848781775e-06
22.002,1790081384.47,-0.000433980272836,5.03492980208e-06,0.100175710993,4.76684005163e-06,-0.000375484659841,-3.48759042636e-06
22.022,1790081384.49,-0.000247150265499,5.75610968793e-06,0.099836711046,4.84069426016e-06,-0.000469655697032,-3.42369274855e-06
22.042,1790081384.51,-6.21478527704e-05,6.4591033219e-06,0.0995125956235,5.27722506979e-06,-0.000561906731014,-3.3721532449e-06
22.062,1790081384.53,0.000120645156723,7.14186273243e-06,0.0991818335103,5.94252106684e-06,-0.00065199842949,-3.32615816734e-06
22.082,1790081384.55,0.000300878556264,7.8015430208e-06,0.0988469351006,6.70915019619e-06,-0.000739938873411,-3.28559451885e-06
22.102,1790081384.57,0.000478202004757,8.43491671481e-06,0.0985010081679,7.47179240455e-06,-0.000825621269029,-3.24740150555e-06
22.122,1790081384.59,0.000652285552738,9.03887028967e-06,0.0981498360512,8.15483051208e-06,-0.000909039585274,-3.21242783961e-06
22.142,1790081384.61,0.000822819190283,9.61069943648e-06,0.0978117915195,8.71416463152e-06,-0.000990285088354,-3.18552223081e-06
22.162,1790081384.63,0.000989467598868,1.01481273014e-05,0.0974675408954,9.13395429372e-06,-0.00106906986509,-3.16021513267e-06
22.182,1790081384.65,0.0011519241812,1.0649528812e-05,0.0971192988217,9.42001187397e-06,-0.0011452862009,-3.13678568435e-06
22.202,1790081384.67,0.00130988570508,1.11138125859e-05,0.0967609599766,9.59255553999e-06,-0.00121871902202,-3.11273714382e-06
22.222,1790081384.69,0.00146306895222,1.1540370976e-05,0.0963976897349,9.67882903429e-06,-0.00128925433302,-3.0893798407e-06
22.242,1790081384.71,0.00161121053938,1.19289569588e-05,0.0960457491197,9.70709245973e-06,-0.00135688917709,-3.07185065416e-06
22.262,1790081384.73,0.00175402177094,1.22691252716e-05,0.09568779114,2.20704691995e-06,-0.00141382659444,-2.61779541279e-06
22.282,1790081384.75,0.00189130928038,1.26180345034e-05,0.095326319853,4.65226129751e-06,-0.00147740867595,-2.74401290228e-06
22.302,1790081384.77,0.0020227980463,1.29233127056e-05,0.0949551327462,-1.04339146543e-05,-0.00153495821742,-2.71018222387e-06
22.322,1790081384.79,0.00214827386837,1.33055468784e-05,0.0945799454653,-5.1255774133e-06,-0.00159017125616,-2.72759819866e-06
22.342,1790081384.81,0.00226752783213,1.37010111568e-05,0.094214134871,-3.53587221319e-06,-0.00164228864402,-2.76019478445e-06
22.362,1790081384.83,0.00238035392072,1.41053433417e-05,0.0938423916289,-6.3119771437e-06,-0.00169693153757,-2.4008580788e-06
22.382,1790081384.85,0.00248651903774,1.45480639549e-05,0.093467879669,-1.90039926528e-06,-0.00174100332969,-2.42652160047e-06
22.402,1790081384.87,0.0025858599904,1.4978712629e-05,0.0930844910499,-1.131282692e-05,-0.00178093921158,-2.43220565019e-06
22.422,1790081384.89,0.00267822107927,1.54789925532e-05,0.0926974183347,-7.13778096923e-06,-0.00181546796058,-2.47801234215e-06
22.442,1790081384.91,0.00276347384883,1.60065703053e-05,0.0923182673934,-3.33527707912e-06,-0.00184530814393,-2.54150201966e-06
22.462,1790081384.93,0.00284149649111,1.65494450417e-05,0.0919330170499,1.7168987429e-06,-0.00187092147345,-2.60122727116e-06
22.482,1790081384.95,0.0029121908454,1.70862253722e-05,0.091545170539,7.0179653892e-06,-0.0018925882988,-2.65593852542e-06
22.502,1790081384.97,0.00297547109455,1.75937984538e-05,0.0911491398353,1.14297035174e-05,-0.00191050285769,-2.6996503495e-06
22.522,1790081384.99,0.00303126935269,1.80545656904e-05,0.0907499596726,1.47600886813e-05,-0.00192482360103,-2.73416254656e-06
22.542,1790081385.01,0.00307952838761,1.84591376246e-05,0.0903566579185,1.97078215995e-05,-0.00193279329583,-2.93036288717e-06
22.562,1790081385.03,0.00312022339575,1.87789776344e-05,0.0899580603043,2.06265305465e-05,-0.00193999841358,-2.95150381773e-06
22.582,1790081385.05,0.0031533214355,1.90163062395e-05,0.0895568355623,2.06150134236e-05,-0.00194352720367,-2.9659169369e-06
22.602,1790081385.07,0.00317880908417,1.91708306116e-05,0.0891486144375,1.94835118241e-05,-0.00194370589328,-2.95810883227e-06
22.622,1790081385.09,0.00319668599845,1.92478821855e-05,0.0887373737085,1.77281415246e-05,-0.00194029087009,-2.93757177464e-06
22.642,1790081385.11,0.00320696574334,1.92553192634e-05,0.0883301175522,1.58410467778e-05,-0.00193306672225,-2.91693521973e-06
22.662,1790081385.13,0.00320967585307,1.92010222171e-05,0.0879181605917,1.40801845968e-05,-0.00192183232365,-2.89250638568e-06
22.682,1790081385.15,0.00320486037154,1.90922679737e-05,0.0875035445785,1.26427386778e-05,-0.00190654600165,-2.86769206977e-06
22.702,1790081385.17,0.00319257953201,1.89348365428e-05,0.087083131016,1.16044003332e-05,-0.0018871725413,-2.84080160239e-06
22.722,1790081385.19,0.00317290938081,1.87327749992e-05,0.0866598038218,1.095637585e-05,-0.00186382629632,-2.81441035433e-06
22.742,1790081385.21,0.0031459411951,1.84884923521e-05,0.0862384392552,1.06347549693e-05,-0.00183669852902,-2.79293772748e-06
22.762,1790081385.23,0.00311178213366,1.82030729245e-05,0.0858130742883,1.05450534515e-05,-0.00180583742622,-2.77102850882e-06
22.782,1790081385.25,0.00307055318493,1.78766712818e-05,0.0853850056931,1.05862791137e-05,-0.00177142046952,-2.75008913054e-06
22.802,1790081385.27,0.00302238989501,1.75089543719e-05,0.0849523575556,1.06673618512e-05,-0.0017335512494,-2.72755655892e-06
22.822,1790081385.29,0.00296744048311,1.70994644606e-05,0.0845169122969,1.0717194416e-05,-0.00169240714956,-2.70543942381e-06
22.842,1790081385.31,0.00290586563262,1.66479097344e-05,0.0840813797595,1.06887138869e-05,-0.0016481890447,-2.6877331846e-06
22.862,1790081385.33,0.00283783952509,1.61543630992e-05,0.0836425597391,1.05581537418e-05,-0.00160094023827,-2.66921399783e-06
22.882,1790081385.35,0.00276354719885,1.56193263061e-05,0.0832009981859,1.03213363117e-05,-0.00155080311863,-2.65120648744e-06
22.902,1790081385.37,0.00268318534449,1.50437476477e-05,0.0827560982554,9.9881874414e-06,-0.00149785185881,-2.63126905206e-06
22.922,1790081385.39,0.00259696122181,1.44289648826e-05,0.0823085241349,9.57709564339e-06,-0.00144223132502,-2.61134997494e-06
22.942,1790081385.41,0.00250509263847,1.37766274863e-05,0.0818587864892,9.10975945179e-06,-0.00138411743964,-2.59530074948e-06
22.962,1790081385.43,0.00240780730488,1.30886061883e-05,0.0814064871266,8.60703567481e-06,-0.00132356247181,-2.57816255495e-06
22.982,1790081385.45,0.00230534258049,1.23669033723e-05,0.0809514087893,8.08653513626e-06,-0.00126071603747,-2.56123079565e-06
23.002,1790081385.47,0.00219794421114,1.16135782518e-05,0.0804942526338,7.56111870422e-06,-0.00119567921941,-2.54221641372e-06
23.022,1790081385.49,0.0020858672418,1.08307042459e-05,0.0800345460092,7.03883067523e-06,-0.00112861965092,-2.52302120894e-06
23.042,1790081385.51,0.00196937545524,1.00203393817e-05,0.0795705701877,6.52339882121e-06,-0.00105973372613,-2.50734628396e-06
23.062,1790081385.53,0.00184873709789,9.18449062258e-06,0.0791047710916,6.01498521813e-06,-0.000989116456037,-2.49050467783e-06
23.082,1790081385.55,0.00172422938494,8.32514771357e-06,0.0786361586448,5.51170591805e-06,-0.000916941347965,-2.47376254568e-06
23.102,1790081385.57,0.00159613359653,7.44426448134e-06,0.0781667502626,5.01049119586e-06,-0.000843340448063,-2.45497229842e-06
23.122,1790081385.59,0.00146473904434,6.54380285779e-06,0.0776949167343,4.50823928001e-06,-0.000768495035491,-2.43596506514e-06
23.142,1790081385.61,0.00133034161156,5.62574119217e-06,0.0772166762461,4.0024098337e-06,-0.000692604371546,-2.42027222778e-06
23.162,1790081385.63,0.00119323585817,4.69317787655e-06,0.0767373919174,4.40699695132e-06,-0.000616703868784,-2.45547787436e-06
23.182,1790081385.65,0.00105371735489,3.74161482521e-06,0.0762552345273,3.88948425344e-06,-0.00053913707219,-2.43874347192e-06
23.202,1790081385.67,0.000912089069135,2.77483109223e-06,0.0757735852985,3.3638251389e-06,-0.00046096202318,-2.42000470374e-06
23.222,1790081385.69,0.000768656150702,1.79190004717e-06,0.0752895686602,5.13918342103e-07,-0.000380037903858,-2.27370957639e-06
23.242,1790081385.71,0.000623747181357,8.0121421166e-07,0.0747968024906,-8.08340416956e-06,-0.000300947885593,-2.25679587496e-06
23.262,1790081385.73,0.00047766364476,-1.40277229163e-07,0.0743040459253,-6.93164402078e-06,-0.000223675471083,-2.34241800395e-06
23.282,1790081385.75,0.000330704801456,-1.05762944567e-06,0.0738083492548,-7.30578506829e-06,-0.000144916371289,-2.32941373589e-06
23.302,1790081385.77,0.000183178702708,-1.93697425555e-06,0.0733146666134,-9.42901908382e-07,-6.66164480341e-05,-2.31625442907e-06
23.322,1790081385.79,3.53943759537e-05,-2.82166723797e-06,0.0728183184678,6.87026069731e-07,1.15681625462e-05,-2.29731398535e-06
23.342,1790081385.81,-0.000112336178052,-3.70923465552e-06,0.0723115549599,2.20022499212e-06,8.93894755316e-05,-2.27700986434e-06
23.362,1790081385.83,-0.000259720289594,-4.60386325882e-06,0.0718055304691,5.48344570449e-06,0.000169535392298,-2.42325385056e-06
23.382,1790081385.85,-0.000406427587756,-5.5314943457e-06,0.0712960066988,1.65050626416e-06,0.000242658660823,-2.21603394276e-06
23.402,1790081385.87,-0.000552198076614,-6.45561813753e-06,0.0707903401177,4.25134271915e-06,0.000321739144575,-2.40165053131e-06
23.422,1790081385.89,-0.000696698270914,-7.40500848149e-06,0.0702818602293,2.35531829632e-06,0.000395469718693,-2.3645079542e-06
23.442,1790081385.91,-0.000839633244854,-8.37060108147e-06,0.0697602318736,-5.24319867499e-06,0.000462258847529,-2.00069287129e-06
23.462,1790081385.93,-0.000980770791659,-9.30459193319e-06,0.0692409331705,-7.16176476598e-06,0.000533165874138,-1.96420860947e-06
23.482,1790081385.95,-0.00111981767103,-1.02105932372e-05,0.0687176847517,-9.06504293699e-06,0.000602310161505,-1.92188853247e-06
23.502,1790081385.97,-0.00125651840558,-1.10726814825e-05,0.0681999836515,-4.84147980729e-06,0.000675617586873,-2.17964259235e-06
23.522,1790081385.99,-0.00139056449451,-1.1932730369e-05,0.067679686593,-1.19802485712e-05,0.000742957714544,-2.18952535646e-06
23.542,1790081386.01,-0.001521691948,-1.27307726027e-05,0.0671435060713,-1.13235863075e-05,0.000808542120133,-2.19770786808e-06
23.562,1790081386.03,-0.00164965545705,-1.34857482774e-05,0.0666109203339,-1.13366048501e-05,0.000871228633444,-2.18134427749e-06
23.582,1790081386.05,-0.00177420519147,-1.41948918932e-05,0.0660741321522,-1.04839829164e-05,0.000931209346192,-2.15178184281e-06
23.602,1790081386.07,-0.00189511415847,-1.48622751667e-05,0.0655446625454,-9.26955794957e-06,0.000988614072438,-2.11689375913e-06
23.622,1790081386.09,-0.00201215164777,-1.54936036618e-05,0.0650121175113,-8.15431369492e-06,0.00104350749875,-2.08087721963e-06
23.642,1790081386.11,-0.00212508480374,-1.61034755956e-05,0.0644618243027,-1.53000729965e-05,0.00108794554483,-1.58945207034e-06
23.662,1790081386.13,-0.00223377845583,-1.66385391315e-05,0.0639159195645,-1.47120730424e-05,0.00113796705978,-1.55756037637e-06
23.682,1790081386.15,-0.00233801696437,-1.71292952313e-05,0.0633658967166,-2.4492198482e-05,0.00118558980291,-1.53744225771e-06
23.702,1790081386.17,-0.0024376228591,-1.75027788763e-05,0.0628244815408,-2.30795577222e-05,0.00123198117837,-1.5503493805e-06
23.722,1790081386.19,-0.00253240755219,-1.77850829655e-05,0.0622798916034,-2.12214013244e-05,0.00127636495157,-1.58368314172e-06
23.742,1790081386.21,-0.00262218843533,-1.79813129498e-05,0.0617148978846,-1.76640087166e-05,0.00131810618268,-1.62082945038e-06
23.762,1790081386.23,-0.00270681371267,-1.81073335479e-05,0.0611556388268,-1.3574431634e-05,0.00135673743374,-1.65526907523e-06
23.782,1790081386.25,-0.00278612752986,-1.81810086421e-05,0.0605916804043,-9.86519065687e-06,0.00139199857905,-1.68513706221e-06
23.802,1790081386.27,-0.0028599974726,-1.82174635872e-05,0.0600383255783,-6.87265608764e-06,0.00142366036642,-1.70771705889e-06
23.822,1790081386.29,-0.00292829459555,-1.82288465295e-05,0.0594817200354,-4.82680602941e-06,0.00145175818684,-1.72449265047e-06
23.842,1790081386.31,-0.00299090320457,-1.82231368914e-05,0.058902304433,-3.71147721635e-06,0.00147643536742,-1.73773438805e-06
23.862,1790081386.33,-0.00304773649632,-1.82044235525e-05,0.0583297291064,-3.38176041235e-06,0.0014976216581,-1.74509866154e-06
23.882,1790081386.35,-0.0030987087424,-1.81735947689e-05,0.0577522109831,-3.62470520869e-06,0.00151548351385,-1.74827398173e-06
23.902,1790081386.37,-0.00314375413371,-1.81292579239e-05,0.0571869724335,-4.20959055027e-06,0.00152999957187,-1.74632895706e-06
23.922,1790081386.39,-0.00318281260858,-1.80687345333e-05,0.0566184029768,-4.92930085564e-06,0.00154133349713,-1.74118593996e-06
23.942,1790081386.41,-0.00321583664118,-1.7988910957e-05,0.0560245620892,-5.62231968297e-06,0.00154966734251,-1.73508466087e-06
23.962,1790081386.43,-0.0032427993069,-1.78868587361e-05,0.0554386658294,-6.18141935158e-06,0.00155484376418,-1.72590795309e-06
23.982,1790081386.45,-0.00326367894931,-1.7760294233e-05,0.0548475499458,-6.55209875161e-06,0.00155696422732,-1.71502071015e-06
24.002,1790081386.47,-0.00327846855745,-1.76077306311e-05,0.0542703965731,-6.72315723788e-06,0.001555899005,-1.70141541475e-06
24.022,1790081386.49,-0.00328717112415,-1.74285497045e-05,0.053689833666,-6.71464285405e-06,0.00155175966318,-1.68658195668e-06
24.042,1790081386.51,-0.00328980293233,-1.72228830062e-05,0.0530815100144,-6.56475262724e-06,0.00154470690847,-1.67227451305e-06
24.062,1790081386.53,-0.00328639200172,-1.69913641433e-05,0.0524822521114,-6.31814036398e-06,0.00153452947843,-1.65643357646e-06
24.082,1790081386.55,-0.00327697878612,-1.67350572016e-05,0.0518775331825,-6.0177651548e-06,0.00152135120482,-1.64005548778e-06
24.102,1790081386.57,-0.00326161295057,-1.64551737382e-05,0.0512884988515,-5.6988742106e-06,0.00150504838659,-1.62209893996e-06
24.122,1790081386.59,-0.00324035994708,-1.61530361009e-05,0.0506959614611,-5.3867578694e-06,0.00148579284981,-1.60370703867e-06
24.142,1790081386.61,-0.00321329929434,-1.58299376359e-05,0.0500731558004,-5.09625139491e-06,0.00146381847044,-1.58625916411e-06
24.162,1790081386.63,-0.00318051126952,-1.54869589348e-05,0.0494605568138,-4.8327231433e-06,0.00143893216591,-1.56789332017e-06
24.182,1790081386.65,-0.00314209632676,-1.5125156445e-05,0.048842229385,-4.59486310449e-06,0.00141132107895,-1.54937649462e-06
24.202,1790081386.67,-0.00309815702425,-1.4745403845e-05,0.0482413183378,-4.37674465007e-06,0.00138088547803,-1.52977191677e-06
24.222,1790081386.69,-0.00304881733856,-1.43485794816e-05,0.0476368014966,-4.17059806245e-06,0.00134785185688,-1.50999663884e-06
24.242,1790081386.71,-0.00299421517659,-1.39355360584e-05,0.0469994363812,-3.96851291421e-06,0.00131250749164,-1.49116067913e-06
24.262,1790081386.73,-0.00293447629885,-1.35069575454e-05,0.0463734164029,-3.76342267299e-06,0.0012746550589,-1.47169372476e-06
24.282,1790081386.75,-0.00286975448123,-1.30636744147e-05,0.0457414092551,-3.5503543455e-06,0.0012345162055,-1.45220053354e-06
24.302,1790081386.77,-0.0028001974686,-1.26064545057e-05,0.0451285802891,-3.32621466852e-06,0.00119199252576,-1.43190610397e-06
24.322,1790081386.79,-0.00272597992041,-1.2136224976e-05,0.0445120684275,-3.09001405133e-06,0.00114734227795,-1.41153784096e-06
24.342,1790081386.81,-0.00264728980026,-1.16539884479e-05,0.0438600970924,-2.84231210513e-06,0.00110088794636,-1.39196222485e-06
24.362,1790081386.83,-0.00256428926077,-1.11605979788e-05,0.0432206223899,-2.58446778687e-06,0.00105242106357,-1.37192964348e-06
24.382,1790081386.85,-0.00247718676764,-1.06675263112e-05,0.0425745827151,-1.16304083345e-05,0.0010115010855,-8.12438832283e-07
24.402,1790081386.87,-0.00238610010098,-1.01103434435e-05,0.0419498020964,-1.13587024613e-05,0.000959407029217,-7.91802630922e-07
24.422,1790081386.89,-0.00229127324796,-9.51845111886e-06,0.04132101326,-1.97439923788e-05,0.000914396537084,-2.68348937407e-07
24.442,1790081386.91,-0.00219288907906,-8.84823491867e-06,0.0406539913818,-3.48398039872e-05,0.000874873935011,6.91008714413e-07
24.462,1790081386.93,-0.00209104056022,-7.97285565468e-06,0.0400022107848,-2.30551443162e-06,0.000816038679292,6.20865124847e-07
24.482,1790081386.95,-0.0019860140975,-7.1561255854e-06,0.039342511984,-7.87012566178e-06,0.000764373727446,1.0965954406e-06
24.502,1790081386.97,-0.00187794043716,-6.26329486819e-06,0.0387064357448,1.68853685037e-05,0.00068104191917,-9.64537846986e-08
24.522,1790081386.99,-0.00176723900393,-5.47850353952e-06,0.0380647509283,1.98868365762e-05,0.000612762807006,-3.36882184898e-07
24.542,1790081387.01,-0.00165416462032,-4.77382412859e-06,0.0373811773074,2.19813623774e-05,0.000542801015488,-6.22055729073e-07
24.562,1790081387.03,-0.00153894691926,-4.14431039158e-06,0.0367153451053,3.60071355455e-05,0.00045996813876,-1.73745271227e-06
24.582,1790081387.05,-0.00142198574848,-3.70386303699e-06,0.036041944436,2.11809382387e-05,0.000406313729642,-1.24695152303e-06
24.602,1790081387.07,-0.00130340335528,-3.28555891409e-06,0.0353948676533,5.26405450129e-05,0.00034378805534,-1.3535322069e-06
24.622,1790081387.09,-0.00118347840998,-3.16170520663e-06,0.0347417032647,3.49888331323e-05,0.00027572609731,-7.43016665751e-07
24.642,1790081387.11,-0.00106252419583,-3.15186692245e-06,0.0340436985044,2.90329923601e-05,0.000217571765349,-7.1918647907e-07
24.662,1790081387.13,-0.000940706630129,-3.22556693692e-06,0.0333653867288,5.2566321535e-05,0.000158831563792,-7.186835476e-07
24.682,1790081387.15,-0.000818276856905,-3.57222546099e-06,0.0326773766414,4.26907812421e-05,0.000101315524509,-7.49288306239e-07
24.702,1790081387.17,-0.000695432270792,-4.03835800008e-06,0.0320186826524,7.36978349346e-05,4.3384863904e-05,-8.26177471333e-07
24.722,1790081387.19,-0.000572420736421,-4.90103060498e-06,0.0313539764219,4.05477099571e-05,-1.51833056221e-05,-8.62405269687e-07
24.742,1790081387.21,-0.000449474162141,-5.90365685844e-06,0.0306419387364,7.62874484068e-06,-9.50041184366e-05,3.02291777253e-07
24.762,1790081387.23,-0.000326905952781,-6.88337293857e-06,0.029949767051,8.69059986964e-06,-0.000173041279913,-7.93744240189e-07
24.782,1790081387.25,-0.000205041967228,-7.94131717811e-06,0.029248439182,-1.69770161175e-05,-0.000245041890052,-1.19555051555e-07
24.802,1790081387.27,-8.41462070862e-05,-8.89412350755e-06,0.028579381878,-2.25820068434e-05,-0.000301091775446,-2.56524434662e-07
24.822,1790081387.29,3.55581255684e-05,-9.75494255365e-06,0.0279020097352,-2.6452919704e-05,-0.000351684522467,-3.25615115615e-07
24.842,1790081387.31,0.000153826302176,-1.05288931599e-05,0.0271766377937,-4.79418936892e-05,-0.000375744681907,8.57149939865e-07
24.862,1790081387.33,0.000270701397375,-1.10441273133e-05,0.0264709999059,-2.50173124127e-05,-0.000439840728747,-3.86675026914e-07
24.882,1790081387.35,0.000385814117903,-1.14984090932e-05,0.0257553998961,-2.04387782946e-05,-0.000484643544186,-4.82961931919e-07
24.902,1790081387.37,0.000499063787721,-1.18651639816e-05,0.025074526135,-1.15440680435e-05,-0.000534925144949,-6.90479792569e-07
24.922,1790081387.39,0.00061021789033,-1.21915331532e-05,0.0243849674799,-5.54993013676e-06,-0.000584265202466,-8.14972778167e-07
24.942,1790081387.41,0.000719059201941,-1.25006226824e-05,0.0236425001549,-1.81668890406e-06,-0.000633153197983,-8.87643843343e-07
24.962,1790081387.43,0.000825441291956,-1.28062276306e-05,0.0229254209149,-3.74983598537e-08,-0.000681819589789,-9.34846433258e-07
24.982,1790081387.45,0.000929152086817,-1.31148775711e-05,0.0221959188897,4.0010843156e-08,-0.000729463288141,-9.60173024088e-07
25.002,1790081387.47,0.00103003098629,-1.34258469819e-05,0.0215034928536,-9.94522287021e-07,-0.000776014199765,-9.71791432579e-07
25.022,1790081387.49,0.00112787103901,-1.37340887049e-05,0.0208019633748,-2.6416714763e-06,-0.00082081776547,-9.73051146212e-07
25.042,1790081387.51,0.00122247376165,-1.40322777114e-05,0.0200445503912,-4.46169510119e-06,-0.000863328345972,-9.66018453804e-07
25.062,1790081387.53,0.00131371380073,-1.43128283752e-05,0.0193140858502,-6.13527303006e-06,-0.000903757267103,-9.54122454994e-07
25.082,1790081387.55,0.00140141421227,-1.45687851143e-05,0.0185707503786,-7.4706911053e-06,-0.000941756989784,-9.38041944639e-07
25.102,1790081387.57,0.00148544953911,-1.47948376964e-05,0.0178667429688,-8.38757345724e-06,-0.000977555363793,-9.19782801463e-07
25.122,1790081387.59,0.00156565831831,-1.49873558827e-05,0.0171532482856,-8.89313791475e-06,-0.00101087425329,-8.99117701797e-07
25.142,1790081387.61,0.00164189098435,-1.51444434355e-05,0.016381005841,-9.05114743786e-06,-0.0010414711872,-8.75514533958e-07
25.162,1790081387.63,0.00171406319241,-1.52657242666e-05,0.0156373305774,-8.95275144776e-06,-0.00106978969314,-8.51168244924e-07
25.182,1790081387.65,0.00178204863473,-1.53517378855e-05,0.0148801060989,-8.69499699539e-06,-0.00109562875941,-8.25432954032e-07
25.202,1790081387.67,0.00184576504049,-1.54036665831e-05,0.0141644007943,-8.36317844273e-06,-0.00111929276036,-7.99816061694e-07
25.222,1790081387.69,0.00190510259687,-1.54229143894e-05,0.013438938728,-8.02337816357e-06,-0.00114052200373,-7.73322471869e-07
25.242,1790081387.71,0.00195996359593,-1.54108948326e-05,0.0126517755537,-7.71859741429e-06,-0.00115905421285,-7.44816247154e-07
25.262,1790081387.73,0.00201030255004,-1.53688344844e-05,0.0118947929844,-7.46922240668e-06,-0.00117530360445,-7.16672671321e-07
25.282,1790081387.75,0.00205604438673,-1.52977253526e-05,0.0111237773418,-7.27911368337e-06,-0.00118902978859,-6.87861660736e-07
25.302,1790081387.77,0.00209714831709,-1.51982652578e-05,0.0103965671686,-7.13917467347e-06,-0.00120051067193,-6.60028375349e-07
25.322,1790081387.79,0.00213355738572,-1.50709986921e-05,0.00965916182045,-7.03454104564e-06,-0.00120946572575,-6.31816589093e-07
25.342,1790081387.81,0.00216525960349,-1.49482277764e-05,0.00885788722002,-3.54364477522e-05,-0.0012441133197,1.04094354365e-06
25.362,1790081387.83,0.00219204740992,-1.46301561995e-05,0.00808746828047,-3.53515060024e-05,-0.00124791484419,1.07013215462e-06
25.382,1790081387.85,0.00221395634193,-1.41739299569e-05,0.00730260828833,-3.51757128993e-05,-0.00124905736856,1.09742260271e-06
25.402,1790081387.87,0.00223097837376,-1.35704784157e-05,0.00656383028176,-2.95307648118e-05,-0.00124248870786,9.63445599931e-07
25.422,1790081387.89,0.00224313915379,-1.28476853891e-05,0.00581448934501,-2.19344979002e-05,-0.00123147855466,7.73665285015e-07
25.442,1790081387.91,0.00225048313275,-1.20391922999e-05,0.00499746789342,-1.41663741168e-05,-0.001217566944,5.82178192019e-07
25.462,1790081387.93,0.00225307156334,-1.11767754553e-05,0.00421391802202,-7.26381185029e-06,-0.00120227546383,4.01500005992e-07
25.482,1790081387.95,0.00225096474488,-1.02889987611e-05,0.0034152263565,-1.95299869446e-06,-0.00118613064266,2.44046565325e-07
25.502,1790081387.97,0.00224422466812,-9.39666630932e-06,0.00266494202887,1.58818015e-06,-0.00116966597879,1.10312758252e-07
25.522,1790081387.99,0.00223291671404,-8.51365275855e-06,0.00190372812414,3.48670560299e-06,-0.00115251461329,1.68803491146e-09
25.542,1790081388.01,0.00221711195208,-7.64702973233e-06,0.00107178721737,4.07413242735e-06,-0.00113411363106,-8.19043692082e-08
25.562,1790081388.03,0.00219687423038,-6.79784845867e-06,0.000274983888049,3.76694481644e-06,-0.00111457266231,-1.46787013915e-07
25.582,1790081388.05,0.00217228419869,-5.96436856434e-06,-0.000537582867835,2.97394715144e-06,-0.00109329326989,-1.94006494286e-07
25.602,1790081388.07,0.00214341531349,-5.14256801095e-06,-0.00129942784188,2.03939828011e-06,-0.00107032697957,-2.28618144999e-07
25.622,1790081388.09,0.00211026908434,-4.32609572168e-06,-0.00147567372043,1.21441408409e-06,-0.0010487479414,-2.50777274857e-07
25.642,1790081388.11,0.00207296820193,-3.5128698631e-06,-0.00140227262299,6.4636628854e-07,-0.00102640422339,-2.64812570353e-07
25.662,1790081388.13,0.00203162245393,-2.70126898249e-06,-0.00125065473435,3.94544592223e-07,-0.00100223089893,-2.73482216998e-07
25.682,1790081388.15,0.00198633307907,-1.89050508873e-06,-0.00106594118718,4.50534355941e-07,-0.000975709134584,-2.78310266986e-07
25.702,1790081388.17,0.00193721049729,-1.08103136485e-06,-0.000881546970596,7.61918341605e-07,-0.00094651926679,-2.80430656645e-07
25.722,1790081388.19,0.00188437246743,-2.74256060032e-07,-0.000709670887297,1.25480186457e-06,-0.000914651217479,-2.80595865754e-07
25.742,1790081388.21,0.00182794607174,5.27725237279e-07,-0.000554855907198,1.85187484663e-06,-0.000880264371057,-2.79337948281e-07
25.762,1790081388.23,0.00176806758837,1.32244007515e-06,-0.000418009141135,2.48496107537e-06,-0.000843626719751,-2.77039780644e-07
25.782,1790081388.25,0.00170488165801,2.10731211842e-06,-0.000298279702658,3.10199819778e-06,-0.0008050495398,-2.73980259681e-07
25.802,1790081388.27,0.00163854022068,2.87986513705e-06,-0.000194161189886,3.66928042749e-06,-0.000764839072513,-2.70364915989e-07
25.822,1790081388.29,0.00156920138245,3.63785101909e-06,-0.000103955487208,4.17022198808e-06,-0.000723266562915,-2.66345888685e-07
25.842,1790081388.31,0.0014970329274,4.37488257873e-06,-2.64394200707e-05,2.91014773683e-08,-0.00068506826037,-9.63307050547e-10
25.862,1790081388.33,0.00142217095469,5.12099400685e-06,4.02982217139e-05,3.9532122306e-07,-0.000641338021007,3.55799033226e-09
25.882,1790081388.35,0.00134479617732,5.86545416852e-06,9.77814350755e-05,7.2607920997e-07,-0.000596753203365,7.80030117789e-09
25.902,1790081388.37,0.0012650817193,6.60277571685e-06,0.000147455757171,-4.04987319242e-06,-0.000550559121689,-1.36215053847e-08
25.922,1790081388.39,0.00118320951763,7.36871291017e-06,0.000190346463808,-2.59460198047e-06,-0.000503415488685,-4.32644041281e-08
25.942,1790081388.41,0.00109936493423,8.14051106905e-06,0.000227046505432,-5.59428425729e-06,-0.00045561922133,-7.45057494401e-08
25.962,1790081388.43,0.00101373743223,8.94330234034e-06,0.000258446806997,-5.03145189467e-06,-0.000409376724471,1.00920818664e-08
25.982,1790081388.45,0.000926502495393,9.77006461036e-06,0.000285240141224,-2.42265220184e-06,-0.000360926796778,-1.40956915686e-08
26.002,1790081388.47,0.000837855451116,1.0605995002e-05,0.000308149156184,-6.35538645422e-07,-0.000313811781104,5.02174063778e-08
26.022,1790081388.49,0.000747975835616,1.1447784165e-05,0.000327608223866,2.79678561743e-06,-0.00026473799423,2.23938185131e-08
26.042,1790081388.51,0.000657059396385,1.22778623614e-05,0.00034412508329,5.80467330362e-06,-0.000215510350472,-5.3055486921e-09
26.062,1790081388.53,0.000565299633395,1.30835605598e-05,0.000358121001954,7.48191994315e-06,-0.000166919462441,1.54353045961e-08
26.082,1790081388.55,0.00047288460509,1.38606804019e-05,0.00036987685027,9.43914487712e-06,-0.000117394078879,-1.73450816712e-08
26.102,1790081388.57,0.000380010605463,1.45995463846e-05,0.000379718925429,1.07112042294e-05,-6.80574205858e-05,-4.68213318619e-08
26.122,1790081388.59,0.000286871431389,1.52950577607e-05,0.000387920050508,1.09561326651e-05,-1.94715435332e-05,-4.26983396493e-08
26.142,1790081388.61,0.000193656025122,1.59481335513e-05,0.000394663471025,1.14038630646e-05,2.934946562e-05,-7.089077163e-08
26.162,1790081388.63,0.000100557164612,1.65559527466e-05,0.000400161720256,1.15536678116e-05,7.76689377431e-05,-9.52358943812e-08
26.182,1790081388.65,7.76415411627e-06,1.71183412409e-05,0.000404579949734,1.1636694838e-05,0.000125508961821,-1.19111685437e-07
26.202,1790081388.67,-8.45352534728e-05,1.76350011333e-05,0.000408064018509,1.16571126088e-05,0.000172700338306,-1.40028414398e-07
26.222,1790081388.69,-0.000176155949482,1.81059235506e-05,0.000410739833111,1.16582549994e-05,0.00021914925675,-1.5748326837e-07
26.242,1790081388.71,-0.000266915759716,1.85311487953e-05,0.0004127164595,1.16625727256e-05,0.000264772426623,-1.71555263457e-07
26.262,1790081388.73,-0.000356635758857,1.89106790929e-05,0.000414088532678,1.16803488211e-05,0.00030949821189,-1.82501072093e-07
26.282,1790081388.75,-0.000445140547272,1.92444485233e-05,0.00041493816804,1.17130484301e-05,0.00035326177452,-1.90702240234e-07
26.302,1790081388.77,-0.00053225849531,1.95323201836e-05,0.000415336645905,1.17554469556e-05,0.000395999860129,-1.96555172629e-07
26.322,1790081388.79,-0.00061782198776,1.97741130023e-05,0.000415345848754,1.17990535296e-05,0.000437648578192,-2.00436795459e-07
26.342,1790081388.81,-0.000701667672354,1.99696393361e-05,0.000415019504124,1.18344688329e-05,0.000478142105802,-2.02685906858e-07
26.362,1790081388.83,-0.000783636718149,2.01187450953e-05,0.000414404260305,1.18531771024e-05,0.000517412701073,-2.0359708759e-07
26.382,1790081388.85,-0.000863575082782,2.02213450311e-05,0.00041354061836,1.18485684829e-05,0.000555391457536,-2.03421220583e-07
26.402,1790081388.87,-0.000941333785014,2.02774493839e-05,0.000412463740439,1.18163244197e-05,0.00059200947082,-2.02369026559e-07
26.422,1790081388.89,-0.00101676917744,2.02871806889e-05,0.000411204150828,1.17543297918e-05,0.000627199111199,-2.00615726009e-07
26.442,1790081388.91,-0.001089743214,2.02507813862e-05,0.000409788344403,1.16622869855e-05,0.000660895185946,-1.98306293815e-07
26.462,1790081388.93,-0.00116012370745,2.01686140556e-05,0.000408239314611,1.15411931771e-05,0.000693035867893,-1.95560064521e-07
26.482,1790081388.95,-0.00122778457316,2.00411565557e-05,0.000406577011637,1.13928095889e-05,0.000723563342461,-1.92475214176e-07
26.502,1790081388.97,-0.00129260605664,1.98689942868e-05,0.000404818740327,1.12192039595e-05,0.000752424185344,-1.8913233848e-07
26.522,1790081388.99,-0.00135447494346,1.96528114728e-05,0.000402979505433,1.10224123473e-05,0.000779569514649,-1.85597579849e-07
26.542,1790081389.01,-0.00141328475095,1.93933827863e-05,0.00040107231157,1.08042277406e-05,0.000804954984986,-1.81925322549e-07
26.562,1790081389.03,-0.00146893590207,1.90915661487e-05,0.000399108423551,1.05661052896e-05,0.000828540685913,-1.78160135607e-07
26.582,1790081389.05,-0.00152133588171,1.87482970121e-05,0.000397097592695,1.0309157256e-05,0.000850290998653,-1.74338643281e-07
26.602,1790081389.07,-0.00157039937614,1.83645840936e-05,0.00039504825329,1.00342057829e-05,0.000870174456249,-1.70490776844e-07
26.622,1790081389.09,-0.0016160483963,1.79415063019e-05,0.000392967693489,9.74186845521e-06,0.000888163627005,-1.66641040397e-07
26.642,1790081389.11,-0.00165821238523,1.74802104843e-05,0.00039086220372,9.43264832881e-06,0.000904235039214,-1.62809370174e-07
26.662,1790081389.13,-0.0016968283101,1.69819095995e-05,0.000388737205956,9.10701468519e-06,0.000918369139936,-1.59011905099e-07
26.682,1790081389.15,-0.00173184073893,1.64478809963e-05,0.000386597365994,8.7654662293e-06,0.000930550289202,-1.55261674042e-07
26.702,1790081389.17,-0.00176320190196,1.58794645277e-05,0.000384446691359,8.40856984556e-06,0.000940766771095,-1.51569039908e-07
26.722,1790081389.19,-0.00179087173763,1.52780603707e-05,0.000382288616503,8.03698113741e-06,0.000949010818376,-1.47942229118e-07
26.742,1790081389.21,-0.00181481792321,1.46451264583e-05,0.00038012607706,7.6514462387e-06,0.000955278633228,-1.44387635815e-07
26.762,1790081389.23,-0.00183501588965,1.39821755385e-05,0.000377961574685,7.25279272642e-06,0.000959570402261,-1.4091010479e-07
26.782,1790081389.25,-0.00185144882096,1.32907719072e-05,0.000375797233545,6.84191432319e-06,0.00096189029818,-1.37513263225e-07
26.802,1790081389.27,-0.00186410761746,1.25725482963e-05,0.000373635667538,6.44494330261e-06,0.000962221274761,-1.35646225576e-07
26.822,1790081389.29,-0.00187299099713,1.18289891949e-05,0.00037147693093,6.01196497552e-06,0.000960528343713,-1.3242213357e-07
26.842,1790081389.31,-0.00187810577624,1.10618470916e-05,0.000369322991495,5.56962507833e-06,0.000956900678776,-1.29281138063e-07
26.862,1790081389.33,-0.00187946624039,1.02728699965e-05,0.0003671739667,5.13983439495e-06,0.000951390272099,-1.27576894309e-07
26.882,1790081389.35,-0.00187709400456,9.46369644393e-06,0.000365031617438,4.70150372539e-06,0.000944011047354,-1.25910022696e-07
26.902,1790081389.37,-0.0018710180815,8.63604898717e-06,0.000362897938946,4.25690758792e-06,0.000934833650187,-1.24306153566e-07
26.922,1790081389.39,-0.00186127438873,7.79164856161e-06,0.00036077159181,3.78294170987e-06,0.000923821935862,-1.23756707264e-07
26.942,1790081389.41,-0.00184790618316,6.93239420997e-06,0.000358653695978,3.29976115449e-06,0.000911024334191,-1.23068008381e-07
26.962,1790081389.43,-0.00183096363649,6.0601752687e-06,0.000356544725117,2.80100191795e-06,0.000896420088473,-1.19715950071e-07
26.982,1790081389.45,-0.00181050415584,5.17697157158e-06,0.000354444748205,2.29968552546e-06,0.000880092617409,-1.16151803298e-07
27.002,1790081389.47,-0.00178659185057,4.28475964772e-06,0.000352353722345,1.80614641219e-06,0.000862125598753,-1.14792504713e-07
27.022,1790081389.49,-0.00175929717242,3.38547857164e-06,0.000350272537635,1.33322713616e-06,0.000842548539253,-1.12488019823e-07
27.042,1790081389.51,-0.00172869689701,2.48095028642e-06,0.000348199700903,8.65459913172e-07,0.000821365991565,-1.10314299165e-07
27.062,1790081389.53,-0.00169487418936,1.57298912123e-06,0.000346137084454,3.79155543009e-07,0.000798633855739,-1.06742137809e-07
27.082,1790081389.55,-0.00165791829482,6.63543249922e-07,0.000344083913285,-1.06323782536e-07,0.00077442617329,-1.03177614459e-07
27.102,1790081389.57,-0.00161792421657,-2.45485932663e-07,0.000342040267023,-5.91792826934e-07,0.000748806784475,-9.96326503997e-08
27.122,1790081389.59,-0.00157499249876,-1.15218702952e-06,0.000340006077013,-1.07223428717e-06,0.000721843194827,-9.62646588987e-08
27.142,1790081389.61,-0.00152922895229,-2.05467289633e-06,0.00033798130309,-1.54559899068e-06,0.000693601356225,-9.31084057889e-08
27.162,1790081389.63,-0.00148074439928,-2.95108497106e-06,0.00033596590297,-2.01015494963e-06,0.000664147628191,-9.01702242637e-08
27.182,1790081389.65,-0.00142965441328,-3.8396005578e-06,0.000333959834319,-2.46498527433e-06,0.000633548832795,-8.74386000826e-08
27.202,1790081389.67,-0.00137607905831,-4.71843584964e-06,0.000331963056736,-2.90958868059e-06,0.000601872870012,-8.48944627729e-08
27.222,1790081389.69,-0.00132014262335,-5.58584756221e-06,0.000329975533778,-3.34371112074e-06,0.000569189081184,-8.25166383949e-08
27.242,1790081389.71,-0.00126197335095,-6.44013362948e-06,0.000327997235043,-3.76716788324e-06,0.000535568493728,-8.0284346532e-08
27.262,1790081389.73,-0.00120170317071,-7.27962213691e-06,0.000326027674364,-4.16544531265e-06,0.000501098186308,-7.90042125324e-08
27.282,1790081389.75,-0.00113946729271,-8.10279265415e-06,0.00032406776634,-4.5667822482e-06,0.000465824082511,-7.70078910774e-08
27.302,1790081389.77,-0.00107540415205,-8.9080414607e-06,0.000322117045339,-4.95648539769e-06,0.000429836450456,-7.51046772541e-08
27.322,1790081389.79,-0.00100965494823,-9.69384503712e-06,0.000320175560534,-5.33702351801e-06,0.000393209588339,-7.31919947319e-08
27.342,1790081389.81,-0.000942363397351,-1.04587066469e-05,0.000318243301514,-5.70526329084e-06,0.000356024351478,-7.13323671028e-08
27.362,1790081389.83,-0.000873675402939,-1.12011804348e-05,0.0003163202961,-6.0599625475e-06,0.000318360428999,-6.95324588413e-08
27.382,1790081389.85,-0.000803738745831,-1.19198736434e-05,0.000314406588534,-6.3997472438e-06,0.000280298145292,-6.77946334352e-08
27.402,1790081389.87,-0.000732702768324,-1.26134526403e-05,0.000312502237877,-6.72367178358e-06,0.00024191769914,-6.61161159364e-08
27.422,1790081389.89,-0.000660718059666,-1.32806464252e-05,0.000310607316567,-7.03103872077e-06,0.000203299156397,-6.44920592837e-08
27.442,1790081389.91,-0.000587936141995,-1.39202492795e-05,0.000308721909232,-7.32136875836e-06,0.000164522313525,-6.29170462215e-08
27.462,1790081389.93,-0.000514509157384,-1.45311225227e-05,0.000306846111572,-7.59432472564e-06,0.000125666612534,-6.1385700497e-08
27.482,1790081389.95,-0.000440589556279,-1.51121957274e-05,0.00030498002947,-7.84965356902e-06,8.68110510836e-05,-5.98931536079e-08
27.502,1790081389.97,-0.000366329787657,-1.5662467636e-05,0.000303123777786,-8.08714096235e-06,4.80340819148e-05,-5.84351101639e-08
27.522,1790081389.99,-0.000291881991286,-1.61810069411e-05,0.000301277479235,-8.3065808795e-06,9.41349808293e-06,-5.70078746602e-08
27.542,1790081390.01,-0.000217397692571,-1.66669530742e-05,0.000299441263102,-8.5077632665e-06,-2.89736961956e-05,-5.56084104178e-08
27.562,1790081390.03,-0.000143027500445,-1.71195170263e-05,0.000297615263876,-8.69047054143e-06,-6.70514261321e-05,-5.42342048229e-08
27.582,1790081390.05,-6.89208089071e-05,-1.75379822042e-05,0.000295799619872,-8.85448424166e-06,-0.000104744695838,-5.28832966769e-08
27.602,1790081390.07,4.77449723409e-06,-1.79217053087e-05,0.000293994471755,-8.99959458841e-06,-0.000141979741667,-5.15541630545e-08
27.622,1790081390.09,7.79123317621e-05,-1.82701171764e-05,0.00029219996106,-9.12561261835e-06,-0.000178684182973,-5.02456198117e-08
27.642,1790081390.11,0.000150348691053,-1.85827235349e-05,0.000290416228661,-9.23237923583e-06,-0.000214787172045,-4.89568935995e-08
27.662,1790081390.13,0.000221941932038,-1.88591056458e-05,0.000288643413309,-9.31977417776e-06,-0.000250219536462,-4.76874612592e-08
27.682,1790081390.15,0.000292553043596,-1.90989207818e-05,0.000286881650131,-9.38772103832e-06,-0.000284913915357,-4.64370897764e-08
27.702,1790081390.17,0.000362045910831,-1.93019025301e-05,0.000285131069161,-9.43618975782e-06,-0.00031880488892,-4.52057320187e-08
27.722,1790081390.19,0.000430287571726,-1.94678609157e-05,0.000283391793957,-9.46519724218e-06,-0.0003518290989,-4.3993573466e-08
27.742,1790081390.21,0.000497148465708,-1.95966823307e-05,0.000281663940184,-9.47480635111e-06,-0.000383925364457,-4.28009017437e-08
27.762,1790081390.23,0.000562502673665,-1.96883292845e-05,0.000279947614416,-9.46512388399e-06,-0.000415034790295,-4.16281715017e-08
27.782,1790081390.25,0.000626228148986,-1.974283998e-05,0.00027824291285,-9.43629862333e-06,-0.000445100869232,-4.04759519685e-08
27.802,1790081390.27,0.000688206939248,-1.97603277322e-05,0.000276549920239,-9.38851923925e-06,-0.000474069579093,-3.93449141935e-08
27.822,1790081390.29,0.000748325398131,-1.97409802176e-05,0.000274868708824,-9.3220114154e-06,-0.000501889474118,-3.82357342492e-08
27.842,1790081390.31,0.00080647438724,-1.96850585924e-05,0.000273199337482,-9.23703734409e-06,-0.000528511771256,-3.71492253413e-08
27.862,1790081390.33,0.000862549467477,-1.95928964578e-05,0.000271541850867,-9.13389348984e-06,-0.000553890429871,-3.6086160878e-08
27.882,1790081390.36,0.00091645107964,-1.94648987031e-05,0.000269896278768,-9.0129104137e-06,-0.000577982227719,-3.5047379027e-08
27.902,1790081390.38,0.000968084621534,-1.93015389862e-05,0.000268264333415,-8.87183792158e-06,-0.000600546851773,-3.40383650112e-08
27.922,1790081390.4,0.00101736184777,-1.91033748041e-05,0.000266644880616,-8.71291540235e-06,-0.000621671196373,-3.3057004799e-08
27.942,1790081390.42,0.00106420004442,-1.88710592628e-05,0.000265036352493,-8.55105737226e-06,-0.000641449777495,-3.13612105758e-08
27.962,1790081390.44,0.00110852172114,-1.86051972008e-05,0.000263439938672,-8.36093392199e-06,-0.000659858009109,-3.04318706241e-08
27.982,1790081390.46,0.00115025470318,-1.83065385394e-05,0.000261855112112,-8.15605563267e-06,-0.000676875668259,-2.95298783041e-08
28.002,1790081390.48,0.00118933223097,-1.79758858995e-05,0.000260282350261,-7.94731059622e-06,-0.000692479996666,-2.79538252428e-08
28.022,1790081390.5,0.00122569306977,-1.7614029519e-05,0.000258720096707,-7.71130709195e-06,-0.000706681150164,-2.72043857506e-08
28.042,1790081390.52,0.00125928137346,-1.72219230489e-05,0.000257169274519,-7.46142761469e-06,-0.000719387150562,-2.64878325882e-08
28.062,1790081390.54,0.00129004728319,-1.68005427693e-05,0.000255629741087,-7.19558522976e-06,-0.000730565627555,-2.58891060819e-08
28.082,1790081390.56,0.00131794695027,-1.63509435098e-05,0.00025410043982,-6.93310440351e-06,-0.000740242698202,-2.44364857836e-08
28.102,1790081390.58,0.00134294228624,-1.58741144736e-05,0.000252582784287,-6.64360396961e-06,-0.000748354371649,-2.38834746793e-08
28.122,1790081390.6,0.00136500144438,-1.53712249312e-05,0.000251076142316,-6.34349066657e-06,-0.000754875859032,-2.33427299334e-08
28.142,1790081390.62,0.00138409883624,-1.48434467047e-05,0.000249580448241,-6.02987327674e-06,-0.000759792546051,-2.29137913954e-08
28.162,1790081390.64,0.0014002151873,-1.42920148188e-05,0.000248095494373,-5.70636050676e-06,-0.000763104353692,-2.25082265316e-08
28.182,1790081390.66,0.00141333752926,-1.3718199075e-05,0.000246621090068,-5.37382788948e-06,-0.00076482003447,-2.21164826545e-08
28.202,1790081390.67,0.00142345916136,-1.31233051226e-05,0.000245157031113,-5.03358117169e-06,-0.000764954736714,-2.1728558349e-08
28.222,1790081390.7,0.00143057958647,-1.25086680105e-05,0.00024370310688,-4.68637638524e-06,-0.000763527266322,-2.13432335639e-08
28.242,1790081390.72,0.00143470443463,-1.18756498665e-05,0.000242259100493,-4.33287064811e-06,-0.00076055848203,-2.09613614045e-08
28.262,1790081390.73,0.0014358453797,-1.12256373116e-05,0.00024082479025,-3.97359369265e-06,-0.000756070353896,-2.05850185075e-08
28.282,1790081390.75,0.0014340200527,-1.05600395597e-05,0.000239399950944,-3.60906253411e-06,-0.000750085676503,-2.02163937711e-08
28.302,1790081390.77,0.0014292519527,-9.88028646366e-06,0.000237984355093,-3.23981759103e-06,-0.000742628196718,-1.98575237881e-08
28.322,1790081390.79,0.00142157035428,-9.18782644282e-06,0.000236577774304,-2.86645613266e-06,-0.000733722982224,-1.9510045072e-08
28.342,1790081390.82,0.00141101021008,-8.48412416087e-06,0.000235179980533,-2.48963875418e-06,-0.000723396864667,-1.91751928057e-08
28.362,1790081390.84,0.00139761204622,-7.77065793219e-06,0.000233790747369,-2.11008659422e-06,-0.000711678851281,-1.88537460233e-08
28.382,1790081390.85,0.00138142184918,-7.04891686665e-06,0.000232409851279,-1.72856679687e-06,-0.000698600433306,-1.85461764388e-08
28.402,1790081390.88,0.00136249094264,-6.32039784119e-06,0.00023103707282,-1.3458781135e-06,-0.000684195770255,-1.82525970064e-08
28.422,1790081390.89,0.00134087585369,-5.58660233946e-06,0.000229672197815,-9.62833595078e-07,-0.000668501747886,-1.79728060322e-08
28.442,1790081390.91,0.00131663816817,-4.84903324688e-06,0.000228315018443,-5.80248307198e-07,-0.00065155793653,-1.77063630123e-08
28.462,1790081390.94,0.00128984437534,-4.109191632e-06,0.000226965334379,-1.98929270807e-07,-0.000633406472399,-1.74526487797e-08
28.482,1790081390.96,0.00126056570249,-3.3685735775e-06,0.000225622953717,1.80331904213e-07,-0.000614091897403,-1.72108739041e-08
28.502,1790081390.98,0.00122887793999,-2.62866706873e-06,0.00022428769394,5.56761574686e-07,-0.000593660977354,-1.69800763724e-08
28.522,1790081391,0.00119486125769,-1.89094895834e-06,0.000222959382792,9.29605397454e-07,-0.000572162519866,-1.67592409314e-08
28.542,1790081391.02,0.0011586000133,-1.15688201114e-06,0.000221637858981,1.29812872908e-06,-0.000549647202239,-1.65471851621e-08
28.562,1790081391.04,0.00112018255345,-4.27912026319e-07,0.00022032297295,1.66161550173e-06,-0.000526167413869,-1.63427891259e-08
28.582,1790081391.06,0.00107970100813,2.94534974288e-07,0.000219014587338,2.01936750916e-06,-0.000501777115054,-1.61447813149e-08
28.602,1790081391.08,0.00103725107894,1.00905547327e-06,0.000217712577563,2.37070404239e-06,-0.000476531707835,-1.59519558486e-08
28.622,1790081391.09,0.000992931821681,1.71427113344e-06,0.000216416832161,2.71496157601e-06,-0.000450487916506,-1.57630407914e-08
28.642,1790081391.12,0.000946845423837,2.40883139318e-06,0.000215127253032,3.05149420777e-06,-0.000423703671362,-1.5576827337e-08
28.662,1790081391.14,0.000899096977293,3.09141600637e-06,0.000213843755631,3.37967468911e-06,-0.000396237996372,-1.53921229522e-08
28.682,1790081391.16,0.000849794246769,3.76073749849e-06,0.000212566269058,3.69889534192e-06,-0.000368150892493,-1.52077513873e-08
28.702,1790081391.18,0.000799047434413,4.41554355256e-06,0.000211294735938,4.00856962482e-06,-0.000339503219824,-1.50226150527e-08
28.722,1790081391.2,0.000743036738997,1.54230557809e-06,0.000760101081705,-0.0021723392443,0.00203472323316,-5.80158971152e-06
28.742,1790081391.22,0.000694452952413,6.69407242242e-06,0.0013700213065,-0.00459054676245,0.0046699350166,-1.2256392191e-05
28.762,1790081391.23,0.000663663139978,2.9351440395e-05,0.00203516803236,-0.00735159338235,0.00765363851899,9.2553203884e-05
28.782,1790081391.26,0.000663765409489,8.16402161725e-05,0.00265679912257,-0.00964876873084,0.0101354242682,0.00021044754228
28.802,1790081391.28,0.000704266078567,0.000172343638738,0.00327339716717,-0.011670580141,0.01230078506,0.000443213466356
28.822,1790081391.29,0.000793568951278,0.000309310908904,0.00390483156239,-0.0134770187319,0.0142122989296,0.000833057887242
28.842,1790081391.32,0.000939750845053,0.000500186607429,0.00448156472937,-0.0146947581843,0.0154926585649,0.00122487156091
28.862,1790081391.34,0.00114727866031,0.000749237335178,0.00505284024073,-0.0156823857459,0.0165188894618,0.00170768887953
28.882,1790081391.36,0.00142051867471,0.00106067680367,0.0055667381393,-0.0161689315558,0.0170195890325,0.00215420475068
28.902,1790081391.37,0.00176077087216,0.00143580352051,0.00607903746295,-0.0165934679058,0.0174543402389,0.0026710281176
28.922,1790081391.4,0.0021693964671,0.00187597874834,0.00661702776319,-0.0171701459595,0.0180506201266,0.00330573865552
28.942,1790081391.42,0.00264915228535,0.00238387260546,0.00711043476711,-0.0175468212058,0.0184441489101,0.00389662231272
28.962,1790081391.44,0.00320117011843,0.00296060125888,0.00761006959758,-0.0180435976238,0.0189691670768,0.00454591846204
28.982,1790081391.46,0.00382791278231,0.00360851365611,0.00806089450064,-0.0182997316506,0.0192488664097,0.00512244229717
29.002,1790081391.48,0.00453007282437,0.00432826618312,0.00851930885902,-0.0186626249587,0.0196450533869,0.00574593353904
29.022,1790081391.5,0.0053090615651,0.00512118484097,0.00901252484097,-0.019261529471,0.0202932911509,0.00647236549049
29.042,1790081391.52,0.00616782737073,0.00599002490603,0.00946646500852,-0.0196708299507,0.0207442350384,0.0071324584848
29.062,1790081391.54,0.00710789550923,0.00693621490175,0.00993258802834,-0.0201673814148,0.0212888355351,0.00783855175815
29.082,1790081391.56,0.00813172842463,0.007962046115,0.0103531207941,-0.0203635011723,0.0215174246394,0.00845370774388
29.102,1790081391.58,0.00923992679338,0.00906807173869,0.0107860118315,-0.020605823805,0.0217955800918,0.00910881782528
29.122,1790081391.59,0.0104334741728,0.0102552053921,0.0112586775515,-0.0210304726941,0.0222685131104,0.00986514749767
29.142,1790081391.62,0.0117144345692,0.0115253521932,0.0116936078573,-0.0212196722612,0.022491299714,0.0105438282712
29.162,1790081391.64,0.0130835080988,0.0128791741073,0.0121437474283,-0.021468941917,0.0227786407917,0.0112661151715
29.182,1790081391.66,0.0145419768456,0.0143178509737,0.0125485221199,-0.0213995379024,0.0227269534804,0.0118870848729
29.202,1790081391.68,0.0160894377936,0.0158410147588,0.0129675976213,-0.0213732753827,0.0227219486941,0.0125468859077
29.222,1790081391.7,0.0177258138312,0.0174486001557,0.013431409152,-0.0215461093301,0.0229315696056,0.0133169153593
29.242,1790081391.72,0.019451903909,0.0191413222248,0.0138521793889,-0.0214658987961,0.0228696551966,0.0139913838037
29.262,1790081391.74,0.0212674056822,0.02091892509,0.0142929342955,-0.0214777990247,0.0229070223228,0.0147192012554
29.282,1790081391.76,0.0231724482458,0.0227815109593,0.0146826691095,-0.0211520975714,0.0225818602039,0.0153280527079
29.302,1790081391.78,0.0251656933663,0.0247278653417,0.0150912299864,-0.0209052666265,0.0223417102036,0.0159868743467
29.322,1790081391.8,0.027246215457,0.0267571493969,0.0155447607986,-0.0208624725604,0.0223226804242,0.0167585921445
29.342,1790081391.82,0.0294136820248,0.028869028472,0.015953504584,-0.0205741502912,0.022037363033,0.0174293424708
29.362,1790081391.84,0.0316670652706,0.0310625978684,0.016382354359,-0.0203826411159,0.0218564955502,0.018155820938
29.382,1790081391.86,0.0340054511946,0.0333370012421,0.0167576867378,-0.019852866154,0.0213092910189,0.0187560964034
29.402,1790081391.88,0.0364267936878,0.0356904002976,0.01715204853,-0.019406451695,0.0208520380513,0.0194094654835
29.422,1790081391.9,0.0389293666657,0.0381212406543,0.0175923162591,-0.0191697046333,0.020622953846,0.0201820525586
29.442,1790081391.92,0.0415117811139,0.040628220685,0.0179854507573,-0.0186875289815,0.0201254613391,0.0208478317547
29.462,1790081391.94,0.0441723234618,0.0432098335247,0.0183987263266,-0.0183078688362,0.0197387369093,0.0215725319195
29.482,1790081391.96,0.0469090872534,0.0458643211851,0.0187558675194,-0.0175900995714,0.0189834484796,0.0221638282216
29.502,1790081391.98,0.0497193719129,0.048589277186,0.0191320088102,-0.0169625847762,0.0183257167658,0.022811123812
29.522,1790081392,0.0526007158898,0.0513824979163,0.0195549532831,-0.0165541117115,0.0179071265626,0.0235840806786
29.542,1790081392.02,0.0555507667924,0.0542418074048,0.0199285673537,-0.0159037619584,0.0172222643086,0.0242442542858
29.562,1790081392.04,0.0585672200303,0.0571651880972,0.020322442873,-0.0153649052076,0.0166580599727,0.0249664148402
29.582,1790081392.06,0.0616473059703,0.0601501036945,0.0206578947879,-0.0144907701439,0.0157266251557,0.0255477843027
29.602,1790081392.08,0.0647877885961,0.0631936904086,0.0210125857904,-0.0137163046461,0.0149031551893,0.0261880327261
29.622,1790081392.1,0.0679856058666,0.0662932207172,0.0214152577421,-0.0131725012474,0.0143321482373,0.0269604685833
29.642,1790081392.12,0.0712376157305,0.0694458051412,0.0217669094851,-0.0123916601068,0.0134989896356,0.0276139608184
29.662,1790081392.14,0.0745410643823,0.0726490447898,0.0221393213477,-0.011732442411,0.0127977382138,0.0283324164735
29.682,1790081392.16,0.0778925067667,0.0758997959052,0.0224516340857,-0.0107413610691,0.0117319545421,0.0289024638374
29.702,1790081392.18,0.0812883186715,0.0791948685997,0.0227839518808,-0.00986054078625,0.010785973426,0.029534399603
29.722,1790081392.2,0.0847249868321,0.0825311427108,0.0231653032417,-0.00924064170329,0.0101240618539,0.0303061911558
29.742,1790081392.22,0.0881988767783,0.0859052930884,0.0234923833912,-0.00835858399231,0.00917375977362,0.0309447079699
29.762,1790081392.24,0.0917069263547,0.0893146643134,0.0238453239141,-0.00762905131371,0.00838961308511,0.0316618893286
29.782,1790081392.26,0.0952451733336,0.0927556362278,0.0241326909687,-0.00654147704745,0.00721247891665,0.0322103270417
29.802,1790081392.28,0.0988097581457,0.0962248288776,0.0244461144165,-0.00560308963684,0.00619821421662,0.0328366609005
29.822,1790081392.3,0.102396947254,0.0997189290569,0.0248122035081,-0.00492442389294,0.00546957339531,0.0336112536464
29.842,1790081392.32,0.106002621597,0.103234142271,0.0251207389689,-0.00399924488413,0.00446744307623,0.0342403725615
29.862,1790081392.34,0.109623674938,0.106767790108,0.0254567260339,-0.00323776557442,0.00364409378286,0.0349516598757
29.882,1790081392.36,0.113255918823,0.110316031291,0.0257264813459,-0.00212362669333,0.00243323628289,0.0354848551676
29.902,1790081392.38,0.116895449378,0.113875453807,0.0260236991513,-0.00116834135832,0.00139624728134,0.036098612872
29.922,1790081392.4,0.120538465367,0.117442680072,0.026375694531,-0.000485169319189,0.000658947204312,0.0368670651986
29.942,1790081392.42,0.124180770812,0.121013823273,0.0266703322291,0.000440565175256,-0.000347020541778,0.0374828240961
29.962,1790081392.44,0.127819293862,0.124586234724,0.0269942067884,0.00119199239884,-0.00116194053116,0.0381842565149
29.982,1790081392.46,0.131449871494,0.12815606868,0.0272521414577,0.00229355984495,-0.00236075101651,0.0386991327647
30.002,1790081392.48,0.135068681257,0.131719978233,0.0275395210589,0.00322495713282,-0.00337256884261,0.0392984338114
30.022,1790081392.5,0.138672027497,0.135274661112,0.0278840079374,0.00387127037,-0.00406978702227,0.040059522928
30.042,1790081392.52,0.142255891316,0.138816349646,0.0281718174302,0.00475563807106,-0.00502991420605,0.0406609409369
30.062,1790081392.54,0.145817383978,0.142342541333,0.0284906512675,0.00545534205659,-0.00578698602192,0.0413515203095
30.082,1790081392.56,0.149352617684,0.145849593892,0.0287442098394,0.00650297193918,-0.00692447078599,0.0418471551467
30.102,1790081392.58,0.152857992263,0.149334335096,0.0290289813498,0.00737056485213,-0.00786347630035,0.0424307154425
30.122,1790081392.6,0.15633009283,0.152793679098,0.0293729603885,0.00794103373605,-0.00847406119717,0.0431832012977
30.142,1790081392.62,0.159765324713,0.156224183641,0.0296611375932,0.00874601992454,-0.00934275556913,0.0437691676771
30.162,1790081392.64,0.163161115076,0.159623595557,0.0299819608434,0.00935681915229,-0.00999730578934,0.0444479855926
30.182,1790081392.66,0.166514078851,0.162988665368,0.0302383280829,0.0103141820372,-0.0110296684787,0.0449237140252
30.202,1790081392.68,0.169820960712,0.166316490476,0.030527523497,0.011082051648,-0.0118525184971,0.0454914019745
30.222,1790081392.7,0.173078781239,0.169604325168,0.0308774338799,0.0115428062514,-0.0123353631264,0.0462347905367
30.242,1790081392.72,0.176284591706,0.172849238168,0.0311723970804,0.0122356223077,-0.0130727303794,0.0468050747139
30.262,1790081392.74,0.179436248258,0.176049312534,0.0315011714702,0.0127264418534,-0.0135867457412,0.0474718607223
30.282,1790081392.76,0.182531064254,0.179201854828,0.0317662419255,0.0135635442196,-0.0144773146357,0.0479277200498
30.302,1790081392.78,0.185566227831,0.18230430769,0.0320653516372,0.0142027566557,-0.0151485417996,0.0484799389212
30.322,1790081392.8,0.188539323118,0.185354368219,0.0324260827114,0.0145263584576,-0.0154698159082,0.0492146865527
30.342,1790081392.82,0.191448229646,0.188349769702,0.0327325162395,0.0150807364554,-0.0160435538289,0.0497700626526
30.362,1790081392.84,0.19429132437,0.191289003017,0.0330736795697,0.0154252862028,-0.0163847680829,0.0504266502136
30.382,1790081392.86,0.197066780746,0.194170067604,0.0333516510188,0.0161170721338,-0.0171030490528,0.0508647895681
30.402,1790081392.88,0.199772310054,0.196990813747,0.0336639259384,0.0166061300583,-0.0175961489954,0.051402636974
30.422,1790081392.9,0.202406160202,0.199749465038,0.0340383381498,0.0167716021758,-0.0177299025201,0.0521307412754
30.442,1790081392.92,0.204967176327,0.202444537773,0.0343587369066,0.0171683973175,-0.0181165022393,0.0526733503872
30.462,1790081392.94,0.207454317227,0.205074978518,0.0347137913354,0.0173512870838,-0.0182656165504,0.0533206855829
30.482,1790081392.96,0.209866720936,0.207639572096,0.0350058091903,0.0178839584266,-0.0187946694231,0.0537422338878
30.502,1790081392.98,0.212202663001,0.210136610632,0.0353321929218,0.0182087608075,-0.0190924830453,0.0542681314588
30.522,1790081393,0.214461112427,0.212564893128,0.0357202742954,0.0182051993432,-0.0190250515561,0.0549909785649
30.542,1790081393.02,0.216641958768,0.214923792662,0.0360542782833,0.0184345087401,-0.0192125534182,0.0555225154416
30.562,1790081393.04,0.218744772201,0.21721273792,0.0364224811302,0.018446675883,-0.0191586368586,0.0561628167504
30.582,1790081393.06,0.220769610667,0.219431408257,0.0367279265671,0.0188352016003,-0.0194407097453,0.0565728867242
30.602,1790081393.08,0.222715560732,0.221578321506,0.0370655750798,0.0189588726178,-0.0195090002375,0.0570901407184
30.622,1790081393.1,0.224582528797,0.223653108235,0.0374622545458,0.0187940661296,-0.0192498740558,0.0577996664843
30.642,1790081393.12,0.226371428672,0.225655980311,0.037808809615,0.0188374451885,-0.019237182386,0.0583274196214
30.662,1790081393.14,0.228082422422,0.227586914084,0.0381839473422,0.0186983620402,-0.0190197437061,0.0589501510947
30.682,1790081393.16,0.229716526428,0.229446320297,0.0385005008477,0.0188865094747,-0.0191599361038,0.0593519063973
30.702,1790081393.18,0.231273109128,0.231233418909,0.0388509278732,0.0188614314887,-0.0190579611399,0.0598699681294
30.722,1790081393.2,0.232752621398,0.232948253388,0.0392554321144,0.0185275940522,-0.0186071919882,0.0605788870856
30.742,1790081393.22,0.234156996657,0.234591959057,0.0396090267011,0.0184139065768,-0.0183959684748,0.061100356655
30.762,1790081393.24,0.235487025682,0.236164951762,0.0399897687419,0.018113613275,-0.0179736156595,0.0617191261561
30.782,1790081393.26,0.236744731582,0.237668450639,0.0403112586444,0.0181462722157,-0.017915855995,0.0621105449362
30.802,1790081393.28,0.237930075688,0.239102104152,0.040665437068,0.0179648112007,-0.0176180454452,0.0626219577224
30.822,1790081393.3,0.239044247556,0.240466534743,0.0410724349099,0.01747421909,-0.0169739797169,0.0633300911778
30.842,1790081393.32,0.240090158436,0.241763690357,0.0414278242106,0.0172084652986,-0.016581361433,0.0638457305476
30.862,1790081393.34,0.241069158656,0.242994441169,0.0418091955606,0.0167582102422,-0.0159833919504,0.0644615042421
30.882,1790081393.36,0.241984131466,0.244160756334,0.0421306557169,0.0166475915881,-0.0157634182718,0.0648437825293
30.902,1790081393.38,0.242835497258,0.245262685191,0.0424835291823,0.0163262700926,-0.0153085101158,0.0653489440946
30.922,1790081393.4,0.243625027982,0.246301371434,0.0428880832204,0.015697696014,-0.014509129279,0.0660564046266
30.942,1790081393.42,0.244356433667,0.247279491295,0.0432403841407,0.0153003140949,-0.0139714999737,0.0665663417362
30.962,1790081393.44,0.245031494544,0.248198306516,0.0436176581021,0.0147220026314,-0.0132322079894,0.0671789850023
30.982,1790081393.46,0.245653792377,0.249060438708,0.0439344766084,0.014490552715,-0.0128827589733,0.0675521439201
31.002,1790081393.48,0.246224098187,0.249866272365,0.0442818522193,0.0140517899348,-0.0123014009577,0.0680515316719
31.022,1790081393.5,0.246744650003,0.25061739501,0.0446800352698,0.0133088944535,-0.011377406834,0.0687583559061
31.042,1790081393.52,0.247219800949,0.251317100336,0.0450254887419,0.0128039579809,-0.0107261754884,0.0692627229009
31.062,1790081393.54,0.247651658,0.251966970476,0.0453951764227,0.012122963408,-0.00987847270445,0.0698719726736
31.082,1790081393.56,0.248044339174,0.252570163119,0.0457040335969,0.011796565614,-0.00943411121157,0.0702358385319
31.102,1790081393.58,0.248398855149,0.253127323533,0.0460430160205,0.0112669720296,-0.00876198459576,0.0707293101839
31.122,1790081393.6,0.24871777448,0.25364039055,0.0464322026427,0.0104383903551,-0.0077514821035,0.071434417091
31.142,1790081393.62,0.249005900595,0.254113138231,0.0467683978706,0.00985496849549,-0.00702605549369,0.0719322514871
31.162,1790081393.64,0.24926553359,0.254547379648,0.0471286723421,0.00910012613676,-0.00610916473611,0.0725377430097
31.182,1790081393.66,0.249501138308,0.25494667549,0.0474279300516,0.00870774325609,-0.00560992514913,0.0728921059729
31.202,1790081393.68,0.249713837653,0.255311849031,0.047757228377,0.00811732779267,-0.00488806285844,0.0733790063455
31.222,1790081393.7,0.249906371942,0.255645082213,0.0481367461119,0.00723307615526,-0.0038317309402,0.074082059157
31.242,1790081393.72,0.250083791816,0.255950484562,0.0484631764163,0.00660155387461,-0.00307346845835,0.0745730470772
31.262,1790081393.74,0.250248455234,0.256230009323,0.0488137429171,0.00580488167829,-0.00213032582998,0.0751735662866
31.282,1790081393.76,0.250404966116,0.256487469717,0.0491032183249,0.00537880783003,-0.00161972340982,0.0755172458195
31.302,1790081393.78,0.250554422324,0.25672377337,0.0494228987908,0.00476124255886,-0.000892876717119,0.0759956229416
31.322,1790081393.8,0.250699560776,0.256941219549,0.0497935174796,0.0038538747219,0.000166260531424,0.0766955762801
31.342,1790081393.82,0.250845467179,0.257144096047,0.0501110684349,0.0032065258012,0.000914555704571,0.077178865378
31.362,1790081393.84,0.250994417097,0.257334397589,0.0504531561053,0.00240014800171,0.00184160396675,0.0777735414052
31.382,1790081393.86,0.25115094971,0.257516037626,0.0507341239258,0.0019721360811,0.0023215460069,0.0781058881816
31.402,1790081393.88,0.251316006004,0.257689915162,0.0510459388263,0.00135828528868,0.00301272231621,0.0785757111145
31.422,1790081393.9,0.251492170561,0.257858338516,0.0514094095435,0.00046090236512,0.0040318303,0.0792708803803
31.442,1790081393.92,0.251684347743,0.258025607441,0.0517198269324,-0.000169454162808,0.00472774312481,0.0797449725548
31.462,1790081393.94,0.251894685417,0.258193772081,0.0520571148412,-0.000899776935942,0.00555463630135,0.0803300231829
31.482,1790081393.96,0.252127177044,0.258366339518,0.0523316108848,-0.00129828020762,0.00596376590031,0.0806503879214
31.502,1790081393.98,0.252382240316,0.25854418464,0.0526391132078,-0.00185458927722,0.00670578563399,0.0811182546421
31.522,1790081394,0.25266321237,0.258729283287,0.0529967558592,-0.00275086422236,0.00753918337477,0.0818028867944
31.542,1790081394.02,0.252973859896,0.258926046925,0.0533024406809,-0.00334992668276,0.0081561789498,0.0822686994578
31.562,1790081394.04,0.253316081977,0.259136342902,0.0536307658511,-0.00408061314421,0.00888969219448,0.082834887469
31.582,1790081394.06,0.253693274863,0.259363826954,0.0539016394971,-0.00441940112009,0.0092660889998,0.0831474482571
31.602,1790081394.08,0.254105953037,0.259609125873,0.0542057147841,-0.00491849910522,0.00990539229358,0.0836062199086
31.622,1790081394.1,0.254556770235,0.259874096218,0.0545627548192,-0.00571696459689,0.0107502016515,0.0842938767295
31.642,1790081394.12,0.255049647022,0.2601627217,0.0548664053939,-0.00620938283394,0.0112869198757,0.084756092065
31.662,1790081394.14,0.255586278772,0.260476448281,0.0551933270362,-0.00685635736448,0.0118765841392,0.0853167409956
31.682,1790081394.16,0.256169412728,0.260818584878,0.0554620662016,-0.00711300116285,0.0120704603664,0.0856182314974
31.702,1790081394.18,0.256799119881,0.26118942649,0.0557665807785,-0.00757360234,0.0124052162319,0.0860746176636
31.722,1790081394.2,0.257476807361,0.261590773983,0.0561221560514,-0.00831405250261,0.0129331728995,0.0867510500471
31.742,1790081394.22,0.258204735883,0.262026382486,0.0564248912674,-0.00872006892863,0.013284238794,0.0872046437259
31.762,1790081394.24,0.258983944672,0.262497435039,0.0567513607322,-0.00926565545829,0.0137284395102,0.0877583066266
31.782,1790081394.26,0.259816624116,0.263006744192,0.0570197204424,-0.00942971644621,0.0137513680246,0.0880524938243
31.802,1790081394.28,0.260702158714,0.263554376917,0.0573236245903,-0.00977160387616,0.0139830056724,0.0885011707763
31.822,1790081394.3,0.261641365586,0.264141765708,0.0576778833793,-0.0103530795037,0.0145153131146,0.0891679308425
31.842,1790081394.32,0.262636762313,0.264771798837,0.0579812451266,-0.0106680598226,0.0147143440427,0.0896166849801
31.862,1790081394.34,0.263688710913,0.265445480756,0.0583073366176,-0.011087510438,0.0150382851621,0.0901648997663
31.882,1790081394.36,0.264798859275,0.266165033353,0.0585741662844,-0.0111317640543,0.0148978962332,0.0904501144779
31.902,1790081394.38,0.265966008397,0.266930189289,0.0588770513019,-0.0113475716636,0.0149650813913,0.0908928822857
31.922,1790081394.4,0.267190346319,0.267741905888,0.0592314477033,-0.0118055173014,0.0153283343082,0.0915592585604
31.942,1790081394.42,0.268473549218,0.268602483002,0.059533589515,-0.0119939733188,0.015352147692,0.092003875945
31.962,1790081394.44,0.269815384071,0.269512526074,0.0598582545485,-0.0122845245315,0.0154991060109,0.0925481961082
31.982,1790081394.46,0.271216660261,0.270473655021,0.0601220640596,-0.0121971873565,0.0151778234147,0.0928250573245
32.002,1790081394.48,0.272675597022,0.271485212227,0.0604224672722,-0.0122819734206,0.0150699140963,0.0932629481242
32.022,1790081394.5,0.274191706869,0.272547669655,0.0607747866841,-0.0126077956479,0.0152627920082,0.0939271725923
32.042,1790081394.52,0.275765821965,0.27366267272,0.061073356026,-0.0126629140794,0.0151158620112,0.0943661878889
32.062,1790081394.54,0.277397143164,0.274830407202,0.0613947435747,-0.0128217060513,0.0150983341688,0.094907902255
32.082,1790081394.56,0.279085695584,0.27605186201,0.0616535291739,-0.0126010381879,0.0146106339443,0.0951778404984
32.102,1790081394.58,0.280829185789,0.277325991458,0.0619491095996,-0.0125529706506,0.0143410861705,0.0956112868706
32.122,1790081394.6,0.282626506568,0.278652767617,0.0622972774078,-0.0127476342615,0.0143788201023,0.096275284861
32.142,1790081394.62,0.284477710277,0.280033167672,0.0625900843325,-0.0126707713296,0.0140759477373,0.0967104202331
32.162,1790081394.64,0.28638149491,0.281466965722,0.0629058155774,-0.0126993911809,0.0139077612059,0.0972506034964
32.182,1790081394.66,0.288337161509,0.28295451128,0.0631571531286,-0.0123473644345,0.0132677564273,0.0975144910748
32.202,1790081394.68,0.290341959867,0.284494379498,0.0634455105241,-0.0121696587107,0.0128515305968,0.097944453086
32.222,1790081394.7,0.292394224105,0.286086048891,0.0637870805517,-0.0122374218717,0.012749847136,0.0986089560171
32.242,1790081394.72,0.294493301152,0.287729832872,0.0640717265406,-0.0120337268592,0.0123083290599,0.0990407639415
32.262,1790081394.74,0.296637452721,0.289425111374,0.0643793952282,-0.0119383195091,0.0120079923425,0.0995796636997
32.282,1790081394.76,0.298825343584,0.291171610546,0.0646210204979,-0.0114621163734,0.0112362350484,0.0998376977149
32.302,1790081394.78,0.301053840628,0.292967549595,0.0649001737775,-0.0111644286017,0.0106968341742,0.100265235767
32.322,1790081394.8,0.303320813245,0.294811944039,0.0652331429158,-0.0111159300549,0.0104801536703,0.100930896053
32.342,1790081394.82,0.305625022722,0.296704481931,0.0655078057428,-0.0107969051998,0.00992594218816,0.10135983222
32.362,1790081394.84,0.307964388662,0.298644186278,0.0658055985738,-0.0105893962973,0.00951973223781,0.101897310419
32.382,1790081394.86,0.310337066499,0.300630206218,0.0660359199683,-0.0100014337962,0.00864360131114,0.102149062431
32.402,1790081394.88,0.312739631918,0.302660441765,0.0663042578327,-0.0095964418516,0.00800831005124,0.102573032825
32.422,1790081394.9,0.315169597534,0.304733487337,0.0666273142867,-0.00944647996124,0.00770601224452,0.103239482079
32.442,1790081394.92,0.317625286907,0.30684846885,0.0668909791121,-0.00902772405455,0.0070696785392,0.103665045597
32.462,1790081394.94,0.320104382544,0.309004099782,0.0671780104001,-0.00872464047715,0.0065888907928,0.104200364606
32.482,1790081394.96,0.32260468434,0.311199024557,0.0673965049674,-0.00804219478352,0.00564087491705,0.104445049103
32.502,1790081394.98,0.325122580993,0.31343087361,0.0676538013083,-0.00754884297832,0.00494369672963,0.104865228241
32.522,1790081395,0.32765536073,0.315697885947,0.0679666929734,-0.0073165592036,0.00458933356815,0.105531588718
32.542,1790081395.02,0.330201081716,0.317998715229,0.0682194736127,-0.00681781162434,0.00390520737047,0.105952827637
32.562,1790081395.04,0.332757303849,0.320331824756,0.0684960785256,-0.00643972323419,0.00338468740712,0.106485133955
32.582,1790081395.06,0.335321643521,0.322695449109,0.0687034552207,-0.00568374821084,0.00240018357114,0.106721741973
32.602,1790081395.08,0.337890410331,0.325087006172,0.0689503874914,-0.00512280141351,0.00167560168456,0.107136351884
32.622,1790081395.1,0.340460802319,0.327504453561,0.0692538945779,-0.00482967998013,0.00130379226204,0.107800878881
32.642,1790081395.12,0.343030629621,0.329946104051,0.0694977603309,-0.00426616439185,0.000689482958492,0.108219472756
32.662,1790081395.14,0.345597976027,0.33241016506,0.0697613106112,-0.0038147415131,0.00013819672417,0.108729908034
32.682,1790081395.16,0.348160199057,0.334894603923,0.0699596406709,-0.00298251355577,-0.000778944540947,0.108961414884
32.702,1790081395.18,0.35071407391,0.337396473746,0.0702015919653,-0.0023975401502,-0.0014927675321,0.109384650446
32.722,1790081395.2,0.353256749944,0.339913579499,0.0704943449267,-0.00206101398868,-0.00188272493263,0.110032839825
32.742,1790081395.22,0.355786253171,0.342444026821,0.0707320001399,-0.00149426776625,-0.00257557229672,0.110450274794
32.762,1790081395.24,0.358300403732,0.344985900952,0.0709923015316,-0.00110346979189,-0.00325315182684,0.11096365177
32.782,1790081395.26,0.360795860847,0.347537414366,0.0711859099858,-0.00029360798297,-0.00421298615759,0.111190195402
32.802,1790081395.28,0.363269112904,0.350095784379,0.0714223760475,0.000307441291718,-0.00487454820549,0.111606545984
32.822,1790081395.3,0.365717569118,0.352658730461,0.0717102023053,0.000673245344009,-0.00516637323456,0.112249608418
32.842,1790081395.32,0.368139749017,0.35522416858,0.0719430629896,0.0012760504371,-0.00573901770315,0.112657354045
32.862,1790081395.34,0.370533657086,0.35779013426,0.0721959371028,0.0017741955065,-0.00616426739371,0.113153841527
32.882,1790081395.36,0.372897472659,0.360354245649,0.0723858456202,0.00260658204281,-0.00700607186049,0.113367864611
32.902,1790081395.38,0.375227995992,0.362913608975,0.0726194394212,0.00321394092094,-0.00756194574667,0.113774917227
32.922,1790081395.4,0.377523104918,0.36546587017,0.0729056900998,0.00355504480832,-0.00778089716465,0.114414585327
32.942,1790081395.42,0.379781662199,0.368009045503,0.0731373845696,0.00412443800918,-0.00828921913906,0.114815369865
32.962,1790081395.44,0.382001880101,0.370541273654,0.0733895882218,0.00458136534646,-0.00865124433626,0.115305704086
32.982,1790081395.46,0.384182275303,0.373060335718,0.073579262886,0.00537239124024,-0.00942425169096,0.115509166684
33.002,1790081395.48,0.386319836959,0.375563451394,0.0738133829245,0.00593467123247,-0.00989780363998,0.115909169997
33.022,1790081395.5,0.388412777039,0.378048409617,0.0741004629628,0.00622926928764,-0.0100219947454,0.11654405601
33.042,1790081395.52,0.390460473698,0.380513424072,0.074333441327,0.00675256170506,-0.0104263028016,0.116936312451
33.062,1790081395.54,0.392461495014,0.382956759634,0.0745874689923,0.00716026374933,-0.0106738180553,0.117419760186
33.082,1790081395.56,0.394414935994,0.385376408955,0.0747794065007,0.00790156396048,-0.0113275656876,0.117611968338
33.102,1790081395.58,0.396318152392,0.387769704826,0.0750160855447,0.00840924355188,-0.0116750701057,0.118003462623
33.122,1790081395.6,0.398169865668,0.390134619217,0.0753060241898,0.008643291946,-0.0116671714061,0.118633544924
33.142,1790081395.62,0.399970139043,0.392469653231,0.0755422666122,0.0091033248841,-0.0119382711589,0.119017480368
33.162,1790081395.64,0.401717991528,0.394773249362,0.0757998156586,0.00944256229684,-0.0120494671158,0.119494209903
33.182,1790081395.66,0.403413194376,0.397043717798,0.0759956448704,0.0101134818902,-0.012567839889,0.119675446752
33.202,1790081395.68,0.405053509665,0.399278563612,0.0762361553474,0.0105459349459,-0.0127776682589,0.12005849404
33.222,1790081395.7,0.406638209589,0.401476028368,0.0765299486847,0.0106990340118,-0.0126285356824,0.120684048091
33.242,1790081395.72,0.408168090977,0.40363501474,0.0767703321225,0.0110760333869,-0.0127590862546,0.121059969827
33.262,1790081395.74,0.409642639211,0.405754207948,0.0770319112186,0.0113286181169,-0.0127284625992,0.121529786131
33.282,1790081395.76,0.411062329232,0.407832333524,0.0772320719799,0.0119116277227,-0.0131066013558,0.121700101519
33.302,1790081395.78,0.412425335053,0.409867120519,0.0774767197392,0.0122517511777,-0.0131736956473,0.122075466456
33.322,1790081395.8,0.413731497348,0.411857152262,0.0777744206728,0.0123077255022,-0.0128788021404,0.12269746573
33.342,1790081395.82,0.41498236905,0.413801825592,0.0780188854146,0.0125862185169,-0.0128652620932,0.123066504208
33.362,1790081395.84,0.416177909361,0.415700121509,0.0782841868331,0.0127378639253,-0.0126907411884,0.123530452508
33.382,1790081395.86,0.417319303704,0.417551258909,0.0784882404137,0.013219527554,-0.0129282873123,0.123690891839
33.402,1790081395.88,0.41840513477,0.419353232606,0.0787362249084,0.0134557216883,-0.0128547237757,0.124059009263
33.422,1790081395.9,0.419435801542,0.421105019968,0.0790365731212,0.0134053498399,-0.0124192673744,0.124676766043
33.442,1790081395.92,0.420413585325,0.42280657165,0.0792837947632,0.0135766153866,-0.0122681964196,0.125038551713
33.462,1790081395.94,0.421338889832,0.424457195519,0.0795516149843,0.0136179529181,-0.0119558234102,0.125497697265
33.482,1790081395.96,0.422213578904,0.42605665739,0.0797583034246,0.0139890409609,-0.0120598452845,0.12564965621
33.502,1790081395.98,0.423036617979,0.427603250019,0.0800083268199,0.0141123588011,-0.0118530892555,0.126012488752
33.522,1790081396,0.423808932464,0.429096388143,0.0803100447688,0.013947035272,-0.0112848653172,0.12662869536
33.542,1790081396.02,0.424533487826,0.430536626984,0.0805585955742,0.0140037203207,-0.0110061859584,0.126985641087
33.562,1790081396.04,0.42521109767,0.431923632022,0.0808270575423,0.0139306123184,-0.0105699101156,0.127440611865
33.582,1790081396.06,0.425844231637,0.433257744302,0.0810344131897,0.0141882304125,-0.0105564591211,0.127584597397
33.602,1790081396.08,0.426432183373,0.434537567872,0.0812844391492,0.0141972643466,-0.0102341209984,0.127942520232
33.622,1790081396.1,0.426976333391,0.435762968176,0.0815852295898,0.0139179339892,-0.00955331988332,0.128556356739
33.642,1790081396.12,0.427480226606,0.436935110056,0.0818328289323,0.0138613407146,-0.00916797290359,0.128907967912
33.662,1790081396.14,0.42794500928,0.4380540166,0.0820999234816,0.0136744332653,-0.00862767574919,0.129359629842
33.682,1790081396.16,0.428373659049,0.439120607897,0.0823059103787,0.0138195619513,-0.00851746034925,0.129496585243
33.702,1790081396.18,0.428765732024,0.440133803627,0.0825538236132,0.0137168114186,-0.00810169124928,0.12984989228
33.722,1790081396.2,0.429122971527,0.441093917479,0.082851833209,0.013326101783,-0.00733003461647,0.13046252773
33.742,1790081396.22,0.42944938952,0.442002716534,0.0830965941845,0.0131598981817,-0.00686116869624,0.130809816092
33.762,1790081396.24,0.429746385348,0.442860576518,0.0833603163044,0.012864998457,-0.00624224596392,0.131258152782
33.782,1790081396.26,0.430017317864,0.443668973904,0.083562931704,0.0129043939944,-0.00606197723228,0.131388041076
33.802,1790081396.28,0.430261919596,0.4444271301,0.0838068687735,0.0126978062268,-0.00558026961272,0.131736639859
33.822,1790081396.3,0.430482185422,0.445135782349,0.0841003144325,0.0122051661547,-0.00474634774233,0.132347503909
33.842,1790081396.32,0.430682447691,0.445797257786,0.0843405087049,0.0119393630274,-0.0042231227089,0.132690052843
33.862,1790081396.34,0.430864256565,0.44641225684,0.0845993448871,0.0115469301349,-0.00355463863702,0.133134998699
33.882,1790081396.36,0.4310311693,0.446982671562,0.0847960112938,0.0114475760319,-0.00331464632673,0.133259796344
33.902,1790081396.38,0.431183134551,0.447508304701,0.0850346663868,0.0111490238217,-0.00279704355151,0.133603549351
33.922,1790081396.4,0.431322351861,0.447990378491,0.0853176413756,0.0106403512916,-0.0019769408748,0.134197050318
33.942,1790081396.42,0.431452993697,0.448431242319,0.0855540920249,0.0102889730039,-0.00142124220525,0.134544145751
33.962,1790081396.44,0.431577175364,0.44883197217,0.0858055493963,0.00984515563219,-0.000941742556218,0.134974486211
33.982,1790081396.46,0.431696958986,0.449194765882,0.0859990139216,0.00969122666954,-0.000609685531701,0.13509702027
34.002,1790081396.48,0.431812932034,0.449519458954,0.0862358513324,0.00928811524993,-4.6817968355e-05,0.135456248381
34.022,1790081396.5,0.431927694742,0.449807673148,0.0865166397407,0.00863688770119,0.000698202539805,0.13605560541
34.042,1790081396.52,0.432044853306,0.45006259972,0.086745719914,0.00820611070702,0.00126898354142,0.136389221273
34.062,1790081396.54,0.432166227145,0.450285548175,0.0869890202804,0.00768371326014,0.00194318729791,0.136804245416
34.082,1790081396.56,0.432295278429,0.450479071714,0.0871742488768,0.00743747346985,0.00222293301403,0.136914036512
34.102,1790081396.58,0.432432052579,0.450643392201,0.0874049263829,0.00698307254549,0.00279176138191,0.13726701554
34.122,1790081396.6,0.432578934151,0.450780334521,0.0876781012946,0.00628713157473,0.00365267714453,0.137855596905
34.142,1790081396.62,0.43274029998,0.450893360738,0.0879034117392,0.00581348696368,0.0041956992751,0.138194684841
34.162,1790081396.64,0.432917785802,0.450983945497,0.0881414364236,0.00526166821317,0.00481064077873,0.138606755952
34.182,1790081396.66,0.433114256666,0.451054628295,0.0883498808292,0.00488722175898,0.0051706641332,0.138856877976
34.202,1790081396.68,0.433329701736,0.451105758861,0.0886523439373,0.00399687679772,0.00619752564274,0.139620733666
34.222,1790081396.7,0.433569027514,0.451141512771,0.0889901831261,0.00290517488086,0.00745992498626,0.140582007851
34.242,1790081396.72,0.433838096868,0.451166980546,0.0892815080424,0.00205703155122,0.00837244448209,0.141293563469
34.262,1790081396.74,0.434139969087,0.451185127823,0.0895805079973,0.00115761045414,0.00932465334641,0.142050514473
34.282,1790081396.76,0.434479185564,0.451200270117,0.0898246717086,0.00061639826938,0.00978183336225,0.142498236456
34.302,1790081396.78,0.434856254278,0.451213779129,0.0901016810898,-4.23688036806e-05,0.0105162228326,0.143114272423
34.322,1790081396.8,0.43527496134,0.451228344156,0.0904131028283,-0.000850556529234,0.0110558521971,0.143893479242
34.342,1790081396.82,0.435737530311,0.451248144801,0.0906679829144,-0.00126778700496,0.0113022729553,0.144369053891
34.362,1790081396.84,0.436244397798,0.451274272197,0.0909322512221,-0.00172949280956,0.0115852376128,0.144893517489
34.382,1790081396.86,0.436797162438,0.451309268634,0.0911388911882,-0.00186457752067,0.0114588426846,0.145096076411
34.402,1790081396.88,0.437394405314,0.45135277636,0.091378135798,-0.00223953893923,0.0115480415185,0.145485719698
34.422,1790081396.9,0.43803651984,0.451406588623,0.0916593011639,-0.00276620442436,0.0119077468207,0.146088122225
34.442,1790081396.92,0.438725798238,0.451473781674,0.091869544054,-0.0029514459318,0.0117874893635,0.146302781565
34.462,1790081396.94,0.439461443448,0.451554955593,0.0920323276477,-0.00296384699474,0.0114016017453,0.146264621295
34.482,1790081396.96,0.440242020063,0.451650434362,0.0921372879036,-0.00268556488406,0.0106041617292,0.145910747196
34.502,1790081396.98,0.441063376781,0.451758256318,0.0922873750038,-0.00270406582726,0.0101851485075,0.145813765713
34.522,1790081397,0.441923748831,0.45187849484,0.0925006731554,-0.00311561200273,0.0102794600867,0.146075293688
34.542,1790081397.02,0.442823934541,0.452013380102,0.0927233818892,-0.00360164653541,0.0104669991818,0.146394412734
34.562,1790081397.04,0.443764579675,0.452164879667,0.0929554041833,-0.00424622511102,0.0108391964635,0.146791492534
34.582,1790081397.06,0.444747723278,0.452336218644,0.0930908454802,-0.00459075308109,0.0106382710852,0.14670929462
34.602,1790081397.08,0.445771370669,0.45252777477,0.0933343264881,-0.00534059227731,0.0111261726005,0.147193061032
34.622,1790081397.1,0.446838005934,0.452743308163,0.0936234322524,-0.00619069882831,0.0118406513943,0.147913728319
34.642,1790081397.12,0.447950810919,0.452986647181,0.0938554044218,-0.0068643250172,0.0121548297727,0.148355486909
34.662,1790081397.14,0.449110652517,0.453260533256,0.0941111241501,-0.00743505952112,0.012521974316,0.148906547487
34.682,1790081397.16,0.450319297007,0.453567615745,0.094306558716,-0.00771550435854,0.0123874173627,0.149144853144
34.702,1790081397.18,0.451575571903,0.453908517971,0.0945401420621,-0.00809647421471,0.0123837170381,0.149583476585
34.722,1790081397.2,0.452879450041,0.454285120354,0.0948185110909,-0.00851008405003,0.0125470823571,0.150242690398
34.742,1790081397.22,0.454231786553,0.454699479451,0.0950368380034,-0.00868400400949,0.0122484455341,0.150592220423
34.762,1790081397.24,0.455630987035,0.455152237086,0.0952725973542,-0.00881653026451,0.0119966126681,0.151020652863
34.782,1790081397.26,0.457076137415,0.455644201902,0.0954479209238,-0.0087249109119,0.0113248785312,0.151137894413
34.802,1790081397.28,0.458563958205,0.456174387139,0.0956603414565,-0.00891337338911,0.0109155906014,0.151468285882
34.822,1790081397.3,0.460092857536,0.456743990568,0.0959146697304,-0.00922459029552,0.0107688001893,0.152010213597
34.842,1790081397.32,0.461662392567,0.457354747242,0.0961182095712,-0.00930727335152,0.0102888651501,0.152282613202
34.862,1790081397.34,0.463270280922,0.458006775549,0.0963324165728,-0.00947797431179,0.00993913376466,0.152620927194
34.882,1790081397.36,0.464915287243,0.458701268801,0.0964949183568,-0.00937241229901,0.00924283146115,0.152683588434
34.902,1790081397.38,0.466594171565,0.459437378571,0.0967009798542,-0.00946876863845,0.00884611918453,0.152981290752
34.922,1790081397.4,0.46830533041,0.460215675042,0.0969444710683,-0.00975269530453,0.00872980613422,0.153486104308
34.942,1790081397.42,0.470048232449,0.461037832527,0.0971357071461,-0.00975342398349,0.0083617338434,0.153724933077
34.962,1790081397.44,0.471821402188,0.461903607897,0.0973401681364,-0.00984798542944,0.00801987727229,0.154039958976
34.982,1790081397.46,0.473623482768,0.462813803602,0.097490628106,-0.009651930785,0.00729468109993,0.154072432862
35.002,1790081397.48,0.475451218755,0.463767311831,0.0976872884154,-0.00964790141906,0.00684671844239,0.15435493504
35.022,1790081397.5,0.477302798166,0.464764259943,0.0979222557015,-0.0098246719223,0.0066388794398,0.154849674745
35.042,1790081397.52,0.47917740785,0.465805738011,0.0981067204556,-0.00973309504975,0.00607237332908,0.155083891794
35.062,1790081397.54,0.481072577803,0.46689142119,0.0983092593552,-0.00963247211165,0.00561364750643,0.155410251677
35.082,1790081397.56,0.482986252727,0.46802088279,0.098451902424,-0.00933704751894,0.00484985780824,0.155442111007
35.102,1790081397.58,0.484915358984,0.469192870999,0.0986406516031,-0.00921281156052,0.00429383165576,0.155722859516
35.122,1790081397.6,0.486857548429,0.470406973894,0.0988680739318,-0.00927429028857,0.00401064162825,0.156217762912
35.142,1790081397.62,0.488811700015,0.471663672999,0.099043965739,-0.00908303525921,0.00337829001047,0.156448739785
35.162,1790081397.64,0.490775455439,0.472962079895,0.0992352487775,-0.00899503229187,0.00268990856901,0.156762352308
35.182,1790081397.66,0.492745531325,0.474302100599,0.0993696812288,-0.00858711739317,0.00179941650123,0.156792708266
35.202,1790081397.68,0.494718294223,0.475681937596,0.0995500382502,-0.00837040307966,0.00120631838068,0.157069625517
35.222,1790081397.7,0.496691314014,0.477100808494,0.0997696548307,-0.00833369590206,0.000908166336243,0.157562258082
35.242,1790081397.72,0.498663353859,0.478558692934,0.099937727147,-0.00802472076393,0.000307704771745,0.157790267261
35.262,1790081397.74,0.50063187787,0.480054277403,0.10011781525,-0.00778649177411,-0.000162221783161,0.158093644742
35.282,1790081397.76,0.502594896504,0.481586734005,0.100243022445,-0.00725024282052,-0.000917130694264,0.158116925922
35.302,1790081397.78,0.504549388578,0.483153811582,0.100416412645,-0.00692444805056,-0.00144123759378,0.158392267149
35.322,1790081397.8,0.506493161417,0.484754247723,0.100629513465,-0.00678797214988,-0.0016872211137,0.158884347756
35.342,1790081397.82,0.508425259549,0.486387503007,0.100791288747,-0.00639236400947,-0.00228228048289,0.159111543835
35.362,1790081397.84,0.510343139734,0.488051956274,0.100965622777,-0.0060781487634,-0.00277104870635,0.159415603704
35.382,1790081397.86,0.512244906936,0.489746377672,0.101086596757,-0.00548614617902,-0.00362728274612,0.159441302428
35.402,1790081397.88,0.514126875247,0.491468368247,0.101254531692,-0.00509567615638,-0.00418443616825,0.159716664768
35.422,1790081397.9,0.515986804754,0.493216369494,0.101462870186,-0.00489998782968,-0.00445199774199,0.160211298976
35.442,1790081397.92,0.517823690828,0.494989506115,0.101619819242,-0.00444520757835,-0.00504923321548,0.1604389636
35.462,1790081397.94,0.5196349568,0.496785939158,0.101789557809,-0.00407136363344,-0.00550632175501,0.160743375013
35.482,1790081397.96,0.52141891435,0.498604120955,0.101905948495,-0.00341957924938,-0.00631044038649,0.160767102112
35.502,1790081397.98,0.523172053122,0.500441445199,0.102069552532,-0.00297081184928,-0.00679576659149,0.161040757792
35.522,1790081398,0.524892450255,0.502296080306,0.102273780254,-0.00271899750715,-0.00697630454732,0.161533751742
35.542,1790081398.02,0.526579544296,0.504166843202,0.102426767394,-0.00221006454615,-0.00747785136043,0.1617578201
35.562,1790081398.04,0.528231124258,0.506051681637,0.10259293117,-0.00178653399956,-0.00783312013269,0.162059115677
35.582,1790081398.06,0.529845991915,0.507948790673,0.102705966235,-0.0010884689601,-0.00853406050147,0.162077845087
35.602,1790081398.08,0.531420989702,0.509855389786,0.102866571445,-0.000599542921485,-0.00891574144778,0.162348078486
35.622,1790081398.1,0.532954637142,0.511769453341,0.103068139594,-0.000313969208019,-0.00899325209739,0.162839088072
35.642,1790081398.12,0.534446896874,0.513689609163,0.103218699735,0.000224440291568,-0.00939418861182,0.163059257361
35.662,1790081398.14,0.535895922023,0.515613679404,0.103382605343,0.000672178784367,-0.00965047326913,0.163356391757
35.682,1790081398.16,0.537301003184,0.517539727496,0.103493753851,0.00138987423415,-0.0102526513614,0.1633694325
35.702,1790081398.18,0.538659291855,0.519464883949,0.103652822223,0.00189163655986,-0.0105329521995,0.163636308117
35.722,1790081398.2,0.539969742502,0.521387044618,0.103853050348,0.00218407542176,-0.0105061850272,0.164125355689
35.742,1790081398.22,0.541232865517,0.523304785698,0.104002612118,0.00272523256601,-0.0107998510638,0.164341825949
35.762,1790081398.24,0.54244719354,0.525215897554,0.104165702371,0.00317064817043,-0.0109448643606,0.164635498091
35.782,1790081398.26,0.54361256967,0.527118441336,0.104276378292,0.00388240697094,-0.0114322159368,0.164643029147
35.802,1790081398.28,0.544726505554,0.52900953726,0.104434892926,0.00437349341929,-0.0115940196601,0.164905305842
35.822,1790081398.3,0.545788463112,0.530887103841,0.104634503581,0.0046504850417,-0.0114452786281,0.165390594774
35.842,1790081398.32,0.546799585826,0.532749786186,0.104783814335,0.00517243494298,-0.0116140527374,0.165601507403
35.862,1790081398.34,0.547758848897,0.53459541825,0.10494676881,0.00559367167261,-0.0116312642678,0.165890132955
35.882,1790081398.36,0.548666721055,0.536422170352,0.105057722007,0.00627717010203,-0.0119888911336,0.165890904084
35.902,1790081398.38,0.54952112343,0.538227220558,0.10521641046,0.00673444493099,-0.0120189361967,0.166148320823
35.922,1790081398.4,0.550322079687,0.540008611224,0.105416025669,0.00697246215715,-0.0117374975737,0.166630076076
35.942,1790081398.42,0.551071414069,0.541765182099,0.10556570679,0.00745129510913,-0.0117734809755,0.166835756855
35.962,1790081398.44,0.551768570341,0.543494896532,0.105728997824,0.00782460010716,-0.0116580188707,0.167119643203
35.982,1790081398.46,0.552414661955,0.54519615374,0.105840664298,0.00845618527925,-0.0118837961109,0.167113872895
36.002,1790081398.48,0.55300802392,0.546866266598,0.105999729561,0.00885684497893,-0.0117827518966,0.167366411765
36.022,1790081398.5,0.553549262109,0.548503738485,0.10620185449,0.00914177051905,-0.0113807523176,0.167839951375
36.042,1790081398.52,0.554040773238,0.550106784385,0.106350449726,0.00949317676357,-0.0112828718183,0.168042952671
36.062,1790081398.54,0.554482514355,0.551674181119,0.106513944252,0.00979770173154,-0.0110404095203,0.168322007475
36.082,1790081398.56,0.554876184119,0.553204560098,0.106627880109,0.0103400979441,-0.0111287643632,0.168319647754
36.102,1790081398.58,0.555220531504,0.554695479346,0.106790882924,0.0106195292006,-0.0108725411976,0.168590984449
36.122,1790081398.6,0.555517257918,0.556145771321,0.106990014321,0.0107125709671,-0.0105391013615,0.169051649215
36.142,1790081398.62,0.55576781711,0.557554967044,0.107139880148,0.0110249165794,-0.0102145167532,0.169255332433
36.162,1790081398.64,0.555973554781,0.558921859434,0.107305213093,0.0113467128953,-0.00986629765364,0.169523751974
36.182,1790081398.66,0.556136368435,0.560244813205,0.107416824376,0.0118152674553,-0.00976261182621,0.169507847753
36.202,1790081398.68,0.556255924551,0.561521512745,0.107572187877,0.0119410838347,-0.00938714548801,0.169752796535
36.222,1790081398.7,0.556334021077,0.562751717422,0.107765615432,0.0119629552841,-0.00876063529303,0.170198426893
36.242,1790081398.72,0.556374136662,0.563935101786,0.107912377889,0.0121138145585,-0.008432350711,0.170388630556
36.262,1790081398.74,0.556377053454,0.56507103445,0.108073507602,0.0122207336518,-0.00798370029899,0.170655227143
36.282,1790081398.76,0.556345466465,0.566159051723,0.108183179736,0.0125481307334,-0.00788987417417,0.170629133638
36.302,1790081398.78,0.556278270666,0.567197331902,0.108342029213,0.0125819594942,-0.00727464348467,0.17087845586
36.322,1790081398.8,0.556178857951,0.568185939724,0.108534033327,0.0125238814008,-0.00659241192586,0.171323309997
36.342,1790081398.82,0.556050587209,0.569125053112,0.108682434603,0.0126188517599,-0.00609390043216,0.171515321389
36.362,1790081398.84,0.555895277353,0.570014172582,0.108838366364,0.0126930460436,-0.00561080827375,0.171757766332
36.382,1790081398.86,0.555715487735,0.570853061062,0.108948612628,0.0129647642535,-0.0053986385966,0.171731160853
36.402,1790081398.88,0.555511121434,0.571640168172,0.109107114967,0.0130156366919,-0.00493233535214,0.171989798185
36.422,1790081398.9,0.555284391148,0.572375275565,0.109296283948,0.0128783366491,-0.00424246868243,0.172434132372
36.442,1790081398.92,0.555039105619,0.573059196896,0.109443207161,0.0129236280961,-0.00383610286264,0.172632217986
36.462,1790081398.94,0.554776731042,0.573691620424,0.109598051594,0.0129716267508,-0.00352157732166,0.172885368756
36.482,1790081398.96,0.554498861399,0.574272344139,0.109706243103,0.0131376310386,-0.00334395893299,0.172860173874
36.502,1790081398.98,0.554204880412,0.574800143075,0.109857334258,0.0130358792658,-0.00265038038957,0.173109075149
36.522,1790081399,0.553898470641,0.575275497208,0.11004230301,0.0127265796982,-0.00186716557826,0.173549902184
36.542,1790081399.02,0.553583654577,0.57570001976,0.110185048835,0.0125815053228,-0.0013282339261,0.173741301192
36.562,1790081399.04,0.553262136107,0.576073966383,0.110333686141,0.0123496032141,-0.000710736778016,0.173976113139
36.582,1790081399.06,0.552937314687,0.576398649655,0.110438021232,0.0123363086918,-0.000447577381709,0.173942880937
36.602,1790081399.08,0.552608983243,0.576673384992,0.110588836404,0.0120714267999,0.000139560977602,0.174193715919
36.622,1790081399.1,0.552279925284,0.576899359543,0.110769761615,0.0116265409043,0.000945215775362,0.174633411914
36.642,1790081399.12,0.55195446644,0.57707887782,0.110908695768,0.0113831238115,0.0014454612127,0.174822907356
36.662,1790081399.14,0.551634044954,0.57721252841,0.111052976484,0.0110728886071,0.00201280635531,0.175054415464
36.682,1790081399.16,0.551321805897,0.57730201996,0.111152863587,0.0109941648825,0.0022384686889,0.175015754799
36.702,1790081399.18,0.551017416276,0.577346847162,0.111298762377,0.0106724668029,0.00278182268832,0.175262129764
36.722,1790081399.2,0.550723456384,0.577348466434,0.111474281077,0.0101721570905,0.00354610967242,0.175696857545
36.742,1790081399.22,0.550444057769,0.577309508572,0.111608111777,0.0098674931655,0.00400872142782,0.175880634446
36.762,1790081399.24,0.550180501853,0.577230781956,0.111747531744,0.00948792629254,0.0045408359607,0.176108530125
36.782,1790081399.26,0.549935765982,0.577114357774,0.111842817426,0.00933117705118,0.00473074889763,0.176065109854
36.802,1790081399.28,0.549709385516,0.576959983932,0.111984081562,0.00892533187082,0.00523743995786,0.176309125419
36.822,1790081399.3,0.549503777592,0.576769507608,0.112154865415,0.00833741950201,0.00596075585902,0.176742406718
36.842,1790081399.32,0.549322863759,0.576546013727,0.112284103466,0.00794300862788,0.00637542813894,0.176923062204
36.862,1790081399.34,0.549167733373,0.576290659548,0.112418859179,0.00747564919163,0.00685190928926,0.177147518006
36.882,1790081399.36,0.549041092875,0.576005943087,0.112509566031,0.00723428947516,0.00697720368906,0.177098650544
36.902,1790081399.38,0.548942244624,0.575691907399,0.112646168369,0.0067508047721,0.00741188650708,0.177338237414
36.922,1790081399.4,0.548873282796,0.575350753233,0.11281243521,0.00609211862661,0.00805744462219,0.177768762153
36.942,1790081399.42,0.548837747069,0.574985931578,0.112937299126,0.00563334860719,0.00838744517352,0.177945369018
36.962,1790081399.44,0.548836390271,0.574598847909,0.113067799259,0.00510888876942,0.00877444389082,0.178166383504
36.982,1790081399.46,0.548871496025,0.574192285445,0.113154347978,0.00481644054128,0.0088049386846,0.178112708651
37.002,1790081399.48,0.548942028217,0.573766461043,0.113286943157,0.00428911640052,0.00914206056683,0.178349142811
37.022,1790081399.5,0.549049651564,0.573323785704,0.113449325573,0.00359307170101,0.00968735713537,0.178777489001
37.042,1790081399.52,0.549197416397,0.572867919682,0.113570295395,0.0031017487707,0.0099128858082,0.178950231037
37.062,1790081399.54,0.549385668914,0.572400396554,0.11369687753,0.00255036053524,0.0101920764734,0.179166906113
37.082,1790081399.56,0.549616167282,0.571924126071,0.113781165484,0.00222701532569,0.0101211124758,0.179117847185
37.102,1790081399.58,0.549887162387,0.571439394942,0.113909832314,0.00164373906025,0.0105463625483,0.179367232507
37.122,1790081399.6,0.550201636726,0.57094904233,0.114068800122,0.000972551563895,0.0107740263649,0.179774271148
37.142,1790081399.62,0.550560356027,0.570456475457,0.114188158037,0.000459873214241,0.0108977403376,0.179955038714
37.162,1790081399.64,0.55096398092,0.56996369613,0.114308890008,4.76256806246e-05,0.0108447436989,0.180150700756
37.182,1790081399.66,0.551412239715,0.569472613463,0.114389304208,-0.000266239824273,0.010615688161,0.180092114776
37.202,1790081399.68,0.551903317539,0.5689836651,0.114518197947,-0.000821898880949,0.0107396928474,0.180340057686
37.222,1790081399.7,0.552438385145,0.568499743847,0.11467127152,-0.00138745919497,0.0108658746698,0.18074298223
37.242,1790081399.72,0.55301793226,0.568023497515,0.114787011924,-0.00191680386354,0.0109135196994,0.180916621496
37.262,1790081399.74,0.55364236723,0.567556976836,0.114906412043,-0.00244077817884,0.0107941821493,0.181101974473
37.282,1790081399.76,0.554311011905,0.567102819825,0.114982865117,-0.00278092007911,0.0105386585331,0.18103582162
37.302,1790081399.78,0.555022096287,0.566661460192,0.115108321464,-0.00337112662697,0.0106308313425,0.181277570852
37.322,1790081399.8,0.555776289916,0.566235754902,0.115256170485,-0.0040686494404,0.0108752119279,0.181663951793
37.342,1790081399.82,0.556574975888,0.565829240135,0.115368061591,-0.00458087935545,0.0108618564917,0.181830674506
37.362,1790081399.84,0.557418128612,0.56544375241,0.115483563774,-0.00506490042785,0.0106589732655,0.182008770163
37.382,1790081399.86,0.558304675998,0.565081765951,0.115555922663,-0.00533731289805,0.0102835864243,0.181934812634
37.402,1790081399.88,0.559232452195,0.564743497961,0.115677809331,-0.0058232764014,0.0102133894354,0.182170667855
37.422,1790081399.9,0.560201363011,0.56443133315,0.115822345125,-0.00640593886506,0.0102829341565,0.182551938414
37.442,1790081399.92,0.56121198968,0.56414830891,0.115930708265,-0.00679819544217,0.0100877484383,0.182713000042
37.462,1790081399.94,0.562263221642,0.563895743124,0.116038671111,-0.00718997291163,0.00988122901746,0.182878964819
37.482,1790081399.96,0.563354471269,0.563675764329,0.116107258799,-0.00735255876046,0.00933938047112,0.18279913556
37.502,1790081399.98,0.564482738679,0.563488182647,0.116225791286,-0.0077375393847,0.00911937440324,0.183030197485
37.522,1790081400,0.565647312185,0.563334960107,0.116367166005,-0.00822493897769,0.00904029459601,0.183406713714
37.542,1790081400.02,0.566848121548,0.563218703529,0.116472302113,-0.00852440874501,0.00868336844379,0.183563003721
37.562,1790081400.04,0.568083380385,0.563140370983,0.116577011697,-0.00882767627028,0.00832855468035,0.183724396394
37.582,1790081400.06,0.569351857978,0.56310169277,0.116641885948,-0.00890294764875,0.00764878166566,0.183638976249
37.602,1790081400.08,0.570650066689,0.563102196071,0.116756993851,-0.00919978828617,0.00730490951427,0.183864819235
37.622,1790081400.1,0.571976752814,0.56314344823,0.116895095813,-0.00959748617848,0.00711845581045,0.1842367473
37.642,1790081400.12,0.573331352585,0.563227622249,0.116996518826,-0.00980383086889,0.00666712685538,0.184387694039
37.662,1790081400.14,0.574711722296,0.563355316591,0.117097382025,-0.010009634933,0.00622975810474,0.184543526532
37.682,1790081400.16,0.576116260821,0.563527806913,0.117157925351,-0.00998254147494,0.00547611765993,0.184451699011
37.702,1790081400.18,0.577541243728,0.563744282174,0.11726892568,-0.0101719352754,0.00506548621646,0.184671136814
37.722,1790081400.2,0.578985119536,0.564005824397,0.117402990077,-0.0104577371877,0.00481747363978,0.185036751213
37.742,1790081400.22,0.580447029031,0.564314064833,0.117500002648,-0.0105483636093,0.00430774340994,0.185181027385
37.762,1790081400.24,0.581924611266,0.564669150057,0.117596409184,-0.0106355587151,0.00381492948847,0.185330408009
37.782,1790081400.26,0.583416013903,0.56507180463,0.117652220204,-0.0104879958559,0.00300858251563,0.18523245066
37.802,1790081400.28,0.584917340494,0.565520811258,0.117758945545,-0.0105564501758,0.00254938468116,0.185447228068
37.822,1790081400.3,0.586426825354,0.566016707172,0.117888777258,-0.0107202950733,0.00225560103494,0.185808058401
37.842,1790081400.32,0.58794339601,0.566560532507,0.117981213711,-0.0106883404739,0.00170330702014,0.185947140942
37.862,1790081400.34,0.589464534203,0.567151955542,0.118072943103,-0.0106526325018,0.0011718759215,0.186090985489
37.882,1790081400.36,0.590988221622,0.56779112855,0.118123713428,-0.0103817883955,0.000331216140573,0.185986863118
37.902,1790081400.38,0.592510445432,0.568476418474,0.11822564505,-0.0103275798419,-0.000156629824189,0.186195652902
37.922,1790081400.4,0.59402931893,0.569207804127,0.118350915797,-0.0103701315573,-0.000471929387958,0.186551387432
37.942,1790081400.42,0.595543679737,0.569985733929,0.118438577673,-0.0102175223371,-0.00103916243119,0.186685281924
37.962,1790081400.44,0.597050960651,0.570809403674,0.118525572661,-0.0100623451571,-0.00157841097416,0.186824183911
37.982,1790081400.46,0.598549121286,0.571678405631,0.118571406546,-0.00967279751961,-0.00242009829353,0.186714950641
38.002,1790081400.48,0.600034183748,0.572590490974,0.118666041553,-0.00960991295641,-0.00293212532201,0.186924334851
38.022,1790081400.5,0.601504143672,0.573545923725,0.118782655471,-0.00951590945323,-0.00326469876781,0.187250805381
38.042,1790081400.52,0.602957802632,0.574544186844,0.118864164438,-0.00931092583796,-0.00383117511492,0.187383179073
38.062,1790081400.54,0.604392597152,0.575584535859,0.118942569708,-0.00901093230479,-0.00437206185622,0.187492478643
38.082,1790081400.56,0.605806471013,0.576665788622,0.118986013124,-0.00849207110898,-0.00515993217235,0.187390167672
38.102,1790081400.58,0.607195601551,0.577785437589,0.119083583758,-0.00820286675143,-0.00555857640319,0.187616746729
38.122,1790081400.6,0.608558551238,0.578942425153,0.119196966027,-0.00796863088244,-0.0058246068487,0.187942893584
38.142,1790081400.62,0.609894364677,0.580135835838,0.119279053024,-0.00758163943009,-0.00628126444915,0.188086774815
38.162,1790081400.64,0.611201007024,0.581363976847,0.119353985048,-0.00716702146114,-0.00675404000379,0.188194789141
38.182,1790081400.66,0.612476718525,0.582625226908,0.119393468393,-0.00655710501734,-0.00748302179127,0.188089124962
38.202,1790081400.68,0.613717872109,0.583916779902,0.119486835423,-0.00619354633757,-0.00782925878015,0.188310952087
38.222,1790081400.7,0.614923292096,0.585237213118,0.119595761017,-0.00590220343564,-0.00804975638895,0.188630950733
38.242,1790081400.72,0.616092252671,0.58658533341,0.11967348725,-0.00546413433001,-0.00845807757067,0.188768635389
38.262,1790081400.74,0.617222918208,0.58795924218,0.119744264383,-0.00500077156425,-0.00887641201527,0.188870848687
38.282,1790081400.76,0.618313795829,0.589357078308,0.119779832182,-0.00434100816442,-0.00954173158021,0.188759771901
38.302,1790081400.78,0.619361457282,0.590775871674,0.119869428026,-0.00392519025201,-0.00981421941443,0.188977036491
38.322,1790081400.8,0.620365086165,0.592213935436,0.11997470194,-0.0035783090598,-0.00995080359085,0.189292590527
38.342,1790081400.82,0.621324369725,0.593669796537,0.120048931096,-0.00308161846478,-0.0102654285559,0.189425398752
38.362,1790081400.84,0.622237857382,0.595141309613,0.120116295231,-0.00255810178552,-0.0105822392376,0.189522081806
38.382,1790081400.86,0.62310452641,0.596626332229,0.120148700133,-0.0018388378617,-0.0111386861652,0.189405302752
38.402,1790081400.88,0.623921318459,0.598121667686,0.120235066446,-0.00136681364615,-0.0112980791791,0.189617149926
38.422,1790081400.9,0.624687946018,0.599625363041,0.120337240827,-0.000968857227622,-0.0113177817818,0.189927728403
38.442,1790081400.92,0.625404654017,0.601135702629,0.120408619334,-0.000427026896438,-0.0115126024065,0.190055373808
38.462,1790081400.94,0.626070478487,0.602650350627,0.120473279075,0.000134685507153,-0.0117081376176,0.190146676814
38.482,1790081400.96,0.626684950499,0.604166989654,0.120503369404,0.000884325598773,-0.0121409608251,0.190024880374
38.502,1790081400.98,0.627245424411,0.605682296896,0.120587679949,0.00137657646249,-0.0121737414273,0.190234933202
38.522,1790081401,0.627752200463,0.607194219145,0.120688385679,0.00178436021422,-0.0120623790078,0.190547376704
38.542,1790081401.02,0.628206153406,0.608700989217,0.120758209329,0.00233092175932,-0.0121275722786,0.190674366032
38.562,1790081401.05,0.628606844291,0.610200245556,0.120820866363,0.0028939731758,-0.0121971510656,0.190761171613
38.582,1790081401.07,0.628954375483,0.611689661096,0.120849196276,0.00363993485039,-0.0125037621251,0.190633896364
38.602,1790081401.09,0.629246531203,0.613165907288,0.120930720421,0.00412692448389,-0.0124164560606,0.190834497799
38.622,1790081401.11,0.629484178824,0.614626952031,0.121027760557,0.00452855791036,-0.0121908303284,0.191132409572
38.642,1790081401.13,0.629668733426,0.616071057523,0.121094696086,0.00506141665187,-0.0121368534222,0.191247460702
38.662,1790081401.15,0.629800233233,0.617495908515,0.121155315321,0.00560146954455,-0.0120807464884,0.191326751333
38.682,1790081401.17,0.629879361752,0.618899281023,0.121182027465,0.00631761535586,-0.012258438368,0.191192217171
38.702,1790081401.19,0.629904336365,0.620277923767,0.121261561906,0.00676771088504,-0.0120408128371,0.191386920978
38.722,1790081401.21,0.629876631242,0.621629971964,0.121356648941,0.00712533404099,-0.0116831766958,0.191680233293
38.742,1790081401.23,0.629798287819,0.622953894084,0.121421948338,0.00760815541416,-0.0114966251271,0.191790501557
38.762,1790081401.25,0.629669877574,0.62424756906,0.121480989903,0.00809274416999,-0.0113091096291,0.191864802539
38.782,1790081401.27,0.629492677805,0.625509022848,0.12150649315,0.00874805257695,-0.0113563907112,0.191724973766
38.802,1790081401.29,0.629265352446,0.626735192167,0.121584145388,0.0091335146871,-0.0110130186181,0.191914388754
38.822,1790081401.31,0.62898987025,0.627924709126,0.12167965779,0.00952567020879,-0.0104875456063,0.192197227471
38.842,1790081401.33,0.628669185688,0.629075591984,0.12174306869,0.00993537953559,-0.0101819258508,0.192301193743
38.862,1790081401.35,0.62830427611,0.630186178707,0.121800219541,0.0103426283645,-0.00987911603322,0.192368771079
38.882,1790081401.37,0.627896949571,0.631254825708,0.121824101884,0.0109051887172,-0.00981842183239,0.192222162322
38.902,1790081401.39,0.627446332387,0.632278564081,0.121896761109,0.0110745049524,-0.00942733382154,0.192410991361
38.922,1790081401.41,0.626954558445,0.633257133387,0.121987186908,0.0112460078531,-0.00885568027991,0.192694273959
38.942,1790081401.43,0.626424724875,0.634189681742,0.122050423835,0.0115211369334,-0.00844235637191,0.192807211001
38.962,1790081401.45,0.625858626973,0.63507531015,0.122103143678,0.0120180558164,-0.0081907261844,0.192856795155
38.982,1790081401.47,0.625257432925,0.63591138419,0.122124244412,0.0124522333355,-0.00804657327145,0.192705211665
39.002,1790081401.49,0.624620710198,0.636695804323,0.122194570697,0.0125617773513,-0.00754834359735,0.192885844845
39.022,1790081401.51,0.623951414822,0.637428632083,0.122282676341,0.012751598756,-0.00704220204055,0.193144270114
39.042,1790081401.53,0.623251834211,0.638108696349,0.122343728187,0.0129204891949,-0.00648898361975,0.193249317334
39.062,1790081401.55,0.622524442215,0.638735386528,0.122392763678,0.0131263144666,-0.00598487907973,0.19327806393
39.082,1790081401.57,0.621771701796,0.639307908327,0.122414979479,0.013460319625,-0.00565796493555,0.193128878575
39.102,1790081401.59,0.620993663347,0.639824244534,0.122489107118,0.0134939610049,-0.00492356266627,0.19332535155
39.122,1790081401.61,0.620194309036,0.640284521181,0.122570387509,0.0134631651611,-0.00413255116804,0.19357256096
39.142,1790081401.63,0.619377455373,0.640688963999,0.122628738781,0.013510398729,-0.00349458862187,0.193674458354
39.162,1790081401.65,0.618545687336,0.641037284474,0.122674548484,0.0135861786466,-0.00294607341175,0.193697592497
39.182,1790081401.67,0.617701685978,0.641329296513,0.122693510266,0.0137944988874,-0.00262937133924,0.193540976018
39.202,1790081401.69,0.616845474438,0.641563466335,0.122760078091,0.0137380629535,-0.00197521495016,0.193705688427
39.222,1790081401.71,0.615980564891,0.641740300889,0.122837158729,0.0135976141059,-0.00124907787333,0.193945230849
39.242,1790081401.73,0.615110566135,0.641860570436,0.12289162678,0.0135340891677,-0.000675267796344,0.194039902281
39.262,1790081401.75,0.614237779942,0.641924443251,0.122933928384,0.0134930713938,-0.000176381251797,0.19405809465
39.282,1790081401.77,0.613364683918,0.641932253129,0.122949870981,0.0135757255246,0.000111283000015,0.193898278855
39.302,1790081401.79,0.612491125467,0.641882871839,0.123016380298,0.0133703937044,0.00077810158339,0.194085122414
39.322,1790081401.81,0.611620792821,0.641777555739,0.123089545933,0.0130974963376,0.00150258911302,0.194321812428
39.342,1790081401.83,0.610757237161,0.641617659301,0.123140219122,0.0128987548985,0.00208291801298,0.194412886515
39.362,1790081401.85,0.609902794083,0.641403921053,0.123178526447,0.0127244672325,0.00258721944965,0.194425236831
39.382,1790081401.87,0.609059959413,0.641137266236,0.12319043371,0.0126771351952,0.00287409245592,0.194256982189
39.402,1790081401.89,0.608228580472,0.640817017756,0.123252383973,0.0123459898356,0.00353225470273,0.194436200052
39.422,1790081401.91,0.607412291113,0.640445029846,0.123320966897,0.0119502376622,0.00423910381142,0.194665995945
39.442,1790081401.93,0.606614550725,0.640023223056,0.123367295215,0.0116307336951,0.00479238086942,0.194750430659
39.462,1790081401.95,0.605837570089,0.639552840264,0.123401400546,0.0113378357181,0.00526018495397,0.194756764351
39.482,1790081401.97,0.605083672574,0.639035333462,0.123409396458,0.0111733691544,0.00550199849558,0.194582927186
39.502,1790081401.99,0.604352542864,0.638470438889,0.123467094927,0.0107295585592,0.00610583073196,0.194757973631
39.522,1790081402.01,0.603647554917,0.637860549137,0.123531338482,0.0102246088924,0.00675018805999,0.194983747062
39.542,1790081402.03,0.602971878183,0.637208089593,0.123573481502,0.00979850091452,0.0072343977877,0.19506396059
39.562,1790081402.05,0.602327426083,0.636514750148,0.12360344227,0.00940222483448,0.00762715661877,0.195065902967
39.582,1790081402.07,0.601716184255,0.635782442273,0.123607481178,0.00913694771468,0.00778932573514,0.194887495678
39.602,1790081402.09,0.60113754699,0.635011258923,0.123661086923,0.00859733625449,0.00830928940673,0.195059698721
39.622,1790081402.11,0.600594492238,0.634204050002,0.123721348082,0.00800022783108,0.00886659381564,0.195283767541
39.642,1790081402.13,0.600089794284,0.633363671131,0.123759503238,0.00748633100151,0.00925902869645,0.195361059754
39.662,1790081402.15,0.599624976588,0.632492180973,0.123785349454,0.00700750934535,0.00955484763693,0.195358701946
39.682,1790081402.17,0.599201590571,0.631591857317,0.123785347609,0.00666394099612,0.00961600675478,0.195175220287
39.702,1790081402.19,0.598818669949,0.630663074829,0.123834618795,0.00605383391588,0.01002917705,0.195341844611
39.722,1790081402.21,0.598478689746,0.629709022819,0.123890438276,0.00539234449902,0.0104749241449,0.19555962339
39.742,1790081402.23,0.598183910886,0.628732855318,0.123924371602,0.00481803681692,0.0107533651049,0.195631221911
39.762,1790081402.25,0.597935374078,0.627736884267,0.123946189436,0.00428296309005,0.0109331470694,0.195624156252
39.782,1790081402.27,0.597734116552,0.626723640388,0.123942295115,0.00388716720984,0.0108760229805,0.19543607477
39.802,1790081402.29,0.597578748086,0.625693686644,0.123987724352,0.00323151403422,0.0111682632047,0.195599140894
39.822,1790081402.31,0.597471174911,0.624650434376,0.124039764505,0.00253014653323,0.0114906216442,0.195813682617
39.842,1790081402.33,0.597413094507,0.623597226936,0.124069956633,0.00192125679995,0.0116431163274,0.195881659336
39.862,1790081402.35,0.597405016578,0.622536521906,0.124088019919,0.00135755362405,0.0116943122559,0.195870576701
39.882,1790081402.37,0.597447408585,0.621470979648,0.124080352525,0.000938754884822,0.0115061868764,0.195677785904
39.902,1790081402.39,0.597538525863,0.620401107147,0.124119386481,0.000176547072047,0.0115969481033,0.195840091857
39.922,1790081402.41,0.597679160084,0.619331027563,0.124167659277,-0.000532369937905,0.0117829135343,0.196049260738
39.942,1790081402.43,0.597870489659,0.618263988796,0.124194217348,-0.00114355259049,0.0117989204217,0.1961124305
39.962,1790081402.45,0.598112315204,0.617202622887,0.124211628602,-0.00159933467074,0.0117931298603,0.196092657813
39.982,1790081402.47,0.598405037824,0.616148889471,0.124200734928,-0.00198702612022,0.0114873717407,0.195895291866
40.002,1790081402.49,0.598746406552,0.615103296472,0.124236787371,-0.00270906128332,0.0114596193072,0.196053744611
40.022,1790081402.51,0.599136823454,0.614070153485,0.124279843628,-0.00317109509033,0.0114238385088,0.196245755907
40.042,1790081402.53,0.599576187827,0.613050967577,0.12430507222,-0.00377119953811,0.0113180222592,0.196319522734
40.062,1790081402.55,0.600064381656,0.612048828476,0.124316882788,-0.00416709421438,0.0109278298279,0.196280675256
40.082,1790081402.57,0.600599395208,0.611065221752,0.124302578298,-0.00455541261585,0.0104877521012,0.196079612588
40.102,1790081402.59,0.601178736799,0.610100831678,0.124341564552,-0.00522861798277,0.0104310689731,0.196254886132
40.122,1790081402.61,0.60180271864,0.609159288475,0.124380117574,-0.00590879496154,0.0103711356618,0.19643231209
40.142,1790081402.63,0.602471166586,0.608243656743,0.124402158529,-0.00652563442193,0.0102064366005,0.196502686438
40.162,1790081402.65,0.603183405583,0.607356603431,0.124406167584,-0.00704033555046,0.00988945344302,0.196451948104
40.182,1790081402.67,0.603938163355,0.606500414188,0.124389560361,-0.00740902216029,0.0093695171089,0.196256125556
40.202,1790081402.69,0.604732454434,0.605675640672,0.124424853677,-0.0080022466727,0.00920237150707,0.196424739594
40.222,1790081402.71,0.605566061441,0.604885500298,0.124459835385,-0.00856314336533,0.0090008907703,0.19659467514
40.242,1790081402.73,0.606438180178,0.604132546128,0.124478702721,-0.00902654774559,0.00866986901172,0.196658981669
40.262,1790081402.75,0.607347393798,0.603418767978,0.12447971581,-0.00937749608578,0.00818488871759,0.196603388966
40.282,1790081402.77,0.608291717744,0.602745762685,0.124459861561,-0.00958110042405,0.00749990409413,0.196401349814
40.302,1790081402.79,0.609267539549,0.602113454956,0.12449205338,-0.0100154813479,0.00717811755728,0.196562405682
40.322,1790081402.81,0.610273936253,0.601524344928,0.124523962861,-0.0104304880389,0.00683889957125,0.196724965453
40.342,1790081402.83,0.611309515152,0.600980364953,0.124539423258,-0.0107606889895,0.00638627602639,0.196780306965
40.362,1790081402.85,0.612372353864,0.600482943364,0.124536693768,-0.0109897439845,0.00579560130935,0.196714375795
40.382,1790081402.87,0.613460023332,0.600033156374,0.124513167625,-0.0110818364968,0.00502206708239,0.196503642879
40.402,1790081402.89,0.614568601416,0.599630541444,0.124542125326,-0.0114103052572,0.00462505491031,0.196657036754
40.422,1790081402.91,0.615696811313,0.599277091066,0.124570786477,-0.0117207676115,0.00422063629645,0.196812127977
40.442,1790081402.93,0.616842974141,0.59897427181,0.124582926802,-0.0119446869545,0.00371063271863,0.196860474391
40.462,1790081402.95,0.618004928246,0.598723052332,0.124576791385,-0.0120629350539,0.00306818638925,0.196787902838
40.482,1790081402.97,0.619180024882,0.59852402825,0.124549741679,-0.0120381373247,0.00224701842581,0.196570785681
40.502,1790081402.99,0.620364177882,0.598376327679,0.124575367785,-0.0122424755658,0.00180431739788,0.196717118151
40.522,1790081403.01,0.62155588949,0.598281340904,0.124600663867,-0.0124221521816,0.00135697705233,0.196865016985
40.542,1790081403.03,0.62275329066,0.598239950711,0.124609349807,-0.0125097285696,0.000807520323777,0.19690630208
40.562,1790081403.05,0.623954056028,0.598252536736,0.124599686799,-0.0124873429676,0.000129951983019,0.19682690094
40.582,1790081403.07,0.625155389519,0.598319087274,0.124569015328,-0.0123190961971,-0.000721112013792,0.196603235784
40.602,1790081403.09,0.626353094224,0.59843821377,0.124591380053,-0.0123792989578,-0.00118780363486,0.196743784419
40.622,1790081403.11,0.62754556284,0.59861061675,0.124613624754,-0.0124155392082,-0.00165128495058,0.1968874498
40.642,1790081403.13,0.628730861259,0.598836545374,0.124619042047,-0.012359486712,-0.00221101925466,0.196923698272
40.662,1790081403.15,0.629906628661,0.599115762061,0.124605908016,-0.0121937545212,-0.00289264586512,0.196838466054
40.682,1790081403.17,0.631070057562,0.599447637422,0.124571621503,-0.0118830849219,-0.00374094441672,0.196608718313
40.702,1790081403.19,0.632216961784,0.599830275809,0.124590139098,-0.0118007617825,-0.0042017678202,0.196740301352
40.722,1790081403.21,0.633345771516,0.600263694889,0.124608319783,-0.0116950490033,-0.00465404105443,0.196873579429
40.742,1790081403.23,0.63445460679,0.600747510457,0.12460981404,-0.0114997217332,-0.00519398004392,0.196900911802
40.762,1790081403.25,0.635541298342,0.601281258961,0.124590590591,-0.0109620911913,-0.00591576303425,0.196793905295
40.782,1790081403.27,0.636602655922,0.601861868649,0.124553737381,-0.0106220885373,-0.00669528550457,0.196564787269
40.802,1790081403.29,0.637634923131,0.602488088724,0.124572345731,-0.0104267691109,-0.00708463303509,0.196715390688
40.822,1790081403.31,0.638636933802,0.603159525494,0.124584993535,-0.0100039520681,-0.00753916699778,0.19683117767
40.842,1790081403.33,0.639606615022,0.603873769557,0.124585133917,-0.0097405226327,-0.00799123077632,0.196868784001
40.862,1790081403.35,0.64054225959,0.604630134598,0.124560922153,-0.00932908250619,-0.00860186843405,0.196744939316
40.882,1790081403.37,0.64144128344,0.60542679619,0.124521127407,-0.00883148187121,-0.00931996515778,0.196515067608
40.902,1790081403.39,0.642299799561,0.606261019626,0.124531909063,-0.00872171837756,-0.0095077210245,0.196651023618
40.922,1790081403.41,0.643117925096,0.607133035999,0.124539338805,-0.00842475704266,-0.00984523249158,0.196748333569
40.942,1790081403.43,0.643893985971,0.608041303896,0.12453574928,-0.0080637806613,-0.0102167538138,0.196778946478
40.962,1790081403.45,0.644626585982,0.608984354428,0.124508164548,-0.00753474338031,-0.0107571846097,0.1966492272
40.982,1790081403.47,0.645313443842,0.6099599404,0.124465408103,-0.00686706271603,-0.0114178839432,0.196415657598
41.002,1790081403.49,0.645951034752,0.610964858809,0.124477039333,-0.00643286242706,-0.0116672747831,0.196554784609
41.022,1790081403.51,0.646538895621,0.611997461771,0.124481384332,-0.00594300714147,-0.0119404508628,0.196648670144
41.042,1790081403.53,0.647075858925,0.613055624476,0.124474804068,-0.00540398502564,-0.0122353962087,0.196676494635
41.062,1790081403.55,0.647560853268,0.614137080708,0.124444205009,-0.00474130369807,-0.0126679584144,0.196544281193
41.082,1790081403.57,0.64799204362,0.615238868832,0.124397701511,-0.00408411974665,-0.0131820502475,0.196302538701
41.102,1790081403.59,0.64836632416,0.616357968662,0.124401914851,-0.00372469001405,-0.0131738517667,0.196431159603
41.122,1790081403.61,0.648684738028,0.617493284884,0.124403020708,-0.00320221145574,-0.0132928337064,0.196523030157
41.142,1790081403.63,0.648946590794,0.618642338795,0.12439320666,-0.00263026595453,-0.0134337207079,0.196548589931
41.162,1790081403.65,0.649151516846,0.619802761828,0.124359774769,-0.00191037034485,-0.0137300166159,0.196414856177
41.182,1790081403.67,0.649298267211,0.620971499431,0.12431129814,-0.00108162084059,-0.0141354262437,0.196177221187
41.202,1790081403.69,0.649384242002,0.62214473856,0.124316170138,-0.000513712261373,-0.0141282363836,0.196309344162
41.222,1790081403.71,0.649410242728,0.623320211641,0.124313947199,8.19707432458e-05,-0.0141375762234,0.196396721622
41.242,1790081403.73,0.649376248691,0.624495341732,0.124301049635,0.000701896970728,-0.0141626458728,0.196418719439
41.262,1790081403.75,0.649282387683,0.625667520747,0.124264727828,0.00142392102414,-0.0143182725109,0.196282052438
41.282,1790081403.77,0.649128012428,0.626833701955,0.124213383744,0.00222208715556,-0.0145621044446,0.196041480384
41.302,1790081403.79,0.648911142019,0.627990217073,0.124214695338,0.00274506471786,-0.0143895123959,0.196169203998
41.322,1790081403.81,0.64863337357,0.629134988415,0.124208989518,0.0032879151963,-0.0142293888324,0.196252091377
41.342,1790081403.83,0.648295422561,0.63026565995,0.124192606377,0.00385586255426,-0.0140869470858,0.196268724059
41.362,1790081403.85,0.647898150308,0.631379843908,0.124153036201,0.00453051140962,-0.0140788956033,0.196126373496
41.382,1790081403.87,0.647441590945,0.632474683289,0.124098752562,0.00528631384594,-0.0141631982631,0.195881073908
41.402,1790081403.89,0.646924350186,0.633546655347,0.124096341471,0.0057733353902,-0.0138409204588,0.196002756067
41.422,1790081403.91,0.646348745189,0.634593852525,0.124086973282,0.00628329996085,-0.0135367695207,0.196079436283
41.442,1790081403.93,0.645716107494,0.635614053163,0.124067210136,0.00681767586375,-0.0132536922425,0.196091039728
41.462,1790081403.95,0.645027913474,0.636605019922,0.124024734147,0.0074547717367,-0.0131065336701,0.195944951425
41.482,1790081403.97,0.644284780658,0.637564050463,0.123967736282,0.00816731309941,-0.0130537528249,0.195696043548
41.502,1790081403.99,0.643485815037,0.638487759728,0.123961738112,0.00860531454054,-0.0126002969834,0.195812840659
41.522,1790081404.01,0.642633969553,0.639374493138,0.123948898445,0.00905761318911,-0.0121664400524,0.195884822722
41.542,1790081404.03,0.641731137125,0.640222278962,0.123925786036,0.00952546114407,-0.0117553346844,0.195891665985
41.562,1790081404.05,0.640779354476,0.641029179667,0.123880312721,0.0100866346966,-0.0114808538395,0.195741054064
41.582,1790081404.07,0.639779772409,0.641792811909,0.123820553855,0.0107143907613,-0.011301944011,0.195487914969
41.602,1790081404.09,0.638731960736,0.642510088466,0.123811068471,0.0110608636258,-0.0107272509391,0.195600670258
41.622,1790081404.11,0.637639453884,0.643179804516,0.123794980882,0.0114139734166,-0.0101738663401,0.195669716048
41.642,1790081404.13,0.636504667182,0.643800417682,0.12376852453,0.0117778987551,-0.00964831738286,0.195671968589
41.662,1790081404.15,0.635330133898,0.644370450725,0.123719866455,0.0122304266923,-0.009263774058,0.195515559357
41.682,1790081404.17,0.63411746225,0.644887975084,0.123657078395,0.012744998378,-0.00897908110628,0.19525628353
41.702,1790081404.19,0.632866621159,0.645350310598,0.123643385195,0.0129777261475,-0.00830903317346,0.195360047988
41.722,1790081404.21,0.631581598008,0.64575680842,0.123623018106,0.0132139583326,-0.00766623405793,0.195419021162
41.742,1790081404.23,0.630265185275,0.646106427547,0.12359267509,0.0134557830102,-0.00705412424346,0.195413184001
41.762,1790081404.25,0.628920289728,0.646398230179,0.123540709554,0.0137803403359,-0.00658507446276,0.195250706924
41.782,1790081404.27,0.627548872707,0.646630824608,0.123474950416,0.0141617582885,-0.00621898302941,0.194986571914
41.802,1790081404.29,0.626151368691,0.646801928162,0.123454813565,0.0142036626134,-0.00556667538358,0.195087790797
41.822,1790081404.31,0.624731270821,0.646912041604,0.123432756172,0.0143595415786,-0.00477016862752,0.195135237017
41.842,1790081404.33,0.623292478397,0.646960011601,0.123399616744,0.0143362856448,-0.00409135596094,0.19512808564
41.862,1790081404.35,0.621838187666,0.646946789116,0.123344957924,0.0146941627498,-0.00367373417954,0.19494163827
41.882,1790081404.37,0.620369875431,0.64687005797,0.12327462618,0.0149099686093,-0.00329285167735,0.1946716712
41.902,1790081404.39,0.618887912424,0.64672831234,0.123254548992,0.0146622501435,-0.00250237496277,0.194771329072
41.922,1790081404.41,0.61739708982,0.646523910565,0.1232265532,0.0147775646367,-0.00185497439205,0.19480114473
41.942,1790081404.43,0.615899852521,0.64625528973,0.123189195752,0.0145978442197,-0.00112159118973,0.194788128062
41.962,1790081404.45,0.614399914809,0.645924115258,0.123126332964,0.0146694771053,-0.000569628079725,0.194586962999
41.982,1790081404.47,0.612899373063,0.645529693044,0.123054587813,0.0147636545808,-8.15633411952e-05,0.194320798801
42.002,1790081404.49,0.611399072709,0.645070923609,0.123030793199,0.0145727320702,0.000781169936886,0.194427780361
42.022,1790081404.51,0.609903993031,0.644549303218,0.122994597774,0.0144201101868,0.00154818346998,0.194444986729
42.042,1790081404.53,0.608417234138,0.643965337778,0.122953414193,0.0142380676823,0.00229334939861,0.194433330902
42.062,1790081404.55,0.606942450214,0.643320085604,0.122886357151,0.0141612678899,0.00282047400074,0.194224301359
42.082,1790081404.57,0.605481721238,0.642613706794,0.122808160892,0.0140888013485,0.00319660096014,0.193940882782
42.102,1790081404.59,0.604035227602,0.641845754797,0.122780067451,0.0137411701968,0.00397755779584,0.194039660866
42.122,1790081404.61,0.602607680875,0.641018448334,0.122739791699,0.0134174726032,0.00465523181231,0.194048774043
42.142,1790081404.63,0.601201789194,0.64013304108,0.122694769237,0.0130680607382,0.0053183179932,0.194029960508
42.162,1790081404.65,0.599820845284,0.639191328144,0.122624310668,0.0128272494203,0.00577449078496,0.193814838508
42.182,1790081404.67,0.598466545759,0.638194158029,0.122545365027,0.0126137659185,0.00614130837829,0.193534523865
42.202,1790081404.69,0.597139278078,0.637141582919,0.122513121141,0.0121210212629,0.00685835402845,0.193625317309
42.222,1790081404.71,0.595843318472,0.636036534185,0.122468777143,0.0116601730883,0.00747347281529,0.193626555188
42.242,1790081404.73,0.594581130335,0.634880835925,0.122419600354,0.0111789991788,0.00806358911613,0.193599629264
42.262,1790081404.75,0.593355668553,0.633676867712,0.122345174202,0.010810127336,0.00843774107469,0.193376724605
42.282,1790081404.77,0.592168281142,0.632426003529,0.122262387913,0.0104735988831,0.00871625032176,0.193089262273
42.302,1790081404.79,0.591019030857,0.631128759304,0.122225841454,0.00986584529436,0.00933551792026,0.193172537979
42.322,1790081404.81,0.589911711349,0.629788623263,0.122177343897,0.00929439738013,0.00984770772071,0.193166846418
42.342,1790081404.83,0.588848350388,0.62840788515,0.122124129295,0.008707370446,0.0103301506879,0.193133628365
42.362,1790081404.85,0.587831413706,0.626989394791,0.122045936843,0.00823592122127,0.0105935529138,0.19290531713
42.382,1790081404.87,0.586861790448,0.625534946447,0.121959537843,0.00780097127281,0.0107579612236,0.192613162233
42.402,1790081404.89,0.585939121149,0.624045430246,0.121919041612,0.00710276226548,0.0112566893362,0.192691088634
42.422,1790081404.91,0.585066609012,0.622524771412,0.121866705247,0.00644567371892,0.011644879879,0.192680342178
42.442,1790081404.93,0.584245759034,0.620975621166,0.121809714369,0.00577872650527,0.0119993619818,0.192642154926
42.462,1790081404.95,0.583478458058,0.619401182329,0.121727924915,0.00523194070849,0.0121321546967,0.192409361699
42.482,1790081404.97,0.582765055253,0.617803557194,0.121638035534,0.00472725977964,0.01216287665,0.192113062773
42.502,1790081404.99,0.582104694712,0.616183903545,0.12159378233,0.00396876518132,0.012521784543,0.192185595102
42.522,1790081405.01,0.581499897371,0.614546436542,0.121537757515,0.00325760132044,0.0127672463546,0.192169519823
42.542,1790081405.03,0.580951565079,0.612894034059,0.121477213402,0.00254298722373,0.0129766292723,0.192126653924
42.562,1790081405.05,0.580460931509,0.611230107344,0.121392054873,0.00195380256759,0.012963334182,0.191890136074
42.582,1790081405.07,0.580027745046,0.609556933066,0.121298817808,0.00141345813714,0.012845818305,0.191589873433
42.602,1790081405.09,0.579650589306,0.607875799465,0.121251462018,0.000626993862065,0.0130552861376,0.191660301911
42.622,1790081405.11,0.579331258163,0.60619105549,0.121192681646,-0.000107043349497,0.0131524126789,0.191644574832
42.642,1790081405.13,0.579070037239,0.604505685364,0.121129179491,-0.000835974870489,0.0132101891903,0.191600014163
42.662,1790081405.15,0.578867477868,0.602823157604,0.121040958137,-0.00143231738121,0.0130438502916,0.191360774893
42.682,1790081405.17,0.578722695117,0.601145772712,0.120944737045,-0.00197273560886,0.0127727904928,0.191057970426
42.702,1790081405.19,0.578633706637,0.599474831725,0.12089393677,-0.00274688824446,0.0128224028199,0.191121044452
42.722,1790081405.21,0.578601532194,0.597814623376,0.120831461639,-0.00346002550598,0.0127577302691,0.191095702547
42.742,1790081405.23,0.57862576641,0.596168032005,0.120764728498,-0.00416305079325,0.0126574834624,0.191044834818
42.762,1790081405.25,0.57870625646,0.594538407978,0.120673621052,-0.00472938514362,0.0123379181722,0.190802312274
42.782,1790081405.27,0.578841492334,0.592927931675,0.120574533895,-0.00523371493434,0.0119160372229,0.190496322118
42.802,1790081405.29,0.579028926515,0.591337769101,0.12052104238,-0.00596395713981,0.0118161192441,0.190556080883
42.822,1790081405.31,0.579268854768,0.589771996254,0.120456017615,-0.00662759675939,0.0116055303022,0.190528572208
42.842,1790081405.33,0.579560262639,0.58823329442,0.120386634172,-0.0072736766495,0.0113605775541,0.190474437834
42.862,1790081405.35,0.579902350803,0.586724753889,0.120292789858,-0.00777668441931,0.0108990310485,0.190228432904
42.882,1790081405.37,0.580293049652,0.585248147622,0.120191867575,-0.0083102807417,0.0103222938273,0.189924678295
42.902,1790081405.39,0.580729154826,0.583805066634,0.120138561268,-0.00897567085428,0.0101038054154,0.190001946769
42.922,1790081405.41,0.581210478967,0.582399199201,0.120067948461,-0.00953845520043,0.00973467647084,0.189946354166
42.942,1790081405.43,0.581735233724,0.581032674406,0.119997465821,-0.0100852150596,0.0093734718371,0.189899538557
42.962,1790081405.45,0.582302197089,0.579708277632,0.119897710113,-0.010446203961,0.00876125334501,0.189622350614
42.982,1790081405.47,0.582908560697,0.578427176255,0.119794670613,-0.0107584991479,0.00809250614542,0.189318983068
43.002,1790081405.49,0.58355090635,0.577189871639,0.11973893666,-0.0112909655032,0.00776013178356,0.189390345616
43.022,1790081405.51,0.584228437676,0.57599958325,0.119666087638,-0.0117243426608,0.00728584592473,0.189331243381
43.042,1790081405.53,0.584938948223,0.574857885661,0.119593397829,-0.0121596960333,0.00682092411722,0.189281057491
43.062,1790081405.55,0.585680748466,0.573767064362,0.119491348854,-0.0124198876445,0.00610802580605,0.189000922565
43.082,1790081405.57,0.586450635934,0.572727915586,0.119384494081,-0.0126252457651,0.00533194430079,0.188682530972
43.102,1790081405.59,0.587244766544,0.571740513833,0.119326350448,-0.0130518903457,0.00490368543745,0.188747794912
43.122,1790081405.61,0.588061891028,0.570807561009,0.119251078856,-0.0133722773229,0.00434015197224,0.188683003004
43.142,1790081405.63,0.588899435911,0.569930165729,0.119176093041,-0.0136863459874,0.00379432903791,0.188628120274
43.162,1790081405.65,0.589755350142,0.569110048586,0.119071805036,-0.0138170464841,0.00301073201764,0.188344909669
43.182,1790081405.67,0.590626144602,0.568347468022,0.11896413338,-0.0138905781961,0.00218206183414,0.188034793997
43.202,1790081405.69,0.591507804349,0.567642041142,0.118903656035,-0.0141695475112,0.00169532397812,0.188094315418
43.222,1790081405.71,0.592398782002,0.566995722524,0.118825960383,-0.0143360668876,0.00108090777119,0.188023503946
43.242,1790081405.73,0.593296299732,0.566408989472,0.118748447888,-0.0144906769654,0.000489364924783,0.187961372943
43.262,1790081405.75,0.594198104009,0.565882834498,0.118641594688,-0.0144592645483,-0.000331981543072,0.187671346449
43.282,1790081405.77,0.595100556068,0.565416860939,0.118531473381,-0.0143701093722,-0.00119020793449,0.187355391032
43.302,1790081405.79,0.595999533159,0.5650100734,0.118468431281,-0.0144849302894,-0.00170265669262,0.18740677742
43.322,1790081405.81,0.596893366056,0.564663627055,0.118388133152,-0.0144880493121,-0.00233460638121,0.187328071712
43.342,1790081405.83,0.597779207484,0.564377330362,0.118307974474,-0.0144801412038,-0.00293655667572,0.187257809666
43.362,1790081405.85,0.598654764503,0.564151437231,0.118198520008,-0.0142880603847,-0.00375865222169,0.186960813463
43.382,1790081405.87,0.599516401009,0.563984908581,0.118085680291,-0.0140391684667,-0.00461039876223,0.186637295389
43.402,1790081405.89,0.600360020068,0.56387614674,0.118019780647,-0.0139947626277,-0.00511177888162,0.186679460618
43.422,1790081405.91,0.601184011367,0.563825527885,0.117936720722,-0.0138405390192,-0.00572343670132,0.186592751349
43.442,1790081405.93,0.601985614094,0.563832217335,0.117853768599,-0.0136765867399,-0.00629777339534,0.186514524492
43.462,1790081405.95,0.602762668577,0.563895759407,0.11774164456,-0.0133306491005,-0.0070823117903,0.186211062923
43.482,1790081405.97,0.603511694424,0.564014499239,0.117626103258,-0.0129296177589,-0.00788891147185,0.185881235742
43.502,1790081405.99,0.604228768613,0.56418626663,0.117557140554,-0.0127336689687,-0.00834215968762,0.185914561227
43.522,1790081406.01,0.604912520388,0.564410697261,0.117471066505,-0.0124302734365,-0.00889754484572,0.185819685747
43.542,1790081406.03,0.60556042181,0.564686345495,0.11738506537,-0.0121196458192,-0.00940900323811,0.185733399333
43.562,1790081406.05,0.606170606425,0.565012091362,0.117270087197,-0.0116307425353,-0.0101212028903,0.185423511515
43.582,1790081406.07,0.606739888162,0.565385707536,0.117151699663,-0.0110904207746,-0.0108482122382,0.185087779097
43.602,1790081406.09,0.607264646346,0.565804496862,0.117079591577,-0.01075861792,-0.0112184387144,0.185114119762
43.622,1790081406.11,0.607743919326,0.566267434159,0.116990556692,-0.0103242185712,-0.0116824771346,0.185013794547
43.642,1790081406.13,0.608175558719,0.566772539504,0.116901352023,-0.00988592411248,-0.0120982188136,0.184920663183
43.662,1790081406.15,0.608558160203,0.567318130932,0.116780291763,-0.00925675807349,-0.0127292297695,0.184581016915
43.682,1790081406.17,0.608888865668,0.567901366942,0.116657718285,-0.00860788334442,-0.0133926813711,0.184241245958
43.702,1790081406.19,0.60916430091,0.568519171776,0.116579681095,-0.00818074252653,-0.0137464956806,0.184263025091
43.722,1790081406.21,0.609383390302,0.569170314609,0.116485492516,-0.0074549092589,-0.014032405419,0.184145776925
43.742,1790081406.23,0.60954504499,0.569851026821,0.116394608385,-0.00692515822387,-0.0142976704167,0.184060737663
43.762,1790081406.25,0.609648446605,0.570559583827,0.116271010905,-0.00620093184687,-0.0147624828243,0.183719060445
43.782,1790081406.27,0.609691400238,0.571292599955,0.116148046163,-0.0055766902127,-0.0152424574439,0.183382096008
43.802,1790081406.29,0.60967112815,0.572047201029,0.116068236816,-0.00525573453742,-0.0152962974076,0.183410957052
43.822,1790081406.31,0.609588373729,0.572822614682,0.115970008058,-0.00466870250365,-0.0155037462678,0.183279900458
43.842,1790081406.33,0.60944186174,0.573615919507,0.115875708309,-0.00409280207025,-0.0156236543537,0.183190087118
43.862,1790081406.35,0.609231622541,0.574424879783,0.115748919629,-0.00328733376818,-0.015968021727,0.182844216472
43.882,1790081406.37,0.608955826995,0.575245922943,0.115623095228,-0.00245026626762,-0.0162846873882,0.182508592262
43.902,1790081406.39,0.608612472883,0.576075217252,0.115542642612,-0.0018334488754,-0.0162418148051,0.182537863656
43.922,1790081406.41,0.608202663306,0.57691040141,0.115440538564,-0.00111014640438,-0.016313958965,0.182402341332
43.942,1790081406.43,0.607725736627,0.57774827168,0.115342200916,-0.000433007162886,-0.0162975023432,0.182307688711
43.962,1790081406.45,0.607182354641,0.578586128429,0.115211671844,0.000410212410468,-0.0164924155474,0.181958369661
43.982,1790081406.47,0.606571341365,0.579420179539,0.115081505427,0.00115848551738,-0.0166963148444,0.181613827961
44.002,1790081406.49,0.605890991419,0.58024724244,0.114996167518,0.00174545837373,-0.0164965289668,0.181636879989
44.022,1790081406.51,0.605143264356,0.581064925626,0.114889563987,0.00242286117665,-0.0164054115452,0.181496493646
44.042,1790081406.53,0.604328144988,0.581870249737,0.114786634088,0.00306418010321,-0.0162163155849,0.181397323271
44.062,1790081406.55,0.603446958278,0.582660893151,0.114653184018,0.00405720921788,-0.0161324895269,0.181057943341
44.082,1790081406.57,0.602499919124,0.583431999166,0.114518189181,0.00487054405727,-0.0161211814617,0.180706151999
44.102,1790081406.59,0.601486072641,0.584180191325,0.114427898529,0.00543531103269,-0.0157475441887,0.180724845889
44.122,1790081406.61,0.60040818404,0.584903308798,0.114316747965,0.00605573934423,-0.0155026187261,0.180580537666
44.142,1790081406.63,0.59926686111,0.585598594048,0.114209138705,0.00660584935058,-0.0151810246889,0.180476806591
44.162,1790081406.65,0.598064153258,0.586263930067,0.114070730993,0.00731092649639,-0.0150675574136,0.180122856315
44.182,1790081406.67,0.596800050598,0.586896189379,0.113932917071,0.00800509347419,-0.0149225547742,0.179778458795
44.202,1790081406.69,0.59547434646,0.587492126755,0.11383743473,0.00846342553138,-0.0144299242053,0.179791330333
44.222,1790081406.71,0.594090331381,0.588050120526,0.113721643106,0.00901393291963,-0.0140410573597,0.179643904058
44.242,1790081406.73,0.592649210211,0.588567664974,0.113609293582,0.0095158372478,-0.0135643512447,0.179537304881
44.262,1790081406.75,0.591153736776,0.589042857143,0.113466881052,0.0101764097666,-0.013287195046,0.17918259398
44.282,1790081406.77,0.589604558821,0.58947273025,0.113324972604,0.0108235013333,-0.0129789772059,0.178837191393
44.302,1790081406.79,0.588002121984,0.589854200061,0.113224151138,0.0112276330069,-0.0123348574458,0.178845249757
44.322,1790081406.81,0.58635041902,0.590185943342,0.113103447218,0.0117080561407,-0.0118006673072,0.178693729972
44.342,1790081406.83,0.584651244239,0.590465735684,0.112986044234,0.0121241050775,-0.0111895013057,0.178582532887
44.362,1790081406.85,0.582907944184,0.59069208705,0.112839326308,0.0126805549618,-0.0107840072483,0.178225018301
44.382,1790081406.87,0.581121678119,0.590862447377,0.112693083535,0.0132093929116,-0.0103570624318,0.177876780659
44.402,1790081406.89,0.579293362108,0.590974193436,0.112586833192,0.0134869688249,-0.00960834106017,0.177879328144
44.422,1790081406.91,0.577427473969,0.59102662005,0.112461205995,0.0138306746623,-0.00897476612672,0.177723522713
44.442,1790081406.93,0.575526211786,0.591018057266,0.11233879001,0.0141042789103,-0.00827169260493,0.177607871077
44.462,1790081406.95,0.57359332538,0.590947665964,0.112187823383,0.0145114641832,-0.0077762596871,0.177247782853
44.482,1790081406.97,0.571630334877,0.5908134908,0.112037318108,0.0148881157412,-0.00726489723458,0.176896973164
44.502,1790081406.99,0.569638499453,0.590613501786,0.111925633815,0.0150155699623,-0.0064433515508,0.176893348066
44.522,1790081407.01,0.567622626171,0.590347713508,0.11179502021,0.0152064046139,-0.00574062399929,0.176732060492
44.542,1790081407.03,0.565585197443,0.590015072487,0.111667478121,0.0153266424535,-0.00497556716504,0.176610160234
44.562,1790081407.05,0.563530226706,0.589615436494,0.111512105941,0.015576354687,-0.00442068857033,0.17624539724
44.582,1790081407.07,0.561459566523,0.589147487754,0.111355036749,0.015799344467,-0.00391160302173,0.175881772957
44.602,1790081407.09,0.559374258234,0.588609766945,0.111237938596,0.0157694131477,-0.00304907881461,0.175870826414
44.622,1790081407.11,0.557279411775,0.588003057777,0.11110238026,0.015799421179,-0.00231028707169,0.175703199387
44.642,1790081407.13,0.555177641546,0.587326953913,0.110969930444,0.0157567204189,-0.00150792023589,0.175575014698
44.662,1790081407.15,0.553073114085,0.586582050909,0.110810410232,0.0158386129886,-0.000915391129955,0.175205879639
44.682,1790081407.17,0.550967754668,0.585767689395,0.110651279655,0.0158872222519,-0.000321506318716,0.174845229508
44.702,1790081407.19,0.548863173952,0.584883120268,0.110529005563,0.0156915600173,0.000556195924976,0.174826231857
44.722,1790081407.21,0.546764391672,0.583929899285,0.110388756058,0.0155539826665,0.00130166146899,0.174651826005
44.742,1790081407.23,0.544674073025,0.582908302967,0.110251415745,0.0153459643656,0.00208906215512,0.174515840824
44.762,1790081407.25,0.542596289432,0.581819670989,0.110087611721,0.0152610957156,0.00265507128722,0.174140339892
44.782,1790081407.27,0.54053285586,0.580664010056,0.109924193539,0.0151444229896,0.00321185461306,0.173773002314
44.802,1790081407.29,0.538485372109,0.57944123513,0.10979461376,0.0147888029191,0.00394780200099,0.17374691624
44.822,1790081407.31,0.536457915579,0.578153632209,0.109649564368,0.0144922946314,0.00463900185277,0.173563134495
44.842,1790081407.33,0.534453188372,0.576802032308,0.109508161641,0.0140428022424,0.00531598400196,0.173421581505
44.862,1790081407.35,0.532474650682,0.575389112081,0.109337968581,0.0138135848259,0.00581942234678,0.173016036708
44.882,1790081407.37,0.53052385541,0.573915192111,0.109171599093,0.013534615673,0.00634339147226,0.172650115196
44.902,1790081407.39,0.528602228839,0.572380891319,0.109041410554,0.0130342073886,0.00714706701801,0.17262921453
44.922,1790081407.41,0.526714437431,0.57078938231,0.108893172143,0.0127558096507,0.00778627740606,0.172424897965
44.942,1790081407.43,0.524862643558,0.569141033251,0.108747835806,0.0122598781786,0.00847473962227,0.172281520089
44.962,1790081407.45,0.523050544111,0.567438837851,0.108573650426,0.0119087087024,0.00889859683599,0.171867694548
44.982,1790081407.47,0.52127923981,0.565683693308,0.108403121767,0.0114811273433,0.00932213238786,0.171494011574
45.002,1790081407.49,0.51954978375,0.563876811522,0.108268107223,0.0108121976111,0.00999401137832,0.171462297276
45.022,1790081407.51,0.517866229048,0.562022034334,0.108112398197,0.0102215687714,0.0104874679635,0.17124179291
45.042,1790081407.53,0.51623008465,0.560121359693,0.107962680508,0.00955623714119,0.0110240384067,0.171088298767
45.062,1790081407.55,0.514644382125,0.558178279139,0.107784726562,0.0090456529664,0.0112987724139,0.170666654978
45.082,1790081407.57,0.513109649431,0.556194387638,0.107609628598,0.00850903513381,0.0115684336053,0.170275322721
45.102,1790081407.59,0.511626301384,0.554171265812,0.10747069315,0.00775548702662,0.0120935254944,0.170234034109
45.122,1790081407.61,0.510197707286,0.552113164711,0.107311536693,0.00709553699151,0.0124461437732,0.170006205438
45.142,1790081407.63,0.508824820696,0.550022346379,0.107158467156,0.00637090945605,0.0128440669359,0.169846307549
45.162,1790081407.65,0.507510030635,0.547902569488,0.106977698653,0.00580152459794,0.0129840966542,0.16942111608
45.182,1790081407.67,0.506253330908,0.545755639322,0.106800815574,0.00520100269666,0.013123628774,0.169035965262
45.202,1790081407.69,0.505054676096,0.543583433592,0.106658583833,0.00439431356773,0.0135029531854,0.16898744548
45.222,1790081407.71,0.503916698768,0.541390433135,0.10649644929,0.00367976853252,0.0137070513847,0.168753691532
45.242,1790081407.73,0.502839769889,0.539179125586,0.106340294,0.00290470927603,0.0139487648972,0.168586093971
45.262,1790081407.75,0.501825552082,0.536953490015,0.106156831839,0.00228565078977,0.0139308464972,0.168155098531
45.282,1790081407.77,0.500873422754,0.534715530173,0.105977288847,0.00164104648525,0.0139079886784,0.167763921257
45.302,1790081407.79,0.499982704039,0.532467305826,0.105832054521,0.000800593762289,0.0141177680899,0.167706513428
45.322,1790081407.81,0.499155211114,0.530213445399,0.105667235466,5.78016725036e-05,0.0141527149682,0.167465821461
45.342,1790081407.83,0.498390644693,0.527956550834,0.105508479673,-0.000736709807235,0.0142237622321,0.167291641899
45.362,1790081407.85,0.497689884125,0.525700676678,0.105322819184,-0.00136983712874,0.0140386269072,0.16685698638
45.382,1790081407.87,0.497051657892,0.523447885403,0.10514104492,-0.00201897216479,0.0138478214306,0.166461393189
45.402,1790081407.89,0.496474633197,0.521200258344,0.104993319083,-0.00285167328591,0.0138861972006,0.166396888057
45.422,1790081407.91,0.495959802627,0.518962375145,0.104826289486,-0.00358002502722,0.0137528205501,0.16615113938
45.442,1790081407.93,0.495506203807,0.516736783309,0.104665272874,-0.00435044821065,0.0136549960838,0.165970872477
45.462,1790081407.95,0.49511394234,0.514527415279,0.104477651114,-0.00495420800279,0.0133056162879,0.165532579702
45.482,1790081407.97,0.49478110732,0.512336216788,0.104294009434,-0.00556615208838,0.0129521611423,0.16513377257
45.502,1790081407.99,0.494505733816,0.510165128152,0.104144215562,-0.00635091199461,0.0128258934252,0.16506345362
45.522,1790081408.01,0.494288026139,0.508018492368,0.103975363001,-0.00702581463667,0.0125323581895,0.164813951314
45.542,1790081408.03,0.494126390088,0.505898645411,0.103812569459,-0.0077348990961,0.0122760198997,0.164629820734
45.562,1790081408.05,0.494020207795,0.50380923097,0.103623459854,-0.00827298734314,0.0117744698197,0.164190409963
45.582,1790081408.07,0.493966979515,0.50175193892,0.103438309757,-0.00881164580438,0.0112711395516,0.163789821288
45.602,1790081408.09,0.493964163171,0.49972830517,0.103285604346,-0.00965039214015,0.0109900408246,0.163726682696
45.622,1790081408.11,0.494011215384,0.497743198657,0.103115097733,-0.0102358908451,0.0105502733636,0.16347286132
45.642,1790081408.13,0.494105969811,0.495798330669,0.102950644463,-0.0108476026861,0.0101505940585,0.163283703616
45.662,1790081408.15,0.494247067081,0.493896905696,0.102762313527,-0.0112706728603,0.00960533012714,0.162837826692
45.682,1790081408.17,0.494432163185,0.492040149978,0.102576506187,-0.0117285232536,0.00892064844231,0.162437180109
45.702,1790081408.19,0.494657765306,0.490229416092,0.10242461865,-0.0123989068941,0.00841226816876,0.162361934226
45.722,1790081408.21,0.4949221641,0.488468671741,0.102252704774,-0.0128289156992,0.00783545683871,0.162103203311
45.742,1790081408.23,0.49522286698,0.486759050194,0.10208564139,-0.0132670048901,0.00726147649441,0.161909801626
45.762,1790081408.25,0.495557592506,0.485102928188,0.101895793877,-0.0135297097407,0.0066185513296,0.161461381517
45.782,1790081408.27,0.495923680291,0.483500922192,0.101707292739,-0.0138369775465,0.00590155115797,0.161061173075
45.802,1790081408.29,0.496317643127,0.481953951239,0.101550583088,-0.0142183343302,0.00534722543492,0.1609751247
45.822,1790081408.31,0.496737399072,0.48046439083,0.101375914029,-0.0143831646743,0.00481375742819,0.160704885967
45.842,1790081408.33,0.497180866745,0.479032239223,0.101209447331,-0.0146857514954,0.00423069918793,0.160515728329
45.862,1790081408.35,0.497645715486,0.477659690973,0.10101768846,-0.0146656547314,0.00343820298038,0.160054566149
45.882,1790081408.37,0.498128380867,0.476345750684,0.100829720089,-0.0148181891203,0.00263943158318,0.15965500689
45.902,1790081408.39,0.498625163171,0.475090910061,0.10067523916,-0.0151300443156,0.00206817055129,0.1595776856
45.922,1790081408.41,0.499134167786,0.473897242137,0.100498563003,-0.0153368922425,0.00132853846827,0.159294305954
45.942,1790081408.43,0.499651992697,0.472765182814,0.100330470021,-0.0155796192156,0.000664268805363,0.159100409812
45.962,1790081408.45,0.500176230928,0.471696301115,0.100133832767,-0.0156202593675,-0.000229997683948,0.158630360034
45.982,1790081408.47,0.500702812136,0.470690263726,0.0999440714244,-0.0156512230225,-0.00107219317211,0.158227562345
46.002,1790081408.49,0.501227929353,0.469746806198,0.0997873543808,-0.0158070149368,-0.00166967142333,0.158143301035
46.022,1790081408.51,0.501749556552,0.468867271555,0.0996089820447,-0.0158083904771,-0.00240879861084,0.15785573062
46.042,1790081408.53,0.502264313708,0.468051247711,0.0994391272554,-0.0158234604298,-0.00305981848024,0.157656369409
46.062,1790081408.55,0.502769847266,0.467299265138,0.0992411225333,-0.0156329676787,-0.00392694347223,0.157183834974
46.082,1790081408.57,0.503262211278,0.466610079913,0.099049809028,-0.0154378908945,-0.00473862108133,0.15677696482
46.102,1790081408.59,0.503737728894,0.465982527983,0.0988909699495,-0.0153779388806,-0.00530854508226,0.156684455375
46.122,1790081408.61,0.504194489439,0.465416956007,0.0987107420611,-0.015180859745,-0.00601504005014,0.156390769977
46.142,1790081408.63,0.504629248266,0.464912180868,0.0985388661649,-0.0150123085284,-0.0066327140856,0.156184529502
46.162,1790081408.65,0.505039799638,0.464467906642,0.0983392427438,-0.0146540503534,-0.00745783787749,0.155708414451
46.182,1790081408.67,0.505422370222,0.464082254008,0.098146115062,-0.0143009550686,-0.00822386016368,0.155297122171
46.202,1790081408.69,0.505773469922,0.463753446135,0.0979847391616,-0.0140871781188,-0.00874805792123,0.15519584774
46.222,1790081408.71,0.50609140211,0.463481095889,0.0978022617352,-0.0137421775327,-0.00939833910116,0.15489557713
46.242,1790081408.73,0.506373150822,0.463263451601,0.0976277880816,-0.0134268009927,-0.00995464470247,0.154680694142
46.262,1790081408.75,0.506616790363,0.463099542594,0.097425999343,-0.012925664652,-0.0107049226149,0.154198993336
46.282,1790081408.77,0.50681884813,0.462986945066,0.0972305042401,-0.012430612557,-0.0113888665202,0.153781533935
46.302,1790081408.79,0.506976166889,0.462923325352,0.0970660011424,-0.0120739475636,-0.0118286852141,0.153670407335
46.322,1790081408.81,0.507087444129,0.462907616552,0.0968807687051,-0.0115901165335,-0.0123830957479,0.153362893566
46.342,1790081408.83,0.50715004892,0.462937527629,0.0967032934027,-0.0111383570633,-0.0128380860481,0.153140104237
46.362,1790081408.85,0.507162513197,0.463011467484,0.0964990503002,-0.0105076169241,-0.013474571215,0.152654094665
46.382,1790081408.87,0.507121818884,0.463126518055,0.0963007976666,-0.00988698526022,-0.0140402185503,0.152231101131
46.402,1790081408.89,0.507025286046,0.463279852891,0.0961326184054,-0.00940715414104,-0.0143625990268,0.152110204971
46.422,1790081408.91,0.506872156045,0.463469825455,0.0959441174094,-0.00880776497699,-0.0147905776578,0.151795431044
46.442,1790081408.93,0.50666030375,0.46369369759,0.0957630256219,-0.00824558923539,-0.0151165925904,0.151564076255
46.462,1790081408.95,0.506388839722,0.463949379922,0.0955557700415,-0.007513859903,-0.0156134888868,0.151073064282
46.482,1790081408.97,0.506055299764,0.464233571066,0.095354234616,-0.00679856403357,-0.0160363370808,0.150644483479
46.502,1790081408.99,0.50565757936,0.464543074873,0.095181791449,-0.00622803209189,-0.0162181490905,0.150514128646
46.522,1790081409.01,0.505195567958,0.464875820277,0.0949895022956,-0.00554691436342,-0.0164975178137,0.150192692831
46.542,1790081409.03,0.504667734683,0.465228755072,0.0948042469266,-0.00490891024895,-0.0166736606783,0.149953425101
46.562,1790081409.05,0.504073858645,0.465599449919,0.0945935042106,-0.00411160254373,-0.0170111357319,0.14945819875
46.582,1790081409.07,0.503412107983,0.46598435752,0.0943881937181,-0.00333750314634,-0.017272776885,0.1490248811
46.602,1790081409.09,0.502681028441,0.466380054021,0.0942109074522,-0.00271230928197,-0.0172973592276,0.148885850084
46.622,1790081409.11,0.501881228932,0.466784214109,0.0940143038026,-0.00198607876902,-0.0174129492423,0.148558622162
46.642,1790081409.13,0.501011833759,0.467193614885,0.0938243656847,-0.00130935968924,-0.0174256347285,0.148312583655
46.662,1790081409.15,0.500073346077,0.46760565584,0.0936096909815,-0.000484320704641,-0.0175916660209,0.147814445685
46.682,1790081409.17,0.499064615238,0.468016690898,0.0934001372496,0.00031040719189,-0.0176820298738,0.147377584351
46.702,1790081409.19,0.497984878908,0.468423220025,0.0932174768629,0.00095194351757,-0.0175413420504,0.147231022327
46.722,1790081409.21,0.496835427897,0.468822828083,0.093017785204,0.00166228290071,-0.0174158752346,0.146895895224
46.742,1790081409.23,0.495616616861,0.469212380546,0.0928232070781,0.00228901490866,-0.0173201395667,0.146648328863
46.762,1790081409.25,0.494329038544,0.469589652704,0.0926030928857,0.00320144663634,-0.017192469957,0.146140048278
46.782,1790081409.27,0.492973174222,0.469950287852,0.0923894346918,0.00397754309823,-0.0171192127303,0.14570916407
46.802,1790081409.29,0.491548653092,0.470291090081,0.0922021080178,0.00460402708816,-0.0168087677957,0.145571557417
46.822,1790081409.31,0.490057649624,0.470609788671,0.0919963309541,0.00541213738364,-0.0165919548992,0.14522634539
46.842,1790081409.33,0.488500636643,0.470902536268,0.0917961797038,0.00603729461357,-0.0162995162351,0.144978683717
46.862,1790081409.35,0.486879456096,0.471167219319,0.0915704871339,0.0068007604658,-0.0161705678351,0.144458657284
46.882,1790081409.37,0.485194046705,0.471400380951,0.0913514973861,0.007481949847,-0.0159546205356,0.144024428984
46.902,1790081409.39,0.483444932415,0.47159904234,0.0911576343211,0.00799684334553,-0.0155163548574,0.143878702387
46.922,1790081409.41,0.481634852975,0.471761378108,0.0909436779202,0.00859763617207,-0.0151696956687,0.14352474757
46.942,1790081409.43,0.479764702449,0.471884657152,0.0907374571661,0.00912473574602,-0.014708984008,0.143272711569
46.962,1790081409.45,0.477837140013,0.471966973369,0.0905067342166,0.00979073637505,-0.0144013849697,0.142753010884
46.982,1790081409.47,0.475852812751,0.47200528987,0.0902825211487,0.0104001255209,-0.0140059114968,0.142318448312
47.002,1790081409.49,0.47381298881,0.471996889433,0.090082258456,0.0108514222393,-0.0134021741514,0.142168091055
47.022,1790081409.51,0.471721122365,0.4719402445,0.0898627139362,0.0113827246603,-0.0128954972022,0.141812890535
47.042,1790081409.53,0.469578754247,0.471832893227,0.0896504283185,0.0118328575909,-0.0122906385294,0.141557705302
47.062,1790081409.55,0.467389149927,0.471673283151,0.0894146486018,0.0124043711966,-0.0118445504079,0.14103896563
47.082,1790081409.57,0.46515351177,0.47145875327,0.0891850071265,0.012906795573,-0.0113245874275,0.140604163571
47.102,1790081409.59,0.462873617041,0.471187025537,0.0889781139977,0.0132428376591,-0.0106139072235,0.1404488889
47.122,1790081409.61,0.460553372836,0.470857102975,0.0887527532178,0.0136443407669,-0.0100041496341,0.14009196562
47.142,1790081409.63,0.458194739245,0.470467046597,0.0885342450467,0.0139575862306,-0.00930645065032,0.13983346455
47.162,1790081409.65,0.455801365656,0.470015911651,0.08829328087,0.014380281739,-0.00876667272109,0.139315573266
47.182,1790081409.67,0.453374839144,0.469501632837,0.0880580758807,0.014730526091,-0.00816114362172,0.138879799869
47.202,1790081409.69,0.450917291962,0.468922552309,0.0878444981982,0.0149156508981,-0.00737730321529,0.138719089478
47.222,1790081409.71,0.448432929697,0.468278349895,0.0876132882339,0.0151602545216,-0.00669517928358,0.138359961352
47.242,1790081409.73,0.445924016227,0.467567715545,0.0873885235017,0.0153169929428,-0.00593423253659,0.138097088499
47.262,1790081409.75,0.443394449205,0.466790389607,0.0871423377482,0.0155764005036,-0.00533059792201,0.137578869962
47.282,1790081409.77,0.44084608599,0.46594495759,0.0869016007018,0.0157634448133,-0.00467019739784,0.13714120081
47.302,1790081409.79,0.438281292472,0.465030426049,0.0866814062854,0.0157891343858,-0.0038456717176,0.13697366313
47.322,1790081409.81,0.435704419717,0.464047184658,0.0864444157739,0.0158693833337,-0.00312563089935,0.136610868258
47.342,1790081409.83,0.43311789923,0.462994582673,0.0862135380386,0.0158627005404,-0.00233739927795,0.136342436141
47.362,1790081409.85,0.430525715307,0.461873071961,0.0859622747568,0.0159521799769,-0.00170743330871,0.135822776098
47.382,1790081409.87,0.427929848703,0.460681917346,0.0857161980505,0.0159699711353,-0.00103071866388,0.135382095782
47.402,1790081409.89,0.425332744139,0.459420816601,0.0854896236665,0.0158313574196,-0.000204929939561,0.135206091055
47.422,1790081409.91,0.422738718502,0.458090884526,0.0852470788532,0.0157434864516,0.000513050068073,0.134837900187
47.442,1790081409.93,0.420150211114,0.456692146142,0.0850104130582,0.0155708016793,0.00128891700052,0.134562815045
47.462,1790081409.95,0.417571119013,0.455225770922,0.0847543905829,0.0154892760072,0.00190562303369,0.134040795105
47.482,1790081409.97,0.415003391871,0.453691710413,0.0845033012952,0.0153388360555,0.00255911649791,0.133595718528
47.502,1790081409.99,0.412449391702,0.452090349455,0.0842707929429,0.0150387798423,0.00334740042124,0.13341029327
47.522,1790081410.01,0.409913228676,0.45042350838,0.084023131527,0.0147875855476,0.00402485237341,0.133035847274
47.542,1790081410.03,0.407397199814,0.448691872378,0.0837810635152,0.0144563240993,0.00474963099585,0.132751987441
47.562,1790081410.05,0.404904944339,0.446897289257,0.0835206207541,0.0142132506159,0.00531449054582,0.132225280917
47.582,1790081410.07,0.402438226056,0.445040360174,0.0832649640011,0.0139055420715,0.00590720570646,0.131774369558
47.602,1790081410.09,0.399999173136,0.443122113952,0.0830270692853,0.0134566567931,0.00662136593294,0.131578420953
47.622,1790081410.11,0.397591527818,0.441145014161,0.0827748269268,0.0130563049591,0.00722234729159,0.131196844714
47.642,1790081410.13,0.395217301087,0.439110351145,0.0825279540738,0.0125821194496,0.00786104911887,0.130903664554
47.662,1790081410.15,0.392879723959,0.437020577832,0.0822636574783,0.0121947094716,0.00833971163568,0.130371865045
47.682,1790081410.17,0.39058026987,0.434876898115,0.0820031697225,0.0117639794097,0.00880511892879,0.129915574097
47.702,1790081410.19,0.38832045837,0.43268078864,0.0817604802061,0.011187223803,0.00941204416489,0.129707695891
47.722,1790081410.21,0.386103542915,0.430435262415,0.0815057126094,0.0106322911475,0.00996356551086,0.129315230754
47.742,1790081410.23,0.383931566474,0.428142360436,0.081253876436,0.0100514311665,0.010458312143,0.129013207487
47.762,1790081410.25,0.381806887727,0.42580486569,0.080985363215,0.00954663964479,0.0108195004486,0.12846068169
47.782,1790081410.27,0.379730577814,0.423424436328,0.0807216649936,0.00894530945991,0.01117213774,0.12800050213
47.802,1790081410.29,0.377703747485,0.421003405351,0.0804757870996,0.00826184710718,0.0116498502642,0.127793965058
47.822,1790081410.31,0.375729043392,0.418545213505,0.0802157318602,0.0076876313971,0.0121041455342,0.12739271138
47.842,1790081410.33,0.373808138693,0.416051701646,0.0799618088296,0.00701006541221,0.0124929748786,0.127087707665
47.862,1790081410.35,0.371942963951,0.413526311111,0.0796907356539,0.00643281711413,0.0127118222264,0.126529524366
47.882,1790081410.37,0.370133965281,0.410970908312,0.0794245036639,0.00575217403717,0.0129068919824,0.12606004538
47.902,1790081410.39,0.368381633567,0.408388181327,0.0791752511564,0.00500032903524,0.0132076598216,0.125839354527
47.922,1790081410.41,0.366687864454,0.405781817637,0.0789122550116,0.00431019755137,0.01338247299,0.125419675347
47.942,1790081410.43,0.365052949146,0.403154254632,0.0786555402049,0.00357325753424,0.0135920628471,0.125102908599
47.962,1790081410.45,0.363478236292,0.400509068401,0.0783825814597,0.00293823729144,0.0136415603587,0.124538503794
47.982,1790081410.47,0.361963464822,0.397848398409,0.0781153480609,0.00226108005511,0.0137120461808,0.124066499966
48.002,1790081410.49,0.360508731933,0.395174832726,0.07786341346,0.00148754488703,0.0138687546465,0.12383498193
48.022,1790081410.51,0.359115213818,0.39249219809,0.0775984857037,0.00078030556038,0.013907213188,0.123409025967
48.042,1790081410.53,0.357782698493,0.389802998169,0.0773395033104,2.63719404016e-05,0.013969047179,0.123082898286
48.062,1790081410.55,0.356511857427,0.387110864024,0.0770651297516,-0.000627067251208,0.0138712783477,0.122514264374
48.082,1790081410.57,0.355301871226,0.384418025972,0.0767962957403,-0.00131529534228,0.0137852251991,0.122036057107
48.102,1790081410.59,0.354152208734,0.381727127592,0.0765420746699,-0.00208693343191,0.0137739988822,0.121792688754
48.122,1790081410.61,0.353063277923,0.379041954862,0.0762755943959,-0.00278789420473,0.0136461037687,0.121359230447
48.142,1790081410.63,0.352034221646,0.376365001651,0.076014893882,-0.00352417906027,0.0135376204682,0.121024146706
48.162,1790081410.65,0.351064951823,0.373699793627,0.075739666708,-0.00415684715665,0.0132770001974,0.120452252704
48.182,1790081410.67,0.35015402629,0.371048495981,0.0754698086616,-0.00481348437238,0.0130274830371,0.11996929244
48.202,1790081410.69,0.349300260366,0.368413631125,0.0752138949328,-0.0055398538904,0.0128491599554,0.119716045263
48.222,1790081410.72,0.348503307751,0.365798754876,0.0749464306122,-0.00619152092252,0.0125620925129,0.119277237834
48.242,1790081410.73,0.347761698019,0.363206180954,0.0746844861798,-0.0068682005583,0.0122945824212,0.118934253544
48.262,1790081410.75,0.347074637671,0.360639148726,0.0744088389923,-0.00743983530998,0.0118855086073,0.118360022957
48.282,1790081410.78,0.346440119956,0.358099599579,0.074138341982,-0.00802649804894,0.0114887170767,0.117872862494
48.302,1790081410.79,0.345856372878,0.355589779146,0.073881094797,-0.00867123258175,0.0111607348338,0.117610357613
48.322,1790081410.82,0.345322376491,0.353112856268,0.0736129853646,-0.00923883029762,0.0107328145379,0.117166906983
48.342,1790081410.84,0.344836118819,0.35067082627,0.0733501369659,-0.00982277662597,0.0103255273076,0.116817253972
48.362,1790081410.85,0.344396187979,0.348266501803,0.0730743987857,-0.0103013639191,0.00978811523321,0.116242079044
48.382,1790081410.87,0.34400009149,0.345901474611,0.0728035552037,-0.0107870564501,0.0092649888329,0.115752038609
48.402,1790081410.89,0.343645555008,0.343577588261,0.0725452209669,-0.0113201254724,0.00880921691041,0.115481549641
48.422,1790081410.92,0.343330984497,0.341297495766,0.0722766964821,-0.0117744156385,0.00826351536246,0.115034704469
48.442,1790081410.94,0.343053917607,0.339062758003,0.0720131262362,-0.0122372741986,0.00774066530077,0.114679409184
48.462,1790081410.96,0.342812431745,0.336875641156,0.0717374684873,-0.0125953703206,0.00710054307115,0.114104268833
48.482,1790081410.98,0.342603649682,0.33473727879,0.0714663999839,-0.0129537241893,0.00647792634343,0.113612071836
48.502,1790081411,0.342424904165,0.33264900606,0.071207017712,-0.0133498996275,0.00592222627202,0.113333794991
48.522,1790081411.02,0.3422741516,0.330612853414,0.0709381052489,-0.0136669279888,0.0052879177749,0.112883663246
48.542,1790081411.04,0.342148594882,0.328629851486,0.0706738056409,-0.013986258803,0.00467986726046,0.11252292403
48.562,1790081411.06,0.342045933829,0.326701627274,0.0703982234359,-0.0142029323108,0.00396866500048,0.111948066356
48.582,1790081411.08,0.341963044471,0.324828787808,0.0701261633482,-0.0143981387945,0.0032518717815,0.111455247393
48.602,1790081411.1,0.341896862122,0.323011942572,0.0698659586563,-0.0146711941091,0.00254167082464,0.111174335144
48.622,1790081411.12,0.341844486221,0.321252697287,0.0695961961917,-0.0148026709433,0.00193784339847,0.110717190185
48.642,1790081411.14,0.341803649346,0.319551191644,0.0693313616837,-0.0149686686002,0.00128885860026,0.11035722924
48.662,1790081411.16,0.341771667215,0.317908477746,0.0690551162659,-0.0150230015336,0.000565742630877,0.109770057804
48.682,1790081411.18,0.341745441442,0.316324464798,0.0687835487636,-0.0150966266888,-0.000190704208963,0.109276592155
48.702,1790081411.2,0.341721674002,0.314799398634,0.0685205358529,-0.0152394785292,-0.000870013776481,0.108990177817
48.722,1790081411.22,0.341697783759,0.313334249232,0.068249962945,-0.0152437021007,-0.00157815599448,0.108524668296
48.742,1790081411.24,0.341670778719,0.311928694769,0.0679838131267,-0.015257122513,-0.00228716852385,0.108156040508
48.762,1790081411.26,0.341637804412,0.310583086265,0.0677073992983,-0.0151410809678,-0.00301887277255,0.107569369926
48.782,1790081411.28,0.341595805393,0.309296650487,0.0674351716839,-0.015032484799,-0.00375918511944,0.10707418728
48.802,1790081411.3,0.341541592467,0.308068898501,0.0671718646639,-0.0149512539963,-0.00446000137615,0.106777207161
48.822,1790081411.32,0.34147237032,0.306899761101,0.0669003196206,-0.0147734286829,-0.00512228587894,0.106308743304
48.842,1790081411.34,0.341385440454,0.305788275279,0.0666327455393,-0.014593611569,-0.00573379674432,0.105937659857
48.862,1790081411.36,0.341278440402,0.304733910457,0.0663555710587,-0.0143213062899,-0.0063943735132,0.10535168988
48.882,1790081411.38,0.341148533845,0.303735339302,0.0660820191296,-0.0140605504015,-0.00706397409019,0.104854496683
48.902,1790081411.4,0.340992847097,0.302791458268,0.065816259597,-0.0138308896785,-0.00771020034305,0.10454915746
48.922,1790081411.42,0.340808788286,0.301901547628,0.0655430055689,-0.0135150079688,-0.00831583471865,0.104076878572
48.942,1790081411.44,0.34059389824,0.301064120194,0.0652731105876,-0.0131966638122,-0.00887474748727,0.103698657383
48.962,1790081411.46,0.340346017497,0.300278040042,0.0649945592823,-0.0127934078149,-0.00947017452184,0.103111668027
48.982,1790081411.48,0.340062582689,0.299541499539,0.0647182733572,-0.0123704788488,-0.0100520434019,0.102609427817
49.002,1790081411.5,0.339741131943,0.298852667581,0.0644493935737,-0.0120013874912,-0.0106275546745,0.102294192723
49.022,1790081411.52,0.339379283007,0.298210280942,0.0641739289119,-0.0115344450628,-0.0110707635406,0.10182184628
49.042,1790081411.54,0.338975452136,0.297612211706,0.0639011203573,-0.011091778884,-0.01154707085,0.1014355783
49.062,1790081411.56,0.338527638243,0.297056833454,0.0636206250871,-0.0105754855759,-0.0120442444107,0.100846852077
49.082,1790081411.58,0.338033713048,0.296541893432,0.0633426107783,-0.0100625394735,-0.012517248312,0.10034351973
49.102,1790081411.6,0.337491672877,0.296065267516,0.0630700637204,-0.00956460217797,-0.0129297915793,0.100021932745
49.122,1790081411.62,0.336899977352,0.295625036688,0.0627914510727,-0.00901805804004,-0.0133590397277,0.0995381910376
49.142,1790081411.64,0.336256752128,0.295218874726,0.0625148955484,-0.00847173742689,-0.0137424957389,0.0991424035091
49.162,1790081411.66,0.335560560727,0.294844650311,0.0622316254401,-0.00786639205874,-0.0141472871228,0.0985500534805
49.182,1790081411.68,0.334809618266,0.294499790349,0.0619501807462,-0.00726110655164,-0.0145044393468,0.098040173498
49.202,1790081411.7,0.334002429378,0.294181796305,0.0616729947592,-0.00667078540787,-0.0147978914704,0.0977067876081
49.222,1790081411.72,0.333137927693,0.293888346971,0.0613905849776,-0.00604203384922,-0.01508869798,0.0972167939908
49.242,1790081411.73,0.332214827981,0.293616803836,0.0611095533525,-0.00541727808934,-0.015330751172,0.0968111095144
49.262,1790081411.76,0.3312320254,0.293364697639,0.0608252748132,-0.00475222250742,-0.0153543333059,0.0962544976327
49.282,1790081411.78,0.330189980592,0.29312924967,0.0605397612695,-0.00408838832148,-0.0155567470309,0.0957390487689
49.302,1790081411.8,0.329087403348,0.292907744273,0.0602553150239,-0.00342848253441,-0.0157168531483,0.0953071378778
49.322,1790081411.82,0.327923811723,0.29269754567,0.0599661620415,-0.00274035733931,-0.0159224972281,0.0947148317649
49.342,1790081411.84,0.326698182683,0.292495777,0.0596796548796,-0.00207329411185,-0.0160736932656,0.0942907708177
49.362,1790081411.86,0.325410005015,0.292299800162,0.0593886514751,-0.00136277283649,-0.0161396567434,0.093694379091
49.382,1790081411.88,0.324059099377,0.292106633577,0.0590978827252,-0.00066517661787,-0.0162510256509,0.093193297493
49.402,1790081411.9,0.322644768323,0.291913424547,0.0588097242196,-5.0241504455e-06,-0.0162719135751,0.0928654948584
49.422,1790081411.92,0.321167118546,0.291717567269,0.0585178159559,0.000666495221626,-0.016284921689,0.0923759663326
49.442,1790081411.94,0.319626012317,0.291516292434,0.0582256189809,0.00133704912265,-0.0162642100302,0.0919721101606
49.462,1790081411.96,0.318021545991,0.291306872525,0.0579317277475,0.00197505019948,-0.0161585185995,0.0913851215713
49.482,1790081411.98,0.31635427028,0.291086794283,0.0576358781055,0.00265071593933,-0.0160738810249,0.0908751944927
49.502,1790081412,0.314624373113,0.290853199804,0.0573401188792,0.00331990469758,-0.0159566280462,0.0905221475749
49.522,1790081412.02,0.312832363359,0.29060337359,0.0570414928419,0.00394620365729,-0.0157493078786,0.0900197790729
49.542,1790081412.04,0.310979194932,0.290334858053,0.0567429721713,0.00459858121641,-0.0155605920484,0.0895983121437
49.562,1790081412.06,0.30906554696,0.290044928814,0.0564425999175,0.00523265968038,-0.0153242078315,0.0890049375301
49.582,1790081412.08,0.30709242863,0.289731047747,0.0561411074934,0.00587093463166,-0.0150836275318,0.088484046477
49.602,1790081412.1,0.305060766348,0.289390567954,0.0558385272623,0.00643249423398,-0.014815375574,0.0881177980504
49.622,1790081412.12,0.302971647922,0.289021345221,0.0555352533322,0.00702314663705,-0.0144958680719,0.0876040778235
49.642,1790081412.14,0.300826424107,0.288620891911,0.0552309023002,0.00759082893972,-0.0141445961896,0.0871742613967
49.662,1790081412.16,0.298626505087,0.288186943636,0.0549264240636,0.00819894549437,-0.0137294236151,0.0865710601422
49.682,1790081412.18,0.296373699695,0.287716938726,0.0546189278753,0.00875993921724,-0.0133441788326,0.0860443426696
49.702,1790081412.2,0.294069466181,0.287208663508,0.0543091031816,0.00925214932714,-0.0129491623789,0.085666188259
49.722,1790081412.22,0.291715364877,0.28666020663,0.053999400468,0.00974635430213,-0.0125105130902,0.0851481675077
49.742,1790081412.24,0.289313252604,0.286069520404,0.0536879622473,0.0102152564173,-0.0120523164578,0.0847108594515
49.762,1790081412.26,0.286864949961,0.285434709915,0.0533763345361,0.010664722261,-0.0115589575116,0.0841054862258
49.782,1790081412.28,0.284372517532,0.284753985402,0.0530623631573,0.01110999102,-0.0110701053582,0.0835762116832
49.802,1790081412.3,0.281837908446,0.284025531798,0.0527459441925,0.0115255440367,-0.0105559800335,0.0831911288291
49.822,1790081412.32,0.279263184146,0.28324766589,0.052429788505,0.0119097848776,-0.0100127467284,0.0826709042783
49.842,1790081412.34,0.276650605894,0.282418872794,0.0521113063198,0.0122705161223,-0.00945840357167,0.0822279518951
49.862,1790081412.36,0.274002344623,0.281537660389,0.0517937467889,0.0125916158695,-0.00886961614702,0.0816244385833
49.882,1790081412.38,0.271320870864,0.280602795062,0.0514737657073,0.0128912440585,-0.00827714606407,0.0810962712332
49.902,1790081412.4,0.268608624775,0.279613104217,0.0511497689278,0.0131782133095,-0.0076948745685,0.0807027812534
49.922,1790081412.42,0.265867836153,0.278567363516,0.0508270880665,0.0134241698163,-0.00708301959066,0.0801806082815
49.942,1790081412.44,0.263101089476,0.277464657088,0.0505014832692,0.0136521489108,-0.00647629872181,0.0797316042918
49.962,1790081412.46,0.260310706614,0.276303995637,0.0501780251291,0.0138295983676,-0.0058311752999,0.0791298099412
49.982,1790081412.48,0.257499429936,0.275084765806,0.0498516146507,0.0139882505485,-0.00519321788938,0.0785997814534
50.002,1790081412.5,0.254669889808,0.273806378565,0.0495201777704,0.0141390896113,-0.00457831537623,0.0781978264532
50.022,1790081412.52,0.25182438973,0.272468123852,0.0491911312831,0.0142405461545,-0.00393186711151,0.0776736636951
50.042,1790081412.54,0.248965691692,0.271069706675,0.0488586611991,0.0143264243097,-0.0033005757542,0.0772187112502
50.062,1790081412.56,0.246096163477,0.269610676351,0.0485295815198,0.0143510453015,-0.00262645218065,0.0766187179679
50.082,1790081412.58,0.243218707704,0.26809108043,0.0481970617792,0.0143599270685,-0.00197021140112,0.0760866748269
50.102,1790081412.6,0.240336035267,0.266510950207,0.0478585463174,0.0143674637958,-0.00135130806368,0.0756757641325
50.122,1790081412.62,0.237450407483,0.264870110709,0.0475235131024,0.014319021784,-0.000700587415733,0.0751490525611
50.142,1790081412.64,0.234564639366,0.26316891317,0.0471845840588,0.0142596681362,-7.67446532339e-05,0.0746876207959
50.162,1790081412.66,0.231681015224,0.261407450656,0.0468503060401,0.0141304353321,0.000592989981553,0.0740888953793
50.182,1790081412.68,0.228802459818,0.259586438779,0.0465121445377,0.0139906242989,0.00123338848068,0.0735538676991
50.202,1790081412.7,0.225931624923,0.257706524214,0.0461670539398,0.0138579652897,0.00182185461154,0.0731327583227
50.222,1790081412.72,0.223070592675,0.25576804643,0.0458265587891,0.0136644815065,0.00244236908011,0.072602240285
50.242,1790081412.74,0.220222089249,0.253771986137,0.0454817094052,0.0134665574456,0.00302450499191,0.072133204655
50.262,1790081412.76,0.217388179544,0.251718946185,0.0451427925494,0.0131916286395,0.00365603065876,0.0715347021975
50.282,1790081412.78,0.214571671273,0.249610280465,0.0447995523206,0.0129129312704,0.00424726014229,0.0709960458178
50.302,1790081412.8,0.211775020757,0.247447210133,0.0444484728228,0.0126513260764,0.00477275504606,0.070563923246
50.322,1790081412.82,0.209000004326,0.245230536759,0.044103126593,0.012325367024,0.00533125244743,0.0700288365696
50.342,1790081412.84,0.206249127138,0.242961821399,0.0437530044195,0.0120026674172,0.00584085814831,0.0695509592922
50.362,1790081412.86,0.203524115344,0.24064211566,0.043410124684,0.0115970760237,0.00640414364688,0.0689514773268
50.382,1790081412.88,0.200827535087,0.238273353413,0.0430624812074,0.0111959477219,0.0069169188798,0.068408076034
50.402,1790081412.9,0.198161528067,0.235857262746,0.0427060843528,0.0108232559514,0.00735095836352,0.0679639112729
50.422,1790081412.92,0.195527455924,0.233395029573,0.042356585196,0.0103839216484,0.00781979089099,0.0674233240829
50.442,1790081412.94,0.192927487692,0.230888719426,0.0420018882575,0.00995684483704,0.00823011299418,0.0669357694645
50.462,1790081412.96,0.190362908513,0.228339745898,0.0416557755439,0.00944210650533,0.00869938622539,0.0663345694916
50.482,1790081412.98,0.187835934491,0.225750536654,0.0413044779094,0.00894109730509,0.00910914193838,0.0657853641159
50.502,1790081413,0.185348293494,0.223123234895,0.0409434993888,0.00848098463913,0.00942828280284,0.0653280802021
50.522,1790081413.02,0.182900845284,0.220459311672,0.0405906133911,0.00795290013395,0.00978517152459,0.064780998624
50.542,1790081413.04,0.180495329347,0.217761237978,0.0402320944041,0.00744711028427,0.0100750755389,0.0642828749224
50.562,1790081413.06,0.178132511203,0.215030683215,0.0398835340046,0.0068497527086,0.0104304309936,0.0636792185836
50.582,1790081413.08,0.175814172323,0.212270461462,0.0395293651044,0.00627620961406,0.0107186022742,0.0631234303558
50.602,1790081413.1,0.173541552127,0.209483019873,0.0391645482852,0.00575692323905,0.010905509828,0.0626523542677
50.622,1790081413.12,0.171314946511,0.20666999902,0.0388090475878,0.00516901514785,0.011134468761,0.0620982463649
50.642,1790081413.14,0.16913559784,0.203834158282,0.0384474385795,0.00461426407516,0.0112891747935,0.0615892241608
50.662,1790081413.16,0.167003699176,0.200977301903,0.0380971958466,0.00396456514158,0.011517262021,0.0609829416681
50.682,1790081413.18,0.164920539947,0.198102507139,0.0377408890509,0.00334935825507,0.0116718633391,0.0604205372188
50.702,1790081413.2,0.162886822726,0.195212398952,0.0373729266716,0.00280220748354,0.0117160529808,0.0599355801631
50.722,1790081413.22,0.160902245644,0.192308662293,0.037015532827,0.00218608075231,0.011808124233,0.0593744823617
50.742,1790081413.24,0.158967514032,0.18939421472,0.0366515558279,0.00161405459768,0.0118204367488,0.0588543578226
50.762,1790081413.26,0.157082227257,0.186470870062,0.0363003867632,0.000943836317392,0.011915631979,0.0582453809693
50.782,1790081413.28,0.155247157234,0.183541838438,0.0359426441034,0.000319096900844,0.0119323966133,0.0576764632939
50.802,1790081413.3,0.153462452877,0.180609791452,0.0355721757464,-0.000223574197138,0.0118310117748,0.0571777737669
50.822,1790081413.32,0.151727210695,0.177676331634,0.0352135503128,-0.000835548511981,0.0117848145704,0.0566099927827
50.842,1790081413.34,0.150041591012,0.174744401107,0.034847824758,-0.00139246039601,0.0116548046173,0.0560791531396
50.862,1790081413.36,0.148404637818,0.171815728613,0.0344959680718,-0.00203897140994,0.0116054729111,0.0554686410401
50.882,1790081413.38,0.146816537535,0.168893455896,0.0341366845368,-0.00263646558106,0.0114814112294,0.054896830256
50.902,1790081413.4,0.145276844213,0.165980111424,0.033764889423,-0.00314652884238,0.0112425138862,0.0543817653299
50.922,1790081413.42,0.143784123374,0.163077155335,0.0334052301201,-0.00372281004382,0.011063337907,0.0538094297793
50.942,1790081413.44,0.142337974102,0.16018737272,0.0330391319322,-0.00424309733308,0.0108087870775,0.0532644990589
50.962,1790081413.46,0.140936940909,0.157312322055,0.032687571393,-0.0048595622826,0.0106504353571,0.0526534942927
50.982,1790081413.48,0.13958079775,0.15445507185,0.0323279709656,-0.00540740998638,0.0104061669854,0.0520757738544
51.002,1790081413.5,0.138268619774,0.151617956102,0.0319546809981,-0.00585274384399,0.0100402144405,0.0515487984299
51.022,1790081413.52,0.136998456462,0.148802127307,0.0315947330397,-0.00636217397889,0.00974038340626,0.0509711280366
51.042,1790081413.54,0.135769427882,0.146010127505,0.0312278089921,-0.0068054614348,0.0093633503074,0.0504176855651
51.062,1790081413.56,0.134579578746,0.14324316545,0.0308768206533,-0.00734874725416,0.00909506206606,0.0498062139455
51.082,1790081413.58,0.133428253924,0.140504049008,0.0305171215905,-0.00781431522461,0.00874024401892,0.0492239642387
51.102,1790081413.6,0.132314088581,0.137794783839,0.0301425678735,-0.00816611960328,0.00826105655909,0.048685813136
51.122,1790081413.62,0.131234673339,0.135116108628,0.0297825737843,-0.00858472780765,0.00785952634766,0.0481037062397
51.142,1790081413.64,0.130188730485,0.132470224775,0.0294150177454,-0.00892942506649,0.00738173209468,0.0475425624633
51.162,1790081413.66,0.129173894033,0.129857913765,0.0290648010208,-0.00937982188136,0.00702732804745,0.0469314862395
51.182,1790081413.68,0.128189178802,0.127281638646,0.0287051524122,-0.00974423610521,0.00658682346311,0.0463455048365
51.202,1790081413.7,0.127232881828,0.124743000291,0.0283294460418,-0.00998426609762,0.00601999891384,0.0457968204919
51.222,1790081413.72,0.126302237329,0.122242261348,0.0279695131192,-0.0102943102828,0.00554268437022,0.0452109324759
51.242,1790081413.74,0.12539567628,0.119781205613,0.0276014034541,-0.0105232236206,0.00499036460833,0.0446426219978
51.262,1790081413.76,0.124510525768,0.117360127533,0.0272520282199,-0.0108642621889,0.00457629362571,0.0440324984703
51.282,1790081413.78,0.123645580893,0.114981073577,0.0268924131646,-0.011111556529,0.00407653688052,0.043443359912
51.302,1790081413.8,0.122798908377,0.112645175348,0.0265154516819,-0.011224537786,0.00344861429188,0.0428847012009
51.322,1790081413.82,0.121967487945,0.110352168161,0.026155458352,-0.0114119865593,0.00292247295946,0.0422956089531
51.342,1790081413.84,0.121149572131,0.108103357633,0.0257865930936,-0.0115121180641,0.00232281920095,0.0417206964777
51.362,1790081413.86,0.120342285057,0.105898506974,0.0254378473307,-0.0117324438331,0.00187690060664,0.0411120749609
51.382,1790081413.88,0.119544318997,0.10373919419,0.0250780463187,-0.0118529437256,0.00134650423013,0.0405201470523
51.402,1790081413.9,0.118753627524,0.101626043702,0.0246995791022,-0.0118307361506,0.000686702441946,0.0399517351804
51.422,1790081413.92,0.117967046036,0.0995582412027,0.0243392609979,-0.0118891582681,0.000141457667622,0.0393596326438
51.442,1790081413.94,0.11718277333,0.0975365837328,0.0239693747545,-0.0118557200727,-0.000475265641102,0.0387781561761
51.462,1790081413.96,0.116397845507,0.0955602930749,0.0236209687537,-0.0119521298884,-0.000922585028101,0.0381710690245
51.482,1790081413.98,0.115610982111,0.0936304621311,0.0232606218715,-0.0119436793183,-0.00145339354907,0.0375763458956
51.502,1790081414,0.114820146182,0.0917471995588,0.0228802610954,-0.011785328375,-0.00211490790942,0.0369980717081
51.522,1790081414.02,0.114022139671,0.0899091463477,0.0225191984438,-0.0117151781993,-0.00264924760395,0.0364028584295
51.542,1790081414.04,0.113215234958,0.0881165899065,0.022147836739,-0.0115498372032,-0.00325325626648,0.0358146540162
51.562,1790081414.06,0.112396489937,0.086368223574,0.0217992850785,-0.0115255311753,-0.00367238880952,0.0352089434296
51.582,1790081414.08,0.111564778619,0.0846646646692,0.0214378985555,-0.0113926910184,-0.00417416873103,0.0346111586638
51.602,1790081414.1,0.110718161075,0.0830054927591,0.0210555592864,-0.0111177657282,-0.004794045823,0.0340219240101
51.622,1790081414.12,0.109853626089,0.0813889508992,0.0206929002063,-0.0109177866098,-0.0052974724516,0.0334237283548
51.642,1790081414.14,0.108969575142,0.0798147749549,0.0203194858155,-0.0106287392224,-0.00586070140731,0.0328284083592
51.662,1790081414.16,0.108063218329,0.0782811974008,0.0199698712881,-0.0104821433979,-0.00623559753449,0.0322242417192
51.682,1790081414.18,0.107133659751,0.0767883537166,0.0196063661789,-0.010220425755,-0.00669698433687,0.0316237834998
51.702,1790081414.2,0.106179119625,0.0753352620283,0.0192212217842,-0.00983292296083,-0.00727220854296,0.0310242031468
51.722,1790081414.22,0.105196691451,0.0739197460771,0.0188562206385,-0.0095296335726,-0.0077036160933,0.0304215707336
51.742,1790081414.24,0.104185082065,0.0725410915104,0.0184806730395,-0.00915278698868,-0.00817871592848,0.0298175930649
51.762,1790081414.26,0.103141837294,0.0711972527757,0.0181294600051,-0.00890976410997,-0.00845856415163,0.0292135287194
51.782,1790081414.28,0.102066478149,0.0698879772503,0.0177631373455,-0.00854774615695,-0.00881613173486,0.0286086921963
51.802,1790081414.3,0.100957712957,0.0686118811285,0.0173744866242,-0.00805379935544,-0.00932164832905,0.0279976951811
51.822,1790081414.32,0.09981280895,0.0673663445154,0.0170075307372,-0.00766480819987,-0.00966432243707,0.0273907598814
51.842,1790081414.34,0.0986309066557,0.0661503481311,0.0166295725141,-0.00719170626241,-0.0100644064883,0.0267800218326
51.862,1790081414.36,0.0974097815541,0.0649614364901,0.0162759173991,-0.00688298466194,-0.0102528294204,0.0261758204996
51.882,1790081414.38,0.0961493817148,0.0637991348005,0.0159066776872,-0.00644030148663,-0.0105188872164,0.0255662687547
51.902,1790081414.4,0.0948487687863,0.0626617482969,0.0155139408323,-0.00585925998191,-0.0109221768071,0.0249445996182
51.922,1790081414.42,0.093505568662,0.0615463265985,0.0151429928016,-0.00539071662376,-0.0111587041604,0.0243329805335
51.942,1790081414.44,0.0921193987584,0.0604515013466,0.0147608853444,-0.00485409702312,-0.0114550544528,0.0237142333653
51.962,1790081414.46,0.0906883873391,0.0593745693299,0.014404108376,-0.00449927138212,-0.0115302390907,0.0231096273849
51.982,1790081414.48,0.0892130008449,0.058314890201,0.0140309638702,-0.00401246277192,-0.0116822929713,0.0224951713768
52.002,1790081414.5,0.0876927783302,0.0572706043201,0.0136331757114,-0.00338575877722,-0.0119799903871,0.0218617132901
52.022,1790081414.52,0.0861256958471,0.0562385610823,0.0132578080366,-0.00289076523613,-0.0121105340627,0.0212443138479
52.042,1790081414.54,0.0845118320057,0.0552173195667,0.0128709813408,-0.00232051753542,-0.0122951939508,0.020617346536
52.062,1790081414.56,0.0828496888295,0.0542040321924,0.0125104889256,-0.00194565852099,-0.0122482559707,0.0200123807892
52.082,1790081414.58,0.0811403371834,0.053197972711,0.0121321907625,-0.00145304503909,-0.0122944359783,0.0193918726644
52.102,1790081414.6,0.0793837077757,0.0521973046817,0.0117286626326,-0.000798875848478,-0.0124781387773,0.0187466856583
52.122,1790081414.62,0.0775781441115,0.0511987471448,0.0113483941728,-0.000287882750395,-0.0124876432373,0.0181242344885
52.142,1790081414.64,0.0757242672737,0.0502008229631,0.0109561640403,0.000300493486848,-0.0125512112514,0.0174893795218
52.162,1790081414.66,0.0738209837724,0.049200587382,0.0105912540994,0.000677347659822,-0.0123746618363,0.0168845087072
52.182,1790081414.68,0.0718699680624,0.0481973410291,0.0102078563403,0.00117070564044,-0.0122960535014,0.0162594637178
52.202,1790081414.7,0.0698716585741,0.047189255019,0.00979828480735,0.00182558850694,-0.0123624487144,0.0156031313421
52.222,1790081414.72,0.0678247651561,0.046173020181,0.00941277628345,0.00232321124709,-0.0122505894809,0.0149762566171
52.242,1790081414.74,0.0657304597,0.0451472455376,0.00901472021066,0.00289583096137,-0.0121985795899,0.0143338939636
52.262,1790081414.76,0.0635880201697,0.0441090197188,0.00864490652139,0.00324080620129,-0.0119002325899,0.0137295593722
52.282,1790081414.78,0.0613996956331,0.0430578179113,0.00825586772569,0.00370248197847,-0.0117068796336,0.0131002950109
52.302,1790081414.8,0.0591663882579,0.0419919497205,0.00783970704,0.00432806882069,-0.0116669592962,0.0124330495504
52.322,1790081414.82,0.0568871255928,0.0409081816357,0.00744839336763,0.00478426206344,-0.0114450419713,0.0118020882086
52.342,1790081414.84,0.0545635836491,0.0398053275763,0.00704404018624,0.00531459495067,-0.0112884496579,0.0111526049257
52.362,1790081414.86,0.052195367409,0.0386806028332,0.00666884424153,0.00560247099034,-0.0108794116506,0.0105493250843
52.382,1790081414.88,0.0497852550929,0.0375337678003,0.0062737604494,0.00600827707974,-0.010582585393,0.00991636153767
52.402,1790081414.9,0.0473345679831,0.0363633681089,0.00585061349837,0.00658173207856,-0.0104486080221,0.00923858296041
52.422,1790081414.92,0.0448426014764,0.0351663201384,0.00545310368907,0.00697426203717,-0.0101296816705,0.00860400178109
52.442,1790081414.94,0.0423114797743,0.0339417379242,0.00504219180634,0.00744016174745,-0.00988194492802,0.00794796436637
52.462,1790081414.96,0.0397410847791,0.0326870403361,0.00466134494978,0.00764932318652,-0.00937672089659,0.0073463810067
52.482,1790081414.98,0.037134663478,0.0314023704922,0.00425994287827,0.0079787081153,-0.00899235617763,0.00671020092475
52.502,1790081415,0.034493888445,0.0300865900905,0.00382964456396,0.00847993742118,-0.0087809731068,0.00602235957967
52.522,1790081415.02,0.0318182618954,0.0287368314474,0.00342576546211,0.00878960195403,-0.00838284215404,0.00538464146157
52.542,1790081415.04,0.0291102828711,0.0273525939121,0.00300806753784,0.00917343228474,-0.00806335202606,0.00472231200955
52.562,1790081415.06,0.0263700346993,0.0259315561973,0.00262135899189,0.00928708768681,-0.00748215461318,0.00412275633893
52.582,1790081415.08,0.0236011439375,0.0244743186757,0.00221358296585,0.009523492267,-0.00703042896176,0.00348380184312
52.602,1790081415.1,0.020805553549,0.0229801252401,0.00177617632516,0.00993653183722,-0.00676202942005,0.00278635035912
52.622,1790081415.12,0.0179828998705,0.0214463745309,0.00136598981712,0.0101482910532,-0.00630561532857,0.0021459669232
52.642,1790081415.14,0.0151359692891,0.0198730185156,0.000941556813319,0.0104364946087,-0.00593622677214,0.00147762621569
52.662,1790081415.16,0.0122649655875,0.0182580379136,0.000549045932719,0.0104423331036,-0.00530161153176,0.000880385305358
52.682,1790081415.18,0.00937264137793,0.016601617682,0.000171598761094,0.0102868199085,-0.00451925120482,0.0002394568352
52.702,1790081415.2,0.00645431518797,0.0148984255746,9.36778344672e-05,0.00772018846859,-0.00135064559032,-0.000460686647017
52.722,1790081415.22,0.0035298191989,0.0131643160226,4.86991750877e-05,0.0049115848678,0.002038079434,-0.00108529135996
52.742,1790081415.24,0.000612668377013,0.0114105540036,3.25937789862e-05,0.00195912324641,0.0055480677341,-0.0016267449071
52.762,1790081415.26,-0.00228201971558,0.00964995422857,1.74446735306e-05,-0.000553667867176,0.00859760723272,-0.00207429686691
52.782,1790081415.28,-0.00514218478416,0.00789250105317,1.37678353573e-06,-0.00259007461275,0.0111498073162,-0.00243812612211
52.802,1790081415.3,-0.00795774910644,0.00614621970273,-1.72175833184e-05,-0.00413647796397,0.0131663234255,-0.00272773826796
52.822,1790081415.32,-0.0107210369059,0.00441703052844,-3.8255844065e-05,-0.00527530090475,0.0147767655477,-0.00295387406081
52.842,1790081415.34,-0.0134259319439,0.00270920457565,-6.14168753978e-05,-0.00612553396797,0.0160769832438,-0.00312782045601
52.862,1790081415.36,-0.0160675351343,0.00102586686803,-8.62270964833e-05,-0.00680630929867,0.0171761541643,-0.00325914115908
52.882,1790081415.38,-0.0186416983642,-0.000630459389017,-0.000111559041619,-0.0073951021499,0.0181619018272,-0.00335527533713
52.902,1790081415.4,-0.0211446982389,-0.00225758165459,-0.000137016875542,-0.00796169930253,0.0191124507134,-0.00342158799318
52.922,1790081415.42,-0.0235728693541,-0.00385334138792,-0.000161986773376,-0.00853862576638,0.0200513973061,-0.00346503526649
52.942,1790081415.44,-0.0259225589053,-0.00541551316672,-0.000186010786206,-0.00914374509938,0.0209927074059,-0.00348793706907
52.962,1790081415.46,-0.0281900736174,-0.0069417277722,-0.000208638581521,-0.0097736530935,0.0219325791086,-0.00349560536264
52.982,1790081415.48,-0.0303717120347,-0.00842951137013,-0.000229411067825,-0.0104211459586,0.0228597944999,-0.00348958268989
53.002,1790081415.5,-0.0324638160872,-0.00987631095165,-0.00024798407976,-0.0110721061235,0.023761333227,-0.00347308984159
53.022,1790081415.52,-0.0344628283004,-0.0112795618291,-0.00026403167147,-0.0117139117892,0.0246244074525,-0.00344811033703
53.042,1790081415.54,-0.0363653449209,-0.0126367381329,-0.000277275490119,-0.0123356029012,0.0254386686063,-0.0034164239884
53.062,1790081415.56,-0.0381681574074,-0.0139453981169,-0.000287480097837,-0.0129293435197,0.0261966490502,-0.0033794467118
53.082,1790081415.58,-0.0398682816425,-0.0152032142086,-0.000294455833459,-0.0134900995967,0.026893688072,-0.00333835935812
53.102,1790081415.6,-0.0414629753451,-0.0164079919271,-0.000298058751414,-0.0140152195731,0.0275273679776,-0.00329413071757
53.122,1790081415.62,-0.0429497465243,-0.0175576789789,-0.000298190306373,-0.0145037087509,0.028096850292,-0.00324755555716
53.142,1790081415.64,-0.0443263558056,-0.0186503680112,-0.000294796186485,-0.0149555785355,0.0286022402217,-0.00319927975408
53.162,1790081415.66,-0.0455908152976,-0.0196842956325,-0.000287864606719,-0.0153713042749,0.0290440884421,-0.00314982325946
53.182,1790081415.68,-0.0467413859886,-0.0206578399276,-0.000277424180275,-0.0157514558587,0.0294230524579,-0.00309959950525
53.202,1790081415.7,-0.0477765749799,-0.0215695178805,-0.000263541528367,-0.0160964833012,0.0297397084048,-0.00304893243005
53.222,1790081415.72,-0.048695133232,-0.0224179834923,-0.000246318741681,-0.016406629581,0.0299944798267,-0.00299807123362
53.242,1790081415.74,-0.0494960540377,-0.0232020268624,-0.000225890772219,-0.016681929565,0.0301876450571,-0.00294720314428
53.262,1790081415.76,-0.0501785721283,-0.023920574173,-0.000202422796808,-0.0169222581401,0.0303193875349,-0.00289646435271
53.282,1790081415.78,-0.0507421631698,-0.0245726883332,-0.000176107566898,-0.017127397669,0.0303898615291,-0.00284594934666
53.302,1790081415.8,-0.0511865433578,-0.0251575699823,-0.000147162743058,-0.017297104695,0.0303992549473,-0.00279571882225
53.322,1790081415.82,-0.0515116688495,-0.0256745585744,-0.000115828204921,-0.0174311645839,0.0303478393379,-0.00274580640621
53.342,1790081415.84,-0.0517177348302,-0.0261231333156,-8.2363327369e-05,-0.0175294298052,0.0302360036747,-0.00269622434188
53.362,1790081415.86,-0.0518051740815,-0.0265029138105,-4.70442183857e-05,-0.0175918422093,0.0300642727573,-0.00264696834328
53.382,1790081415.88,-0.051774654987,-0.0268136603301,-1.01609196679e-05,-0.0176184422716,0.0298333133367,-0.00259802170799
53.402,1790081415.9,-0.0516270789556,-0.0270552736733,2.7985421968e-05,-0.0176093692093,0.0295439318088,-0.00254935884308
