t_s,x_m,y_m,z_m,yaw_rad,x_velocity_mps,y_velocity_mps,x_acceleration_mps2,y_acceleration_mps2
0,0,0,1,1.57079632679,0,0,0.666666666667,0
0.02,0.000133037037037,0,1,1.57079632679,0.0132888888889,0,0.662222222222,0
0.04,0.000530962962963,0,1,1.57079632679,0.0264888888889,0,0.657777777778,0
0.06,0.001192,0,1,1.57079632679,0.0396,0,0.653333333333,0
0.08,0.00211437037037,0,1,1.57079632679,0.0526222222222,0,0.648888888889,0
0.1,0.0032962962963,0,1,1.57079632679,0.0655555555556,0,0.644444444444,0
0.12,0.004736,0,1,1.57079632679,0.0784,0,0.64,0
0.14,0.0064317037037,0,1,1.57079632679,0.0911555555556,0,0.635555555556,0
0.16,0.00838162962963,0,1,1.57079632679,0.103822222222,0,0.631111111111,0
0.18,0.010584,0,1,1.57079632679,0.1164,0,0.626666666667,0
0.2,0.013037037037,0,1,1.57079632679,0.128888888889,0,0.622222222222,0
0.22,0.015738962963,0,1,1.57079632679,0.141288888889,0,0.617777777778,0
0.24,0.018688,0,1,1.57079632679,0.1536,0,0.613333333333,0
0.26,0.0218823703704,0,1,1.57079632679,0.165822222222,0,0.608888888889,0
0.28,0.0253202962963,0,1,1.57079632679,0.177955555556,0,0.604444444444,0
0.3,0.029,0,1,1.57079632679,0.19,0,0.6,0
0.32,0.0329197037037,0,1,1.57079632679,0.201955555556,0,0.595555555556,0
0.34,0.0370776296296,0,1,1.57079632679,0.213822222222,0,0.591111111111,0
0.36,0.041472,0,1,1.57079632679,0.2256,0,0.586666666667,0
0.38,0.046101037037,0,1,1.57079632679,0.237288888889,0,0.582222222222,0
0.4,0.050962962963,0,1,1.57079632679,0.248888888889,0,0.577777777778,0
0.42,0.056056,0,1,1.57079632679,0.2604,0,0.573333333333,0
0.44,0.0613783703704,0,1,1.57079632679,0.271822222222,0,0.568888888889,0
0.46,0.0669282962963,0,1,1.57079632679,0.283155555556,0,0.564444444444,0
0.48,0.072704,0,1,1.57079632679,0.2944,0,0.56,0
0.5,0.0787037037037,0,1,1.57079632679,0.305555555556,0,0.555555555556,0
0.52,0.0849256296296,0,1,1.57079632679,0.316622222222,0,0.551111111111,0
0.54,0.091368,0,1,1.57079632679,0.3276,0,0.546666666667,0
0.56,0.098029037037,0,1,1.57079632679,0.338488888889,0,0.542222222222,0
0.58,0.104906962963,0,1,1.57079632679,0.349288888889,0,0.537777777778,0
0.6,0.112,0,1,1.57079632679,0.36,0,0.533333333333,0
0.62,0.11930637037,0,1,1.57079632679,0.370622222222,0,0.528888888889,0
0.64,0.126824296296,0,1,1.57079632679,0.381155555556,0,0.524444444444,0
0.66,0.134552,0,1,1.57079632679,0.3916,0,0.52,0
0.68,0.142487703704,0,1,1.57079632679,0.401955555556,0,0.515555555556,0
0.7,0.15062962963,0,1,1.57079632679,0.412222222222,0,0.511111111111,0
0.72,0.158976,0,1,1.57079632679,0.4224,0,0.506666666667,0
0.74,0.167525037037,0,1,1.57079632679,0.432488888889,0,0.502222222222,0
0.76,0.176274962963,0,1,1.57079632679,0.442488888889,0,0.497777777778,0
0.78,0.185224,0,1,1.57079632679,0.4524,0,0.493333333333,0
0.8,0.19437037037,0,1,1.57079632679,0.462222222222,0,0.488888888889,0
0.82,0.203712296296,0,1,1.57079632679,0.471955555556,0,0.484444444444,0
0.84,0.213248,0,1,1.57079632679,0.4816,0,0.48,0
0.86,0.222975703704,0,1,1.57079632679,0.491155555556,0,0.475555555556,0
0.88,0.23289362963,0,1,1.57079632679,0.500622222222,0,0.471111111111,0
0.9,0.243,0,1,1.57079632679,0.51,0,0.466666666667,0
0.92,0.253293037037,0,1,1.57079632679,0.519288888889,0,0.462222222222,0
0.94,0.263770962963,0,1,1.57079632679,0.528488888889,0,0.457777777778,0
0.96,0.274432,0,1,1.57079632679,0.5376,0,0.453333333333,0
0.98,0.28527437037,0,1,1.57079632679,0.546622222222,0,0.448888888889,0
1,0.296296296296,0,1,1.57079632679,0.555555555556,0,0.444444444444,0
1.02,0.307496,0,1,1.57079632679,0.5644,0,0.44,0
1.04,0.318871703704,0,1,1.57079632679,0.573155555556,0,0.435555555556,0
1.06,0.33042162963,0,1,1.57079632679,0.581822222222,0,0.431111111111,0
1.08,0.342144,0,1,1.57079632679,0.5904,0,0.426666666667,0
1.1,0.354037037037,0,1,1.57079632679,0.598888888889,0,0.422222222222,0
1.12,0.366098962963,0,1,1.57079632679,0.607288888889,0,0.417777777778,0
1.14,0.378328,0,1,1.57079632679,0.6156,0,0.413333333333,0
1.16,0.39072237037,0,1,1.57079632679,0.623822222222,0,0.408888888889,0
1.18,0.403280296296,0,1,1.57079632679,0.631955555556,0,0.404444444444,0
1.2,0.416,0,1,1.57079632679,0.64,0,0.4,0
1.22,0.428879703704,0,1,1.57079632679,0.647955555556,0,0.395555555556,0
1.24,0.44191762963,0,1,1.57079632679,0.655822222222,0,0.391111111111,0
1.26,0.455112,0,1,1.57079632679,0.6636,0,0.386666666667,0
1.28,0.468461037037,0,1,1.57079632679,0.671288888889,0,0.382222222222,0
1.3,0.481962962963,0,1,1.57079632679,0.678888888889,0,0.377777777778,0
1.32,0.495616,0,1,1.57079632679,0.6864,0,0.373333333333,0
1.34,0.50941837037,0,1,1.57079632679,0.693822222222,0,0.368888888889,0
1.36,0.523368296296,0,1,1.57079632679,0.701155555556,0,0.364444444444,0
1.38,0.537464,0,1,1.57079632679,0.7084,0,0.36,0
1.4,0.551703703704,0,1,1.57079632679,0.715555555556,0,0.355555555556,0
1.42,0.56608562963,0,1,1.57079632679,0.722622222222,0,0.351111111111,0
1.44,0.580608,0,1,1.57079632679,0.7296,0,0.346666666667,0
1.46,0.595269037037,0,1,1.57079632679,0.736488888889,0,0.342222222222,0
1.48,0.610066962963,0,1,1.57079632679,0.743288888889,0,0.337777777778,0
1.5,0.625,0,1,1.57079632679,0.75,0,0.333333333333,0
1.52,0.64006637037,0,1,1.57079632679,0.756622222222,0,0.328888888889,0
1.54,0.655264296296,0,1,1.57079632679,0.763155555556,0,0.324444444444,0
1.56,0.670592,0,1,1.57079632679,0.7696,0,0.32,0
1.58,0.686047703704,0,1,1.57079632679,0.775955555556,0,0.315555555556,0
1.6,0.70162962963,0,1,1.57079632679,0.782222222222,0,0.311111111111,0
1.62,0.717336,0,1,1.57079632679,0.7884,0,0.306666666667,0
1.64,0.733165037037,0,1,1.57079632679,0.794488888889,0,0.302222222222,0
1.66,0.749114962963,0,1,1.57079632679,0.800488888889,0,0.297777777778,0
1.68,0.765184,0,1,1.57079632679,0.8064,0,0.293333333333,0
1.7,0.78137037037,0,1,1.57079632679,0.812222222222,0,0.288888888889,0
1.72,0.797672296296,0,1,1.57079632679,0.817955555556,0,0.284444444444,0
1.74,0.814088,0,1,1.57079632679,0.8236,0,0.28,0
1.76,0.830615703704,0,1,1.57079632679,0.829155555556,0,0.275555555556,0
1.78,0.84725362963,0,1,1.57079632679,0.834622222222,0,0.271111111111,0
1.8,0.864,0,1,1.57079632679,0.84,0,0.266666666667,0
1.82,0.880853037037,0,1,1.57079632679,0.845288888889,0,0.262222222222,0
1.84,0.897810962963,0,1,1.57079632679,0.850488888889,0,0.257777777778,0
1.86,0.914872,0,1,1.57079632679,0.8556,0,0.253333333333,0
1.88,0.93203437037,0,1,1.57079632679,0.860622222222,0,0.248888888889,0
1.9,0.949296296296,0,1,1.57079632679,0.865555555556,0,0.244444444444,0
1.92,0.966656,0,1,1.57079632679,0.8704,0,0.24,0
1.94,0.984111703704,0,1,1.57079632679,0.875155555556,0,0.235555555556,0
1.96,1.00166162963,0,1,1.57079632679,0.879822222222,0,0.231111111111,0
1.98,1.019304,0,1,1.57079632679,0.8844,0,0.226666666667,0
2,1.03703703704,0,1,1.57079632679,0.888888888889,0,0.222222222222,0
2.02,1.05485896296,0,1,1.57079632679,0.893288888889,0,0.217777777778,0
2.04,1.072768,0,1,1.57079632679,0.8976,0,0.213333333333,0
2.06,1.09076237037,0,1,1.57079632679,0.901822222222,0,0.208888888889,0
2.08,1.1088402963,0,1,1.57079632679,0.905955555556,0,0.204444444444,0
2.1,1.127,0,1,1.57079632679,0.91,0,0.2,0
2.12,1.1452397037,0,1,1.57079632679,0.913955555556,0,0.195555555556,0
2.14,1.16355762963,0,1,1.57079632679,0.917822222222,0,0.191111111111,0
2.16,1.181952,0,1,1.57079632679,0.9216,0,0.186666666667,0
2.18,1.20042103704,0,1,1.57079632679,0.925288888889,0,0.182222222222,0
2.2,1.21896296296,0,1,1.57079632679,0.928888888889,0,0.177777777778,0
2.22,1.237576,0,1,1.57079632679,0.9324,0,0.173333333333,0
2.24,1.25625837037,0,1,1.57079632679,0.935822222222,0,0.168888888889,0
2.26,1.2750082963,0,1,1.57079632679,0.939155555556,0,0.164444444444,0
2.28,1.293824,0,1,1.57079632679,0.9424,0,0.16,0
2.3,1.3127037037,0,1,1.57079632679,0.945555555556,0,0.155555555556,0
2.32,1.33164562963,0,1,1.57079632679,0.948622222222,0,0.151111111111,0
2.34,1.350648,0,1,1.57079632679,0.9516,0,0.146666666667,0
2.36,1.36970903704,0,1,1.57079632679,0.954488888889,0,0.142222222222,0
2.38,1.38882696296,0,1,1.57079632679,0.957288888889,0,0.137777777778,0
2.4,1.408,0,1,1.57079632679,0.96,0,0.133333333333,0
2.42,1.42722637037,0,1,1.57079632679,0.962622222222,0,0.128888888889,0
2.44,1.4465042963,0,1,1.57079632679,0.965155555556,0,0.124444444444,0
2.46,1.465832,0,1,1.57079632679,0.9676,0,0.12,0
2.48,1.4852077037,0,1,1.57079632679,0.969955555556,0,0.115555555556,0
2.5,1.50462962963,0,1,1.57079632679,0.972222222222,0,0.111111111111,0
2.52,1.524096,0,1,1.57079632679,0.9744,0,0.106666666667,0
2.54,1.54360503704,0,1,1.57079632679,0.976488888889,0,0.102222222222,0
2.56,1.56315496296,0,1,1.57079632679,0.978488888889,0,0.0977777777778,0
2.58,1.582744,0,1,1.57079632679,0.9804,0,0.0933333333333,0
2.6,1.60237037037,0,1,1.57079632679,0.982222222222,0,0.0888888888889,0
2.62,1.6220322963,0,1,1.57079632679,0.983955555556,0,0.0844444444444,0
2.64,1.641728,0,1,1.57079632679,0.9856,0,0.08,0
2.66,1.6614557037,0,1,1.57079632679,0.987155555556,0,0.0755555555556,0
2.68,1.68121362963,0,1,1.57079632679,0.988622222222,0,0.0711111111111,0
2.7,1.701,0,1,1.57079632679,0.99,0,0.0666666666667,0
2.72,1.72081303704,0,1,1.57079632679,0.991288888889,0,0.0622222222222,0
2.74,1.74065096296,0,1,1.57079632679,0.992488888889,0,0.0577777777778,0
2.76,1.760512,0,1,1.57079632679,0.9936,0,0.0533333333333,0
2.78,1.78039437037,0,1,1.57079632679,0.994622222222,0,0.0488888888889,0
2.8,1.8002962963,0,1,1.57079632679,0.995555555556,0,0.0444444444444,0
2.82,1.820216,0,1,1.57079632679,0.9964,0,0.04,0
2.84,1.8401517037,0,1,1.57079632679,0.997155555556,0,0.0355555555556,0
2.86,1.86010162963,0,1,1.57079632679,0.997822222222,0,0.0311111111111,0
2.88,1.880064,0,1,1.57079632679,0.9984,0,0.0266666666667,0
2.9,1.90003703704,0,1,1.57079632679,0.998888888889,0,0.0222222222222,0
2.92,1.92001896296,0,1,1.57079632679,0.999288888889,0,0.0177777777778,0
2.94,1.940008,0,1,1.57079632679,0.9996,0,0.0133333333333,0
2.96,1.96000237037,0,1,1.57079632679,0.999822222222,0,0.00888888888889,0
2.98,1.9800002963,0,1,1.57079632679,0.999955555556,0,0.00444444444444,0
3,2,0,1,1.57079632679,1,0,0,0
3.02,2.0199997037,0,1,1.57079632679,0.999955555556,0,-0.00444444444444,0
3.04,2.03999762963,0,1,1.57079632679,0.999822222222,0,-0.00888888888889,0
3.06,2.059992,0,1,1.57079632679,0.9996,0,-0.0133333333333,0
3.08,2.07998103704,0,1,1.57079632679,0.999288888889,0,-0.0177777777778,0
3.1,2.09996296296,0,1,1.57079632679,0.998888888889,0,-0.0222222222222,0
3.12,2.119936,0,1,1.57079632679,0.9984,0,-0.0266666666667,0
3.14,2.13989837037,0,1,1.57079632679,0.997822222222,0,-0.0311111111111,0
3.16,2.1598482963,0,1,1.57079632679,0.997155555556,0,-0.0355555555556,0
3.18,2.179784,0,1,1.57079632679,0.9964,0,-0.04,0
3.2,2.1997037037,0,1,1.57079632679,0.995555555556,0,-0.0444444444444,0
3.22,2.21960562963,0,1,1.57079632679,0.994622222222,0,-0.0488888888889,0
3.24,2.239488,0,1,1.57079632679,0.9936,0,-0.0533333333333,0
3.26,2.25934903704,0,1,1.57079632679,0.992488888889,0,-0.0577777777778,0
3.28,2.27918696296,0,1,1.57079632679,0.991288888889,0,-0.0622222222222,0
3.3,2.299,0,1,1.57079632679,0.99,0,-0.0666666666667,0
3.32,2.31878637037,0,1,1.57079632679,0.988622222222,0,-0.0711111111111,0
3.34,2.3385442963,0,1,1.57079632679,0.987155555556,0,-0.0755555555556,0
3.36,2.358272,0,1,1.57079632679,0.9856,0,-0.08,0
3.38,2.3779677037,0,1,1.57079632679,0.983955555556,0,-0.0844444444444,0
3.4,2.39762962963,0,1,1.57079632679,0.982222222222,0,-0.0888888888889,0
3.42,2.417256,0,1,1.57079632679,0.9804,0,-0.0933333333333,0
3.44,2.43684503704,0,1,1.57079632679,0.978488888889,0,-0.0977777777778,0
3.46,2.45639496296,0,1,1.57079632679,0.976488888889,0,-0.102222222222,0
3.48,2.475904,0,1,1.57079632679,0.9744,0,-0.106666666667,0
3.5,2.49537037037,0,1,1.57079632679,0.972222222222,0,-0.111111111111,0
3.52,2.5147922963,0,1,1.57079632679,0.969955555556,0,-0.115555555556,0
3.54,2.534168,0,1,1.57079632679,0.9676,0,-0.12,0
3.56,2.5534957037,0,1,1.57079632679,0.965155555556,0,-0.124444444444,0
3.58,2.57277362963,0,1,1.57079632679,0.962622222222,0,-0.128888888889,0
3.6,2.592,0,1,1.57079632679,0.96,0,-0.133333333333,0
3.62,2.61117303704,0,1,1.57079632679,0.957288888889,0,-0.137777777778,0
3.64,2.63029096296,0,1,1.57079632679,0.954488888889,0,-0.142222222222,0
3.66,2.649352,0,1,1.57079632679,0.9516,0,-0.146666666667,0
3.68,2.66835437037,0,1,1.57079632679,0.948622222222,0,-0.151111111111,0
3.7,2.6872962963,0,1,1.57079632679,0.945555555556,0,-0.155555555556,0
3.72,2.706176,0,1,1.57079632679,0.9424,0,-0.16,0
3.74,2.7249917037,0,1,1.57079632679,0.939155555556,0,-0.164444444444,0
3.76,2.74374162963,0,1,1.57079632679,0.935822222222,0,-0.168888888889,0
3.78,2.762424,0,1,1.57079632679,0.9324,0,-0.173333333333,0
3.8,2.78103703704,0,1,1.57079632679,0.928888888889,0,-0.177777777778,0
3.82,2.79957896296,0,1,1.57079632679,0.925288888889,0,-0.182222222222,0
3.84,2.818048,0,1,1.57079632679,0.9216,0,-0.186666666667,0
3.86,2.83644237037,0,1,1.57079632679,0.917822222222,0,-0.191111111111,0
3.88,2.8547602963,0,1,1.57079632679,0.913955555556,0,-0.195555555556,0
3.9,2.873,0,1,1.57079632679,0.91,0,-0.2,0
3.92,2.8911597037,0,1,1.57079632679,0.905955555556,0,-0.204444444444,0
3.94,2.90923762963,0,1,1.57079632679,0.901822222222,0,-0.208888888889,0
3.96,2.927232,0,1,1.57079632679,0.8976,0,-0.213333333333,0
3.98,2.94514103704,0,1,1.57079632679,0.893288888889,0,-0.217777777778,0
4,2.96296296296,0,1,1.57079632679,0.888888888889,0,-0.222222222222,0
4.02,2.980696,0,1,1.57079632679,0.8844,0,-0.226666666667,0
4.04,2.99833837037,0,1,1.57079632679,0.879822222222,0,-0.231111111111,0
4.06,3.0158882963,0,1,1.57079632679,0.875155555556,0,-0.235555555556,0
4.08,3.033344,0,1,1.57079632679,0.8704,0,-0.24,0
4.1,3.0507037037,0,1,1.57079632679,0.865555555556,0,-0.244444444444,0
4.12,3.06796562963,0,1,1.57079632679,0.860622222222,0,-0.248888888889,0
4.14,3.085128,0,1,1.57079632679,0.8556,0,-0.253333333333,0
4.16,3.10218903704,0,1,1.57079632679,0.850488888889,0,-0.257777777778,0
4.18,3.11914696296,0,1,1.57079632679,0.845288888889,0,-0.262222222222,0
4.2,3.136,0,1,1.57079632679,0.84,0,-0.266666666667,0
4.22,3.15274637037,0,1,1.57079632679,0.834622222222,0,-0.271111111111,0
4.24,3.1693842963,0,1,1.57079632679,0.829155555556,0,-0.275555555556,0
4.26,3.185912,0,1,1.57079632679,0.8236,0,-0.28,0
4.28,3.2023277037,0,1,1.57079632679,0.817955555556,0,-0.284444444444,0
4.3,3.21862962963,0,1,1.57079632679,0.812222222222,0,-0.288888888889,0
4.32,3.234816,0,1,1.57079632679,0.8064,0,-0.293333333333,0
4.34,3.25088503704,0,1,1.57079632679,0.800488888889,0,-0.297777777778,0
4.36,3.26683496296,0,1,1.57079632679,0.794488888889,0,-0.302222222222,0
4.38,3.282664,0,1,1.57079632679,0.7884,0,-0.306666666667,0
4.4,3.29837037037,0,1,1.57079632679,0.782222222222,0,-0.311111111111,0
4.42,3.3139522963,0,1,1.57079632679,0.775955555556,0,-0.315555555556,0
4.44,3.329408,0,1,1.57079632679,0.7696,0,-0.32,0
4.46,3.3447357037,0,1,1.57079632679,0.763155555556,0,-0.324444444444,0
4.48,3.35993362963,0,1,1.57079632679,0.756622222222,0,-0.328888888889,0
4.5,3.375,0,1,1.57079632679,0.75,0,-0.333333333333,0
4.52,3.38993303704,0,1,1.57079632679,0.743288888889,0,-0.337777777778,0
4.54,3.40473096296,0,1,1.57079632679,0.736488888889,0,-0.342222222222,0
4.56,3.419392,0,1,1.57079632679,0.7296,0,-0.346666666667,0
4.58,3.43391437037,0,1,1.57079632679,0.722622222222,0,-0.351111111111,0
4.6,3.4482962963,0,1,1.57079632679,0.715555555556,0,-0.355555555556,0
4.62,3.462536,0,1,1.57079632679,0.7084,0,-0.36,0
4.64,3.4766317037,0,1,1.57079632679,0.701155555556,0,-0.364444444444,0
4.66,3.49058162963,0,1,1.57079632679,0.693822222222,0,-0.368888888889,0
4.68,3.504384,0,1,1.57079632679,0.6864,0,-0.373333333333,0
4.7,3.51803703704,0,1,1.57079632679,0.678888888889,0,-0.377777777778,0
4.72,3.53153896296,0,1,1.57079632679,0.671288888889,0,-0.382222222222,0
4.74,3.544888,0,1,1.57079632679,0.6636,0,-0.386666666667,0
4.76,3.55808237037,0,1,1.57079632679,0.655822222222,0,-0.391111111111,0
4.78,3.5711202963,0,1,1.57079632679,0.647955555556,0,-0.395555555556,0
4.8,3.584,0,1,1.57079632679,0.64,0,-0.4,0
4.82,3.5967197037,0,1,1.57079632679,0.631955555556,0,-0.404444444444,0
4.84,3.60927762963,0,1,1.57079632679,0.623822222222,0,-0.408888888889,0
4.86,3.621672,0,1,1.57079632679,0.6156,0,-0.413333333333,0
4.88,3.63390103704,0,1,1.57079632679,0.607288888889,0,-0.417777777778,0
4.9,3.64596296296,0,1,1.57079632679,0.598888888889,0,-0.422222222222,0
4.92,3.657856,0,1,1.57079632679,0.5904,0,-0.426666666667,0
4.94,3.66957837037,0,1,1.57079632679,0.581822222222,0,-0.431111111111,0
4.96,3.6811282963,0,1,1.57079632679,0.573155555556,0,-0.435555555556,0
4.98,3.692504,0,1,1.57079632679,0.5644,0,-0.44,0
5,3.7037037037,0,1,1.57079632679,0.555555555556,0,-0.75,-0.0833333333333
5.02,3.71466572222,-1.62777777778e-05,1,1.57079632679,0.540691666667,-0.00160833333333,-0.736388888889,-0.0775
5.04,3.72533318519,-6.35555555556e-05,1,1.57079632679,0.5261,-0.0031,-0.722777777778,-0.0716666666667
5.06,3.73571153704,-0.0001395,1,1.57079632679,0.511780555556,-0.004475,-0.709166666667,-0.0658333333333
5.08,3.74580622222,-0.000241777777778,1,1.57079632679,0.497733333333,-0.00573333333333,-0.695555555556,-0.06
5.1,3.75562268519,-0.000368055555556,1,1.57079632679,0.483958333333,-0.006875,-0.681944444444,-0.0541666666667
5.12,3.76516637037,-0.000516,1,1.57079632679,0.470455555556,-0.0079,-0.668333333333,-0.0483333333333
5.14,3.77444272222,-0.000683277777778,1,1.57079632679,0.457225,-0.00880833333333,-0.654722222222,-0.0425
5.16,3.78345718519,-0.000867555555556,1,1.57079632679,0.444266666667,-0.0096,-0.641111111111,-0.0366666666667
5.18,3.7922152037,-0.0010665,1,1.57079632679,0.431580555556,-0.010275,-0.6275,-0.0308333333333
5.2,3.80072222222,-0.00127777777778,1,1.57079632679,0.419166666667,-0.0108333333333,-0.613888888889,-0.025
5.22,3.80898368519,-0.00149905555556,1,1.57079632679,0.407025,-0.011275,-0.600277777778,-0.0191666666667
5.24,3.81700503704,-0.001728,1,1.57079632679,0.395155555556,-0.0116,-0.586666666667,-0.0133333333333
5.26,3.82479172222,-0.00196227777778,1,1.57079632679,0.383558333333,-0.0118083333333,-0.573055555556,-0.0075
5.28,3.83234918519,-0.00219955555556,1,1.57079632679,0.372233333333,-0.0119,-0.559444444444,-0.00166666666667
5.3,3.83968287037,-0.0024375,1,1.57079632679,0.361180555556,-0.011875,-0.545833333333,0.00416666666667
5.32,3.84679822222,-0.00267377777778,1,1.57079632679,0.3504,-0.0117333333333,-0.532222222222,0.01
5.34,3.85370068519,-0.00290605555556,1,1.57079632679,0.339891666667,-0.011475,-0.518611111111,0.0158333333333
5.36,3.8603957037,-0.003132,1,1.57079632679,0.329655555556,-0.0111,-0.505,0.0216666666667
5.38,3.86688872222,-0.00334927777778,1,1.57079632679,0.319691666667,-0.0106083333333,-0.491388888889,0.0275
5.4,3.87318518519,-0.00355555555556,1,1.57079632679,0.31,-0.01,-0.477777777778,0.0333333333333
5.42,3.87929053704,-0.0037485,1,1.57079632679,0.300580555556,-0.009275,-0.464166666667,0.0391666666667
5.44,3.88521022222,-0.00392577777778,1,1.57079632679,0.291433333333,-0.00843333333333,-0.450555555556,0.045
5.46,3.89094968519,-0.00408505555556,1,1.57079632679,0.282558333333,-0.007475,-0.436944444444,0.0508333333333
5.48,3.89651437037,-0.004224,1,1.57079632679,0.273955555556,-0.0064,-0.423333333333,0.0566666666667
5.5,3.90190972222,-0.00434027777778,1,1.57079632679,0.265625,-0.00520833333333,-0.409722222222,0.0625
5.52,3.90714118519,-0.00443155555556,1,1.57079632679,0.257566666667,-0.0039,-0.396111111111,0.0683333333333
5.54,3.9122142037,-0.0044955,1,1.57079632679,0.249780555556,-0.002475,-0.3825,0.0741666666667
5.56,3.91713422222,-0.00452977777778,1,1.57079632679,0.242266666667,-0.000933333333333,-0.368888888889,0.08
5.58,3.92190668519,-0.00453205555556,1,1.57079632679,0.235025,0.000725,-0.355277777778,0.0858333333333
5.6,3.92653703704,-0.0045,1,1.57079632679,0.228055555556,0.0025,-0.341666666667,0.0916666666667
5.62,3.93103072222,-0.00443127777778,1,1.57079632679,0.221358333333,0.00439166666667,-0.328055555556,0.0975
5.64,3.93539318519,-0.00432355555556,1,1.57079632679,0.214933333333,0.0064,-0.314444444444,0.103333333333
5.66,3.93962987037,-0.0041745,1,1.57079632679,0.208780555556,0.008525,-0.300833333333,0.109166666667
5.68,3.94374622222,-0.00398177777778,1,1.57079632679,0.2029,0.0107666666667,-0.287222222222,0.115
5.7,3.94774768519,-0.00374305555556,1,1.57079632679,0.197291666667,0.013125,-0.273611111111,0.120833333333
5.72,3.9516397037,-0.003456,1,1.57079632679,0.191955555556,0.0156,-0.26,0.126666666667
5.74,3.95542772222,-0.00311827777778,1,1.57079632679,0.186891666667,0.0181916666667,-0.246388888889,0.1325
5.76,3.95911718519,-0.00272755555556,1,1.57079632679,0.1821,0.0209,-0.232777777778,0.138333333333
5.78,3.96271353704,-0.0022815,1,1.57079632679,0.177580555556,0.023725,-0.219166666667,0.144166666667
5.8,3.96622222222,-0.00177777777778,1,1.57079632679,0.173333333333,0.0266666666667,-0.205555555556,0.15
5.82,3.96964868519,-0.00121405555556,1,1.57079632679,0.169358333333,0.029725,-0.191944444444,0.155833333333
5.84,3.97299837037,-0.000588,1,1.57079632679,0.165655555556,0.0329,-0.178333333333,0.161666666667
5.86,3.97627672222,0.000102722222222,1,1.57079632679,0.162225,0.0361916666667,-0.164722222222,0.1675
5.88,3.97948918519,0.000860444444444,1,1.57079632679,0.159066666667,0.0396,-0.151111111111,0.173333333333
5.9,3.9826412037,0.0016875,1,1.57079632679,0.156180555556,0.043125,-0.1375,0.179166666667
5.92,3.98573822222,0.00258622222222,1,1.57079632679,0.153566666667,0.0467666666667,-0.123888888889,0.185
5.94,3.98878568519,0.00355894444444,1,1.57079632679,0.151225,0.050525,-0.110277777778,0.190833333333
5.96,3.99178903704,0.004608,1,1.57079632679,0.149155555556,0.0544,-0.0966666666667,0.196666666667
5.98,3.99475372222,0.00573572222222,1,1.57079632679,0.147358333333,0.0583916666667,-0.0830555555556,0.2025
6,3.99768518519,0.00694444444444,1,1.57079632679,0.145833333333,0.0625,-0.0694444444444,0.208333333333
6.02,4.00058887037,0.0082365,1,1.57079632679,0.144580555556,0.066725,-0.0558333333333,0.214166666667
6.04,4.00347022222,0.00961422222222,1,1.57079632679,0.1436,0.0710666666667,-0.0422222222222,0.22
6.06,4.00633468519,0.0110799444444,1,1.57079632679,0.142891666667,0.075525,-0.0286111111111,0.225833333333
6.08,4.0091877037,0.012636,1,1.57079632679,0.142455555556,0.0801,-0.015,0.231666666667
6.1,4.01203472222,0.0142847222222,1,1.57079632679,0.142291666667,0.0847916666667,-0.00138888888889,0.2375
6.12,4.01488118519,0.0160284444444,1,1.57079632679,0.1424,0.0896,0.0122222222222,0.243333333333
6.14,4.01773253704,0.0178695,1,1.57079632679,0.142780555556,0.094525,0.0258333333333,0.249166666667
6.16,4.02059422222,0.0198102222222,1,1.57079632679,0.143433333333,0.0995666666667,0.0394444444444,0.255
6.18,4.02347168519,0.0218529444444,1,1.57079632679,0.144358333333,0.104725,0.0530555555556,0.260833333333
6.2,4.02637037037,0.024,1,1.57079632679,0.145555555556,0.11,0.0666666666667,0.266666666667
6.22,4.02929572222,0.0262537222222,1,1.57079632679,0.147025,0.115391666667,0.0802777777778,0.2725
6.24,4.03225318519,0.0286164444444,1,1.57079632679,0.148766666667,0.1209,0.0938888888889,0.278333333333
6.26,4.0352482037,0.0310905,1,1.57079632679,0.150780555556,0.126525,0.1075,0.284166666667
6.28,4.03828622222,0.0336782222222,1,1.57079632679,0.153066666667,0.132266666667,0.121111111111,0.29
6.3,4.04137268519,0.0363819444444,1,1.57079632679,0.155625,0.138125,0.134722222222,0.295833333333
6.32,4.04451303704,0.039204,1,1.57079632679,0.158455555556,0.1441,0.148333333333,0.301666666667
6.34,4.04771272222,0.0421467222222,1,1.57079632679,0.161558333333,0.150191666667,0.161944444444,0.3075
6.36,4.05097718519,0.0452124444444,1,1.57079632679,0.164933333333,0.1564,0.175555555556,0.313333333333
6.38,4.05431187037,0.0484035,1,1.57079632679,0.168580555556,0.162725,0.189166666667,0.319166666667
6.4,4.05772222222,0.0517222222222,1,1.57079632679,0.1725,0.169166666667,0.202777777778,0.325
6.42,4.06121368519,0.0551709444444,1,1.57079632679,0.176691666667,0.175725,0.216388888889,0.330833333333
6.44,4.0647917037,0.058752,1,1.57079632679,0.181155555556,0.1824,0.23,0.336666666667
6.46,4.06846172222,0.0624677222222,1,1.57079632679,0.185891666667,0.189191666667,0.243611111111,0.3425
6.48,4.07222918519,0.0663204444444,1,1.57079632679,0.1909,0.1961,0.257222222222,0.348333333333
6.5,4.07609953704,0.0703125,1,1.57079632679,0.196180555556,0.203125,0.270833333333,0.354166666667
6.52,4.08007822222,0.0744462222222,1,1.57079632679,0.201733333333,0.210266666667,0.284444444444,0.36
6.54,4.08417068519,0.0787239444444,1,1.57079632679,0.207558333333,0.217525,0.298055555556,0.365833333333
6.56,4.08838237037,0.083148,1,1.57079632679,0.213655555556,0.2249,0.311666666667,0.371666666667
6.58,4.09271872222,0.0877207222222,1,1.57079632679,0.220025,0.232391666667,0.325277777778,0.3775
6.6,4.09718518519,0.0924444444444,1,1.57079632679,0.226666666667,0.24,0.338888888889,0.383333333333
6.62,4.1017872037,0.0973215,1,1.57079632679,0.233580555556,0.247725,0.3525,0.389166666667
6.64,4.10653022222,0.102354222222,1,1.57079632679,0.240766666667,0.255566666667,0.366111111111,0.395
6.66,4.11141968519,0.107544944444,1,1.57079632679,0.248225,0.263525,0.379722222222,0.400833333333
6.68,4.11646103704,0.112896,1,1.57079632679,0.255955555556,0.2716,0.393333333333,0.406666666667
6.7,4.12165972222,0.118409722222,1,1.57079632679,0.263958333333,0.279791666667,0.406944444444,0.4125
6.72,4.12702118519,0.124088444444,1,1.57079632679,0.272233333333,0.2881,0.420555555556,0.418333333333
6.74,4.13255087037,0.1299345,1,1.57079632679,0.280780555556,0.296525,0.434166666667,0.424166666667
6.76,4.13825422222,0.135950222222,1,1.57079632679,0.2896,0.305066666667,0.447777777778,0.43
6.78,4.14413668519,0.142137944444,1,1.57079632679,0.298691666667,0.313725,0.461388888889,0.435833333333
6.8,4.1502037037,0.1485,1,1.57079632679,0.308055555556,0.3225,0.475,0.441666666667
6.82,4.15646072222,0.155038722222,1,1.57079632679,0.317691666667,0.331391666667,0.488611111111,0.4475
6.84,4.16291318519,0.161756444444,1,1.57079632679,0.3276,0.3404,0.502222222222,0.453333333333
6.86,4.16956653704,0.1686555,1,1.57079632679,0.337780555556,0.349525,0.515833333333,0.459166666667
6.88,4.17642622222,0.175738222222,1,1.57079632679,0.348233333333,0.358766666667,0.529444444444,0.465
6.9,4.18349768519,0.183006944444,1,1.57079632679,0.358958333333,0.368125,0.543055555556,0.470833333333
6.92,4.19078637037,0.190464,1,1.57079632679,0.369955555556,0.3776,0.556666666667,0.476666666667
6.94,4.19829772222,0.198111722222,1,1.57079632679,0.381225,0.387191666667,0.570277777778,0.4825
6.96,4.20603718519,0.205952444444,1,1.57079632679,0.392766666667,0.3969,0.583888888889,0.488333333333
6.98,4.2140102037,0.2139885,1,1.57079632679,0.404580555556,0.406725,0.5975,0.494166666667
7,4.22222222222,0.222222222222,1,1.57079632679,0.416666666667,0.416666666667,0.333333333333,0.333333333333
7.02,4.230622,0.230622,1,1.57079632679,0.4233,0.4233,0.33,0.33
7.04,4.23915377778,0.239153777778,1,1.57079632679,0.429866666667,0.429866666667,0.326666666667,0.326666666667
7.06,4.24781622222,0.247816222222,1,1.57079632679,0.436366666667,0.436366666667,0.323333333333,0.323333333333
7.08,4.256608,0.256608,1,1.57079632679,0.4428,0.4428,0.32,0.32
7.1,4.26552777778,0.265527777778,1,1.57079632679,0.449166666667,0.449166666667,0.316666666667,0.316666666667
7.12,4.27457422222,0.274574222222,1,1.57079632679,0.455466666667,0.455466666667,0.313333333333,0.313333333333
7.14,4.283746,0.283746,1,1.57079632679,0.4617,0.4617,0.31,0.31
7.16,4.29304177778,0.293041777778,1,1.57079632679,0.467866666667,0.467866666667,0.306666666667,0.306666666667
7.18,4.30246022222,0.302460222222,1,1.57079632679,0.473966666667,0.473966666667,0.303333333333,0.303333333333
7.2,4.312,0.312,1,1.57079632679,0.48,0.48,0.3,0.3
7.22,4.32165977778,0.321659777778,1,1.57079632679,0.485966666667,0.485966666667,0.296666666667,0.296666666667
7.24,4.33143822222,0.331438222222,1,1.57079632679,0.491866666667,0.491866666667,0.293333333333,0.293333333333
7.26,4.341334,0.341334,1,1.57079632679,0.4977,0.4977,0.29,0.29
7.28,4.35134577778,0.351345777778,1,1.57079632679,0.503466666667,0.503466666667,0.286666666667,0.286666666667
7.3,4.36147222222,0.361472222222,1,1.57079632679,0.509166666667,0.509166666667,0.283333333333,0.283333333333
7.32,4.371712,0.371712,1,1.57079632679,0.5148,0.5148,0.28,0.28
7.34,4.38206377778,0.382063777778,1,1.57079632679,0.520366666667,0.520366666667,0.276666666667,0.276666666667
7.36,4.39252622222,0.392526222222,1,1.57079632679,0.525866666667,0.525866666667,0.273333333333,0.273333333333
7.38,4.403098,0.403098,1,1.57079632679,0.5313,0.5313,0.27,0.27
7.4,4.41377777778,0.413777777778,1,1.57079632679,0.536666666667,0.536666666667,0.266666666667,0.266666666667
7.42,4.42456422222,0.424564222222,1,1.57079632679,0.541966666667,0.541966666667,0.263333333333,0.263333333333
7.44,4.435456,0.435456,1,1.57079632679,0.5472,0.5472,0.26,0.26
7.46,4.44645177778,0.446451777778,1,1.57079632679,0.552366666667,0.552366666667,0.256666666667,0.256666666667
7.48,4.45755022222,0.457550222222,1,1.57079632679,0.557466666667,0.557466666667,0.253333333333,0.253333333333
7.5,4.46875,0.46875,1,1.57079632679,0.5625,0.5625,0.25,0.25
7.52,4.48004977778,0.480049777778,1,1.57079632679,0.567466666667,0.567466666667,0.246666666667,0.246666666667
7.54,4.49144822222,0.491448222222,1,1.57079632679,0.572366666667,0.572366666667,0.243333333333,0.243333333333
7.56,4.502944,0.502944,1,1.57079632679,0.5772,0.5772,0.24,0.24
7.58,4.51453577778,0.514535777778,1,1.57079632679,0.581966666667,0.581966666667,0.236666666667,0.236666666667
7.6,4.52622222222,0.526222222222,1,1.57079632679,0.586666666667,0.586666666667,0.233333333333,0.233333333333
7.62,4.538002,0.538002,1,1.57079632679,0.5913,0.5913,0.23,0.23
7.64,4.54987377778,0.549873777778,1,1.57079632679,0.595866666667,0.595866666667,0.226666666667,0.226666666667
7.66,4.56183622222,0.561836222222,1,1.57079632679,0.600366666667,0.600366666667,0.223333333333,0.223333333333
7.68,4.573888,0.573888,1,1.57079632679,0.6048,0.6048,0.22,0.22
7.7,4.58602777778,0.586027777778,1,1.57079632679,0.609166666667,0.609166666667,0.216666666667,0.216666666667
7.72,4.59825422222,0.598254222222,1,1.57079632679,0.613466666667,0.613466666667,0.213333333333,0.213333333333
7.74,4.610566,0.610566,1,1.57079632679,0.6177,0.6177,0.21,0.21
7.76,4.62296177778,0.622961777778,1,1.57079632679,0.621866666667,0.621866666667,0.206666666667,0.206666666667
7.78,4.63544022222,0.635440222222,1,1.57079632679,0.625966666667,0.625966666667,0.203333333333,0.203333333333
7.8,4.648,0.648,1,1.57079632679,0.63,0.63,0.2,0.2
7.82,4.66063977778,0.660639777778,1,1.57079632679,0.633966666667,0.633966666667,0.196666666667,0.196666666667
7.84,4.67335822222,0.673358222222,1,1.57079632679,0.637866666667,0.637866666667,0.193333333333,0.193333333333
7.86,4.686154,0.686154,1,1.57079632679,0.6417,0.6417,0.19,0.19
7.88,4.69902577778,0.699025777778,1,1.57079632679,0.645466666667,0.645466666667,0.186666666667,0.186666666667
7.9,4.71197222222,0.711972222222,1,1.57079632679,0.649166666667,0.649166666667,0.183333333333,0.183333333333
7.92,4.724992,0.724992,1,1.57079632679,0.6528,0.6528,0.18,0.18
7.94,4.73808377778,0.738083777778,1,1.57079632679,0.656366666667,0.656366666667,0.176666666667,0.176666666667
7.96,4.75124622222,0.751246222222,1,1.57079632679,0.659866666667,0.659866666667,0.173333333333,0.173333333333
7.98,4.764478,0.764478,1,1.57079632679,0.6633,0.6633,0.17,0.17
8,4.77777777778,0.777777777778,1,1.57079632679,0.666666666667,0.666666666667,0.166666666667,0.166666666667
8.02,4.79114422222,0.791144222222,1,1.57079632679,0.669966666667,0.669966666667,0.163333333333,0.163333333333
8.04,4.804576,0.804576,1,1.57079632679,0.6732,0.6732,0.16,0.16
8.06,4.81807177778,0.818071777778,1,1.57079632679,0.676366666667,0.676366666667,0.156666666667,0.156666666667
8.08,4.83163022222,0.831630222222,1,1.57079632679,0.679466666667,0.679466666667,0.153333333333,0.153333333333
8.1,4.84525,0.84525,1,1.57079632679,0.6825,0.6825,0.15,0.15
8.12,4.85892977778,0.858929777778,1,1.57079632679,0.685466666667,0.685466666667,0.146666666667,0.146666666667
8.14,4.87266822222,0.872668222222,1,1.57079632679,0.688366666667,0.688366666667,0.143333333333,0.143333333333
8.16,4.886464,0.886464,1,1.57079632679,0.6912,0.6912,0.14,0.14
8.18,4.90031577778,0.900315777778,1,1.57079632679,0.693966666667,0.693966666667,0.136666666667,0.136666666667
8.2,4.91422222222,0.914222222222,1,1.57079632679,0.696666666667,0.696666666667,0.133333333333,0.133333333333
8.22,4.928182,0.928182,1,1.57079632679,0.6993,0.6993,0.13,0.13
8.24,4.94219377778,0.942193777778,1,1.57079632679,0.701866666667,0.701866666667,0.126666666667,0.126666666667
8.26,4.95625622222,0.956256222222,1,1.57079632679,0.704366666667,0.704366666667,0.123333333333,0.123333333333
8.28,4.970368,0.970368,1,1.57079632679,0.7068,0.7068,0.12,0.12
8.3,4.98452777778,0.984527777778,1,1.57079632679,0.709166666667,0.709166666667,0.116666666667,0.116666666667
8.32,4.99873422222,0.998734222222,1,1.57079632679,0.711466666667,0.711466666667,0.113333333333,0.113333333333
8.34,5.012986,1.012986,1,1.57079632679,0.7137,0.7137,0.11,0.11
8.36,5.02728177778,1.02728177778,1,1.57079632679,0.715866666667,0.715866666667,0.106666666667,0.106666666667
8.38,5.04162022222,1.04162022222,1,1.57079632679,0.717966666667,0.717966666667,0.103333333333,0.103333333333
8.4,5.056,1.056,1,1.57079632679,0.72,0.72,0.1,0.1
8.42,5.07041977778,1.07041977778,1,1.57079632679,0.721966666667,0.721966666667,0.0966666666667,0.0966666666667
8.44,5.08487822222,1.08487822222,1,1.57079632679,0.723866666667,0.723866666667,0.0933333333333,0.0933333333333
8.46,5.099374,1.099374,1,1.57079632679,0.7257,0.7257,0.09,0.09
8.48,5.11390577778,1.11390577778,1,1.57079632679,0.727466666667,0.727466666667,0.0866666666667,0.0866666666667
8.5,5.12847222222,1.12847222222,1,1.57079632679,0.729166666667,0.729166666667,0.0833333333333,0.0833333333333
8.52,5.143072,1.143072,1,1.57079632679,0.7308,0.7308,0.08,0.08
8.54,5.15770377778,1.15770377778,1,1.57079632679,0.732366666667,0.732366666667,0.0766666666667,0.0766666666667
8.56,5.17236622222,1.17236622222,1,1.57079632679,0.733866666667,0.733866666667,0.0733333333333,0.0733333333333
8.58,5.187058,1.187058,1,1.57079632679,0.7353,0.7353,0.07,0.07
8.6,5.20177777778,1.20177777778,1,1.57079632679,0.736666666667,0.736666666667,0.0666666666667,0.0666666666667
8.62,5.21652422222,1.21652422222,1,1.57079632679,0.737966666667,0.737966666667,0.0633333333333,0.0633333333333
8.64,5.231296,1.231296,1,1.57079632679,0.7392,0.7392,0.06,0.06
8.66,5.24609177778,1.24609177778,1,1.57079632679,0.740366666667,0.740366666667,0.0566666666667,0.0566666666667
8.68,5.26091022222,1.26091022222,1,1.57079632679,0.741466666667,0.741466666667,0.0533333333333,0.0533333333333
8.7,5.27575,1.27575,1,1.57079632679,0.7425,0.7425,0.05,0.05
8.72,5.29060977778,1.29060977778,1,1.57079632679,0.743466666667,0.743466666667,0.0466666666667,0.0466666666667
8.74,5.30548822222,1.30548822222,1,1.57079632679,0.744366666667,0.744366666667,0.0433333333333,0.0433333333333
8.76,5.320384,1.320384,1,1.57079632679,0.7452,0.7452,0.04,0.04
8.78,5.33529577778,1.33529577778,1,1.57079632679,0.745966666667,0.745966666667,0.0366666666667,0.0366666666667
8.8,5.35022222222,1.35022222222,1,1.57079632679,0.746666666667,0.746666666667,0.0333333333333,0.0333333333333
8.82,5.365162,1.365162,1,1.57079632679,0.7473,0.7473,0.03,0.03
8.84,5.38011377778,1.38011377778,1,1.57079632679,0.747866666667,0.747866666667,0.0266666666667,0.0266666666667
8.86,5.39507622222,1.39507622222,1,1.57079632679,0.748366666667,0.748366666667,0.0233333333333,0.0233333333333
8.88,5.410048,1.410048,1,1.57079632679,0.7488,0.7488,0.02,0.02
8.9,5.42502777778,1.42502777778,1,1.57079632679,0.749166666667,0.749166666667,0.0166666666667,0.0166666666667
8.92,5.44001422222,1.44001422222,1,1.57079632679,0.749466666667,0.749466666667,0.0133333333333,0.0133333333333
8.94,5.455006,1.455006,1,1.57079632679,0.7497,0.7497,0.01,0.01
8.96,5.47000177778,1.47000177778,1,1.57079632679,0.749866666667,0.749866666667,0.00666666666667,0.00666666666667
8.98,5.48500022222,1.48500022222,1,1.57079632679,0.749966666667,0.749966666667,0.00333333333333,0.00333333333333
9,5.5,1.5,1,1.57079632679,0.75,0.75,5.55111512313e-17,1.11022302463e-16
9.02,5.51499977778,1.51499977778,1,1.57079632679,0.749966666667,0.749966666667,-0.00333333333333,-0.00333333333333
9.04,5.52999822222,1.52999822222,1,1.57079632679,0.749866666667,0.749866666667,-0.00666666666667,-0.00666666666667
9.06,5.544994,1.544994,1,1.57079632679,0.7497,0.7497,-0.01,-0.01
9.08,5.55998577778,1.55998577778,1,1.57079632679,0.749466666667,0.749466666667,-0.0133333333333,-0.0133333333333
9.1,5.57497222222,1.57497222222,1,1.57079632679,0.749166666667,0.749166666667,-0.0166666666667,-0.0166666666667
9.12,5.589952,1.589952,1,1.57079632679,0.7488,0.7488,-0.02,-0.02
9.14,5.60492377778,1.60492377778,1,1.57079632679,0.748366666667,0.748366666667,-0.0233333333333,-0.0233333333333
9.16,5.61988622222,1.61988622222,1,1.57079632679,0.747866666667,0.747866666667,-0.0266666666667,-0.0266666666667
9.18,5.634838,1.634838,1,1.57079632679,0.7473,0.7473,-0.03,-0.03
9.2,5.64977777778,1.64977777778,1,1.57079632679,0.746666666667,0.746666666667,-0.0333333333333,-0.0333333333333
9.22,5.66470422222,1.66470422222,1,1.57079632679,0.745966666667,0.745966666667,-0.0366666666667,-0.0366666666667
9.24,5.679616,1.679616,1,1.57079632679,0.7452,0.7452,-0.04,-0.04
9.26,5.69451177778,1.69451177778,1,1.57079632679,0.744366666667,0.744366666667,-0.0433333333333,-0.0433333333333
9.28,5.70939022222,1.70939022222,1,1.57079632679,0.743466666667,0.743466666667,-0.0466666666667,-0.0466666666667
9.3,5.72425,1.72425,1,1.57079632679,0.7425,0.7425,-0.05,-0.05
9.32,5.73908977778,1.73908977778,1,1.57079632679,0.741466666667,0.741466666667,-0.0533333333333,-0.0533333333333
9.34,5.75390822222,1.75390822222,1,1.57079632679,0.740366666667,0.740366666667,-0.0566666666667,-0.0566666666667
9.36,5.768704,1.768704,1,1.57079632679,0.7392,0.7392,-0.06,-0.06
9.38,5.78347577778,1.78347577778,1,1.57079632679,0.737966666667,0.737966666667,-0.0633333333333,-0.0633333333333
9.4,5.79822222222,1.79822222222,1,1.57079632679,0.736666666667,0.736666666667,-0.0666666666667,-0.0666666666667
9.42,5.812942,1.812942,1,1.57079632679,0.7353,0.7353,-0.07,-0.07
9.44,5.82763377778,1.82763377778,1,1.57079632679,0.733866666667,0.733866666667,-0.0733333333333,-0.0733333333333
9.46,5.84229622222,1.84229622222,1,1.57079632679,0.732366666667,0.732366666667,-0.0766666666667,-0.0766666666667
9.48,5.856928,1.856928,1,1.57079632679,0.7308,0.7308,-0.08,-0.08
9.5,5.87152777778,1.87152777778,1,1.57079632679,0.729166666667,0.729166666667,-0.0833333333333,-0.0833333333333
9.52,5.88609422222,1.88609422222,1,1.57079632679,0.727466666667,0.727466666667,-0.0866666666667,-0.0866666666667
9.54,5.900626,1.900626,1,1.57079632679,0.7257,0.7257,-0.09,-0.09
9.56,5.91512177778,1.91512177778,1,1.57079632679,0.723866666667,0.723866666667,-0.0933333333333,-0.0933333333333
9.58,5.92958022222,1.92958022222,1,1.57079632679,0.721966666667,0.721966666667,-0.0966666666667,-0.0966666666667
9.6,5.944,1.944,1,1.57079632679,0.72,0.72,-0.1,-0.1
9.62,5.95837977778,1.95837977778,1,1.57079632679,0.717966666667,0.717966666667,-0.103333333333,-0.103333333333
9.64,5.97271822222,1.97271822222,1,1.57079632679,0.715866666667,0.715866666667,-0.106666666667,-0.106666666667
9.66,5.987014,1.987014,1,1.57079632679,0.7137,0.7137,-0.11,-0.11
9.68,6.00126577778,2.00126577778,1,1.57079632679,0.711466666667,0.711466666667,-0.113333333333,-0.113333333333
9.7,6.01547222222,2.01547222222,1,1.57079632679,0.709166666667,0.709166666667,-0.116666666667,-0.116666666667
9.72,6.029632,2.029632,1,1.57079632679,0.7068,0.7068,-0.12,-0.12
9.74,6.04374377778,2.04374377778,1,1.57079632679,0.704366666667,0.704366666667,-0.123333333333,-0.123333333333
9.76,6.05780622222,2.05780622222,1,1.57079632679,0.701866666667,0.701866666667,-0.126666666667,-0.126666666667
9.78,6.071818,2.071818,1,1.57079632679,0.6993,0.6993,-0.13,-0.13
9.8,6.08577777778,2.08577777778,1,1.57079632679,0.696666666667,0.696666666667,-0.133333333333,-0.133333333333
9.82,6.09968422222,2.09968422222,1,1.57079632679,0.693966666667,0.693966666667,-0.136666666667,-0.136666666667
9.84,6.113536,2.113536,1,1.57079632679,0.6912,0.6912,-0.14,-0.14
9.86,6.12733177778,2.12733177778,1,1.57079632679,0.688366666667,0.688366666667,-0.143333333333,-0.143333333333
9.88,6.14107022222,2.14107022222,1,1.57079632679,0.685466666667,0.685466666667,-0.146666666667,-0.146666666667
9.9,6.15475,2.15475,1,1.57079632679,0.6825,0.6825,-0.15,-0.15
9.92,6.16836977778,2.16836977778,1,1.57079632679,0.679466666667,0.679466666667,-0.153333333333,-0.153333333333
9.94,6.18192822222,2.18192822222,1,1.57079632679,0.676366666667,0.676366666667,-0.156666666667,-0.156666666667
9.96,6.195424,2.195424,1,1.57079632679,0.6732,0.6732,-0.16,-0.16
9.98,6.20885577778,2.20885577778,1,1.57079632679,0.669966666667,0.669966666667,-0.163333333333,-0.163333333333
10,6.22222222222,2.22222222222,1,1.57079632679,0.666666666667,0.666666666667,-0.166666666667,-0.166666666667
10.02,6.235522,2.235522,1,1.57079632679,0.6633,0.6633,-0.17,-0.17
10.04,6.24875377778,2.24875377778,1,1.57079632679,0.659866666667,0.659866666667,-0.173333333333,-0.173333333333
10.06,6.26191622222,2.26191622222,1,1.57079632679,0.656366666667,0.656366666667,-0.176666666667,-0.176666666667
10.08,6.275008,2.275008,1,1.57079632679,0.6528,0.6528,-0.18,-0.18
10.1,6.28802777778,2.28802777778,1,1.57079632679,0.649166666667,0.649166666667,-0.183333333333,-0.183333333333
10.12,6.30097422222,2.30097422222,1,1.57079632679,0.645466666667,0.645466666667,-0.186666666667,-0.186666666667
10.14,6.313846,2.313846,1,1.57079632679,0.6417,0.6417,-0.19,-0.19
10.16,6.32664177778,2.32664177778,1,1.57079632679,0.637866666667,0.637866666667,-0.193333333333,-0.193333333333
10.18,6.33936022222,2.33936022222,1,1.57079632679,0.633966666667,0.633966666667,-0.196666666667,-0.196666666667
10.2,6.352,2.352,1,1.57079632679,0.63,0.63,-0.2,-0.2
10.22,6.36455977778,2.36455977778,1,1.57079632679,0.625966666667,0.625966666667,-0.203333333333,-0.203333333333
10.24,6.37703822222,2.37703822222,1,1.57079632679,0.621866666667,0.621866666667,-0.206666666667,-0.206666666667
10.26,6.389434,2.389434,1,1.57079632679,0.6177,0.6177,-0.21,-0.21
10.28,6.40174577778,2.40174577778,1,1.57079632679,0.613466666667,0.613466666667,-0.213333333333,-0.213333333333
10.3,6.41397222222,2.41397222222,1,1.57079632679,0.609166666667,0.609166666667,-0.216666666667,-0.216666666667
10.32,6.426112,2.426112,1,1.57079632679,0.6048,0.6048,-0.22,-0.22
10.34,6.43816377778,2.43816377778,1,1.57079632679,0.600366666667,0.600366666667,-0.223333333333,-0.223333333333
10.36,6.45012622222,2.45012622222,1,1.57079632679,0.595866666667,0.595866666667,-0.226666666667,-0.226666666667
10.38,6.461998,2.461998,1,1.57079632679,0.5913,0.5913,-0.23,-0.23
10.4,6.47377777778,2.47377777778,1,1.57079632679,0.586666666667,0.586666666667,-0.233333333333,-0.233333333333
10.42,6.48546422222,2.48546422222,1,1.57079632679,0.581966666667,0.581966666667,-0.236666666667,-0.236666666667
10.44,6.497056,2.497056,1,1.57079632679,0.5772,0.5772,-0.24,-0.24
10.46,6.50855177778,2.50855177778,1,1.57079632679,0.572366666667,0.572366666667,-0.243333333333,-0.243333333333
10.48,6.51995022222,2.51995022222,1,1.57079632679,0.567466666667,0.567466666667,-0.246666666667,-0.246666666667
10.5,6.53125,2.53125,1,1.57079632679,0.5625,0.5625,-0.25,-0.25
10.52,6.54244977778,2.54244977778,1,1.57079632679,0.557466666667,0.557466666667,-0.253333333333,-0.253333333333
10.54,6.55354822222,2.55354822222,1,1.57079632679,0.552366666667,0.552366666667,-0.256666666667,-0.256666666667
10.56,6.564544,2.564544,1,1.57079632679,0.5472,0.5472,-0.26,-0.26
10.58,6.57543577778,2.57543577778,1,1.57079632679,0.541966666667,0.541966666667,-0.263333333333,-0.263333333333
10.6,6.58622222222,2.58622222222,1,1.57079632679,0.536666666667,0.536666666667,-0.266666666667,-0.266666666667
10.62,6.596902,2.596902,1,1.57079632679,0.5313,0.5313,-0.27,-0.27
10.64,6.60747377778,2.60747377778,1,1.57079632679,0.525866666667,0.525866666667,-0.273333333333,-0.273333333333
10.66,6.61793622222,2.61793622222,1,1.57079632679,0.520366666667,0.520366666667,-0.276666666667,-0.276666666667
10.68,6.628288,2.628288,1,1.57079632679,0.5148,0.5148,-0.28,-0.28
10.7,6.63852777778,2.63852777778,1,1.57079632679,0.509166666667,0.509166666667,-0.283333333333,-0.283333333333
10.72,6.64865422222,2.64865422222,1,1.57079632679,0.503466666667,0.503466666667,-0.286666666667,-0.286666666667
10.74,6.658666,2.658666,1,1.57079632679,0.4977,0.4977,-0.29,-0.29
10.76,6.66856177778,2.66856177778,1,1.57079632679,0.491866666667,0.491866666667,-0.293333333333,-0.293333333333
10.78,6.67834022222,2.67834022222,1,1.57079632679,0.485966666667,0.485966666667,-0.296666666667,-0.296666666667
10.8,6.688,2.688,1,1.57079632679,0.48,0.48,-0.3,-0.3
10.82,6.69753977778,2.69753977778,1,1.57079632679,0.473966666667,0.473966666667,-0.303333333333,-0.303333333333
10.84,6.70695822222,2.70695822222,1,1.57079632679,0.467866666667,0.467866666667,-0.306666666667,-0.306666666667
10.86,6.716254,2.716254,1,1.57079632679,0.4617,0.4617,-0.31,-0.31
10.88,6.72542577778,2.72542577778,1,1.57079632679,0.455466666667,0.455466666667,-0.313333333333,-0.313333333333
10.9,6.73447222222,2.73447222222,1,1.57079632679,0.449166666667,0.449166666667,-0.316666666667,-0.316666666667
10.92,6.743392,2.743392,1,1.57079632679,0.4428,0.4428,-0.32,-0.32
10.94,6.75218377778,2.75218377778,1,1.57079632679,0.436366666667,0.436366666667,-0.323333333333,-0.323333333333
10.96,6.76084622222,2.76084622222,1,1.57079632679,0.429866666667,0.429866666667,-0.326666666667,-0.326666666667
10.98,6.769378,2.769378,1,1.57079632679,0.4233,0.4233,-0.33,-0.33
11,6.77777777778,2.77777777778,1,1.57079632679,0.416666666667,0.416666666667,-0.416666666667,-0.611111111111
11.02,6.78602777778,2.7859897963,1,1.57079632679,0.408333333333,0.404580555556,-0.416666666667,-0.5975
11.04,6.79411111111,2.79396281481,1,1.57079632679,0.4,0.392766666667,-0.416666666667,-0.583888888889
11.06,6.80202777778,2.80170227778,1,1.57079632679,0.391666666667,0.381225,-0.416666666667,-0.570277777778
11.08,6.80977777778,2.80921362963,1,1.57079632679,0.383333333333,0.369955555556,-0.416666666667,-0.556666666667
11.1,6.81736111111,2.81650231481,1,1.57079632679,0.375,0.358958333333,-0.416666666667,-0.543055555556
11.12,6.82477777778,2.82357377778,1,1.57079632679,0.366666666667,0.348233333333,-0.416666666667,-0.529444444444
11.14,6.83202777778,2.83043346296,1,1.57079632679,0.358333333333,0.337780555556,-0.416666666667,-0.515833333333
11.16,6.83911111111,2.83708681481,1,1.57079632679,0.35,0.3276,-0.416666666667,-0.502222222222
11.18,6.84602777778,2.84353927778,1,1.57079632679,0.341666666667,0.317691666667,-0.416666666667,-0.488611111111
11.2,6.85277777778,2.8497962963,1,1.57079632679,0.333333333333,0.308055555556,-0.416666666667,-0.475
11.22,6.85936111111,2.85586331481,1,1.57079632679,0.325,0.298691666667,-0.416666666667,-0.461388888889
11.24,6.86577777778,2.86174577778,1,1.57079632679,0.316666666667,0.2896,-0.416666666667,-0.447777777778
11.26,6.87202777778,2.86744912963,1,1.57079632679,0.308333333333,0.280780555556,-0.416666666667,-0.434166666667
11.28,6.87811111111,2.87297881481,1,1.57079632679,0.3,0.272233333333,-0.416666666667,-0.420555555556
11.3,6.88402777778,2.87834027778,1,1.57079632679,0.291666666667,0.263958333333,-0.416666666667,-0.406944444444
11.32,6.88977777778,2.88353896296,1,1.57079632679,0.283333333333,0.255955555556,-0.416666666667,-0.393333333333
11.34,6.89536111111,2.88858031481,1,1.57079632679,0.275,0.248225,-0.416666666667,-0.379722222222
11.36,6.90077777778,2.89346977778,1,1.57079632679,0.266666666667,0.240766666667,-0.416666666667,-0.366111111111
11.38,6.90602777778,2.8982127963,1,1.57079632679,0.258333333333,0.233580555556,-0.416666666667,-0.3525
11.4,6.91111111111,2.90281481481,1,1.57079632679,0.25,0.226666666667,-0.416666666667,-0.338888888889
11.42,6.91602777778,2.90728127778,1,1.57079632679,0.241666666667,0.220025,-0.416666666667,-0.325277777778
11.44,6.92077777778,2.91161762963,1,1.57079632679,0.233333333333,0.213655555556,-0.416666666667,-0.311666666667
11.46,6.92536111111,2.91582931481,1,1.57079632679,0.225,0.207558333333,-0.416666666667,-0.298055555556
11.48,6.92977777778,2.91992177778,1,1.57079632679,0.216666666667,0.201733333333,-0.416666666667,-0.284444444444
11.5,6.93402777778,2.92390046296,1,1.57079632679,0.208333333333,0.196180555556,-0.416666666667,-0.270833333333
11.52,6.93811111111,2.92777081481,1,1.57079632679,0.2,0.1909,-0.416666666667,-0.257222222222
11.54,6.94202777778,2.93153827778,1,1.57079632679,0.191666666667,0.185891666667,-0.416666666667,-0.243611111111
11.56,6.94577777778,2.9352082963,1,1.57079632679,0.183333333333,0.181155555556,-0.416666666667,-0.23
11.58,6.94936111111,2.93878631481,1,1.57079632679,0.175,0.176691666667,-0.416666666667,-0.216388888889
11.6,6.95277777778,2.94227777778,1,1.57079632679,0.166666666667,0.1725,-0.416666666667,-0.202777777778
11.62,6.95602777778,2.94568812963,1,1.57079632679,0.158333333333,0.168580555556,-0.416666666667,-0.189166666667
11.64,6.95911111111,2.94902281481,1,1.57079632679,0.15,0.164933333333,-0.416666666667,-0.175555555556
11.66,6.96202777778,2.95228727778,1,1.57079632679,0.141666666667,0.161558333333,-0.416666666667,-0.161944444444
11.68,6.96477777778,2.95548696296,1,1.57079632679,0.133333333333,0.158455555556,-0.416666666667,-0.148333333333
11.7,6.96736111111,2.95862731481,1,1.57079632679,0.125,0.155625,-0.416666666667,-0.134722222222
11.72,6.96977777778,2.96171377778,1,1.57079632679,0.116666666667,0.153066666667,-0.416666666667,-0.121111111111
11.74,6.97202777778,2.9647517963,1,1.57079632679,0.108333333333,0.150780555556,-0.416666666667,-0.1075
11.76,6.97411111111,2.96774681481,1,1.57079632679,0.1,0.148766666667,-0.416666666667,-0.0938888888889
11.78,6.97602777778,2.97070427778,1,1.57079632679,0.0916666666667,0.147025,-0.416666666667,-0.0802777777778
11.8,6.97777777778,2.97362962963,1,1.57079632679,0.0833333333333,0.145555555556,-0.416666666667,-0.0666666666667
11.82,6.97936111111,2.97652831481,1,1.57079632679,0.075,0.144358333333,-0.416666666667,-0.0530555555556
11.84,6.98077777778,2.97940577778,1,1.57079632679,0.0666666666667,0.143433333333,-0.416666666667,-0.0394444444444
11.86,6.98202777778,2.98226746296,1,1.57079632679,0.0583333333333,0.142780555556,-0.416666666667,-0.0258333333333
11.88,6.98311111111,2.98511881481,1,1.57079632679,0.05,0.1424,-0.416666666667,-0.0122222222222
11.9,6.98402777778,2.98796527778,1,1.57079632679,0.0416666666667,0.142291666667,-0.416666666667,0.00138888888889
11.92,6.98477777778,2.9908122963,1,1.57079632679,0.0333333333333,0.142455555556,-0.416666666667,0.015
11.94,6.98536111111,2.99366531481,1,1.57079632679,0.025,0.142891666667,-0.416666666667,0.0286111111111
11.96,6.98577777778,2.99652977778,1,1.57079632679,0.0166666666667,0.1436,-0.416666666667,0.0422222222222
11.98,6.98602777778,2.99941112963,1,1.57079632679,0.00833333333333,0.144580555556,-0.416666666667,0.0558333333333
12,6.98611111111,3.00231481481,1,1.57079632679,-7.35522753814e-16,0.145833333333,-0.416666666667,0.0694444444444
12.02,6.98602777778,3.00524627778,1,1.57079632679,-0.00833333333333,0.147358333333,-0.416666666667,0.0830555555556
12.04,6.98577777778,3.00821096296,1,1.57079632679,-0.0166666666667,0.149155555556,-0.416666666667,0.0966666666667
12.06,6.98536111111,3.01121431481,1,1.57079632679,-0.025,0.151225,-0.416666666667,0.110277777778
12.08,6.98477777778,3.01426177778,1,1.57079632679,-0.0333333333333,0.153566666667,-0.416666666667,0.123888888889
12.1,6.98402777778,3.0173587963,1,1.57079632679,-0.0416666666667,0.156180555556,-0.416666666667,0.1375
12.12,6.98311111111,3.02051081481,1,1.57079632679,-0.05,0.159066666667,-0.416666666667,0.151111111111
12.14,6.98202777778,3.02372327778,1,1.57079632679,-0.0583333333333,0.162225,-0.416666666667,0.164722222222
12.16,6.98077777778,3.02700162963,1,1.57079632679,-0.0666666666667,0.165655555556,-0.416666666667,0.178333333333
12.18,6.97936111111,3.03035131481,1,1.57079632679,-0.075,0.169358333333,-0.416666666667,0.191944444444
12.2,6.97777777778,3.03377777778,1,1.57079632679,-0.0833333333333,0.173333333333,-0.416666666667,0.205555555556
12.22,6.97602777778,3.03728646296,1,1.57079632679,-0.0916666666667,0.177580555556,-0.416666666667,0.219166666667
12.24,6.97411111111,3.04088281481,1,1.57079632679,-0.1,0.1821,-0.416666666667,0.232777777778
12.26,6.97202777778,3.04457227778,1,1.57079632679,-0.108333333333,0.186891666667,-0.416666666667,0.246388888889
12.28,6.96977777778,3.0483602963,1,1.57079632679,-0.116666666667,0.191955555556,-0.416666666667,0.26
12.3,6.96736111111,3.05225231481,1,1.57079632679,-0.125,0.197291666667,-0.416666666667,0.273611111111
12.32,6.96477777778,3.05625377778,1,1.57079632679,-0.133333333333,0.2029,-0.416666666667,0.287222222222
12.34,6.96202777778,3.06037012963,1,1.57079632679,-0.141666666667,0.208780555556,-0.416666666667,0.300833333333
12.36,6.95911111111,3.06460681481,1,1.57079632679,-0.15,0.214933333333,-0.416666666667,0.314444444444
12.38,6.95602777778,3.06896927778,1,1.57079632679,-0.158333333333,0.221358333333,-0.416666666667,0.328055555556
12.4,6.95277777778,3.07346296296,1,1.57079632679,-0.166666666667,0.228055555556,-0.416666666667,0.341666666667
12.42,6.94936111111,3.07809331481,1,1.57079632679,-0.175,0.235025,-0.416666666667,0.355277777778
12.44,6.94577777778,3.08286577778,1,1.57079632679,-0.183333333333,0.242266666667,-0.416666666667,0.368888888889
12.46,6.94202777778,3.0877857963,1,1.57079632679,-0.191666666667,0.249780555556,-0.416666666667,0.3825
12.48,6.93811111111,3.09285881481,1,1.57079632679,-0.2,0.257566666667,-0.416666666667,0.396111111111
12.5,6.93402777778,3.09809027778,1,1.57079632679,-0.208333333333,0.265625,-0.416666666667,0.409722222222
12.52,6.92977777778,3.10348562963,1,1.57079632679,-0.216666666667,0.273955555556,-0.416666666667,0.423333333333
12.54,6.92536111111,3.10905031481,1,1.57079632679,-0.225,0.282558333333,-0.416666666667,0.436944444444
12.56,6.92077777778,3.11478977778,1,1.57079632679,-0.233333333333,0.291433333333,-0.416666666667,0.450555555556
12.58,6.91602777778,3.12070946296,1,1.57079632679,-0.241666666667,0.300580555556,-0.416666666667,0.464166666667
12.6,6.91111111111,3.12681481481,1,1.57079632679,-0.25,0.31,-0.416666666667,0.477777777778
12.62,6.90602777778,3.13311127778,1,1.57079632679,-0.258333333333,0.319691666667,-0.416666666667,0.491388888889
12.64,6.90077777778,3.1396042963,1,1.57079632679,-0.266666666667,0.329655555556,-0.416666666667,0.505
12.66,6.89536111111,3.14629931481,1,1.57079632679,-0.275,0.339891666667,-0.416666666667,0.518611111111
12.68,6.88977777778,3.15320177778,1,1.57079632679,-0.283333333333,0.3504,-0.416666666667,0.532222222222
12.7,6.88402777778,3.16031712963,1,1.57079632679,-0.291666666667,0.361180555556,-0.416666666667,0.545833333333
12.72,6.87811111111,3.16765081481,1,1.57079632679,-0.3,0.372233333333,-0.416666666667,0.559444444444
12.74,6.87202777778,3.17520827778,1,1.57079632679,-0.308333333333,0.383558333333,-0.416666666667,0.573055555556
12.76,6.86577777778,3.18299496296,1,1.57079632679,-0.316666666667,0.395155555556,-0.416666666667,0.586666666667
12.78,6.85936111111,3.19101631481,1,1.57079632679,-0.325,0.407025,-0.416666666667,0.600277777778
12.8,6.85277777778,3.19927777778,1,1.57079632679,-0.333333333333,0.419166666667,-0.416666666667,0.613888888889
12.82,6.84602777778,3.2077847963,1,1.57079632679,-0.341666666667,0.431580555556,-0.416666666667,0.6275
12.84,6.83911111111,3.21654281481,1,1.57079632679,-0.35,0.444266666667,-0.416666666667,0.641111111111
12.86,6.83202777778,3.22555727778,1,1.57079632679,-0.358333333333,0.457225,-0.416666666667,0.654722222222
12.88,6.82477777778,3.23483362963,1,1.57079632679,-0.366666666667,0.470455555556,-0.416666666667,0.668333333333
12.9,6.81736111111,3.24437731481,1,1.57079632679,-0.375,0.483958333333,-0.416666666667,0.681944444444
12.92,6.80977777778,3.25419377778,1,1.57079632679,-0.383333333333,0.497733333333,-0.416666666667,0.695555555556
12.94,6.80202777778,3.26428846296,1,1.57079632679,-0.391666666667,0.511780555556,-0.416666666667,0.709166666667
12.96,6.79411111111,3.27466681481,1,1.57079632679,-0.4,0.5261,-0.416666666667,0.722777777778
12.98,6.78602777778,3.28533427778,1,1.57079632679,-0.408333333333,0.540691666667,-0.416666666667,0.736388888889
13,6.77777777778,3.2962962963,1,1.57079632679,-0.416666666667,0.555555555556,-0.333333333333,0.444444444444
13.02,6.769378,3.307496,1,1.57079632679,-0.4233,0.5644,-0.33,0.44
13.04,6.76084622222,3.3188717037,1,1.57079632679,-0.429866666667,0.573155555556,-0.326666666667,0.435555555556
13.06,6.75218377778,3.33042162963,1,1.57079632679,-0.436366666667,0.581822222222,-0.323333333333,0.431111111111
13.08,6.743392,3.342144,1,1.57079632679,-0.4428,0.5904,-0.32,0.426666666667
13.1,6.73447222222,3.35403703704,1,1.57079632679,-0.449166666667,0.598888888889,-0.316666666667,0.422222222222
13.12,6.72542577778,3.36609896296,1,1.57079632679,-0.455466666667,0.607288888889,-0.313333333333,0.417777777778
13.14,6.716254,3.378328,1,1.57079632679,-0.4617,0.6156,-0.31,0.413333333333
13.16,6.70695822222,3.39072237037,1,1.57079632679,-0.467866666667,0.623822222222,-0.306666666667,0.408888888889
13.18,6.69753977778,3.4032802963,1,1.57079632679,-0.473966666667,0.631955555556,-0.303333333333,0.404444444444
13.2,6.688,3.416,1,1.57079632679,-0.48,0.64,-0.3,0.4
13.22,6.67834022222,3.4288797037,1,1.57079632679,-0.485966666667,0.647955555556,-0.296666666667,0.395555555556
13.24,6.66856177778,3.44191762963,1,1.57079632679,-0.491866666667,0.655822222222,-0.293333333333,0.391111111111
13.26,6.658666,3.455112,1,1.57079632679,-0.4977,0.6636,-0.29,0.386666666667
13.28,6.64865422222,3.46846103704,1,1.57079632679,-0.503466666667,0.671288888889,-0.286666666667,0.382222222222
13.3,6.63852777778,3.48196296296,1,1.57079632679,-0.509166666667,0.678888888889,-0.283333333333,0.377777777778
13.32,6.628288,3.495616,1,1.57079632679,-0.5148,0.6864,-0.28,0.373333333333
13.34,6.61793622222,3.50941837037,1,1.57079632679,-0.520366666667,0.693822222222,-0.276666666667,0.368888888889
13.36,6.60747377778,3.5233682963,1,1.57079632679,-0.525866666667,0.701155555556,-0.273333333333,0.364444444444
13.38,6.596902,3.537464,1,1.57079632679,-0.5313,0.7084,-0.27,0.36
13.4,6.58622222222,3.5517037037,1,1.57079632679,-0.536666666667,0.715555555556,-0.266666666667,0.355555555556
13.42,6.57543577778,3.56608562963,1,1.57079632679,-0.541966666667,0.722622222222,-0.263333333333,0.351111111111
13.44,6.564544,3.580608,1,1.57079632679,-0.5472,0.7296,-0.26,0.346666666667
13.46,6.55354822222,3.59526903704,1,1.57079632679,-0.552366666667,0.736488888889,-0.256666666667,0.342222222222
13.48,6.54244977778,3.61006696296,1,1.57079632679,-0.557466666667,0.743288888889,-0.253333333333,0.337777777778
13.5,6.53125,3.625,1,1.57079632679,-0.5625,0.75,-0.25,0.333333333333
13.52,6.51995022222,3.64006637037,1,1.57079632679,-0.567466666667,0.756622222222,-0.246666666667,0.328888888889
13.54,6.50855177778,3.6552642963,1,1.57079632679,-0.572366666667,0.763155555556,-0.243333333333,0.324444444444
13.56,6.497056,3.670592,1,1.57079632679,-0.5772,0.7696,-0.24,0.32
13.58,6.48546422222,3.6860477037,1,1.57079632679,-0.581966666667,0.775955555556,-0.236666666667,0.315555555556
13.6,6.47377777778,3.70162962963,1,1.57079632679,-0.586666666667,0.782222222222,-0.233333333333,0.311111111111
13.62,6.461998,3.717336,1,1.57079632679,-0.5913,0.7884,-0.23,0.306666666667
13.64,6.45012622222,3.73316503704,1,1.57079632679,-0.595866666667,0.794488888889,-0.226666666667,0.302222222222
13.66,6.43816377778,3.74911496296,1,1.57079632679,-0.600366666667,0.800488888889,-0.223333333333,0.297777777778
13.68,6.426112,3.765184,1,1.57079632679,-0.6048,0.8064,-0.22,0.293333333333
13.7,6.41397222222,3.78137037037,1,1.57079632679,-0.609166666667,0.812222222222,-0.216666666667,0.288888888889
13.72,6.40174577778,3.7976722963,1,1.57079632679,-0.613466666667,0.817955555556,-0.213333333333,0.284444444444
13.74,6.389434,3.814088,1,1.57079632679,-0.6177,0.8236,-0.21,0.28
13.76,6.37703822222,3.8306157037,1,1.57079632679,-0.621866666667,0.829155555556,-0.206666666667,0.275555555556
13.78,6.36455977778,3.84725362963,1,1.57079632679,-0.625966666667,0.834622222222,-0.203333333333,0.271111111111
13.8,6.352,3.864,1,1.57079632679,-0.63,0.84,-0.2,0.266666666667
13.82,6.33936022222,3.88085303704,1,1.57079632679,-0.633966666667,0.845288888889,-0.196666666667,0.262222222222
13.84,6.32664177778,3.89781096296,1,1.57079632679,-0.637866666667,0.850488888889,-0.193333333333,0.257777777778
13.86,6.313846,3.914872,1,1.57079632679,-0.6417,0.8556,-0.19,0.253333333333
13.88,6.30097422222,3.93203437037,1,1.57079632679,-0.645466666667,0.860622222222,-0.186666666667,0.248888888889
13.9,6.28802777778,3.9492962963,1,1.57079632679,-0.649166666667,0.865555555556,-0.183333333333,0.244444444444
13.92,6.275008,3.966656,1,1.57079632679,-0.6528,0.8704,-0.18,0.24
13.94,6.26191622222,3.9841117037,1,1.57079632679,-0.656366666667,0.875155555556,-0.176666666667,0.235555555556
13.96,6.24875377778,4.00166162963,1,1.57079632679,-0.659866666667,0.879822222222,-0.173333333333,0.231111111111
13.98,6.235522,4.019304,1,1.57079632679,-0.6633,0.8844,-0.17,0.226666666667
14,6.22222222222,4.03703703704,1,1.57079632679,-0.666666666667,0.888888888889,-0.166666666667,0.222222222222
14.02,6.20885577778,4.05485896296,1,1.57079632679,-0.669966666667,0.893288888889,-0.163333333333,0.217777777778
14.04,6.195424,4.072768,1,1.57079632679,-0.6732,0.8976,-0.16,0.213333333333
14.06,6.18192822222,4.09076237037,1,1.57079632679,-0.676366666667,0.901822222222,-0.156666666667,0.208888888889
14.08,6.16836977778,4.1088402963,1,1.57079632679,-0.679466666667,0.905955555556,-0.153333333333,0.204444444444
14.1,6.15475,4.127,1,1.57079632679,-0.6825,0.91,-0.15,0.2
14.12,6.14107022222,4.1452397037,1,1.57079632679,-0.685466666667,0.913955555556,-0.146666666667,0.195555555556
14.14,6.12733177778,4.16355762963,1,1.57079632679,-0.688366666667,0.917822222222,-0.143333333333,0.191111111111
14.16,6.113536,4.181952,1,1.57079632679,-0.6912,0.9216,-0.14,0.186666666667
14.18,6.09968422222,4.20042103704,1,1.57079632679,-0.693966666667,0.925288888889,-0.136666666667,0.182222222222
14.2,6.08577777778,4.21896296296,1,1.57079632679,-0.696666666667,0.928888888889,-0.133333333333,0.177777777778
14.22,6.071818,4.237576,1,1.57079632679,-0.6993,0.9324,-0.13,0.173333333333
14.24,6.05780622222,4.25625837037,1,1.57079632679,-0.701866666667,0.935822222222,-0.126666666667,0.168888888889
14.26,6.04374377778,4.2750082963,1,1.57079632679,-0.704366666667,0.939155555556,-0.123333333333,0.164444444444
14.28,6.029632,4.293824,1,1.57079632679,-0.7068,0.9424,-0.12,0.16
14.3,6.01547222222,4.3127037037,1,1.57079632679,-0.709166666667,0.945555555556,-0.116666666667,0.155555555556
14.32,6.00126577778,4.33164562963,1,1.57079632679,-0.711466666667,0.948622222222,-0.113333333333,0.151111111111
14.34,5.987014,4.350648,1,1.57079632679,-0.7137,0.9516,-0.11,0.146666666667
14.36,5.97271822222,4.36970903704,1,1.57079632679,-0.715866666667,0.954488888889,-0.106666666667,0.142222222222
14.38,5.95837977778,4.38882696296,1,1.57079632679,-0.717966666667,0.957288888889,-0.103333333333,0.137777777778
14.4,5.944,4.408,1,1.57079632679,-0.72,0.96,-0.1,0.133333333333
14.42,5.92958022222,4.42722637037,1,1.57079632679,-0.721966666667,0.962622222222,-0.0966666666667,0.128888888889
14.44,5.91512177778,4.4465042963,1,1.57079632679,-0.723866666667,0.965155555556,-0.0933333333333,0.124444444444
14.46,5.900626,4.465832,1,1.57079632679,-0.7257,0.9676,-0.09,0.12
14.48,5.88609422222,4.4852077037,1,1.57079632679,-0.727466666667,0.969955555556,-0.0866666666667,0.115555555556
14.5,5.87152777778,4.50462962963,1,1.57079632679,-0.729166666667,0.972222222222,-0.0833333333333,0.111111111111
14.52,5.856928,4.524096,1,1.57079632679,-0.7308,0.9744,-0.08,0.106666666667
14.54,5.84229622222,4.54360503704,1,1.57079632679,-0.732366666667,0.976488888889,-0.0766666666667,0.102222222222
14.56,5.82763377778,4.56315496296,1,1.57079632679,-0.733866666667,0.978488888889,-0.0733333333333,0.0977777777778
14.58,5.812942,4.582744,1,1.57079632679,-0.7353,0.9804,-0.07,0.0933333333333
14.6,5.79822222222,4.60237037037,1,1.57079632679,-0.736666666667,0.982222222222,-0.0666666666667,0.0888888888889
14.62,5.78347577778,4.6220322963,1,1.57079632679,-0.737966666667,0.983955555556,-0.0633333333333,0.0844444444444
14.64,5.768704,4.641728,1,1.57079632679,-0.7392,0.9856,-0.06,0.08
14.66,5.75390822222,4.6614557037,1,1.57079632679,-0.740366666667,0.987155555556,-0.0566666666667,0.0755555555556
14.68,5.73908977778,4.68121362963,1,1.57079632679,-0.741466666667,0.988622222222,-0.0533333333333,0.0711111111111
14.7,5.72425,4.701,1,1.57079632679,-0.7425,0.99,-0.05,0.0666666666667
14.72,5.70939022222,4.72081303704,1,1.57079632679,-0.743466666667,0.991288888889,-0.0466666666667,0.0622222222222
14.74,5.69451177778,4.74065096296,1,1.57079632679,-0.744366666667,0.992488888889,-0.0433333333333,0.0577777777778
14.76,5.679616,4.760512,1,1.57079632679,-0.7452,0.9936,-0.04,0.0533333333333
14.78,5.66470422222,4.78039437037,1,1.57079632679,-0.745966666667,0.994622222222,-0.0366666666667,0.0488888888889
14.8,5.64977777778,4.8002962963,1,1.57079632679,-0.746666666667,0.995555555556,-0.0333333333333,0.0444444444444
14.82,5.634838,4.820216,1,1.57079632679,-0.7473,0.9964,-0.03,0.04
14.84,5.61988622222,4.8401517037,1,1.57079632679,-0.747866666667,0.997155555556,-0.0266666666667,0.0355555555556
14.86,5.60492377778,4.86010162963,1,1.57079632679,-0.748366666667,0.997822222222,-0.0233333333333,0.0311111111111
14.88,5.589952,4.880064,1,1.57079632679,-0.7488,0.9984,-0.02,0.0266666666667
14.9,5.57497222222,4.90003703704,1,1.57079632679,-0.749166666667,0.998888888889,-0.0166666666667,0.0222222222222
14.92,5.55998577778,4.92001896296,1,1.57079632679,-0.749466666667,0.999288888889,-0.0133333333333,0.0177777777778
14.94,5.544994,4.940008,1,1.57079632679,-0.7497,0.9996,-0.01,0.0133333333333
14.96,5.52999822222,4.96000237037,1,1.57079632679,-0.749866666667,0.999822222222,-0.00666666666667,0.00888888888889
14.98,5.51499977778,4.9800002963,1,1.57079632679,-0.749966666667,0.999955555556,-0.00333333333333,0.00444444444444
15,5.5,5,1,1.57079632679,-0.75,1,-5.55111512313e-17,-1.11022302463e-16
15.02,5.48500022222,5.0199997037,1,1.57079632679,-0.749966666667,0.999955555556,0.00333333333333,-0.00444444444444
15.04,5.47000177778,5.03999762963,1,1.57079632679,-0.749866666667,0.999822222222,0.00666666666667,-0.00888888888889
15.06,5.455006,5.059992,1,1.57079632679,-0.7497,0.9996,0.01,-0.0133333333333
15.08,5.44001422222,5.07998103704,1,1.57079632679,-0.749466666667,0.999288888889,0.0133333333333,-0.0177777777778
15.1,5.42502777778,5.09996296296,1,1.57079632679,-0.749166666667,0.998888888889,0.0166666666667,-0.0222222222222
15.12,5.410048,5.119936,1,1.57079632679,-0.7488,0.9984,0.02,-0.0266666666667
15.14,5.39507622222,5.13989837037,1,1.57079632679,-0.748366666667,0.997822222222,0.0233333333333,-0.0311111111111
15.16,5.38011377778,5.1598482963,1,1.57079632679,-0.747866666667,0.997155555556,0.0266666666667,-0.0355555555556
15.18,5.365162,5.179784,1,1.57079632679,-0.7473,0.9964,0.03,-0.04
15.2,5.35022222222,5.1997037037,1,1.57079632679,-0.746666666667,0.995555555556,0.0333333333333,-0.0444444444444
15.22,5.33529577778,5.21960562963,1,1.57079632679,-0.745966666667,0.994622222222,0.0366666666667,-0.0488888888889
15.24,5.320384,5.239488,1,1.57079632679,-0.7452,0.9936,0.04,-0.0533333333333
15.26,5.30548822222,5.25934903704,1,1.57079632679,-0.744366666667,0.992488888889,0.0433333333333,-0.0577777777778
15.28,5.29060977778,5.27918696296,1,1.57079632679,-0.743466666667,0.991288888889,0.0466666666667,-0.0622222222222
15.3,5.27575,5.299,1,1.57079632679,-0.7425,0.99,0.05,-0.0666666666667
15.32,5.26091022222,5.31878637037,1,1.57079632679,-0.741466666667,0.988622222222,0.0533333333333,-0.0711111111111
15.34,5.24609177778,5.3385442963,1,1.57079632679,-0.740366666667,0.987155555556,0.0566666666667,-0.0755555555556
15.36,5.231296,5.358272,1,1.57079632679,-0.7392,0.9856,0.06,-0.08
15.38,5.21652422222,5.3779677037,1,1.57079632679,-0.737966666667,0.983955555556,0.0633333333333,-0.0844444444444
15.4,5.20177777778,5.39762962963,1,1.57079632679,-0.736666666667,0.982222222222,0.0666666666667,-0.0888888888889
15.42,5.187058,5.417256,1,1.57079632679,-0.7353,0.9804,0.07,-0.0933333333333
15.44,5.17236622222,5.43684503704,1,1.57079632679,-0.733866666667,0.978488888889,0.0733333333333,-0.0977777777778
15.46,5.15770377778,5.45639496296,1,1.57079632679,-0.732366666667,0.976488888889,0.0766666666667,-0.102222222222
15.48,5.143072,5.475904,1,1.57079632679,-0.7308,0.9744,0.08,-0.106666666667
15.5,5.12847222222,5.49537037037,1,1.57079632679,-0.729166666667,0.972222222222,0.0833333333333,-0.111111111111
15.52,5.11390577778,5.5147922963,1,1.57079632679,-0.727466666667,0.969955555556,0.0866666666667,-0.115555555556
15.54,5.099374,5.534168,1,1.57079632679,-0.7257,0.9676,0.09,-0.12
15.56,5.08487822222,5.5534957037,1,1.57079632679,-0.723866666667,0.965155555556,0.0933333333333,-0.124444444444
15.58,5.07041977778,5.57277362963,1,1.57079632679,-0.721966666667,0.962622222222,0.0966666666667,-0.128888888889
15.6,5.056,5.592,1,1.57079632679,-0.72,0.96,0.1,-0.133333333333
15.62,5.04162022222,5.61117303704,1,1.57079632679,-0.717966666667,0.957288888889,0.103333333333,-0.137777777778
15.64,5.02728177778,5.63029096296,1,1.57079632679,-0.715866666667,0.954488888889,0.106666666667,-0.142222222222
15.66,5.012986,5.649352,1,1.57079632679,-0.7137,0.9516,0.11,-0.146666666667
15.68,4.99873422222,5.66835437037,1,1.57079632679,-0.711466666667,0.948622222222,0.113333333333,-0.151111111111
15.7,4.98452777778,5.6872962963,1,1.57079632679,-0.709166666667,0.945555555556,0.116666666667,-0.155555555556
15.72,4.970368,5.706176,1,1.57079632679,-0.7068,0.9424,0.12,-0.16
15.74,4.95625622222,5.7249917037,1,1.57079632679,-0.704366666667,0.939155555556,0.123333333333,-0.164444444444
15.76,4.94219377778,5.74374162963,1,1.57079632679,-0.701866666667,0.935822222222,0.126666666667,-0.168888888889
15.78,4.928182,5.762424,1,1.57079632679,-0.6993,0.9324,0.13,-0.173333333333
15.8,4.91422222222,5.78103703704,1,1.57079632679,-0.696666666667,0.928888888889,0.133333333333,-0.177777777778
15.82,4.90031577778,5.79957896296,1,1.57079632679,-0.693966666667,0.925288888889,0.136666666667,-0.182222222222
15.84,4.886464,5.818048,1,1.57079632679,-0.6912,0.9216,0.14,-0.186666666667
15.86,4.87266822222,5.83644237037,1,1.57079632679,-0.688366666667,0.917822222222,0.143333333333,-0.191111111111
15.88,4.85892977778,5.8547602963,1,1.57079632679,-0.685466666667,0.913955555556,0.146666666667,-0.195555555556
15.9,4.84525,5.873,1,1.57079632679,-0.6825,0.91,0.15,-0.2
15.92,4.83163022222,5.8911597037,1,1.57079632679,-0.679466666667,0.905955555556,0.153333333333,-0.204444444444
15.94,4.81807177778,5.90923762963,1,1.57079632679,-0.676366666667,0.901822222222,0.156666666667,-0.208888888889
15.96,4.804576,5.927232,1,1.57079632679,-0.6732,0.8976,0.16,-0.213333333333
15.98,4.79114422222,5.94514103704,1,1.57079632679,-0.669966666667,0.893288888889,0.163333333333,-0.217777777778
16,4.77777777778,5.96296296296,1,1.57079632679,-0.666666666667,0.888888888889,0.166666666667,-0.222222222222
16.02,4.764478,5.980696,1,1.57079632679,-0.6633,0.8844,0.17,-0.226666666667
16.04,4.75124622222,5.99833837037,1,1.57079632679,-0.659866666667,0.879822222222,0.173333333333,-0.231111111111
16.06,4.73808377778,6.0158882963,1,1.57079632679,-0.656366666667,0.875155555556,0.176666666667,-0.235555555556
16.08,4.724992,6.033344,1,1.57079632679,-0.6528,0.8704,0.18,-0.24
16.1,4.71197222222,6.0507037037,1,1.57079632679,-0.649166666667,0.865555555556,0.183333333333,-0.244444444444
16.12,4.69902577778,6.06796562963,1,1.57079632679,-0.645466666667,0.860622222222,0.186666666667,-0.248888888889
16.14,4.686154,6.085128,1,1.57079632679,-0.6417,0.8556,0.19,-0.253333333333
16.16,4.67335822222,6.10218903704,1,1.57079632679,-0.637866666667,0.850488888889,0.193333333333,-0.257777777778
16.18,4.66063977778,6.11914696296,1,1.57079632679,-0.633966666667,0.845288888889,0.196666666667,-0.262222222222
16.2,4.648,6.136,1,1.57079632679,-0.63,0.84,0.2,-0.266666666667
16.22,4.63544022222,6.15274637037,1,1.57079632679,-0.625966666667,0.834622222222,0.203333333333,-0.271111111111
16.24,4.62296177778,6.1693842963,1,1.57079632679,-0.621866666667,0.829155555556,0.206666666667,-0.275555555556
16.26,4.610566,6.185912,1,1.57079632679,-0.6177,0.8236,0.21,-0.28
16.28,4.59825422222,6.2023277037,1,1.57079632679,-0.613466666667,0.817955555556,0.213333333333,-0.284444444444
16.3,4.58602777778,6.21862962963,1,1.57079632679,-0.609166666667,0.812222222222,0.216666666667,-0.288888888889
16.32,4.573888,6.234816,1,1.57079632679,-0.6048,0.8064,0.22,-0.293333333333
16.34,4.56183622222,6.25088503704,1,1.57079632679,-0.600366666667,0.800488888889,0.223333333333,-0.297777777778
16.36,4.54987377778,6.26683496296,1,1.57079632679,-0.595866666667,0.794488888889,0.226666666667,-0.302222222222
16.38,4.538002,6.282664,1,1.57079632679,-0.5913,0.7884,0.23,-0.306666666667
16.4,4.52622222222,6.29837037037,1,1.57079632679,-0.586666666667,0.782222222222,0.233333333333,-0.311111111111
16.42,4.51453577778,6.3139522963,1,1.57079632679,-0.581966666667,0.775955555556,0.236666666667,-0.315555555556
16.44,4.502944,6.329408,1,1.57079632679,-0.5772,0.7696,0.24,-0.32
16.46,4.49144822222,6.3447357037,1,1.57079632679,-0.572366666667,0.763155555556,0.243333333333,-0.324444444444
16.48,4.48004977778,6.35993362963,1,1.57079632679,-0.567466666667,0.756622222222,0.246666666667,-0.328888888889
16.5,4.46875,6.375,1,1.57079632679,-0.5625,0.75,0.25,-0.333333333333
16.52,4.45755022222,6.38993303704,1,1.57079632679,-0.557466666667,0.743288888889,0.253333333333,-0.337777777778
16.54,4.44645177778,6.40473096296,1,1.57079632679,-0.552366666667,0.736488888889,0.256666666667,-0.342222222222
16.56,4.435456,6.419392,1,1.57079632679,-0.5472,0.7296,0.26,-0.346666666667
16.58,4.42456422222,6.43391437037,1,1.57079632679,-0.541966666667,0.722622222222,0.263333333333,-0.351111111111
16.6,4.41377777778,6.4482962963,1,1.57079632679,-0.536666666667,0.715555555556,0.266666666667,-0.355555555556
16.62,4.403098,6.462536,1,1.57079632679,-0.5313,0.7084,0.27,-0.36
16.64,4.39252622222,6.4766317037,1,1.57079632679,-0.525866666667,0.701155555556,0.273333333333,-0.364444444444
16.66,4.38206377778,6.49058162963,1,1.57079632679,-0.520366666667,0.693822222222,0.276666666667,-0.368888888889
16.68,4.371712,6.504384,1,1.57079632679,-0.5148,0.6864,0.28,-0.373333333333
16.7,4.36147222222,6.51803703704,1,1.57079632679,-0.509166666667,0.678888888889,0.283333333333,-0.377777777778
16.72,4.35134577778,6.53153896296,1,1.57079632679,-0.503466666667,0.671288888889,0.286666666667,-0.382222222222
16.74,4.341334,6.544888,1,1.57079632679,-0.4977,0.6636,0.29,-0.386666666667
16.76,4.33143822222,6.55808237037,1,1.57079632679,-0.491866666667,0.655822222222,0.293333333333,-0.391111111111
16.78,4.32165977778,6.5711202963,1,1.57079632679,-0.485966666667,0.647955555556,0.296666666667,-0.395555555556
16.8,4.312,6.584,1,1.57079632679,-0.48,0.64,0.3,-0.4
16.82,4.30246022222,6.5967197037,1,1.57079632679,-0.473966666667,0.631955555556,0.303333333333,-0.404444444444
16.84,4.29304177778,6.60927762963,1,1.57079632679,-0.467866666667,0.623822222222,0.306666666667,-0.408888888889
16.86,4.283746,6.621672,1,1.57079632679,-0.4617,0.6156,0.31,-0.413333333333
16.88,4.27457422222,6.63390103704,1,1.57079632679,-0.455466666667,0.607288888889,0.313333333333,-0.417777777778
16.9,4.26552777778,6.64596296296,1,1.57079632679,-0.449166666667,0.598888888889,0.316666666667,-0.422222222222
16.92,4.256608,6.657856,1,1.57079632679,-0.4428,0.5904,0.32,-0.426666666667
16.94,4.24781622222,6.66957837037,1,1.57079632679,-0.436366666667,0.581822222222,0.323333333333,-0.431111111111
16.96,4.23915377778,6.6811282963,1,1.57079632679,-0.429866666667,0.573155555556,0.326666666667,-0.435555555556
16.98,4.230622,6.692504,1,1.57079632679,-0.4233,0.5644,0.33,-0.44
17,4.22222222222,6.7037037037,1,1.57079632679,-0.416666666667,0.555555555556,0.638888888889,-0.611111111111
17.02,4.21401562963,6.71469285185,1,1.57079632679,-0.404044444444,0.543372222222,0.623333333333,-0.607222222222
17.04,4.20605837037,6.72543911111,1,1.57079632679,-0.391733333333,0.531266666667,0.607777777778,-0.603333333333
17.06,4.19834422222,6.73594403704,1,1.57079632679,-0.379733333333,0.519238888889,0.592222222222,-0.599444444444
17.08,4.19086696296,6.74620918519,1,1.57079632679,-0.368044444444,0.507288888889,0.576666666667,-0.595555555556
17.1,4.18362037037,6.75623611111,1,1.57079632679,-0.356666666667,0.495416666667,0.561111111111,-0.591666666667
17.12,4.17659822222,6.76602637037,1,1.57079632679,-0.3456,0.483622222222,0.545555555556,-0.587777777778
17.14,4.1697942963,6.77558151852,1,1.57079632679,-0.334844444444,0.471905555556,0.53,-0.583888888889
17.16,4.16320237037,6.78490311111,1,1.57079632679,-0.3244,0.460266666667,0.514444444444,-0.58
17.18,4.15681622222,6.7939927037,1,1.57079632679,-0.314266666667,0.448705555556,0.498888888889,-0.576111111111
17.2,4.15062962963,6.80285185185,1,1.57079632679,-0.304444444444,0.437222222222,0.483333333333,-0.572222222222
17.22,4.14463637037,6.81148211111,1,1.57079632679,-0.294933333333,0.425816666667,0.467777777778,-0.568333333333
17.24,4.13883022222,6.81988503704,1,1.57079632679,-0.285733333333,0.414488888889,0.452222222222,-0.564444444444
17.26,4.13320496296,6.82806218519,1,1.57079632679,-0.276844444444,0.403238888889,0.436666666667,-0.560555555556
17.28,4.12775437037,6.83601511111,1,1.57079632679,-0.268266666667,0.392066666667,0.421111111111,-0.556666666667
17.3,4.12247222222,6.84374537037,1,1.57079632679,-0.26,0.380972222222,0.405555555556,-0.552777777778
17.32,4.1173522963,6.85125451852,1,1.57079632679,-0.252044444444,0.369955555556,0.39,-0.548888888889
17.34,4.11238837037,6.85854411111,1,1.57079632679,-0.2444,0.359016666667,0.374444444444,-0.545
17.36,4.10757422222,6.8656157037,1,1.57079632679,-0.237066666667,0.348155555556,0.358888888889,-0.541111111111
17.38,4.10290362963,6.87247085185,1,1.57079632679,-0.230044444444,0.337372222222,0.343333333333,-0.537222222222
17.4,4.09837037037,6.87911111111,1,1.57079632679,-0.223333333333,0.326666666667,0.327777777778,-0.533333333333
17.42,4.09396822222,6.88553803704,1,1.57079632679,-0.216933333333,0.316038888889,0.312222222222,-0.529444444444
17.44,4.08969096296,6.89175318519,1,1.57079632679,-0.210844444444,0.305488888889,0.296666666667,-0.525555555556
17.46,4.08553237037,6.89775811111,1,1.57079632679,-0.205066666667,0.295016666667,0.281111111111,-0.521666666667
17.48,4.08148622222,6.90355437037,1,1.57079632679,-0.1996,0.284622222222,0.265555555556,-0.517777777778
17.5,4.0775462963,6.90914351852,1,1.57079632679,-0.194444444444,0.274305555556,0.25,-0.513888888889
17.52,4.07370637037,6.91452711111,1,1.57079632679,-0.1896,0.264066666667,0.234444444444,-0.51
17.54,4.06996022222,6.9197067037,1,1.57079632679,-0.185066666667,0.253905555556,0.218888888889,-0.506111111111
17.56,4.06630162963,6.92468385185,1,1.57079632679,-0.180844444444,0.243822222222,0.203333333333,-0.502222222222
17.58,4.06272437037,6.92946011111,1,1.57079632679,-0.176933333333,0.233816666667,0.187777777778,-0.498333333333
17.6,4.05922222222,6.93403703704,1,1.57079632679,-0.173333333333,0.223888888889,0.172222222222,-0.494444444444
17.62,4.05578896296,6.93841618519,1,1.57079632679,-0.170044444444,0.214038888889,0.156666666667,-0.490555555556
17.64,4.05241837037,6.94259911111,1,1.57079632679,-0.167066666667,0.204266666667,0.141111111111,-0.486666666667
17.66,4.04910422222,6.94658737037,1,1.57079632679,-0.1644,0.194572222222,0.125555555556,-0.482777777778
17.68,4.0458402963,6.95038251852,1,1.57079632679,-0.162044444444,0.184955555556,0.11,-0.478888888889
17.7,4.04262037037,6.95398611111,1,1.57079632679,-0.16,0.175416666667,0.0944444444444,-0.475
17.72,4.03943822222,6.9573997037,1,1.57079632679,-0.158266666667,0.165955555556,0.0788888888889,-0.471111111111
17.74,4.03628762963,6.96062485185,1,1.57079632679,-0.156844444444,0.156572222222,0.0633333333333,-0.467222222222
17.76,4.03316237037,6.96366311111,1,1.57079632679,-0.155733333333,0.147266666667,0.0477777777778,-0.463333333333
17.78,4.03005622222,6.96651603704,1,1.57079632679,-0.154933333333,0.138038888889,0.0322222222222,-0.459444444444
17.8,4.02696296296,6.96918518519,1,1.57079632679,-0.154444444444,0.128888888889,0.0166666666667,-0.455555555556
17.82,4.02387637037,6.97167211111,1,1.57079632679,-0.154266666667,0.119816666667,0.00111111111111,-0.451666666667
17.84,4.02079022222,6.97397837037,1,1.57079632679,-0.1544,0.110822222222,-0.0144444444444,-0.447777777778
17.86,4.0176982963,6.97610551852,1,1.57079632679,-0.154844444444,0.101905555556,-0.03,-0.443888888889
17.88,4.01459437037,6.97805511111,1,1.57079632679,-0.1556,0.0930666666667,-0.0455555555556,-0.44
17.9,4.01147222222,6.9798287037,1,1.57079632679,-0.156666666667,0.0843055555556,-0.0611111111111,-0.436111111111
17.92,4.00832562963,6.98142785185,1,1.57079632679,-0.158044444444,0.0756222222222,-0.0766666666667,-0.432222222222
17.94,4.00514837037,6.98285411111,1,1.57079632679,-0.159733333333,0.0670166666667,-0.0922222222222,-0.428333333333
17.96,4.00193422222,6.98410903704,1,1.57079632679,-0.161733333333,0.0584888888889,-0.107777777778,-0.424444444444
17.98,3.99867696296,6.98519418519,1,1.57079632679,-0.164044444444,0.0500388888889,-0.123333333333,-0.420555555556
18,3.99537037037,6.98611111111,1,1.57079632679,-0.166666666667,0.0416666666667,-0.138888888889,-0.416666666667
18.02,3.99200822222,6.98686137037,1,1.57079632679,-0.1696,0.0333722222222,-0.154444444444,-0.412777777778
18.04,3.9885842963,6.98744651852,1,1.57079632679,-0.172844444444,0.0251555555556,-0.17,-0.408888888889
18.06,3.98509237037,6.98786811111,1,1.57079632679,-0.1764,0.0170166666667,-0.185555555556,-0.405
18.08,3.98152622222,6.9881277037,1,1.57079632679,-0.180266666667,0.00895555555556,-0.201111111111,-0.401111111111
18.1,3.97787962963,6.98822685185,1,1.57079632679,-0.184444444444,0.000972222222222,-0.216666666667,-0.397222222222
18.12,3.97414637037,6.98816711111,1,1.57079632679,-0.188933333333,-0.00693333333333,-0.232222222222,-0.393333333333
18.14,3.97032022222,6.98795003704,1,1.57079632679,-0.193733333333,-0.0147611111111,-0.247777777778,-0.389444444444
18.16,3.96639496296,6.98757718519,1,1.57079632679,-0.198844444444,-0.0225111111111,-0.263333333333,-0.385555555556
18.18,3.96236437037,6.98705011111,1,1.57079632679,-0.204266666667,-0.0301833333333,-0.278888888889,-0.381666666667
18.2,3.95822222222,6.98637037037,1,1.57079632679,-0.21,-0.0377777777778,-0.294444444444,-0.377777777778
18.22,3.9539622963,6.98553951852,1,1.57079632679,-0.216044444444,-0.0452944444444,-0.31,-0.373888888889
18.24,3.94957837037,6.98455911111,1,1.57079632679,-0.2224,-0.0527333333333,-0.325555555556,-0.37
18.26,3.94506422222,6.9834307037,1,1.57079632679,-0.229066666667,-0.0600944444444,-0.341111111111,-0.366111111111
18.28,3.94041362963,6.98215585185,1,1.57079632679,-0.236044444444,-0.0673777777778,-0.356666666667,-0.362222222222
18.3,3.93562037037,6.98073611111,1,1.57079632679,-0.243333333333,-0.0745833333333,-0.372222222222,-0.358333333333
18.32,3.93067822222,6.97917303704,1,1.57079632679,-0.250933333333,-0.0817111111111,-0.387777777778,-0.354444444444
18.34,3.92558096296,6.97746818519,1,1.57079632679,-0.258844444444,-0.0887611111111,-0.403333333333,-0.350555555556
18.36,3.92032237037,6.97562311111,1,1.57079632679,-0.267066666667,-0.0957333333333,-0.418888888889,-0.346666666667
18.38,3.91489622222,6.97363937037,1,1.57079632679,-0.2756,-0.102627777778,-0.434444444444,-0.342777777778
18.4,3.9092962963,6.97151851852,1,1.57079632679,-0.284444444444,-0.109444444444,-0.45,-0.338888888889
18.42,3.90351637037,6.96926211111,1,1.57079632679,-0.2936,-0.116183333333,-0.465555555556,-0.335
18.44,3.89755022222,6.9668717037,1,1.57079632679,-0.303066666667,-0.122844444444,-0.481111111111,-0.331111111111
18.46,3.89139162963,6.96434885185,1,1.57079632679,-0.312844444444,-0.129427777778,-0.496666666667,-0.327222222222
18.48,3.88503437037,6.96169511111,1,1.57079632679,-0.322933333333,-0.135933333333,-0.512222222222,-0.323333333333
18.5,3.87847222222,6.95891203704,1,1.57079632679,-0.333333333333,-0.142361111111,-0.527777777778,-0.319444444444
18.52,3.87169896296,6.95600118519,1,1.57079632679,-0.344044444444,-0.148711111111,-0.543333333333,-0.315555555556
18.54,3.86470837037,6.95296411111,1,1.57079632679,-0.355066666667,-0.154983333333,-0.558888888889,-0.311666666667
18.56,3.85749422222,6.94980237037,1,1.57079632679,-0.3664,-0.161177777778,-0.574444444444,-0.307777777778
18.58,3.8500502963,6.94651751852,1,1.57079632679,-0.378044444444,-0.167294444444,-0.59,-0.303888888889
18.6,3.84237037037,6.94311111111,1,1.57079632679,-0.39,-0.173333333333,-0.605555555556,-0.3
18.62,3.83444822222,6.9395847037,1,1.57079632679,-0.402266666667,-0.179294444444,-0.621111111111,-0.296111111111
18.64,3.82627762963,6.93593985185,1,1.57079632679,-0.414844444444,-0.185177777778,-0.636666666667,-0.292222222222
18.66,3.81785237037,6.93217811111,1,1.57079632679,-0.427733333333,-0.190983333333,-0.652222222222,-0.288333333333
18.68,3.80916622222,6.92830103704,1,1.57079632679,-0.440933333333,-0.196711111111,-0.667777777778,-0.284444444444
18.7,3.80021296296,6.92431018519,1,1.57079632679,-0.454444444444,-0.202361111111,-0.683333333333,-0.280555555556
18.72,3.79098637037,6.92020711111,1,1.57079632679,-0.468266666667,-0.207933333333,-0.698888888889,-0.276666666667
18.74,3.78148022222,6.91599337037,1,1.57079632679,-0.4824,-0.213427777778,-0.714444444444,-0.272777777778
18.76,3.7716882963,6.91167051852,1,1.57079632679,-0.496844444444,-0.218844444444,-0.73,-0.268888888889
18.78,3.76160437037,6.90724011111,1,1.57079632679,-0.5116,-0.224183333333,-0.745555555556,-0.265
18.8,3.75122222222,6.9027037037,1,1.57079632679,-0.526666666667,-0.229444444444,-0.761111111111,-0.261111111111
18.82,3.74053562963,6.89806285185,1,1.57079632679,-0.542044444444,-0.234627777778,-0.776666666667,-0.257222222222
18.84,3.72953837037,6.89331911111,1,1.57079632679,-0.557733333333,-0.239733333333,-0.792222222222,-0.253333333333
18.86,3.71822422222,6.88847403704,1,1.57079632679,-0.573733333333,-0.244761111111,-0.807777777778,-0.249444444444
18.88,3.70658696296,6.88352918519,1,1.57079632679,-0.590044444444,-0.249711111111,-0.823333333333,-0.245555555556
18.9,3.69462037037,6.87848611111,1,1.57079632679,-0.606666666667,-0.254583333333,-0.838888888889,-0.241666666667
18.92,3.68231822222,6.87334637037,1,1.57079632679,-0.6236,-0.259377777778,-0.854444444444,-0.237777777778
18.94,3.6696742963,6.86811151852,1,1.57079632679,-0.640844444444,-0.264094444444,-0.87,-0.233888888889
18.96,3.65668237037,6.86278311111,1,1.57079632679,-0.6584,-0.268733333333,-0.885555555556,-0.23
18.98,3.64333622222,6.8573627037,1,1.57079632679,-0.676266666667,-0.273294444444,-0.901111111111,-0.226111111111
19,3.62962962963,6.85185185185,1,1.57079632679,-0.694444444444,-0.277777777778,-0.555555555556,-0.222222222222
19.02,3.61563,6.846252,1,1.57079632679,-0.7055,-0.2822,-0.55,-0.22
19.04,3.60141037037,6.84056414815,1,1.57079632679,-0.716444444444,-0.286577777778,-0.544444444444,-0.217777777778
19.06,3.58697296296,6.83478918519,1,1.57079632679,-0.727277777778,-0.290911111111,-0.538888888889,-0.215555555556
19.08,3.57232,6.828928,1,1.57079632679,-0.738,-0.2952,-0.533333333333,-0.213333333333
19.1,3.5574537037,6.82298148148,1,1.57079632679,-0.748611111111,-0.299444444444,-0.527777777778,-0.211111111111
19.12,3.5423762963,6.81695051852,1,1.57079632679,-0.759111111111,-0.303644444444,-0.522222222222,-0.208888888889
19.14,3.52709,6.810836,1,1.57079632679,-0.7695,-0.3078,-0.516666666667,-0.206666666667
19.16,3.51159703704,6.80463881481,1,1.57079632679,-0.779777777778,-0.311911111111,-0.511111111111,-0.204444444444
19.18,3.49589962963,6.79835985185,1,1.57079632679,-0.789944444444,-0.315977777778,-0.505555555556,-0.202222222222
19.2,3.48,6.792,1,1.57079632679,-0.8,-0.32,-0.5,-0.2
19.22,3.46390037037,6.78556014815,1,1.57079632679,-0.809944444444,-0.323977777778,-0.494444444444,-0.197777777778
19.24,3.44760296296,6.77904118519,1,1.57079632679,-0.819777777778,-0.327911111111,-0.488888888889,-0.195555555556
19.26,3.43111,6.772444,1,1.57079632679,-0.8295,-0.3318,-0.483333333333,-0.193333333333
19.28,3.4144237037,6.76576948148,1,1.57079632679,-0.839111111111,-0.335644444444,-0.477777777778,-0.191111111111
19.3,3.3975462963,6.75901851852,1,1.57079632679,-0.848611111111,-0.339444444444,-0.472222222222,-0.188888888889
19.32,3.38048,6.752192,1,1.57079632679,-0.858,-0.3432,-0.466666666667,-0.186666666667
19.34,3.36322703704,6.74529081481,1,1.57079632679,-0.867277777778,-0.346911111111,-0.461111111111,-0.184444444444
19.36,3.34578962963,6.73831585185,1,1.57079632679,-0.876444444444,-0.350577777778,-0.455555555556,-0.182222222222
19.38,3.32817,6.731268,1,1.57079632679,-0.8855,-0.3542,-0.45,-0.18
19.4,3.31037037037,6.72414814815,1,1.57079632679,-0.894444444444,-0.357777777778,-0.444444444444,-0.177777777778
19.42,3.29239296296,6.71695718519,1,1.57079632679,-0.903277777778,-0.361311111111,-0.438888888889,-0.175555555556
19.44,3.27424,6.709696,1,1.57079632679,-0.912,-0.3648,-0.433333333333,-0.173333333333
19.46,3.2559137037,6.70236548148,1,1.57079632679,-0.920611111111,-0.368244444444,-0.427777777778,-0.171111111111
19.48,3.2374162963,6.69496651852,1,1.57079632679,-0.929111111111,-0.371644444444,-0.422222222222,-0.168888888889
19.5,3.21875,6.6875,1,1.57079632679,-0.9375,-0.375,-0.416666666667,-0.166666666667
19.52,3.19991703704,6.67996681481,1,1.57079632679,-0.945777777778,-0.378311111111,-0.411111111111,-0.164444444444
19.54,3.18091962963,6.67236785185,1,1.57079632679,-0.953944444444,-0.381577777778,-0.405555555556,-0.162222222222
19.56,3.16176,6.664704,1,1.57079632679,-0.962,-0.3848,-0.4,-0.16
19.58,3.14244037037,6.65697614815,1,1.57079632679,-0.969944444444,-0.387977777778,-0.394444444444,-0.157777777778
19.6,3.12296296296,6.64918518519,1,1.57079632679,-0.977777777778,-0.391111111111,-0.388888888889,-0.155555555556
19.62,3.10333,6.641332,1,1.57079632679,-0.9855,-0.3942,-0.383333333333,-0.153333333333
19.64,3.0835437037,6.63341748148,1,1.57079632679,-0.993111111111,-0.397244444444,-0.377777777778,-0.151111111111
19.66,3.0636062963,6.62544251852,1,1.57079632679,-1.00061111111,-0.400244444444,-0.372222222222,-0.148888888889
19.68,3.04352,6.617408,1,1.57079632679,-1.008,-0.4032,-0.366666666667,-0.146666666667
19.7,3.02328703704,6.60931481481,1,1.57079632679,-1.01527777778,-0.406111111111,-0.361111111111,-0.144444444444
19.72,3.00290962963,6.60116385185,1,1.57079632679,-1.02244444444,-0.408977777778,-0.355555555556,-0.142222222222
19.74,2.98239,6.592956,1,1.57079632679,-1.0295,-0.4118,-0.35,-0.14
19.76,2.96173037037,6.58469214815,1,1.57079632679,-1.03644444444,-0.414577777778,-0.344444444444,-0.137777777778
19.78,2.94093296296,6.57637318519,1,1.57079632679,-1.04327777778,-0.417311111111,-0.338888888889,-0.135555555556
19.8,2.92,6.568,1,1.57079632679,-1.05,-0.42,-0.333333333333,-0.133333333333
19.82,2.8989337037,6.55957348148,1,1.57079632679,-1.05661111111,-0.422644444444,-0.327777777778,-0.131111111111
19.84,2.8777362963,6.55109451852,1,1.57079632679,-1.06311111111,-0.425244444444,-0.322222222222,-0.128888888889
19.86,2.85641,6.542564,1,1.57079632679,-1.0695,-0.4278,-0.316666666667,-0.126666666667
19.88,2.83495703704,6.53398281481,1,1.57079632679,-1.07577777778,-0.430311111111,-0.311111111111,-0.124444444444
19.9,2.81337962963,6.52535185185,1,1.57079632679,-1.08194444444,-0.432777777778,-0.305555555556,-0.122222222222
19.92,2.79168,6.516672,1,1.57079632679,-1.088,-0.4352,-0.3,-0.12
19.94,2.76986037037,6.50794414815,1,1.57079632679,-1.09394444444,-0.437577777778,-0.294444444444,-0.117777777778
19.96,2.74792296296,6.49916918519,1,1.57079632679,-1.09977777778,-0.439911111111,-0.288888888889,-0.115555555556
19.98,2.72587,6.490348,1,1.57079632679,-1.1055,-0.4422,-0.283333333333,-0.113333333333
20,2.7037037037,6.48148148148,1,1.57079632679,-1.11111111111,-0.444444444444,-0.277777777778,-0.111111111111
20.02,2.6814262963,6.47257051852,1,1.57079632679,-1.11661111111,-0.446644444444,-0.272222222222,-0.108888888889
20.04,2.65904,6.463616,1,1.57079632679,-1.122,-0.4488,-0.266666666667,-0.106666666667
20.06,2.63654703704,6.45461881481,1,1.57079632679,-1.12727777778,-0.450911111111,-0.261111111111,-0.104444444444
20.08,2.61394962963,6.44557985185,1,1.57079632679,-1.13244444444,-0.452977777778,-0.255555555556,-0.102222222222
20.1,2.59125,6.4365,1,1.57079632679,-1.1375,-0.455,-0.25,-0.1
20.12,2.56845037037,6.42738014815,1,1.57079632679,-1.14244444444,-0.456977777778,-0.244444444444,-0.0977777777778
20.14,2.54555296296,6.41822118519,1,1.57079632679,-1.14727777778,-0.458911111111,-0.238888888889,-0.0955555555556
20.16,2.52256,6.409024,1,1.57079632679,-1.152,-0.4608,-0.233333333333,-0.0933333333333
20.18,2.4994737037,6.39978948148,1,1.57079632679,-1.15661111111,-0.462644444444,-0.227777777778,-0.0911111111111
20.2,2.4762962963,6.39051851852,1,1.57079632679,-1.16111111111,-0.464444444444,-0.222222222222,-0.0888888888889
20.22,2.45303,6.381212,1,1.57079632679,-1.1655,-0.4662,-0.216666666667,-0.0866666666667
20.24,2.42967703704,6.37187081481,1,1.57079632679,-1.16977777778,-0.467911111111,-0.211111111111,-0.0844444444444
20.26,2.40623962963,6.36249585185,1,1.57079632679,-1.17394444444,-0.469577777778,-0.205555555556,-0.0822222222222
20.28,2.38272,6.353088,1,1.57079632679,-1.178,-0.4712,-0.2,-0.08
20.3,2.35912037037,6.34364814815,1,1.57079632679,-1.18194444444,-0.472777777778,-0.194444444444,-0.0777777777778
20.32,2.33544296296,6.33417718519,1,1.57079632679,-1.18577777778,-0.474311111111,-0.188888888889,-0.0755555555556
20.34,2.31169,6.324676,1,1.57079632679,-1.1895,-0.4758,-0.183333333333,-0.0733333333333
20.36,2.2878637037,6.31514548148,1,1.57079632679,-1.19311111111,-0.477244444444,-0.177777777778,-0.0711111111111
20.38,2.2639662963,6.30558651852,1,1.57079632679,-1.19661111111,-0.478644444444,-0.172222222222,-0.0688888888889
20.4,2.24,6.296,1,1.57079632679,-1.2,-0.48,-0.166666666667,-0.0666666666667
20.42,2.21596703704,6.28638681481,1,1.57079632679,-1.20327777778,-0.481311111111,-0.161111111111,-0.0644444444444
20.44,2.19186962963,6.27674785185,1,1.57079632679,-1.20644444444,-0.482577777778,-0.155555555556,-0.0622222222222
20.46,2.16771,6.267084,1,1.57079632679,-1.2095,-0.4838,-0.15,-0.06
20.48,2.14349037037,6.25739614815,1,1.57079632679,-1.21244444444,-0.484977777778,-0.144444444444,-0.0577777777778
20.5,2.11921296296,6.24768518519,1,1.57079632679,-1.21527777778,-0.486111111111,-0.138888888889,-0.0555555555556
20.52,2.09488,6.237952,1,1.57079632679,-1.218,-0.4872,-0.133333333333,-0.0533333333333
20.54,2.0704937037,6.22819748148,1,1.57079632679,-1.22061111111,-0.488244444444,-0.127777777778,-0.0511111111111
20.56,2.0460562963,6.21842251852,1,1.57079632679,-1.22311111111,-0.489244444444,-0.122222222222,-0.0488888888889
20.58,2.02157,6.208628,1,1.57079632679,-1.2255,-0.4902,-0.116666666667,-0.0466666666667
20.6,1.99703703704,6.19881481481,1,1.57079632679,-1.22777777778,-0.491111111111,-0.111111111111,-0.0444444444444
20.62,1.97245962963,6.18898385185,1,1.57079632679,-1.22994444444,-0.491977777778,-0.105555555556,-0.0422222222222
20.64,1.94784,6.179136,1,1.57079632679,-1.232,-0.4928,-0.1,-0.04
20.66,1.92318037037,6.16927214815,1,1.57079632679,-1.23394444444,-0.493577777778,-0.0944444444444,-0.0377777777778
20.68,1.89848296296,6.15939318519,1,1.57079632679,-1.23577777778,-0.494311111111,-0.0888888888889,-0.0355555555556
20.7,1.87375,6.1495,1,1.57079632679,-1.2375,-0.495,-0.0833333333333,-0.0333333333333
20.72,1.8489837037,6.13959348148,1,1.57079632679,-1.23911111111,-0.495644444444,-0.0777777777778,-0.0311111111111
20.74,1.8241862963,6.12967451852,1,1.57079632679,-1.24061111111,-0.496244444444,-0.0722222222222,-0.0288888888889
20.76,1.79936,6.119744,1,1.57079632679,-1.242,-0.4968,-0.0666666666667,-0.0266666666667
20.78,1.77450703704,6.10980281481,1,1.57079632679,-1.24327777778,-0.497311111111,-0.0611111111111,-0.0244444444444
20.8,1.74962962963,6.09985185185,1,1.57079632679,-1.24444444444,-0.497777777778,-0.0555555555556,-0.0222222222222
20.82,1.72473,6.089892,1,1.57079632679,-1.2455,-0.4982,-0.05,-0.02
20.84,1.69981037037,6.07992414815,1,1.57079632679,-1.24644444444,-0.498577777778,-0.0444444444444,-0.0177777777778
20.86,1.67487296296,6.06994918519,1,1.57079632679,-1.24727777778,-0.498911111111,-0.0388888888889,-0.0155555555556
20.88,1.64992,6.059968,1,1.57079632679,-1.248,-0.4992,-0.0333333333333,-0.0133333333333
20.9,1.6249537037,6.04998148148,1,1.57079632679,-1.24861111111,-0.499444444444,-0.0277777777778,-0.0111111111111
20.92,1.5999762963,6.03999051852,1,1.57079632679,-1.24911111111,-0.499644444444,-0.0222222222222,-0.00888888888889
20.94,1.57499,6.029996,1,1.57079632679,-1.2495,-0.4998,-0.0166666666667,-0.00666666666667
20.96,1.54999703704,6.01999881481,1,1.57079632679,-1.24977777778,-0.499911111111,-0.0111111111111,-0.00444444444444
20.98,1.52499962963,6.00999985185,1,1.57079632679,-1.24994444444,-0.499977777778,-0.00555555555556,-0.00222222222222
21,1.5,6,1,1.57079632679,-1.25,-0.5,0,2.77555756156e-17
21.02,1.47500037037,5.99000014815,1,1.57079632679,-1.24994444444,-0.499977777778,0.00555555555556,0.00222222222222
21.04,1.45000296296,5.98000118519,1,1.57079632679,-1.24977777778,-0.499911111111,0.0111111111111,0.00444444444444
21.06,1.42501,5.970004,1,1.57079632679,-1.2495,-0.4998,0.0166666666667,0.00666666666667
21.08,1.4000237037,5.96000948148,1,1.57079632679,-1.24911111111,-0.499644444444,0.0222222222222,0.00888888888889
21.1,1.3750462963,5.95001851852,1,1.57079632679,-1.24861111111,-0.499444444444,0.0277777777778,0.0111111111111
21.12,1.35008,5.940032,1,1.57079632679,-1.248,-0.4992,0.0333333333333,0.0133333333333
21.14,1.32512703704,5.93005081481,1,1.57079632679,-1.24727777778,-0.498911111111,0.0388888888889,0.0155555555556
21.16,1.30018962963,5.92007585185,1,1.57079632679,-1.24644444444,-0.498577777778,0.0444444444444,0.0177777777778
21.18,1.27527,5.910108,1,1.57079632679,-1.2455,-0.4982,0.05,0.02
21.2,1.25037037037,5.90014814815,1,1.57079632679,-1.24444444444,-0.497777777778,0.0555555555556,0.0222222222222
21.22,1.22549296296,5.89019718519,1,1.57079632679,-1.24327777778,-0.497311111111,0.0611111111111,0.0244444444444
21.24,1.20064,5.880256,1,1.57079632679,-1.242,-0.4968,0.0666666666667,0.0266666666667
21.26,1.1758137037,5.87032548148,1,1.57079632679,-1.24061111111,-0.496244444444,0.0722222222222,0.0288888888889
21.28,1.1510162963,5.86040651852,1,1.57079632679,-1.23911111111,-0.495644444444,0.0777777777778,0.0311111111111
21.3,1.12625,5.8505,1,1.57079632679,-1.2375,-0.495,0.0833333333333,0.0333333333333
21.32,1.10151703704,5.84060681481,1,1.57079632679,-1.23577777778,-0.494311111111,0.0888888888889,0.0355555555556
21.34,1.07681962963,5.83072785185,1,1.57079632679,-1.23394444444,-0.493577777778,0.0944444444444,0.0377777777778
21.36,1.05216,5.820864,1,1.57079632679,-1.232,-0.4928,0.1,0.04
21.38,1.02754037037,5.81101614815,1,1.57079632679,-1.22994444444,-0.491977777778,0.105555555556,0.0422222222222
21.4,1.00296296296,5.80118518519,1,1.57079632679,-1.22777777778,-0.491111111111,0.111111111111,0.0444444444444
21.42,0.97843,5.791372,1,1.57079632679,-1.2255,-0.4902,0.116666666667,0.0466666666667
21.44,0.953943703704,5.78157748148,1,1.57079632679,-1.22311111111,-0.489244444444,0.122222222222,0.0488888888889
21.46,0.929506296296,5.77180251852,1,1.57079632679,-1.22061111111,-0.488244444444,0.127777777778,0.0511111111111
21.48,0.90512,5.762048,1,1.57079632679,-1.218,-0.4872,0.133333333333,0.0533333333333
21.5,0.880787037037,5.75231481481,1,1.57079632679,-1.21527777778,-0.486111111111,0.138888888889,0.0555555555556
21.52,0.85650962963,5.74260385185,1,1.57079632679,-1.21244444444,-0.484977777778,0.144444444444,0.0577777777778
21.54,0.83229,5.732916,1,1.57079632679,-1.2095,-0.4838,0.15,0.06
21.56,0.80813037037,5.72325214815,1,1.57079632679,-1.20644444444,-0.482577777778,0.155555555556,0.0622222222222
21.58,0.784032962963,5.71361318519,1,1.57079632679,-1.20327777778,-0.481311111111,0.161111111111,0.0644444444444
21.6,0.76,5.704,1,1.57079632679,-1.2,-0.48,0.166666666667,0.0666666666667
21.62,0.736033703704,5.69441348148,1,1.57079632679,-1.19661111111,-0.478644444444,0.172222222222,0.0688888888889
21.64,0.712136296296,5.68485451852,1,1.57079632679,-1.19311111111,-0.477244444444,0.177777777778,0.0711111111111
21.66,0.68831,5.675324,1,1.57079632679,-1.1895,-0.4758,0.183333333333,0.0733333333333
21.68,0.664557037037,5.66582281481,1,1.57079632679,-1.18577777778,-0.474311111111,0.188888888889,0.0755555555556
21.7,0.64087962963,5.65635185185,1,1.57079632679,-1.18194444444,-0.472777777778,0.194444444444,0.0777777777778
21.72,0.61728,5.646912,1,1.57079632679,-1.178,-0.4712,0.2,0.08
21.74,0.59376037037,5.63750414815,1,1.57079632679,-1.17394444444,-0.469577777778,0.205555555556,0.0822222222222
21.76,0.570322962963,5.62812918519,1,1.57079632679,-1.16977777778,-0.467911111111,0.211111111111,0.0844444444444
21.78,0.54697,5.618788,1,1.57079632679,-1.1655,-0.4662,0.216666666667,0.0866666666667
21.8,0.523703703704,5.60948148148,1,1.57079632679,-1.16111111111,-0.464444444444,0.222222222222,0.0888888888889
21.82,0.500526296296,5.60021051852,1,1.57079632679,-1.15661111111,-0.462644444444,0.227777777778,0.0911111111111
21.84,0.47744,5.590976,1,1.57079632679,-1.152,-0.4608,0.233333333333,0.0933333333333
21.86,0.454447037037,5.58177881481,1,1.57079632679,-1.14727777778,-0.458911111111,0.238888888889,0.0955555555556
21.88,0.43154962963,5.57261985185,1,1.57079632679,-1.14244444444,-0.456977777778,0.244444444444,0.0977777777778
21.9,0.40875,5.5635,1,1.57079632679,-1.1375,-0.455,0.25,0.1
21.92,0.38605037037,5.55442014815,1,1.57079632679,-1.13244444444,-0.452977777778,0.255555555556,0.102222222222
21.94,0.363452962963,5.54538118519,1,1.57079632679,-1.12727777778,-0.450911111111,0.261111111111,0.104444444444
21.96,0.34096,5.536384,1,1.57079632679,-1.122,-0.4488,0.266666666667,0.106666666667
21.98,0.318573703704,5.52742948148,1,1.57079632679,-1.11661111111,-0.446644444444,0.272222222222,0.108888888889
22,0.296296296296,5.51851851852,1,1.57079632679,-1.11111111111,-0.444444444444,0.277777777778,0.111111111111
22.02,0.27413,5.509652,1,1.57079632679,-1.1055,-0.4422,0.283333333333,0.113333333333
22.04,0.252077037037,5.50083081481,1,1.57079632679,-1.09977777778,-0.439911111111,0.288888888889,0.115555555556
22.06,0.23013962963,5.49205585185,1,1.57079632679,-1.09394444444,-0.437577777778,0.294444444444,0.117777777778
22.08,0.20832,5.483328,1,1.57079632679,-1.088,-0.4352,0.3,0.12
22.1,0.18662037037,5.47464814815,1,1.57079632679,-1.08194444444,-0.432777777778,0.305555555556,0.122222222222
22.12,0.165042962963,5.46601718519,1,1.57079632679,-1.07577777778,-0.430311111111,0.311111111111,0.124444444444
22.14,0.14359,5.457436,1,1.57079632679,-1.0695,-0.4278,0.316666666667,0.126666666667
22.16,0.122263703704,5.44890548148,1,1.57079632679,-1.06311111111,-0.425244444444,0.322222222222,0.128888888889
22.18,0.101066296296,5.44042651852,1,1.57079632679,-1.05661111111,-0.422644444444,0.327777777778,0.131111111111
22.2,0.08,5.432,1,1.57079632679,-1.05,-0.42,0.333333333333,0.133333333333
22.22,0.059067037037,5.42362681481,1,1.57079632679,-1.04327777778,-0.417311111111,0.338888888889,0.135555555556
22.24,0.0382696296296,5.41530785185,1,1.57079632679,-1.03644444444,-0.414577777778,0.344444444444,0.137777777778
22.26,0.01761,5.407044,1,1.57079632679,-1.0295,-0.4118,0.35,0.14
22.28,-0.00290962962963,5.39883614815,1,1.57079632679,-1.02244444444,-0.408977777778,0.355555555556,0.142222222222
22.3,-0.023287037037,5.39068518519,1,1.57079632679,-1.01527777778,-0.406111111111,0.361111111111,0.144444444444
22.32,-0.04352,5.382592,1,1.57079632679,-1.008,-0.4032,0.366666666667,0.146666666667
22.34,-0.0636062962963,5.37455748148,1,1.57079632679,-1.00061111111,-0.400244444444,0.372222222222,0.148888888889
22.36,-0.0835437037037,5.36658251852,1,1.57079632679,-0.993111111111,-0.397244444444,0.377777777778,0.151111111111
22.38,-0.10333,5.358668,1,1.57079632679,-0.9855,-0.3942,0.383333333333,0.153333333333
22.4,-0.122962962963,5.35081481481,1,1.57079632679,-0.977777777778,-0.391111111111,0.388888888889,0.155555555556
22.42,-0.14244037037,5.34302385185,1,1.57079632679,-0.969944444444,-0.387977777778,0.394444444444,0.157777777778
22.44,-0.16176,5.335296,1,1.57079632679,-0.962,-0.3848,0.4,0.16
22.46,-0.18091962963,5.32763214815,1,1.57079632679,-0.953944444444,-0.381577777778,0.405555555556,0.162222222222
22.48,-0.199917037037,5.32003318519,1,1.57079632679,-0.945777777778,-0.378311111111,0.411111111111,0.164444444444
22.5,-0.21875,5.3125,1,1.57079632679,-0.9375,-0.375,0.416666666667,0.166666666667
22.52,-0.237416296296,5.30503348148,1,1.57079632679,-0.929111111111,-0.371644444444,0.422222222222,0.168888888889
22.54,-0.255913703704,5.29763451852,1,1.57079632679,-0.920611111111,-0.368244444444,0.427777777778,0.171111111111
22.56,-0.27424,5.290304,1,1.57079632679,-0.912,-0.3648,0.433333333333,0.173333333333
22.58,-0.292392962963,5.28304281481,1,1.57079632679,-0.903277777778,-0.361311111111,0.438888888889,0.175555555556
22.6,-0.31037037037,5.27585185185,1,1.57079632679,-0.894444444444,-0.357777777778,0.444444444444,0.177777777778
22.62,-0.32817,5.268732,1,1.57079632679,-0.8855,-0.3542,0.45,0.18
22.64,-0.34578962963,5.26168414815,1,1.57079632679,-0.876444444444,-0.350577777778,0.455555555556,0.182222222222
22.66,-0.363227037037,5.25470918519,1,1.57079632679,-0.867277777778,-0.346911111111,0.461111111111,0.184444444444
22.68,-0.38048,5.247808,1,1.57079632679,-0.858,-0.3432,0.466666666667,0.186666666667
22.7,-0.397546296296,5.24098148148,1,1.57079632679,-0.848611111111,-0.339444444444,0.472222222222,0.188888888889
22.72,-0.414423703704,5.23423051852,1,1.57079632679,-0.839111111111,-0.335644444444,0.477777777778,0.191111111111
22.74,-0.43111,5.227556,1,1.57079632679,-0.8295,-0.3318,0.483333333333,0.193333333333
22.76,-0.447602962963,5.22095881481,1,1.57079632679,-0.819777777778,-0.327911111111,0.488888888889,0.195555555556
22.78,-0.46390037037,5.21443985185,1,1.57079632679,-0.809944444444,-0.323977777778,0.494444444444,0.197777777778
22.8,-0.48,5.208,1,1.57079632679,-0.8,-0.32,0.5,0.2
22.82,-0.49589962963,5.20164014815,1,1.57079632679,-0.789944444444,-0.315977777778,0.505555555556,0.202222222222
22.84,-0.511597037037,5.19536118519,1,1.57079632679,-0.779777777778,-0.311911111111,0.511111111111,0.204444444444
22.86,-0.52709,5.189164,1,1.57079632679,-0.7695,-0.3078,0.516666666667,0.206666666667
22.88,-0.542376296296,5.18304948148,1,1.57079632679,-0.759111111111,-0.303644444444,0.522222222222,0.208888888889
22.9,-0.557453703704,5.17701851852,1,1.57079632679,-0.748611111111,-0.299444444444,0.527777777778,0.211111111111
22.92,-0.57232,5.171072,1,1.57079632679,-0.738,-0.2952,0.533333333333,0.213333333333
22.94,-0.586972962963,5.16521081481,1,1.57079632679,-0.727277777778,-0.290911111111,0.538888888889,0.215555555556
22.96,-0.60141037037,5.15943585185,1,1.57079632679,-0.716444444444,-0.286577777778,0.544444444444,0.217777777778
22.98,-0.61563,5.153748,1,1.57079632679,-0.7055,-0.2822,0.55,0.22
23,-0.62962962963,5.14814814815,1,1.57079632679,-0.694444444444,-0.277777777778,0.888888888889,0.444444444444
23.02,-0.643341648148,5.1426807037,1,1.57079632679,-0.676802777778,-0.269005555556,0.875277777778,0.432777777778
23.04,-0.656703555556,5.13738637037,1,1.57079632679,-0.659433333333,-0.260466666667,0.861666666667,0.421111111111
23.06,-0.669720796296,5.13226048148,1,1.57079632679,-0.642336111111,-0.252161111111,0.848055555556,0.409444444444
23.08,-0.682398814815,5.12729837037,1,1.57079632679,-0.625511111111,-0.244088888889,0.834444444444,0.397777777778
23.1,-0.694743055556,5.12249537037,1,1.57079632679,-0.608958333333,-0.23625,0.820833333333,0.386111111111
23.12,-0.706758962963,5.11784681481,1,1.57079632679,-0.592677777778,-0.228644444444,0.807222222222,0.374444444444
23.14,-0.718451981481,5.11334803704,1,1.57079632679,-0.576669444444,-0.221272222222,0.793611111111,0.362777777778
23.16,-0.729827555556,5.10899437037,1,1.57079632679,-0.560933333333,-0.214133333333,0.78,0.351111111111
23.18,-0.74089112963,5.10478114815,1,1.57079632679,-0.545469444444,-0.207227777778,0.766388888889,0.339444444444
23.2,-0.751648148148,5.1007037037,1,1.57079632679,-0.530277777778,-0.200555555556,0.752777777778,0.327777777778
23.22,-0.762104055556,5.09675737037,1,1.57079632679,-0.515358333333,-0.194116666667,0.739166666667,0.316111111111
23.24,-0.772264296296,5.09293748148,1,1.57079632679,-0.500711111111,-0.187911111111,0.725555555556,0.304444444444
23.26,-0.782134314815,5.08923937037,1,1.57079632679,-0.486336111111,-0.181938888889,0.711944444444,0.292777777778
23.28,-0.791719555556,5.08565837037,1,1.57079632679,-0.472233333333,-0.1762,0.698333333333,0.281111111111
23.3,-0.801025462963,5.08218981481,1,1.57079632679,-0.458402777778,-0.170694444444,0.684722222222,0.269444444444
23.32,-0.810057481481,5.07882903704,1,1.57079632679,-0.444844444444,-0.165422222222,0.671111111111,0.257777777778
23.34,-0.818821055556,5.07557137037,1,1.57079632679,-0.431558333333,-0.160383333333,0.6575,0.246111111111
23.36,-0.82732162963,5.07241214815,1,1.57079632679,-0.418544444444,-0.155577777778,0.643888888889,0.234444444444
23.38,-0.835564648148,5.0693467037,1,1.57079632679,-0.405802777778,-0.151005555556,0.630277777778,0.222777777778
23.4,-0.843555555556,5.06637037037,1,1.57079632679,-0.393333333333,-0.146666666667,0.616666666667,0.211111111111
23.42,-0.851299796296,5.06347848148,1,1.57079632679,-0.381136111111,-0.142561111111,0.603055555556,0.199444444444
23.44,-0.858802814815,5.06066637037,1,1.57079632679,-0.369211111111,-0.138688888889,0.589444444444,0.187777777778
23.46,-0.866070055556,5.05792937037,1,1.57079632679,-0.357558333333,-0.13505,0.575833333333,0.176111111111
23.48,-0.873106962963,5.05526281481,1,1.57079632679,-0.346177777778,-0.131644444444,0.562222222222,0.164444444444
23.5,-0.879918981481,5.05266203704,1,1.57079632679,-0.335069444444,-0.128472222222,0.548611111111,0.152777777778
23.52,-0.886511555556,5.05012237037,1,1.57079632679,-0.324233333333,-0.125533333333,0.535,0.141111111111
23.54,-0.89289012963,5.04763914815,1,1.57079632679,-0.313669444444,-0.122827777778,0.521388888889,0.129444444444
23.56,-0.899060148148,5.0452077037,1,1.57079632679,-0.303377777778,-0.120355555556,0.507777777778,0.117777777778
23.58,-0.905027055556,5.04282337037,1,1.57079632679,-0.293358333333,-0.118116666667,0.494166666667,0.106111111111
23.6,-0.910796296296,5.04048148148,1,1.57079632679,-0.283611111111,-0.116111111111,0.480555555556,0.0944444444444
23.62,-0.916373314815,5.03817737037,1,1.57079632679,-0.274136111111,-0.114338888889,0.466944444444,0.0827777777778
23.64,-0.921763555556,5.03590637037,1,1.57079632679,-0.264933333333,-0.1128,0.453333333333,0.0711111111111
23.66,-0.926972462963,5.03366381481,1,1.57079632679,-0.256002777778,-0.111494444444,0.439722222222,0.0594444444444
23.68,-0.932005481481,5.03144503704,1,1.57079632679,-0.247344444444,-0.110422222222,0.426111111111,0.0477777777778
23.7,-0.936868055556,5.02924537037,1,1.57079632679,-0.238958333333,-0.109583333333,0.4125,0.0361111111111
23.72,-0.94156562963,5.02706014815,1,1.57079632679,-0.230844444444,-0.108977777778,0.398888888889,0.0244444444444
23.74,-0.946103648148,5.0248847037,1,1.57079632679,-0.223002777778,-0.108605555556,0.385277777778,0.0127777777778
23.76,-0.950487555556,5.02271437037,1,1.57079632679,-0.215433333333,-0.108466666667,0.371666666667,0.00111111111111
23.78,-0.954722796296,5.02054448148,1,1.57079632679,-0.208136111111,-0.108561111111,0.358055555556,-0.0105555555556
23.8,-0.958814814815,5.01837037037,1,1.57079632679,-0.201111111111,-0.108888888889,0.344444444444,-0.0222222222222
23.82,-0.962769055556,5.01618737037,1,1.57079632679,-0.194358333333,-0.10945,0.330833333333,-0.0338888888889
23.84,-0.966590962963,5.01399081481,1,1.57079632679,-0.187877777778,-0.110244444444,0.317222222222,-0.0455555555556
23.86,-0.970285981481,5.01177603704,1,1.57079632679,-0.181669444444,-0.111272222222,0.303611111111,-0.0572222222222
23.88,-0.973859555556,5.00953837037,1,1.57079632679,-0.175733333333,-0.112533333333,0.29,-0.0688888888889
23.9,-0.97731712963,5.00727314815,1,1.57079632679,-0.170069444444,-0.114027777778,0.276388888889,-0.0805555555556
23.92,-0.980664148148,5.0049757037,1,1.57079632679,-0.164677777778,-0.115755555556,0.262777777778,-0.0922222222222
23.94,-0.983906055556,5.00264137037,1,1.57079632679,-0.159558333333,-0.117716666667,0.249166666667,-0.103888888889
23.96,-0.987048296296,5.00026548148,1,1.57079632679,-0.154711111111,-0.119911111111,0.235555555556,-0.115555555556
23.98,-0.990096314815,4.99784337037,1,1.57079632679,-0.150136111111,-0.122338888889,0.221944444444,-0.127222222222
24,-0.993055555556,4.99537037037,1,1.57079632679,-0.145833333333,-0.125,0.208333333333,-0.138888888889
24.02,-0.995931462963,4.99284181481,1,1.57079632679,-0.141802777778,-0.127894444444,0.194722222222,-0.150555555556
24.04,-0.998729481481,4.99025303704,1,1.57079632679,-0.138044444444,-0.131022222222,0.181111111111,-0.162222222222
24.06,-1.00145505556,4.98759937037,1,1.57079632679,-0.134558333333,-0.134383333333,0.1675,-0.173888888889
24.08,-1.00411362963,4.98487614815,1,1.57079632679,-0.131344444444,-0.137977777778,0.153888888889,-0.185555555556
24.1,-1.00671064815,4.9820787037,1,1.57079632679,-0.128402777778,-0.141805555556,0.140277777778,-0.197222222222
24.12,-1.00925155556,4.97920237037,1,1.57079632679,-0.125733333333,-0.145866666667,0.126666666667,-0.208888888889
24.14,-1.0117417963,4.97624248148,1,1.57079632679,-0.123336111111,-0.150161111111,0.113055555556,-0.220555555556
24.16,-1.01418681481,4.97319437037,1,1.57079632679,-0.121211111111,-0.154688888889,0.0994444444444,-0.232222222222
24.18,-1.01659205556,4.97005337037,1,1.57079632679,-0.119358333333,-0.15945,0.0858333333333,-0.243888888889
24.2,-1.01896296296,4.96681481481,1,1.57079632679,-0.117777777778,-0.164444444444,0.0722222222222,-0.255555555556
24.22,-1.02130498148,4.96347403704,1,1.57079632679,-0.116469444444,-0.169672222222,0.0586111111111,-0.267222222222
24.24,-1.02362355556,4.96002637037,1,1.57079632679,-0.115433333333,-0.175133333333,0.045,-0.278888888889
24.26,-1.02592412963,4.95646714815,1,1.57079632679,-0.114669444444,-0.180827777778,0.0313888888889,-0.290555555556
24.28,-1.02821214815,4.9527917037,1,1.57079632679,-0.114177777778,-0.186755555556,0.0177777777778,-0.302222222222
24.3,-1.03049305556,4.94899537037,1,1.57079632679,-0.113958333333,-0.192916666667,0.00416666666667,-0.313888888889
24.32,-1.0327722963,4.94507348148,1,1.57079632679,-0.114011111111,-0.199311111111,-0.00944444444445,-0.325555555556
24.34,-1.03505531481,4.94102137037,1,1.57079632679,-0.114336111111,-0.205938888889,-0.0230555555556,-0.337222222222
24.36,-1.03734755556,4.93683437037,1,1.57079632679,-0.114933333333,-0.2128,-0.0366666666667,-0.348888888889
24.38,-1.03965446296,4.93250781481,1,1.57079632679,-0.115802777778,-0.219894444444,-0.0502777777778,-0.360555555556
24.4,-1.04198148148,4.92803703704,1,1.57079632679,-0.116944444444,-0.227222222222,-0.0638888888889,-0.372222222222
24.42,-1.04433405556,4.92341737037,1,1.57079632679,-0.118358333333,-0.234783333333,-0.0775,-0.383888888889
24.44,-1.04671762963,4.91864414815,1,1.57079632679,-0.120044444444,-0.242577777778,-0.0911111111111,-0.395555555556
24.46,-1.04913764815,4.9137127037,1,1.57079632679,-0.122002777778,-0.250605555556,-0.104722222222,-0.407222222222
24.48,-1.05159955556,4.90861837037,1,1.57079632679,-0.124233333333,-0.258866666667,-0.118333333333,-0.418888888889
24.5,-1.0541087963,4.90335648148,1,1.57079632679,-0.126736111111,-0.267361111111,-0.131944444444,-0.430555555556
24.52,-1.05667081481,4.89792237037,1,1.57079632679,-0.129511111111,-0.276088888889,-0.145555555556,-0.442222222222
24.54,-1.05929105556,4.89231137037,1,1.57079632679,-0.132558333333,-0.28505,-0.159166666667,-0.453888888889
24.56,-1.06197496296,4.88651881481,1,1.57079632679,-0.135877777778,-0.294244444444,-0.172777777778,-0.465555555556
24.58,-1.06472798148,4.88054003704,1,1.57079632679,-0.139469444444,-0.303672222222,-0.186388888889,-0.477222222222
24.6,-1.06755555556,4.87437037037,1,1.57079632679,-0.143333333333,-0.313333333333,-0.2,-0.488888888889
24.62,-1.07046312963,4.86800514815,1,1.57079632679,-0.147469444444,-0.323227777778,-0.213611111111,-0.500555555556
24.64,-1.07345614815,4.8614397037,1,1.57079632679,-0.151877777778,-0.333355555556,-0.227222222222,-0.512222222222
24.66,-1.07654005556,4.85466937037,1,1.57079632679,-0.156558333333,-0.343716666667,-0.240833333333,-0.523888888889
24.68,-1.0797202963,4.84768948148,1,1.57079632679,-0.161511111111,-0.354311111111,-0.254444444444,-0.535555555556
24.7,-1.08300231481,4.84049537037,1,1.57079632679,-0.166736111111,-0.365138888889,-0.268055555556,-0.547222222222
24.72,-1.08639155556,4.83308237037,1,1.57079632679,-0.172233333333,-0.3762,-0.281666666667,-0.558888888889
24.74,-1.08989346296,4.82544581481,1,1.57079632679,-0.178002777778,-0.387494444444,-0.295277777778,-0.570555555556
24.76,-1.09351348148,4.81758103704,1,1.57079632679,-0.184044444444,-0.399022222222,-0.308888888889,-0.582222222222
24.78,-1.09725705556,4.80948337037,1,1.57079632679,-0.190358333333,-0.410783333333,-0.3225,-0.593888888889
24.8,-1.10112962963,4.80114814815,1,1.57079632679,-0.196944444444,-0.422777777778,-0.336111111111,-0.605555555556
24.82,-1.10513664815,4.7925707037,1,1.57079632679,-0.203802777778,-0.435005555556,-0.349722222222,-0.617222222222
24.84,-1.10928355556,4.78374637037,1,1.57079632679,-0.210933333333,-0.447466666667,-0.363333333333,-0.628888888889
24.86,-1.1135757963,4.77467048148,1,1.57079632679,-0.218336111111,-0.460161111111,-0.376944444444,-0.640555555556
24.88,-1.11801881481,4.76533837037,1,1.57079632679,-0.226011111111,-0.473088888889,-0.390555555556,-0.652222222222
24.9,-1.12261805556,4.75574537037,1,1.57079632679,-0.233958333333,-0.48625,-0.404166666667,-0.663888888889
24.92,-1.12737896296,4.74588681481,1,1.57079632679,-0.242177777778,-0.499644444444,-0.417777777778,-0.675555555556
24.94,-1.13230698148,4.73575803704,1,1.57079632679,-0.250669444444,-0.513272222222,-0.431388888889,-0.687222222222
24.96,-1.13740755556,4.72535437037,1,1.57079632679,-0.259433333333,-0.527133333333,-0.445,-0.698888888889
24.98,-1.14268612963,4.71467114815,1,1.57079632679,-0.268469444444,-0.541227777778,-0.458611111111,-0.710555555556
25,-1.14814814815,4.7037037037,1,1.57079632679,-0.277777777778,-0.555555555556,-0.222222222222,-0.444444444444
25.02,-1.153748,4.692504,1,1.57079632679,-0.2822,-0.5644,-0.22,-0.44
25.04,-1.15943585185,4.6811282963,1,1.57079632679,-0.286577777778,-0.573155555556,-0.217777777778,-0.435555555556
25.06,-1.16521081481,4.66957837037,1,1.57079632679,-0.290911111111,-0.581822222222,-0.215555555556,-0.431111111111
25.08,-1.171072,4.657856,1,1.57079632679,-0.2952,-0.5904,-0.213333333333,-0.426666666667
25.1,-1.17701851852,4.64596296296,1,1.57079632679,-0.299444444444,-0.598888888889,-0.211111111111,-0.422222222222
25.12,-1.18304948148,4.63390103704,1,1.57079632679,-0.303644444444,-0.607288888889,-0.208888888889,-0.417777777778
25.14,-1.189164,4.621672,1,1.57079632679,-0.3078,-0.6156,-0.206666666667,-0.413333333333
25.16,-1.19536118519,4.60927762963,1,1.57079632679,-0.311911111111,-0.623822222222,-0.204444444444,-0.408888888889
25.18,-1.20164014815,4.5967197037,1,1.57079632679,-0.315977777778,-0.631955555556,-0.202222222222,-0.404444444444
25.2,-1.208,4.584,1,1.57079632679,-0.32,-0.64,-0.2,-0.4
25.22,-1.21443985185,4.5711202963,1,1.57079632679,-0.323977777778,-0.647955555556,-0.197777777778,-0.395555555556
25.24,-1.22095881481,4.55808237037,1,1.57079632679,-0.327911111111,-0.655822222222,-0.195555555556,-0.391111111111
25.26,-1.227556,4.544888,1,1.57079632679,-0.3318,-0.6636,-0.193333333333,-0.386666666667
25.28,-1.23423051852,4.53153896296,1,1.57079632679,-0.335644444444,-0.671288888889,-0.191111111111,-0.382222222222
25.3,-1.24098148148,4.51803703704,1,1.57079632679,-0.339444444444,-0.678888888889,-0.188888888889,-0.377777777778
25.32,-1.247808,4.504384,1,1.57079632679,-0.3432,-0.6864,-0.186666666667,-0.373333333333
25.34,-1.25470918519,4.49058162963,1,1.57079632679,-0.346911111111,-0.693822222222,-0.184444444444,-0.368888888889
25.36,-1.26168414815,4.4766317037,1,1.57079632679,-0.350577777778,-0.701155555556,-0.182222222222,-0.364444444444
25.38,-1.268732,4.462536,1,1.57079632679,-0.3542,-0.7084,-0.18,-0.36
25.4,-1.27585185185,4.4482962963,1,1.57079632679,-0.357777777778,-0.715555555556,-0.177777777778,-0.355555555556
25.42,-1.28304281481,4.43391437037,1,1.57079632679,-0.361311111111,-0.722622222222,-0.175555555556,-0.351111111111
25.44,-1.290304,4.419392,1,1.57079632679,-0.3648,-0.7296,-0.173333333333,-0.346666666667
25.46,-1.29763451852,4.40473096296,1,1.57079632679,-0.368244444444,-0.736488888889,-0.171111111111,-0.342222222222
25.48,-1.30503348148,4.38993303704,1,1.57079632679,-0.371644444444,-0.743288888889,-0.168888888889,-0.337777777778
25.5,-1.3125,4.375,1,1.57079632679,-0.375,-0.75,-0.166666666667,-0.333333333333
25.52,-1.32003318519,4.35993362963,1,1.57079632679,-0.378311111111,-0.756622222222,-0.164444444444,-0.328888888889
25.54,-1.32763214815,4.3447357037,1,1.57079632679,-0.381577777778,-0.763155555556,-0.162222222222,-0.324444444444
25.56,-1.335296,4.329408,1,1.57079632679,-0.3848,-0.7696,-0.16,-0.32
25.58,-1.34302385185,4.3139522963,1,1.57079632679,-0.387977777778,-0.775955555556,-0.157777777778,-0.315555555556
25.6,-1.35081481481,4.29837037037,1,1.57079632679,-0.391111111111,-0.782222222222,-0.155555555556,-0.311111111111
25.62,-1.358668,4.282664,1,1.57079632679,-0.3942,-0.7884,-0.153333333333,-0.306666666667
25.64,-1.36658251852,4.26683496296,1,1.57079632679,-0.397244444444,-0.794488888889,-0.151111111111,-0.302222222222
25.66,-1.37455748148,4.25088503704,1,1.57079632679,-0.400244444444,-0.800488888889,-0.148888888889,-0.297777777778
25.68,-1.382592,4.234816,1,1.57079632679,-0.4032,-0.8064,-0.146666666667,-0.293333333333
25.7,-1.39068518519,4.21862962963,1,1.57079632679,-0.406111111111,-0.812222222222,-0.144444444444,-0.288888888889
25.72,-1.39883614815,4.2023277037,1,1.57079632679,-0.408977777778,-0.817955555556,-0.142222222222,-0.284444444444
25.74,-1.407044,4.185912,1,1.57079632679,-0.4118,-0.8236,-0.14,-0.28
25.76,-1.41530785185,4.1693842963,1,1.57079632679,-0.414577777778,-0.829155555556,-0.137777777778,-0.275555555556
25.78,-1.42362681481,4.15274637037,1,1.57079632679,-0.417311111111,-0.834622222222,-0.135555555556,-0.271111111111
25.8,-1.432,4.136,1,1.57079632679,-0.42,-0.84,-0.133333333333,-0.266666666667
25.82,-1.44042651852,4.11914696296,1,1.57079632679,-0.422644444444,-0.845288888889,-0.131111111111,-0.262222222222
25.84,-1.44890548148,4.10218903704,1,1.57079632679,-0.425244444444,-0.850488888889,-0.128888888889,-0.257777777778
25.86,-1.457436,4.085128,1,1.57079632679,-0.4278,-0.8556,-0.126666666667,-0.253333333333
25.88,-1.46601718519,4.06796562963,1,1.57079632679,-0.430311111111,-0.860622222222,-0.124444444444,-0.248888888889
25.9,-1.47464814815,4.0507037037,1,1.57079632679,-0.432777777778,-0.865555555556,-0.122222222222,-0.244444444444
25.92,-1.483328,4.033344,1,1.57079632679,-0.4352,-0.8704,-0.12,-0.24
25.94,-1.49205585185,4.0158882963,1,1.57079632679,-0.437577777778,-0.875155555556,-0.117777777778,-0.235555555556
25.96,-1.50083081481,3.99833837037,1,1.57079632679,-0.439911111111,-0.879822222222,-0.115555555556,-0.231111111111
25.98,-1.509652,3.980696,1,1.57079632679,-0.4422,-0.8844,-0.113333333333,-0.226666666667
26,-1.51851851852,3.96296296296,1,1.57079632679,-0.444444444444,-0.888888888889,-0.111111111111,-0.222222222222
26.02,-1.52742948148,3.94514103704,1,1.57079632679,-0.446644444444,-0.893288888889,-0.108888888889,-0.217777777778
26.04,-1.536384,3.927232,1,1.57079632679,-0.4488,-0.8976,-0.106666666667,-0.213333333333
26.06,-1.54538118519,3.90923762963,1,1.57079632679,-0.450911111111,-0.901822222222,-0.104444444444,-0.208888888889
26.08,-1.55442014815,3.8911597037,1,1.57079632679,-0.452977777778,-0.905955555556,-0.102222222222,-0.204444444444
26.1,-1.5635,3.873,1,1.57079632679,-0.455,-0.91,-0.1,-0.2
26.12,-1.57261985185,3.8547602963,1,1.57079632679,-0.456977777778,-0.913955555556,-0.0977777777778,-0.195555555556
26.14,-1.58177881481,3.83644237037,1,1.57079632679,-0.458911111111,-0.917822222222,-0.0955555555556,-0.191111111111
26.16,-1.590976,3.818048,1,1.57079632679,-0.4608,-0.9216,-0.0933333333333,-0.186666666667
26.18,-1.60021051852,3.79957896296,1,1.57079632679,-0.462644444444,-0.925288888889,-0.0911111111111,-0.182222222222
26.2,-1.60948148148,3.78103703704,1,1.57079632679,-0.464444444444,-0.928888888889,-0.0888888888889,-0.177777777778
26.22,-1.618788,3.762424,1,1.57079632679,-0.4662,-0.9324,-0.0866666666667,-0.173333333333
26.24,-1.62812918519,3.74374162963,1,1.57079632679,-0.467911111111,-0.935822222222,-0.0844444444444,-0.168888888889
26.26,-1.63750414815,3.7249917037,1,1.57079632679,-0.469577777778,-0.939155555556,-0.0822222222222,-0.164444444444
26.28,-1.646912,3.706176,1,1.57079632679,-0.4712,-0.9424,-0.08,-0.16
26.3,-1.65635185185,3.6872962963,1,1.57079632679,-0.472777777778,-0.945555555556,-0.0777777777778,-0.155555555556
26.32,-1.66582281481,3.66835437037,1,1.57079632679,-0.474311111111,-0.948622222222,-0.0755555555556,-0.151111111111
26.34,-1.675324,3.649352,1,1.57079632679,-0.4758,-0.9516,-0.0733333333333,-0.146666666667
26.36,-1.68485451852,3.63029096296,1,1.57079632679,-0.477244444444,-0.954488888889,-0.0711111111111,-0.142222222222
26.38,-1.69441348148,3.61117303704,1,1.57079632679,-0.478644444444,-0.957288888889,-0.0688888888889,-0.137777777778
26.4,-1.704,3.592,1,1.57079632679,-0.48,-0.96,-0.0666666666667,-0.133333333333
26.42,-1.71361318519,3.57277362963,1,1.57079632679,-0.481311111111,-0.962622222222,-0.0644444444444,-0.128888888889
26.44,-1.72325214815,3.5534957037,1,1.57079632679,-0.482577777778,-0.965155555556,-0.0622222222222,-0.124444444444
26.46,-1.732916,3.534168,1,1.57079632679,-0.4838,-0.9676,-0.06,-0.12
26.48,-1.74260385185,3.5147922963,1,1.57079632679,-0.484977777778,-0.969955555556,-0.0577777777778,-0.115555555556
26.5,-1.75231481481,3.49537037037,1,1.57079632679,-0.486111111111,-0.972222222222,-0.0555555555556,-0.111111111111
26.52,-1.762048,3.475904,1,1.57079632679,-0.4872,-0.9744,-0.0533333333333,-0.106666666667
26.54,-1.77180251852,3.45639496296,1,1.57079632679,-0.488244444444,-0.976488888889,-0.0511111111111,-0.102222222222
26.56,-1.78157748148,3.43684503704,1,1.57079632679,-0.489244444444,-0.978488888889,-0.0488888888889,-0.0977777777778
26.58,-1.791372,3.417256,1,1.57079632679,-0.4902,-0.9804,-0.0466666666667,-0.0933333333333
26.6,-1.80118518519,3.39762962963,1,1.57079632679,-0.491111111111,-0.982222222222,-0.0444444444444,-0.0888888888889
26.62,-1.81101614815,3.3779677037,1,1.57079632679,-0.491977777778,-0.983955555556,-0.0422222222222,-0.0844444444444
26.64,-1.820864,3.358272,1,1.57079632679,-0.4928,-0.9856,-0.04,-0.08
26.66,-1.83072785185,3.3385442963,1,1.57079632679,-0.493577777778,-0.987155555556,-0.0377777777778,-0.0755555555556
26.68,-1.84060681481,3.31878637037,1,1.57079632679,-0.494311111111,-0.988622222222,-0.0355555555556,-0.0711111111111
26.7,-1.8505,3.299,1,1.57079632679,-0.495,-0.99,-0.0333333333333,-0.0666666666667
26.72,-1.86040651852,3.27918696296,1,1.57079632679,-0.495644444444,-0.991288888889,-0.0311111111111,-0.0622222222222
26.74,-1.87032548148,3.25934903704,1,1.57079632679,-0.496244444444,-0.992488888889,-0.0288888888889,-0.0577777777778
26.76,-1.880256,3.239488,1,1.57079632679,-0.4968,-0.9936,-0.0266666666667,-0.0533333333333
26.78,-1.89019718519,3.21960562963,1,1.57079632679,-0.497311111111,-0.994622222222,-0.0244444444444,-0.0488888888889
26.8,-1.90014814815,3.1997037037,1,1.57079632679,-0.497777777778,-0.995555555556,-0.0222222222222,-0.0444444444444
26.82,-1.910108,3.179784,1,1.57079632679,-0.4982,-0.9964,-0.02,-0.04
26.84,-1.92007585185,3.1598482963,1,1.57079632679,-0.498577777778,-0.997155555556,-0.0177777777778,-0.0355555555556
26.86,-1.93005081481,3.13989837037,1,1.57079632679,-0.498911111111,-0.997822222222,-0.0155555555556,-0.0311111111111
26.88,-1.940032,3.119936,1,1.57079632679,-0.4992,-0.9984,-0.0133333333333,-0.0266666666667
26.9,-1.95001851852,3.09996296296,1,1.57079632679,-0.499444444444,-0.998888888889,-0.0111111111111,-0.0222222222222
26.92,-1.96000948148,3.07998103704,1,1.57079632679,-0.499644444444,-0.999288888889,-0.00888888888889,-0.0177777777778
26.94,-1.970004,3.059992,1,1.57079632679,-0.4998,-0.9996,-0.00666666666667,-0.0133333333333
26.96,-1.98000118519,3.03999762963,1,1.57079632679,-0.499911111111,-0.999822222222,-0.00444444444444,-0.00888888888889
26.98,-1.99000014815,3.0199997037,1,1.57079632679,-0.499977777778,-0.999955555556,-0.00222222222222,-0.00444444444444
27,-2,3,1,1.57079632679,-0.5,-1,0,-5.55111512313e-17
27.02,-2.00999985185,2.9800002963,1,1.57079632679,-0.499977777778,-0.999955555556,0.00222222222222,0.00444444444444
27.04,-2.01999881481,2.96000237037,1,1.57079632679,-0.499911111111,-0.999822222222,0.00444444444444,0.00888888888889
27.06,-2.029996,2.940008,1,1.57079632679,-0.4998,-0.9996,0.00666666666667,0.0133333333333
27.08,-2.03999051852,2.92001896296,1,1.57079632679,-0.499644444444,-0.999288888889,0.00888888888889,0.0177777777778
27.1,-2.04998148148,2.90003703704,1,1.57079632679,-0.499444444444,-0.998888888889,0.0111111111111,0.0222222222222
27.12,-2.059968,2.880064,1,1.57079632679,-0.4992,-0.9984,0.0133333333333,0.0266666666667
27.14,-2.06994918519,2.86010162963,1,1.57079632679,-0.498911111111,-0.997822222222,0.0155555555556,0.0311111111111
27.16,-2.07992414815,2.8401517037,1,1.57079632679,-0.498577777778,-0.997155555556,0.0177777777778,0.0355555555556
27.18,-2.089892,2.820216,1,1.57079632679,-0.4982,-0.9964,0.02,0.04
27.2,-2.09985185185,2.8002962963,1,1.57079632679,-0.497777777778,-0.995555555556,0.0222222222222,0.0444444444444
27.22,-2.10980281481,2.78039437037,1,1.57079632679,-0.497311111111,-0.994622222222,0.0244444444444,0.0488888888889
27.24,-2.119744,2.760512,1,1.57079632679,-0.4968,-0.9936,0.0266666666667,0.0533333333333
27.26,-2.12967451852,2.74065096296,1,1.57079632679,-0.496244444444,-0.992488888889,0.0288888888889,0.0577777777778
27.28,-2.13959348148,2.72081303704,1,1.57079632679,-0.495644444444,-0.991288888889,0.0311111111111,0.0622222222222
27.3,-2.1495,2.701,1,1.57079632679,-0.495,-0.99,0.0333333333333,0.0666666666667
27.32,-2.15939318519,2.68121362963,1,1.57079632679,-0.494311111111,-0.988622222222,0.0355555555556,0.0711111111111
27.34,-2.16927214815,2.6614557037,1,1.57079632679,-0.493577777778,-0.987155555556,0.0377777777778,0.0755555555556
27.36,-2.179136,2.641728,1,1.57079632679,-0.4928,-0.9856,0.04,0.08
27.38,-2.18898385185,2.6220322963,1,1.57079632679,-0.491977777778,-0.983955555556,0.0422222222222,0.0844444444444
27.4,-2.19881481481,2.60237037037,1,1.57079632679,-0.491111111111,-0.982222222222,0.0444444444444,0.0888888888889
27.42,-2.208628,2.582744,1,1.57079632679,-0.4902,-0.9804,0.0466666666667,0.0933333333333
27.44,-2.21842251852,2.56315496296,1,1.57079632679,-0.489244444444,-0.978488888889,0.0488888888889,0.0977777777778
27.46,-2.22819748148,2.54360503704,1,1.57079632679,-0.488244444444,-0.976488888889,0.0511111111111,0.102222222222
27.48,-2.237952,2.524096,1,1.57079632679,-0.4872,-0.9744,0.0533333333333,0.106666666667
27.5,-2.24768518519,2.50462962963,1,1.57079632679,-0.486111111111,-0.972222222222,0.0555555555556,0.111111111111
27.52,-2.25739614815,2.4852077037,1,1.57079632679,-0.484977777778,-0.969955555556,0.0577777777778,0.115555555556
27.54,-2.267084,2.465832,1,1.57079632679,-0.4838,-0.9676,0.06,0.12
27.56,-2.27674785185,2.4465042963,1,1.57079632679,-0.482577777778,-0.965155555556,0.0622222222222,0.124444444444
27.58,-2.28638681481,2.42722637037,1,1.57079632679,-0.481311111111,-0.962622222222,0.0644444444444,0.128888888889
27.6,-2.296,2.408,1,1.57079632679,-0.48,-0.96,0.0666666666667,0.133333333333
27.62,-2.30558651852,2.38882696296,1,1.57079632679,-0.478644444444,-0.957288888889,0.0688888888889,0.137777777778
27.64,-2.31514548148,2.36970903704,1,1.57079632679,-0.477244444444,-0.954488888889,0.0711111111111,0.142222222222
27.66,-2.324676,2.350648,1,1.57079632679,-0.4758,-0.9516,0.0733333333333,0.146666666667
27.68,-2.33417718519,2.33164562963,1,1.57079632679,-0.474311111111,-0.948622222222,0.0755555555556,0.151111111111
27.7,-2.34364814815,2.3127037037,1,1.57079632679,-0.472777777778,-0.945555555556,0.0777777777778,0.155555555556
27.72,-2.353088,2.293824,1,1.57079632679,-0.4712,-0.9424,0.08,0.16
27.74,-2.36249585185,2.2750082963,1,1.57079632679,-0.469577777778,-0.939155555556,0.0822222222222,0.164444444444
27.76,-2.37187081481,2.25625837037,1,1.57079632679,-0.467911111111,-0.935822222222,0.0844444444444,0.168888888889
27.78,-2.381212,2.237576,1,1.57079632679,-0.4662,-0.9324,0.0866666666667,0.173333333333
27.8,-2.39051851852,2.21896296296,1,1.57079632679,-0.464444444444,-0.928888888889,0.0888888888889,0.177777777778
27.82,-2.39978948148,2.20042103704,1,1.57079632679,-0.462644444444,-0.925288888889,0.0911111111111,0.182222222222
27.84,-2.409024,2.181952,1,1.57079632679,-0.4608,-0.9216,0.0933333333333,0.186666666667
27.86,-2.41822118519,2.16355762963,1,1.57079632679,-0.458911111111,-0.917822222222,0.0955555555556,0.191111111111
27.88,-2.42738014815,2.1452397037,1,1.57079632679,-0.456977777778,-0.913955555556,0.0977777777778,0.195555555556
27.9,-2.4365,2.127,1,1.57079632679,-0.455,-0.91,0.1,0.2
27.92,-2.44557985185,2.1088402963,1,1.57079632679,-0.452977777778,-0.905955555556,0.102222222222,0.204444444444
27.94,-2.45461881481,2.09076237037,1,1.57079632679,-0.450911111111,-0.901822222222,0.104444444444,0.208888888889
27.96,-2.463616,2.072768,1,1.57079632679,-0.4488,-0.8976,0.106666666667,0.213333333333
27.98,-2.47257051852,2.05485896296,1,1.57079632679,-0.446644444444,-0.893288888889,0.108888888889,0.217777777778
28,-2.48148148148,2.03703703704,1,1.57079632679,-0.444444444444,-0.888888888889,0.111111111111,0.222222222222
28.02,-2.490348,2.019304,1,1.57079632679,-0.4422,-0.8844,0.113333333333,0.226666666667
28.04,-2.49916918519,2.00166162963,1,1.57079632679,-0.439911111111,-0.879822222222,0.115555555556,0.231111111111
28.06,-2.50794414815,1.9841117037,1,1.57079632679,-0.437577777778,-0.875155555556,0.117777777778,0.235555555556
28.08,-2.516672,1.966656,1,1.57079632679,-0.4352,-0.8704,0.12,0.24
28.1,-2.52535185185,1.9492962963,1,1.57079632679,-0.432777777778,-0.865555555556,0.122222222222,0.244444444444
28.12,-2.53398281481,1.93203437037,1,1.57079632679,-0.430311111111,-0.860622222222,0.124444444444,0.248888888889
28.14,-2.542564,1.914872,1,1.57079632679,-0.4278,-0.8556,0.126666666667,0.253333333333
28.16,-2.55109451852,1.89781096296,1,1.57079632679,-0.425244444444,-0.850488888889,0.128888888889,0.257777777778
28.18,-2.55957348148,1.88085303704,1,1.57079632679,-0.422644444444,-0.845288888889,0.131111111111,0.262222222222
28.2,-2.568,1.864,1,1.57079632679,-0.42,-0.84,0.133333333333,0.266666666667
28.22,-2.57637318519,1.84725362963,1,1.57079632679,-0.417311111111,-0.834622222222,0.135555555556,0.271111111111
28.24,-2.58469214815,1.8306157037,1,1.57079632679,-0.414577777778,-0.829155555556,0.137777777778,0.275555555556
28.26,-2.592956,1.814088,1,1.57079632679,-0.4118,-0.8236,0.14,0.28
28.28,-2.60116385185,1.7976722963,1,1.57079632679,-0.408977777778,-0.817955555556,0.142222222222,0.284444444444
28.3,-2.60931481481,1.78137037037,1,1.57079632679,-0.406111111111,-0.812222222222,0.144444444444,0.288888888889
28.32,-2.617408,1.765184,1,1.57079632679,-0.4032,-0.8064,0.146666666667,0.293333333333
28.34,-2.62544251852,1.74911496296,1,1.57079632679,-0.400244444444,-0.800488888889,0.148888888889,0.297777777778
28.36,-2.63341748148,1.73316503704,1,1.57079632679,-0.397244444444,-0.794488888889,0.151111111111,0.302222222222
28.38,-2.641332,1.717336,1,1.57079632679,-0.3942,-0.7884,0.153333333333,0.306666666667
28.4,-2.64918518519,1.70162962963,1,1.57079632679,-0.391111111111,-0.782222222222,0.155555555556,0.311111111111
28.42,-2.65697614815,1.6860477037,1,1.57079632679,-0.387977777778,-0.775955555556,0.157777777778,0.315555555556
28.44,-2.664704,1.670592,1,1.57079632679,-0.3848,-0.7696,0.16,0.32
28.46,-2.67236785185,1.6552642963,1,1.57079632679,-0.381577777778,-0.763155555556,0.162222222222,0.324444444444
28.48,-2.67996681481,1.64006637037,1,1.57079632679,-0.378311111111,-0.756622222222,0.164444444444,0.328888888889
28.5,-2.6875,1.625,1,1.57079632679,-0.375,-0.75,0.166666666667,0.333333333333
28.52,-2.69496651852,1.61006696296,1,1.57079632679,-0.371644444444,-0.743288888889,0.168888888889,0.337777777778
28.54,-2.70236548148,1.59526903704,1,1.57079632679,-0.368244444444,-0.736488888889,0.171111111111,0.342222222222
28.56,-2.709696,1.580608,1,1.57079632679,-0.3648,-0.7296,0.173333333333,0.346666666667
28.58,-2.71695718519,1.56608562963,1,1.57079632679,-0.361311111111,-0.722622222222,0.175555555556,0.351111111111
28.6,-2.72414814815,1.5517037037,1,1.57079632679,-0.357777777778,-0.715555555556,0.177777777778,0.355555555556
28.62,-2.731268,1.537464,1,1.57079632679,-0.3542,-0.7084,0.18,0.36
28.64,-2.73831585185,1.5233682963,1,1.57079632679,-0.350577777778,-0.701155555556,0.182222222222,0.364444444444
28.66,-2.74529081481,1.50941837037,1,1.57079632679,-0.346911111111,-0.693822222222,0.184444444444,0.368888888889
28.68,-2.752192,1.495616,1,1.57079632679,-0.3432,-0.6864,0.186666666667,0.373333333333
28.7,-2.75901851852,1.48196296296,1,1.57079632679,-0.339444444444,-0.678888888889,0.188888888889,0.377777777778
28.72,-2.76576948148,1.46846103704,1,1.57079632679,-0.335644444444,-0.671288888889,0.191111111111,0.382222222222
28.74,-2.772444,1.455112,1,1.57079632679,-0.3318,-0.6636,0.193333333333,0.386666666667
28.76,-2.77904118519,1.44191762963,1,1.57079632679,-0.327911111111,-0.655822222222,0.195555555556,0.391111111111
28.78,-2.78556014815,1.4288797037,1,1.57079632679,-0.323977777778,-0.647955555556,0.197777777778,0.395555555556
28.8,-2.792,1.416,1,1.57079632679,-0.32,-0.64,0.2,0.4
28.82,-2.79835985185,1.4032802963,1,1.57079632679,-0.315977777778,-0.631955555556,0.202222222222,0.404444444444
28.84,-2.80463881481,1.39072237037,1,1.57079632679,-0.311911111111,-0.623822222222,0.204444444444,0.408888888889
28.86,-2.810836,1.378328,1,1.57079632679,-0.3078,-0.6156,0.206666666667,0.413333333333
28.88,-2.81695051852,1.36609896296,1,1.57079632679,-0.303644444444,-0.607288888889,0.208888888889,0.417777777778
28.9,-2.82298148148,1.35403703704,1,1.57079632679,-0.299444444444,-0.598888888889,0.211111111111,0.422222222222
28.92,-2.828928,1.342144,1,1.57079632679,-0.2952,-0.5904,0.213333333333,0.426666666667
28.94,-2.83478918519,1.33042162963,1,1.57079632679,-0.290911111111,-0.581822222222,0.215555555556,0.431111111111
28.96,-2.84056414815,1.3188717037,1,1.57079632679,-0.286577777778,-0.573155555556,0.217777777778,0.435555555556
28.98,-2.846252,1.307496,1,1.57079632679,-0.2822,-0.5644,0.22,0.44
29,-2.85185185185,1.2962962963,1,1.57079632679,-0.277777777778,-0.555555555556,0.222222222222,0.444444444444
29.02,-2.85736281481,1.28527437037,1,1.57079632679,-0.273311111111,-0.546622222222,0.224444444444,0.448888888889
29.04,-2.862784,1.274432,1,1.57079632679,-0.2688,-0.5376,0.226666666667,0.453333333333
29.06,-2.86811451852,1.26377096296,1,1.57079632679,-0.264244444444,-0.528488888889,0.228888888889,0.457777777778
29.08,-2.87335348148,1.25329303704,1,1.57079632679,-0.259644444444,-0.519288888889,0.231111111111,0.462222222222
29.1,-2.8785,1.243,1,1.57079632679,-0.255,-0.51,0.233333333333,0.466666666667
29.12,-2.88355318519,1.23289362963,1,1.57079632679,-0.250311111111,-0.500622222222,0.235555555556,0.471111111111
29.14,-2.88851214815,1.2229757037,1,1.57079632679,-0.245577777778,-0.491155555556,0.237777777778,0.475555555556
29.16,-2.893376,1.213248,1,1.57079632679,-0.2408,-0.4816,0.24,0.48
29.18,-2.89814385185,1.2037122963,1,1.57079632679,-0.235977777778,-0.471955555556,0.242222222222,0.484444444444
29.2,-2.90281481481,1.19437037037,1,1.57079632679,-0.231111111111,-0.462222222222,0.244444444444,0.488888888889
29.22,-2.907388,1.185224,1,1.57079632679,-0.2262,-0.4524,0.246666666667,0.493333333333
29.24,-2.91186251852,1.17627496296,1,1.57079632679,-0.221244444444,-0.442488888889,0.248888888889,0.497777777778
29.26,-2.91623748148,1.16752503704,1,1.57079632679,-0.216244444444,-0.432488888889,0.251111111111,0.502222222222
29.28,-2.920512,1.158976,1,1.57079632679,-0.2112,-0.4224,0.253333333333,0.506666666667
29.3,-2.92468518519,1.15062962963,1,1.57079632679,-0.206111111111,-0.412222222222,0.255555555556,0.511111111111
29.32,-2.92875614815,1.1424877037,1,1.57079632679,-0.200977777778,-0.401955555556,0.257777777778,0.515555555556
29.34,-2.932724,1.134552,1,1.57079632679,-0.1958,-0.3916,0.26,0.52
29.36,-2.93658785185,1.1268242963,1,1.57079632679,-0.190577777778,-0.381155555556,0.262222222222,0.524444444444
29.38,-2.94034681481,1.11930637037,1,1.57079632679,-0.185311111111,-0.370622222222,0.264444444444,0.528888888889
29.4,-2.944,1.112,1,1.57079632679,-0.18,-0.36,0.266666666667,0.533333333333
29.42,-2.94754651852,1.10490696296,1,1.57079632679,-0.174644444444,-0.349288888889,0.268888888889,0.537777777778
29.44,-2.95098548148,1.09802903704,1,1.57079632679,-0.169244444444,-0.338488888889,0.271111111111,0.542222222222
29.46,-2.954316,1.091368,1,1.57079632679,-0.1638,-0.3276,0.273333333333,0.546666666667
29.48,-2.95753718519,1.08492562963,1,1.57079632679,-0.158311111111,-0.316622222222,0.275555555556,0.551111111111
29.5,-2.96064814815,1.0787037037,1,1.57079632679,-0.152777777778,-0.305555555556,0.277777777778,0.555555555556
29.52,-2.963648,1.072704,1,1.57079632679,-0.1472,-0.2944,0.28,0.56
29.54,-2.96653585185,1.0669282963,1,1.57079632679,-0.141577777778,-0.283155555556,0.282222222222,0.564444444444
29.56,-2.96931081481,1.06137837037,1,1.57079632679,-0.135911111111,-0.271822222222,0.284444444444,0.568888888889
29.58,-2.971972,1.056056,1,1.57079632679,-0.1302,-0.2604,0.286666666667,0.573333333333
29.6,-2.97451851852,1.05096296296,1,1.57079632679,-0.124444444444,-0.248888888889,0.288888888889,0.577777777778
29.62,-2.97694948148,1.04610103704,1,1.57079632679,-0.118644444444,-0.237288888889,0.291111111111,0.582222222222
29.64,-2.979264,1.041472,1,1.57079632679,-0.1128,-0.2256,0.293333333333,0.586666666667
29.66,-2.98146118519,1.03707762963,1,1.57079632679,-0.106911111111,-0.213822222222,0.295555555556,0.591111111111
29.68,-2.98354014815,1.0329197037,1,1.57079632679,-0.100977777778,-0.201955555556,0.297777777778,0.595555555556
29.7,-2.9855,1.029,1,1.57079632679,-0.095,-0.19,0.3,0.6
29.72,-2.98733985185,1.0253202963,1,1.57079632679,-0.0889777777778,-0.177955555556,0.302222222222,0.604444444444
29.74,-2.98905881481,1.02188237037,1,1.57079632679,-0.0829111111111,-0.165822222222,0.304444444444,0.608888888889
29.76,-2.990656,1.018688,1,1.57079632679,-0.0768,-0.1536,0.306666666667,0.613333333333
29.78,-2.99213051852,1.01573896296,1,1.57079632679,-0.0706444444444,-0.141288888889,0.308888888889,0.617777777778
29.8,-2.99348148148,1.01303703704,1,1.57079632679,-0.0644444444444,-0.128888888889,0.311111111111,0.622222222222
29.82,-2.994708,1.010584,1,1.57079632679,-0.0582,-0.1164,0.313333333333,0.626666666667
29.84,-2.99580918519,1.00838162963,1,1.57079632679,-0.0519111111111,-0.103822222222,0.315555555556,0.631111111111
29.86,-2.99678414815,1.0064317037,1,1.57079632679,-0.0455777777778,-0.0911555555556,0.317777777778,0.635555555556
29.88,-2.997632,1.004736,1,1.57079632679,-0.0392,-0.0784,0.32,0.64
29.9,-2.99835185185,1.0032962963,1,1.57079632679,-0.0327777777778,-0.0655555555556,0.322222222222,0.644444444444
29.92,-2.99894281481,1.00211437037,1,1.57079632679,-0.0263111111111,-0.0526222222222,0.324444444444,0.648888888889
29.94,-2.999404,1.001192,1,1.57079632679,-0.0198,-0.0396,0.326666666667,0.653333333333
29.96,-2.99973451852,1.00053096296,1,1.57079632679,-0.0132444444444,-0.0264888888889,0.328888888889,0.657777777778
29.98,-2.99993348148,1.00013303704,1,1.57079632679,-0.00664444444444,-0.0132888888889,0.331111111111,0.662222222222
30,-3,1,1,1.57079632679,0,0,0,0
