t_s,x_m,y_m,z_m,yaw_rad,x_velocity_mps,y_velocity_mps,x_acceleration_mps2,y_acceleration_mps2
0,0,0,1,1.57079632679,0,0,0.166666666667,0
0.02,3.32962962963e-05,0,1,1.57079632679,0.00332777777778,0,0.166111111111,0
0.04,0.000133037037037,0,1,1.57079632679,0.00664444444444,0,0.165555555556,0
0.06,0.000299,0,1,1.57079632679,0.00995,0,0.165,0
0.08,0.000530962962963,0,1,1.57079632679,0.0132444444444,0,0.164444444444,0
0.1,0.000828703703704,0,1,1.57079632679,0.0165277777778,0,0.163888888889,0
0.12,0.001192,0,1,1.57079632679,0.0198,0,0.163333333333,0
0.14,0.00162062962963,0,1,1.57079632679,0.0230611111111,0,0.162777777778,0
0.16,0.00211437037037,0,1,1.57079632679,0.0263111111111,0,0.162222222222,0
0.18,0.002673,0,1,1.57079632679,0.02955,0,0.161666666667,0
0.2,0.0032962962963,0,1,1.57079632679,0.0327777777778,0,0.161111111111,0
0.22,0.00398403703704,0,1,1.57079632679,0.0359944444444,0,0.160555555556,0
0.24,0.004736,0,1,1.57079632679,0.0392,0,0.16,0
0.26,0.00555196296296,0,1,1.57079632679,0.0423944444444,0,0.159444444444,0
0.28,0.0064317037037,0,1,1.57079632679,0.0455777777778,0,0.158888888889,0
0.3,0.007375,0,1,1.57079632679,0.04875,0,0.158333333333,0
0.32,0.00838162962963,0,1,1.57079632679,0.0519111111111,0,0.157777777778,0
0.34,0.00945137037037,0,1,1.57079632679,0.0550611111111,0,0.157222222222,0
0.36,0.010584,0,1,1.57079632679,0.0582,0,0.156666666667,0
0.38,0.0117792962963,0,1,1.57079632679,0.0613277777778,0,0.156111111111,0
0.4,0.013037037037,0,1,1.57079632679,0.0644444444444,0,0.155555555556,0
0.42,0.014357,0,1,1.57079632679,0.06755,0,0.155,0
0.44,0.015738962963,0,1,1.57079632679,0.0706444444444,0,0.154444444444,0
0.46,0.0171827037037,0,1,1.57079632679,0.0737277777778,0,0.153888888889,0
0.48,0.018688,0,1,1.57079632679,0.0768,0,0.153333333333,0
0.5,0.0202546296296,0,1,1.57079632679,0.0798611111111,0,0.152777777778,0
0.52,0.0218823703704,0,1,1.57079632679,0.0829111111111,0,0.152222222222,0
0.54,0.023571,0,1,1.57079632679,0.08595,0,0.151666666667,0
0.56,0.0253202962963,0,1,1.57079632679,0.0889777777778,0,0.151111111111,0
0.58,0.027130037037,0,1,1.57079632679,0.0919944444444,0,0.150555555556,0
0.6,0.029,0,1,1.57079632679,0.095,0,0.15,0
0.62,0.030929962963,0,1,1.57079632679,0.0979944444444,0,0.149444444444,0
0.64,0.0329197037037,0,1,1.57079632679,0.100977777778,0,0.148888888889,0
0.66,0.034969,0,1,1.57079632679,0.10395,0,0.148333333333,0
0.68,0.0370776296296,0,1,1.57079632679,0.106911111111,0,0.147777777778,0
0.7,0.0392453703704,0,1,1.57079632679,0.109861111111,0,0.147222222222,0
0.72,0.041472,0,1,1.57079632679,0.1128,0,0.146666666667,0
0.74,0.0437572962963,0,1,1.57079632679,0.115727777778,0,0.146111111111,0
0.76,0.046101037037,0,1,1.57079632679,0.118644444444,0,0.145555555556,0
0.78,0.048503,0,1,1.57079632679,0.12155,0,0.145,0
0.8,0.050962962963,0,1,1.57079632679,0.124444444444,0,0.144444444444,0
0.82,0.0534807037037,0,1,1.57079632679,0.127327777778,0,0.143888888889,0
0.84,0.056056,0,1,1.57079632679,0.1302,0,0.143333333333,0
0.86,0.0586886296296,0,1,1.57079632679,0.133061111111,0,0.142777777778,0
0.88,0.0613783703704,0,1,1.57079632679,0.135911111111,0,0.142222222222,0
0.9,0.064125,0,1,1.57079632679,0.13875,0,0.141666666667,0
0.92,0.0669282962963,0,1,1.57079632679,0.141577777778,0,0.141111111111,0
0.94,0.069788037037,0,1,1.57079632679,0.144394444444,0,0.140555555556,0
0.96,0.072704,0,1,1.57079632679,0.1472,0,0.14,0
0.98,0.075675962963,0,1,1.57079632679,0.149994444444,0,0.139444444444,0
1,0.0787037037037,0,1,1.57079632679,0.152777777778,0,0.138888888889,0
1.02,0.081787,0,1,1.57079632679,0.15555,0,0.138333333333,0
1.04,0.0849256296296,0,1,1.57079632679,0.158311111111,0,0.137777777778,0
1.06,0.0881193703704,0,1,1.57079632679,0.161061111111,0,0.137222222222,0
1.08,0.091368,0,1,1.57079632679,0.1638,0,0.136666666667,0
1.1,0.0946712962963,0,1,1.57079632679,0.166527777778,0,0.136111111111,0
1.12,0.098029037037,0,1,1.57079632679,0.169244444444,0,0.135555555556,0
1.14,0.101441,0,1,1.57079632679,0.17195,0,0.135,0
1.16,0.104906962963,0,1,1.57079632679,0.174644444444,0,0.134444444444,0
1.18,0.108426703704,0,1,1.57079632679,0.177327777778,0,0.133888888889,0
1.2,0.112,0,1,1.57079632679,0.18,0,0.133333333333,0
1.22,0.11562662963,0,1,1.57079632679,0.182661111111,0,0.132777777778,0
1.24,0.11930637037,0,1,1.57079632679,0.185311111111,0,0.132222222222,0
1.26,0.123039,0,1,1.57079632679,0.18795,0,0.131666666667,0
1.28,0.126824296296,0,1,1.57079632679,0.190577777778,0,0.131111111111,0
1.3,0.130662037037,0,1,1.57079632679,0.193194444444,0,0.130555555556,0
1.32,0.134552,0,1,1.57079632679,0.1958,0,0.13,0
1.34,0.138493962963,0,1,1.57079632679,0.198394444444,0,0.129444444444,0
1.36,0.142487703704,0,1,1.57079632679,0.200977777778,0,0.128888888889,0
1.38,0.146533,0,1,1.57079632679,0.20355,0,0.128333333333,0
1.4,0.15062962963,0,1,1.57079632679,0.206111111111,0,0.127777777778,0
1.42,0.15477737037,0,1,1.57079632679,0.208661111111,0,0.127222222222,0
1.44,0.158976,0,1,1.57079632679,0.2112,0,0.126666666667,0
1.46,0.163225296296,0,1,1.57079632679,0.213727777778,0,0.126111111111,0
1.48,0.167525037037,0,1,1.57079632679,0.216244444444,0,0.125555555556,0
1.5,0.171875,0,1,1.57079632679,0.21875,0,0.125,0
1.52,0.176274962963,0,1,1.57079632679,0.221244444444,0,0.124444444444,0
1.54,0.180724703704,0,1,1.57079632679,0.223727777778,0,0.123888888889,0
1.56,0.185224,0,1,1.57079632679,0.2262,0,0.123333333333,0
1.58,0.18977262963,0,1,1.57079632679,0.228661111111,0,0.122777777778,0
1.6,0.19437037037,0,1,1.57079632679,0.231111111111,0,0.122222222222,0
1.62,0.199017,0,1,1.57079632679,0.23355,0,0.121666666667,0
1.64,0.203712296296,0,1,1.57079632679,0.235977777778,0,0.121111111111,0
1.66,0.208456037037,0,1,1.57079632679,0.238394444444,0,0.120555555556,0
1.68,0.213248,0,1,1.57079632679,0.2408,0,0.12,0
1.7,0.218087962963,0,1,1.57079632679,0.243194444444,0,0.119444444444,0
1.72,0.222975703704,0,1,1.57079632679,0.245577777778,0,0.118888888889,0
1.74,0.227911,0,1,1.57079632679,0.24795,0,0.118333333333,0
1.76,0.23289362963,0,1,1.57079632679,0.250311111111,0,0.117777777778,0
1.78,0.23792337037,0,1,1.57079632679,0.252661111111,0,0.117222222222,0
1.8,0.243,0,1,1.57079632679,0.255,0,0.116666666667,0
1.82,0.248123296296,0,1,1.57079632679,0.257327777778,0,0.116111111111,0
1.84,0.253293037037,0,1,1.57079632679,0.259644444444,0,0.115555555556,0
1.86,0.258509,0,1,1.57079632679,0.26195,0,0.115,0
1.88,0.263770962963,0,1,1.57079632679,0.264244444444,0,0.114444444444,0
1.9,0.269078703704,0,1,1.57079632679,0.266527777778,0,0.113888888889,0
1.92,0.274432,0,1,1.57079632679,0.2688,0,0.113333333333,0
1.94,0.27983062963,0,1,1.57079632679,0.271061111111,0,0.112777777778,0
1.96,0.28527437037,0,1,1.57079632679,0.273311111111,0,0.112222222222,0
1.98,0.290763,0,1,1.57079632679,0.27555,0,0.111666666667,0
2,0.296296296296,0,1,1.57079632679,0.277777777778,0,0.111111111111,0
2.02,0.301874037037,0,1,1.57079632679,0.279994444444,0,0.110555555556,0
2.04,0.307496,0,1,1.57079632679,0.2822,0,0.11,0
2.06,0.313161962963,0,1,1.57079632679,0.284394444444,0,0.109444444444,0
2.08,0.318871703704,0,1,1.57079632679,0.286577777778,0,0.108888888889,0
2.1,0.324625,0,1,1.57079632679,0.28875,0,0.108333333333,0
2.12,0.33042162963,0,1,1.57079632679,0.290911111111,0,0.107777777778,0
2.14,0.33626137037,0,1,1.57079632679,0.293061111111,0,0.107222222222,0
2.16,0.342144,0,1,1.57079632679,0.2952,0,0.106666666667,0
2.18,0.348069296296,0,1,1.57079632679,0.297327777778,0,0.106111111111,0
2.2,0.354037037037,0,1,1.57079632679,0.299444444444,0,0.105555555556,0
2.22,0.360047,0,1,1.57079632679,0.30155,0,0.105,0
2.24,0.366098962963,0,1,1.57079632679,0.303644444444,0,0.104444444444,0
2.26,0.372192703704,0,1,1.57079632679,0.305727777778,0,0.103888888889,0
2.28,0.378328,0,1,1.57079632679,0.3078,0,0.103333333333,0
2.3,0.38450462963,0,1,1.57079632679,0.309861111111,0,0.102777777778,0
2.32,0.39072237037,0,1,1.57079632679,0.311911111111,0,0.102222222222,0
2.34,0.396981,0,1,1.57079632679,0.31395,0,0.101666666667,0
2.36,0.403280296296,0,1,1.57079632679,0.315977777778,0,0.101111111111,0
2.38,0.409620037037,0,1,1.57079632679,0.317994444444,0,0.100555555556,0
2.4,0.416,0,1,1.57079632679,0.32,0,0.1,0
2.42,0.422419962963,0,1,1.57079632679,0.321994444444,0,0.0994444444444,0
2.44,0.428879703704,0,1,1.57079632679,0.323977777778,0,0.0988888888889,0
2.46,0.435379,0,1,1.57079632679,0.32595,0,0.0983333333333,0
2.48,0.44191762963,0,1,1.57079632679,0.327911111111,0,0.0977777777778,0
2.5,0.44849537037,0,1,1.57079632679,0.329861111111,0,0.0972222222222,0
2.52,0.455112,0,1,1.57079632679,0.3318,0,0.0966666666667,0
2.54,0.461767296296,0,1,1.57079632679,0.333727777778,0,0.0961111111111,0
2.56,0.468461037037,0,1,1.57079632679,0.335644444444,0,0.0955555555556,0
2.58,0.475193,0,1,1.57079632679,0.33755,0,0.095,0
2.6,0.481962962963,0,1,1.57079632679,0.339444444444,0,0.0944444444444,0
2.62,0.488770703704,0,1,1.57079632679,0.341327777778,0,0.0938888888889,0
2.64,0.495616,0,1,1.57079632679,0.3432,0,0.0933333333333,0
2.66,0.50249862963,0,1,1.57079632679,0.345061111111,0,0.0927777777778,0
2.68,0.50941837037,0,1,1.57079632679,0.346911111111,0,0.0922222222222,0
2.7,0.516375,0,1,1.57079632679,0.34875,0,0.0916666666667,0
2.72,0.523368296296,0,1,1.57079632679,0.350577777778,0,0.0911111111111,0
2.74,0.530398037037,0,1,1.57079632679,0.352394444444,0,0.0905555555556,0
2.76,0.537464,0,1,1.57079632679,0.3542,0,0.09,0
2.78,0.544565962963,0,1,1.57079632679,0.355994444444,0,0.0894444444444,0
2.8,0.551703703704,0,1,1.57079632679,0.357777777778,0,0.0888888888889,0
2.82,0.558877,0,1,1.57079632679,0.35955,0,0.0883333333333,0
2.84,0.56608562963,0,1,1.57079632679,0.361311111111,0,0.0877777777778,0
2.86,0.57332937037,0,1,1.57079632679,0.363061111111,0,0.0872222222222,0
2.88,0.580608,0,1,1.57079632679,0.3648,0,0.0866666666667,0
2.9,0.587921296296,0,1,1.57079632679,0.366527777778,0,0.0861111111111,0
2.92,0.595269037037,0,1,1.57079632679,0.368244444444,0,0.0855555555556,0
2.94,0.602651,0,1,1.57079632679,0.36995,0,0.085,0
2.96,0.610066962963,0,1,1.57079632679,0.371644444444,0,0.0844444444444,0
2.98,0.617516703704,0,1,1.57079632679,0.373327777778,0,0.0838888888889,0
3,0.625,0,1,1.57079632679,0.375,0,0.0833333333333,0
3.02,0.63251662963,0,1,1.57079632679,0.376661111111,0,0.0827777777778,0
3.04,0.64006637037,0,1,1.57079632679,0.378311111111,0,0.0822222222222,0
3.06,0.647649,0,1,1.57079632679,0.37995,0,0.0816666666667,0
3.08,0.655264296296,0,1,1.57079632679,0.381577777778,0,0.0811111111111,0
3.1,0.662912037037,0,1,1.57079632679,0.383194444444,0,0.0805555555556,0
3.12,0.670592,0,1,1.57079632679,0.3848,0,0.08,0
3.14,0.678303962963,0,1,1.57079632679,0.386394444444,0,0.0794444444444,0
3.16,0.686047703704,0,1,1.57079632679,0.387977777778,0,0.0788888888889,0
3.18,0.693823,0,1,1.57079632679,0.38955,0,0.0783333333333,0
3.2,0.70162962963,0,1,1.57079632679,0.391111111111,0,0.0777777777778,0
3.22,0.70946737037,0,1,1.57079632679,0.392661111111,0,0.0772222222222,0
3.24,0.717336,0,1,1.57079632679,0.3942,0,0.0766666666667,0
3.26,0.725235296296,0,1,1.57079632679,0.395727777778,0,0.0761111111111,0
3.28,0.733165037037,0,1,1.57079632679,0.397244444444,0,0.0755555555556,0
3.3,0.741125,0,1,1.57079632679,0.39875,0,0.075,0
3.32,0.749114962963,0,1,1.57079632679,0.400244444444,0,0.0744444444444,0
3.34,0.757134703704,0,1,1.57079632679,0.401727777778,0,0.0738888888889,0
3.36,0.765184,0,1,1.57079632679,0.4032,0,0.0733333333333,0
3.38,0.77326262963,0,1,1.57079632679,0.404661111111,0,0.0727777777778,0
3.4,0.78137037037,0,1,1.57079632679,0.406111111111,0,0.0722222222222,0
3.42,0.789507,0,1,1.57079632679,0.40755,0,0.0716666666667,0
3.44,0.797672296296,0,1,1.57079632679,0.408977777778,0,0.0711111111111,0
3.46,0.805866037037,0,1,1.57079632679,0.410394444444,0,0.0705555555556,0
3.48,0.814088,0,1,1.57079632679,0.4118,0,0.07,0
3.5,0.822337962963,0,1,1.57079632679,0.413194444444,0,0.0694444444444,0
3.52,0.830615703704,0,1,1.57079632679,0.414577777778,0,0.0688888888889,0
3.54,0.838921,0,1,1.57079632679,0.41595,0,0.0683333333333,0
3.56,0.84725362963,0,1,1.57079632679,0.417311111111,0,0.0677777777778,0
3.58,0.85561337037,0,1,1.57079632679,0.418661111111,0,0.0672222222222,0
3.6,0.864,0,1,1.57079632679,0.42,0,0.0666666666667,0
3.62,0.872413296296,0,1,1.57079632679,0.421327777778,0,0.0661111111111,0
3.64,0.880853037037,0,1,1.57079632679,0.422644444444,0,0.0655555555556,0
3.66,0.889319,0,1,1.57079632679,0.42395,0,0.065,0
3.68,0.897810962963,0,1,1.57079632679,0.425244444444,0,0.0644444444444,0
3.7,0.906328703704,0,1,1.57079632679,0.426527777778,0,0.0638888888889,0
3.72,0.914872,0,1,1.57079632679,0.4278,0,0.0633333333333,0
3.74,0.92344062963,0,1,1.57079632679,0.429061111111,0,0.0627777777778,0
3.76,0.93203437037,0,1,1.57079632679,0.430311111111,0,0.0622222222222,0
3.78,0.940653,0,1,1.57079632679,0.43155,0,0.0616666666667,0
3.8,0.949296296296,0,1,1.57079632679,0.432777777778,0,0.0611111111111,0
3.82,0.957964037037,0,1,1.57079632679,0.433994444444,0,0.0605555555556,0
3.84,0.966656,0,1,1.57079632679,0.4352,0,0.06,0
3.86,0.975371962963,0,1,1.57079632679,0.436394444444,0,0.0594444444444,0
3.88,0.984111703704,0,1,1.57079632679,0.437577777778,0,0.0588888888889,0
3.9,0.992875,0,1,1.57079632679,0.43875,0,0.0583333333333,0
3.92,1.00166162963,0,1,1.57079632679,0.439911111111,0,0.0577777777778,0
3.94,1.01047137037,0,1,1.57079632679,0.441061111111,0,0.0572222222222,0
3.96,1.019304,0,1,1.57079632679,0.4422,0,0.0566666666667,0
3.98,1.0281592963,0,1,1.57079632679,0.443327777778,0,0.0561111111111,0
4,1.03703703704,0,1,1.57079632679,0.444444444444,0,0.0555555555556,0
4.02,1.045937,0,1,1.57079632679,0.44555,0,0.055,0
4.04,1.05485896296,0,1,1.57079632679,0.446644444444,0,0.0544444444444,0
4.06,1.0638027037,0,1,1.57079632679,0.447727777778,0,0.0538888888889,0
4.08,1.072768,0,1,1.57079632679,0.4488,0,0.0533333333333,0
4.1,1.08175462963,0,1,1.57079632679,0.449861111111,0,0.0527777777778,0
4.12,1.09076237037,0,1,1.57079632679,0.450911111111,0,0.0522222222222,0
4.14,1.099791,0,1,1.57079632679,0.45195,0,0.0516666666667,0
4.16,1.1088402963,0,1,1.57079632679,0.452977777778,0,0.0511111111111,0
4.18,1.11791003704,0,1,1.57079632679,0.453994444444,0,0.0505555555556,0
4.2,1.127,0,1,1.57079632679,0.455,0,0.05,0
4.22,1.13610996296,0,1,1.57079632679,0.455994444444,0,0.0494444444444,0
4.24,1.1452397037,0,1,1.57079632679,0.456977777778,0,0.0488888888889,0
4.26,1.154389,0,1,1.57079632679,0.45795,0,0.0483333333333,0
4.28,1.16355762963,0,1,1.57079632679,0.458911111111,0,0.0477777777778,0
4.3,1.17274537037,0,1,1.57079632679,0.459861111111,0,0.0472222222222,0
4.32,1.181952,0,1,1.57079632679,0.4608,0,0.0466666666667,0
4.34,1.1911772963,0,1,1.57079632679,0.461727777778,0,0.0461111111111,0
4.36,1.20042103704,0,1,1.57079632679,0.462644444444,0,0.0455555555556,0
4.38,1.209683,0,1,1.57079632679,0.46355,0,0.045,0
4.4,1.21896296296,0,1,1.57079632679,0.464444444444,0,0.0444444444444,0
4.42,1.2282607037,0,1,1.57079632679,0.465327777778,0,0.0438888888889,0
4.44,1.237576,0,1,1.57079632679,0.4662,0,0.0433333333333,0
4.46,1.24690862963,0,1,1.57079632679,0.467061111111,0,0.0427777777778,0
4.48,1.25625837037,0,1,1.57079632679,0.467911111111,0,0.0422222222222,0
4.5,1.265625,0,1,1.57079632679,0.46875,0,0.0416666666667,0
4.52,1.2750082963,0,1,1.57079632679,0.469577777778,0,0.0411111111111,0
4.54,1.28440803704,0,1,1.57079632679,0.470394444444,0,0.0405555555556,0
4.56,1.293824,0,1,1.57079632679,0.4712,0,0.04,0
4.58,1.30325596296,0,1,1.57079632679,0.471994444444,0,0.0394444444444,0
4.6,1.3127037037,0,1,1.57079632679,0.472777777778,0,0.0388888888889,0
4.62,1.322167,0,1,1.57079632679,0.47355,0,0.0383333333333,0
4.64,1.33164562963,0,1,1.57079632679,0.474311111111,0,0.0377777777778,0
4.66,1.34113937037,0,1,1.57079632679,0.475061111111,0,0.0372222222222,0
4.68,1.350648,0,1,1.57079632679,0.4758,0,0.0366666666667,0
4.7,1.3601712963,0,1,1.57079632679,0.476527777778,0,0.0361111111111,0
4.72,1.36970903704,0,1,1.57079632679,0.477244444444,0,0.0355555555556,0
4.74,1.379261,0,1,1.57079632679,0.47795,0,0.035,0
4.76,1.38882696296,0,1,1.57079632679,0.478644444444,0,0.0344444444444,0
4.78,1.3984067037,0,1,1.57079632679,0.479327777778,0,0.0338888888889,0
4.8,1.408,0,1,1.57079632679,0.48,0,0.0333333333333,0
4.82,1.41760662963,0,1,1.57079632679,0.480661111111,0,0.0327777777778,0
4.84,1.42722637037,0,1,1.57079632679,0.481311111111,0,0.0322222222222,0
4.86,1.436859,0,1,1.57079632679,0.48195,0,0.0316666666667,0
4.88,1.4465042963,0,1,1.57079632679,0.482577777778,0,0.0311111111111,0
4.9,1.45616203704,0,1,1.57079632679,0.483194444444,0,0.0305555555556,0
4.92,1.465832,0,1,1.57079632679,0.4838,0,0.03,0
4.94,1.47551396296,0,1,1.57079632679,0.484394444444,0,0.0294444444444,0
4.96,1.4852077037,0,1,1.57079632679,0.484977777778,0,0.0288888888889,0
4.98,1.494913,0,1,1.57079632679,0.48555,0,0.0283333333333,0
5,1.50462962963,0,1,1.57079632679,0.486111111111,0,0.0277777777778,0
5.02,1.51435737037,0,1,1.57079632679,0.486661111111,0,0.0272222222222,0
5.04,1.524096,0,1,1.57079632679,0.4872,0,0.0266666666667,0
5.06,1.5338452963,0,1,1.57079632679,0.487727777778,0,0.0261111111111,0
5.08,1.54360503704,0,1,1.57079632679,0.488244444444,0,0.0255555555556,0
5.1,1.553375,0,1,1.57079632679,0.48875,0,0.025,0
5.12,1.56315496296,0,1,1.57079632679,0.489244444444,0,0.0244444444444,0
5.14,1.5729447037,0,1,1.57079632679,0.489727777778,0,0.0238888888889,0
5.16,1.582744,0,1,1.57079632679,0.4902,0,0.0233333333333,0
5.18,1.59255262963,0,1,1.57079632679,0.490661111111,0,0.0227777777778,0
5.2,1.60237037037,0,1,1.57079632679,0.491111111111,0,0.0222222222222,0
5.22,1.612197,0,1,1.57079632679,0.49155,0,0.0216666666667,0
5.24,1.6220322963,0,1,1.57079632679,0.491977777778,0,0.0211111111111,0
5.26,1.63187603704,0,1,1.57079632679,0.492394444444,0,0.0205555555556,0
5.28,1.641728,0,1,1.57079632679,0.4928,0,0.02,0
5.3,1.65158796296,0,1,1.57079632679,0.493194444444,0,0.0194444444444,0
5.32,1.6614557037,0,1,1.57079632679,0.493577777778,0,0.0188888888889,0
5.34,1.671331,0,1,1.57079632679,0.49395,0,0.0183333333333,0
5.36,1.68121362963,0,1,1.57079632679,0.494311111111,0,0.0177777777778,0
5.38,1.69110337037,0,1,1.57079632679,0.494661111111,0,0.0172222222222,0
5.4,1.701,0,1,1.57079632679,0.495,0,0.0166666666667,0
5.42,1.7109032963,0,1,1.57079632679,0.495327777778,0,0.0161111111111,0
5.44,1.72081303704,0,1,1.57079632679,0.495644444444,0,0.0155555555556,0
5.46,1.730729,0,1,1.57079632679,0.49595,0,0.015,0
5.48,1.74065096296,0,1,1.57079632679,0.496244444444,0,0.0144444444444,0
5.5,1.7505787037,0,1,1.57079632679,0.496527777778,0,0.0138888888889,0
5.52,1.760512,0,1,1.57079632679,0.4968,0,0.0133333333333,0
5.54,1.77045062963,0,1,1.57079632679,0.497061111111,0,0.0127777777778,0
5.56,1.78039437037,0,1,1.57079632679,0.497311111111,0,0.0122222222222,0
5.58,1.790343,0,1,1.57079632679,0.49755,0,0.0116666666667,0
5.6,1.8002962963,0,1,1.57079632679,0.497777777778,0,0.0111111111111,0
5.62,1.81025403704,0,1,1.57079632679,0.497994444444,0,0.0105555555556,0
5.64,1.820216,0,1,1.57079632679,0.4982,0,0.01,0
5.66,1.83018196296,0,1,1.57079632679,0.498394444444,0,0.00944444444444,0
5.68,1.8401517037,0,1,1.57079632679,0.498577777778,0,0.00888888888889,0
5.7,1.850125,0,1,1.57079632679,0.49875,0,0.00833333333333,0
5.72,1.86010162963,0,1,1.57079632679,0.498911111111,0,0.00777777777778,0
5.74,1.87008137037,0,1,1.57079632679,0.499061111111,0,0.00722222222222,0
5.76,1.880064,0,1,1.57079632679,0.4992,0,0.00666666666667,0
5.78,1.8900492963,0,1,1.57079632679,0.499327777778,0,0.00611111111111,0
5.8,1.90003703704,0,1,1.57079632679,0.499444444444,0,0.00555555555556,0
5.82,1.910027,0,1,1.57079632679,0.49955,0,0.005,0
5.84,1.92001896296,0,1,1.57079632679,0.499644444444,0,0.00444444444444,0
5.86,1.9300127037,0,1,1.57079632679,0.499727777778,0,0.00388888888889,0
5.88,1.940008,0,1,1.57079632679,0.4998,0,0.00333333333333,0
5.9,1.95000462963,0,1,1.57079632679,0.499861111111,0,0.00277777777778,0
5.92,1.96000237037,0,1,1.57079632679,0.499911111111,0,0.00222222222222,0
5.94,1.970001,0,1,1.57079632679,0.49995,0,0.00166666666667,0
5.96,1.9800002963,0,1,1.57079632679,0.499977777778,0,0.00111111111111,0
5.98,1.99000003704,0,1,1.57079632679,0.499994444444,0,0.000555555555556,0
6,2,0,1,1.57079632679,0.5,0,0,0
6.02,2.00999996296,0,1,1.57079632679,0.499994444444,0,-0.000555555555556,0
6.04,2.0199997037,0,1,1.57079632679,0.499977777778,0,-0.00111111111111,0
6.06,2.029999,0,1,1.57079632679,0.49995,0,-0.00166666666667,0
6.08,2.03999762963,0,1,1.57079632679,0.499911111111,0,-0.00222222222222,0
6.1,2.04999537037,0,1,1.57079632679,0.499861111111,0,-0.00277777777778,0
6.12,2.059992,0,1,1.57079632679,0.4998,0,-0.00333333333333,0
6.14,2.0699872963,0,1,1.57079632679,0.499727777778,0,-0.00388888888889,0
6.16,2.07998103704,0,1,1.57079632679,0.499644444444,0,-0.00444444444444,0
6.18,2.089973,0,1,1.57079632679,0.49955,0,-0.005,0
6.2,2.09996296296,0,1,1.57079632679,0.499444444444,0,-0.00555555555556,0
6.22,2.1099507037,0,1,1.57079632679,0.499327777778,0,-0.00611111111111,0
6.24,2.119936,0,1,1.57079632679,0.4992,0,-0.00666666666667,0
6.26,2.12991862963,0,1,1.57079632679,0.499061111111,0,-0.00722222222222,0
6.28,2.13989837037,0,1,1.57079632679,0.498911111111,0,-0.00777777777778,0
6.3,2.149875,0,1,1.57079632679,0.49875,0,-0.00833333333333,0
6.32,2.1598482963,0,1,1.57079632679,0.498577777778,0,-0.00888888888889,0
6.34,2.16981803704,0,1,1.57079632679,0.498394444444,0,-0.00944444444444,0
6.36,2.179784,0,1,1.57079632679,0.4982,0,-0.01,0
6.38,2.18974596296,0,1,1.57079632679,0.497994444444,0,-0.0105555555556,0
6.4,2.1997037037,0,1,1.57079632679,0.497777777778,0,-0.0111111111111,0
6.42,2.209657,0,1,1.57079632679,0.49755,0,-0.0116666666667,0
6.44,2.21960562963,0,1,1.57079632679,0.497311111111,0,-0.0122222222222,0
6.46,2.22954937037,0,1,1.57079632679,0.497061111111,0,-0.0127777777778,0
6.48,2.239488,0,1,1.57079632679,0.4968,0,-0.0133333333333,0
6.5,2.2494212963,0,1,1.57079632679,0.496527777778,0,-0.0138888888889,0
6.52,2.25934903704,0,1,1.57079632679,0.496244444444,0,-0.0144444444444,0
6.54,2.269271,0,1,1.57079632679,0.49595,0,-0.015,0
6.56,2.27918696296,0,1,1.57079632679,0.495644444444,0,-0.0155555555556,0
6.58,2.2890967037,0,1,1.57079632679,0.495327777778,0,-0.0161111111111,0
6.6,2.299,0,1,1.57079632679,0.495,0,-0.0166666666667,0
6.62,2.30889662963,0,1,1.57079632679,0.494661111111,0,-0.0172222222222,0
6.64,2.31878637037,0,1,1.57079632679,0.494311111111,0,-0.0177777777778,0
6.66,2.328669,0,1,1.57079632679,0.49395,0,-0.0183333333333,0
6.68,2.3385442963,0,1,1.57079632679,0.493577777778,0,-0.0188888888889,0
6.7,2.34841203704,0,1,1.57079632679,0.493194444444,0,-0.0194444444444,0
6.72,2.358272,0,1,1.57079632679,0.4928,0,-0.02,0
6.74,2.36812396296,0,1,1.57079632679,0.492394444444,0,-0.0205555555556,0
6.76,2.3779677037,0,1,1.57079632679,0.491977777778,0,-0.0211111111111,0
6.78,2.387803,0,1,1.57079632679,0.49155,0,-0.0216666666667,0
6.8,2.39762962963,0,1,1.57079632679,0.491111111111,0,-0.0222222222222,0
6.82,2.40744737037,0,1,1.57079632679,0.490661111111,0,-0.0227777777778,0
6.84,2.417256,0,1,1.57079632679,0.4902,0,-0.0233333333333,0
6.86,2.4270552963,0,1,1.57079632679,0.489727777778,0,-0.0238888888889,0
6.88,2.43684503704,0,1,1.57079632679,0.489244444444,0,-0.0244444444444,0
6.9,2.446625,0,1,1.57079632679,0.48875,0,-0.025,0
6.92,2.45639496296,0,1,1.57079632679,0.488244444444,0,-0.0255555555556,0
6.94,2.4661547037,0,1,1.57079632679,0.487727777778,0,-0.0261111111111,0
6.96,2.475904,0,1,1.57079632679,0.4872,0,-0.0266666666667,0
6.98,2.48564262963,0,1,1.57079632679,0.486661111111,0,-0.0272222222222,0
7,2.49537037037,0,1,1.57079632679,0.486111111111,0,-0.109375,-0.00520833333333
7.02,2.50507074352,-1.03055555556e-06,1,1.57079632679,0.4839275,-0.0001025,-0.108986111111,-0.00504166666667
7.04,2.51472752222,-4.07777777778e-06,1,1.57079632679,0.481751666667,-0.000201666666667,-0.108597222222,-0.004875
7.06,2.52434086204,-9.075e-06,1,1.57079632679,0.479583611111,-0.0002975,-0.108208333333,-0.00470833333333
7.08,2.53391091852,-1.59555555556e-05,1,1.57079632679,0.477423333333,-0.00039,-0.107819444444,-0.00454166666667
7.1,2.54343784722,-2.46527777778e-05,1,1.57079632679,0.475270833333,-0.000479166666667,-0.107430555556,-0.004375
7.12,2.5529218037,-3.51e-05,1,1.57079632679,0.473126111111,-0.000565,-0.107041666667,-0.00420833333333
7.14,2.56236294352,-4.72305555556e-05,1,1.57079632679,0.470989166667,-0.0006475,-0.106652777778,-0.00404166666667
7.16,2.57176142222,-6.09777777778e-05,1,1.57079632679,0.46886,-0.000726666666667,-0.106263888889,-0.003875
7.18,2.58111739537,-7.6275e-05,1,1.57079632679,0.466738611111,-0.0008025,-0.105875,-0.00370833333333
7.2,2.59043101852,-9.30555555556e-05,1,1.57079632679,0.464625,-0.000875,-0.105486111111,-0.00354166666667
7.22,2.59970244722,-0.000111252777778,1,1.57079632679,0.462519166667,-0.000944166666667,-0.105097222222,-0.003375
7.24,2.60893183704,-0.0001308,1,1.57079632679,0.460421111111,-0.00101,-0.104708333333,-0.00320833333333
7.26,2.61811934352,-0.000151630555556,1,1.57079632679,0.458330833333,-0.0010725,-0.104319444444,-0.00304166666667
7.28,2.62726512222,-0.000173677777778,1,1.57079632679,0.456248333333,-0.00113166666667,-0.103930555556,-0.002875
7.3,2.6363693287,-0.000196875,1,1.57079632679,0.454173611111,-0.0011875,-0.103541666667,-0.00270833333333
7.32,2.64543211852,-0.000221155555556,1,1.57079632679,0.452106666667,-0.00124,-0.103152777778,-0.00254166666667
7.34,2.65445364722,-0.000246452777778,1,1.57079632679,0.4500475,-0.00128916666667,-0.102763888889,-0.002375
7.36,2.66343407037,-0.0002727,1,1.57079632679,0.447996111111,-0.001335,-0.102375,-0.00220833333333
7.38,2.67237354352,-0.000299830555556,1,1.57079632679,0.4459525,-0.0013775,-0.101986111111,-0.00204166666667
7.4,2.68127222222,-0.000327777777778,1,1.57079632679,0.443916666667,-0.00141666666667,-0.101597222222,-0.001875
7.42,2.69013026204,-0.000356475,1,1.57079632679,0.441888611111,-0.0014525,-0.101208333333,-0.00170833333333
7.44,2.69894781852,-0.000385855555556,1,1.57079632679,0.439868333333,-0.001485,-0.100819444444,-0.00154166666667
7.46,2.70772504722,-0.000415852777778,1,1.57079632679,0.437855833333,-0.00151416666667,-0.100430555556,-0.001375
7.48,2.7164621037,-0.0004464,1,1.57079632679,0.435851111111,-0.00154,-0.100041666667,-0.00120833333333
7.5,2.72515914352,-0.000477430555556,1,1.57079632679,0.433854166667,-0.0015625,-0.0996527777778,-0.00104166666667
7.52,2.73381632222,-0.000508877777778,1,1.57079632679,0.431865,-0.00158166666667,-0.0992638888889,-0.000875
7.54,2.74243379537,-0.000540675,1,1.57079632679,0.429883611111,-0.0015975,-0.098875,-0.000708333333333
7.56,2.75101171852,-0.000572755555556,1,1.57079632679,0.42791,-0.00161,-0.0984861111111,-0.000541666666667
7.58,2.75955024722,-0.000605052777778,1,1.57079632679,0.425944166667,-0.00161916666667,-0.0980972222222,-0.000375
7.6,2.76804953704,-0.0006375,1,1.57079632679,0.423986111111,-0.001625,-0.0977083333333,-0.000208333333333
7.62,2.77650974352,-0.000670030555556,1,1.57079632679,0.422035833333,-0.0016275,-0.0973194444444,-4.16666666667e-05
7.64,2.78493102222,-0.000702577777778,1,1.57079632679,0.420093333333,-0.00162666666667,-0.0969305555556,0.000125
7.66,2.7933135287,-0.000735075,1,1.57079632679,0.418158611111,-0.0016225,-0.0965416666667,0.000291666666667
7.68,2.80165741852,-0.000767455555556,1,1.57079632679,0.416231666667,-0.001615,-0.0961527777778,0.000458333333333
7.7,2.80996284722,-0.000799652777778,1,1.57079632679,0.4143125,-0.00160416666667,-0.0957638888889,0.000625
7.72,2.81822997037,-0.0008316,1,1.57079632679,0.412401111111,-0.00159,-0.095375,0.000791666666667
7.74,2.82645894352,-0.000863230555556,1,1.57079632679,0.4104975,-0.0015725,-0.0949861111111,0.000958333333333
7.76,2.83464992222,-0.000894477777778,1,1.57079632679,0.408601666667,-0.00155166666667,-0.0945972222222,0.001125
7.78,2.84280306204,-0.000925275,1,1.57079632679,0.406713611111,-0.0015275,-0.0942083333333,0.00129166666667
7.8,2.85091851852,-0.000955555555556,1,1.57079632679,0.404833333333,-0.0015,-0.0938194444444,0.00145833333333
7.82,2.85899644722,-0.000985252777778,1,1.57079632679,0.402960833333,-0.00146916666667,-0.0934305555556,0.001625
7.84,2.8670370037,-0.0010143,1,1.57079632679,0.401096111111,-0.001435,-0.0930416666667,0.00179166666667
7.86,2.87504034352,-0.00104263055556,1,1.57079632679,0.399239166667,-0.0013975,-0.0926527777778,0.00195833333333
7.88,2.88300662222,-0.00107017777778,1,1.57079632679,0.39739,-0.00135666666667,-0.0922638888889,0.002125
7.9,2.89093599537,-0.001096875,1,1.57079632679,0.395548611111,-0.0013125,-0.091875,0.00229166666667
7.92,2.89882861852,-0.00112265555556,1,1.57079632679,0.393715,-0.001265,-0.0914861111111,0.00245833333333
7.94,2.90668464722,-0.00114745277778,1,1.57079632679,0.391889166667,-0.00121416666667,-0.0910972222222,0.002625
7.96,2.91450423704,-0.0011712,1,1.57079632679,0.390071111111,-0.00116,-0.0907083333333,0.00279166666667
7.98,2.92228754352,-0.00119383055556,1,1.57079632679,0.388260833333,-0.0011025,-0.0903194444444,0.00295833333333
8,2.93003472222,-0.00121527777778,1,1.57079632679,0.386458333333,-0.00104166666667,-0.0899305555556,0.003125
8.02,2.9377459287,-0.001235475,1,1.57079632679,0.384663611111,-0.0009775,-0.0895416666667,0.00329166666667
8.04,2.94542131852,-0.00125435555556,1,1.57079632679,0.382876666667,-0.00091,-0.0891527777778,0.00345833333333
8.06,2.95306104722,-0.00127185277778,1,1.57079632679,0.3810975,-0.000839166666667,-0.0887638888889,0.003625
8.08,2.96066527037,-0.0012879,1,1.57079632679,0.379326111111,-0.000765,-0.088375,0.00379166666667
8.1,2.96823414352,-0.00130243055556,1,1.57079632679,0.3775625,-0.0006875,-0.0879861111111,0.00395833333333
8.12,2.97576782222,-0.00131537777778,1,1.57079632679,0.375806666667,-0.000606666666667,-0.0875972222222,0.004125
8.14,2.98326646204,-0.001326675,1,1.57079632679,0.374058611111,-0.0005225,-0.0872083333333,0.00429166666667
8.16,2.99073021852,-0.00133625555556,1,1.57079632679,0.372318333333,-0.000435,-0.0868194444444,0.00445833333333
8.18,2.99815924722,-0.00134405277778,1,1.57079632679,0.370585833333,-0.000344166666667,-0.0864305555556,0.004625
8.2,3.0055537037,-0.00135,1,1.57079632679,0.368861111111,-0.00025,-0.0860416666667,0.00479166666667
8.22,3.01291374352,-0.00135403055556,1,1.57079632679,0.367144166667,-0.0001525,-0.0856527777778,0.00495833333333
8.24,3.02023952222,-0.00135607777778,1,1.57079632679,0.365435,-5.16666666667e-05,-0.0852638888889,0.005125
8.26,3.02753119537,-0.001356075,1,1.57079632679,0.363733611111,5.25e-05,-0.084875,0.00529166666667
8.28,3.03478891852,-0.00135395555556,1,1.57079632679,0.36204,0.00016,-0.0844861111111,0.00545833333333
8.3,3.04201284722,-0.00134965277778,1,1.57079632679,0.360354166667,0.000270833333333,-0.0840972222222,0.005625
8.32,3.04920313704,-0.0013431,1,1.57079632679,0.358676111111,0.000385,-0.0837083333333,0.00579166666667
8.34,3.05635994352,-0.00133423055556,1,1.57079632679,0.357005833333,0.0005025,-0.0833194444444,0.00595833333333
8.36,3.06348342222,-0.00132297777778,1,1.57079632679,0.355343333333,0.000623333333333,-0.0829305555556,0.006125
8.38,3.0705737287,-0.001309275,1,1.57079632679,0.353688611111,0.0007475,-0.0825416666667,0.00629166666667
8.4,3.07763101852,-0.00129305555556,1,1.57079632679,0.352041666667,0.000875,-0.0821527777778,0.00645833333333
8.42,3.08465544722,-0.00127425277778,1,1.57079632679,0.3504025,0.00100583333333,-0.0817638888889,0.006625
8.44,3.09164717037,-0.0012528,1,1.57079632679,0.348771111111,0.00114,-0.081375,0.00679166666667
8.46,3.09860634352,-0.00122863055556,1,1.57079632679,0.3471475,0.0012775,-0.0809861111111,0.00695833333333
8.48,3.10553312222,-0.00120167777778,1,1.57079632679,0.345531666667,0.00141833333333,-0.0805972222222,0.007125
8.5,3.11242766204,-0.001171875,1,1.57079632679,0.343923611111,0.0015625,-0.0802083333333,0.00729166666667
8.52,3.11929011852,-0.00113915555556,1,1.57079632679,0.342323333333,0.00171,-0.0798194444444,0.00745833333333
8.54,3.12612064722,-0.00110345277778,1,1.57079632679,0.340730833333,0.00186083333333,-0.0794305555556,0.007625
8.56,3.1329194037,-0.0010647,1,1.57079632679,0.339146111111,0.002015,-0.0790416666667,0.00779166666667
8.58,3.13968654352,-0.00102283055556,1,1.57079632679,0.337569166667,0.0021725,-0.0786527777778,0.00795833333333
8.6,3.14642222222,-0.000977777777778,1,1.57079632679,0.336,0.00233333333333,-0.0782638888889,0.008125
8.62,3.15312659537,-0.000929475,1,1.57079632679,0.334438611111,0.0024975,-0.077875,0.00829166666667
8.64,3.15979981852,-0.000877855555556,1,1.57079632679,0.332885,0.002665,-0.0774861111111,0.00845833333333
8.66,3.16644204722,-0.000822852777778,1,1.57079632679,0.331339166667,0.00283583333333,-0.0770972222222,0.008625
8.68,3.17305343704,-0.0007644,1,1.57079632679,0.329801111111,0.00301,-0.0767083333333,0.00879166666667
8.7,3.17963414352,-0.000702430555556,1,1.57079632679,0.328270833333,0.0031875,-0.0763194444444,0.00895833333333
8.72,3.18618432222,-0.000636877777778,1,1.57079632679,0.326748333333,0.00336833333333,-0.0759305555556,0.009125
8.74,3.1927041287,-0.000567675,1,1.57079632679,0.325233611111,0.0035525,-0.0755416666667,0.00929166666667
8.76,3.19919371852,-0.000494755555556,1,1.57079632679,0.323726666667,0.00374,-0.0751527777778,0.00945833333333
8.78,3.20565324722,-0.000418052777778,1,1.57079632679,0.3222275,0.00393083333333,-0.0747638888889,0.009625
8.8,3.21208287037,-0.0003375,1,1.57079632679,0.320736111111,0.004125,-0.074375,0.00979166666667
8.82,3.21848274352,-0.000253030555556,1,1.57079632679,0.3192525,0.0043225,-0.0739861111111,0.00995833333333
8.84,3.22485302222,-0.000164577777778,1,1.57079632679,0.317776666667,0.00452333333333,-0.0735972222222,0.010125
8.86,3.23119386204,-7.2075e-05,1,1.57079632679,0.316308611111,0.0047275,-0.0732083333333,0.0102916666667
8.88,3.23750541852,2.45444444444e-05,1,1.57079632679,0.314848333333,0.004935,-0.0728194444444,0.0104583333333
8.9,3.24378784722,0.000125347222222,1,1.57079632679,0.313395833333,0.00514583333333,-0.0724305555556,0.010625
8.92,3.2500413037,0.0002304,1,1.57079632679,0.311951111111,0.00536,-0.0720416666667,0.0107916666667
8.94,3.25626594352,0.000339769444444,1,1.57079632679,0.310514166667,0.0055775,-0.0716527777778,0.0109583333333
8.96,3.26246192222,0.000453522222222,1,1.57079632679,0.309085,0.00579833333333,-0.0712638888889,0.011125
8.98,3.26862939537,0.000571725,1,1.57079632679,0.307663611111,0.0060225,-0.070875,0.0112916666667
9,3.27476851852,0.000694444444444,1,1.57079632679,0.30625,0.00625,-0.0704861111111,0.0114583333333
9.02,3.28087944722,0.000821747222222,1,1.57079632679,0.304844166667,0.00648083333333,-0.0700972222222,0.011625
9.04,3.28696233704,0.0009537,1,1.57079632679,0.303446111111,0.006715,-0.0697083333333,0.0117916666667
9.06,3.29301734352,0.00109036944444,1,1.57079632679,0.302055833333,0.0069525,-0.0693194444444,0.0119583333333
9.08,3.29904462222,0.00123182222222,1,1.57079632679,0.300673333333,0.00719333333333,-0.0689305555556,0.012125
9.1,3.3050443287,0.001378125,1,1.57079632679,0.299298611111,0.0074375,-0.0685416666667,0.0122916666667
9.12,3.31101661852,0.00152934444444,1,1.57079632679,0.297931666667,0.007685,-0.0681527777778,0.0124583333333
9.14,3.31696164722,0.00168554722222,1,1.57079632679,0.2965725,0.00793583333333,-0.0677638888889,0.012625
9.16,3.32287957037,0.0018468,1,1.57079632679,0.295221111111,0.00819,-0.067375,0.0127916666667
9.18,3.32877054352,0.00201316944444,1,1.57079632679,0.2938775,0.0084475,-0.0669861111111,0.0129583333333
9.2,3.33463472222,0.00218472222222,1,1.57079632679,0.292541666667,0.00870833333333,-0.0665972222222,0.013125
9.22,3.34047226204,0.002361525,1,1.57079632679,0.291213611111,0.0089725,-0.0662083333333,0.0132916666667
9.24,3.34628331852,0.00254364444444,1,1.57079632679,0.289893333333,0.00924,-0.0658194444444,0.0134583333333
9.26,3.35206804722,0.00273114722222,1,1.57079632679,0.288580833333,0.00951083333333,-0.0654305555556,0.013625
9.28,3.3578266037,0.0029241,1,1.57079632679,0.287276111111,0.009785,-0.0650416666667,0.0137916666667
9.3,3.36355914352,0.00312256944444,1,1.57079632679,0.285979166667,0.0100625,-0.0646527777778,0.0139583333333
9.32,3.36926582222,0.00332662222222,1,1.57079632679,0.28469,0.0103433333333,-0.0642638888889,0.014125
9.34,3.37494679537,0.003536325,1,1.57079632679,0.283408611111,0.0106275,-0.063875,0.0142916666667
9.36,3.38060221852,0.00375174444444,1,1.57079632679,0.282135,0.010915,-0.0634861111111,0.0144583333333
9.38,3.38623224722,0.00397294722222,1,1.57079632679,0.280869166667,0.0112058333333,-0.0630972222222,0.014625
9.4,3.39183703704,0.0042,1,1.57079632679,0.279611111111,0.0115,-0.0627083333333,0.0147916666667
9.42,3.39741674352,0.00443296944444,1,1.57079632679,0.278360833333,0.0117975,-0.0623194444444,0.0149583333333
9.44,3.40297152222,0.00467192222222,1,1.57079632679,0.277118333333,0.0120983333333,-0.0619305555556,0.015125
9.46,3.4085015287,0.004916925,1,1.57079632679,0.275883611111,0.0124025,-0.0615416666667,0.0152916666667
9.48,3.41400691852,0.00516804444444,1,1.57079632679,0.274656666667,0.01271,-0.0611527777778,0.0154583333333
9.5,3.41948784722,0.00542534722222,1,1.57079632679,0.2734375,0.0130208333333,-0.0607638888889,0.015625
9.52,3.42494447037,0.0056889,1,1.57079632679,0.272226111111,0.013335,-0.060375,0.0157916666667
9.54,3.43037694352,0.00595876944444,1,1.57079632679,0.2710225,0.0136525,-0.0599861111111,0.0159583333333
9.56,3.43578542222,0.00623502222222,1,1.57079632679,0.269826666667,0.0139733333333,-0.0595972222222,0.016125
9.58,3.44117006204,0.006517725,1,1.57079632679,0.268638611111,0.0142975,-0.0592083333333,0.0162916666667
9.6,3.44653101852,0.00680694444444,1,1.57079632679,0.267458333333,0.014625,-0.0588194444444,0.0164583333333
9.62,3.45186844722,0.00710274722222,1,1.57079632679,0.266285833333,0.0149558333333,-0.0584305555556,0.016625
9.64,3.4571825037,0.0074052,1,1.57079632679,0.265121111111,0.01529,-0.0580416666667,0.0167916666667
9.66,3.46247334352,0.00771436944444,1,1.57079632679,0.263964166667,0.0156275,-0.0576527777778,0.0169583333333
9.68,3.46774112222,0.00803032222222,1,1.57079632679,0.262815,0.0159683333333,-0.0572638888889,0.017125
9.7,3.47298599537,0.008353125,1,1.57079632679,0.261673611111,0.0163125,-0.056875,0.0172916666667
9.72,3.47820811852,0.00868284444444,1,1.57079632679,0.26054,0.01666,-0.0564861111111,0.0174583333333
9.74,3.48340764722,0.00901954722222,1,1.57079632679,0.259414166667,0.0170108333333,-0.0560972222222,0.017625
9.76,3.48858473704,0.0093633,1,1.57079632679,0.258296111111,0.017365,-0.0557083333333,0.0177916666667
9.78,3.49373954352,0.00971416944444,1,1.57079632679,0.257185833333,0.0177225,-0.0553194444444,0.0179583333333
9.8,3.49887222222,0.0100722222222,1,1.57079632679,0.256083333333,0.0180833333333,-0.0549305555556,0.018125
9.82,3.5039829287,0.010437525,1,1.57079632679,0.254988611111,0.0184475,-0.0545416666667,0.0182916666667
9.84,3.50907181852,0.0108101444444,1,1.57079632679,0.253901666667,0.018815,-0.0541527777778,0.0184583333333
9.86,3.51413904722,0.0111901472222,1,1.57079632679,0.2528225,0.0191858333333,-0.0537638888889,0.018625
9.88,3.51918477037,0.0115776,1,1.57079632679,0.251751111111,0.01956,-0.053375,0.0187916666667
9.9,3.52420914352,0.0119725694444,1,1.57079632679,0.2506875,0.0199375,-0.0529861111111,0.0189583333333
9.92,3.52921232222,0.0123751222222,1,1.57079632679,0.249631666667,0.0203183333333,-0.0525972222222,0.019125
9.94,3.53419446204,0.012785325,1,1.57079632679,0.248583611111,0.0207025,-0.0522083333333,0.0192916666667
9.96,3.53915571852,0.0132032444444,1,1.57079632679,0.247543333333,0.02109,-0.0518194444444,0.0194583333333
9.98,3.54409624722,0.0136289472222,1,1.57079632679,0.246510833333,0.0214808333333,-0.0514305555556,0.019625
10,3.5490162037,0.0140625,1,1.57079632679,0.245486111111,0.021875,-0.0510416666667,0.0197916666667
10.02,3.55391574352,0.0145039694444,1,1.57079632679,0.244469166667,0.0222725,-0.0506527777778,0.0199583333333
10.04,3.55879502222,0.0149534222222,1,1.57079632679,0.24346,0.0226733333333,-0.0502638888889,0.020125
10.06,3.56365419537,0.015410925,1,1.57079632679,0.242458611111,0.0230775,-0.049875,0.0202916666667
10.08,3.56849341852,0.0158765444444,1,1.57079632679,0.241465,0.023485,-0.0494861111111,0.0204583333333
10.1,3.57331284722,0.0163503472222,1,1.57079632679,0.240479166667,0.0238958333333,-0.0490972222222,0.020625
10.12,3.57811263704,0.0168324,1,1.57079632679,0.239501111111,0.02431,-0.0487083333333,0.0207916666667
10.14,3.58289294352,0.0173227694444,1,1.57079632679,0.238530833333,0.0247275,-0.0483194444444,0.0209583333333
10.16,3.58765392222,0.0178215222222,1,1.57079632679,0.237568333333,0.0251483333333,-0.0479305555556,0.021125
10.18,3.5923957287,0.018328725,1,1.57079632679,0.236613611111,0.0255725,-0.0475416666667,0.0212916666667
10.2,3.59711851852,0.0188444444444,1,1.57079632679,0.235666666667,0.026,-0.0471527777778,0.0214583333333
10.22,3.60182244722,0.0193687472222,1,1.57079632679,0.2347275,0.0264308333333,-0.0467638888889,0.021625
10.24,3.60650767037,0.0199017,1,1.57079632679,0.233796111111,0.026865,-0.046375,0.0217916666667
10.26,3.61117434352,0.0204433694444,1,1.57079632679,0.2328725,0.0273025,-0.0459861111111,0.0219583333333
10.28,3.61582262222,0.0209938222222,1,1.57079632679,0.231956666667,0.0277433333333,-0.0455972222222,0.022125
10.3,3.62045266204,0.021553125,1,1.57079632679,0.231048611111,0.0281875,-0.0452083333333,0.0222916666667
10.32,3.62506461852,0.0221213444444,1,1.57079632679,0.230148333333,0.028635,-0.0448194444444,0.0224583333333
10.34,3.62965864722,0.0226985472222,1,1.57079632679,0.229255833333,0.0290858333333,-0.0444305555556,0.022625
10.36,3.6342349037,0.0232848,1,1.57079632679,0.228371111111,0.02954,-0.0440416666667,0.0227916666667
10.38,3.63879354352,0.0238801694444,1,1.57079632679,0.227494166667,0.0299975,-0.0436527777778,0.0229583333333
10.4,3.64333472222,0.0244847222222,1,1.57079632679,0.226625,0.0304583333333,-0.0432638888889,0.023125
10.42,3.64785859537,0.025098525,1,1.57079632679,0.225763611111,0.0309225,-0.042875,0.0232916666667
10.44,3.65236531852,0.0257216444444,1,1.57079632679,0.22491,0.03139,-0.0424861111111,0.0234583333333
10.46,3.65685504722,0.0263541472222,1,1.57079632679,0.224064166667,0.0318608333333,-0.0420972222222,0.023625
10.48,3.66132793704,0.0269961,1,1.57079632679,0.223226111111,0.032335,-0.0417083333333,0.0237916666667
10.5,3.66578414352,0.0276475694444,1,1.57079632679,0.222395833333,0.0328125,-0.0413194444444,0.0239583333333
10.52,3.67022382222,0.0283086222222,1,1.57079632679,0.221573333333,0.0332933333333,-0.0409305555556,0.024125
10.54,3.6746471287,0.028979325,1,1.57079632679,0.220758611111,0.0337775,-0.0405416666667,0.0242916666667
10.56,3.67905421852,0.0296597444444,1,1.57079632679,0.219951666667,0.034265,-0.0401527777778,0.0244583333333
10.58,3.68344524722,0.0303499472222,1,1.57079632679,0.2191525,0.0347558333333,-0.0397638888889,0.024625
10.6,3.68782037037,0.03105,1,1.57079632679,0.218361111111,0.03525,-0.039375,0.0247916666667
10.62,3.69217974352,0.0317599694444,1,1.57079632679,0.2175775,0.0357475,-0.0389861111111,0.0249583333333
10.64,3.69652352222,0.0324799222222,1,1.57079632679,0.216801666667,0.0362483333333,-0.0385972222222,0.025125
10.66,3.70085186204,0.033209925,1,1.57079632679,0.216033611111,0.0367525,-0.0382083333333,0.0252916666667
10.68,3.70516491852,0.0339500444444,1,1.57079632679,0.215273333333,0.03726,-0.0378194444444,0.0254583333333
10.7,3.70946284722,0.0347003472222,1,1.57079632679,0.214520833333,0.0377708333333,-0.0374305555556,0.025625
10.72,3.7137458037,0.0354609,1,1.57079632679,0.213776111111,0.038285,-0.0370416666667,0.0257916666667
10.74,3.71801394352,0.0362317694444,1,1.57079632679,0.213039166667,0.0388025,-0.0366527777778,0.0259583333333
10.76,3.72226742222,0.0370130222222,1,1.57079632679,0.21231,0.0393233333333,-0.0362638888889,0.026125
10.78,3.72650639537,0.037804725,1,1.57079632679,0.211588611111,0.0398475,-0.035875,0.0262916666667
10.8,3.73073101852,0.0386069444444,1,1.57079632679,0.210875,0.040375,-0.0354861111111,0.0264583333333
10.82,3.73494144722,0.0394197472222,1,1.57079632679,0.210169166667,0.0409058333333,-0.0350972222222,0.026625
10.84,3.73913783704,0.0402432,1,1.57079632679,0.209471111111,0.04144,-0.0347083333333,0.0267916666667
10.86,3.74332034352,0.0410773694444,1,1.57079632679,0.208780833333,0.0419775,-0.0343194444444,0.0269583333333
10.88,3.74748912222,0.0419223222222,1,1.57079632679,0.208098333333,0.0425183333333,-0.0339305555556,0.027125
10.9,3.7516443287,0.042778125,1,1.57079632679,0.207423611111,0.0430625,-0.0335416666667,0.0272916666667
10.92,3.75578611852,0.0436448444444,1,1.57079632679,0.206756666667,0.04361,-0.0331527777778,0.0274583333333
10.94,3.75991464722,0.0445225472222,1,1.57079632679,0.2060975,0.0441608333333,-0.0327638888889,0.027625
10.96,3.76403007037,0.0454113,1,1.57079632679,0.205446111111,0.044715,-0.032375,0.0277916666667
10.98,3.76813254352,0.0463111694444,1,1.57079632679,0.2048025,0.0452725,-0.0319861111111,0.0279583333333
11,3.77222222222,0.0472222222222,1,1.57079632679,0.204166666667,0.0458333333333,-0.0315972222222,0.028125
11.02,3.77629926204,0.048144525,1,1.57079632679,0.203538611111,0.0463975,-0.0312083333333,0.0282916666667
11.04,3.78036381852,0.0490781444444,1,1.57079632679,0.202918333333,0.046965,-0.0308194444444,0.0284583333333
11.06,3.78441604722,0.0500231472222,1,1.57079632679,0.202305833333,0.0475358333333,-0.0304305555556,0.028625
11.08,3.7884561037,0.0509796,1,1.57079632679,0.201701111111,0.04811,-0.0300416666667,0.0287916666667
11.1,3.79248414352,0.0519475694444,1,1.57079632679,0.201104166667,0.0486875,-0.0296527777778,0.0289583333333
11.12,3.79650032222,0.0529271222222,1,1.57079632679,0.200515,0.0492683333333,-0.0292638888889,0.029125
11.14,3.80050479537,0.053918325,1,1.57079632679,0.199933611111,0.0498525,-0.028875,0.0292916666667
11.16,3.80449771852,0.0549212444444,1,1.57079632679,0.19936,0.05044,-0.0284861111111,0.0294583333333
11.18,3.80847924722,0.0559359472222,1,1.57079632679,0.198794166667,0.0510308333333,-0.0280972222222,0.029625
11.2,3.81244953704,0.0569625,1,1.57079632679,0.198236111111,0.051625,-0.0277083333333,0.0297916666667
11.22,3.81640874352,0.0580009694444,1,1.57079632679,0.197685833333,0.0522225,-0.0273194444444,0.0299583333333
11.24,3.82035702222,0.0590514222222,1,1.57079632679,0.197143333333,0.0528233333333,-0.0269305555556,0.030125
11.26,3.8242945287,0.060113925,1,1.57079632679,0.196608611111,0.0534275,-0.0265416666667,0.0302916666667
11.28,3.82822141852,0.0611885444444,1,1.57079632679,0.196081666667,0.054035,-0.0261527777778,0.0304583333333
11.3,3.83213784722,0.0622753472222,1,1.57079632679,0.1955625,0.0546458333333,-0.0257638888889,0.030625
11.32,3.83604397037,0.0633744,1,1.57079632679,0.195051111111,0.05526,-0.025375,0.0307916666667
11.34,3.83993994352,0.0644857694444,1,1.57079632679,0.1945475,0.0558775,-0.0249861111111,0.0309583333333
11.36,3.84382592222,0.0656095222222,1,1.57079632679,0.194051666667,0.0564983333333,-0.0245972222222,0.031125
11.38,3.84770206204,0.066745725,1,1.57079632679,0.193563611111,0.0571225,-0.0242083333333,0.0312916666667
11.4,3.85156851852,0.0678944444444,1,1.57079632679,0.193083333333,0.05775,-0.0238194444444,0.0314583333333
11.42,3.85542544722,0.0690557472222,1,1.57079632679,0.192610833333,0.0583808333333,-0.0234305555556,0.031625
11.44,3.8592730037,0.0702297,1,1.57079632679,0.192146111111,0.059015,-0.0230416666667,0.0317916666667
11.46,3.86311134352,0.0714163694444,1,1.57079632679,0.191689166667,0.0596525,-0.0226527777778,0.0319583333333
11.48,3.86694062222,0.0726158222222,1,1.57079632679,0.19124,0.0602933333333,-0.0222638888889,0.032125
11.5,3.87076099537,0.073828125,1,1.57079632679,0.190798611111,0.0609375,-0.021875,0.0322916666667
11.52,3.87457261852,0.0750533444444,1,1.57079632679,0.190365,0.061585,-0.0214861111111,0.0324583333333
11.54,3.87837564722,0.0762915472222,1,1.57079632679,0.189939166667,0.0622358333333,-0.0210972222222,0.032625
11.56,3.88217023704,0.0775428,1,1.57079632679,0.189521111111,0.06289,-0.0207083333333,0.0327916666667
11.58,3.88595654352,0.0788071694444,1,1.57079632679,0.189110833333,0.0635475,-0.0203194444444,0.0329583333333
11.6,3.88973472222,0.0800847222222,1,1.57079632679,0.188708333333,0.0642083333333,-0.0199305555556,0.033125
11.62,3.8935049287,0.081375525,1,1.57079632679,0.188313611111,0.0648725,-0.0195416666667,0.0332916666667
11.64,3.89726731852,0.0826796444444,1,1.57079632679,0.187926666667,0.06554,-0.0191527777778,0.0334583333333
11.66,3.90102204722,0.0839971472222,1,1.57079632679,0.1875475,0.0662108333333,-0.0187638888889,0.033625
11.68,3.90476927037,0.0853281,1,1.57079632679,0.187176111111,0.066885,-0.018375,0.0337916666667
11.7,3.90850914352,0.0866725694444,1,1.57079632679,0.1868125,0.0675625,-0.0179861111111,0.0339583333333
11.72,3.91224182222,0.0880306222222,1,1.57079632679,0.186456666667,0.0682433333333,-0.0175972222222,0.034125
11.74,3.91596746204,0.089402325,1,1.57079632679,0.186108611111,0.0689275,-0.0172083333333,0.0342916666667
11.76,3.91968621852,0.0907877444444,1,1.57079632679,0.185768333333,0.069615,-0.0168194444444,0.0344583333333
11.78,3.92339824722,0.0921869472222,1,1.57079632679,0.185435833333,0.0703058333333,-0.0164305555556,0.034625
11.8,3.9271037037,0.0936,1,1.57079632679,0.185111111111,0.071,-0.0160416666667,0.0347916666667
11.82,3.93080274352,0.0950269694444,1,1.57079632679,0.184794166667,0.0716975,-0.0156527777778,0.0349583333333
11.84,3.93449552222,0.0964679222222,1,1.57079632679,0.184485,0.0723983333333,-0.0152638888889,0.035125
11.86,3.93818219537,0.097922925,1,1.57079632679,0.184183611111,0.0731025,-0.014875,0.0352916666667
11.88,3.94186291852,0.0993920444444,1,1.57079632679,0.18389,0.07381,-0.0144861111111,0.0354583333333
11.9,3.94553784722,0.100875347222,1,1.57079632679,0.183604166667,0.0745208333333,-0.0140972222222,0.035625
11.92,3.94920713704,0.1023729,1,1.57079632679,0.183326111111,0.075235,-0.0137083333333,0.0357916666667
11.94,3.95287094352,0.103884769444,1,1.57079632679,0.183055833333,0.0759525,-0.0133194444444,0.0359583333333
11.96,3.95652942222,0.105411022222,1,1.57079632679,0.182793333333,0.0766733333333,-0.0129305555556,0.036125
11.98,3.9601827287,0.106951725,1,1.57079632679,0.182538611111,0.0773975,-0.0125416666667,0.0362916666667
12,3.96383101852,0.108506944444,1,1.57079632679,0.182291666667,0.078125,-0.0121527777778,0.0364583333333
12.02,3.96747444722,0.110076747222,1,1.57079632679,0.1820525,0.0788558333333,-0.0117638888889,0.036625
12.04,3.97111317037,0.1116612,1,1.57079632679,0.181821111111,0.07959,-0.011375,0.0367916666667
12.06,3.97474734352,0.113260369444,1,1.57079632679,0.1815975,0.0803275,-0.0109861111111,0.0369583333333
12.08,3.97837712222,0.114874322222,1,1.57079632679,0.181381666667,0.0810683333333,-0.0105972222222,0.037125
12.1,3.98200266204,0.116503125,1,1.57079632679,0.181173611111,0.0818125,-0.0102083333333,0.0372916666667
12.12,3.98562411852,0.118146844444,1,1.57079632679,0.180973333333,0.08256,-0.00981944444444,0.0374583333333
12.14,3.98924164722,0.119805547222,1,1.57079632679,0.180780833333,0.0833108333333,-0.00943055555556,0.037625
12.16,3.9928554037,0.1214793,1,1.57079632679,0.180596111111,0.084065,-0.00904166666667,0.0377916666667
12.18,3.99646554352,0.123168169444,1,1.57079632679,0.180419166667,0.0848225,-0.00865277777778,0.0379583333333
12.2,4.00007222222,0.124872222222,1,1.57079632679,0.18025,0.0855833333333,-0.00826388888889,0.038125
12.22,4.00367559537,0.126591525,1,1.57079632679,0.180088611111,0.0863475,-0.007875,0.0382916666667
12.24,4.00727581852,0.128326144444,1,1.57079632679,0.179935,0.087115,-0.00748611111111,0.0384583333333
12.26,4.01087304722,0.130076147222,1,1.57079632679,0.179789166667,0.0878858333333,-0.00709722222222,0.038625
12.28,4.01446743704,0.1318416,1,1.57079632679,0.179651111111,0.08866,-0.00670833333333,0.0387916666667
12.3,4.01805914352,0.133622569444,1,1.57079632679,0.179520833333,0.0894375,-0.00631944444444,0.0389583333333
12.32,4.02164832222,0.135419122222,1,1.57079632679,0.179398333333,0.0902183333333,-0.00593055555556,0.039125
12.34,4.0252351287,0.137231325,1,1.57079632679,0.179283611111,0.0910025,-0.00554166666667,0.0392916666667
12.36,4.02881971852,0.139059244444,1,1.57079632679,0.179176666667,0.09179,-0.00515277777778,0.0394583333333
12.38,4.03240224722,0.140902947222,1,1.57079632679,0.1790775,0.0925808333333,-0.00476388888889,0.039625
12.4,4.03598287037,0.1427625,1,1.57079632679,0.178986111111,0.093375,-0.004375,0.0397916666667
12.42,4.03956174352,0.144637969444,1,1.57079632679,0.1789025,0.0941725,-0.00398611111111,0.0399583333333
12.44,4.04313902222,0.146529422222,1,1.57079632679,0.178826666667,0.0949733333333,-0.00359722222222,0.040125
12.46,4.04671486204,0.148436925,1,1.57079632679,0.178758611111,0.0957775,-0.00320833333333,0.0402916666667
12.48,4.05028941852,0.150360544444,1,1.57079632679,0.178698333333,0.096585,-0.00281944444444,0.0404583333333
12.5,4.05386284722,0.152300347222,1,1.57079632679,0.178645833333,0.0973958333333,-0.00243055555556,0.040625
12.52,4.0574353037,0.1542564,1,1.57079632679,0.178601111111,0.09821,-0.00204166666667,0.0407916666667
12.54,4.06100694352,0.156228769444,1,1.57079632679,0.178564166667,0.0990275,-0.00165277777778,0.0409583333333
12.56,4.06457792222,0.158217522222,1,1.57079632679,0.178535,0.0998483333333,-0.00126388888889,0.041125
12.58,4.06814839537,0.160222725,1,1.57079632679,0.178513611111,0.1006725,-0.000875,0.0412916666667
12.6,4.07171851852,0.162244444444,1,1.57079632679,0.1785,0.1015,-0.000486111111111,0.0414583333333
12.62,4.07528844722,0.164282747222,1,1.57079632679,0.178494166667,0.102330833333,-9.72222222222e-05,0.041625
12.64,4.07885833704,0.1663377,1,1.57079632679,0.178496111111,0.103165,0.000291666666667,0.0417916666667
12.66,4.08242834352,0.168409369444,1,1.57079632679,0.178505833333,0.1040025,0.000680555555556,0.0419583333333
12.68,4.08599862222,0.170497822222,1,1.57079632679,0.178523333333,0.104843333333,0.00106944444444,0.042125
12.7,4.0895693287,0.172603125,1,1.57079632679,0.178548611111,0.1056875,0.00145833333333,0.0422916666667
12.72,4.09314061852,0.174725344444,1,1.57079632679,0.178581666667,0.106535,0.00184722222222,0.0424583333333
12.74,4.09671264722,0.176864547222,1,1.57079632679,0.1786225,0.107385833333,0.00223611111111,0.042625
12.76,4.10028557037,0.1790208,1,1.57079632679,0.178671111111,0.10824,0.002625,0.0427916666667
12.78,4.10385954352,0.181194169444,1,1.57079632679,0.1787275,0.1090975,0.00301388888889,0.0429583333333
12.8,4.10743472222,0.183384722222,1,1.57079632679,0.178791666667,0.109958333333,0.00340277777778,0.043125
12.82,4.11101126204,0.185592525,1,1.57079632679,0.178863611111,0.1108225,0.00379166666667,0.0432916666667
12.84,4.11458931852,0.187817644444,1,1.57079632679,0.178943333333,0.11169,0.00418055555556,0.0434583333333
12.86,4.11816904722,0.190060147222,1,1.57079632679,0.179030833333,0.112560833333,0.00456944444444,0.043625
12.88,4.1217506037,0.1923201,1,1.57079632679,0.179126111111,0.113435,0.00495833333333,0.0437916666667
12.9,4.12533414352,0.194597569444,1,1.57079632679,0.179229166667,0.1143125,0.00534722222222,0.0439583333333
12.92,4.12891982222,0.196892622222,1,1.57079632679,0.17934,0.115193333333,0.00573611111111,0.044125
12.94,4.13250779537,0.199205325,1,1.57079632679,0.179458611111,0.1160775,0.006125,0.0442916666667
12.96,4.13609821852,0.201535744444,1,1.57079632679,0.179585,0.116965,0.00651388888889,0.0444583333333
12.98,4.13969124722,0.203883947222,1,1.57079632679,0.179719166667,0.117855833333,0.00690277777778,0.044625
13,4.14328703704,0.20625,1,1.57079632679,0.179861111111,0.11875,0.00729166666667,0.0447916666667
13.02,4.14688574352,0.208633969444,1,1.57079632679,0.180010833333,0.1196475,0.00768055555556,0.0449583333333
13.04,4.15048752222,0.211035922222,1,1.57079632679,0.180168333333,0.120548333333,0.00806944444444,0.045125
13.06,4.1540925287,0.213455925,1,1.57079632679,0.180333611111,0.1214525,0.00845833333333,0.0452916666667
13.08,4.15770091852,0.215894044444,1,1.57079632679,0.180506666667,0.12236,0.00884722222222,0.0454583333333
13.1,4.16131284722,0.218350347222,1,1.57079632679,0.1806875,0.123270833333,0.00923611111111,0.045625
13.12,4.16492847037,0.2208249,1,1.57079632679,0.180876111111,0.124185,0.009625,0.0457916666667
13.14,4.16854794352,0.223317769444,1,1.57079632679,0.1810725,0.1251025,0.0100138888889,0.0459583333333
13.16,4.17217142222,0.225829022222,1,1.57079632679,0.181276666667,0.126023333333,0.0104027777778,0.046125
13.18,4.17579906204,0.228358725,1,1.57079632679,0.181488611111,0.1269475,0.0107916666667,0.0462916666667
13.2,4.17943101852,0.230906944444,1,1.57079632679,0.181708333333,0.127875,0.0111805555556,0.0464583333333
13.22,4.18306744722,0.233473747222,1,1.57079632679,0.181935833333,0.128805833333,0.0115694444444,0.046625
13.24,4.1867085037,0.2360592,1,1.57079632679,0.182171111111,0.12974,0.0119583333333,0.0467916666667
13.26,4.19035434352,0.238663369444,1,1.57079632679,0.182414166667,0.1306775,0.0123472222222,0.0469583333333
13.28,4.19400512222,0.241286322222,1,1.57079632679,0.182665,0.131618333333,0.0127361111111,0.047125
13.3,4.19766099537,0.243928125,1,1.57079632679,0.182923611111,0.1325625,0.013125,0.0472916666667
13.32,4.20132211852,0.246588844444,1,1.57079632679,0.18319,0.13351,0.0135138888889,0.0474583333333
13.34,4.20498864722,0.249268547222,1,1.57079632679,0.183464166667,0.134460833333,0.0139027777778,0.047625
13.36,4.20866073704,0.2519673,1,1.57079632679,0.183746111111,0.135415,0.0142916666667,0.0477916666667
13.38,4.21233854352,0.254685169444,1,1.57079632679,0.184035833333,0.1363725,0.0146805555556,0.0479583333333
13.4,4.21602222222,0.257422222222,1,1.57079632679,0.184333333333,0.137333333333,0.0150694444444,0.048125
13.42,4.2197119287,0.260178525,1,1.57079632679,0.184638611111,0.1382975,0.0154583333333,0.0482916666667
13.44,4.22340781852,0.262954144444,1,1.57079632679,0.184951666667,0.139265,0.0158472222222,0.0484583333333
13.46,4.22711004722,0.265749147222,1,1.57079632679,0.1852725,0.140235833333,0.0162361111111,0.048625
13.48,4.23081877037,0.2685636,1,1.57079632679,0.185601111111,0.14121,0.016625,0.0487916666667
13.5,4.23453414352,0.271397569444,1,1.57079632679,0.1859375,0.1421875,0.0170138888889,0.0489583333333
13.52,4.23825632222,0.274251122222,1,1.57079632679,0.186281666667,0.143168333333,0.0174027777778,0.049125
13.54,4.24198546204,0.277124325,1,1.57079632679,0.186633611111,0.1441525,0.0177916666667,0.0492916666667
13.56,4.24572171852,0.280017244444,1,1.57079632679,0.186993333333,0.14514,0.0181805555556,0.0494583333333
13.58,4.24946524722,0.282929947222,1,1.57079632679,0.187360833333,0.146130833333,0.0185694444444,0.049625
13.6,4.2532162037,0.2858625,1,1.57079632679,0.187736111111,0.147125,0.0189583333333,0.0497916666667
13.62,4.25697474352,0.288814969444,1,1.57079632679,0.188119166667,0.1481225,0.0193472222222,0.0499583333333
13.64,4.26074102222,0.291787422222,1,1.57079632679,0.18851,0.149123333333,0.0197361111111,0.050125
13.66,4.26451519537,0.294779925,1,1.57079632679,0.188908611111,0.1501275,0.020125,0.0502916666667
13.68,4.26829741852,0.297792544444,1,1.57079632679,0.189315,0.151135,0.0205138888889,0.0504583333333
13.7,4.27208784722,0.300825347222,1,1.57079632679,0.189729166667,0.152145833333,0.0209027777778,0.050625
13.72,4.27588663704,0.3038784,1,1.57079632679,0.190151111111,0.15316,0.0212916666667,0.0507916666667
13.74,4.27969394352,0.306951769444,1,1.57079632679,0.190580833333,0.1541775,0.0216805555556,0.0509583333333
13.76,4.28350992222,0.310045522222,1,1.57079632679,0.191018333333,0.155198333333,0.0220694444444,0.051125
13.78,4.2873347287,0.313159725,1,1.57079632679,0.191463611111,0.1562225,0.0224583333333,0.0512916666667
13.8,4.29116851852,0.316294444444,1,1.57079632679,0.191916666667,0.15725,0.0228472222222,0.0514583333333
13.82,4.29501144722,0.319449747222,1,1.57079632679,0.1923775,0.158280833333,0.0232361111111,0.051625
13.84,4.29886367037,0.3226257,1,1.57079632679,0.192846111111,0.159315,0.023625,0.0517916666667
13.86,4.30272534352,0.325822369444,1,1.57079632679,0.1933225,0.1603525,0.0240138888889,0.0519583333333
13.88,4.30659662222,0.329039822222,1,1.57079632679,0.193806666667,0.161393333333,0.0244027777778,0.052125
13.9,4.31047766204,0.332278125,1,1.57079632679,0.194298611111,0.1624375,0.0247916666667,0.0522916666667
13.92,4.31436861852,0.335537344444,1,1.57079632679,0.194798333333,0.163485,0.0251805555556,0.0524583333333
13.94,4.31826964722,0.338817547222,1,1.57079632679,0.195305833333,0.164535833333,0.0255694444444,0.052625
13.96,4.3221809037,0.3421188,1,1.57079632679,0.195821111111,0.16559,0.0259583333333,0.0527916666667
13.98,4.32610254352,0.345441169444,1,1.57079632679,0.196344166667,0.1666475,0.0263472222222,0.0529583333333
14,4.33003472222,0.348784722222,1,1.57079632679,0.196875,0.167708333333,0.0267361111111,0.053125
14.02,4.33397759537,0.352149525,1,1.57079632679,0.197413611111,0.1687725,0.027125,0.0532916666667
14.04,4.33793131852,0.355535644444,1,1.57079632679,0.19796,0.16984,0.0275138888889,0.0534583333333
14.06,4.34189604722,0.358943147222,1,1.57079632679,0.198514166667,0.170910833333,0.0279027777778,0.053625
14.08,4.34587193704,0.3623721,1,1.57079632679,0.199076111111,0.171985,0.0282916666667,0.0537916666667
14.1,4.34985914352,0.365822569444,1,1.57079632679,0.199645833333,0.1730625,0.0286805555556,0.0539583333333
14.12,4.35385782222,0.369294622222,1,1.57079632679,0.200223333333,0.174143333333,0.0290694444444,0.054125
14.14,4.3578681287,0.372788325,1,1.57079632679,0.200808611111,0.1752275,0.0294583333333,0.0542916666667
14.16,4.36189021852,0.376303744444,1,1.57079632679,0.201401666667,0.176315,0.0298472222222,0.0544583333333
14.18,4.36592424722,0.379840947222,1,1.57079632679,0.2020025,0.177405833333,0.0302361111111,0.054625
14.2,4.36997037037,0.3834,1,1.57079632679,0.202611111111,0.1785,0.030625,0.0547916666667
14.22,4.37402874352,0.386980969444,1,1.57079632679,0.2032275,0.1795975,0.0310138888889,0.0549583333333
14.24,4.37809952222,0.390583922222,1,1.57079632679,0.203851666667,0.180698333333,0.0314027777778,0.055125
14.26,4.38218286204,0.394208925,1,1.57079632679,0.204483611111,0.1818025,0.0317916666667,0.0552916666667
14.28,4.38627891852,0.397856044444,1,1.57079632679,0.205123333333,0.18291,0.0321805555556,0.0554583333333
14.3,4.39038784722,0.401525347222,1,1.57079632679,0.205770833333,0.184020833333,0.0325694444444,0.055625
14.32,4.3945098037,0.4052169,1,1.57079632679,0.206426111111,0.185135,0.0329583333333,0.0557916666667
14.34,4.39864494352,0.408930769444,1,1.57079632679,0.207089166667,0.1862525,0.0333472222222,0.0559583333333
14.36,4.40279342222,0.412667022222,1,1.57079632679,0.20776,0.187373333333,0.0337361111111,0.056125
14.38,4.40695539537,0.416425725,1,1.57079632679,0.208438611111,0.1884975,0.034125,0.0562916666667
14.4,4.41113101852,0.420206944444,1,1.57079632679,0.209125,0.189625,0.0345138888889,0.0564583333333
14.42,4.41532044722,0.424010747222,1,1.57079632679,0.209819166667,0.190755833333,0.0349027777778,0.056625
14.44,4.41952383704,0.4278372,1,1.57079632679,0.210521111111,0.19189,0.0352916666667,0.0567916666667
14.46,4.42374134352,0.431686369444,1,1.57079632679,0.211230833333,0.1930275,0.0356805555556,0.0569583333333
14.48,4.42797312222,0.435558322222,1,1.57079632679,0.211948333333,0.194168333333,0.0360694444444,0.057125
14.5,4.4322193287,0.439453125,1,1.57079632679,0.212673611111,0.1953125,0.0364583333333,0.0572916666667
14.52,4.43648011852,0.443370844444,1,1.57079632679,0.213406666667,0.19646,0.0368472222222,0.0574583333333
14.54,4.44075564722,0.447311547222,1,1.57079632679,0.2141475,0.197610833333,0.0372361111111,0.057625
14.56,4.44504607037,0.4512753,1,1.57079632679,0.214896111111,0.198765,0.037625,0.0577916666667
14.58,4.44935154352,0.455262169444,1,1.57079632679,0.2156525,0.1999225,0.0380138888889,0.0579583333333
14.6,4.45367222222,0.459272222222,1,1.57079632679,0.216416666667,0.201083333333,0.0384027777778,0.058125
14.62,4.45800826204,0.463305525,1,1.57079632679,0.217188611111,0.2022475,0.0387916666667,0.0582916666667
14.64,4.46235981852,0.467362144444,1,1.57079632679,0.217968333333,0.203415,0.0391805555556,0.0584583333333
14.66,4.46672704722,0.471442147222,1,1.57079632679,0.218755833333,0.204585833333,0.0395694444444,0.058625
14.68,4.4711101037,0.4755456,1,1.57079632679,0.219551111111,0.20576,0.0399583333333,0.0587916666667
14.7,4.47550914352,0.479672569444,1,1.57079632679,0.220354166667,0.2069375,0.0403472222222,0.0589583333333
14.72,4.47992432222,0.483823122222,1,1.57079632679,0.221165,0.208118333333,0.0407361111111,0.059125
14.74,4.48435579537,0.487997325,1,1.57079632679,0.221983611111,0.2093025,0.041125,0.0592916666667
14.76,4.48880371852,0.492195244444,1,1.57079632679,0.22281,0.21049,0.0415138888889,0.0594583333333
14.78,4.49326824722,0.496416947222,1,1.57079632679,0.223644166667,0.211680833333,0.0419027777778,0.059625
14.8,4.49774953704,0.5006625,1,1.57079632679,0.224486111111,0.212875,0.0422916666667,0.0597916666667
14.82,4.50224774352,0.504931969444,1,1.57079632679,0.225335833333,0.2140725,0.0426805555556,0.0599583333333
14.84,4.50676302222,0.509225422222,1,1.57079632679,0.226193333333,0.215273333333,0.0430694444444,0.060125
14.86,4.5112955287,0.513542925,1,1.57079632679,0.227058611111,0.2164775,0.0434583333333,0.0602916666667
14.88,4.51584541852,0.517884544444,1,1.57079632679,0.227931666667,0.217685,0.0438472222222,0.0604583333333
14.9,4.52041284722,0.522250347222,1,1.57079632679,0.2288125,0.218895833333,0.0442361111111,0.060625
14.92,4.52499797037,0.5266404,1,1.57079632679,0.229701111111,0.22011,0.044625,0.0607916666667
14.94,4.52960094352,0.531054769444,1,1.57079632679,0.2305975,0.2213275,0.0450138888889,0.0609583333333
14.96,4.53422192222,0.535493522222,1,1.57079632679,0.231501666667,0.222548333333,0.0454027777778,0.061125
14.98,4.53886106204,0.539956725,1,1.57079632679,0.232413611111,0.2237725,0.0457916666667,0.0612916666667
15,4.54351851852,0.544444444444,1,1.57079632679,0.233333333333,0.225,0.0461805555556,0.0614583333333
15.02,4.54819444722,0.548956747222,1,1.57079632679,0.234260833333,0.226230833333,0.0465694444444,0.061625
15.04,4.5528890037,0.5534937,1,1.57079632679,0.235196111111,0.227465,0.0469583333333,0.0617916666667
15.06,4.55760234352,0.558055369444,1,1.57079632679,0.236139166667,0.2287025,0.0473472222222,0.0619583333333
15.08,4.56233462222,0.562641822222,1,1.57079632679,0.23709,0.229943333333,0.0477361111111,0.062125
15.1,4.56708599537,0.567253125,1,1.57079632679,0.238048611111,0.2311875,0.048125,0.0622916666667
15.12,4.57185661852,0.571889344444,1,1.57079632679,0.239015,0.232435,0.0485138888889,0.0624583333333
15.14,4.57664664722,0.576550547222,1,1.57079632679,0.239989166667,0.233685833333,0.0489027777778,0.062625
15.16,4.58145623704,0.5812368,1,1.57079632679,0.240971111111,0.23494,0.0492916666667,0.0627916666667
15.18,4.58628554352,0.585948169444,1,1.57079632679,0.241960833333,0.2361975,0.0496805555556,0.0629583333333
15.2,4.59113472222,0.590684722222,1,1.57079632679,0.242958333333,0.237458333333,0.0500694444444,0.063125
15.22,4.5960039287,0.595446525,1,1.57079632679,0.243963611111,0.2387225,0.0504583333333,0.0632916666667
15.24,4.60089331852,0.600233644444,1,1.57079632679,0.244976666667,0.23999,0.0508472222222,0.0634583333333
15.26,4.60580304722,0.605046147222,1,1.57079632679,0.2459975,0.241260833333,0.0512361111111,0.063625
15.28,4.61073327037,0.6098841,1,1.57079632679,0.247026111111,0.242535,0.051625,0.0637916666667
15.3,4.61568414352,0.614747569444,1,1.57079632679,0.2480625,0.2438125,0.0520138888889,0.0639583333333
15.32,4.62065582222,0.619636622222,1,1.57079632679,0.249106666667,0.245093333333,0.0524027777778,0.064125
15.34,4.62564846204,0.624551325,1,1.57079632679,0.250158611111,0.2463775,0.0527916666667,0.0642916666667
15.36,4.63066221852,0.629491744444,1,1.57079632679,0.251218333333,0.247665,0.0531805555556,0.0644583333333
15.38,4.63569724722,0.634457947222,1,1.57079632679,0.252285833333,0.248955833333,0.0535694444444,0.064625
15.4,4.6407537037,0.63945,1,1.57079632679,0.253361111111,0.25025,0.0539583333333,0.0647916666667
15.42,4.64583174352,0.644467969444,1,1.57079632679,0.254444166667,0.2515475,0.0543472222222,0.0649583333333
15.44,4.65093152222,0.649511922222,1,1.57079632679,0.255535,0.252848333333,0.0547361111111,0.065125
15.46,4.65605319537,0.654581925,1,1.57079632679,0.256633611111,0.2541525,0.055125,0.0652916666667
15.48,4.66119691852,0.659678044444,1,1.57079632679,0.25774,0.25546,0.0555138888889,0.0654583333333
15.5,4.66636284722,0.664800347222,1,1.57079632679,0.258854166667,0.256770833333,0.0559027777778,0.065625
15.52,4.67155113704,0.6699489,1,1.57079632679,0.259976111111,0.258085,0.0562916666667,0.0657916666667
15.54,4.67676194352,0.675123769444,1,1.57079632679,0.261105833333,0.2594025,0.0566805555556,0.0659583333333
15.56,4.68199542222,0.680325022222,1,1.57079632679,0.262243333333,0.260723333333,0.0570694444444,0.066125
15.58,4.6872517287,0.685552725,1,1.57079632679,0.263388611111,0.2620475,0.0574583333333,0.0662916666667
15.6,4.69253101852,0.690806944444,1,1.57079632679,0.264541666667,0.263375,0.0578472222222,0.0664583333333
15.62,4.69783344722,0.696087747222,1,1.57079632679,0.2657025,0.264705833333,0.0582361111111,0.066625
15.64,4.70315917037,0.7013952,1,1.57079632679,0.266871111111,0.26604,0.058625,0.0667916666667
15.66,4.70850834352,0.706729369444,1,1.57079632679,0.2680475,0.2673775,0.0590138888889,0.0669583333333
15.68,4.71388112222,0.712090322222,1,1.57079632679,0.269231666667,0.268718333333,0.0594027777778,0.067125
15.7,4.71927766204,0.717478125,1,1.57079632679,0.270423611111,0.2700625,0.0597916666667,0.0672916666667
15.72,4.72469811852,0.722892844444,1,1.57079632679,0.271623333333,0.27141,0.0601805555556,0.0674583333333
15.74,4.73014264722,0.728334547222,1,1.57079632679,0.272830833333,0.272760833333,0.0605694444444,0.067625
15.76,4.7356114037,0.7338033,1,1.57079632679,0.274046111111,0.274115,0.0609583333333,0.0677916666667
15.78,4.74110454352,0.739299169444,1,1.57079632679,0.275269166667,0.2754725,0.0613472222222,0.0679583333333
15.8,4.74662222222,0.744822222222,1,1.57079632679,0.2765,0.276833333333,0.0617361111111,0.068125
15.82,4.75216459537,0.750372525,1,1.57079632679,0.277738611111,0.2781975,0.062125,0.0682916666667
15.84,4.75773181852,0.755950144444,1,1.57079632679,0.278985,0.279565,0.0625138888889,0.0684583333333
15.86,4.76332404722,0.761555147222,1,1.57079632679,0.280239166667,0.280935833333,0.0629027777778,0.068625
15.88,4.76894143704,0.7671876,1,1.57079632679,0.281501111111,0.28231,0.0632916666667,0.0687916666667
15.9,4.77458414352,0.772847569444,1,1.57079632679,0.282770833333,0.2836875,0.0636805555556,0.0689583333333
15.92,4.78025232222,0.778535122222,1,1.57079632679,0.284048333333,0.285068333333,0.0640694444444,0.069125
15.94,4.7859461287,0.784250325,1,1.57079632679,0.285333611111,0.2864525,0.0644583333333,0.0692916666667
15.96,4.79166571852,0.789993244444,1,1.57079632679,0.286626666667,0.28784,0.0648472222222,0.0694583333333
15.98,4.79741124722,0.795763947222,1,1.57079632679,0.2879275,0.289230833333,0.0652361111111,0.069625
16,4.80318287037,0.8015625,1,1.57079632679,0.289236111111,0.290625,0.065625,0.0697916666667
16.02,4.80898074352,0.807388969444,1,1.57079632679,0.2905525,0.2920225,0.0660138888889,0.0699583333333
16.04,4.81480502222,0.813243422222,1,1.57079632679,0.291876666667,0.293423333333,0.0664027777778,0.070125
16.06,4.82065586204,0.819125925,1,1.57079632679,0.293208611111,0.2948275,0.0667916666667,0.0702916666667
16.08,4.82653341852,0.825036544444,1,1.57079632679,0.294548333333,0.296235,0.0671805555556,0.0704583333333
16.1,4.83243784722,0.830975347222,1,1.57079632679,0.295895833333,0.297645833333,0.0675694444444,0.070625
16.12,4.8383693037,0.8369424,1,1.57079632679,0.297251111111,0.29906,0.0679583333333,0.0707916666667
16.14,4.84432794352,0.842937769444,1,1.57079632679,0.298614166667,0.3004775,0.0683472222222,0.0709583333333
16.16,4.85031392222,0.848961522222,1,1.57079632679,0.299985,0.301898333333,0.0687361111111,0.071125
16.18,4.85632739537,0.855013725,1,1.57079632679,0.301363611111,0.3033225,0.069125,0.0712916666667
16.2,4.86236851852,0.861094444444,1,1.57079632679,0.30275,0.30475,0.0695138888889,0.0714583333333
16.22,4.86843744722,0.867203747222,1,1.57079632679,0.304144166667,0.306180833333,0.0699027777778,0.071625
16.24,4.87453433704,0.8733417,1,1.57079632679,0.305546111111,0.307615,0.0702916666667,0.0717916666667
16.26,4.88065934352,0.879508369444,1,1.57079632679,0.306955833333,0.3090525,0.0706805555556,0.0719583333333
16.28,4.88681262222,0.885703822222,1,1.57079632679,0.308373333333,0.310493333333,0.0710694444444,0.072125
16.3,4.8929943287,0.891928125,1,1.57079632679,0.309798611111,0.3119375,0.0714583333333,0.0722916666667
16.32,4.89920461852,0.898181344444,1,1.57079632679,0.311231666667,0.313385,0.0718472222222,0.0724583333333
16.34,4.90544364722,0.904463547222,1,1.57079632679,0.3126725,0.314835833333,0.0722361111111,0.072625
16.36,4.91171157037,0.9107748,1,1.57079632679,0.314121111111,0.31629,0.072625,0.0727916666667
16.38,4.91800854352,0.917115169444,1,1.57079632679,0.3155775,0.3177475,0.0730138888889,0.0729583333333
16.4,4.92433472222,0.923484722222,1,1.57079632679,0.317041666667,0.319208333333,0.0734027777778,0.073125
16.42,4.93069026204,0.929883525,1,1.57079632679,0.318513611111,0.3206725,0.0737916666667,0.0732916666667
16.44,4.93707531852,0.936311644444,1,1.57079632679,0.319993333333,0.32214,0.0741805555556,0.0734583333333
16.46,4.94349004722,0.942769147222,1,1.57079632679,0.321480833333,0.323610833333,0.0745694444444,0.073625
16.48,4.9499346037,0.9492561,1,1.57079632679,0.322976111111,0.325085,0.0749583333333,0.0737916666667
16.5,4.95640914352,0.955772569444,1,1.57079632679,0.324479166667,0.3265625,0.0753472222222,0.0739583333333
16.52,4.96291382222,0.962318622222,1,1.57079632679,0.32599,0.328043333333,0.0757361111111,0.074125
16.54,4.96944879537,0.968894325,1,1.57079632679,0.327508611111,0.3295275,0.076125,0.0742916666667
16.56,4.97601421852,0.975499744444,1,1.57079632679,0.329035,0.331015,0.0765138888889,0.0744583333333
16.58,4.98261024722,0.982134947222,1,1.57079632679,0.330569166667,0.332505833333,0.0769027777778,0.074625
16.6,4.98923703704,0.9888,1,1.57079632679,0.332111111111,0.334,0.0772916666667,0.0747916666667
16.62,4.99589474352,0.995494969444,1,1.57079632679,0.333660833333,0.3354975,0.0776805555556,0.0749583333333
16.64,5.00258352222,1.00221992222,1,1.57079632679,0.335218333333,0.336998333333,0.0780694444444,0.075125
16.66,5.0093035287,1.008974925,1,1.57079632679,0.336783611111,0.3385025,0.0784583333333,0.0752916666667
16.68,5.01605491852,1.01576004444,1,1.57079632679,0.338356666667,0.34001,0.0788472222222,0.0754583333333
16.7,5.02283784722,1.02257534722,1,1.57079632679,0.3399375,0.341520833333,0.0792361111111,0.075625
16.72,5.02965247037,1.0294209,1,1.57079632679,0.341526111111,0.343035,0.079625,0.0757916666667
16.74,5.03649894352,1.03629676944,1,1.57079632679,0.3431225,0.3445525,0.0800138888889,0.0759583333333
16.76,5.04337742222,1.04320302222,1,1.57079632679,0.344726666667,0.346073333333,0.0804027777778,0.076125
16.78,5.05028806204,1.050139725,1,1.57079632679,0.346338611111,0.3475975,0.0807916666667,0.0762916666667
16.8,5.05723101852,1.05710694444,1,1.57079632679,0.347958333333,0.349125,0.0811805555556,0.0764583333333
16.82,5.06420644722,1.06410474722,1,1.57079632679,0.349585833333,0.350655833333,0.0815694444444,0.076625
16.84,5.0712145037,1.0711332,1,1.57079632679,0.351221111111,0.35219,0.0819583333333,0.0767916666667
16.86,5.07825534352,1.07819236944,1,1.57079632679,0.352864166667,0.3537275,0.0823472222222,0.0769583333333
16.88,5.08532912222,1.08528232222,1,1.57079632679,0.354515,0.355268333333,0.0827361111111,0.077125
16.9,5.09243599537,1.092403125,1,1.57079632679,0.356173611111,0.3568125,0.083125,0.0772916666667
16.92,5.09957611852,1.09955484444,1,1.57079632679,0.35784,0.35836,0.0835138888889,0.0774583333333
16.94,5.10674964722,1.10673754722,1,1.57079632679,0.359514166667,0.359910833333,0.0839027777778,0.077625
16.96,5.11395673704,1.1139513,1,1.57079632679,0.361196111111,0.361465,0.0842916666667,0.0777916666667
16.98,5.12119754352,1.12119616944,1,1.57079632679,0.362885833333,0.3630225,0.0846805555556,0.0779583333333
17,5.12847222222,1.12847222222,1,1.57079632679,0.364583333333,0.364583333333,0.0208333333333,0.0208333333333
17.02,5.13576802778,1.13576802778,1,1.57079632679,0.364995833333,0.364995833333,0.0204166666667,0.0204166666667
17.04,5.143072,1.143072,1,1.57079632679,0.3654,0.3654,0.02,0.02
17.06,5.15038397222,1.15038397222,1,1.57079632679,0.365795833333,0.365795833333,0.0195833333333,0.0195833333333
17.08,5.15770377778,1.15770377778,1,1.57079632679,0.366183333333,0.366183333333,0.0191666666667,0.0191666666667
17.1,5.16503125,1.16503125,1,1.57079632679,0.3665625,0.3665625,0.01875,0.01875
17.12,5.17236622222,1.17236622222,1,1.57079632679,0.366933333333,0.366933333333,0.0183333333333,0.0183333333333
17.14,5.17970852778,1.17970852778,1,1.57079632679,0.367295833333,0.367295833333,0.0179166666667,0.0179166666667
17.16,5.187058,1.187058,1,1.57079632679,0.36765,0.36765,0.0175,0.0175
17.18,5.19441447222,1.19441447222,1,1.57079632679,0.367995833333,0.367995833333,0.0170833333333,0.0170833333333
17.2,5.20177777778,1.20177777778,1,1.57079632679,0.368333333333,0.368333333333,0.0166666666667,0.0166666666667
17.22,5.20914775,1.20914775,1,1.57079632679,0.3686625,0.3686625,0.01625,0.01625
17.24,5.21652422222,1.21652422222,1,1.57079632679,0.368983333333,0.368983333333,0.0158333333333,0.0158333333333
17.26,5.22390702778,1.22390702778,1,1.57079632679,0.369295833333,0.369295833333,0.0154166666667,0.0154166666667
17.28,5.231296,1.231296,1,1.57079632679,0.3696,0.3696,0.015,0.015
17.3,5.23869097222,1.23869097222,1,1.57079632679,0.369895833333,0.369895833333,0.0145833333333,0.0145833333333
17.32,5.24609177778,1.24609177778,1,1.57079632679,0.370183333333,0.370183333333,0.0141666666667,0.0141666666667
17.34,5.25349825,1.25349825,1,1.57079632679,0.3704625,0.3704625,0.01375,0.01375
17.36,5.26091022222,1.26091022222,1,1.57079632679,0.370733333333,0.370733333333,0.0133333333333,0.0133333333333
17.38,5.26832752778,1.26832752778,1,1.57079632679,0.370995833333,0.370995833333,0.0129166666667,0.0129166666667
17.4,5.27575,1.27575,1,1.57079632679,0.37125,0.37125,0.0125,0.0125
17.42,5.28317747222,1.28317747222,1,1.57079632679,0.371495833333,0.371495833333,0.0120833333333,0.0120833333333
17.44,5.29060977778,1.29060977778,1,1.57079632679,0.371733333333,0.371733333333,0.0116666666667,0.0116666666667
17.46,5.29804675,1.29804675,1,1.57079632679,0.3719625,0.3719625,0.01125,0.01125
17.48,5.30548822222,1.30548822222,1,1.57079632679,0.372183333333,0.372183333333,0.0108333333333,0.0108333333333
17.5,5.31293402778,1.31293402778,1,1.57079632679,0.372395833333,0.372395833333,0.0104166666667,0.0104166666667
17.52,5.320384,1.320384,1,1.57079632679,0.3726,0.3726,0.01,0.01
17.54,5.32783797222,1.32783797222,1,1.57079632679,0.372795833333,0.372795833333,0.00958333333333,0.00958333333333
17.56,5.33529577778,1.33529577778,1,1.57079632679,0.372983333333,0.372983333333,0.00916666666667,0.00916666666667
17.58,5.34275725,1.34275725,1,1.57079632679,0.3731625,0.3731625,0.00875,0.00875
17.6,5.35022222222,1.35022222222,1,1.57079632679,0.373333333333,0.373333333333,0.00833333333333,0.00833333333333
17.62,5.35769052778,1.35769052778,1,1.57079632679,0.373495833333,0.373495833333,0.00791666666667,0.00791666666667
17.64,5.365162,1.365162,1,1.57079632679,0.37365,0.37365,0.0075,0.0075
17.66,5.37263647222,1.37263647222,1,1.57079632679,0.373795833333,0.373795833333,0.00708333333333,0.00708333333333
17.68,5.38011377778,1.38011377778,1,1.57079632679,0.373933333333,0.373933333333,0.00666666666667,0.00666666666667
17.7,5.38759375,1.38759375,1,1.57079632679,0.3740625,0.3740625,0.00625,0.00625
17.72,5.39507622222,1.39507622222,1,1.57079632679,0.374183333333,0.374183333333,0.00583333333333,0.00583333333333
17.74,5.40256102778,1.40256102778,1,1.57079632679,0.374295833333,0.374295833333,0.00541666666667,0.00541666666667
17.76,5.410048,1.410048,1,1.57079632679,0.3744,0.3744,0.005,0.005
17.78,5.41753697222,1.41753697222,1,1.57079632679,0.374495833333,0.374495833333,0.00458333333333,0.00458333333333
17.8,5.42502777778,1.42502777778,1,1.57079632679,0.374583333333,0.374583333333,0.00416666666667,0.00416666666667
17.82,5.43252025,1.43252025,1,1.57079632679,0.3746625,0.3746625,0.00375,0.00375
17.84,5.44001422222,1.44001422222,1,1.57079632679,0.374733333333,0.374733333333,0.00333333333333,0.00333333333333
17.86,5.44750952778,1.44750952778,1,1.57079632679,0.374795833333,0.374795833333,0.00291666666667,0.00291666666667
17.88,5.455006,1.455006,1,1.57079632679,0.37485,0.37485,0.0025,0.0025
17.9,5.46250347222,1.46250347222,1,1.57079632679,0.374895833333,0.374895833333,0.00208333333333,0.00208333333333
17.92,5.47000177778,1.47000177778,1,1.57079632679,0.374933333333,0.374933333333,0.00166666666667,0.00166666666667
17.94,5.47750075,1.47750075,1,1.57079632679,0.3749625,0.3749625,0.00125,0.00125
17.96,5.48500022222,1.48500022222,1,1.57079632679,0.374983333333,0.374983333333,0.000833333333333,0.000833333333334
17.98,5.49250002778,1.49250002778,1,1.57079632679,0.374995833333,0.374995833333,0.000416666666667,0.000416666666667
18,5.5,1.5,1,1.57079632679,0.375,0.375,1.11022302463e-16,2.22044604925e-16
18.02,5.50749997222,1.50749997222,1,1.57079632679,0.374995833333,0.374995833333,-0.000416666666667,-0.000416666666666
18.04,5.51499977778,1.51499977778,1,1.57079632679,0.374983333333,0.374983333333,-0.000833333333333,-0.000833333333333
18.06,5.52249925,1.52249925,1,1.57079632679,0.3749625,0.3749625,-0.00125,-0.00125
18.08,5.52999822222,1.52999822222,1,1.57079632679,0.374933333333,0.374933333333,-0.00166666666667,-0.00166666666667
18.1,5.53749652778,1.53749652778,1,1.57079632679,0.374895833333,0.374895833333,-0.00208333333333,-0.00208333333333
18.12,5.544994,1.544994,1,1.57079632679,0.37485,0.37485,-0.0025,-0.0025
18.14,5.55249047222,1.55249047222,1,1.57079632679,0.374795833333,0.374795833333,-0.00291666666667,-0.00291666666667
18.16,5.55998577778,1.55998577778,1,1.57079632679,0.374733333333,0.374733333333,-0.00333333333333,-0.00333333333333
18.18,5.56747975,1.56747975,1,1.57079632679,0.3746625,0.3746625,-0.00375,-0.00375
18.2,5.57497222222,1.57497222222,1,1.57079632679,0.374583333333,0.374583333333,-0.00416666666667,-0.00416666666667
18.22,5.58246302778,1.58246302778,1,1.57079632679,0.374495833333,0.374495833333,-0.00458333333333,-0.00458333333333
18.24,5.589952,1.589952,1,1.57079632679,0.3744,0.3744,-0.005,-0.005
18.26,5.59743897222,1.59743897222,1,1.57079632679,0.374295833333,0.374295833333,-0.00541666666667,-0.00541666666667
18.28,5.60492377778,1.60492377778,1,1.57079632679,0.374183333333,0.374183333333,-0.00583333333333,-0.00583333333333
18.3,5.61240625,1.61240625,1,1.57079632679,0.3740625,0.3740625,-0.00625,-0.00625
18.32,5.61988622222,1.61988622222,1,1.57079632679,0.373933333333,0.373933333333,-0.00666666666667,-0.00666666666667
18.34,5.62736352778,1.62736352778,1,1.57079632679,0.373795833333,0.373795833333,-0.00708333333333,-0.00708333333333
18.36,5.634838,1.634838,1,1.57079632679,0.37365,0.37365,-0.0075,-0.0075
18.38,5.64230947222,1.64230947222,1,1.57079632679,0.373495833333,0.373495833333,-0.00791666666667,-0.00791666666667
18.4,5.64977777778,1.64977777778,1,1.57079632679,0.373333333333,0.373333333333,-0.00833333333333,-0.00833333333333
18.42,5.65724275,1.65724275,1,1.57079632679,0.3731625,0.3731625,-0.00875,-0.00875
18.44,5.66470422222,1.66470422222,1,1.57079632679,0.372983333333,0.372983333333,-0.00916666666667,-0.00916666666667
18.46,5.67216202778,1.67216202778,1,1.57079632679,0.372795833333,0.372795833333,-0.00958333333333,-0.00958333333333
18.48,5.679616,1.679616,1,1.57079632679,0.3726,0.3726,-0.01,-0.01
18.5,5.68706597222,1.68706597222,1,1.57079632679,0.372395833333,0.372395833333,-0.0104166666667,-0.0104166666667
18.52,5.69451177778,1.69451177778,1,1.57079632679,0.372183333333,0.372183333333,-0.0108333333333,-0.0108333333333
18.54,5.70195325,1.70195325,1,1.57079632679,0.3719625,0.3719625,-0.01125,-0.01125
18.56,5.70939022222,1.70939022222,1,1.57079632679,0.371733333333,0.371733333333,-0.0116666666667,-0.0116666666667
18.58,5.71682252778,1.71682252778,1,1.57079632679,0.371495833333,0.371495833333,-0.0120833333333,-0.0120833333333
18.6,5.72425,1.72425,1,1.57079632679,0.37125,0.37125,-0.0125,-0.0125
18.62,5.73167247222,1.73167247222,1,1.57079632679,0.370995833333,0.370995833333,-0.0129166666667,-0.0129166666667
18.64,5.73908977778,1.73908977778,1,1.57079632679,0.370733333333,0.370733333333,-0.0133333333333,-0.0133333333333
18.66,5.74650175,1.74650175,1,1.57079632679,0.3704625,0.3704625,-0.01375,-0.01375
18.68,5.75390822222,1.75390822222,1,1.57079632679,0.370183333333,0.370183333333,-0.0141666666667,-0.0141666666667
18.7,5.76130902778,1.76130902778,1,1.57079632679,0.369895833333,0.369895833333,-0.0145833333333,-0.0145833333333
18.72,5.768704,1.768704,1,1.57079632679,0.3696,0.3696,-0.015,-0.015
18.74,5.77609297222,1.77609297222,1,1.57079632679,0.369295833333,0.369295833333,-0.0154166666667,-0.0154166666667
18.76,5.78347577778,1.78347577778,1,1.57079632679,0.368983333333,0.368983333333,-0.0158333333333,-0.0158333333333
18.78,5.79085225,1.79085225,1,1.57079632679,0.3686625,0.3686625,-0.01625,-0.01625
18.8,5.79822222222,1.79822222222,1,1.57079632679,0.368333333333,0.368333333333,-0.0166666666667,-0.0166666666667
18.82,5.80558552778,1.80558552778,1,1.57079632679,0.367995833333,0.367995833333,-0.0170833333333,-0.0170833333333
18.84,5.812942,1.812942,1,1.57079632679,0.36765,0.36765,-0.0175,-0.0175
18.86,5.82029147222,1.82029147222,1,1.57079632679,0.367295833333,0.367295833333,-0.0179166666667,-0.0179166666667
18.88,5.82763377778,1.82763377778,1,1.57079632679,0.366933333333,0.366933333333,-0.0183333333333,-0.0183333333333
18.9,5.83496875,1.83496875,1,1.57079632679,0.3665625,0.3665625,-0.01875,-0.01875
18.92,5.84229622222,1.84229622222,1,1.57079632679,0.366183333333,0.366183333333,-0.0191666666667,-0.0191666666667
18.94,5.84961602778,1.84961602778,1,1.57079632679,0.365795833333,0.365795833333,-0.0195833333333,-0.0195833333333
18.96,5.856928,1.856928,1,1.57079632679,0.3654,0.3654,-0.02,-0.02
18.98,5.86423197222,1.86423197222,1,1.57079632679,0.364995833333,0.364995833333,-0.0204166666667,-0.0204166666667
19,5.87152777778,1.87152777778,1,1.57079632679,0.364583333333,0.364583333333,-0.0729166666667,-0.0850694444444
19.02,5.87880486111,1.87880245648,1,1.57079632679,0.363125,0.362885833333,-0.0729166666667,-0.0846805555556
19.04,5.88605277778,1.88604326296,1,1.57079632679,0.361666666667,0.361196111111,-0.0729166666667,-0.0842916666667
19.06,5.89327152778,1.89325035278,1,1.57079632679,0.360208333333,0.359514166667,-0.0729166666667,-0.0839027777778
19.08,5.90046111111,1.90042388148,1,1.57079632679,0.35875,0.35784,-0.0729166666667,-0.0835138888889
19.1,5.90762152778,1.90756400463,1,1.57079632679,0.357291666667,0.356173611111,-0.0729166666667,-0.083125
19.12,5.91475277778,1.91467087778,1,1.57079632679,0.355833333333,0.354515,-0.0729166666667,-0.0827361111111
19.14,5.92185486111,1.92174465648,1,1.57079632679,0.354375,0.352864166667,-0.0729166666667,-0.0823472222222
19.16,5.92892777778,1.9287854963,1,1.57079632679,0.352916666667,0.351221111111,-0.0729166666667,-0.0819583333333
19.18,5.93597152778,1.93579355278,1,1.57079632679,0.351458333333,0.349585833333,-0.0729166666667,-0.0815694444444
19.2,5.94298611111,1.94276898148,1,1.57079632679,0.35,0.347958333333,-0.0729166666667,-0.0811805555556
19.22,5.94997152778,1.94971193796,1,1.57079632679,0.348541666667,0.346338611111,-0.0729166666667,-0.0807916666667
19.24,5.95692777778,1.95662257778,1,1.57079632679,0.347083333333,0.344726666667,-0.0729166666667,-0.0804027777778
19.26,5.96385486111,1.96350105648,1,1.57079632679,0.345625,0.3431225,-0.0729166666667,-0.0800138888889
19.28,5.97075277778,1.97034752963,1,1.57079632679,0.344166666667,0.341526111111,-0.0729166666667,-0.079625
19.3,5.97762152778,1.97716215278,1,1.57079632679,0.342708333333,0.3399375,-0.0729166666667,-0.0792361111111
19.32,5.98446111111,1.98394508148,1,1.57079632679,0.34125,0.338356666667,-0.0729166666667,-0.0788472222222
19.34,5.99127152778,1.9906964713,1,1.57079632679,0.339791666667,0.336783611111,-0.0729166666667,-0.0784583333333
19.36,5.99805277778,1.99741647778,1,1.57079632679,0.338333333333,0.335218333333,-0.0729166666667,-0.0780694444444
19.38,6.00480486111,2.00410525648,1,1.57079632679,0.336875,0.333660833333,-0.0729166666667,-0.0776805555556
19.4,6.01152777778,2.01076296296,1,1.57079632679,0.335416666667,0.332111111111,-0.0729166666667,-0.0772916666667
19.42,6.01822152778,2.01738975278,1,1.57079632679,0.333958333333,0.330569166667,-0.0729166666667,-0.0769027777778
19.44,6.02488611111,2.02398578148,1,1.57079632679,0.3325,0.329035,-0.0729166666667,-0.0765138888889
19.46,6.03152152778,2.03055120463,1,1.57079632679,0.331041666667,0.327508611111,-0.0729166666667,-0.076125
19.48,6.03812777778,2.03708617778,1,1.57079632679,0.329583333333,0.32599,-0.0729166666667,-0.0757361111111
19.5,6.04470486111,2.04359085648,1,1.57079632679,0.328125,0.324479166667,-0.0729166666667,-0.0753472222222
19.52,6.05125277778,2.0500653963,1,1.57079632679,0.326666666667,0.322976111111,-0.0729166666667,-0.0749583333333
19.54,6.05777152778,2.05650995278,1,1.57079632679,0.325208333333,0.321480833333,-0.0729166666667,-0.0745694444444
19.56,6.06426111111,2.06292468148,1,1.57079632679,0.32375,0.319993333333,-0.0729166666667,-0.0741805555556
19.58,6.07072152778,2.06930973796,1,1.57079632679,0.322291666667,0.318513611111,-0.0729166666667,-0.0737916666667
19.6,6.07715277778,2.07566527778,1,1.57079632679,0.320833333333,0.317041666667,-0.0729166666667,-0.0734027777778
19.62,6.08355486111,2.08199145648,1,1.57079632679,0.319375,0.3155775,-0.0729166666667,-0.0730138888889
19.64,6.08992777778,2.08828842963,1,1.57079632679,0.317916666667,0.314121111111,-0.0729166666667,-0.072625
19.66,6.09627152778,2.09455635278,1,1.57079632679,0.316458333333,0.3126725,-0.0729166666667,-0.0722361111111
19.68,6.10258611111,2.10079538148,1,1.57079632679,0.315,0.311231666667,-0.0729166666667,-0.0718472222222
19.7,6.10887152778,2.1070056713,1,1.57079632679,0.313541666667,0.309798611111,-0.0729166666667,-0.0714583333333
19.72,6.11512777778,2.11318737778,1,1.57079632679,0.312083333333,0.308373333333,-0.0729166666667,-0.0710694444444
19.74,6.12135486111,2.11934065648,1,1.57079632679,0.310625,0.306955833333,-0.0729166666667,-0.0706805555556
19.76,6.12755277778,2.12546566296,1,1.57079632679,0.309166666667,0.305546111111,-0.0729166666667,-0.0702916666667
19.78,6.13372152778,2.13156255278,1,1.57079632679,0.307708333333,0.304144166667,-0.0729166666667,-0.0699027777778
19.8,6.13986111111,2.13763148148,1,1.57079632679,0.30625,0.30275,-0.0729166666667,-0.0695138888889
19.82,6.14597152778,2.14367260463,1,1.57079632679,0.304791666667,0.301363611111,-0.0729166666667,-0.069125
19.84,6.15205277778,2.14968607778,1,1.57079632679,0.303333333333,0.299985,-0.0729166666667,-0.0687361111111
19.86,6.15810486111,2.15567205648,1,1.57079632679,0.301875,0.298614166667,-0.0729166666667,-0.0683472222222
19.88,6.16412777778,2.1616306963,1,1.57079632679,0.300416666667,0.297251111111,-0.0729166666667,-0.0679583333333
19.9,6.17012152778,2.16756215278,1,1.57079632679,0.298958333333,0.295895833333,-0.0729166666667,-0.0675694444444
19.92,6.17608611111,2.17346658148,1,1.57079632679,0.2975,0.294548333333,-0.0729166666667,-0.0671805555556
19.94,6.18202152778,2.17934413796,1,1.57079632679,0.296041666667,0.293208611111,-0.0729166666667,-0.0667916666667
19.96,6.18792777778,2.18519497778,1,1.57079632679,0.294583333333,0.291876666667,-0.0729166666667,-0.0664027777778
19.98,6.19380486111,2.19101925648,1,1.57079632679,0.293125,0.2905525,-0.0729166666667,-0.0660138888889
20,6.19965277778,2.19681712963,1,1.57079632679,0.291666666667,0.289236111111,-0.0729166666667,-0.065625
20.02,6.20547152778,2.20258875278,1,1.57079632679,0.290208333333,0.2879275,-0.0729166666667,-0.0652361111111
20.04,6.21126111111,2.20833428148,1,1.57079632679,0.28875,0.286626666667,-0.0729166666667,-0.0648472222222
20.06,6.21702152778,2.2140538713,1,1.57079632679,0.287291666667,0.285333611111,-0.0729166666667,-0.0644583333333
20.08,6.22275277778,2.21974767778,1,1.57079632679,0.285833333333,0.284048333333,-0.0729166666667,-0.0640694444444
20.1,6.22845486111,2.22541585648,1,1.57079632679,0.284375,0.282770833333,-0.0729166666667,-0.0636805555556
20.12,6.23412777778,2.23105856296,1,1.57079632679,0.282916666667,0.281501111111,-0.0729166666667,-0.0632916666667
20.14,6.23977152778,2.23667595278,1,1.57079632679,0.281458333333,0.280239166667,-0.0729166666667,-0.0629027777778
20.16,6.24538611111,2.24226818148,1,1.57079632679,0.28,0.278985,-0.0729166666667,-0.0625138888889
20.18,6.25097152778,2.24783540463,1,1.57079632679,0.278541666667,0.277738611111,-0.0729166666667,-0.062125
20.2,6.25652777778,2.25337777778,1,1.57079632679,0.277083333333,0.2765,-0.0729166666667,-0.0617361111111
20.22,6.26205486111,2.25889545648,1,1.57079632679,0.275625,0.275269166667,-0.0729166666667,-0.0613472222222
20.24,6.26755277778,2.2643885963,1,1.57079632679,0.274166666667,0.274046111111,-0.0729166666667,-0.0609583333333
20.26,6.27302152778,2.26985735278,1,1.57079632679,0.272708333333,0.272830833333,-0.0729166666667,-0.0605694444444
20.28,6.27846111111,2.27530188148,1,1.57079632679,0.27125,0.271623333333,-0.0729166666667,-0.0601805555556
20.3,6.28387152778,2.28072233796,1,1.57079632679,0.269791666667,0.270423611111,-0.0729166666667,-0.0597916666667
20.32,6.28925277778,2.28611887778,1,1.57079632679,0.268333333333,0.269231666667,-0.0729166666667,-0.0594027777778
20.34,6.29460486111,2.29149165648,1,1.57079632679,0.266875,0.2680475,-0.0729166666667,-0.0590138888889
20.36,6.29992777778,2.29684082963,1,1.57079632679,0.265416666667,0.266871111111,-0.0729166666667,-0.058625
20.38,6.30522152778,2.30216655278,1,1.57079632679,0.263958333333,0.2657025,-0.0729166666667,-0.0582361111111
20.4,6.31048611111,2.30746898148,1,1.57079632679,0.2625,0.264541666667,-0.0729166666667,-0.0578472222222
20.42,6.31572152778,2.3127482713,1,1.57079632679,0.261041666667,0.263388611111,-0.0729166666667,-0.0574583333333
20.44,6.32092777778,2.31800457778,1,1.57079632679,0.259583333333,0.262243333333,-0.0729166666667,-0.0570694444444
20.46,6.32610486111,2.32323805648,1,1.57079632679,0.258125,0.261105833333,-0.0729166666667,-0.0566805555556
20.48,6.33125277778,2.32844886296,1,1.57079632679,0.256666666667,0.259976111111,-0.0729166666667,-0.0562916666667
20.5,6.33637152778,2.33363715278,1,1.57079632679,0.255208333333,0.258854166667,-0.0729166666667,-0.0559027777778
20.52,6.34146111111,2.33880308148,1,1.57079632679,0.25375,0.25774,-0.0729166666667,-0.0555138888889
20.54,6.34652152778,2.34394680463,1,1.57079632679,0.252291666667,0.256633611111,-0.0729166666667,-0.055125
20.56,6.35155277778,2.34906847778,1,1.57079632679,0.250833333333,0.255535,-0.0729166666667,-0.0547361111111
20.58,6.35655486111,2.35416825648,1,1.57079632679,0.249375,0.254444166667,-0.0729166666667,-0.0543472222222
20.6,6.36152777778,2.3592462963,1,1.57079632679,0.247916666667,0.253361111111,-0.0729166666667,-0.0539583333333
20.62,6.36647152778,2.36430275278,1,1.57079632679,0.246458333333,0.252285833333,-0.0729166666667,-0.0535694444444
20.64,6.37138611111,2.36933778148,1,1.57079632679,0.245,0.251218333333,-0.0729166666667,-0.0531805555556
20.66,6.37627152778,2.37435153796,1,1.57079632679,0.243541666667,0.250158611111,-0.0729166666667,-0.0527916666667
20.68,6.38112777778,2.37934417778,1,1.57079632679,0.242083333333,0.249106666667,-0.0729166666667,-0.0524027777778
20.7,6.38595486111,2.38431585648,1,1.57079632679,0.240625,0.2480625,-0.0729166666667,-0.0520138888889
20.72,6.39075277778,2.38926672963,1,1.57079632679,0.239166666667,0.247026111111,-0.0729166666667,-0.051625
20.74,6.39552152778,2.39419695278,1,1.57079632679,0.237708333333,0.2459975,-0.0729166666667,-0.0512361111111
20.76,6.40026111111,2.39910668148,1,1.57079632679,0.23625,0.244976666667,-0.0729166666667,-0.0508472222222
20.78,6.40497152778,2.4039960713,1,1.57079632679,0.234791666667,0.243963611111,-0.0729166666667,-0.0504583333333
20.8,6.40965277778,2.40886527778,1,1.57079632679,0.233333333333,0.242958333333,-0.0729166666667,-0.0500694444444
20.82,6.41430486111,2.41371445648,1,1.57079632679,0.231875,0.241960833333,-0.0729166666667,-0.0496805555556
20.84,6.41892777778,2.41854376296,1,1.57079632679,0.230416666667,0.240971111111,-0.0729166666667,-0.0492916666667
20.86,6.42352152778,2.42335335278,1,1.57079632679,0.228958333333,0.239989166667,-0.0729166666667,-0.0489027777778
20.88,6.42808611111,2.42814338148,1,1.57079632679,0.2275,0.239015,-0.0729166666667,-0.0485138888889
20.9,6.43262152778,2.43291400463,1,1.57079632679,0.226041666667,0.238048611111,-0.0729166666667,-0.048125
20.92,6.43712777778,2.43766537778,1,1.57079632679,0.224583333333,0.23709,-0.0729166666667,-0.0477361111111
20.94,6.44160486111,2.44239765648,1,1.57079632679,0.223125,0.236139166667,-0.0729166666667,-0.0473472222222
20.96,6.44605277778,2.4471109963,1,1.57079632679,0.221666666667,0.235196111111,-0.0729166666667,-0.0469583333333
20.98,6.45047152778,2.45180555278,1,1.57079632679,0.220208333333,0.234260833333,-0.0729166666667,-0.0465694444444
21,6.45486111111,2.45648148148,1,1.57079632679,0.21875,0.233333333333,-0.0729166666667,-0.0461805555556
21.02,6.45922152778,2.46113893796,1,1.57079632679,0.217291666667,0.232413611111,-0.0729166666667,-0.0457916666667
21.04,6.46355277778,2.46577807778,1,1.57079632679,0.215833333333,0.231501666667,-0.0729166666667,-0.0454027777778
21.06,6.46785486111,2.47039905648,1,1.57079632679,0.214375,0.2305975,-0.0729166666667,-0.0450138888889
21.08,6.47212777778,2.47500202963,1,1.57079632679,0.212916666667,0.229701111111,-0.0729166666667,-0.044625
21.1,6.47637152778,2.47958715278,1,1.57079632679,0.211458333333,0.2288125,-0.0729166666667,-0.0442361111111
21.12,6.48058611111,2.48415458148,1,1.57079632679,0.21,0.227931666667,-0.0729166666667,-0.0438472222222
21.14,6.48477152778,2.4887044713,1,1.57079632679,0.208541666667,0.227058611111,-0.0729166666667,-0.0434583333333
21.16,6.48892777778,2.49323697778,1,1.57079632679,0.207083333333,0.226193333333,-0.0729166666667,-0.0430694444444
21.18,6.49305486111,2.49775225648,1,1.57079632679,0.205625,0.225335833333,-0.0729166666667,-0.0426805555556
21.2,6.49715277778,2.50225046296,1,1.57079632679,0.204166666667,0.224486111111,-0.0729166666667,-0.0422916666667
21.22,6.50122152778,2.50673175278,1,1.57079632679,0.202708333333,0.223644166667,-0.0729166666667,-0.0419027777778
21.24,6.50526111111,2.51119628148,1,1.57079632679,0.20125,0.22281,-0.0729166666667,-0.0415138888889
21.26,6.50927152778,2.51564420463,1,1.57079632679,0.199791666667,0.221983611111,-0.0729166666667,-0.041125
21.28,6.51325277778,2.52007567778,1,1.57079632679,0.198333333333,0.221165,-0.0729166666667,-0.0407361111111
21.3,6.51720486111,2.52449085648,1,1.57079632679,0.196875,0.220354166667,-0.0729166666667,-0.0403472222222
21.32,6.52112777778,2.5288898963,1,1.57079632679,0.195416666667,0.219551111111,-0.0729166666667,-0.0399583333333
21.34,6.52502152778,2.53327295278,1,1.57079632679,0.193958333333,0.218755833333,-0.0729166666667,-0.0395694444444
21.36,6.52888611111,2.53764018148,1,1.57079632679,0.1925,0.217968333333,-0.0729166666667,-0.0391805555556
21.38,6.53272152778,2.54199173796,1,1.57079632679,0.191041666667,0.217188611111,-0.0729166666667,-0.0387916666667
21.4,6.53652777778,2.54632777778,1,1.57079632679,0.189583333333,0.216416666667,-0.0729166666667,-0.0384027777778
21.42,6.54030486111,2.55064845648,1,1.57079632679,0.188125,0.2156525,-0.0729166666667,-0.0380138888889
21.44,6.54405277778,2.55495392963,1,1.57079632679,0.186666666667,0.214896111111,-0.0729166666667,-0.037625
21.46,6.54777152778,2.55924435278,1,1.57079632679,0.185208333333,0.2141475,-0.0729166666667,-0.0372361111111
21.48,6.55146111111,2.56351988148,1,1.57079632679,0.18375,0.213406666667,-0.0729166666667,-0.0368472222222
21.5,6.55512152778,2.5677806713,1,1.57079632679,0.182291666667,0.212673611111,-0.0729166666667,-0.0364583333333
21.52,6.55875277778,2.57202687778,1,1.57079632679,0.180833333333,0.211948333333,-0.0729166666667,-0.0360694444444
21.54,6.56235486111,2.57625865648,1,1.57079632679,0.179375,0.211230833333,-0.0729166666667,-0.0356805555556
21.56,6.56592777778,2.58047616296,1,1.57079632679,0.177916666667,0.210521111111,-0.0729166666667,-0.0352916666667
21.58,6.56947152778,2.58467955278,1,1.57079632679,0.176458333333,0.209819166667,-0.0729166666667,-0.0349027777778
21.6,6.57298611111,2.58886898148,1,1.57079632679,0.175,0.209125,-0.0729166666667,-0.0345138888889
21.62,6.57647152778,2.59304460463,1,1.57079632679,0.173541666667,0.208438611111,-0.0729166666667,-0.034125
21.64,6.57992777778,2.59720657778,1,1.57079632679,0.172083333333,0.20776,-0.0729166666667,-0.0337361111111
21.66,6.58335486111,2.60135505648,1,1.57079632679,0.170625,0.207089166667,-0.0729166666667,-0.0333472222222
21.68,6.58675277778,2.6054901963,1,1.57079632679,0.169166666667,0.206426111111,-0.0729166666667,-0.0329583333333
21.7,6.59012152778,2.60961215278,1,1.57079632679,0.167708333333,0.205770833333,-0.0729166666667,-0.0325694444444
21.72,6.59346111111,2.61372108148,1,1.57079632679,0.16625,0.205123333333,-0.0729166666667,-0.0321805555556
21.74,6.59677152778,2.61781713796,1,1.57079632679,0.164791666667,0.204483611111,-0.0729166666667,-0.0317916666667
21.76,6.60005277778,2.62190047778,1,1.57079632679,0.163333333333,0.203851666667,-0.0729166666667,-0.0314027777778
21.78,6.60330486111,2.62597125648,1,1.57079632679,0.161875,0.2032275,-0.0729166666667,-0.0310138888889
21.8,6.60652777778,2.63002962963,1,1.57079632679,0.160416666667,0.202611111111,-0.0729166666667,-0.030625
21.82,6.60972152778,2.63407575278,1,1.57079632679,0.158958333333,0.2020025,-0.0729166666667,-0.0302361111111
21.84,6.61288611111,2.63810978148,1,1.57079632679,0.1575,0.201401666667,-0.0729166666667,-0.0298472222222
21.86,6.61602152778,2.6421318713,1,1.57079632679,0.156041666667,0.200808611111,-0.0729166666667,-0.0294583333333
21.88,6.61912777778,2.64614217778,1,1.57079632679,0.154583333333,0.200223333333,-0.0729166666667,-0.0290694444444
21.9,6.62220486111,2.65014085648,1,1.57079632679,0.153125,0.199645833333,-0.0729166666667,-0.0286805555556
21.92,6.62525277778,2.65412806296,1,1.57079632679,0.151666666667,0.199076111111,-0.0729166666667,-0.0282916666667
21.94,6.62827152778,2.65810395278,1,1.57079632679,0.150208333333,0.198514166667,-0.0729166666667,-0.0279027777778
21.96,6.63126111111,2.66206868148,1,1.57079632679,0.14875,0.19796,-0.0729166666667,-0.0275138888889
21.98,6.63422152778,2.66602240463,1,1.57079632679,0.147291666667,0.197413611111,-0.0729166666667,-0.027125
22,6.63715277778,2.66996527778,1,1.57079632679,0.145833333333,0.196875,-0.0729166666667,-0.0267361111111
22.02,6.64005486111,2.67389745648,1,1.57079632679,0.144375,0.196344166667,-0.0729166666667,-0.0263472222222
22.04,6.64292777778,2.6778190963,1,1.57079632679,0.142916666667,0.195821111111,-0.0729166666667,-0.0259583333333
22.06,6.64577152778,2.68173035278,1,1.57079632679,0.141458333333,0.195305833333,-0.0729166666667,-0.0255694444444
22.08,6.64858611111,2.68563138148,1,1.57079632679,0.14,0.194798333333,-0.0729166666667,-0.0251805555556
22.1,6.65137152778,2.68952233796,1,1.57079632679,0.138541666667,0.194298611111,-0.0729166666667,-0.0247916666667
22.12,6.65412777778,2.69340337778,1,1.57079632679,0.137083333333,0.193806666667,-0.0729166666667,-0.0244027777778
22.14,6.65685486111,2.69727465648,1,1.57079632679,0.135625,0.1933225,-0.0729166666667,-0.0240138888889
22.16,6.65955277778,2.70113632963,1,1.57079632679,0.134166666667,0.192846111111,-0.0729166666667,-0.023625
22.18,6.66222152778,2.70498855278,1,1.57079632679,0.132708333333,0.1923775,-0.0729166666667,-0.0232361111111
22.2,6.66486111111,2.70883148148,1,1.57079632679,0.13125,0.191916666667,-0.0729166666667,-0.0228472222222
22.22,6.66747152778,2.7126652713,1,1.57079632679,0.129791666667,0.191463611111,-0.0729166666667,-0.0224583333333
22.24,6.67005277778,2.71649007778,1,1.57079632679,0.128333333333,0.191018333333,-0.0729166666667,-0.0220694444444
22.26,6.67260486111,2.72030605648,1,1.57079632679,0.126875,0.190580833333,-0.0729166666667,-0.0216805555556
22.28,6.67512777778,2.72411336296,1,1.57079632679,0.125416666667,0.190151111111,-0.0729166666667,-0.0212916666667
22.3,6.67762152778,2.72791215278,1,1.57079632679,0.123958333333,0.189729166667,-0.0729166666667,-0.0209027777778
22.32,6.68008611111,2.73170258148,1,1.57079632679,0.1225,0.189315,-0.0729166666667,-0.0205138888889
22.34,6.68252152778,2.73548480463,1,1.57079632679,0.121041666667,0.188908611111,-0.0729166666667,-0.020125
22.36,6.68492777778,2.73925897778,1,1.57079632679,0.119583333333,0.18851,-0.0729166666667,-0.0197361111111
22.38,6.68730486111,2.74302525648,1,1.57079632679,0.118125,0.188119166667,-0.0729166666667,-0.0193472222222
22.4,6.68965277778,2.7467837963,1,1.57079632679,0.116666666667,0.187736111111,-0.0729166666667,-0.0189583333333
22.42,6.69197152778,2.75053475278,1,1.57079632679,0.115208333333,0.187360833333,-0.0729166666667,-0.0185694444444
22.44,6.69426111111,2.75427828148,1,1.57079632679,0.11375,0.186993333333,-0.0729166666667,-0.0181805555556
22.46,6.69652152778,2.75801453796,1,1.57079632679,0.112291666667,0.186633611111,-0.0729166666667,-0.0177916666667
22.48,6.69875277778,2.76174367778,1,1.57079632679,0.110833333333,0.186281666667,-0.0729166666667,-0.0174027777778
22.5,6.70095486111,2.76546585648,1,1.57079632679,0.109375,0.1859375,-0.0729166666667,-0.0170138888889
22.52,6.70312777778,2.76918122963,1,1.57079632679,0.107916666667,0.185601111111,-0.0729166666667,-0.016625
22.54,6.70527152778,2.77288995278,1,1.57079632679,0.106458333333,0.1852725,-0.0729166666667,-0.0162361111111
22.56,6.70738611111,2.77659218148,1,1.57079632679,0.105,0.184951666667,-0.0729166666667,-0.0158472222222
22.58,6.70947152778,2.7802880713,1,1.57079632679,0.103541666667,0.184638611111,-0.0729166666667,-0.0154583333333
22.6,6.71152777778,2.78397777778,1,1.57079632679,0.102083333333,0.184333333333,-0.0729166666667,-0.0150694444444
22.62,6.71355486111,2.78766145648,1,1.57079632679,0.100625,0.184035833333,-0.0729166666667,-0.0146805555556
22.64,6.71555277778,2.79133926296,1,1.57079632679,0.0991666666667,0.183746111111,-0.0729166666667,-0.0142916666667
22.66,6.71752152778,2.79501135278,1,1.57079632679,0.0977083333333,0.183464166667,-0.0729166666667,-0.0139027777778
22.68,6.71946111111,2.79867788148,1,1.57079632679,0.09625,0.18319,-0.0729166666667,-0.0135138888889
22.7,6.72137152778,2.80233900463,1,1.57079632679,0.0947916666667,0.182923611111,-0.0729166666667,-0.013125
22.72,6.72325277778,2.80599487778,1,1.57079632679,0.0933333333333,0.182665,-0.0729166666667,-0.0127361111111
22.74,6.72510486111,2.80964565648,1,1.57079632679,0.091875,0.182414166667,-0.0729166666667,-0.0123472222222
22.76,6.72692777778,2.8132914963,1,1.57079632679,0.0904166666667,0.182171111111,-0.0729166666667,-0.0119583333333
22.78,6.72872152778,2.81693255278,1,1.57079632679,0.0889583333333,0.181935833333,-0.0729166666667,-0.0115694444444
22.8,6.73048611111,2.82056898148,1,1.57079632679,0.0875,0.181708333333,-0.0729166666667,-0.0111805555556
22.82,6.73222152778,2.82420093796,1,1.57079632679,0.0860416666667,0.181488611111,-0.0729166666667,-0.0107916666667
22.84,6.73392777778,2.82782857778,1,1.57079632679,0.0845833333333,0.181276666667,-0.0729166666667,-0.0104027777778
22.86,6.73560486111,2.83145205648,1,1.57079632679,0.083125,0.1810725,-0.0729166666667,-0.0100138888889
22.88,6.73725277778,2.83507152963,1,1.57079632679,0.0816666666667,0.180876111111,-0.0729166666667,-0.009625
22.9,6.73887152778,2.83868715278,1,1.57079632679,0.0802083333333,0.1806875,-0.0729166666667,-0.00923611111111
22.92,6.74046111111,2.84229908148,1,1.57079632679,0.07875,0.180506666667,-0.0729166666667,-0.00884722222222
22.94,6.74202152778,2.8459074713,1,1.57079632679,0.0772916666667,0.180333611111,-0.0729166666667,-0.00845833333333
22.96,6.74355277778,2.84951247778,1,1.57079632679,0.0758333333333,0.180168333333,-0.0729166666667,-0.00806944444444
22.98,6.74505486111,2.85311425648,1,1.57079632679,0.074375,0.180010833333,-0.0729166666667,-0.00768055555556
23,6.74652777778,2.85671296296,1,1.57079632679,0.0729166666667,0.179861111111,-0.0729166666667,-0.00729166666667
23.02,6.74797152778,2.86030875278,1,1.57079632679,0.0714583333333,0.179719166667,-0.0729166666667,-0.00690277777778
23.04,6.74938611111,2.86390178148,1,1.57079632679,0.07,0.179585,-0.0729166666667,-0.00651388888889
23.06,6.75077152778,2.86749220463,1,1.57079632679,0.0685416666667,0.179458611111,-0.0729166666667,-0.006125
23.08,6.75212777778,2.87108017778,1,1.57079632679,0.0670833333333,0.17934,-0.0729166666667,-0.00573611111111
23.1,6.75345486111,2.87466585648,1,1.57079632679,0.065625,0.179229166667,-0.0729166666667,-0.00534722222222
23.12,6.75475277778,2.8782493963,1,1.57079632679,0.0641666666667,0.179126111111,-0.0729166666667,-0.00495833333333
23.14,6.75602152778,2.88183095278,1,1.57079632679,0.0627083333333,0.179030833333,-0.0729166666667,-0.00456944444444
23.16,6.75726111111,2.88541068148,1,1.57079632679,0.06125,0.178943333333,-0.0729166666667,-0.00418055555556
23.18,6.75847152778,2.88898873796,1,1.57079632679,0.0597916666667,0.178863611111,-0.0729166666667,-0.00379166666667
23.2,6.75965277778,2.89256527778,1,1.57079632679,0.0583333333333,0.178791666667,-0.0729166666667,-0.00340277777778
23.22,6.76080486111,2.89614045648,1,1.57079632679,0.056875,0.1787275,-0.0729166666667,-0.00301388888889
23.24,6.76192777778,2.89971442963,1,1.57079632679,0.0554166666667,0.178671111111,-0.0729166666667,-0.002625
23.26,6.76302152778,2.90328735278,1,1.57079632679,0.0539583333333,0.1786225,-0.0729166666667,-0.00223611111111
23.28,6.76408611111,2.90685938148,1,1.57079632679,0.0525,0.178581666667,-0.0729166666667,-0.00184722222222
23.3,6.76512152778,2.9104306713,1,1.57079632679,0.0510416666667,0.178548611111,-0.0729166666667,-0.00145833333333
23.32,6.76612777778,2.91400137778,1,1.57079632679,0.0495833333333,0.178523333333,-0.0729166666667,-0.00106944444444
23.34,6.76710486111,2.91757165648,1,1.57079632679,0.048125,0.178505833333,-0.0729166666667,-0.000680555555556
23.36,6.76805277778,2.92114166296,1,1.57079632679,0.0466666666667,0.178496111111,-0.0729166666667,-0.000291666666667
23.38,6.76897152778,2.92471155278,1,1.57079632679,0.0452083333333,0.178494166667,-0.0729166666667,9.72222222222e-05
23.4,6.76986111111,2.92828148148,1,1.57079632679,0.04375,0.1785,-0.0729166666667,0.000486111111111
23.42,6.77072152778,2.93185160463,1,1.57079632679,0.0422916666667,0.178513611111,-0.0729166666667,0.000875
23.44,6.77155277778,2.93542207778,1,1.57079632679,0.0408333333333,0.178535,-0.0729166666667,0.00126388888889
23.46,6.77235486111,2.93899305648,1,1.57079632679,0.039375,0.178564166667,-0.0729166666667,0.00165277777778
23.48,6.77312777778,2.9425646963,1,1.57079632679,0.0379166666667,0.178601111111,-0.0729166666667,0.00204166666667
23.5,6.77387152778,2.94613715278,1,1.57079632679,0.0364583333333,0.178645833333,-0.0729166666667,0.00243055555556
23.52,6.77458611111,2.94971058148,1,1.57079632679,0.035,0.178698333333,-0.0729166666667,0.00281944444444
23.54,6.77527152778,2.95328513796,1,1.57079632679,0.0335416666667,0.178758611111,-0.0729166666667,0.00320833333333
23.56,6.77592777778,2.95686097778,1,1.57079632679,0.0320833333333,0.178826666667,-0.0729166666667,0.00359722222222
23.58,6.77655486111,2.96043825648,1,1.57079632679,0.030625,0.1789025,-0.0729166666667,0.00398611111111
23.6,6.77715277778,2.96401712963,1,1.57079632679,0.0291666666667,0.178986111111,-0.0729166666667,0.004375
23.62,6.77772152778,2.96759775278,1,1.57079632679,0.0277083333333,0.1790775,-0.0729166666667,0.00476388888889
23.64,6.77826111111,2.97118028148,1,1.57079632679,0.02625,0.179176666667,-0.0729166666667,0.00515277777778
23.66,6.77877152778,2.9747648713,1,1.57079632679,0.0247916666667,0.179283611111,-0.0729166666667,0.00554166666667
23.68,6.77925277778,2.97835167778,1,1.57079632679,0.0233333333333,0.179398333333,-0.0729166666667,0.00593055555556
23.7,6.77970486111,2.98194085648,1,1.57079632679,0.021875,0.179520833333,-0.0729166666667,0.00631944444444
23.72,6.78012777778,2.98553256296,1,1.57079632679,0.0204166666667,0.179651111111,-0.0729166666667,0.00670833333333
23.74,6.78052152778,2.98912695278,1,1.57079632679,0.0189583333333,0.179789166667,-0.0729166666667,0.00709722222222
23.76,6.78088611111,2.99272418148,1,1.57079632679,0.0175,0.179935,-0.0729166666667,0.00748611111111
23.78,6.78122152778,2.99632440463,1,1.57079632679,0.0160416666667,0.180088611111,-0.0729166666667,0.007875
23.8,6.78152777778,2.99992777778,1,1.57079632679,0.0145833333333,0.18025,-0.0729166666667,0.00826388888889
23.82,6.78180486111,3.00353445648,1,1.57079632679,0.013125,0.180419166667,-0.0729166666667,0.00865277777778
23.84,6.78205277778,3.0071445963,1,1.57079632679,0.0116666666667,0.180596111111,-0.0729166666667,0.00904166666667
23.86,6.78227152778,3.01075835278,1,1.57079632679,0.0102083333333,0.180780833333,-0.0729166666667,0.00943055555556
23.88,6.78246111111,3.01437588148,1,1.57079632679,0.00875,0.180973333333,-0.0729166666667,0.00981944444444
23.9,6.78262152778,3.01799733796,1,1.57079632679,0.00729166666667,0.181173611111,-0.0729166666667,0.0102083333333
23.92,6.78275277778,3.02162287778,1,1.57079632679,0.00583333333333,0.181381666667,-0.0729166666667,0.0105972222222
23.94,6.78285486111,3.02525265648,1,1.57079632679,0.004375,0.1815975,-0.0729166666667,0.0109861111111
23.96,6.78292777778,3.02888682963,1,1.57079632679,0.00291666666667,0.181821111111,-0.0729166666667,0.011375
23.98,6.78297152778,3.03252555278,1,1.57079632679,0.00145833333333,0.1820525,-0.0729166666667,0.0117638888889
24,6.78298611111,3.03616898148,1,1.57079632679,-5.55111512313e-17,0.182291666667,-0.0729166666667,0.0121527777778
24.02,6.78297152778,3.0398172713,1,1.57079632679,-0.00145833333333,0.182538611111,-0.0729166666667,0.0125416666667
24.04,6.78292777778,3.04347057778,1,1.57079632679,-0.00291666666667,0.182793333333,-0.0729166666667,0.0129305555556
24.06,6.78285486111,3.04712905648,1,1.57079632679,-0.004375,0.183055833333,-0.0729166666667,0.0133194444444
24.08,6.78275277778,3.05079286296,1,1.57079632679,-0.00583333333333,0.183326111111,-0.0729166666667,0.0137083333333
24.1,6.78262152778,3.05446215278,1,1.57079632679,-0.00729166666667,0.183604166667,-0.0729166666667,0.0140972222222
24.12,6.78246111111,3.05813708148,1,1.57079632679,-0.00875,0.18389,-0.0729166666667,0.0144861111111
24.14,6.78227152778,3.06181780463,1,1.57079632679,-0.0102083333333,0.184183611111,-0.0729166666667,0.014875
24.16,6.78205277778,3.06550447778,1,1.57079632679,-0.0116666666667,0.184485,-0.0729166666667,0.0152638888889
24.18,6.78180486111,3.06919725648,1,1.57079632679,-0.013125,0.184794166667,-0.0729166666667,0.0156527777778
24.2,6.78152777778,3.0728962963,1,1.57079632679,-0.0145833333333,0.185111111111,-0.0729166666667,0.0160416666667
24.22,6.78122152778,3.07660175278,1,1.57079632679,-0.0160416666667,0.185435833333,-0.0729166666667,0.0164305555556
24.24,6.78088611111,3.08031378148,1,1.57079632679,-0.0175,0.185768333333,-0.0729166666667,0.0168194444444
24.26,6.78052152778,3.08403253796,1,1.57079632679,-0.0189583333333,0.186108611111,-0.0729166666667,0.0172083333333
24.28,6.78012777778,3.08775817778,1,1.57079632679,-0.0204166666667,0.186456666667,-0.0729166666667,0.0175972222222
24.3,6.77970486111,3.09149085648,1,1.57079632679,-0.021875,0.1868125,-0.0729166666667,0.0179861111111
24.32,6.77925277778,3.09523072963,1,1.57079632679,-0.0233333333333,0.187176111111,-0.0729166666667,0.018375
24.34,6.77877152778,3.09897795278,1,1.57079632679,-0.0247916666667,0.1875475,-0.0729166666667,0.0187638888889
24.36,6.77826111111,3.10273268148,1,1.57079632679,-0.02625,0.187926666667,-0.0729166666667,0.0191527777778
24.38,6.77772152778,3.1064950713,1,1.57079632679,-0.0277083333333,0.188313611111,-0.0729166666667,0.0195416666667
24.4,6.77715277778,3.11026527778,1,1.57079632679,-0.0291666666667,0.188708333333,-0.0729166666667,0.0199305555556
24.42,6.77655486111,3.11404345648,1,1.57079632679,-0.030625,0.189110833333,-0.0729166666667,0.0203194444444
24.44,6.77592777778,3.11782976296,1,1.57079632679,-0.0320833333333,0.189521111111,-0.0729166666667,0.0207083333333
24.46,6.77527152778,3.12162435278,1,1.57079632679,-0.0335416666667,0.189939166667,-0.0729166666667,0.0210972222222
24.48,6.77458611111,3.12542738148,1,1.57079632679,-0.035,0.190365,-0.0729166666667,0.0214861111111
24.5,6.77387152778,3.12923900463,1,1.57079632679,-0.0364583333333,0.190798611111,-0.0729166666667,0.021875
24.52,6.77312777778,3.13305937778,1,1.57079632679,-0.0379166666667,0.19124,-0.0729166666667,0.0222638888889
24.54,6.77235486111,3.13688865648,1,1.57079632679,-0.039375,0.191689166667,-0.0729166666667,0.0226527777778
24.56,6.77155277778,3.1407269963,1,1.57079632679,-0.0408333333333,0.192146111111,-0.0729166666667,0.0230416666667
24.58,6.77072152778,3.14457455278,1,1.57079632679,-0.0422916666667,0.192610833333,-0.0729166666667,0.0234305555556
24.6,6.76986111111,3.14843148148,1,1.57079632679,-0.04375,0.193083333333,-0.0729166666667,0.0238194444444
24.62,6.76897152778,3.15229793796,1,1.57079632679,-0.0452083333333,0.193563611111,-0.0729166666667,0.0242083333333
24.64,6.76805277778,3.15617407778,1,1.57079632679,-0.0466666666667,0.194051666667,-0.0729166666667,0.0245972222222
24.66,6.76710486111,3.16006005648,1,1.57079632679,-0.048125,0.1945475,-0.0729166666667,0.0249861111111
24.68,6.76612777778,3.16395602963,1,1.57079632679,-0.0495833333333,0.195051111111,-0.0729166666667,0.025375
24.7,6.76512152778,3.16786215278,1,1.57079632679,-0.0510416666667,0.1955625,-0.0729166666667,0.0257638888889
24.72,6.76408611111,3.17177858148,1,1.57079632679,-0.0525,0.196081666667,-0.0729166666667,0.0261527777778
24.74,6.76302152778,3.1757054713,1,1.57079632679,-0.0539583333333,0.196608611111,-0.0729166666667,0.0265416666667
24.76,6.76192777778,3.17964297778,1,1.57079632679,-0.0554166666667,0.197143333333,-0.0729166666667,0.0269305555556
24.78,6.76080486111,3.18359125648,1,1.57079632679,-0.056875,0.197685833333,-0.0729166666667,0.0273194444444
24.8,6.75965277778,3.18755046296,1,1.57079632679,-0.0583333333333,0.198236111111,-0.0729166666667,0.0277083333333
24.82,6.75847152778,3.19152075278,1,1.57079632679,-0.0597916666667,0.198794166667,-0.0729166666667,0.0280972222222
24.84,6.75726111111,3.19550228148,1,1.57079632679,-0.06125,0.19936,-0.0729166666667,0.0284861111111
24.86,6.75602152778,3.19949520463,1,1.57079632679,-0.0627083333333,0.199933611111,-0.0729166666667,0.028875
24.88,6.75475277778,3.20349967778,1,1.57079632679,-0.0641666666667,0.200515,-0.0729166666667,0.0292638888889
24.9,6.75345486111,3.20751585648,1,1.57079632679,-0.065625,0.201104166667,-0.0729166666667,0.0296527777778
24.92,6.75212777778,3.2115438963,1,1.57079632679,-0.0670833333333,0.201701111111,-0.0729166666667,0.0300416666667
24.94,6.75077152778,3.21558395278,1,1.57079632679,-0.0685416666667,0.202305833333,-0.0729166666667,0.0304305555556
24.96,6.74938611111,3.21963618148,1,1.57079632679,-0.07,0.202918333333,-0.0729166666667,0.0308194444444
24.98,6.74797152778,3.22370073796,1,1.57079632679,-0.0714583333333,0.203538611111,-0.0729166666667,0.0312083333333
25,6.74652777778,3.22777777778,1,1.57079632679,-0.0729166666667,0.204166666667,-0.0729166666667,0.0315972222222
25.02,6.74505486111,3.23186745648,1,1.57079632679,-0.074375,0.2048025,-0.0729166666667,0.0319861111111
25.04,6.74355277778,3.23596992963,1,1.57079632679,-0.0758333333333,0.205446111111,-0.0729166666667,0.032375
25.06,6.74202152778,3.24008535278,1,1.57079632679,-0.0772916666667,0.2060975,-0.0729166666667,0.0327638888889
25.08,6.74046111111,3.24421388148,1,1.57079632679,-0.07875,0.206756666667,-0.0729166666667,0.0331527777778
25.1,6.73887152778,3.2483556713,1,1.57079632679,-0.0802083333333,0.207423611111,-0.0729166666667,0.0335416666667
25.12,6.73725277778,3.25251087778,1,1.57079632679,-0.0816666666667,0.208098333333,-0.0729166666667,0.0339305555556
25.14,6.73560486111,3.25667965648,1,1.57079632679,-0.083125,0.208780833333,-0.0729166666667,0.0343194444444
25.16,6.73392777778,3.26086216296,1,1.57079632679,-0.0845833333333,0.209471111111,-0.0729166666667,0.0347083333333
25.18,6.73222152778,3.26505855278,1,1.57079632679,-0.0860416666667,0.210169166667,-0.0729166666667,0.0350972222222
25.2,6.73048611111,3.26926898148,1,1.57079632679,-0.0875,0.210875,-0.0729166666667,0.0354861111111
25.22,6.72872152778,3.27349360463,1,1.57079632679,-0.0889583333333,0.211588611111,-0.0729166666667,0.035875
25.24,6.72692777778,3.27773257778,1,1.57079632679,-0.0904166666667,0.21231,-0.0729166666667,0.0362638888889
25.26,6.72510486111,3.28198605648,1,1.57079632679,-0.091875,0.213039166667,-0.0729166666667,0.0366527777778
25.28,6.72325277778,3.2862541963,1,1.57079632679,-0.0933333333333,0.213776111111,-0.0729166666667,0.0370416666667
25.3,6.72137152778,3.29053715278,1,1.57079632679,-0.0947916666667,0.214520833333,-0.0729166666667,0.0374305555556
25.32,6.71946111111,3.29483508148,1,1.57079632679,-0.09625,0.215273333333,-0.0729166666667,0.0378194444444
25.34,6.71752152778,3.29914813796,1,1.57079632679,-0.0977083333333,0.216033611111,-0.0729166666667,0.0382083333333
25.36,6.71555277778,3.30347647778,1,1.57079632679,-0.0991666666667,0.216801666667,-0.0729166666667,0.0385972222222
25.38,6.71355486111,3.30782025648,1,1.57079632679,-0.100625,0.2175775,-0.0729166666667,0.0389861111111
25.4,6.71152777778,3.31217962963,1,1.57079632679,-0.102083333333,0.218361111111,-0.0729166666667,0.039375
25.42,6.70947152778,3.31655475278,1,1.57079632679,-0.103541666667,0.2191525,-0.0729166666667,0.0397638888889
25.44,6.70738611111,3.32094578148,1,1.57079632679,-0.105,0.219951666667,-0.0729166666667,0.0401527777778
25.46,6.70527152778,3.3253528713,1,1.57079632679,-0.106458333333,0.220758611111,-0.0729166666667,0.0405416666667
25.48,6.70312777778,3.32977617778,1,1.57079632679,-0.107916666667,0.221573333333,-0.0729166666667,0.0409305555556
25.5,6.70095486111,3.33421585648,1,1.57079632679,-0.109375,0.222395833333,-0.0729166666667,0.0413194444444
25.52,6.69875277778,3.33867206296,1,1.57079632679,-0.110833333333,0.223226111111,-0.0729166666667,0.0417083333333
25.54,6.69652152778,3.34314495278,1,1.57079632679,-0.112291666667,0.224064166667,-0.0729166666667,0.0420972222222
25.56,6.69426111111,3.34763468148,1,1.57079632679,-0.11375,0.22491,-0.0729166666667,0.0424861111111
25.58,6.69197152778,3.35214140463,1,1.57079632679,-0.115208333333,0.225763611111,-0.0729166666667,0.042875
25.6,6.68965277778,3.35666527778,1,1.57079632679,-0.116666666667,0.226625,-0.0729166666667,0.0432638888889
25.62,6.68730486111,3.36120645648,1,1.57079632679,-0.118125,0.227494166667,-0.0729166666667,0.0436527777778
25.64,6.68492777778,3.3657650963,1,1.57079632679,-0.119583333333,0.228371111111,-0.0729166666667,0.0440416666667
25.66,6.68252152778,3.37034135278,1,1.57079632679,-0.121041666667,0.229255833333,-0.0729166666667,0.0444305555556
25.68,6.68008611111,3.37493538148,1,1.57079632679,-0.1225,0.230148333333,-0.0729166666667,0.0448194444444
25.7,6.67762152778,3.37954733796,1,1.57079632679,-0.123958333333,0.231048611111,-0.0729166666667,0.0452083333333
25.72,6.67512777778,3.38417737778,1,1.57079632679,-0.125416666667,0.231956666667,-0.0729166666667,0.0455972222222
25.74,6.67260486111,3.38882565648,1,1.57079632679,-0.126875,0.2328725,-0.0729166666667,0.0459861111111
25.76,6.67005277778,3.39349232963,1,1.57079632679,-0.128333333333,0.233796111111,-0.0729166666667,0.046375
25.78,6.66747152778,3.39817755278,1,1.57079632679,-0.129791666667,0.2347275,-0.0729166666667,0.0467638888889
25.8,6.66486111111,3.40288148148,1,1.57079632679,-0.13125,0.235666666667,-0.0729166666667,0.0471527777778
25.82,6.66222152778,3.4076042713,1,1.57079632679,-0.132708333333,0.236613611111,-0.0729166666667,0.0475416666667
25.84,6.65955277778,3.41234607778,1,1.57079632679,-0.134166666667,0.237568333333,-0.0729166666667,0.0479305555556
25.86,6.65685486111,3.41710705648,1,1.57079632679,-0.135625,0.238530833333,-0.0729166666667,0.0483194444444
25.88,6.65412777778,3.42188736296,1,1.57079632679,-0.137083333333,0.239501111111,-0.0729166666667,0.0487083333333
25.9,6.65137152778,3.42668715278,1,1.57079632679,-0.138541666667,0.240479166667,-0.0729166666667,0.0490972222222
25.92,6.64858611111,3.43150658148,1,1.57079632679,-0.14,0.241465,-0.0729166666667,0.0494861111111
25.94,6.64577152778,3.43634580463,1,1.57079632679,-0.141458333333,0.242458611111,-0.0729166666667,0.049875
25.96,6.64292777778,3.44120497778,1,1.57079632679,-0.142916666667,0.24346,-0.0729166666667,0.0502638888889
25.98,6.64005486111,3.44608425648,1,1.57079632679,-0.144375,0.244469166667,-0.0729166666667,0.0506527777778
26,6.63715277778,3.4509837963,1,1.57079632679,-0.145833333333,0.245486111111,-0.0729166666667,0.0510416666667
26.02,6.63422152778,3.45590375278,1,1.57079632679,-0.147291666667,0.246510833333,-0.0729166666667,0.0514305555556
26.04,6.63126111111,3.46084428148,1,1.57079632679,-0.14875,0.247543333333,-0.0729166666667,0.0518194444444
26.06,6.62827152778,3.46580553796,1,1.57079632679,-0.150208333333,0.248583611111,-0.0729166666667,0.0522083333333
26.08,6.62525277778,3.47078767778,1,1.57079632679,-0.151666666667,0.249631666667,-0.0729166666667,0.0525972222222
26.1,6.62220486111,3.47579085648,1,1.57079632679,-0.153125,0.2506875,-0.0729166666667,0.0529861111111
26.12,6.61912777778,3.48081522963,1,1.57079632679,-0.154583333333,0.251751111111,-0.0729166666667,0.053375
26.14,6.61602152778,3.48586095278,1,1.57079632679,-0.156041666667,0.2528225,-0.0729166666667,0.0537638888889
26.16,6.61288611111,3.49092818148,1,1.57079632679,-0.1575,0.253901666667,-0.0729166666667,0.0541527777778
26.18,6.60972152778,3.4960170713,1,1.57079632679,-0.158958333333,0.254988611111,-0.0729166666667,0.0545416666667
26.2,6.60652777778,3.50112777778,1,1.57079632679,-0.160416666667,0.256083333333,-0.0729166666667,0.0549305555556
26.22,6.60330486111,3.50626045648,1,1.57079632679,-0.161875,0.257185833333,-0.0729166666667,0.0553194444444
26.24,6.60005277778,3.51141526296,1,1.57079632679,-0.163333333333,0.258296111111,-0.0729166666667,0.0557083333333
26.26,6.59677152778,3.51659235278,1,1.57079632679,-0.164791666667,0.259414166667,-0.0729166666667,0.0560972222222
26.28,6.59346111111,3.52179188148,1,1.57079632679,-0.16625,0.26054,-0.0729166666667,0.0564861111111
26.3,6.59012152778,3.52701400463,1,1.57079632679,-0.167708333333,0.261673611111,-0.0729166666667,0.056875
26.32,6.58675277778,3.53225887778,1,1.57079632679,-0.169166666667,0.262815,-0.0729166666667,0.0572638888889
26.34,6.58335486111,3.53752665648,1,1.57079632679,-0.170625,0.263964166667,-0.0729166666667,0.0576527777778
26.36,6.57992777778,3.5428174963,1,1.57079632679,-0.172083333333,0.265121111111,-0.0729166666667,0.0580416666667
26.38,6.57647152778,3.54813155278,1,1.57079632679,-0.173541666667,0.266285833333,-0.0729166666667,0.0584305555556
26.4,6.57298611111,3.55346898148,1,1.57079632679,-0.175,0.267458333333,-0.0729166666667,0.0588194444444
26.42,6.56947152778,3.55882993796,1,1.57079632679,-0.176458333333,0.268638611111,-0.0729166666667,0.0592083333333
26.44,6.56592777778,3.56421457778,1,1.57079632679,-0.177916666667,0.269826666667,-0.0729166666667,0.0595972222222
26.46,6.56235486111,3.56962305648,1,1.57079632679,-0.179375,0.2710225,-0.0729166666667,0.0599861111111
26.48,6.55875277778,3.57505552963,1,1.57079632679,-0.180833333333,0.272226111111,-0.0729166666667,0.060375
26.5,6.55512152778,3.58051215278,1,1.57079632679,-0.182291666667,0.2734375,-0.0729166666667,0.0607638888889
26.52,6.55146111111,3.58599308148,1,1.57079632679,-0.18375,0.274656666667,-0.0729166666667,0.0611527777778
26.54,6.54777152778,3.5914984713,1,1.57079632679,-0.185208333333,0.275883611111,-0.0729166666667,0.0615416666667
26.56,6.54405277778,3.59702847778,1,1.57079632679,-0.186666666667,0.277118333333,-0.0729166666667,0.0619305555556
26.58,6.54030486111,3.60258325648,1,1.57079632679,-0.188125,0.278360833333,-0.0729166666667,0.0623194444444
26.6,6.53652777778,3.60816296296,1,1.57079632679,-0.189583333333,0.279611111111,-0.0729166666667,0.0627083333333
26.62,6.53272152778,3.61376775278,1,1.57079632679,-0.191041666667,0.280869166667,-0.0729166666667,0.0630972222222
26.64,6.52888611111,3.61939778148,1,1.57079632679,-0.1925,0.282135,-0.0729166666667,0.0634861111111
26.66,6.52502152778,3.62505320463,1,1.57079632679,-0.193958333333,0.283408611111,-0.0729166666667,0.063875
26.68,6.52112777778,3.63073417778,1,1.57079632679,-0.195416666667,0.28469,-0.0729166666667,0.0642638888889
26.7,6.51720486111,3.63644085648,1,1.57079632679,-0.196875,0.285979166667,-0.0729166666667,0.0646527777778
26.72,6.51325277778,3.6421733963,1,1.57079632679,-0.198333333333,0.287276111111,-0.0729166666667,0.0650416666667
26.74,6.50927152778,3.64793195278,1,1.57079632679,-0.199791666667,0.288580833333,-0.0729166666667,0.0654305555556
26.76,6.50526111111,3.65371668148,1,1.57079632679,-0.20125,0.289893333333,-0.0729166666667,0.0658194444444
26.78,6.50122152778,3.65952773796,1,1.57079632679,-0.202708333333,0.291213611111,-0.0729166666667,0.0662083333333
26.8,6.49715277778,3.66536527778,1,1.57079632679,-0.204166666667,0.292541666667,-0.0729166666667,0.0665972222222
26.82,6.49305486111,3.67122945648,1,1.57079632679,-0.205625,0.2938775,-0.0729166666667,0.0669861111111
26.84,6.48892777778,3.67712042963,1,1.57079632679,-0.207083333333,0.295221111111,-0.0729166666667,0.067375
26.86,6.48477152778,3.68303835278,1,1.57079632679,-0.208541666667,0.2965725,-0.0729166666667,0.0677638888889
26.88,6.48058611111,3.68898338148,1,1.57079632679,-0.21,0.297931666667,-0.0729166666667,0.0681527777778
26.9,6.47637152778,3.6949556713,1,1.57079632679,-0.211458333333,0.299298611111,-0.0729166666667,0.0685416666667
26.92,6.47212777778,3.70095537778,1,1.57079632679,-0.212916666667,0.300673333333,-0.0729166666667,0.0689305555556
26.94,6.46785486111,3.70698265648,1,1.57079632679,-0.214375,0.302055833333,-0.0729166666667,0.0693194444444
26.96,6.46355277778,3.71303766296,1,1.57079632679,-0.215833333333,0.303446111111,-0.0729166666667,0.0697083333333
26.98,6.45922152778,3.71912055278,1,1.57079632679,-0.217291666667,0.304844166667,-0.0729166666667,0.0700972222222
27,6.45486111111,3.72523148148,1,1.57079632679,-0.21875,0.30625,-0.0729166666667,0.0704861111111
27.02,6.45047152778,3.73137060463,1,1.57079632679,-0.220208333333,0.307663611111,-0.0729166666667,0.070875
27.04,6.44605277778,3.73753807778,1,1.57079632679,-0.221666666667,0.309085,-0.0729166666667,0.0712638888889
27.06,6.44160486111,3.74373405648,1,1.57079632679,-0.223125,0.310514166667,-0.0729166666667,0.0716527777778
27.08,6.43712777778,3.7499586963,1,1.57079632679,-0.224583333333,0.311951111111,-0.0729166666667,0.0720416666667
27.1,6.43262152778,3.75621215278,1,1.57079632679,-0.226041666667,0.313395833333,-0.0729166666667,0.0724305555556
27.12,6.42808611111,3.76249458148,1,1.57079632679,-0.2275,0.314848333333,-0.0729166666667,0.0728194444444
27.14,6.42352152778,3.76880613796,1,1.57079632679,-0.228958333333,0.316308611111,-0.0729166666667,0.0732083333333
27.16,6.41892777778,3.77514697778,1,1.57079632679,-0.230416666667,0.317776666667,-0.0729166666667,0.0735972222222
27.18,6.41430486111,3.78151725648,1,1.57079632679,-0.231875,0.3192525,-0.0729166666667,0.0739861111111
27.2,6.40965277778,3.78791712963,1,1.57079632679,-0.233333333333,0.320736111111,-0.0729166666667,0.074375
27.22,6.40497152778,3.79434675278,1,1.57079632679,-0.234791666667,0.3222275,-0.0729166666667,0.0747638888889
27.24,6.40026111111,3.80080628148,1,1.57079632679,-0.23625,0.323726666667,-0.0729166666667,0.0751527777778
27.26,6.39552152778,3.8072958713,1,1.57079632679,-0.237708333333,0.325233611111,-0.0729166666667,0.0755416666667
27.28,6.39075277778,3.81381567778,1,1.57079632679,-0.239166666667,0.326748333333,-0.0729166666667,0.0759305555556
27.3,6.38595486111,3.82036585648,1,1.57079632679,-0.240625,0.328270833333,-0.0729166666667,0.0763194444444
27.32,6.38112777778,3.82694656296,1,1.57079632679,-0.242083333333,0.329801111111,-0.0729166666667,0.0767083333333
27.34,6.37627152778,3.83355795278,1,1.57079632679,-0.243541666667,0.331339166667,-0.0729166666667,0.0770972222222
27.36,6.37138611111,3.84020018148,1,1.57079632679,-0.245,0.332885,-0.0729166666667,0.0774861111111
27.38,6.36647152778,3.84687340463,1,1.57079632679,-0.246458333333,0.334438611111,-0.0729166666667,0.077875
27.4,6.36152777778,3.85357777778,1,1.57079632679,-0.247916666667,0.336,-0.0729166666667,0.0782638888889
27.42,6.35655486111,3.86031345648,1,1.57079632679,-0.249375,0.337569166667,-0.0729166666667,0.0786527777778
27.44,6.35155277778,3.8670805963,1,1.57079632679,-0.250833333333,0.339146111111,-0.0729166666667,0.0790416666667
27.46,6.34652152778,3.87387935278,1,1.57079632679,-0.252291666667,0.340730833333,-0.0729166666667,0.0794305555556
27.48,6.34146111111,3.88070988148,1,1.57079632679,-0.25375,0.342323333333,-0.0729166666667,0.0798194444444
27.5,6.33637152778,3.88757233796,1,1.57079632679,-0.255208333333,0.343923611111,-0.0729166666667,0.0802083333333
27.52,6.33125277778,3.89446687778,1,1.57079632679,-0.256666666667,0.345531666667,-0.0729166666667,0.0805972222222
27.54,6.32610486111,3.90139365648,1,1.57079632679,-0.258125,0.3471475,-0.0729166666667,0.0809861111111
27.56,6.32092777778,3.90835282963,1,1.57079632679,-0.259583333333,0.348771111111,-0.0729166666667,0.081375
27.58,6.31572152778,3.91534455278,1,1.57079632679,-0.261041666667,0.3504025,-0.0729166666667,0.0817638888889
27.6,6.31048611111,3.92236898148,1,1.57079632679,-0.2625,0.352041666667,-0.0729166666667,0.0821527777778
27.62,6.30522152778,3.9294262713,1,1.57079632679,-0.263958333333,0.353688611111,-0.0729166666667,0.0825416666667
27.64,6.29992777778,3.93651657778,1,1.57079632679,-0.265416666667,0.355343333333,-0.0729166666667,0.0829305555556
27.66,6.29460486111,3.94364005648,1,1.57079632679,-0.266875,0.357005833333,-0.0729166666667,0.0833194444444
27.68,6.28925277778,3.95079686296,1,1.57079632679,-0.268333333333,0.358676111111,-0.0729166666667,0.0837083333333
27.7,6.28387152778,3.95798715278,1,1.57079632679,-0.269791666667,0.360354166667,-0.0729166666667,0.0840972222222
27.72,6.27846111111,3.96521108148,1,1.57079632679,-0.27125,0.36204,-0.0729166666667,0.0844861111111
27.74,6.27302152778,3.97246880463,1,1.57079632679,-0.272708333333,0.363733611111,-0.0729166666667,0.084875
27.76,6.26755277778,3.97976047778,1,1.57079632679,-0.274166666667,0.365435,-0.0729166666667,0.0852638888889
27.78,6.26205486111,3.98708625648,1,1.57079632679,-0.275625,0.367144166667,-0.0729166666667,0.0856527777778
27.8,6.25652777778,3.9944462963,1,1.57079632679,-0.277083333333,0.368861111111,-0.0729166666667,0.0860416666667
27.82,6.25097152778,4.00184075278,1,1.57079632679,-0.278541666667,0.370585833333,-0.0729166666667,0.0864305555556
27.84,6.24538611111,4.00926978148,1,1.57079632679,-0.28,0.372318333333,-0.0729166666667,0.0868194444444
27.86,6.23977152778,4.01673353796,1,1.57079632679,-0.281458333333,0.374058611111,-0.0729166666667,0.0872083333333
27.88,6.23412777778,4.02423217778,1,1.57079632679,-0.282916666667,0.375806666667,-0.0729166666667,0.0875972222222
27.9,6.22845486111,4.03176585648,1,1.57079632679,-0.284375,0.3775625,-0.0729166666667,0.0879861111111
27.92,6.22275277778,4.03933472963,1,1.57079632679,-0.285833333333,0.379326111111,-0.0729166666667,0.088375
27.94,6.21702152778,4.04693895278,1,1.57079632679,-0.287291666667,0.3810975,-0.0729166666667,0.0887638888889
27.96,6.21126111111,4.05457868148,1,1.57079632679,-0.28875,0.382876666667,-0.0729166666667,0.0891527777778
27.98,6.20547152778,4.0622540713,1,1.57079632679,-0.290208333333,0.384663611111,-0.0729166666667,0.0895416666667
28,6.19965277778,4.06996527778,1,1.57079632679,-0.291666666667,0.386458333333,-0.0729166666667,0.0899305555556
28.02,6.19380486111,4.07771245648,1,1.57079632679,-0.293125,0.388260833333,-0.0729166666667,0.0903194444444
28.04,6.18792777778,4.08549576296,1,1.57079632679,-0.294583333333,0.390071111111,-0.0729166666667,0.0907083333333
28.06,6.18202152778,4.09331535278,1,1.57079632679,-0.296041666667,0.391889166667,-0.0729166666667,0.0910972222222
28.08,6.17608611111,4.10117138148,1,1.57079632679,-0.2975,0.393715,-0.0729166666667,0.0914861111111
28.1,6.17012152778,4.10906400463,1,1.57079632679,-0.298958333333,0.395548611111,-0.0729166666667,0.091875
28.12,6.16412777778,4.11699337778,1,1.57079632679,-0.300416666667,0.39739,-0.0729166666667,0.0922638888889
28.14,6.15810486111,4.12495965648,1,1.57079632679,-0.301875,0.399239166667,-0.0729166666667,0.0926527777778
28.16,6.15205277778,4.1329629963,1,1.57079632679,-0.303333333333,0.401096111111,-0.0729166666667,0.0930416666667
28.18,6.14597152778,4.14100355278,1,1.57079632679,-0.304791666667,0.402960833333,-0.0729166666667,0.0934305555556
28.2,6.13986111111,4.14908148148,1,1.57079632679,-0.30625,0.404833333333,-0.0729166666667,0.0938194444444
28.22,6.13372152778,4.15719693796,1,1.57079632679,-0.307708333333,0.406713611111,-0.0729166666667,0.0942083333333
28.24,6.12755277778,4.16535007778,1,1.57079632679,-0.309166666667,0.408601666667,-0.0729166666667,0.0945972222222
28.26,6.12135486111,4.17354105648,1,1.57079632679,-0.310625,0.4104975,-0.0729166666667,0.0949861111111
28.28,6.11512777778,4.18177002963,1,1.57079632679,-0.312083333333,0.412401111111,-0.0729166666667,0.095375
28.3,6.10887152778,4.19003715278,1,1.57079632679,-0.313541666667,0.4143125,-0.0729166666667,0.0957638888889
28.32,6.10258611111,4.19834258148,1,1.57079632679,-0.315,0.416231666667,-0.0729166666667,0.0961527777778
28.34,6.09627152778,4.2066864713,1,1.57079632679,-0.316458333333,0.418158611111,-0.0729166666667,0.0965416666667
28.36,6.08992777778,4.21506897778,1,1.57079632679,-0.317916666667,0.420093333333,-0.0729166666667,0.0969305555556
28.38,6.08355486111,4.22349025648,1,1.57079632679,-0.319375,0.422035833333,-0.0729166666667,0.0973194444444
28.4,6.07715277778,4.23195046296,1,1.57079632679,-0.320833333333,0.423986111111,-0.0729166666667,0.0977083333333
28.42,6.07072152778,4.24044975278,1,1.57079632679,-0.322291666667,0.425944166667,-0.0729166666667,0.0980972222222
28.44,6.06426111111,4.24898828148,1,1.57079632679,-0.32375,0.42791,-0.0729166666667,0.0984861111111
28.46,6.05777152778,4.25756620463,1,1.57079632679,-0.325208333333,0.429883611111,-0.0729166666667,0.098875
28.48,6.05125277778,4.26618367778,1,1.57079632679,-0.326666666667,0.431865,-0.0729166666667,0.0992638888889
28.5,6.04470486111,4.27484085648,1,1.57079632679,-0.328125,0.433854166667,-0.0729166666667,0.0996527777778
28.52,6.03812777778,4.2835378963,1,1.57079632679,-0.329583333333,0.435851111111,-0.0729166666667,0.100041666667
28.54,6.03152152778,4.29227495278,1,1.57079632679,-0.331041666667,0.437855833333,-0.0729166666667,0.100430555556
28.56,6.02488611111,4.30105218148,1,1.57079632679,-0.3325,0.439868333333,-0.0729166666667,0.100819444444
28.58,6.01822152778,4.30986973796,1,1.57079632679,-0.333958333333,0.441888611111,-0.0729166666667,0.101208333333
28.6,6.01152777778,4.31872777778,1,1.57079632679,-0.335416666667,0.443916666667,-0.0729166666667,0.101597222222
28.62,6.00480486111,4.32762645648,1,1.57079632679,-0.336875,0.4459525,-0.0729166666667,0.101986111111
28.64,5.99805277778,4.33656592963,1,1.57079632679,-0.338333333333,0.447996111111,-0.0729166666667,0.102375
28.66,5.99127152778,4.34554635278,1,1.57079632679,-0.339791666667,0.4500475,-0.0729166666667,0.102763888889
28.68,5.98446111111,4.35456788148,1,1.57079632679,-0.34125,0.452106666667,-0.0729166666667,0.103152777778
28.7,5.97762152778,4.3636306713,1,1.57079632679,-0.342708333333,0.454173611111,-0.0729166666667,0.103541666667
28.72,5.97075277778,4.37273487778,1,1.57079632679,-0.344166666667,0.456248333333,-0.0729166666667,0.103930555556
28.74,5.96385486111,4.38188065648,1,1.57079632679,-0.345625,0.458330833333,-0.0729166666667,0.104319444444
28.76,5.95692777778,4.39106816296,1,1.57079632679,-0.347083333333,0.460421111111,-0.0729166666667,0.104708333333
28.78,5.94997152778,4.40029755278,1,1.57079632679,-0.348541666667,0.462519166667,-0.0729166666667,0.105097222222
28.8,5.94298611111,4.40956898148,1,1.57079632679,-0.35,0.464625,-0.0729166666667,0.105486111111
28.82,5.93597152778,4.41888260463,1,1.57079632679,-0.351458333333,0.466738611111,-0.0729166666667,0.105875
28.84,5.92892777778,4.42823857778,1,1.57079632679,-0.352916666667,0.46886,-0.0729166666667,0.106263888889
28.86,5.92185486111,4.43763705648,1,1.57079632679,-0.354375,0.470989166667,-0.0729166666667,0.106652777778
28.88,5.91475277778,4.4470781963,1,1.57079632679,-0.355833333333,0.473126111111,-0.0729166666667,0.107041666667
28.9,5.90762152778,4.45656215278,1,1.57079632679,-0.357291666667,0.475270833333,-0.0729166666667,0.107430555556
28.92,5.90046111111,4.46608908148,1,1.57079632679,-0.35875,0.477423333333,-0.0729166666667,0.107819444444
28.94,5.89327152778,4.47565913796,1,1.57079632679,-0.360208333333,0.479583611111,-0.0729166666667,0.108208333333
28.96,5.88605277778,4.48527247778,1,1.57079632679,-0.361666666667,0.481751666667,-0.0729166666667,0.108597222222
28.98,5.87880486111,4.49492925648,1,1.57079632679,-0.363125,0.4839275,-0.0729166666667,0.108986111111
29,5.87152777778,4.50462962963,1,1.57079632679,-0.364583333333,0.486111111111,-0.0208333333333,0.0277777777778
29.02,5.86423197222,4.51435737037,1,1.57079632679,-0.364995833333,0.486661111111,-0.0204166666667,0.0272222222222
29.04,5.856928,4.524096,1,1.57079632679,-0.3654,0.4872,-0.02,0.0266666666667
29.06,5.84961602778,4.5338452963,1,1.57079632679,-0.365795833333,0.487727777778,-0.0195833333333,0.0261111111111
29.08,5.84229622222,4.54360503704,1,1.57079632679,-0.366183333333,0.488244444444,-0.0191666666667,0.0255555555556
29.1,5.83496875,4.553375,1,1.57079632679,-0.3665625,0.48875,-0.01875,0.025
29.12,5.82763377778,4.56315496296,1,1.57079632679,-0.366933333333,0.489244444444,-0.0183333333333,0.0244444444444
29.14,5.82029147222,4.5729447037,1,1.57079632679,-0.367295833333,0.489727777778,-0.0179166666667,0.0238888888889
29.16,5.812942,4.582744,1,1.57079632679,-0.36765,0.4902,-0.0175,0.0233333333333
29.18,5.80558552778,4.59255262963,1,1.57079632679,-0.367995833333,0.490661111111,-0.0170833333333,0.0227777777778
29.2,5.79822222222,4.60237037037,1,1.57079632679,-0.368333333333,0.491111111111,-0.0166666666667,0.0222222222222
29.22,5.79085225,4.612197,1,1.57079632679,-0.3686625,0.49155,-0.01625,0.0216666666667
29.24,5.78347577778,4.6220322963,1,1.57079632679,-0.368983333333,0.491977777778,-0.0158333333333,0.0211111111111
29.26,5.77609297222,4.63187603704,1,1.57079632679,-0.369295833333,0.492394444444,-0.0154166666667,0.0205555555556
29.28,5.768704,4.641728,1,1.57079632679,-0.3696,0.4928,-0.015,0.02
29.3,5.76130902778,4.65158796296,1,1.57079632679,-0.369895833333,0.493194444444,-0.0145833333333,0.0194444444444
29.32,5.75390822222,4.6614557037,1,1.57079632679,-0.370183333333,0.493577777778,-0.0141666666667,0.0188888888889
29.34,5.74650175,4.671331,1,1.57079632679,-0.3704625,0.49395,-0.01375,0.0183333333333
29.36,5.73908977778,4.68121362963,1,1.57079632679,-0.370733333333,0.494311111111,-0.0133333333333,0.0177777777778
29.38,5.73167247222,4.69110337037,1,1.57079632679,-0.370995833333,0.494661111111,-0.0129166666667,0.0172222222222
29.4,5.72425,4.701,1,1.57079632679,-0.37125,0.495,-0.0125,0.0166666666667
29.42,5.71682252778,4.7109032963,1,1.57079632679,-0.371495833333,0.495327777778,-0.0120833333333,0.0161111111111
29.44,5.70939022222,4.72081303704,1,1.57079632679,-0.371733333333,0.495644444444,-0.0116666666667,0.0155555555556
29.46,5.70195325,4.730729,1,1.57079632679,-0.3719625,0.49595,-0.01125,0.015
29.48,5.69451177778,4.74065096296,1,1.57079632679,-0.372183333333,0.496244444444,-0.0108333333333,0.0144444444444
29.5,5.68706597222,4.7505787037,1,1.57079632679,-0.372395833333,0.496527777778,-0.0104166666667,0.0138888888889
29.52,5.679616,4.760512,1,1.57079632679,-0.3726,0.4968,-0.01,0.0133333333333
29.54,5.67216202778,4.77045062963,1,1.57079632679,-0.372795833333,0.497061111111,-0.00958333333333,0.0127777777778
29.56,5.66470422222,4.78039437037,1,1.57079632679,-0.372983333333,0.497311111111,-0.00916666666667,0.0122222222222
29.58,5.65724275,4.790343,1,1.57079632679,-0.3731625,0.49755,-0.00875,0.0116666666667
29.6,5.64977777778,4.8002962963,1,1.57079632679,-0.373333333333,0.497777777778,-0.00833333333333,0.0111111111111
29.62,5.64230947222,4.81025403704,1,1.57079632679,-0.373495833333,0.497994444444,-0.00791666666667,0.0105555555556
29.64,5.634838,4.820216,1,1.57079632679,-0.37365,0.4982,-0.0075,0.01
29.66,5.62736352778,4.83018196296,1,1.57079632679,-0.373795833333,0.498394444444,-0.00708333333333,0.00944444444444
29.68,5.61988622222,4.8401517037,1,1.57079632679,-0.373933333333,0.498577777778,-0.00666666666667,0.00888888888889
29.7,5.61240625,4.850125,1,1.57079632679,-0.3740625,0.49875,-0.00625,0.00833333333333
29.72,5.60492377778,4.86010162963,1,1.57079632679,-0.374183333333,0.498911111111,-0.00583333333333,0.00777777777778
29.74,5.59743897222,4.87008137037,1,1.57079632679,-0.374295833333,0.499061111111,-0.00541666666667,0.00722222222222
29.76,5.589952,4.880064,1,1.57079632679,-0.3744,0.4992,-0.005,0.00666666666667
29.78,5.58246302778,4.8900492963,1,1.57079632679,-0.374495833333,0.499327777778,-0.00458333333333,0.00611111111111
29.8,5.57497222222,4.90003703704,1,1.57079632679,-0.374583333333,0.499444444444,-0.00416666666667,0.00555555555556
29.82,5.56747975,4.910027,1,1.57079632679,-0.3746625,0.49955,-0.00375,0.005
29.84,5.55998577778,4.92001896296,1,1.57079632679,-0.374733333333,0.499644444444,-0.00333333333333,0.00444444444444
29.86,5.55249047222,4.9300127037,1,1.57079632679,-0.374795833333,0.499727777778,-0.00291666666667,0.00388888888889
29.88,5.544994,4.940008,1,1.57079632679,-0.37485,0.4998,-0.0025,0.00333333333333
29.9,5.53749652778,4.95000462963,1,1.57079632679,-0.374895833333,0.499861111111,-0.00208333333333,0.00277777777778
29.92,5.52999822222,4.96000237037,1,1.57079632679,-0.374933333333,0.499911111111,-0.00166666666667,0.00222222222222
29.94,5.52249925,4.970001,1,1.57079632679,-0.3749625,0.49995,-0.00125,0.00166666666667
29.96,5.51499977778,4.9800002963,1,1.57079632679,-0.374983333333,0.499977777778,-0.000833333333333,0.00111111111111
29.98,5.50749997222,4.99000003704,1,1.57079632679,-0.374995833333,0.499994444444,-0.000416666666667,0.000555555555556
30,5.5,5,1,1.57079632679,-0.375,0.5,-1.11022302463e-16,1.11022302463e-16
30.02,5.49250002778,5.00999996296,1,1.57079632679,-0.374995833333,0.499994444444,0.000416666666667,-0.000555555555555
30.04,5.48500022222,5.0199997037,1,1.57079632679,-0.374983333333,0.499977777778,0.000833333333333,-0.00111111111111
30.06,5.47750075,5.029999,1,1.57079632679,-0.3749625,0.49995,0.00125,-0.00166666666667
30.08,5.47000177778,5.03999762963,1,1.57079632679,-0.374933333333,0.499911111111,0.00166666666667,-0.00222222222222
30.1,5.46250347222,5.04999537037,1,1.57079632679,-0.374895833333,0.499861111111,0.00208333333333,-0.00277777777778
30.12,5.455006,5.059992,1,1.57079632679,-0.37485,0.4998,0.0025,-0.00333333333333
30.14,5.44750952778,5.0699872963,1,1.57079632679,-0.374795833333,0.499727777778,0.00291666666667,-0.00388888888889
30.16,5.44001422222,5.07998103704,1,1.57079632679,-0.374733333333,0.499644444444,0.00333333333333,-0.00444444444444
30.18,5.43252025,5.089973,1,1.57079632679,-0.3746625,0.49955,0.00375,-0.005
30.2,5.42502777778,5.09996296296,1,1.57079632679,-0.374583333333,0.499444444444,0.00416666666667,-0.00555555555556
30.22,5.41753697222,5.1099507037,1,1.57079632679,-0.374495833333,0.499327777778,0.00458333333333,-0.00611111111111
30.24,5.410048,5.119936,1,1.57079632679,-0.3744,0.4992,0.005,-0.00666666666667
30.26,5.40256102778,5.12991862963,1,1.57079632679,-0.374295833333,0.499061111111,0.00541666666667,-0.00722222222222
30.28,5.39507622222,5.13989837037,1,1.57079632679,-0.374183333333,0.498911111111,0.00583333333333,-0.00777777777778
30.3,5.38759375,5.149875,1,1.57079632679,-0.3740625,0.49875,0.00625,-0.00833333333333
30.32,5.38011377778,5.1598482963,1,1.57079632679,-0.373933333333,0.498577777778,0.00666666666667,-0.00888888888889
30.34,5.37263647222,5.16981803704,1,1.57079632679,-0.373795833333,0.498394444444,0.00708333333333,-0.00944444444444
30.36,5.365162,5.179784,1,1.57079632679,-0.37365,0.4982,0.0075,-0.01
30.38,5.35769052778,5.18974596296,1,1.57079632679,-0.373495833333,0.497994444444,0.00791666666667,-0.0105555555556
30.4,5.35022222222,5.1997037037,1,1.57079632679,-0.373333333333,0.497777777778,0.00833333333333,-0.0111111111111
30.42,5.34275725,5.209657,1,1.57079632679,-0.3731625,0.49755,0.00875,-0.0116666666667
30.44,5.33529577778,5.21960562963,1,1.57079632679,-0.372983333333,0.497311111111,0.00916666666667,-0.0122222222222
30.46,5.32783797222,5.22954937037,1,1.57079632679,-0.372795833333,0.497061111111,0.00958333333333,-0.0127777777778
30.48,5.320384,5.239488,1,1.57079632679,-0.3726,0.4968,0.01,-0.0133333333333
30.5,5.31293402778,5.2494212963,1,1.57079632679,-0.372395833333,0.496527777778,0.0104166666667,-0.0138888888889
30.52,5.30548822222,5.25934903704,1,1.57079632679,-0.372183333333,0.496244444444,0.0108333333333,-0.0144444444444
30.54,5.29804675,5.269271,1,1.57079632679,-0.3719625,0.49595,0.01125,-0.015
30.56,5.29060977778,5.27918696296,1,1.57079632679,-0.371733333333,0.495644444444,0.0116666666667,-0.0155555555556
30.58,5.28317747222,5.2890967037,1,1.57079632679,-0.371495833333,0.495327777778,0.0120833333333,-0.0161111111111
30.6,5.27575,5.299,1,1.57079632679,-0.37125,0.495,0.0125,-0.0166666666667
30.62,5.26832752778,5.30889662963,1,1.57079632679,-0.370995833333,0.494661111111,0.0129166666667,-0.0172222222222
30.64,5.26091022222,5.31878637037,1,1.57079632679,-0.370733333333,0.494311111111,0.0133333333333,-0.0177777777778
30.66,5.25349825,5.328669,1,1.57079632679,-0.3704625,0.49395,0.01375,-0.0183333333333
30.68,5.24609177778,5.3385442963,1,1.57079632679,-0.370183333333,0.493577777778,0.0141666666667,-0.0188888888889
30.7,5.23869097222,5.34841203704,1,1.57079632679,-0.369895833333,0.493194444444,0.0145833333333,-0.0194444444444
30.72,5.231296,5.358272,1,1.57079632679,-0.3696,0.4928,0.015,-0.02
30.74,5.22390702778,5.36812396296,1,1.57079632679,-0.369295833333,0.492394444444,0.0154166666667,-0.0205555555556
30.76,5.21652422222,5.3779677037,1,1.57079632679,-0.368983333333,0.491977777778,0.0158333333333,-0.0211111111111
30.78,5.20914775,5.387803,1,1.57079632679,-0.3686625,0.49155,0.01625,-0.0216666666667
30.8,5.20177777778,5.39762962963,1,1.57079632679,-0.368333333333,0.491111111111,0.0166666666667,-0.0222222222222
30.82,5.19441447222,5.40744737037,1,1.57079632679,-0.367995833333,0.490661111111,0.0170833333333,-0.0227777777778
30.84,5.187058,5.417256,1,1.57079632679,-0.36765,0.4902,0.0175,-0.0233333333333
30.86,5.17970852778,5.4270552963,1,1.57079632679,-0.367295833333,0.489727777778,0.0179166666667,-0.0238888888889
30.88,5.17236622222,5.43684503704,1,1.57079632679,-0.366933333333,0.489244444444,0.0183333333333,-0.0244444444444
30.9,5.16503125,5.446625,1,1.57079632679,-0.3665625,0.48875,0.01875,-0.025
30.92,5.15770377778,5.45639496296,1,1.57079632679,-0.366183333333,0.488244444444,0.0191666666667,-0.0255555555556
30.94,5.15038397222,5.4661547037,1,1.57079632679,-0.365795833333,0.487727777778,0.0195833333333,-0.0261111111111
30.96,5.143072,5.475904,1,1.57079632679,-0.3654,0.4872,0.02,-0.0266666666667
30.98,5.13576802778,5.48564262963,1,1.57079632679,-0.364995833333,0.486661111111,0.0204166666667,-0.0272222222222
31,5.12847222222,5.49537037037,1,1.57079632679,-0.364583333333,0.486111111111,0.0868055555556,-0.100694444444
31.02,5.12119788704,5.50507246111,1,1.57079632679,-0.362851666667,0.484098333333,0.0863611111111,-0.100583333333
31.04,5.1139580963,5.51473431852,1,1.57079632679,-0.361128888889,0.482087777778,0.0859166666667,-0.100472222222
31.06,5.10675267222,5.52435598704,1,1.57079632679,-0.359415,0.480079444444,0.0854722222222,-0.100361111111
31.08,5.09958143704,5.53393751111,1,1.57079632679,-0.35771,0.478073333333,0.0850277777778,-0.10025
31.1,5.09244421296,5.54347893519,1,1.57079632679,-0.356013888889,0.476069444444,0.0845833333333,-0.100138888889
31.12,5.08534082222,5.5529803037,1,1.57079632679,-0.354326666667,0.474067777778,0.0841388888889,-0.100027777778
31.14,5.07827108704,5.56244166111,1,1.57079632679,-0.352648333333,0.472068333333,0.0836944444444,-0.0999166666667
31.16,5.07123482963,5.57186305185,1,1.57079632679,-0.350978888889,0.470071111111,0.08325,-0.0998055555556
31.18,5.06423187222,5.58124452037,1,1.57079632679,-0.349318333333,0.468076111111,0.0828055555556,-0.0996944444444
31.2,5.05726203704,5.59058611111,1,1.57079632679,-0.347666666667,0.466083333333,0.0823611111111,-0.0995833333333
31.22,5.0503251463,5.59988786852,1,1.57079632679,-0.346023888889,0.464092777778,0.0819166666667,-0.0994722222222
31.24,5.04342102222,5.60914983704,1,1.57079632679,-0.34439,0.462104444444,0.0814722222222,-0.0993611111111
31.26,5.03654948704,5.61837206111,1,1.57079632679,-0.342765,0.460118333333,0.0810277777778,-0.09925
31.28,5.02971036296,5.62755458519,1,1.57079632679,-0.341148888889,0.458134444444,0.0805833333333,-0.0991388888889
31.3,5.02290347222,5.6366974537,1,1.57079632679,-0.339541666667,0.456152777778,0.0801388888889,-0.0990277777778
31.32,5.01612863704,5.64580071111,1,1.57079632679,-0.337943333333,0.454173333333,0.0796944444444,-0.0989166666667
31.34,5.00938567963,5.65486440185,1,1.57079632679,-0.336353888889,0.452196111111,0.07925,-0.0988055555556
31.36,5.00267442222,5.66388857037,1,1.57079632679,-0.334773333333,0.450221111111,0.0788055555556,-0.0986944444444
31.38,4.99599468704,5.67287326111,1,1.57079632679,-0.333201666667,0.448248333333,0.0783611111111,-0.0985833333333
31.4,4.9893462963,5.68181851852,1,1.57079632679,-0.331638888889,0.446277777778,0.0779166666667,-0.0984722222222
31.42,4.98272907222,5.69072438704,1,1.57079632679,-0.330085,0.444309444444,0.0774722222222,-0.0983611111111
31.44,4.97614283704,5.69959091111,1,1.57079632679,-0.32854,0.442343333333,0.0770277777778,-0.09825
31.46,4.96958741296,5.70841813519,1,1.57079632679,-0.327003888889,0.440379444444,0.0765833333333,-0.0981388888889
31.48,4.96306262222,5.7172061037,1,1.57079632679,-0.325476666667,0.438417777778,0.0761388888889,-0.0980277777778
31.5,4.95656828704,5.72595486111,1,1.57079632679,-0.323958333333,0.436458333333,0.0756944444444,-0.0979166666667
31.52,4.95010422963,5.73466445185,1,1.57079632679,-0.322448888889,0.434501111111,0.07525,-0.0978055555556
31.54,4.94367027222,5.74333492037,1,1.57079632679,-0.320948333333,0.432546111111,0.0748055555556,-0.0976944444444
31.56,4.93726623704,5.75196631111,1,1.57079632679,-0.319456666667,0.430593333333,0.0743611111111,-0.0975833333333
31.58,4.9308919463,5.76055866852,1,1.57079632679,-0.317973888889,0.428642777778,0.0739166666667,-0.0974722222222
31.6,4.92454722222,5.76911203704,1,1.57079632679,-0.3165,0.426694444444,0.0734722222222,-0.0973611111111
31.62,4.91823188704,5.77762646111,1,1.57079632679,-0.315035,0.424748333333,0.0730277777778,-0.09725
31.64,4.91194576296,5.78610198519,1,1.57079632679,-0.313578888889,0.422804444444,0.0725833333333,-0.0971388888889
31.66,4.90568867222,5.7945386537,1,1.57079632679,-0.312131666667,0.420862777778,0.0721388888889,-0.0970277777778
31.68,4.89946043704,5.80293651111,1,1.57079632679,-0.310693333333,0.418923333333,0.0716944444444,-0.0969166666667
31.7,4.89326087963,5.81129560185,1,1.57079632679,-0.309263888889,0.416986111111,0.07125,-0.0968055555556
31.72,4.88708982222,5.81961597037,1,1.57079632679,-0.307843333333,0.415051111111,0.0708055555556,-0.0966944444444
31.74,4.88094708704,5.82789766111,1,1.57079632679,-0.306431666667,0.413118333333,0.0703611111111,-0.0965833333333
31.76,4.8748324963,5.83614071852,1,1.57079632679,-0.305028888889,0.411187777778,0.0699166666667,-0.0964722222222
31.78,4.86874587222,5.84434518704,1,1.57079632679,-0.303635,0.409259444444,0.0694722222222,-0.0963611111111
31.8,4.86268703704,5.85251111111,1,1.57079632679,-0.30225,0.407333333333,0.0690277777778,-0.09625
31.82,4.85665581296,5.86063853519,1,1.57079632679,-0.300873888889,0.405409444444,0.0685833333333,-0.0961388888889
31.84,4.85065202222,5.8687275037,1,1.57079632679,-0.299506666667,0.403487777778,0.0681388888889,-0.0960277777778
31.86,4.84467548704,5.87677806111,1,1.57079632679,-0.298148333333,0.401568333333,0.0676944444444,-0.0959166666667
31.88,4.83872602963,5.88479025185,1,1.57079632679,-0.296798888889,0.399651111111,0.06725,-0.0958055555556
31.9,4.83280347222,5.89276412037,1,1.57079632679,-0.295458333333,0.397736111111,0.0668055555556,-0.0956944444444
31.92,4.82690763704,5.90069971111,1,1.57079632679,-0.294126666667,0.395823333333,0.0663611111111,-0.0955833333333
31.94,4.8210383463,5.90859706852,1,1.57079632679,-0.292803888889,0.393912777778,0.0659166666667,-0.0954722222222
31.96,4.81519542222,5.91645623704,1,1.57079632679,-0.29149,0.392004444444,0.0654722222222,-0.0953611111111
31.98,4.80937868704,5.92427726111,1,1.57079632679,-0.290185,0.390098333333,0.0650277777778,-0.09525
32,4.80358796296,5.93206018519,1,1.57079632679,-0.288888888889,0.388194444444,0.0645833333333,-0.0951388888889
32.02,4.79782307222,5.9398050537,1,1.57079632679,-0.287601666667,0.386292777778,0.0641388888889,-0.0950277777778
32.04,4.79208383704,5.94751191111,1,1.57079632679,-0.286323333333,0.384393333333,0.0636944444444,-0.0949166666667
32.06,4.78637007963,5.95518080185,1,1.57079632679,-0.285053888889,0.382496111111,0.06325,-0.0948055555556
32.08,4.78068162222,5.96281177037,1,1.57079632679,-0.283793333333,0.380601111111,0.0628055555556,-0.0946944444444
32.1,4.77501828704,5.97040486111,1,1.57079632679,-0.282541666667,0.378708333333,0.0623611111111,-0.0945833333333
32.12,4.7693798963,5.97796011852,1,1.57079632679,-0.281298888889,0.376817777778,0.0619166666667,-0.0944722222222
32.14,4.76376627222,5.98547758704,1,1.57079632679,-0.280065,0.374929444444,0.0614722222222,-0.0943611111111
32.16,4.75817723704,5.99295731111,1,1.57079632679,-0.27884,0.373043333333,0.0610277777778,-0.09425
32.18,4.75261261296,6.00039933519,1,1.57079632679,-0.277623888889,0.371159444444,0.0605833333333,-0.0941388888889
32.2,4.74707222222,6.0078037037,1,1.57079632679,-0.276416666667,0.369277777778,0.0601388888889,-0.0940277777778
32.22,4.74155588704,6.01517046111,1,1.57079632679,-0.275218333333,0.367398333333,0.0596944444444,-0.0939166666667
32.24,4.73606342963,6.02249965185,1,1.57079632679,-0.274028888889,0.365521111111,0.05925,-0.0938055555556
32.26,4.73059467222,6.02979132037,1,1.57079632679,-0.272848333333,0.363646111111,0.0588055555556,-0.0936944444444
32.28,4.72514943704,6.03704551111,1,1.57079632679,-0.271676666667,0.361773333333,0.0583611111111,-0.0935833333333
32.3,4.7197275463,6.04426226852,1,1.57079632679,-0.270513888889,0.359902777778,0.0579166666667,-0.0934722222222
32.32,4.71432882222,6.05144163704,1,1.57079632679,-0.26936,0.358034444444,0.0574722222222,-0.0933611111111
32.34,4.70895308704,6.05858366111,1,1.57079632679,-0.268215,0.356168333333,0.0570277777778,-0.09325
32.36,4.70360016296,6.06568838519,1,1.57079632679,-0.267078888889,0.354304444444,0.0565833333333,-0.0931388888889
32.38,4.69826987222,6.0727558537,1,1.57079632679,-0.265951666667,0.352442777778,0.0561388888889,-0.0930277777778
32.4,4.69296203704,6.07978611111,1,1.57079632679,-0.264833333333,0.350583333333,0.0556944444444,-0.0929166666667
32.42,4.68767647963,6.08677920185,1,1.57079632679,-0.263723888889,0.348726111111,0.05525,-0.0928055555556
32.44,4.68241302222,6.09373517037,1,1.57079632679,-0.262623333333,0.346871111111,0.0548055555556,-0.0926944444444
32.46,4.67717148704,6.10065406111,1,1.57079632679,-0.261531666667,0.345018333333,0.0543611111111,-0.0925833333333
32.48,4.6719516963,6.10753591852,1,1.57079632679,-0.260448888889,0.343167777778,0.0539166666667,-0.0924722222222
32.5,4.66675347222,6.11438078704,1,1.57079632679,-0.259375,0.341319444444,0.0534722222222,-0.0923611111111
32.52,4.66157663704,6.12118871111,1,1.57079632679,-0.25831,0.339473333333,0.0530277777778,-0.09225
32.54,4.65642101296,6.12795973519,1,1.57079632679,-0.257253888889,0.337629444444,0.0525833333333,-0.0921388888889
32.56,4.65128642222,6.1346939037,1,1.57079632679,-0.256206666667,0.335787777778,0.0521388888889,-0.0920277777778
32.58,4.64617268704,6.14139126111,1,1.57079632679,-0.255168333333,0.333948333333,0.0516944444444,-0.0919166666667
32.6,4.64107962963,6.14805185185,1,1.57079632679,-0.254138888889,0.332111111111,0.05125,-0.0918055555556
32.62,4.63600707222,6.15467572037,1,1.57079632679,-0.253118333333,0.330276111111,0.0508055555556,-0.0916944444444
32.64,4.63095483704,6.16126291111,1,1.57079632679,-0.252106666667,0.328443333333,0.0503611111111,-0.0915833333333
32.66,4.6259227463,6.16781346852,1,1.57079632679,-0.251103888889,0.326612777778,0.0499166666667,-0.0914722222222
32.68,4.62091062222,6.17432743704,1,1.57079632679,-0.25011,0.324784444444,0.0494722222222,-0.0913611111111
32.7,4.61591828704,6.18080486111,1,1.57079632679,-0.249125,0.322958333333,0.0490277777778,-0.09125
32.72,4.61094556296,6.18724578519,1,1.57079632679,-0.248148888889,0.321134444444,0.0485833333333,-0.0911388888889
32.74,4.60599227222,6.1936502537,1,1.57079632679,-0.247181666667,0.319312777778,0.0481388888889,-0.0910277777778
32.76,4.60105823704,6.20001831111,1,1.57079632679,-0.246223333333,0.317493333333,0.0476944444444,-0.0909166666667
32.78,4.59614327963,6.20635000185,1,1.57079632679,-0.245273888889,0.315676111111,0.04725,-0.0908055555556
32.8,4.59124722222,6.21264537037,1,1.57079632679,-0.244333333333,0.313861111111,0.0468055555556,-0.0906944444444
32.82,4.58636988704,6.21890446111,1,1.57079632679,-0.243401666667,0.312048333333,0.0463611111111,-0.0905833333333
32.84,4.5815110963,6.22512731852,1,1.57079632679,-0.242478888889,0.310237777778,0.0459166666667,-0.0904722222222
32.86,4.57667067222,6.23131398704,1,1.57079632679,-0.241565,0.308429444444,0.0454722222222,-0.0903611111111
32.88,4.57184843704,6.23746451111,1,1.57079632679,-0.24066,0.306623333333,0.0450277777778,-0.09025
32.9,4.56704421296,6.24357893519,1,1.57079632679,-0.239763888889,0.304819444444,0.0445833333333,-0.0901388888889
32.92,4.56225782222,6.2496573037,1,1.57079632679,-0.238876666667,0.303017777778,0.0441388888889,-0.0900277777778
32.94,4.55748908704,6.25569966111,1,1.57079632679,-0.237998333333,0.301218333333,0.0436944444444,-0.0899166666667
32.96,4.55273782963,6.26170605185,1,1.57079632679,-0.237128888889,0.299421111111,0.04325,-0.0898055555556
32.98,4.54800387222,6.26767652037,1,1.57079632679,-0.236268333333,0.297626111111,0.0428055555556,-0.0896944444444
33,4.54328703704,6.27361111111,1,1.57079632679,-0.235416666667,0.295833333333,0.0423611111111,-0.0895833333333
33.02,4.5385871463,6.27950986852,1,1.57079632679,-0.234573888889,0.294042777778,0.0419166666667,-0.0894722222222
33.04,4.53390402222,6.28537283704,1,1.57079632679,-0.23374,0.292254444444,0.0414722222222,-0.0893611111111
33.06,4.52923748704,6.29120006111,1,1.57079632679,-0.232915,0.290468333333,0.0410277777778,-0.08925
33.08,4.52458736296,6.29699158519,1,1.57079632679,-0.232098888889,0.288684444444,0.0405833333333,-0.0891388888889
33.1,4.51995347222,6.3027474537,1,1.57079632679,-0.231291666667,0.286902777778,0.0401388888889,-0.0890277777778
33.12,4.51533563704,6.30846771111,1,1.57079632679,-0.230493333333,0.285123333333,0.0396944444444,-0.0889166666667
33.14,4.51073367963,6.31415240185,1,1.57079632679,-0.229703888889,0.283346111111,0.03925,-0.0888055555556
33.16,4.50614742222,6.31980157037,1,1.57079632679,-0.228923333333,0.281571111111,0.0388055555556,-0.0886944444444
33.18,4.50157668704,6.32541526111,1,1.57079632679,-0.228151666667,0.279798333333,0.0383611111111,-0.0885833333333
33.2,4.4970212963,6.33099351852,1,1.57079632679,-0.227388888889,0.278027777778,0.0379166666667,-0.0884722222222
33.22,4.49248107222,6.33653638704,1,1.57079632679,-0.226635,0.276259444444,0.0374722222222,-0.0883611111111
33.24,4.48795583704,6.34204391111,1,1.57079632679,-0.22589,0.274493333333,0.0370277777778,-0.08825
33.26,4.48344541296,6.34751613519,1,1.57079632679,-0.225153888889,0.272729444444,0.0365833333333,-0.0881388888889
33.28,4.47894962222,6.3529531037,1,1.57079632679,-0.224426666667,0.270967777778,0.0361388888889,-0.0880277777778
33.3,4.47446828704,6.35835486111,1,1.57079632679,-0.223708333333,0.269208333333,0.0356944444444,-0.0879166666667
33.32,4.47000122963,6.36372145185,1,1.57079632679,-0.222998888889,0.267451111111,0.03525,-0.0878055555556
33.34,4.46554827222,6.36905292037,1,1.57079632679,-0.222298333333,0.265696111111,0.0348055555556,-0.0876944444444
33.36,4.46110923704,6.37434931111,1,1.57079632679,-0.221606666667,0.263943333333,0.0343611111111,-0.0875833333333
33.38,4.4566839463,6.37961066852,1,1.57079632679,-0.220923888889,0.262192777778,0.0339166666667,-0.0874722222222
33.4,4.45227222222,6.38483703704,1,1.57079632679,-0.22025,0.260444444444,0.0334722222222,-0.0873611111111
33.42,4.44787388704,6.39002846111,1,1.57079632679,-0.219585,0.258698333333,0.0330277777778,-0.08725
33.44,4.44348876296,6.39518498519,1,1.57079632679,-0.218928888889,0.256954444444,0.0325833333333,-0.0871388888889
33.46,4.43911667222,6.4003066537,1,1.57079632679,-0.218281666667,0.255212777778,0.0321388888889,-0.0870277777778
33.48,4.43475743704,6.40539351111,1,1.57079632679,-0.217643333333,0.253473333333,0.0316944444444,-0.0869166666667
33.5,4.43041087963,6.41044560185,1,1.57079632679,-0.217013888889,0.251736111111,0.03125,-0.0868055555556
33.52,4.42607682222,6.41546297037,1,1.57079632679,-0.216393333333,0.250001111111,0.0308055555556,-0.0866944444444
33.54,4.42175508704,6.42044566111,1,1.57079632679,-0.215781666667,0.248268333333,0.0303611111111,-0.0865833333333
33.56,4.4174454963,6.42539371852,1,1.57079632679,-0.215178888889,0.246537777778,0.0299166666667,-0.0864722222222
33.58,4.41314787222,6.43030718704,1,1.57079632679,-0.214585,0.244809444444,0.0294722222222,-0.0863611111111
33.6,4.40886203704,6.43518611111,1,1.57079632679,-0.214,0.243083333333,0.0290277777778,-0.08625
33.62,4.40458781296,6.44003053519,1,1.57079632679,-0.213423888889,0.241359444444,0.0285833333333,-0.0861388888889
33.64,4.40032502222,6.4448405037,1,1.57079632679,-0.212856666667,0.239637777778,0.0281388888889,-0.0860277777778
33.66,4.39607348704,6.44961606111,1,1.57079632679,-0.212298333333,0.237918333333,0.0276944444444,-0.0859166666667
33.68,4.39183302963,6.45435725185,1,1.57079632679,-0.211748888889,0.236201111111,0.02725,-0.0858055555556
33.7,4.38760347222,6.45906412037,1,1.57079632679,-0.211208333333,0.234486111111,0.0268055555556,-0.0856944444444
33.72,4.38338463704,6.46373671111,1,1.57079632679,-0.210676666667,0.232773333333,0.0263611111111,-0.0855833333333
33.74,4.3791763463,6.46837506852,1,1.57079632679,-0.210153888889,0.231062777778,0.0259166666667,-0.0854722222222
33.76,4.37497842222,6.47297923704,1,1.57079632679,-0.20964,0.229354444444,0.0254722222222,-0.0853611111111
33.78,4.37079068704,6.47754926111,1,1.57079632679,-0.209135,0.227648333333,0.0250277777778,-0.08525
33.8,4.36661296296,6.48208518519,1,1.57079632679,-0.208638888889,0.225944444444,0.0245833333333,-0.0851388888889
33.82,4.36244507222,6.4865870537,1,1.57079632679,-0.208151666667,0.224242777778,0.0241388888889,-0.0850277777778
33.84,4.35828683704,6.49105491111,1,1.57079632679,-0.207673333333,0.222543333333,0.0236944444444,-0.0849166666667
33.86,4.35413807963,6.49548880185,1,1.57079632679,-0.207203888889,0.220846111111,0.02325,-0.0848055555556
33.88,4.34999862222,6.49988877037,1,1.57079632679,-0.206743333333,0.219151111111,0.0228055555556,-0.0846944444444
33.9,4.34586828704,6.50425486111,1,1.57079632679,-0.206291666667,0.217458333333,0.0223611111111,-0.0845833333333
33.92,4.3417468963,6.50858711852,1,1.57079632679,-0.205848888889,0.215767777778,0.0219166666667,-0.0844722222222
33.94,4.33763427222,6.51288558704,1,1.57079632679,-0.205415,0.214079444444,0.0214722222222,-0.0843611111111
33.96,4.33353023704,6.51715031111,1,1.57079632679,-0.20499,0.212393333333,0.0210277777778,-0.08425
33.98,4.32943461296,6.52138133519,1,1.57079632679,-0.204573888889,0.210709444444,0.0205833333333,-0.0841388888889
34,4.32534722222,6.5255787037,1,1.57079632679,-0.204166666667,0.209027777778,0.0201388888889,-0.0840277777778
34.02,4.32126788704,6.52974246111,1,1.57079632679,-0.203768333333,0.207348333333,0.0196944444444,-0.0839166666667
34.04,4.31719642963,6.53387265185,1,1.57079632679,-0.203378888889,0.205671111111,0.01925,-0.0838055555556
34.06,4.31313267222,6.53796932037,1,1.57079632679,-0.202998333333,0.203996111111,0.0188055555556,-0.0836944444444
34.08,4.30907643704,6.54203251111,1,1.57079632679,-0.202626666667,0.202323333333,0.0183611111111,-0.0835833333333
34.1,4.3050275463,6.54606226852,1,1.57079632679,-0.202263888889,0.200652777778,0.0179166666667,-0.0834722222222
34.12,4.30098582222,6.55005863704,1,1.57079632679,-0.20191,0.198984444444,0.0174722222222,-0.0833611111111
34.14,4.29695108704,6.55402166111,1,1.57079632679,-0.201565,0.197318333333,0.0170277777778,-0.08325
34.16,4.29292316296,6.55795138519,1,1.57079632679,-0.201228888889,0.195654444444,0.0165833333333,-0.0831388888889
34.18,4.28890187222,6.5618478537,1,1.57079632679,-0.200901666667,0.193992777778,0.0161388888889,-0.0830277777778
34.2,4.28488703704,6.56571111111,1,1.57079632679,-0.200583333333,0.192333333333,0.0156944444444,-0.0829166666667
34.22,4.28087847963,6.56954120185,1,1.57079632679,-0.200273888889,0.190676111111,0.01525,-0.0828055555556
34.24,4.27687602222,6.57333817037,1,1.57079632679,-0.199973333333,0.189021111111,0.0148055555556,-0.0826944444444
34.26,4.27287948704,6.57710206111,1,1.57079632679,-0.199681666667,0.187368333333,0.0143611111111,-0.0825833333333
34.28,4.2688886963,6.58083291852,1,1.57079632679,-0.199398888889,0.185717777778,0.0139166666667,-0.0824722222222
34.3,4.26490347222,6.58453078704,1,1.57079632679,-0.199125,0.184069444444,0.0134722222222,-0.0823611111111
34.32,4.26092363704,6.58819571111,1,1.57079632679,-0.19886,0.182423333333,0.0130277777778,-0.08225
34.34,4.25694901296,6.59182773519,1,1.57079632679,-0.198603888889,0.180779444444,0.0125833333333,-0.0821388888889
34.36,4.25297942222,6.5954269037,1,1.57079632679,-0.198356666667,0.179137777778,0.0121388888889,-0.0820277777778
34.38,4.24901468704,6.59899326111,1,1.57079632679,-0.198118333333,0.177498333333,0.0116944444444,-0.0819166666667
34.4,4.24505462963,6.60252685185,1,1.57079632679,-0.197888888889,0.175861111111,0.01125,-0.0818055555556
34.42,4.24109907222,6.60602772037,1,1.57079632679,-0.197668333333,0.174226111111,0.0108055555556,-0.0816944444444
34.44,4.23714783704,6.60949591111,1,1.57079632679,-0.197456666667,0.172593333333,0.0103611111111,-0.0815833333333
34.46,4.2332007463,6.61293146852,1,1.57079632679,-0.197253888889,0.170962777778,0.00991666666667,-0.0814722222222
34.48,4.22925762222,6.61633443704,1,1.57079632679,-0.19706,0.169334444444,0.00947222222222,-0.0813611111111
34.5,4.22531828704,6.61970486111,1,1.57079632679,-0.196875,0.167708333333,0.00902777777778,-0.08125
34.52,4.22138256296,6.62304278519,1,1.57079632679,-0.196698888889,0.166084444444,0.00858333333333,-0.0811388888889
34.54,4.21745027222,6.6263482537,1,1.57079632679,-0.196531666667,0.164462777778,0.00813888888889,-0.0810277777778
34.56,4.21352123704,6.62962131111,1,1.57079632679,-0.196373333333,0.162843333333,0.00769444444444,-0.0809166666667
34.58,4.20959527963,6.63286200185,1,1.57079632679,-0.196223888889,0.161226111111,0.00725,-0.0808055555556
34.6,4.20567222222,6.63607037037,1,1.57079632679,-0.196083333333,0.159611111111,0.00680555555556,-0.0806944444444
34.62,4.20175188704,6.63924646111,1,1.57079632679,-0.195951666667,0.157998333333,0.00636111111111,-0.0805833333333
34.64,4.1978340963,6.64239031852,1,1.57079632679,-0.195828888889,0.156387777778,0.00591666666667,-0.0804722222222
34.66,4.19391867222,6.64550198704,1,1.57079632679,-0.195715,0.154779444444,0.00547222222222,-0.0803611111111
34.68,4.19000543704,6.64858151111,1,1.57079632679,-0.19561,0.153173333333,0.00502777777778,-0.08025
34.7,4.18609421296,6.65162893519,1,1.57079632679,-0.195513888889,0.151569444444,0.00458333333333,-0.0801388888889
34.72,4.18218482222,6.6546443037,1,1.57079632679,-0.195426666667,0.149967777778,0.00413888888889,-0.0800277777778
34.74,4.17827708704,6.65762766111,1,1.57079632679,-0.195348333333,0.148368333333,0.00369444444444,-0.0799166666667
34.76,4.17437082963,6.66057905185,1,1.57079632679,-0.195278888889,0.146771111111,0.00325,-0.0798055555556
34.78,4.17046587222,6.66349852037,1,1.57079632679,-0.195218333333,0.145176111111,0.00280555555556,-0.0796944444444
34.8,4.16656203704,6.66638611111,1,1.57079632679,-0.195166666667,0.143583333333,0.00236111111111,-0.0795833333333
34.82,4.1626591463,6.66924186852,1,1.57079632679,-0.195123888889,0.141992777778,0.00191666666667,-0.0794722222222
34.84,4.15875702222,6.67206583704,1,1.57079632679,-0.19509,0.140404444444,0.00147222222222,-0.0793611111111
34.86,4.15485548704,6.67485806111,1,1.57079632679,-0.195065,0.138818333333,0.00102777777778,-0.07925
34.88,4.15095436296,6.67761858519,1,1.57079632679,-0.195048888889,0.137234444444,0.000583333333333,-0.0791388888889
34.9,4.14705347222,6.6803474537,1,1.57079632679,-0.195041666667,0.135652777778,0.000138888888889,-0.0790277777778
34.92,4.14315263704,6.68304471111,1,1.57079632679,-0.195043333333,0.134073333333,-0.000305555555556,-0.0789166666667
34.94,4.13925167963,6.68571040185,1,1.57079632679,-0.195053888889,0.132496111111,-0.00075,-0.0788055555556
34.96,4.13535042222,6.68834457037,1,1.57079632679,-0.195073333333,0.130921111111,-0.00119444444444,-0.0786944444444
34.98,4.13144868704,6.69094726111,1,1.57079632679,-0.195101666667,0.129348333333,-0.00163888888889,-0.0785833333333
35,4.1275462963,6.69351851852,1,1.57079632679,-0.195138888889,0.127777777778,-0.00208333333333,-0.0784722222222
35.02,4.12364307222,6.69605838704,1,1.57079632679,-0.195185,0.126209444444,-0.00252777777778,-0.0783611111111
35.04,4.11973883704,6.69856691111,1,1.57079632679,-0.19524,0.124643333333,-0.00297222222222,-0.07825
35.06,4.11583341296,6.70104413519,1,1.57079632679,-0.195303888889,0.123079444444,-0.00341666666667,-0.0781388888889
35.08,4.11192662222,6.7034901037,1,1.57079632679,-0.195376666667,0.121517777778,-0.00386111111111,-0.0780277777778
35.1,4.10801828704,6.70590486111,1,1.57079632679,-0.195458333333,0.119958333333,-0.00430555555556,-0.0779166666667
35.12,4.10410822963,6.70828845185,1,1.57079632679,-0.195548888889,0.118401111111,-0.00475,-0.0778055555556
35.14,4.10019627222,6.71064092037,1,1.57079632679,-0.195648333333,0.116846111111,-0.00519444444444,-0.0776944444444
35.16,4.09628223704,6.71296231111,1,1.57079632679,-0.195756666667,0.115293333333,-0.00563888888889,-0.0775833333333
35.18,4.0923659463,6.71525266852,1,1.57079632679,-0.195873888889,0.113742777778,-0.00608333333333,-0.0774722222222
35.2,4.08844722222,6.71751203704,1,1.57079632679,-0.196,0.112194444444,-0.00652777777778,-0.0773611111111
35.22,4.08452588704,6.71974046111,1,1.57079632679,-0.196135,0.110648333333,-0.00697222222222,-0.07725
35.24,4.08060176296,6.72193798519,1,1.57079632679,-0.196278888889,0.109104444444,-0.00741666666667,-0.0771388888889
35.26,4.07667467222,6.7241046537,1,1.57079632679,-0.196431666667,0.107562777778,-0.00786111111111,-0.0770277777778
35.28,4.07274443704,6.72624051111,1,1.57079632679,-0.196593333333,0.106023333333,-0.00830555555556,-0.0769166666667
35.3,4.06881087963,6.72834560185,1,1.57079632679,-0.196763888889,0.104486111111,-0.00875,-0.0768055555556
35.32,4.06487382222,6.73041997037,1,1.57079632679,-0.196943333333,0.102951111111,-0.00919444444444,-0.0766944444444
35.34,4.06093308704,6.73246366111,1,1.57079632679,-0.197131666667,0.101418333333,-0.00963888888889,-0.0765833333333
35.36,4.0569884963,6.73447671852,1,1.57079632679,-0.197328888889,0.0998877777778,-0.0100833333333,-0.0764722222222
35.38,4.05303987222,6.73645918704,1,1.57079632679,-0.197535,0.0983594444444,-0.0105277777778,-0.0763611111111
35.4,4.04908703704,6.73841111111,1,1.57079632679,-0.19775,0.0968333333333,-0.0109722222222,-0.07625
35.42,4.04512981296,6.74033253519,1,1.57079632679,-0.197973888889,0.0953094444444,-0.0114166666667,-0.0761388888889
35.44,4.04116802222,6.7422235037,1,1.57079632679,-0.198206666667,0.0937877777778,-0.0118611111111,-0.0760277777778
35.46,4.03720148704,6.74408406111,1,1.57079632679,-0.198448333333,0.0922683333333,-0.0123055555556,-0.0759166666667
35.48,4.03323002963,6.74591425185,1,1.57079632679,-0.198698888889,0.0907511111111,-0.01275,-0.0758055555556
35.5,4.02925347222,6.74771412037,1,1.57079632679,-0.198958333333,0.0892361111111,-0.0131944444444,-0.0756944444444
35.52,4.02527163704,6.74948371111,1,1.57079632679,-0.199226666667,0.0877233333333,-0.0136388888889,-0.0755833333333
35.54,4.0212843463,6.75122306852,1,1.57079632679,-0.199503888889,0.0862127777778,-0.0140833333333,-0.0754722222222
35.56,4.01729142222,6.75293223704,1,1.57079632679,-0.19979,0.0847044444444,-0.0145277777778,-0.0753611111111
35.58,4.01329268704,6.75461126111,1,1.57079632679,-0.200085,0.0831983333333,-0.0149722222222,-0.07525
35.6,4.00928796296,6.75626018519,1,1.57079632679,-0.200388888889,0.0816944444444,-0.0154166666667,-0.0751388888889
35.62,4.00527707222,6.7578790537,1,1.57079632679,-0.200701666667,0.0801927777778,-0.0158611111111,-0.0750277777778
35.64,4.00125983704,6.75946791111,1,1.57079632679,-0.201023333333,0.0786933333333,-0.0163055555556,-0.0749166666667
35.66,3.99723607963,6.76102680185,1,1.57079632679,-0.201353888889,0.0771961111111,-0.01675,-0.0748055555556
35.68,3.99320562222,6.76255577037,1,1.57079632679,-0.201693333333,0.0757011111111,-0.0171944444444,-0.0746944444444
35.7,3.98916828704,6.76405486111,1,1.57079632679,-0.202041666667,0.0742083333333,-0.0176388888889,-0.0745833333333
35.72,3.9851238963,6.76552411852,1,1.57079632679,-0.202398888889,0.0727177777778,-0.0180833333333,-0.0744722222222
35.74,3.98107227222,6.76696358704,1,1.57079632679,-0.202765,0.0712294444444,-0.0185277777778,-0.0743611111111
35.76,3.97701323704,6.76837331111,1,1.57079632679,-0.20314,0.0697433333333,-0.0189722222222,-0.07425
35.78,3.97294661296,6.76975333519,1,1.57079632679,-0.203523888889,0.0682594444444,-0.0194166666667,-0.0741388888889
35.8,3.96887222222,6.7711037037,1,1.57079632679,-0.203916666667,0.0667777777778,-0.0198611111111,-0.0740277777778
35.82,3.96478988704,6.77242446111,1,1.57079632679,-0.204318333333,0.0652983333333,-0.0203055555556,-0.0739166666667
35.84,3.96069942963,6.77371565185,1,1.57079632679,-0.204728888889,0.0638211111111,-0.02075,-0.0738055555556
35.86,3.95660067222,6.77497732037,1,1.57079632679,-0.205148333333,0.0623461111111,-0.0211944444444,-0.0736944444444
35.88,3.95249343704,6.77620951111,1,1.57079632679,-0.205576666667,0.0608733333333,-0.0216388888889,-0.0735833333333
35.9,3.9483775463,6.77741226852,1,1.57079632679,-0.206013888889,0.0594027777778,-0.0220833333333,-0.0734722222222
35.92,3.94425282222,6.77858563704,1,1.57079632679,-0.20646,0.0579344444444,-0.0225277777778,-0.0733611111111
35.94,3.94011908704,6.77972966111,1,1.57079632679,-0.206915,0.0564683333333,-0.0229722222222,-0.07325
35.96,3.93597616296,6.78084438519,1,1.57079632679,-0.207378888889,0.0550044444444,-0.0234166666667,-0.0731388888889
35.98,3.93182387222,6.7819298537,1,1.57079632679,-0.207851666667,0.0535427777778,-0.0238611111111,-0.0730277777778
36,3.92766203704,6.78298611111,1,1.57079632679,-0.208333333333,0.0520833333333,-0.0243055555556,-0.0729166666667
36.02,3.92349047963,6.78401320185,1,1.57079632679,-0.208823888889,0.0506261111111,-0.02475,-0.0728055555556
36.04,3.91930902222,6.78501117037,1,1.57079632679,-0.209323333333,0.0491711111111,-0.0251944444444,-0.0726944444444
36.06,3.91511748704,6.78598006111,1,1.57079632679,-0.209831666667,0.0477183333333,-0.0256388888889,-0.0725833333333
36.08,3.9109156963,6.78691991852,1,1.57079632679,-0.210348888889,0.0462677777778,-0.0260833333333,-0.0724722222222
36.1,3.90670347222,6.78783078704,1,1.57079632679,-0.210875,0.0448194444444,-0.0265277777778,-0.0723611111111
36.12,3.90248063704,6.78871271111,1,1.57079632679,-0.21141,0.0433733333333,-0.0269722222222,-0.07225
36.14,3.89824701296,6.78956573519,1,1.57079632679,-0.211953888889,0.0419294444444,-0.0274166666667,-0.0721388888889
36.16,3.89400242222,6.7903899037,1,1.57079632679,-0.212506666667,0.0404877777778,-0.0278611111111,-0.0720277777778
36.18,3.88974668704,6.79118526111,1,1.57079632679,-0.213068333333,0.0390483333333,-0.0283055555556,-0.0719166666667
36.2,3.88547962963,6.79195185185,1,1.57079632679,-0.213638888889,0.0376111111111,-0.02875,-0.0718055555556
36.22,3.88120107222,6.79268972037,1,1.57079632679,-0.214218333333,0.0361761111111,-0.0291944444444,-0.0716944444444
36.24,3.87691083704,6.79339891111,1,1.57079632679,-0.214806666667,0.0347433333333,-0.0296388888889,-0.0715833333333
36.26,3.8726087463,6.79407946852,1,1.57079632679,-0.215403888889,0.0333127777778,-0.0300833333333,-0.0714722222222
36.28,3.86829462222,6.79473143704,1,1.57079632679,-0.21601,0.0318844444444,-0.0305277777778,-0.0713611111111
36.3,3.86396828704,6.79535486111,1,1.57079632679,-0.216625,0.0304583333333,-0.0309722222222,-0.07125
36.32,3.85962956296,6.79594978519,1,1.57079632679,-0.217248888889,0.0290344444444,-0.0314166666667,-0.0711388888889
36.34,3.85527827222,6.7965162537,1,1.57079632679,-0.217881666667,0.0276127777778,-0.0318611111111,-0.0710277777778
36.36,3.85091423704,6.79705431111,1,1.57079632679,-0.218523333333,0.0261933333333,-0.0323055555556,-0.0709166666667
36.38,3.84653727963,6.79756400185,1,1.57079632679,-0.219173888889,0.0247761111111,-0.03275,-0.0708055555556
36.4,3.84214722222,6.79804537037,1,1.57079632679,-0.219833333333,0.0233611111111,-0.0331944444444,-0.0706944444444
36.42,3.83774388704,6.79849846111,1,1.57079632679,-0.220501666667,0.0219483333333,-0.0336388888889,-0.0705833333333
36.44,3.8333270963,6.79892331852,1,1.57079632679,-0.221178888889,0.0205377777778,-0.0340833333333,-0.0704722222222
36.46,3.82889667222,6.79931998704,1,1.57079632679,-0.221865,0.0191294444444,-0.0345277777778,-0.0703611111111
36.48,3.82445243704,6.79968851111,1,1.57079632679,-0.22256,0.0177233333333,-0.0349722222222,-0.07025
36.5,3.81999421296,6.80002893519,1,1.57079632679,-0.223263888889,0.0163194444444,-0.0354166666667,-0.0701388888889
36.52,3.81552182222,6.8003413037,1,1.57079632679,-0.223976666667,0.0149177777778,-0.0358611111111,-0.0700277777778
36.54,3.81103508704,6.80062566111,1,1.57079632679,-0.224698333333,0.0135183333333,-0.0363055555556,-0.0699166666667
36.56,3.80653382963,6.80088205185,1,1.57079632679,-0.225428888889,0.0121211111111,-0.03675,-0.0698055555556
36.58,3.80201787222,6.80111052037,1,1.57079632679,-0.226168333333,0.0107261111111,-0.0371944444444,-0.0696944444444
36.6,3.79748703704,6.80131111111,1,1.57079632679,-0.226916666667,0.00933333333333,-0.0376388888889,-0.0695833333333
36.62,3.7929411463,6.80148386852,1,1.57079632679,-0.227673888889,0.00794277777778,-0.0380833333333,-0.0694722222222
36.64,3.78838002222,6.80162883704,1,1.57079632679,-0.22844,0.00655444444444,-0.0385277777778,-0.0693611111111
36.66,3.78380348704,6.80174606111,1,1.57079632679,-0.229215,0.00516833333333,-0.0389722222222,-0.06925
36.68,3.77921136296,6.80183558519,1,1.57079632679,-0.229998888889,0.00378444444444,-0.0394166666667,-0.0691388888889
36.7,3.77460347222,6.8018974537,1,1.57079632679,-0.230791666667,0.00240277777778,-0.0398611111111,-0.0690277777778
36.72,3.76997963704,6.80193171111,1,1.57079632679,-0.231593333333,0.00102333333333,-0.0403055555556,-0.0689166666667
36.74,3.76533967963,6.80193840185,1,1.57079632679,-0.232403888889,-0.000353888888889,-0.04075,-0.0688055555556
36.76,3.76068342222,6.80191757037,1,1.57079632679,-0.233223333333,-0.00172888888889,-0.0411944444444,-0.0686944444444
36.78,3.75601068704,6.80186926111,1,1.57079632679,-0.234051666667,-0.00310166666667,-0.0416388888889,-0.0685833333333
36.8,3.7513212963,6.80179351852,1,1.57079632679,-0.234888888889,-0.00447222222222,-0.0420833333333,-0.0684722222222
36.82,3.74661507222,6.80169038704,1,1.57079632679,-0.235735,-0.00584055555556,-0.0425277777778,-0.0683611111111
36.84,3.74189183704,6.80155991111,1,1.57079632679,-0.23659,-0.00720666666667,-0.0429722222222,-0.06825
36.86,3.73715141296,6.80140213519,1,1.57079632679,-0.237453888889,-0.00857055555556,-0.0434166666667,-0.0681388888889
36.88,3.73239362222,6.8012171037,1,1.57079632679,-0.238326666667,-0.00993222222222,-0.0438611111111,-0.0680277777778
36.9,3.72761828704,6.80100486111,1,1.57079632679,-0.239208333333,-0.0112916666667,-0.0443055555556,-0.0679166666667
36.92,3.72282522963,6.80076545185,1,1.57079632679,-0.240098888889,-0.0126488888889,-0.04475,-0.0678055555556
36.94,3.71801427222,6.80049892037,1,1.57079632679,-0.240998333333,-0.0140038888889,-0.0451944444444,-0.0676944444444
36.96,3.71318523704,6.80020531111,1,1.57079632679,-0.241906666667,-0.0153566666667,-0.0456388888889,-0.0675833333333
36.98,3.7083379463,6.79988466852,1,1.57079632679,-0.242823888889,-0.0167072222222,-0.0460833333333,-0.0674722222222
37,3.70347222222,6.79953703704,1,1.57079632679,-0.24375,-0.0180555555556,-0.0465277777778,-0.0673611111111
37.02,3.69858788704,6.79916246111,1,1.57079632679,-0.244685,-0.0194016666667,-0.0469722222222,-0.06725
37.04,3.69368476296,6.79876098519,1,1.57079632679,-0.245628888889,-0.0207455555556,-0.0474166666667,-0.0671388888889
37.06,3.68876267222,6.7983326537,1,1.57079632679,-0.246581666667,-0.0220872222222,-0.0478611111111,-0.0670277777778
37.08,3.68382143704,6.79787751111,1,1.57079632679,-0.247543333333,-0.0234266666667,-0.0483055555556,-0.0669166666667
37.1,3.67886087963,6.79739560185,1,1.57079632679,-0.248513888889,-0.0247638888889,-0.04875,-0.0668055555556
37.12,3.67388082222,6.79688697037,1,1.57079632679,-0.249493333333,-0.0260988888889,-0.0491944444444,-0.0666944444444
37.14,3.66888108704,6.79635166111,1,1.57079632679,-0.250481666667,-0.0274316666667,-0.0496388888889,-0.0665833333333
37.16,3.6638614963,6.79578971852,1,1.57079632679,-0.251478888889,-0.0287622222222,-0.0500833333333,-0.0664722222222
37.18,3.65882187222,6.79520118704,1,1.57079632679,-0.252485,-0.0300905555556,-0.0505277777778,-0.0663611111111
37.2,3.65376203704,6.79458611111,1,1.57079632679,-0.2535,-0.0314166666667,-0.0509722222222,-0.06625
37.22,3.64868181296,6.79394453519,1,1.57079632679,-0.254523888889,-0.0327405555556,-0.0514166666667,-0.0661388888889
37.24,3.64358102222,6.7932765037,1,1.57079632679,-0.255556666667,-0.0340622222222,-0.0518611111111,-0.0660277777778
37.26,3.63845948704,6.79258206111,1,1.57079632679,-0.256598333333,-0.0353816666667,-0.0523055555556,-0.0659166666667
37.28,3.63331702963,6.79186125185,1,1.57079632679,-0.257648888889,-0.0366988888889,-0.05275,-0.0658055555556
37.3,3.62815347222,6.79111412037,1,1.57079632679,-0.258708333333,-0.0380138888889,-0.0531944444444,-0.0656944444444
37.32,3.62296863704,6.79034071111,1,1.57079632679,-0.259776666667,-0.0393266666667,-0.0536388888889,-0.0655833333333
37.34,3.6177623463,6.78954106852,1,1.57079632679,-0.260853888889,-0.0406372222222,-0.0540833333333,-0.0654722222222
37.36,3.61253442222,6.78871523704,1,1.57079632679,-0.26194,-0.0419455555556,-0.0545277777778,-0.0653611111111
37.38,3.60728468704,6.78786326111,1,1.57079632679,-0.263035,-0.0432516666667,-0.0549722222222,-0.06525
37.4,3.60201296296,6.78698518519,1,1.57079632679,-0.264138888889,-0.0445555555556,-0.0554166666667,-0.0651388888889
37.42,3.59671907222,6.7860810537,1,1.57079632679,-0.265251666667,-0.0458572222222,-0.0558611111111,-0.0650277777778
37.44,3.59140283704,6.78515091111,1,1.57079632679,-0.266373333333,-0.0471566666667,-0.0563055555556,-0.0649166666667
37.46,3.58606407963,6.78419480185,1,1.57079632679,-0.267503888889,-0.0484538888889,-0.05675,-0.0648055555556
37.48,3.58070262222,6.78321277037,1,1.57079632679,-0.268643333333,-0.0497488888889,-0.0571944444444,-0.0646944444444
37.5,3.57531828704,6.78220486111,1,1.57079632679,-0.269791666667,-0.0510416666667,-0.0576388888889,-0.0645833333333
37.52,3.5699108963,6.78117111852,1,1.57079632679,-0.270948888889,-0.0523322222222,-0.0580833333333,-0.0644722222222
37.54,3.56448027222,6.78011158704,1,1.57079632679,-0.272115,-0.0536205555556,-0.0585277777778,-0.0643611111111
37.56,3.55902623704,6.77902631111,1,1.57079632679,-0.27329,-0.0549066666667,-0.0589722222222,-0.06425
37.58,3.55354861296,6.77791533519,1,1.57079632679,-0.274473888889,-0.0561905555556,-0.0594166666667,-0.0641388888889
37.6,3.54804722222,6.7767787037,1,1.57079632679,-0.275666666667,-0.0574722222222,-0.0598611111111,-0.0640277777778
37.62,3.54252188704,6.77561646111,1,1.57079632679,-0.276868333333,-0.0587516666667,-0.0603055555556,-0.0639166666667
37.64,3.53697242963,6.77442865185,1,1.57079632679,-0.278078888889,-0.0600288888889,-0.06075,-0.0638055555556
37.66,3.53139867222,6.77321532037,1,1.57079632679,-0.279298333333,-0.0613038888889,-0.0611944444444,-0.0636944444444
37.68,3.52580043704,6.77197651111,1,1.57079632679,-0.280526666667,-0.0625766666667,-0.0616388888889,-0.0635833333333
37.7,3.5201775463,6.77071226852,1,1.57079632679,-0.281763888889,-0.0638472222222,-0.0620833333333,-0.0634722222222
37.72,3.51452982222,6.76942263704,1,1.57079632679,-0.28301,-0.0651155555556,-0.0625277777778,-0.0633611111111
37.74,3.50885708704,6.76810766111,1,1.57079632679,-0.284265,-0.0663816666667,-0.0629722222222,-0.06325
37.76,3.50315916296,6.76676738519,1,1.57079632679,-0.285528888889,-0.0676455555556,-0.0634166666667,-0.0631388888889
37.78,3.49743587222,6.7654018537,1,1.57079632679,-0.286801666667,-0.0689072222222,-0.0638611111111,-0.0630277777778
37.8,3.49168703704,6.76401111111,1,1.57079632679,-0.288083333333,-0.0701666666667,-0.0643055555556,-0.0629166666667
37.82,3.48591247963,6.76259520185,1,1.57079632679,-0.289373888889,-0.0714238888889,-0.06475,-0.0628055555556
37.84,3.48011202222,6.76115417037,1,1.57079632679,-0.290673333333,-0.0726788888889,-0.0651944444444,-0.0626944444444
37.86,3.47428548704,6.75968806111,1,1.57079632679,-0.291981666667,-0.0739316666667,-0.0656388888889,-0.0625833333333
37.88,3.4684326963,6.75819691852,1,1.57079632679,-0.293298888889,-0.0751822222222,-0.0660833333333,-0.0624722222222
37.9,3.46255347222,6.75668078704,1,1.57079632679,-0.294625,-0.0764305555556,-0.0665277777778,-0.0623611111111
37.92,3.45664763704,6.75513971111,1,1.57079632679,-0.29596,-0.0776766666667,-0.0669722222222,-0.06225
37.94,3.45071501296,6.75357373519,1,1.57079632679,-0.297303888889,-0.0789205555556,-0.0674166666667,-0.0621388888889
37.96,3.44475542222,6.7519829037,1,1.57079632679,-0.298656666667,-0.0801622222222,-0.0678611111111,-0.0620277777778
37.98,3.43876868704,6.75036726111,1,1.57079632679,-0.300018333333,-0.0814016666667,-0.0683055555556,-0.0619166666667
38,3.43275462963,6.74872685185,1,1.57079632679,-0.301388888889,-0.0826388888889,-0.06875,-0.0618055555556
38.02,3.42671307222,6.74706172037,1,1.57079632679,-0.302768333333,-0.0838738888889,-0.0691944444444,-0.0616944444444
38.04,3.42064383704,6.74537191111,1,1.57079632679,-0.304156666667,-0.0851066666667,-0.0696388888889,-0.0615833333333
38.06,3.4145467463,6.74365746852,1,1.57079632679,-0.305553888889,-0.0863372222222,-0.0700833333333,-0.0614722222222
38.08,3.40842162222,6.74191843704,1,1.57079632679,-0.30696,-0.0875655555556,-0.0705277777778,-0.0613611111111
38.1,3.40226828704,6.74015486111,1,1.57079632679,-0.308375,-0.0887916666667,-0.0709722222222,-0.06125
38.12,3.39608656296,6.73836678519,1,1.57079632679,-0.309798888889,-0.0900155555556,-0.0714166666667,-0.0611388888889
38.14,3.38987627222,6.7365542537,1,1.57079632679,-0.311231666667,-0.0912372222222,-0.0718611111111,-0.0610277777778
38.16,3.38363723704,6.73471731111,1,1.57079632679,-0.312673333333,-0.0924566666667,-0.0723055555556,-0.0609166666667
38.18,3.37736927963,6.73285600185,1,1.57079632679,-0.314123888889,-0.0936738888889,-0.07275,-0.0608055555556
38.2,3.37107222222,6.73097037037,1,1.57079632679,-0.315583333333,-0.0948888888889,-0.0731944444444,-0.0606944444444
38.22,3.36474588704,6.72906046111,1,1.57079632679,-0.317051666667,-0.0961016666667,-0.0736388888889,-0.0605833333333
38.24,3.3583900963,6.72712631852,1,1.57079632679,-0.318528888889,-0.0973122222222,-0.0740833333333,-0.0604722222222
38.26,3.35200467222,6.72516798704,1,1.57079632679,-0.320015,-0.0985205555556,-0.0745277777778,-0.0603611111111
38.28,3.34558943704,6.72318551111,1,1.57079632679,-0.32151,-0.0997266666667,-0.0749722222222,-0.06025
38.3,3.33914421296,6.72117893519,1,1.57079632679,-0.323013888889,-0.100930555556,-0.0754166666667,-0.0601388888889
38.32,3.33266882222,6.7191483037,1,1.57079632679,-0.324526666667,-0.102132222222,-0.0758611111111,-0.0600277777778
38.34,3.32616308704,6.71709366111,1,1.57079632679,-0.326048333333,-0.103331666667,-0.0763055555556,-0.0599166666667
38.36,3.31962682963,6.71501505185,1,1.57079632679,-0.327578888889,-0.104528888889,-0.07675,-0.0598055555556
38.38,3.31305987222,6.71291252037,1,1.57079632679,-0.329118333333,-0.105723888889,-0.0771944444444,-0.0596944444444
38.4,3.30646203704,6.71078611111,1,1.57079632679,-0.330666666667,-0.106916666667,-0.0776388888889,-0.0595833333333
38.42,3.2998331463,6.70863586852,1,1.57079632679,-0.332223888889,-0.108107222222,-0.0780833333333,-0.0594722222222
38.44,3.29317302222,6.70646183704,1,1.57079632679,-0.33379,-0.109295555556,-0.0785277777778,-0.0593611111111
38.46,3.28648148704,6.70426406111,1,1.57079632679,-0.335365,-0.110481666667,-0.0789722222222,-0.05925
38.48,3.27975836296,6.70204258519,1,1.57079632679,-0.336948888889,-0.111665555556,-0.0794166666667,-0.0591388888889
38.5,3.27300347222,6.6997974537,1,1.57079632679,-0.338541666667,-0.112847222222,-0.0798611111111,-0.0590277777778
38.52,3.26621663704,6.69752871111,1,1.57079632679,-0.340143333333,-0.114026666667,-0.0803055555556,-0.0589166666667
38.54,3.25939767963,6.69523640185,1,1.57079632679,-0.341753888889,-0.115203888889,-0.08075,-0.0588055555556
38.56,3.25254642222,6.69292057037,1,1.57079632679,-0.343373333333,-0.116378888889,-0.0811944444444,-0.0586944444444
38.58,3.24566268704,6.69058126111,1,1.57079632679,-0.345001666667,-0.117551666667,-0.0816388888889,-0.0585833333333
38.6,3.2387462963,6.68821851852,1,1.57079632679,-0.346638888889,-0.118722222222,-0.0820833333333,-0.0584722222222
38.62,3.23179707222,6.68583238704,1,1.57079632679,-0.348285,-0.119890555556,-0.0825277777778,-0.0583611111111
38.64,3.22481483704,6.68342291111,1,1.57079632679,-0.34994,-0.121056666667,-0.0829722222222,-0.05825
38.66,3.21779941296,6.68099013519,1,1.57079632679,-0.351603888889,-0.122220555556,-0.0834166666667,-0.0581388888889
38.68,3.21075062222,6.6785341037,1,1.57079632679,-0.353276666667,-0.123382222222,-0.0838611111111,-0.0580277777778
38.7,3.20366828704,6.67605486111,1,1.57079632679,-0.354958333333,-0.124541666667,-0.0843055555556,-0.0579166666667
38.72,3.19655222963,6.67355245185,1,1.57079632679,-0.356648888889,-0.125698888889,-0.08475,-0.0578055555556
38.74,3.18940227222,6.67102692037,1,1.57079632679,-0.358348333333,-0.126853888889,-0.0851944444444,-0.0576944444444
38.76,3.18221823704,6.66847831111,1,1.57079632679,-0.360056666667,-0.128006666667,-0.0856388888889,-0.0575833333333
38.78,3.1749999463,6.66590666852,1,1.57079632679,-0.361773888889,-0.129157222222,-0.0860833333333,-0.0574722222222
38.8,3.16774722222,6.66331203704,1,1.57079632679,-0.3635,-0.130305555556,-0.0865277777778,-0.0573611111111
38.82,3.16045988704,6.66069446111,1,1.57079632679,-0.365235,-0.131451666667,-0.0869722222222,-0.05725
38.84,3.15313776296,6.65805398519,1,1.57079632679,-0.366978888889,-0.132595555556,-0.0874166666667,-0.0571388888889
38.86,3.14578067222,6.6553906537,1,1.57079632679,-0.368731666667,-0.133737222222,-0.0878611111111,-0.0570277777778
38.88,3.13838843704,6.65270451111,1,1.57079632679,-0.370493333333,-0.134876666667,-0.0883055555556,-0.0569166666667
38.9,3.13096087963,6.64999560185,1,1.57079632679,-0.372263888889,-0.136013888889,-0.08875,-0.0568055555556
38.92,3.12349782222,6.64726397037,1,1.57079632679,-0.374043333333,-0.137148888889,-0.0891944444444,-0.0566944444444
38.94,3.11599908704,6.64450966111,1,1.57079632679,-0.375831666667,-0.138281666667,-0.0896388888889,-0.0565833333333
38.96,3.1084644963,6.64173271852,1,1.57079632679,-0.377628888889,-0.139412222222,-0.0900833333333,-0.0564722222222
38.98,3.10089387222,6.63893318704,1,1.57079632679,-0.379435,-0.140540555556,-0.0905277777778,-0.0563611111111
39,3.09328703704,6.63611111111,1,1.57079632679,-0.38125,-0.141666666667,-0.0909722222222,-0.05625
39.02,3.08564381296,6.63326653519,1,1.57079632679,-0.383073888889,-0.142790555556,-0.0914166666667,-0.0561388888889
39.04,3.07796402222,6.6303995037,1,1.57079632679,-0.384906666667,-0.143912222222,-0.0918611111111,-0.0560277777778
39.06,3.07024748704,6.62751006111,1,1.57079632679,-0.386748333333,-0.145031666667,-0.0923055555556,-0.0559166666667
39.08,3.06249402963,6.62459825185,1,1.57079632679,-0.388598888889,-0.146148888889,-0.09275,-0.0558055555556
39.1,3.05470347222,6.62166412037,1,1.57079632679,-0.390458333333,-0.147263888889,-0.0931944444444,-0.0556944444444
39.12,3.04687563704,6.61870771111,1,1.57079632679,-0.392326666667,-0.148376666667,-0.0936388888889,-0.0555833333333
39.14,3.0390103463,6.61572906852,1,1.57079632679,-0.394203888889,-0.149487222222,-0.0940833333333,-0.0554722222222
39.16,3.03110742222,6.61272823704,1,1.57079632679,-0.39609,-0.150595555556,-0.0945277777778,-0.0553611111111
39.18,3.02316668704,6.60970526111,1,1.57079632679,-0.397985,-0.151701666667,-0.0949722222222,-0.05525
39.2,3.01518796296,6.60666018519,1,1.57079632679,-0.399888888889,-0.152805555556,-0.0954166666667,-0.0551388888889
39.22,3.00717107222,6.6035930537,1,1.57079632679,-0.401801666667,-0.153907222222,-0.0958611111111,-0.0550277777778
39.24,2.99911583704,6.60050391111,1,1.57079632679,-0.403723333333,-0.155006666667,-0.0963055555556,-0.0549166666667
39.26,2.99102207963,6.59739280185,1,1.57079632679,-0.405653888889,-0.156103888889,-0.09675,-0.0548055555556
39.28,2.98288962222,6.59425977037,1,1.57079632679,-0.407593333333,-0.157198888889,-0.0971944444444,-0.0546944444444
39.3,2.97471828704,6.59110486111,1,1.57079632679,-0.409541666667,-0.158291666667,-0.0976388888889,-0.0545833333333
39.32,2.9665078963,6.58792811852,1,1.57079632679,-0.411498888889,-0.159382222222,-0.0980833333333,-0.0544722222222
39.34,2.95825827222,6.58472958704,1,1.57079632679,-0.413465,-0.160470555556,-0.0985277777778,-0.0543611111111
39.36,2.94996923704,6.58150931111,1,1.57079632679,-0.41544,-0.161556666667,-0.0989722222222,-0.05425
39.38,2.94164061296,6.57826733519,1,1.57079632679,-0.417423888889,-0.162640555556,-0.0994166666667,-0.0541388888889
39.4,2.93327222222,6.5750037037,1,1.57079632679,-0.419416666667,-0.163722222222,-0.0998611111111,-0.0540277777778
39.42,2.92486388704,6.57171846111,1,1.57079632679,-0.421418333333,-0.164801666667,-0.100305555556,-0.0539166666667
39.44,2.91641542963,6.56841165185,1,1.57079632679,-0.423428888889,-0.165878888889,-0.10075,-0.0538055555556
39.46,2.90792667222,6.56508332037,1,1.57079632679,-0.425448333333,-0.166953888889,-0.101194444444,-0.0536944444444
39.48,2.89939743704,6.56173351111,1,1.57079632679,-0.427476666667,-0.168026666667,-0.101638888889,-0.0535833333333
39.5,2.8908275463,6.55836226852,1,1.57079632679,-0.429513888889,-0.169097222222,-0.102083333333,-0.0534722222222
39.52,2.88221682222,6.55496963704,1,1.57079632679,-0.43156,-0.170165555556,-0.102527777778,-0.0533611111111
39.54,2.87356508704,6.55155566111,1,1.57079632679,-0.433615,-0.171231666667,-0.102972222222,-0.05325
39.56,2.86487216296,6.54812038519,1,1.57079632679,-0.435678888889,-0.172295555556,-0.103416666667,-0.0531388888889
39.58,2.85613787222,6.5446638537,1,1.57079632679,-0.437751666667,-0.173357222222,-0.103861111111,-0.0530277777778
39.6,2.84736203704,6.54118611111,1,1.57079632679,-0.439833333333,-0.174416666667,-0.104305555556,-0.0529166666667
39.62,2.83854447963,6.53768720185,1,1.57079632679,-0.441923888889,-0.175473888889,-0.10475,-0.0528055555556
39.64,2.82968502222,6.53416717037,1,1.57079632679,-0.444023333333,-0.176528888889,-0.105194444444,-0.0526944444444
39.66,2.82078348704,6.53062606111,1,1.57079632679,-0.446131666667,-0.177581666667,-0.105638888889,-0.0525833333333
39.68,2.8118396963,6.52706391852,1,1.57079632679,-0.448248888889,-0.178632222222,-0.106083333333,-0.0524722222222
39.7,2.80285347222,6.52348078704,1,1.57079632679,-0.450375,-0.179680555556,-0.106527777778,-0.0523611111111
39.72,2.79382463704,6.51987671111,1,1.57079632679,-0.45251,-0.180726666667,-0.106972222222,-0.05225
39.74,2.78475301296,6.51625173519,1,1.57079632679,-0.454653888889,-0.181770555556,-0.107416666667,-0.0521388888889
39.76,2.77563842222,6.5126059037,1,1.57079632679,-0.456806666667,-0.182812222222,-0.107861111111,-0.0520277777778
39.78,2.76648068704,6.50893926111,1,1.57079632679,-0.458968333333,-0.183851666667,-0.108305555556,-0.0519166666667
39.8,2.75727962963,6.50525185185,1,1.57079632679,-0.461138888889,-0.184888888889,-0.10875,-0.0518055555556
39.82,2.74803507222,6.50154372037,1,1.57079632679,-0.463318333333,-0.185923888889,-0.109194444444,-0.0516944444444
39.84,2.73874683704,6.49781491111,1,1.57079632679,-0.465506666667,-0.186956666667,-0.109638888889,-0.0515833333333
39.86,2.7294147463,6.49406546852,1,1.57079632679,-0.467703888889,-0.187987222222,-0.110083333333,-0.0514722222222
39.88,2.72003862222,6.49029543704,1,1.57079632679,-0.46991,-0.189015555556,-0.110527777778,-0.0513611111111
39.9,2.71061828704,6.48650486111,1,1.57079632679,-0.472125,-0.190041666667,-0.110972222222,-0.05125
39.92,2.70115356296,6.48269378519,1,1.57079632679,-0.474348888889,-0.191065555556,-0.111416666667,-0.0511388888889
39.94,2.69164427222,6.4788622537,1,1.57079632679,-0.476581666667,-0.192087222222,-0.111861111111,-0.0510277777778
39.96,2.68209023704,6.47501031111,1,1.57079632679,-0.478823333333,-0.193106666667,-0.112305555556,-0.0509166666667
39.98,2.67249127963,6.47113800185,1,1.57079632679,-0.481073888889,-0.194123888889,-0.11275,-0.0508055555556
40,2.66284722222,6.46724537037,1,1.57079632679,-0.483333333333,-0.195138888889,-0.113194444444,-0.0506944444444
40.02,2.65315788704,6.46333246111,1,1.57079632679,-0.485601666667,-0.196151666667,-0.113638888889,-0.0505833333333
40.04,2.6434230963,6.45939931852,1,1.57079632679,-0.487878888889,-0.197162222222,-0.114083333333,-0.0504722222222
40.06,2.63364267222,6.45544598704,1,1.57079632679,-0.490165,-0.198170555556,-0.114527777778,-0.0503611111111
40.08,2.62381643704,6.45147251111,1,1.57079632679,-0.49246,-0.199176666667,-0.114972222222,-0.05025
40.1,2.61394421296,6.44747893519,1,1.57079632679,-0.494763888889,-0.200180555556,-0.115416666667,-0.0501388888889
40.12,2.60402582222,6.4434653037,1,1.57079632679,-0.497076666667,-0.201182222222,-0.115861111111,-0.0500277777778
40.14,2.59406108704,6.43943166111,1,1.57079632679,-0.499398333333,-0.202181666667,-0.116305555556,-0.0499166666667
40.16,2.58404982963,6.43537805185,1,1.57079632679,-0.501728888889,-0.203178888889,-0.11675,-0.0498055555556
40.18,2.57399187222,6.43130452037,1,1.57079632679,-0.504068333333,-0.204173888889,-0.117194444444,-0.0496944444444
40.2,2.56388703704,6.42721111111,1,1.57079632679,-0.506416666667,-0.205166666667,-0.117638888889,-0.0495833333333
40.22,2.5537351463,6.42309786852,1,1.57079632679,-0.508773888889,-0.206157222222,-0.118083333333,-0.0494722222222
40.24,2.54353602222,6.41896483704,1,1.57079632679,-0.51114,-0.207145555556,-0.118527777778,-0.0493611111111
40.26,2.53328948704,6.41481206111,1,1.57079632679,-0.513515,-0.208131666667,-0.118972222222,-0.04925
40.28,2.52299536296,6.41063958519,1,1.57079632679,-0.515898888889,-0.209115555556,-0.119416666667,-0.0491388888889
40.3,2.51265347222,6.4064474537,1,1.57079632679,-0.518291666667,-0.210097222222,-0.119861111111,-0.0490277777778
40.32,2.50226363704,6.40223571111,1,1.57079632679,-0.520693333333,-0.211076666667,-0.120305555556,-0.0489166666667
40.34,2.49182567963,6.39800440185,1,1.57079632679,-0.523103888889,-0.212053888889,-0.12075,-0.0488055555556
40.36,2.48133942222,6.39375357037,1,1.57079632679,-0.525523333333,-0.213028888889,-0.121194444444,-0.0486944444444
40.38,2.47080468704,6.38948326111,1,1.57079632679,-0.527951666667,-0.214001666667,-0.121638888889,-0.0485833333333
40.4,2.4602212963,6.38519351852,1,1.57079632679,-0.530388888889,-0.214972222222,-0.122083333333,-0.0484722222222
40.42,2.44958907222,6.38088438704,1,1.57079632679,-0.532835,-0.215940555556,-0.122527777778,-0.0483611111111
40.44,2.43890783704,6.37655591111,1,1.57079632679,-0.53529,-0.216906666667,-0.122972222222,-0.04825
40.46,2.42817741296,6.37220813519,1,1.57079632679,-0.537753888889,-0.217870555556,-0.123416666667,-0.0481388888889
40.48,2.41739762222,6.3678411037,1,1.57079632679,-0.540226666667,-0.218832222222,-0.123861111111,-0.0480277777778
40.5,2.40656828704,6.36345486111,1,1.57079632679,-0.542708333333,-0.219791666667,-0.124305555556,-0.0479166666667
40.52,2.39568922963,6.35904945185,1,1.57079632679,-0.545198888889,-0.220748888889,-0.12475,-0.0478055555556
40.54,2.38476027222,6.35462492037,1,1.57079632679,-0.547698333333,-0.221703888889,-0.125194444444,-0.0476944444444
40.56,2.37378123704,6.35018131111,1,1.57079632679,-0.550206666667,-0.222656666667,-0.125638888889,-0.0475833333333
40.58,2.3627519463,6.34571866852,1,1.57079632679,-0.552723888889,-0.223607222222,-0.126083333333,-0.0474722222222
40.6,2.35167222222,6.34123703704,1,1.57079632679,-0.55525,-0.224555555556,-0.126527777778,-0.0473611111111
40.62,2.34054188704,6.33673646111,1,1.57079632679,-0.557785,-0.225501666667,-0.126972222222,-0.04725
40.64,2.32936076296,6.33221698519,1,1.57079632679,-0.560328888889,-0.226445555556,-0.127416666667,-0.0471388888889
40.66,2.31812867222,6.3276786537,1,1.57079632679,-0.562881666667,-0.227387222222,-0.127861111111,-0.0470277777778
40.68,2.30684543704,6.32312151111,1,1.57079632679,-0.565443333333,-0.228326666667,-0.128305555556,-0.0469166666667
40.7,2.29551087963,6.31854560185,1,1.57079632679,-0.568013888889,-0.229263888889,-0.12875,-0.0468055555556
40.72,2.28412482222,6.31395097037,1,1.57079632679,-0.570593333333,-0.230198888889,-0.129194444444,-0.0466944444444
40.74,2.27268708704,6.30933766111,1,1.57079632679,-0.573181666667,-0.231131666667,-0.129638888889,-0.0465833333333
40.76,2.2611974963,6.30470571852,1,1.57079632679,-0.575778888889,-0.232062222222,-0.130083333333,-0.0464722222222
40.78,2.24965587222,6.30005518704,1,1.57079632679,-0.578385,-0.232990555556,-0.130527777778,-0.0463611111111
40.8,2.23806203704,6.29538611111,1,1.57079632679,-0.581,-0.233916666667,-0.130972222222,-0.04625
40.82,2.22641581296,6.29069853519,1,1.57079632679,-0.583623888889,-0.234840555556,-0.131416666667,-0.0461388888889
40.84,2.21471702222,6.2859925037,1,1.57079632679,-0.586256666667,-0.235762222222,-0.131861111111,-0.0460277777778
40.86,2.20296548704,6.28126806111,1,1.57079632679,-0.588898333333,-0.236681666667,-0.132305555556,-0.0459166666667
40.88,2.19116102963,6.27652525185,1,1.57079632679,-0.591548888889,-0.237598888889,-0.13275,-0.0458055555556
40.9,2.17930347222,6.27176412037,1,1.57079632679,-0.594208333333,-0.238513888889,-0.133194444444,-0.0456944444444
40.92,2.16739263704,6.26698471111,1,1.57079632679,-0.596876666667,-0.239426666667,-0.133638888889,-0.0455833333333
40.94,2.1554283463,6.26218706852,1,1.57079632679,-0.599553888889,-0.240337222222,-0.134083333333,-0.0454722222222
40.96,2.14341042222,6.25737123704,1,1.57079632679,-0.60224,-0.241245555556,-0.134527777778,-0.0453611111111
40.98,2.13133868704,6.25253726111,1,1.57079632679,-0.604935,-0.242151666667,-0.134972222222,-0.04525
41,2.11921296296,6.24768518519,1,1.57079632679,-0.607638888889,-0.243055555556,-0.0347222222222,-0.0138888888889
41.02,2.10705328704,6.24282131481,1,1.57079632679,-0.608326388889,-0.243330555556,-0.0340277777778,-0.0136111111111
41.04,2.09488,6.237952,1,1.57079632679,-0.609,-0.2436,-0.0333333333333,-0.0133333333333
41.06,2.08269337963,6.23307735185,1,1.57079632679,-0.609659722222,-0.243863888889,-0.0326388888889,-0.0130555555556
41.08,2.0704937037,6.22819748148,1,1.57079632679,-0.610305555556,-0.244122222222,-0.0319444444444,-0.0127777777778
41.1,2.05828125,6.2233125,1,1.57079632679,-0.6109375,-0.244375,-0.03125,-0.0125
41.12,2.0460562963,6.21842251852,1,1.57079632679,-0.611555555556,-0.244622222222,-0.0305555555556,-0.0122222222222
41.14,2.03381912037,6.21352764815,1,1.57079632679,-0.612159722222,-0.244863888889,-0.0298611111111,-0.0119444444444
41.16,2.02157,6.208628,1,1.57079632679,-0.61275,-0.2451,-0.0291666666667,-0.0116666666667
41.18,2.00930921296,6.20372368519,1,1.57079632679,-0.613326388889,-0.245330555556,-0.0284722222222,-0.0113888888889
41.2,1.99703703704,6.19881481481,1,1.57079632679,-0.613888888889,-0.245555555556,-0.0277777777778,-0.0111111111111
41.22,1.98475375,6.1939015,1,1.57079632679,-0.6144375,-0.245775,-0.0270833333333,-0.0108333333333
41.24,1.97245962963,6.18898385185,1,1.57079632679,-0.614972222222,-0.245988888889,-0.0263888888889,-0.0105555555556
41.26,1.9601549537,6.18406198148,1,1.57079632679,-0.615493055556,-0.246197222222,-0.0256944444444,-0.0102777777778
41.28,1.94784,6.179136,1,1.57079632679,-0.616,-0.2464,-0.025,-0.01
41.3,1.9355150463,6.17420601852,1,1.57079632679,-0.616493055556,-0.246597222222,-0.0243055555556,-0.00972222222222
41.32,1.92318037037,6.16927214815,1,1.57079632679,-0.616972222222,-0.246788888889,-0.0236111111111,-0.00944444444445
41.34,1.91083625,6.1643345,1,1.57079632679,-0.6174375,-0.246975,-0.0229166666667,-0.00916666666667
41.36,1.89848296296,6.15939318519,1,1.57079632679,-0.617888888889,-0.247155555556,-0.0222222222222,-0.00888888888889
41.38,1.88612078704,6.15444831481,1,1.57079632679,-0.618326388889,-0.247330555556,-0.0215277777778,-0.00861111111111
41.4,1.87375,6.1495,1,1.57079632679,-0.61875,-0.2475,-0.0208333333333,-0.00833333333333
41.42,1.86137087963,6.14454835185,1,1.57079632679,-0.619159722222,-0.247663888889,-0.0201388888889,-0.00805555555556
41.44,1.8489837037,6.13959348148,1,1.57079632679,-0.619555555556,-0.247822222222,-0.0194444444444,-0.00777777777778
41.46,1.83658875,6.1346355,1,1.57079632679,-0.6199375,-0.247975,-0.01875,-0.0075
41.48,1.8241862963,6.12967451852,1,1.57079632679,-0.620305555556,-0.248122222222,-0.0180555555556,-0.00722222222222
41.5,1.81177662037,6.12471064815,1,1.57079632679,-0.620659722222,-0.248263888889,-0.0173611111111,-0.00694444444445
41.52,1.79936,6.119744,1,1.57079632679,-0.621,-0.2484,-0.0166666666667,-0.00666666666667
41.54,1.78693671296,6.11477468519,1,1.57079632679,-0.621326388889,-0.248530555556,-0.0159722222222,-0.00638888888889
41.56,1.77450703704,6.10980281481,1,1.57079632679,-0.621638888889,-0.248655555556,-0.0152777777778,-0.00611111111111
41.58,1.76207125,6.1048285,1,1.57079632679,-0.6219375,-0.248775,-0.0145833333333,-0.00583333333333
41.6,1.74962962963,6.09985185185,1,1.57079632679,-0.622222222222,-0.248888888889,-0.0138888888889,-0.00555555555556
41.62,1.7371824537,6.09487298148,1,1.57079632679,-0.622493055556,-0.248997222222,-0.0131944444444,-0.00527777777778
41.64,1.72473,6.089892,1,1.57079632679,-0.62275,-0.2491,-0.0125,-0.005
41.66,1.7122725463,6.08490901852,1,1.57079632679,-0.622993055556,-0.249197222222,-0.0118055555556,-0.00472222222222
41.68,1.69981037037,6.07992414815,1,1.57079632679,-0.623222222222,-0.249288888889,-0.0111111111111,-0.00444444444444
41.7,1.68734375,6.0749375,1,1.57079632679,-0.6234375,-0.249375,-0.0104166666667,-0.00416666666667
41.72,1.67487296296,6.06994918519,1,1.57079632679,-0.623638888889,-0.249455555556,-0.00972222222222,-0.00388888888889
41.74,1.66239828704,6.06495931481,1,1.57079632679,-0.623826388889,-0.249530555556,-0.00902777777778,-0.00361111111111
41.76,1.64992,6.059968,1,1.57079632679,-0.624,-0.2496,-0.00833333333333,-0.00333333333333
41.78,1.63743837963,6.05497535185,1,1.57079632679,-0.624159722222,-0.249663888889,-0.00763888888889,-0.00305555555556
41.8,1.6249537037,6.04998148148,1,1.57079632679,-0.624305555556,-0.249722222222,-0.00694444444444,-0.00277777777778
41.82,1.61246625,6.0449865,1,1.57079632679,-0.6244375,-0.249775,-0.00625,-0.0025
41.84,1.5999762963,6.03999051852,1,1.57079632679,-0.624555555556,-0.249822222222,-0.00555555555556,-0.00222222222222
41.86,1.58748412037,6.03499364815,1,1.57079632679,-0.624659722222,-0.249863888889,-0.00486111111111,-0.00194444444444
41.88,1.57499,6.029996,1,1.57079632679,-0.62475,-0.2499,-0.00416666666667,-0.00166666666667
41.9,1.56249421296,6.02499768519,1,1.57079632679,-0.624826388889,-0.249930555556,-0.00347222222222,-0.00138888888889
41.92,1.54999703704,6.01999881481,1,1.57079632679,-0.624888888889,-0.249955555556,-0.00277777777778,-0.00111111111111
41.94,1.53749875,6.0149995,1,1.57079632679,-0.6249375,-0.249975,-0.00208333333333,-0.000833333333333
41.96,1.52499962963,6.00999985185,1,1.57079632679,-0.624972222222,-0.249988888889,-0.00138888888889,-0.000555555555556
41.98,1.5124999537,6.00499998148,1,1.57079632679,-0.624993055556,-0.249997222222,-0.000694444444444,-0.000277777777778
42,1.5,6,1,1.57079632679,-0.625,-0.25,2.22044604925e-16,-5.55111512313e-17
42.02,1.4875000463,5.99500001852,1,1.57079632679,-0.624993055556,-0.249997222222,0.000694444444445,0.000277777777778
42.04,1.47500037037,5.99000014815,1,1.57079632679,-0.624972222222,-0.249988888889,0.00138888888889,0.000555555555556
42.06,1.46250125,5.9850005,1,1.57079632679,-0.6249375,-0.249975,0.00208333333333,0.000833333333333
42.08,1.45000296296,5.98000118519,1,1.57079632679,-0.624888888889,-0.249955555556,0.00277777777778,0.00111111111111
42.1,1.43750578704,5.97500231481,1,1.57079632679,-0.624826388889,-0.249930555556,0.00347222222222,0.00138888888889
42.12,1.42501,5.970004,1,1.57079632679,-0.62475,-0.2499,0.00416666666667,0.00166666666667
42.14,1.41251587963,5.96500635185,1,1.57079632679,-0.624659722222,-0.249863888889,0.00486111111111,0.00194444444444
42.16,1.4000237037,5.96000948148,1,1.57079632679,-0.624555555556,-0.249822222222,0.00555555555556,0.00222222222222
42.18,1.38753375,5.9550135,1,1.57079632679,-0.6244375,-0.249775,0.00625,0.0025
42.2,1.3750462963,5.95001851852,1,1.57079632679,-0.624305555556,-0.249722222222,0.00694444444444,0.00277777777778
42.22,1.36256162037,5.94502464815,1,1.57079632679,-0.624159722222,-0.249663888889,0.00763888888889,0.00305555555556
42.24,1.35008,5.940032,1,1.57079632679,-0.624,-0.2496,0.00833333333333,0.00333333333333
42.26,1.33760171296,5.93504068519,1,1.57079632679,-0.623826388889,-0.249530555556,0.00902777777778,0.00361111111111
42.28,1.32512703704,5.93005081481,1,1.57079632679,-0.623638888889,-0.249455555556,0.00972222222222,0.00388888888889
42.3,1.31265625,5.9250625,1,1.57079632679,-0.6234375,-0.249375,0.0104166666667,0.00416666666667
42.32,1.30018962963,5.92007585185,1,1.57079632679,-0.623222222222,-0.249288888889,0.0111111111111,0.00444444444444
42.34,1.2877274537,5.91509098148,1,1.57079632679,-0.622993055556,-0.249197222222,0.0118055555556,0.00472222222222
42.36,1.27527,5.910108,1,1.57079632679,-0.62275,-0.2491,0.0125,0.005
42.38,1.2628175463,5.90512701852,1,1.57079632679,-0.622493055556,-0.248997222222,0.0131944444444,0.00527777777778
42.4,1.25037037037,5.90014814815,1,1.57079632679,-0.622222222222,-0.248888888889,0.0138888888889,0.00555555555556
42.42,1.23792875,5.8951715,1,1.57079632679,-0.6219375,-0.248775,0.0145833333333,0.00583333333333
42.44,1.22549296296,5.89019718519,1,1.57079632679,-0.621638888889,-0.248655555556,0.0152777777778,0.00611111111111
42.46,1.21306328704,5.88522531481,1,1.57079632679,-0.621326388889,-0.248530555556,0.0159722222222,0.00638888888889
42.48,1.20064,5.880256,1,1.57079632679,-0.621,-0.2484,0.0166666666667,0.00666666666667
42.5,1.18822337963,5.87528935185,1,1.57079632679,-0.620659722222,-0.248263888889,0.0173611111111,0.00694444444445
42.52,1.1758137037,5.87032548148,1,1.57079632679,-0.620305555556,-0.248122222222,0.0180555555556,0.00722222222222
42.54,1.16341125,5.8653645,1,1.57079632679,-0.6199375,-0.247975,0.01875,0.0075
42.56,1.1510162963,5.86040651852,1,1.57079632679,-0.619555555556,-0.247822222222,0.0194444444444,0.00777777777778
42.58,1.13862912037,5.85545164815,1,1.57079632679,-0.619159722222,-0.247663888889,0.0201388888889,0.00805555555556
42.6,1.12625,5.8505,1,1.57079632679,-0.61875,-0.2475,0.0208333333333,0.00833333333333
42.62,1.11387921296,5.84555168519,1,1.57079632679,-0.618326388889,-0.247330555556,0.0215277777778,0.00861111111111
42.64,1.10151703704,5.84060681481,1,1.57079632679,-0.617888888889,-0.247155555556,0.0222222222222,0.00888888888889
42.66,1.08916375,5.8356655,1,1.57079632679,-0.6174375,-0.246975,0.0229166666667,0.00916666666667
42.68,1.07681962963,5.83072785185,1,1.57079632679,-0.616972222222,-0.246788888889,0.0236111111111,0.00944444444445
42.7,1.0644849537,5.82579398148,1,1.57079632679,-0.616493055556,-0.246597222222,0.0243055555556,0.00972222222222
42.72,1.05216,5.820864,1,1.57079632679,-0.616,-0.2464,0.025,0.01
42.74,1.0398450463,5.81593801852,1,1.57079632679,-0.615493055556,-0.246197222222,0.0256944444444,0.0102777777778
42.76,1.02754037037,5.81101614815,1,1.57079632679,-0.614972222222,-0.245988888889,0.0263888888889,0.0105555555556
42.78,1.01524625,5.8060985,1,1.57079632679,-0.6144375,-0.245775,0.0270833333333,0.0108333333333
42.8,1.00296296296,5.80118518519,1,1.57079632679,-0.613888888889,-0.245555555556,0.0277777777778,0.0111111111111
42.82,0.990690787037,5.79627631481,1,1.57079632679,-0.613326388889,-0.245330555556,0.0284722222222,0.0113888888889
42.84,0.97843,5.791372,1,1.57079632679,-0.61275,-0.2451,0.0291666666667,0.0116666666667
42.86,0.96618087963,5.78647235185,1,1.57079632679,-0.612159722222,-0.244863888889,0.0298611111111,0.0119444444444
42.88,0.953943703704,5.78157748148,1,1.57079632679,-0.611555555556,-0.244622222222,0.0305555555556,0.0122222222222
42.9,0.94171875,5.7766875,1,1.57079632679,-0.6109375,-0.244375,0.03125,0.0125
42.92,0.929506296296,5.77180251852,1,1.57079632679,-0.610305555556,-0.244122222222,0.0319444444444,0.0127777777778
42.94,0.91730662037,5.76692264815,1,1.57079632679,-0.609659722222,-0.243863888889,0.0326388888889,0.0130555555556
42.96,0.90512,5.762048,1,1.57079632679,-0.609,-0.2436,0.0333333333333,0.0133333333333
42.98,0.892946712963,5.75717868519,1,1.57079632679,-0.608326388889,-0.243330555556,0.0340277777778,0.0136111111111
43,0.880787037037,5.75231481481,1,1.57079632679,-0.607638888889,-0.243055555556,0.133680555556,0.0590277777778
43.02,0.868660969444,5.74746548704,1,1.57079632679,-0.604969166667,-0.241878333333,0.133291666667,0.0586944444444
43.04,0.856588218519,5.74263963704,1,1.57079632679,-0.602307222222,-0.240707777778,0.132902777778,0.0583611111111
43.06,0.844568628704,5.73783713148,1,1.57079632679,-0.599653055556,-0.239543888889,0.132513888889,0.0580277777778
43.08,0.832602044444,5.73305783704,1,1.57079632679,-0.597006666667,-0.238386666667,0.132125,0.0576944444444
43.1,0.820688310185,5.72830162037,1,1.57079632679,-0.594368055556,-0.237236111111,0.131736111111,0.0573611111111
43.12,0.80882727037,5.72356834815,1,1.57079632679,-0.591737222222,-0.236092222222,0.131347222222,0.0570277777778
43.14,0.797018769444,5.71885788704,1,1.57079632679,-0.589114166667,-0.234955,0.130958333333,0.0566944444444
43.16,0.785262651852,5.7141701037,1,1.57079632679,-0.586498888889,-0.233824444444,0.130569444444,0.0563611111111
43.18,0.773558762037,5.70950486481,1,1.57079632679,-0.583891388889,-0.232700555556,0.130180555556,0.0560277777778
43.2,0.761906944444,5.70486203704,1,1.57079632679,-0.581291666667,-0.231583333333,0.129791666667,0.0556944444444
43.22,0.750307043519,5.70024148704,1,1.57079632679,-0.578699722222,-0.230472777778,0.129402777778,0.0553611111111
43.24,0.738758903704,5.69564308148,1,1.57079632679,-0.576115555556,-0.229368888889,0.129013888889,0.0550277777778
43.26,0.727262369444,5.69106668704,1,1.57079632679,-0.573539166667,-0.228271666667,0.128625,0.0546944444444
43.28,0.715817285185,5.68651217037,1,1.57079632679,-0.570970555556,-0.227181111111,0.128236111111,0.0543611111111
43.3,0.70442349537,5.68197939815,1,1.57079632679,-0.568409722222,-0.226097222222,0.127847222222,0.0540277777778
43.32,0.693080844444,5.67746823704,1,1.57079632679,-0.565856666667,-0.22502,0.127458333333,0.0536944444444
43.34,0.681789176852,5.6729785537,1,1.57079632679,-0.563311388889,-0.223949444444,0.127069444444,0.0533611111111
43.36,0.670548337037,5.66851021481,1,1.57079632679,-0.560773888889,-0.222885555556,0.126680555556,0.0530277777778
43.38,0.659358169444,5.66406308704,1,1.57079632679,-0.558244166667,-0.221828333333,0.126291666667,0.0526944444444
43.4,0.648218518519,5.65963703704,1,1.57079632679,-0.555722222222,-0.220777777778,0.125902777778,0.0523611111111
43.42,0.637129228704,5.65523193148,1,1.57079632679,-0.553208055556,-0.219733888889,0.125513888889,0.0520277777778
43.44,0.626090144444,5.65084763704,1,1.57079632679,-0.550701666667,-0.218696666667,0.125125,0.0516944444444
43.46,0.615101110185,5.64648402037,1,1.57079632679,-0.548203055556,-0.217666111111,0.124736111111,0.0513611111111
43.48,0.60416197037,5.64214094815,1,1.57079632679,-0.545712222222,-0.216642222222,0.124347222222,0.0510277777778
43.5,0.593272569444,5.63781828704,1,1.57079632679,-0.543229166667,-0.215625,0.123958333333,0.0506944444444
43.52,0.582432751852,5.6335159037,1,1.57079632679,-0.540753888889,-0.214614444444,0.123569444444,0.0503611111111
43.54,0.571642362037,5.62923366481,1,1.57079632679,-0.538286388889,-0.213610555556,0.123180555556,0.0500277777778
43.56,0.560901244444,5.62497143704,1,1.57079632679,-0.535826666667,-0.212613333333,0.122791666667,0.0496944444444
43.58,0.550209243519,5.62072908704,1,1.57079632679,-0.533374722222,-0.211622777778,0.122402777778,0.0493611111111
43.6,0.539566203704,5.61650648148,1,1.57079632679,-0.530930555556,-0.210638888889,0.122013888889,0.0490277777778
43.62,0.528971969444,5.61230348704,1,1.57079632679,-0.528494166667,-0.209661666667,0.121625,0.0486944444444
43.64,0.518426385185,5.60811997037,1,1.57079632679,-0.526065555556,-0.208691111111,0.121236111111,0.0483611111111
43.66,0.50792929537,5.60395579815,1,1.57079632679,-0.523644722222,-0.207727222222,0.120847222222,0.0480277777778
43.68,0.497480544444,5.59981083704,1,1.57079632679,-0.521231666667,-0.20677,0.120458333333,0.0476944444444
43.7,0.487079976852,5.5956849537,1,1.57079632679,-0.518826388889,-0.205819444444,0.120069444444,0.0473611111111
43.72,0.476727437037,5.59157801481,1,1.57079632679,-0.516428888889,-0.204875555556,0.119680555556,0.0470277777778
43.74,0.466422769444,5.58748988704,1,1.57079632679,-0.514039166667,-0.203938333333,0.119291666667,0.0466944444444
43.76,0.456165818519,5.58342043704,1,1.57079632679,-0.511657222222,-0.203007777778,0.118902777778,0.0463611111111
43.78,0.445956428704,5.57936953148,1,1.57079632679,-0.509283055556,-0.202083888889,0.118513888889,0.0460277777778
43.8,0.435794444444,5.57533703704,1,1.57079632679,-0.506916666667,-0.201166666667,0.118125,0.0456944444444
43.82,0.425679710185,5.57132282037,1,1.57079632679,-0.504558055556,-0.200256111111,0.117736111111,0.0453611111111
43.84,0.41561207037,5.56732674815,1,1.57079632679,-0.502207222222,-0.199352222222,0.117347222222,0.0450277777778
43.86,0.405591369444,5.56334868704,1,1.57079632679,-0.499864166667,-0.198455,0.116958333333,0.0446944444444
43.88,0.395617451852,5.5593885037,1,1.57079632679,-0.497528888889,-0.197564444444,0.116569444444,0.0443611111111
43.9,0.385690162037,5.55544606481,1,1.57079632679,-0.495201388889,-0.196680555556,0.116180555556,0.0440277777778
43.92,0.375809344444,5.55152123704,1,1.57079632679,-0.492881666667,-0.195803333333,0.115791666667,0.0436944444444
43.94,0.365974843519,5.54761388704,1,1.57079632679,-0.490569722222,-0.194932777778,0.115402777778,0.0433611111111
43.96,0.356186503704,5.54372388148,1,1.57079632679,-0.488265555556,-0.194068888889,0.115013888889,0.0430277777778
43.98,0.346444169444,5.53985108704,1,1.57079632679,-0.485969166667,-0.193211666667,0.114625,0.0426944444444
44,0.336747685185,5.53599537037,1,1.57079632679,-0.483680555556,-0.192361111111,0.114236111111,0.0423611111111
44.02,0.32709689537,5.53215659815,1,1.57079632679,-0.481399722222,-0.191517222222,0.113847222222,0.0420277777778
44.04,0.317491644444,5.52833463704,1,1.57079632679,-0.479126666667,-0.19068,0.113458333333,0.0416944444444
44.06,0.307931776852,5.5245293537,1,1.57079632679,-0.476861388889,-0.189849444444,0.113069444444,0.0413611111111
44.08,0.298417137037,5.52074061481,1,1.57079632679,-0.474603888889,-0.189025555556,0.112680555556,0.0410277777778
44.1,0.288947569444,5.51696828704,1,1.57079632679,-0.472354166667,-0.188208333333,0.112291666667,0.0406944444444
44.12,0.279522918519,5.51321223704,1,1.57079632679,-0.470112222222,-0.187397777778,0.111902777778,0.0403611111111
44.14,0.270143028704,5.50947233148,1,1.57079632679,-0.467878055556,-0.186593888889,0.111513888889,0.0400277777778
44.16,0.260807744444,5.50574843704,1,1.57079632679,-0.465651666667,-0.185796666667,0.111125,0.0396944444444
44.18,0.251516910185,5.50204042037,1,1.57079632679,-0.463433055556,-0.185006111111,0.110736111111,0.0393611111111
44.2,0.24227037037,5.49834814815,1,1.57079632679,-0.461222222222,-0.184222222222,0.110347222222,0.0390277777778
44.22,0.233067969444,5.49467148704,1,1.57079632679,-0.459019166667,-0.183445,0.109958333333,0.0386944444444
44.24,0.223909551852,5.4910103037,1,1.57079632679,-0.456823888889,-0.182674444444,0.109569444444,0.0383611111111
44.26,0.214794962037,5.48736446481,1,1.57079632679,-0.454636388889,-0.181910555556,0.109180555556,0.0380277777778
44.28,0.205724044444,5.48373383704,1,1.57079632679,-0.452456666667,-0.181153333333,0.108791666667,0.0376944444444
44.3,0.196696643519,5.48011828704,1,1.57079632679,-0.450284722222,-0.180402777778,0.108402777778,0.0373611111111
44.32,0.187712603704,5.47651768148,1,1.57079632679,-0.448120555556,-0.179658888889,0.108013888889,0.0370277777778
44.34,0.178771769444,5.47293188704,1,1.57079632679,-0.445964166667,-0.178921666667,0.107625,0.0366944444444
44.36,0.169873985185,5.46936077037,1,1.57079632679,-0.443815555556,-0.178191111111,0.107236111111,0.0363611111111
44.38,0.16101909537,5.46580419815,1,1.57079632679,-0.441674722222,-0.177467222222,0.106847222222,0.0360277777778
44.4,0.152206944444,5.46226203704,1,1.57079632679,-0.439541666667,-0.17675,0.106458333333,0.0356944444444
44.42,0.143437376852,5.4587341537,1,1.57079632679,-0.437416388889,-0.176039444444,0.106069444444,0.0353611111111
44.44,0.134710237037,5.45522041481,1,1.57079632679,-0.435298888889,-0.175335555556,0.105680555556,0.0350277777778
44.46,0.126025369444,5.45172068704,1,1.57079632679,-0.433189166667,-0.174638333333,0.105291666667,0.0346944444444
44.48,0.117382618519,5.44823483704,1,1.57079632679,-0.431087222222,-0.173947777778,0.104902777778,0.0343611111111
44.5,0.108781828704,5.44476273148,1,1.57079632679,-0.428993055556,-0.173263888889,0.104513888889,0.0340277777778
44.52,0.100222844444,5.44130423704,1,1.57079632679,-0.426906666667,-0.172586666667,0.104125,0.0336944444444
44.54,0.0917055101852,5.43785922037,1,1.57079632679,-0.424828055556,-0.171916111111,0.103736111111,0.0333611111111
44.56,0.0832296703704,5.43442754815,1,1.57079632679,-0.422757222222,-0.171252222222,0.103347222222,0.0330277777778
44.58,0.0747951694444,5.43100908704,1,1.57079632679,-0.420694166667,-0.170595,0.102958333333,0.0326944444444
44.6,0.0664018518519,5.4276037037,1,1.57079632679,-0.418638888889,-0.169944444444,0.102569444444,0.0323611111111
44.62,0.058049562037,5.42421126481,1,1.57079632679,-0.416591388889,-0.169300555556,0.102180555556,0.0320277777778
44.64,0.0497381444444,5.42083163704,1,1.57079632679,-0.414551666667,-0.168663333333,0.101791666667,0.0316944444444
44.66,0.0414674435185,5.41746468704,1,1.57079632679,-0.412519722222,-0.168032777778,0.101402777778,0.0313611111111
44.68,0.0332373037037,5.41411028148,1,1.57079632679,-0.410495555556,-0.167408888889,0.101013888889,0.0310277777778
44.7,0.0250475694444,5.41076828704,1,1.57079632679,-0.408479166667,-0.166791666667,0.100625,0.0306944444444
44.72,0.0168980851852,5.40743857037,1,1.57079632679,-0.406470555556,-0.166181111111,0.100236111111,0.0303611111111
44.74,0.00878869537037,5.40412099815,1,1.57079632679,-0.404469722222,-0.165577222222,0.0998472222222,0.0300277777778
44.76,0.000719244444445,5.40081543704,1,1.57079632679,-0.402476666667,-0.16498,0.0994583333333,0.0296944444444
44.78,-0.00731042314815,5.3975217537,1,1.57079632679,-0.400491388889,-0.164389444444,0.0990694444444,0.0293611111111
44.8,-0.015300462963,5.39423981481,1,1.57079632679,-0.398513888889,-0.163805555556,0.0986805555556,0.0290277777778
44.82,-0.0232510305556,5.39096948704,1,1.57079632679,-0.396544166667,-0.163228333333,0.0982916666667,0.0286944444444
44.84,-0.0311622814815,5.38771063704,1,1.57079632679,-0.394582222222,-0.162657777778,0.0979027777778,0.0283611111111
44.86,-0.0390343712963,5.38446313148,1,1.57079632679,-0.392628055556,-0.162093888889,0.0975138888889,0.0280277777778
44.88,-0.0468674555556,5.38122683704,1,1.57079632679,-0.390681666667,-0.161536666667,0.097125,0.0276944444444
44.9,-0.0546616898148,5.37800162037,1,1.57079632679,-0.388743055556,-0.160986111111,0.0967361111111,0.0273611111111
44.92,-0.0624172296296,5.37478734815,1,1.57079632679,-0.386812222222,-0.160442222222,0.0963472222222,0.0270277777778
44.94,-0.0701342305556,5.37158388704,1,1.57079632679,-0.384889166667,-0.159905,0.0959583333333,0.0266944444444
44.96,-0.0778128481481,5.3683911037,1,1.57079632679,-0.382973888889,-0.159374444444,0.0955694444444,0.0263611111111
44.98,-0.085453237963,5.36520886481,1,1.57079632679,-0.381066388889,-0.158850555556,0.0951805555556,0.0260277777778
45,-0.0930555555556,5.36203703704,1,1.57079632679,-0.379166666667,-0.158333333333,0.0947916666667,0.0256944444444
45.02,-0.100619956481,5.35887548704,1,1.57079632679,-0.377274722222,-0.157822777778,0.0944027777778,0.0253611111111
45.04,-0.108146596296,5.35572408148,1,1.57079632679,-0.375390555556,-0.157318888889,0.0940138888889,0.0250277777778
45.06,-0.115635630556,5.35258268704,1,1.57079632679,-0.373514166667,-0.156821666667,0.093625,0.0246944444444
45.08,-0.123087214815,5.34945117037,1,1.57079632679,-0.371645555556,-0.156331111111,0.0932361111111,0.0243611111111
45.1,-0.13050150463,5.34632939815,1,1.57079632679,-0.369784722222,-0.155847222222,0.0928472222222,0.0240277777778
45.12,-0.137878655556,5.34321723704,1,1.57079632679,-0.367931666667,-0.15537,0.0924583333333,0.0236944444444
45.14,-0.145218823148,5.3401145537,1,1.57079632679,-0.366086388889,-0.154899444444,0.0920694444444,0.0233611111111
45.16,-0.152522162963,5.33702121481,1,1.57079632679,-0.364248888889,-0.154435555556,0.0916805555556,0.0230277777778
45.18,-0.159788830556,5.33393708704,1,1.57079632679,-0.362419166667,-0.153978333333,0.0912916666667,0.0226944444444
45.2,-0.167018981481,5.33086203704,1,1.57079632679,-0.360597222222,-0.153527777778,0.0909027777778,0.0223611111111
45.22,-0.174212771296,5.32779593148,1,1.57079632679,-0.358783055556,-0.153083888889,0.0905138888889,0.0220277777778
45.24,-0.181370355556,5.32473863704,1,1.57079632679,-0.356976666667,-0.152646666667,0.090125,0.0216944444444
45.26,-0.188491889815,5.32169002037,1,1.57079632679,-0.355178055556,-0.152216111111,0.0897361111111,0.0213611111111
45.28,-0.19557752963,5.31864994815,1,1.57079632679,-0.353387222222,-0.151792222222,0.0893472222222,0.0210277777778
45.3,-0.202627430556,5.31561828704,1,1.57079632679,-0.351604166667,-0.151375,0.0889583333333,0.0206944444444
45.32,-0.209641748148,5.3125949037,1,1.57079632679,-0.349828888889,-0.150964444444,0.0885694444444,0.0203611111111
45.34,-0.216620637963,5.30957966481,1,1.57079632679,-0.348061388889,-0.150560555556,0.0881805555556,0.0200277777778
45.36,-0.223564255556,5.30657243704,1,1.57079632679,-0.346301666667,-0.150163333333,0.0877916666667,0.0196944444444
45.38,-0.230472756481,5.30357308704,1,1.57079632679,-0.344549722222,-0.149772777778,0.0874027777778,0.0193611111111
45.4,-0.237346296296,5.30058148148,1,1.57079632679,-0.342805555556,-0.149388888889,0.0870138888889,0.0190277777778
45.42,-0.244185030556,5.29759748704,1,1.57079632679,-0.341069166667,-0.149011666667,0.086625,0.0186944444444
45.44,-0.250989114815,5.29462097037,1,1.57079632679,-0.339340555556,-0.148641111111,0.0862361111111,0.0183611111111
45.46,-0.25775870463,5.29165179815,1,1.57079632679,-0.337619722222,-0.148277222222,0.0858472222222,0.0180277777778
45.48,-0.264493955556,5.28868983704,1,1.57079632679,-0.335906666667,-0.14792,0.0854583333333,0.0176944444444
45.5,-0.271195023148,5.2857349537,1,1.57079632679,-0.334201388889,-0.147569444444,0.0850694444444,0.0173611111111
45.52,-0.277862062963,5.28278701481,1,1.57079632679,-0.332503888889,-0.147225555556,0.0846805555556,0.0170277777778
45.54,-0.284495230556,5.27984588704,1,1.57079632679,-0.330814166667,-0.146888333333,0.0842916666667,0.0166944444444
45.56,-0.291094681481,5.27691143704,1,1.57079632679,-0.329132222222,-0.146557777778,0.0839027777778,0.0163611111111
45.58,-0.297660571296,5.27398353148,1,1.57079632679,-0.327458055556,-0.146233888889,0.0835138888889,0.0160277777778
45.6,-0.304193055556,5.27106203704,1,1.57079632679,-0.325791666667,-0.145916666667,0.083125,0.0156944444444
45.62,-0.310692289815,5.26814682037,1,1.57079632679,-0.324133055556,-0.145606111111,0.0827361111111,0.0153611111111
45.64,-0.31715842963,5.26523774815,1,1.57079632679,-0.322482222222,-0.145302222222,0.0823472222222,0.0150277777778
45.66,-0.323591630556,5.26233468704,1,1.57079632679,-0.320839166667,-0.145005,0.0819583333333,0.0146944444444
45.68,-0.329992048148,5.2594375037,1,1.57079632679,-0.319203888889,-0.144714444444,0.0815694444444,0.0143611111111
45.7,-0.336359837963,5.25654606481,1,1.57079632679,-0.317576388889,-0.144430555556,0.0811805555556,0.0140277777778
45.72,-0.342695155556,5.25366023704,1,1.57079632679,-0.315956666667,-0.144153333333,0.0807916666667,0.0136944444444
45.74,-0.348998156481,5.25077988704,1,1.57079632679,-0.314344722222,-0.143882777778,0.0804027777778,0.0133611111111
45.76,-0.355268996296,5.24790488148,1,1.57079632679,-0.312740555556,-0.143618888889,0.0800138888889,0.0130277777778
45.78,-0.361507830556,5.24503508704,1,1.57079632679,-0.311144166667,-0.143361666667,0.079625,0.0126944444444
45.8,-0.367714814815,5.24217037037,1,1.57079632679,-0.309555555556,-0.143111111111,0.0792361111111,0.0123611111111
45.82,-0.37389010463,5.23931059815,1,1.57079632679,-0.307974722222,-0.142867222222,0.0788472222222,0.0120277777778
45.84,-0.380033855556,5.23645563704,1,1.57079632679,-0.306401666667,-0.14263,0.0784583333333,0.0116944444444
45.86,-0.386146223148,5.2336053537,1,1.57079632679,-0.304836388889,-0.142399444444,0.0780694444444,0.0113611111111
45.88,-0.392227362963,5.23075961481,1,1.57079632679,-0.303278888889,-0.142175555556,0.0776805555556,0.0110277777778
45.9,-0.398277430556,5.22791828704,1,1.57079632679,-0.301729166667,-0.141958333333,0.0772916666667,0.0106944444444
45.92,-0.404296581481,5.22508123704,1,1.57079632679,-0.300187222222,-0.141747777778,0.0769027777778,0.0103611111111
45.94,-0.410284971296,5.22224833148,1,1.57079632679,-0.298653055556,-0.141543888889,0.0765138888889,0.0100277777778
45.96,-0.416242755556,5.21941943704,1,1.57079632679,-0.297126666667,-0.141346666667,0.076125,0.00969444444444
45.98,-0.422170089815,5.21659442037,1,1.57079632679,-0.295608055556,-0.141156111111,0.0757361111111,0.00936111111111
46,-0.42806712963,5.21377314815,1,1.57079632679,-0.294097222222,-0.140972222222,0.0753472222222,0.00902777777778
46.02,-0.433934030556,5.21095548704,1,1.57079632679,-0.292594166667,-0.140795,0.0749583333333,0.00869444444444
46.04,-0.439770948148,5.2081413037,1,1.57079632679,-0.291098888889,-0.140624444444,0.0745694444444,0.00836111111111
46.06,-0.445578037963,5.20533046481,1,1.57079632679,-0.289611388889,-0.140460555556,0.0741805555556,0.00802777777778
46.08,-0.451355455556,5.20252283704,1,1.57079632679,-0.288131666667,-0.140303333333,0.0737916666667,0.00769444444444
46.1,-0.457103356481,5.19971828704,1,1.57079632679,-0.286659722222,-0.140152777778,0.0734027777778,0.00736111111111
46.12,-0.462821896296,5.19691668148,1,1.57079632679,-0.285195555556,-0.140008888889,0.0730138888889,0.00702777777778
46.14,-0.468511230556,5.19411788704,1,1.57079632679,-0.283739166667,-0.139871666667,0.072625,0.00669444444444
46.16,-0.474171514815,5.19132177037,1,1.57079632679,-0.282290555556,-0.139741111111,0.0722361111111,0.00636111111111
46.18,-0.47980290463,5.18852819815,1,1.57079632679,-0.280849722222,-0.139617222222,0.0718472222222,0.00602777777778
46.2,-0.485405555556,5.18573703704,1,1.57079632679,-0.279416666667,-0.1395,0.0714583333333,0.00569444444444
46.22,-0.490979623148,5.1829481537,1,1.57079632679,-0.277991388889,-0.139389444444,0.0710694444444,0.00536111111111
46.24,-0.496525262963,5.18016141481,1,1.57079632679,-0.276573888889,-0.139285555556,0.0706805555556,0.00502777777778
46.26,-0.502042630556,5.17737668704,1,1.57079632679,-0.275164166667,-0.139188333333,0.0702916666667,0.00469444444444
46.28,-0.507531881481,5.17459383704,1,1.57079632679,-0.273762222222,-0.139097777778,0.0699027777778,0.00436111111111
46.3,-0.512993171296,5.17181273148,1,1.57079632679,-0.272368055556,-0.139013888889,0.0695138888889,0.00402777777778
46.32,-0.518426655556,5.16903323704,1,1.57079632679,-0.270981666667,-0.138936666667,0.069125,0.00369444444444
46.34,-0.523832489815,5.16625522037,1,1.57079632679,-0.269603055556,-0.138866111111,0.0687361111111,0.00336111111111
46.36,-0.52921082963,5.16347854815,1,1.57079632679,-0.268232222222,-0.138802222222,0.0683472222222,0.00302777777778
46.38,-0.534561830556,5.16070308704,1,1.57079632679,-0.266869166667,-0.138745,0.0679583333333,0.00269444444444
46.4,-0.539885648148,5.1579287037,1,1.57079632679,-0.265513888889,-0.138694444444,0.0675694444444,0.00236111111111
46.42,-0.545182437963,5.15515526481,1,1.57079632679,-0.264166388889,-0.138650555556,0.0671805555556,0.00202777777778
46.44,-0.550452355556,5.15238263704,1,1.57079632679,-0.262826666667,-0.138613333333,0.0667916666667,0.00169444444444
46.46,-0.555695556481,5.14961068704,1,1.57079632679,-0.261494722222,-0.138582777778,0.0664027777778,0.00136111111111
46.48,-0.560912196296,5.14683928148,1,1.57079632679,-0.260170555556,-0.138558888889,0.0660138888889,0.00102777777778
46.5,-0.566102430556,5.14406828704,1,1.57079632679,-0.258854166667,-0.138541666667,0.065625,0.000694444444444
46.52,-0.571266414815,5.14129757037,1,1.57079632679,-0.257545555556,-0.138531111111,0.0652361111111,0.000361111111111
46.54,-0.57640430463,5.13852699815,1,1.57079632679,-0.256244722222,-0.138527222222,0.0648472222222,2.77777777778e-05
46.56,-0.581516255556,5.13575643704,1,1.57079632679,-0.254951666667,-0.13853,0.0644583333333,-0.000305555555556
46.58,-0.586602423148,5.1329857537,1,1.57079632679,-0.253666388889,-0.138539444444,0.0640694444444,-0.000638888888889
46.6,-0.591662962963,5.13021481481,1,1.57079632679,-0.252388888889,-0.138555555556,0.0636805555556,-0.000972222222222
46.62,-0.596698030556,5.12744348704,1,1.57079632679,-0.251119166667,-0.138578333333,0.0632916666667,-0.00130555555556
46.64,-0.601707781481,5.12467163704,1,1.57079632679,-0.249857222222,-0.138607777778,0.0629027777778,-0.00163888888889
46.66,-0.606692371296,5.12189913148,1,1.57079632679,-0.248603055556,-0.138643888889,0.0625138888889,-0.00197222222222
46.68,-0.611651955556,5.11912583704,1,1.57079632679,-0.247356666667,-0.138686666667,0.062125,-0.00230555555556
46.7,-0.616586689815,5.11635162037,1,1.57079632679,-0.246118055556,-0.138736111111,0.0617361111111,-0.00263888888889
46.72,-0.62149672963,5.11357634815,1,1.57079632679,-0.244887222222,-0.138792222222,0.0613472222222,-0.00297222222222
46.74,-0.626382230556,5.11079988704,1,1.57079632679,-0.243664166667,-0.138855,0.0609583333333,-0.00330555555556
46.76,-0.631243348148,5.1080221037,1,1.57079632679,-0.242448888889,-0.138924444444,0.0605694444444,-0.00363888888889
46.78,-0.636080237963,5.10524286481,1,1.57079632679,-0.241241388889,-0.139000555556,0.0601805555556,-0.00397222222222
46.8,-0.640893055556,5.10246203704,1,1.57079632679,-0.240041666667,-0.139083333333,0.0597916666667,-0.00430555555556
46.82,-0.645681956481,5.09967948704,1,1.57079632679,-0.238849722222,-0.139172777778,0.0594027777778,-0.00463888888889
46.84,-0.650447096296,5.09689508148,1,1.57079632679,-0.237665555556,-0.139268888889,0.0590138888889,-0.00497222222222
46.86,-0.655188630556,5.09410868704,1,1.57079632679,-0.236489166667,-0.139371666667,0.058625,-0.00530555555556
46.88,-0.659906714815,5.09132017037,1,1.57079632679,-0.235320555556,-0.139481111111,0.0582361111111,-0.00563888888889
46.9,-0.66460150463,5.08852939815,1,1.57079632679,-0.234159722222,-0.139597222222,0.0578472222222,-0.00597222222222
46.92,-0.669273155556,5.08573623704,1,1.57079632679,-0.233006666667,-0.13972,0.0574583333333,-0.00630555555556
46.94,-0.673921823148,5.0829405537,1,1.57079632679,-0.231861388889,-0.139849444444,0.0570694444444,-0.00663888888889
46.96,-0.678547662963,5.08014221481,1,1.57079632679,-0.230723888889,-0.139985555556,0.0566805555556,-0.00697222222222
46.98,-0.683150830556,5.07734108704,1,1.57079632679,-0.229594166667,-0.140128333333,0.0562916666667,-0.00730555555556
47,-0.687731481481,5.07453703704,1,1.57079632679,-0.228472222222,-0.140277777778,0.0559027777778,-0.00763888888889
47.02,-0.692289771296,5.07172993148,1,1.57079632679,-0.227358055556,-0.140433888889,0.0555138888889,-0.00797222222222
47.04,-0.696825855556,5.06891963704,1,1.57079632679,-0.226251666667,-0.140596666667,0.055125,-0.00830555555556
47.06,-0.701339889815,5.06610602037,1,1.57079632679,-0.225153055556,-0.140766111111,0.0547361111111,-0.00863888888889
47.08,-0.70583202963,5.06328894815,1,1.57079632679,-0.224062222222,-0.140942222222,0.0543472222222,-0.00897222222222
47.1,-0.710302430556,5.06046828704,1,1.57079632679,-0.222979166667,-0.141125,0.0539583333333,-0.00930555555556
47.12,-0.714751248148,5.0576439037,1,1.57079632679,-0.221903888889,-0.141314444444,0.0535694444444,-0.00963888888889
47.14,-0.719178637963,5.05481566481,1,1.57079632679,-0.220836388889,-0.141510555556,0.0531805555556,-0.00997222222222
47.16,-0.723584755556,5.05198343704,1,1.57079632679,-0.219776666667,-0.141713333333,0.0527916666667,-0.0103055555556
47.18,-0.727969756481,5.04914708704,1,1.57079632679,-0.218724722222,-0.141922777778,0.0524027777778,-0.0106388888889
47.2,-0.732333796296,5.04630648148,1,1.57079632679,-0.217680555556,-0.142138888889,0.0520138888889,-0.0109722222222
47.22,-0.736677030556,5.04346148704,1,1.57079632679,-0.216644166667,-0.142361666667,0.051625,-0.0113055555556
47.24,-0.740999614815,5.04061197037,1,1.57079632679,-0.215615555556,-0.142591111111,0.0512361111111,-0.0116388888889
47.26,-0.74530170463,5.03775779815,1,1.57079632679,-0.214594722222,-0.142827222222,0.0508472222222,-0.0119722222222
47.28,-0.749583455556,5.03489883704,1,1.57079632679,-0.213581666667,-0.14307,0.0504583333333,-0.0123055555556
47.3,-0.753845023148,5.0320349537,1,1.57079632679,-0.212576388889,-0.143319444444,0.0500694444444,-0.0126388888889
47.32,-0.758086562963,5.02916601481,1,1.57079632679,-0.211578888889,-0.143575555556,0.0496805555556,-0.0129722222222
47.34,-0.762308230556,5.02629188704,1,1.57079632679,-0.210589166667,-0.143838333333,0.0492916666667,-0.0133055555556
47.36,-0.766510181481,5.02341243704,1,1.57079632679,-0.209607222222,-0.144107777778,0.0489027777778,-0.0136388888889
47.38,-0.770692571296,5.02052753148,1,1.57079632679,-0.208633055556,-0.144383888889,0.0485138888889,-0.0139722222222
47.4,-0.774855555556,5.01763703704,1,1.57079632679,-0.207666666667,-0.144666666667,0.048125,-0.0143055555556
47.42,-0.778999289815,5.01474082037,1,1.57079632679,-0.206708055556,-0.144956111111,0.0477361111111,-0.0146388888889
47.44,-0.78312392963,5.01183874815,1,1.57079632679,-0.205757222222,-0.145252222222,0.0473472222222,-0.0149722222222
47.46,-0.787229630556,5.00893068704,1,1.57079632679,-0.204814166667,-0.145555,0.0469583333333,-0.0153055555556
47.48,-0.791316548148,5.0060165037,1,1.57079632679,-0.203878888889,-0.145864444444,0.0465694444444,-0.0156388888889
47.5,-0.795384837963,5.00309606481,1,1.57079632679,-0.202951388889,-0.146180555556,0.0461805555556,-0.0159722222222
47.52,-0.799434655556,5.00016923704,1,1.57079632679,-0.202031666667,-0.146503333333,0.0457916666667,-0.0163055555556
47.54,-0.803466156481,4.99723588704,1,1.57079632679,-0.201119722222,-0.146832777778,0.0454027777778,-0.0166388888889
47.56,-0.807479496296,4.99429588148,1,1.57079632679,-0.200215555556,-0.147168888889,0.0450138888889,-0.0169722222222
47.58,-0.811474830556,4.99134908704,1,1.57079632679,-0.199319166667,-0.147511666667,0.044625,-0.0173055555556
47.6,-0.815452314815,4.98839537037,1,1.57079632679,-0.198430555556,-0.147861111111,0.0442361111111,-0.0176388888889
47.62,-0.81941210463,4.98543459815,1,1.57079632679,-0.197549722222,-0.148217222222,0.0438472222222,-0.0179722222222
47.64,-0.823354355556,4.98246663704,1,1.57079632679,-0.196676666667,-0.14858,0.0434583333333,-0.0183055555556
47.66,-0.827279223148,4.9794913537,1,1.57079632679,-0.195811388889,-0.148949444444,0.0430694444444,-0.0186388888889
47.68,-0.831186862963,4.97650861481,1,1.57079632679,-0.194953888889,-0.149325555556,0.0426805555556,-0.0189722222222
47.7,-0.835077430556,4.97351828704,1,1.57079632679,-0.194104166667,-0.149708333333,0.0422916666667,-0.0193055555556
47.72,-0.838951081481,4.97052023704,1,1.57079632679,-0.193262222222,-0.150097777778,0.0419027777778,-0.0196388888889
47.74,-0.842807971296,4.96751433148,1,1.57079632679,-0.192428055556,-0.150493888889,0.0415138888889,-0.0199722222222
47.76,-0.846648255556,4.96450043704,1,1.57079632679,-0.191601666667,-0.150896666667,0.041125,-0.0203055555556
47.78,-0.850472089815,4.96147842037,1,1.57079632679,-0.190783055556,-0.151306111111,0.0407361111111,-0.0206388888889
47.8,-0.85427962963,4.95844814815,1,1.57079632679,-0.189972222222,-0.151722222222,0.0403472222222,-0.0209722222222
47.82,-0.858071030556,4.95540948704,1,1.57079632679,-0.189169166667,-0.152145,0.0399583333333,-0.0213055555556
47.84,-0.861846448148,4.9523623037,1,1.57079632679,-0.188373888889,-0.152574444444,0.0395694444444,-0.0216388888889
47.86,-0.865606037963,4.94930646481,1,1.57079632679,-0.187586388889,-0.153010555556,0.0391805555556,-0.0219722222222
47.88,-0.869349955556,4.94624183704,1,1.57079632679,-0.186806666667,-0.153453333333,0.0387916666667,-0.0223055555556
47.9,-0.873078356481,4.94316828704,1,1.57079632679,-0.186034722222,-0.153902777778,0.0384027777778,-0.0226388888889
47.92,-0.876791396296,4.94008568148,1,1.57079632679,-0.185270555556,-0.154358888889,0.0380138888889,-0.0229722222222
47.94,-0.880489230556,4.93699388704,1,1.57079632679,-0.184514166667,-0.154821666667,0.037625,-0.0233055555556
47.96,-0.884172014815,4.93389277037,1,1.57079632679,-0.183765555556,-0.155291111111,0.0372361111111,-0.0236388888889
47.98,-0.88783990463,4.93078219815,1,1.57079632679,-0.183024722222,-0.155767222222,0.0368472222222,-0.0239722222222
48,-0.891493055556,4.92766203704,1,1.57079632679,-0.182291666667,-0.15625,0.0364583333333,-0.0243055555556
48.02,-0.895131623148,4.9245321537,1,1.57079632679,-0.181566388889,-0.156739444444,0.0360694444444,-0.0246388888889
48.04,-0.898755762963,4.92139241481,1,1.57079632679,-0.180848888889,-0.157235555556,0.0356805555556,-0.0249722222222
48.06,-0.902365630556,4.91824268704,1,1.57079632679,-0.180139166667,-0.157738333333,0.0352916666667,-0.0253055555556
48.08,-0.905961381481,4.91508283704,1,1.57079632679,-0.179437222222,-0.158247777778,0.0349027777778,-0.0256388888889
48.1,-0.909543171296,4.91191273148,1,1.57079632679,-0.178743055556,-0.158763888889,0.0345138888889,-0.0259722222222
48.12,-0.913111155556,4.90873223704,1,1.57079632679,-0.178056666667,-0.159286666667,0.034125,-0.0263055555556
48.14,-0.916665489815,4.90554122037,1,1.57079632679,-0.177378055556,-0.159816111111,0.0337361111111,-0.0266388888889
48.16,-0.92020632963,4.90233954815,1,1.57079632679,-0.176707222222,-0.160352222222,0.0333472222222,-0.0269722222222
48.18,-0.923733830556,4.89912708704,1,1.57079632679,-0.176044166667,-0.160895,0.0329583333333,-0.0273055555556
48.2,-0.927248148148,4.8959037037,1,1.57079632679,-0.175388888889,-0.161444444444,0.0325694444444,-0.0276388888889
48.22,-0.930749437963,4.89266926481,1,1.57079632679,-0.174741388889,-0.162000555556,0.0321805555556,-0.0279722222222
48.24,-0.934237855556,4.88942363704,1,1.57079632679,-0.174101666667,-0.162563333333,0.0317916666667,-0.0283055555556
48.26,-0.937713556481,4.88616668704,1,1.57079632679,-0.173469722222,-0.163132777778,0.0314027777778,-0.0286388888889
48.28,-0.941176696296,4.88289828148,1,1.57079632679,-0.172845555556,-0.163708888889,0.0310138888889,-0.0289722222222
48.3,-0.944627430556,4.87961828704,1,1.57079632679,-0.172229166667,-0.164291666667,0.030625,-0.0293055555556
48.32,-0.948065914815,4.87632657037,1,1.57079632679,-0.171620555556,-0.164881111111,0.0302361111111,-0.0296388888889
48.34,-0.95149230463,4.87302299815,1,1.57079632679,-0.171019722222,-0.165477222222,0.0298472222222,-0.0299722222222
48.36,-0.954906755556,4.86970743704,1,1.57079632679,-0.170426666667,-0.16608,0.0294583333333,-0.0303055555556
48.38,-0.958309423148,4.8663797537,1,1.57079632679,-0.169841388889,-0.166689444444,0.0290694444444,-0.0306388888889
48.4,-0.961700462963,4.86303981481,1,1.57079632679,-0.169263888889,-0.167305555556,0.0286805555556,-0.0309722222222
48.42,-0.965080030556,4.85968748704,1,1.57079632679,-0.168694166667,-0.167928333333,0.0282916666667,-0.0313055555556
48.44,-0.968448281481,4.85632263704,1,1.57079632679,-0.168132222222,-0.168557777778,0.0279027777778,-0.0316388888889
48.46,-0.971805371296,4.85294513148,1,1.57079632679,-0.167578055556,-0.169193888889,0.0275138888889,-0.0319722222222
48.48,-0.975151455556,4.84955483704,1,1.57079632679,-0.167031666667,-0.169836666667,0.027125,-0.0323055555556
48.5,-0.978486689815,4.84615162037,1,1.57079632679,-0.166493055556,-0.170486111111,0.0267361111111,-0.0326388888889
48.52,-0.98181122963,4.84273534815,1,1.57079632679,-0.165962222222,-0.171142222222,0.0263472222222,-0.0329722222222
48.54,-0.985125230556,4.83930588704,1,1.57079632679,-0.165439166667,-0.171805,0.0259583333333,-0.0333055555556
48.56,-0.988428848148,4.8358631037,1,1.57079632679,-0.164923888889,-0.172474444444,0.0255694444444,-0.0336388888889
48.58,-0.991722237963,4.83240686481,1,1.57079632679,-0.164416388889,-0.173150555556,0.0251805555556,-0.0339722222222
48.6,-0.995005555556,4.82893703704,1,1.57079632679,-0.163916666667,-0.173833333333,0.0247916666667,-0.0343055555556
48.62,-0.998278956481,4.82545348704,1,1.57079632679,-0.163424722222,-0.174522777778,0.0244027777778,-0.0346388888889
48.64,-1.0015425963,4.82195608148,1,1.57079632679,-0.162940555556,-0.175218888889,0.0240138888889,-0.0349722222222
48.66,-1.00479663056,4.81844468704,1,1.57079632679,-0.162464166667,-0.175921666667,0.023625,-0.0353055555556
48.68,-1.00804121481,4.81491917037,1,1.57079632679,-0.161995555556,-0.176631111111,0.0232361111111,-0.0356388888889
48.7,-1.01127650463,4.81137939815,1,1.57079632679,-0.161534722222,-0.177347222222,0.0228472222222,-0.0359722222222
48.72,-1.01450265556,4.80782523704,1,1.57079632679,-0.161081666667,-0.17807,0.0224583333333,-0.0363055555556
48.74,-1.01771982315,4.8042565537,1,1.57079632679,-0.160636388889,-0.178799444444,0.0220694444444,-0.0366388888889
48.76,-1.02092816296,4.80067321481,1,1.57079632679,-0.160198888889,-0.179535555556,0.0216805555556,-0.0369722222222
48.78,-1.02412783056,4.79707508704,1,1.57079632679,-0.159769166667,-0.180278333333,0.0212916666667,-0.0373055555556
48.8,-1.02731898148,4.79346203704,1,1.57079632679,-0.159347222222,-0.181027777778,0.0209027777778,-0.0376388888889
48.82,-1.0305017713,4.78983393148,1,1.57079632679,-0.158933055556,-0.181783888889,0.0205138888889,-0.0379722222222
48.84,-1.03367635556,4.78619063704,1,1.57079632679,-0.158526666667,-0.182546666667,0.020125,-0.0383055555556
48.86,-1.03684288981,4.78253202037,1,1.57079632679,-0.158128055556,-0.183316111111,0.0197361111111,-0.0386388888889
48.88,-1.04000152963,4.77885794815,1,1.57079632679,-0.157737222222,-0.184092222222,0.0193472222222,-0.0389722222222
48.9,-1.04315243056,4.77516828704,1,1.57079632679,-0.157354166667,-0.184875,0.0189583333333,-0.0393055555556
48.92,-1.04629574815,4.7714629037,1,1.57079632679,-0.156978888889,-0.185664444444,0.0185694444444,-0.0396388888889
48.94,-1.04943163796,4.76774166481,1,1.57079632679,-0.156611388889,-0.186460555556,0.0181805555556,-0.0399722222222
48.96,-1.05256025556,4.76400443704,1,1.57079632679,-0.156251666667,-0.187263333333,0.0177916666667,-0.0403055555556
48.98,-1.05568175648,4.76025108704,1,1.57079632679,-0.155899722222,-0.188072777778,0.0174027777778,-0.0406388888889
49,-1.0587962963,4.75648148148,1,1.57079632679,-0.155555555556,-0.188888888889,0.0170138888889,-0.0409722222222
49.02,-1.06190403056,4.75269548704,1,1.57079632679,-0.155219166667,-0.189711666667,0.016625,-0.0413055555556
49.04,-1.06500511481,4.74889297037,1,1.57079632679,-0.154890555556,-0.190541111111,0.0162361111111,-0.0416388888889
49.06,-1.06809970463,4.74507379815,1,1.57079632679,-0.154569722222,-0.191377222222,0.0158472222222,-0.0419722222222
49.08,-1.07118795556,4.74123783704,1,1.57079632679,-0.154256666667,-0.19222,0.0154583333333,-0.0423055555556
49.1,-1.07427002315,4.7373849537,1,1.57079632679,-0.153951388889,-0.193069444444,0.0150694444444,-0.0426388888889
49.12,-1.07734606296,4.73351501481,1,1.57079632679,-0.153653888889,-0.193925555556,0.0146805555556,-0.0429722222222
49.14,-1.08041623056,4.72962788704,1,1.57079632679,-0.153364166667,-0.194788333333,0.0142916666667,-0.0433055555556
49.16,-1.08348068148,4.72572343704,1,1.57079632679,-0.153082222222,-0.195657777778,0.0139027777778,-0.0436388888889
49.18,-1.0865395713,4.72180153148,1,1.57079632679,-0.152808055556,-0.196533888889,0.0135138888889,-0.0439722222222
49.2,-1.08959305556,4.71786203704,1,1.57079632679,-0.152541666667,-0.197416666667,0.013125,-0.0443055555556
49.22,-1.09264128981,4.71390482037,1,1.57079632679,-0.152283055556,-0.198306111111,0.0127361111111,-0.0446388888889
49.24,-1.09568442963,4.70992974815,1,1.57079632679,-0.152032222222,-0.199202222222,0.0123472222222,-0.0449722222222
49.26,-1.09872263056,4.70593668704,1,1.57079632679,-0.151789166667,-0.200105,0.0119583333333,-0.0453055555556
49.28,-1.10175604815,4.7019255037,1,1.57079632679,-0.151553888889,-0.201014444444,0.0115694444444,-0.0456388888889
49.3,-1.10478483796,4.69789606481,1,1.57079632679,-0.151326388889,-0.201930555556,0.0111805555556,-0.0459722222222
49.32,-1.10780915556,4.69384823704,1,1.57079632679,-0.151106666667,-0.202853333333,0.0107916666667,-0.0463055555556
49.34,-1.11082915648,4.68978188704,1,1.57079632679,-0.150894722222,-0.203782777778,0.0104027777778,-0.0466388888889
49.36,-1.1138449963,4.68569688148,1,1.57079632679,-0.150690555556,-0.204718888889,0.0100138888889,-0.0469722222222
49.38,-1.11685683056,4.68159308704,1,1.57079632679,-0.150494166667,-0.205661666667,0.009625,-0.0473055555556
49.4,-1.11986481481,4.67747037037,1,1.57079632679,-0.150305555556,-0.206611111111,0.00923611111111,-0.0476388888889
49.42,-1.12286910463,4.67332859815,1,1.57079632679,-0.150124722222,-0.207567222222,0.00884722222222,-0.0479722222222
49.44,-1.12586985556,4.66916763704,1,1.57079632679,-0.149951666667,-0.20853,0.00845833333333,-0.0483055555556
49.46,-1.12886722315,4.6649873537,1,1.57079632679,-0.149786388889,-0.209499444444,0.00806944444444,-0.0486388888889
49.48,-1.13186136296,4.66078761481,1,1.57079632679,-0.149628888889,-0.210475555556,0.00768055555556,-0.0489722222222
49.5,-1.13485243056,4.65656828704,1,1.57079632679,-0.149479166667,-0.211458333333,0.00729166666667,-0.0493055555556
49.52,-1.13784058148,4.65232923704,1,1.57079632679,-0.149337222222,-0.212447777778,0.00690277777778,-0.0496388888889
49.54,-1.1408259713,4.64807033148,1,1.57079632679,-0.149203055556,-0.213443888889,0.00651388888889,-0.0499722222222
49.56,-1.14380875556,4.64379143704,1,1.57079632679,-0.149076666667,-0.214446666667,0.006125,-0.0503055555556
49.58,-1.14678908981,4.63949242037,1,1.57079632679,-0.148958055556,-0.215456111111,0.00573611111111,-0.0506388888889
49.6,-1.14976712963,4.63517314815,1,1.57079632679,-0.148847222222,-0.216472222222,0.00534722222222,-0.0509722222222
49.62,-1.15274303056,4.63083348704,1,1.57079632679,-0.148744166667,-0.217495,0.00495833333333,-0.0513055555556
49.64,-1.15571694815,4.6264733037,1,1.57079632679,-0.148648888889,-0.218524444444,0.00456944444444,-0.0516388888889
49.66,-1.15868903796,4.62209246481,1,1.57079632679,-0.148561388889,-0.219560555556,0.00418055555556,-0.0519722222222
49.68,-1.16165945556,4.61769083704,1,1.57079632679,-0.148481666667,-0.220603333333,0.00379166666667,-0.0523055555556
49.7,-1.16462835648,4.61326828704,1,1.57079632679,-0.148409722222,-0.221652777778,0.00340277777778,-0.0526388888889
49.72,-1.1675958963,4.60882468148,1,1.57079632679,-0.148345555556,-0.222708888889,0.00301388888889,-0.0529722222222
49.74,-1.17056223056,4.60435988704,1,1.57079632679,-0.148289166667,-0.223771666667,0.002625,-0.0533055555556
49.76,-1.17352751481,4.59987377037,1,1.57079632679,-0.148240555556,-0.224841111111,0.00223611111111,-0.0536388888889
49.78,-1.17649190463,4.59536619815,1,1.57079632679,-0.148199722222,-0.225917222222,0.00184722222222,-0.0539722222222
49.8,-1.17945555556,4.59083703704,1,1.57079632679,-0.148166666667,-0.227,0.00145833333333,-0.0543055555556
49.82,-1.18241862315,4.5862861537,1,1.57079632679,-0.148141388889,-0.228089444444,0.00106944444444,-0.0546388888889
49.84,-1.18538126296,4.58171341481,1,1.57079632679,-0.148123888889,-0.229185555556,0.000680555555555,-0.0549722222222
49.86,-1.18834363056,4.57711868704,1,1.57079632679,-0.148114166667,-0.230288333333,0.000291666666667,-0.0553055555556
49.88,-1.19130588148,4.57250183704,1,1.57079632679,-0.148112222222,-0.231397777778,-9.72222222223e-05,-0.0556388888889
49.9,-1.1942681713,4.56786273148,1,1.57079632679,-0.148118055556,-0.232513888889,-0.000486111111111,-0.0559722222222
49.92,-1.19723065556,4.56320123704,1,1.57079632679,-0.148131666667,-0.233636666667,-0.000875,-0.0563055555556
49.94,-1.20019348981,4.55851722037,1,1.57079632679,-0.148153055556,-0.234766111111,-0.00126388888889,-0.0566388888889
49.96,-1.20315682963,4.55381054815,1,1.57079632679,-0.148182222222,-0.235902222222,-0.00165277777778,-0.0569722222222
49.98,-1.20612083056,4.54908108704,1,1.57079632679,-0.148219166667,-0.237045,-0.00204166666667,-0.0573055555556
50,-1.20908564815,4.5443287037,1,1.57079632679,-0.148263888889,-0.238194444444,-0.00243055555556,-0.0576388888889
50.02,-1.21205143796,4.53955326481,1,1.57079632679,-0.148316388889,-0.239350555556,-0.00281944444444,-0.0579722222222
50.04,-1.21501835556,4.53475463704,1,1.57079632679,-0.148376666667,-0.240513333333,-0.00320833333333,-0.0583055555556
50.06,-1.21798655648,4.52993268704,1,1.57079632679,-0.148444722222,-0.241682777778,-0.00359722222222,-0.0586388888889
50.08,-1.2209561963,4.52508728148,1,1.57079632679,-0.148520555556,-0.242858888889,-0.00398611111111,-0.0589722222222
50.1,-1.22392743056,4.52021828704,1,1.57079632679,-0.148604166667,-0.244041666667,-0.004375,-0.0593055555556
50.12,-1.22690041481,4.51532557037,1,1.57079632679,-0.148695555556,-0.245231111111,-0.00476388888889,-0.0596388888889
50.14,-1.22987530463,4.51040899815,1,1.57079632679,-0.148794722222,-0.246427222222,-0.00515277777778,-0.0599722222222
50.16,-1.23285225556,4.50546843704,1,1.57079632679,-0.148901666667,-0.24763,-0.00554166666667,-0.0603055555556
50.18,-1.23583142315,4.5005037537,1,1.57079632679,-0.149016388889,-0.248839444444,-0.00593055555556,-0.0606388888889
50.2,-1.23881296296,4.49551481481,1,1.57079632679,-0.149138888889,-0.250055555556,-0.00631944444444,-0.0609722222222
50.22,-1.24179703056,4.49050148704,1,1.57079632679,-0.149269166667,-0.251278333333,-0.00670833333333,-0.0613055555556
50.24,-1.24478378148,4.48546363704,1,1.57079632679,-0.149407222222,-0.252507777778,-0.00709722222222,-0.0616388888889
50.26,-1.2477733713,4.48040113148,1,1.57079632679,-0.149553055556,-0.253743888889,-0.00748611111111,-0.0619722222222
50.28,-1.25076595556,4.47531383704,1,1.57079632679,-0.149706666667,-0.254986666667,-0.007875,-0.0623055555556
50.3,-1.25376168981,4.47020162037,1,1.57079632679,-0.149868055556,-0.256236111111,-0.00826388888889,-0.0626388888889
50.32,-1.25676072963,4.46506434815,1,1.57079632679,-0.150037222222,-0.257492222222,-0.00865277777778,-0.0629722222222
50.34,-1.25976323056,4.45990188704,1,1.57079632679,-0.150214166667,-0.258755,-0.00904166666667,-0.0633055555556
50.36,-1.26276934815,4.4547141037,1,1.57079632679,-0.150398888889,-0.260024444444,-0.00943055555556,-0.0636388888889
50.38,-1.26577923796,4.44950086481,1,1.57079632679,-0.150591388889,-0.261300555556,-0.00981944444444,-0.0639722222222
50.4,-1.26879305556,4.44426203704,1,1.57079632679,-0.150791666667,-0.262583333333,-0.0102083333333,-0.0643055555556
50.42,-1.27181095648,4.43899748704,1,1.57079632679,-0.150999722222,-0.263872777778,-0.0105972222222,-0.0646388888889
50.44,-1.2748330963,4.43370708148,1,1.57079632679,-0.151215555556,-0.265168888889,-0.0109861111111,-0.0649722222222
50.46,-1.27785963056,4.42839068704,1,1.57079632679,-0.151439166667,-0.266471666667,-0.011375,-0.0653055555556
50.48,-1.28089071481,4.42304817037,1,1.57079632679,-0.151670555556,-0.267781111111,-0.0117638888889,-0.0656388888889
50.5,-1.28392650463,4.41767939815,1,1.57079632679,-0.151909722222,-0.269097222222,-0.0121527777778,-0.0659722222222
50.52,-1.28696715556,4.41228423704,1,1.57079632679,-0.152156666667,-0.27042,-0.0125416666667,-0.0663055555556
50.54,-1.29001282315,4.4068625537,1,1.57079632679,-0.152411388889,-0.271749444444,-0.0129305555556,-0.0666388888889
50.56,-1.29306366296,4.40141421481,1,1.57079632679,-0.152673888889,-0.273085555556,-0.0133194444444,-0.0669722222222
50.58,-1.29611983056,4.39593908704,1,1.57079632679,-0.152944166667,-0.274428333333,-0.0137083333333,-0.0673055555556
50.6,-1.29918148148,4.39043703704,1,1.57079632679,-0.153222222222,-0.275777777778,-0.0140972222222,-0.0676388888889
50.62,-1.3022487713,4.38490793148,1,1.57079632679,-0.153508055556,-0.277133888889,-0.0144861111111,-0.0679722222222
50.64,-1.30532185556,4.37935163704,1,1.57079632679,-0.153801666667,-0.278496666667,-0.014875,-0.0683055555556
50.66,-1.30840088981,4.37376802037,1,1.57079632679,-0.154103055556,-0.279866111111,-0.0152638888889,-0.0686388888889
50.68,-1.31148602963,4.36815694815,1,1.57079632679,-0.154412222222,-0.281242222222,-0.0156527777778,-0.0689722222222
50.7,-1.31457743056,4.36251828704,1,1.57079632679,-0.154729166667,-0.282625,-0.0160416666667,-0.0693055555556
50.72,-1.31767524815,4.3568519037,1,1.57079632679,-0.155053888889,-0.284014444444,-0.0164305555556,-0.0696388888889
50.74,-1.32077963796,4.35115766481,1,1.57079632679,-0.155386388889,-0.285410555556,-0.0168194444444,-0.0699722222222
50.76,-1.32389075556,4.34543543704,1,1.57079632679,-0.155726666667,-0.286813333333,-0.0172083333333,-0.0703055555556
50.78,-1.32700875648,4.33968508704,1,1.57079632679,-0.156074722222,-0.288222777778,-0.0175972222222,-0.0706388888889
50.8,-1.3301337963,4.33390648148,1,1.57079632679,-0.156430555556,-0.289638888889,-0.0179861111111,-0.0709722222222
50.82,-1.33326603056,4.32809948704,1,1.57079632679,-0.156794166667,-0.291061666667,-0.018375,-0.0713055555556
50.84,-1.33640561481,4.32226397037,1,1.57079632679,-0.157165555556,-0.292491111111,-0.0187638888889,-0.0716388888889
50.86,-1.33955270463,4.31639979815,1,1.57079632679,-0.157544722222,-0.293927222222,-0.0191527777778,-0.0719722222222
50.88,-1.34270745556,4.31050683704,1,1.57079632679,-0.157931666667,-0.29537,-0.0195416666667,-0.0723055555556
50.9,-1.34587002315,4.3045849537,1,1.57079632679,-0.158326388889,-0.296819444444,-0.0199305555556,-0.0726388888889
50.92,-1.34904056296,4.29863401481,1,1.57079632679,-0.158728888889,-0.298275555556,-0.0203194444444,-0.0729722222222
50.94,-1.35221923056,4.29265388704,1,1.57079632679,-0.159139166667,-0.299738333333,-0.0207083333333,-0.0733055555556
50.96,-1.35540618148,4.28664443704,1,1.57079632679,-0.159557222222,-0.301207777778,-0.0210972222222,-0.0736388888889
50.98,-1.3586015713,4.28060553148,1,1.57079632679,-0.159983055556,-0.302683888889,-0.0214861111111,-0.0739722222222
51,-1.36180555556,4.27453703704,1,1.57079632679,-0.160416666667,-0.304166666667,-0.021875,-0.0743055555556
51.02,-1.36501828981,4.26843882037,1,1.57079632679,-0.160858055556,-0.305656111111,-0.0222638888889,-0.0746388888889
51.04,-1.36823992963,4.26231074815,1,1.57079632679,-0.161307222222,-0.307152222222,-0.0226527777778,-0.0749722222222
51.06,-1.37147063056,4.25615268704,1,1.57079632679,-0.161764166667,-0.308655,-0.0230416666667,-0.0753055555556
51.08,-1.37471054815,4.2499645037,1,1.57079632679,-0.162228888889,-0.310164444444,-0.0234305555556,-0.0756388888889
51.1,-1.37795983796,4.24374606481,1,1.57079632679,-0.162701388889,-0.311680555556,-0.0238194444444,-0.0759722222222
51.12,-1.38121865556,4.23749723704,1,1.57079632679,-0.163181666667,-0.313203333333,-0.0242083333333,-0.0763055555556
51.14,-1.38448715648,4.23121788704,1,1.57079632679,-0.163669722222,-0.314732777778,-0.0245972222222,-0.0766388888889
51.16,-1.3877654963,4.22490788148,1,1.57079632679,-0.164165555556,-0.316268888889,-0.0249861111111,-0.0769722222222
51.18,-1.39105383056,4.21856708704,1,1.57079632679,-0.164669166667,-0.317811666667,-0.025375,-0.0773055555556
51.2,-1.39435231481,4.21219537037,1,1.57079632679,-0.165180555556,-0.319361111111,-0.0257638888889,-0.0776388888889
51.22,-1.39766110463,4.20579259815,1,1.57079632679,-0.165699722222,-0.320917222222,-0.0261527777778,-0.0779722222222
51.24,-1.40098035556,4.19935863704,1,1.57079632679,-0.166226666667,-0.32248,-0.0265416666667,-0.0783055555556
51.26,-1.40431022315,4.1928933537,1,1.57079632679,-0.166761388889,-0.324049444444,-0.0269305555556,-0.0786388888889
51.28,-1.40765086296,4.18639661481,1,1.57079632679,-0.167303888889,-0.325625555556,-0.0273194444444,-0.0789722222222
51.3,-1.41100243056,4.17986828704,1,1.57079632679,-0.167854166667,-0.327208333333,-0.0277083333333,-0.0793055555556
51.32,-1.41436508148,4.17330823704,1,1.57079632679,-0.168412222222,-0.328797777778,-0.0280972222222,-0.0796388888889
51.34,-1.4177389713,4.16671633148,1,1.57079632679,-0.168978055556,-0.330393888889,-0.0284861111111,-0.0799722222222
51.36,-1.42112425556,4.16009243704,1,1.57079632679,-0.169551666667,-0.331996666667,-0.028875,-0.0803055555556
51.38,-1.42452108981,4.15343642037,1,1.57079632679,-0.170133055556,-0.333606111111,-0.0292638888889,-0.0806388888889
51.4,-1.42792962963,4.14674814815,1,1.57079632679,-0.170722222222,-0.335222222222,-0.0296527777778,-0.0809722222222
51.42,-1.43135003056,4.14002748704,1,1.57079632679,-0.171319166667,-0.336845,-0.0300416666667,-0.0813055555556
51.44,-1.43478244815,4.1332743037,1,1.57079632679,-0.171923888889,-0.338474444444,-0.0304305555556,-0.0816388888889
51.46,-1.43822703796,4.12648846481,1,1.57079632679,-0.172536388889,-0.340110555556,-0.0308194444444,-0.0819722222222
51.48,-1.44168395556,4.11966983704,1,1.57079632679,-0.173156666667,-0.341753333333,-0.0312083333333,-0.0823055555556
51.5,-1.44515335648,4.11281828704,1,1.57079632679,-0.173784722222,-0.343402777778,-0.0315972222222,-0.0826388888889
51.52,-1.4486353963,4.10593368148,1,1.57079632679,-0.174420555556,-0.345058888889,-0.0319861111111,-0.0829722222222
51.54,-1.45213023056,4.09901588704,1,1.57079632679,-0.175064166667,-0.346721666667,-0.032375,-0.0833055555556
51.56,-1.45563801481,4.09206477037,1,1.57079632679,-0.175715555556,-0.348391111111,-0.0327638888889,-0.0836388888889
51.58,-1.45915890463,4.08508019815,1,1.57079632679,-0.176374722222,-0.350067222222,-0.0331527777778,-0.0839722222222
51.6,-1.46269305556,4.07806203704,1,1.57079632679,-0.177041666667,-0.35175,-0.0335416666667,-0.0843055555556
51.62,-1.46624062315,4.0710101537,1,1.57079632679,-0.177716388889,-0.353439444444,-0.0339305555556,-0.0846388888889
51.64,-1.46980176296,4.06392441481,1,1.57079632679,-0.178398888889,-0.355135555556,-0.0343194444444,-0.0849722222222
51.66,-1.47337663056,4.05680468704,1,1.57079632679,-0.179089166667,-0.356838333333,-0.0347083333333,-0.0853055555556
51.68,-1.47696538148,4.04965083704,1,1.57079632679,-0.179787222222,-0.358547777778,-0.0350972222222,-0.0856388888889
51.7,-1.4805681713,4.04246273148,1,1.57079632679,-0.180493055556,-0.360263888889,-0.0354861111111,-0.0859722222222
51.72,-1.48418515556,4.03524023704,1,1.57079632679,-0.181206666667,-0.361986666667,-0.035875,-0.0863055555556
51.74,-1.48781648981,4.02798322037,1,1.57079632679,-0.181928055556,-0.363716111111,-0.0362638888889,-0.0866388888889
51.76,-1.49146232963,4.02069154815,1,1.57079632679,-0.182657222222,-0.365452222222,-0.0366527777778,-0.0869722222222
51.78,-1.49512283056,4.01336508704,1,1.57079632679,-0.183394166667,-0.367195,-0.0370416666667,-0.0873055555556
51.8,-1.49879814815,4.0060037037,1,1.57079632679,-0.184138888889,-0.368944444444,-0.0374305555556,-0.0876388888889
51.82,-1.50248843796,3.99860726481,1,1.57079632679,-0.184891388889,-0.370700555556,-0.0378194444444,-0.0879722222222
51.84,-1.50619385556,3.99117563704,1,1.57079632679,-0.185651666667,-0.372463333333,-0.0382083333333,-0.0883055555556
51.86,-1.50991455648,3.98370868704,1,1.57079632679,-0.186419722222,-0.374232777778,-0.0385972222222,-0.0886388888889
51.88,-1.5136506963,3.97620628148,1,1.57079632679,-0.187195555556,-0.376008888889,-0.0389861111111,-0.0889722222222
51.9,-1.51740243056,3.96866828704,1,1.57079632679,-0.187979166667,-0.377791666667,-0.039375,-0.0893055555556
51.92,-1.52116991481,3.96109457037,1,1.57079632679,-0.188770555556,-0.379581111111,-0.0397638888889,-0.0896388888889
51.94,-1.52495330463,3.95348499815,1,1.57079632679,-0.189569722222,-0.381377222222,-0.0401527777778,-0.0899722222222
51.96,-1.52875275556,3.94583943704,1,1.57079632679,-0.190376666667,-0.38318,-0.0405416666667,-0.0903055555556
51.98,-1.53256842315,3.9381577537,1,1.57079632679,-0.191191388889,-0.384989444444,-0.0409305555556,-0.0906388888889
52,-1.53640046296,3.93043981481,1,1.57079632679,-0.192013888889,-0.386805555556,-0.0413194444444,-0.0909722222222
52.02,-1.54024903056,3.92268548704,1,1.57079632679,-0.192844166667,-0.388628333333,-0.0417083333333,-0.0913055555556
52.04,-1.54411428148,3.91489463704,1,1.57079632679,-0.193682222222,-0.390457777778,-0.0420972222222,-0.0916388888889
52.06,-1.5479963713,3.90706713148,1,1.57079632679,-0.194528055556,-0.392293888889,-0.0424861111111,-0.0919722222222
52.08,-1.55189545556,3.89920283704,1,1.57079632679,-0.195381666667,-0.394136666667,-0.042875,-0.0923055555556
52.1,-1.55581168981,3.89130162037,1,1.57079632679,-0.196243055556,-0.395986111111,-0.0432638888889,-0.0926388888889
52.12,-1.55974522963,3.88336334815,1,1.57079632679,-0.197112222222,-0.397842222222,-0.0436527777778,-0.0929722222222
52.14,-1.56369623056,3.87538788704,1,1.57079632679,-0.197989166667,-0.399705,-0.0440416666667,-0.0933055555556
52.16,-1.56766484815,3.8673751037,1,1.57079632679,-0.198873888889,-0.401574444444,-0.0444305555556,-0.0936388888889
52.18,-1.57165123796,3.85932486481,1,1.57079632679,-0.199766388889,-0.403450555556,-0.0448194444444,-0.0939722222222
52.2,-1.57565555556,3.85123703704,1,1.57079632679,-0.200666666667,-0.405333333333,-0.0452083333333,-0.0943055555556
52.22,-1.57967795648,3.84311148704,1,1.57079632679,-0.201574722222,-0.407222777778,-0.0455972222222,-0.0946388888889
52.24,-1.5837185963,3.83494808148,1,1.57079632679,-0.202490555556,-0.409118888889,-0.0459861111111,-0.0949722222222
52.26,-1.58777763056,3.82674668704,1,1.57079632679,-0.203414166667,-0.411021666667,-0.046375,-0.0953055555556
52.28,-1.59185521481,3.81850717037,1,1.57079632679,-0.204345555556,-0.412931111111,-0.0467638888889,-0.0956388888889
52.3,-1.59595150463,3.81022939815,1,1.57079632679,-0.205284722222,-0.414847222222,-0.0471527777778,-0.0959722222222
52.32,-1.60006665556,3.80191323704,1,1.57079632679,-0.206231666667,-0.41677,-0.0475416666667,-0.0963055555556
52.34,-1.60420082315,3.7935585537,1,1.57079632679,-0.207186388889,-0.418699444444,-0.0479305555556,-0.0966388888889
52.36,-1.60835416296,3.78516521481,1,1.57079632679,-0.208148888889,-0.420635555556,-0.0483194444444,-0.0969722222222
52.38,-1.61252683056,3.77673308704,1,1.57079632679,-0.209119166667,-0.422578333333,-0.0487083333333,-0.0973055555556
52.4,-1.61671898148,3.76826203704,1,1.57079632679,-0.210097222222,-0.424527777778,-0.0490972222222,-0.0976388888889
52.42,-1.6209307713,3.75975193148,1,1.57079632679,-0.211083055556,-0.426483888889,-0.0494861111111,-0.0979722222222
52.44,-1.62516235556,3.75120263704,1,1.57079632679,-0.212076666667,-0.428446666667,-0.049875,-0.0983055555556
52.46,-1.62941388981,3.74261402037,1,1.57079632679,-0.213078055556,-0.430416111111,-0.0502638888889,-0.0986388888889
52.48,-1.63368552963,3.73398594815,1,1.57079632679,-0.214087222222,-0.432392222222,-0.0506527777778,-0.0989722222222
52.5,-1.63797743056,3.72531828704,1,1.57079632679,-0.215104166667,-0.434375,-0.0510416666667,-0.0993055555556
52.52,-1.64228974815,3.7166109037,1,1.57079632679,-0.216128888889,-0.436364444444,-0.0514305555556,-0.0996388888889
52.54,-1.64662263796,3.70786366481,1,1.57079632679,-0.217161388889,-0.438360555556,-0.0518194444444,-0.0999722222222
52.56,-1.65097625556,3.69907643704,1,1.57079632679,-0.218201666667,-0.440363333333,-0.0522083333333,-0.100305555556
52.58,-1.65535075648,3.69024908704,1,1.57079632679,-0.219249722222,-0.442372777778,-0.0525972222222,-0.100638888889
52.6,-1.6597462963,3.68138148148,1,1.57079632679,-0.220305555556,-0.444388888889,-0.0529861111111,-0.100972222222
52.62,-1.66416303056,3.67247348704,1,1.57079632679,-0.221369166667,-0.446411666667,-0.053375,-0.101305555556
52.64,-1.66860111481,3.66352497037,1,1.57079632679,-0.222440555556,-0.448441111111,-0.0537638888889,-0.101638888889
52.66,-1.67306070463,3.65453579815,1,1.57079632679,-0.223519722222,-0.450477222222,-0.0541527777778,-0.101972222222
52.68,-1.67754195556,3.64550583704,1,1.57079632679,-0.224606666667,-0.45252,-0.0545416666667,-0.102305555556
52.7,-1.68204502315,3.6364349537,1,1.57079632679,-0.225701388889,-0.454569444444,-0.0549305555556,-0.102638888889
52.72,-1.68657006296,3.62732301481,1,1.57079632679,-0.226803888889,-0.456625555556,-0.0553194444444,-0.102972222222
52.74,-1.69111723056,3.61816988704,1,1.57079632679,-0.227914166667,-0.458688333333,-0.0557083333333,-0.103305555556
52.76,-1.69568668148,3.60897543704,1,1.57079632679,-0.229032222222,-0.460757777778,-0.0560972222222,-0.103638888889
52.78,-1.7002785713,3.59973953148,1,1.57079632679,-0.230158055556,-0.462833888889,-0.0564861111111,-0.103972222222
52.8,-1.70489305556,3.59046203704,1,1.57079632679,-0.231291666667,-0.464916666667,-0.056875,-0.104305555556
52.82,-1.70953028981,3.58114282037,1,1.57079632679,-0.232433055556,-0.467006111111,-0.0572638888889,-0.104638888889
52.84,-1.71419042963,3.57178174815,1,1.57079632679,-0.233582222222,-0.469102222222,-0.0576527777778,-0.104972222222
52.86,-1.71887363056,3.56237868704,1,1.57079632679,-0.234739166667,-0.471205,-0.0580416666667,-0.105305555556
52.88,-1.72358004815,3.5529335037,1,1.57079632679,-0.235903888889,-0.473314444444,-0.0584305555556,-0.105638888889
52.9,-1.72830983796,3.54344606481,1,1.57079632679,-0.237076388889,-0.475430555556,-0.0588194444444,-0.105972222222
52.92,-1.73306315556,3.53391623704,1,1.57079632679,-0.238256666667,-0.477553333333,-0.0592083333333,-0.106305555556
52.94,-1.73784015648,3.52434388704,1,1.57079632679,-0.239444722222,-0.479682777778,-0.0595972222222,-0.106638888889
52.96,-1.7426409963,3.51472888148,1,1.57079632679,-0.240640555556,-0.481818888889,-0.0599861111111,-0.106972222222
52.98,-1.74746583056,3.50507108704,1,1.57079632679,-0.241844166667,-0.483961666667,-0.060375,-0.107305555556
53,-1.75231481481,3.49537037037,1,1.57079632679,-0.243055555556,-0.486111111111,-0.0138888888889,-0.0277777777778
53.02,-1.75717868519,3.48564262963,1,1.57079632679,-0.243330555556,-0.486661111111,-0.0136111111111,-0.0272222222222
53.04,-1.762048,3.475904,1,1.57079632679,-0.2436,-0.4872,-0.0133333333333,-0.0266666666667
53.06,-1.76692264815,3.4661547037,1,1.57079632679,-0.243863888889,-0.487727777778,-0.0130555555556,-0.0261111111111
53.08,-1.77180251852,3.45639496296,1,1.57079632679,-0.244122222222,-0.488244444444,-0.0127777777778,-0.0255555555556
53.1,-1.7766875,3.446625,1,1.57079632679,-0.244375,-0.48875,-0.0125,-0.025
53.12,-1.78157748148,3.43684503704,1,1.57079632679,-0.244622222222,-0.489244444444,-0.0122222222222,-0.0244444444444
53.14,-1.78647235185,3.4270552963,1,1.57079632679,-0.244863888889,-0.489727777778,-0.0119444444444,-0.0238888888889
53.16,-1.791372,3.417256,1,1.57079632679,-0.2451,-0.4902,-0.0116666666667,-0.0233333333333
53.18,-1.79627631481,3.40744737037,1,1.57079632679,-0.245330555556,-0.490661111111,-0.0113888888889,-0.0227777777778
53.2,-1.80118518519,3.39762962963,1,1.57079632679,-0.245555555556,-0.491111111111,-0.0111111111111,-0.0222222222222
53.22,-1.8060985,3.387803,1,1.57079632679,-0.245775,-0.49155,-0.0108333333333,-0.0216666666667
53.24,-1.81101614815,3.3779677037,1,1.57079632679,-0.245988888889,-0.491977777778,-0.0105555555556,-0.0211111111111
53.26,-1.81593801852,3.36812396296,1,1.57079632679,-0.246197222222,-0.492394444444,-0.0102777777778,-0.0205555555556
53.28,-1.820864,3.358272,1,1.57079632679,-0.2464,-0.4928,-0.01,-0.02
53.3,-1.82579398148,3.34841203704,1,1.57079632679,-0.246597222222,-0.493194444444,-0.00972222222222,-0.0194444444444
53.32,-1.83072785185,3.3385442963,1,1.57079632679,-0.246788888889,-0.493577777778,-0.00944444444444,-0.0188888888889
53.34,-1.8356655,3.328669,1,1.57079632679,-0.246975,-0.49395,-0.00916666666667,-0.0183333333333
53.36,-1.84060681481,3.31878637037,1,1.57079632679,-0.247155555556,-0.494311111111,-0.00888888888889,-0.0177777777778
53.38,-1.84555168519,3.30889662963,1,1.57079632679,-0.247330555556,-0.494661111111,-0.00861111111111,-0.0172222222222
53.4,-1.8505,3.299,1,1.57079632679,-0.2475,-0.495,-0.00833333333333,-0.0166666666667
53.42,-1.85545164815,3.2890967037,1,1.57079632679,-0.247663888889,-0.495327777778,-0.00805555555556,-0.0161111111111
53.44,-1.86040651852,3.27918696296,1,1.57079632679,-0.247822222222,-0.495644444444,-0.00777777777778,-0.0155555555556
53.46,-1.8653645,3.269271,1,1.57079632679,-0.247975,-0.49595,-0.0075,-0.015
53.48,-1.87032548148,3.25934903704,1,1.57079632679,-0.248122222222,-0.496244444444,-0.00722222222222,-0.0144444444444
53.5,-1.87528935185,3.2494212963,1,1.57079632679,-0.248263888889,-0.496527777778,-0.00694444444444,-0.0138888888889
53.52,-1.880256,3.239488,1,1.57079632679,-0.2484,-0.4968,-0.00666666666667,-0.0133333333333
53.54,-1.88522531481,3.22954937037,1,1.57079632679,-0.248530555556,-0.497061111111,-0.00638888888889,-0.0127777777778
53.56,-1.89019718519,3.21960562963,1,1.57079632679,-0.248655555556,-0.497311111111,-0.00611111111111,-0.0122222222222
53.58,-1.8951715,3.209657,1,1.57079632679,-0.248775,-0.49755,-0.00583333333333,-0.0116666666667
53.6,-1.90014814815,3.1997037037,1,1.57079632679,-0.248888888889,-0.497777777778,-0.00555555555556,-0.0111111111111
53.62,-1.90512701852,3.18974596296,1,1.57079632679,-0.248997222222,-0.497994444444,-0.00527777777778,-0.0105555555556
53.64,-1.910108,3.179784,1,1.57079632679,-0.2491,-0.4982,-0.005,-0.01
53.66,-1.91509098148,3.16981803704,1,1.57079632679,-0.249197222222,-0.498394444444,-0.00472222222222,-0.00944444444444
53.68,-1.92007585185,3.1598482963,1,1.57079632679,-0.249288888889,-0.498577777778,-0.00444444444444,-0.00888888888889
53.7,-1.9250625,3.149875,1,1.57079632679,-0.249375,-0.49875,-0.00416666666667,-0.00833333333333
53.72,-1.93005081481,3.13989837037,1,1.57079632679,-0.249455555556,-0.498911111111,-0.00388888888889,-0.00777777777778
53.74,-1.93504068519,3.12991862963,1,1.57079632679,-0.249530555556,-0.499061111111,-0.00361111111111,-0.00722222222222
53.76,-1.940032,3.119936,1,1.57079632679,-0.2496,-0.4992,-0.00333333333333,-0.00666666666667
53.78,-1.94502464815,3.1099507037,1,1.57079632679,-0.249663888889,-0.499327777778,-0.00305555555556,-0.00611111111111
53.8,-1.95001851852,3.09996296296,1,1.57079632679,-0.249722222222,-0.499444444444,-0.00277777777778,-0.00555555555556
53.82,-1.9550135,3.089973,1,1.57079632679,-0.249775,-0.49955,-0.0025,-0.005
53.84,-1.96000948148,3.07998103704,1,1.57079632679,-0.249822222222,-0.499644444444,-0.00222222222222,-0.00444444444444
53.86,-1.96500635185,3.0699872963,1,1.57079632679,-0.249863888889,-0.499727777778,-0.00194444444444,-0.00388888888889
53.88,-1.970004,3.059992,1,1.57079632679,-0.2499,-0.4998,-0.00166666666667,-0.00333333333333
53.9,-1.97500231481,3.04999537037,1,1.57079632679,-0.249930555556,-0.499861111111,-0.00138888888889,-0.00277777777778
53.92,-1.98000118519,3.03999762963,1,1.57079632679,-0.249955555556,-0.499911111111,-0.00111111111111,-0.00222222222222
53.94,-1.9850005,3.029999,1,1.57079632679,-0.249975,-0.49995,-0.000833333333333,-0.00166666666667
53.96,-1.99000014815,3.0199997037,1,1.57079632679,-0.249988888889,-0.499977777778,-0.000555555555556,-0.00111111111111
53.98,-1.99500001852,3.00999996296,1,1.57079632679,-0.249997222222,-0.499994444444,-0.000277777777778,-0.000555555555556
54,-2,3,1,1.57079632679,-0.25,-0.5,-3.98986399475e-17,-7.97972798949e-17
54.02,-2.00499998148,2.99000003704,1,1.57079632679,-0.249997222222,-0.499994444444,0.000277777777778,0.000555555555556
54.04,-2.00999985185,2.9800002963,1,1.57079632679,-0.249988888889,-0.499977777778,0.000555555555556,0.00111111111111
54.06,-2.0149995,2.970001,1,1.57079632679,-0.249975,-0.49995,0.000833333333333,0.00166666666667
54.08,-2.01999881481,2.96000237037,1,1.57079632679,-0.249955555556,-0.499911111111,0.00111111111111,0.00222222222222
54.1,-2.02499768519,2.95000462963,1,1.57079632679,-0.249930555556,-0.499861111111,0.00138888888889,0.00277777777778
54.12,-2.029996,2.940008,1,1.57079632679,-0.2499,-0.4998,0.00166666666667,0.00333333333333
54.14,-2.03499364815,2.9300127037,1,1.57079632679,-0.249863888889,-0.499727777778,0.00194444444444,0.00388888888889
54.16,-2.03999051852,2.92001896296,1,1.57079632679,-0.249822222222,-0.499644444444,0.00222222222222,0.00444444444444
54.18,-2.0449865,2.910027,1,1.57079632679,-0.249775,-0.49955,0.0025,0.005
54.2,-2.04998148148,2.90003703704,1,1.57079632679,-0.249722222222,-0.499444444444,0.00277777777778,0.00555555555556
54.22,-2.05497535185,2.8900492963,1,1.57079632679,-0.249663888889,-0.499327777778,0.00305555555556,0.00611111111111
54.24,-2.059968,2.880064,1,1.57079632679,-0.2496,-0.4992,0.00333333333333,0.00666666666667
54.26,-2.06495931481,2.87008137037,1,1.57079632679,-0.249530555556,-0.499061111111,0.00361111111111,0.00722222222222
54.28,-2.06994918519,2.86010162963,1,1.57079632679,-0.249455555556,-0.498911111111,0.00388888888889,0.00777777777778
54.3,-2.0749375,2.850125,1,1.57079632679,-0.249375,-0.49875,0.00416666666667,0.00833333333333
54.32,-2.07992414815,2.8401517037,1,1.57079632679,-0.249288888889,-0.498577777778,0.00444444444444,0.00888888888889
54.34,-2.08490901852,2.83018196296,1,1.57079632679,-0.249197222222,-0.498394444444,0.00472222222222,0.00944444444444
54.36,-2.089892,2.820216,1,1.57079632679,-0.2491,-0.4982,0.005,0.01
54.38,-2.09487298148,2.81025403704,1,1.57079632679,-0.248997222222,-0.497994444444,0.00527777777778,0.0105555555556
54.4,-2.09985185185,2.8002962963,1,1.57079632679,-0.248888888889,-0.497777777778,0.00555555555556,0.0111111111111
54.42,-2.1048285,2.790343,1,1.57079632679,-0.248775,-0.49755,0.00583333333333,0.0116666666667
54.44,-2.10980281481,2.78039437037,1,1.57079632679,-0.248655555556,-0.497311111111,0.00611111111111,0.0122222222222
54.46,-2.11477468519,2.77045062963,1,1.57079632679,-0.248530555556,-0.497061111111,0.00638888888889,0.0127777777778
54.48,-2.119744,2.760512,1,1.57079632679,-0.2484,-0.4968,0.00666666666667,0.0133333333333
54.5,-2.12471064815,2.7505787037,1,1.57079632679,-0.248263888889,-0.496527777778,0.00694444444444,0.0138888888889
54.52,-2.12967451852,2.74065096296,1,1.57079632679,-0.248122222222,-0.496244444444,0.00722222222222,0.0144444444444
54.54,-2.1346355,2.730729,1,1.57079632679,-0.247975,-0.49595,0.0075,0.015
54.56,-2.13959348148,2.72081303704,1,1.57079632679,-0.247822222222,-0.495644444444,0.00777777777778,0.0155555555556
54.58,-2.14454835185,2.7109032963,1,1.57079632679,-0.247663888889,-0.495327777778,0.00805555555556,0.0161111111111
54.6,-2.1495,2.701,1,1.57079632679,-0.2475,-0.495,0.00833333333333,0.0166666666667
54.62,-2.15444831481,2.69110337037,1,1.57079632679,-0.247330555556,-0.494661111111,0.00861111111111,0.0172222222222
54.64,-2.15939318519,2.68121362963,1,1.57079632679,-0.247155555556,-0.494311111111,0.00888888888889,0.0177777777778
54.66,-2.1643345,2.671331,1,1.57079632679,-0.246975,-0.49395,0.00916666666667,0.0183333333333
54.68,-2.16927214815,2.6614557037,1,1.57079632679,-0.246788888889,-0.493577777778,0.00944444444444,0.0188888888889
54.7,-2.17420601852,2.65158796296,1,1.57079632679,-0.246597222222,-0.493194444444,0.00972222222222,0.0194444444444
54.72,-2.179136,2.641728,1,1.57079632679,-0.2464,-0.4928,0.01,0.02
54.74,-2.18406198148,2.63187603704,1,1.57079632679,-0.246197222222,-0.492394444444,0.0102777777778,0.0205555555556
54.76,-2.18898385185,2.6220322963,1,1.57079632679,-0.245988888889,-0.491977777778,0.0105555555556,0.0211111111111
54.78,-2.1939015,2.612197,1,1.57079632679,-0.245775,-0.49155,0.0108333333333,0.0216666666667
54.8,-2.19881481481,2.60237037037,1,1.57079632679,-0.245555555556,-0.491111111111,0.0111111111111,0.0222222222222
54.82,-2.20372368519,2.59255262963,1,1.57079632679,-0.245330555556,-0.490661111111,0.0113888888889,0.0227777777778
54.84,-2.208628,2.582744,1,1.57079632679,-0.2451,-0.4902,0.0116666666667,0.0233333333333
54.86,-2.21352764815,2.5729447037,1,1.57079632679,-0.244863888889,-0.489727777778,0.0119444444444,0.0238888888889
54.88,-2.21842251852,2.56315496296,1,1.57079632679,-0.244622222222,-0.489244444444,0.0122222222222,0.0244444444444
54.9,-2.2233125,2.553375,1,1.57079632679,-0.244375,-0.48875,0.0125,0.025
54.92,-2.22819748148,2.54360503704,1,1.57079632679,-0.244122222222,-0.488244444444,0.0127777777778,0.0255555555556
54.94,-2.23307735185,2.5338452963,1,1.57079632679,-0.243863888889,-0.487727777778,0.0130555555556,0.0261111111111
54.96,-2.237952,2.524096,1,1.57079632679,-0.2436,-0.4872,0.0133333333333,0.0266666666667
54.98,-2.24282131481,2.51435737037,1,1.57079632679,-0.243330555556,-0.486661111111,0.0136111111111,0.0272222222222
55,-2.24768518519,2.50462962963,1,1.57079632679,-0.243055555556,-0.486111111111,0.0138888888889,0.0277777777778
55.02,-2.2525435,2.494913,1,1.57079632679,-0.242775,-0.48555,0.0141666666667,0.0283333333333
55.04,-2.25739614815,2.4852077037,1,1.57079632679,-0.242488888889,-0.484977777778,0.0144444444444,0.0288888888889
55.06,-2.26224301852,2.47551396296,1,1.57079632679,-0.242197222222,-0.484394444444,0.0147222222222,0.0294444444444
55.08,-2.267084,2.465832,1,1.57079632679,-0.2419,-0.4838,0.015,0.03
55.1,-2.27191898148,2.45616203704,1,1.57079632679,-0.241597222222,-0.483194444444,0.0152777777778,0.0305555555556
55.12,-2.27674785185,2.4465042963,1,1.57079632679,-0.241288888889,-0.482577777778,0.0155555555556,0.0311111111111
55.14,-2.2815705,2.436859,1,1.57079632679,-0.240975,-0.48195,0.0158333333333,0.0316666666667
55.16,-2.28638681481,2.42722637037,1,1.57079632679,-0.240655555556,-0.481311111111,0.0161111111111,0.0322222222222
55.18,-2.29119668519,2.41760662963,1,1.57079632679,-0.240330555556,-0.480661111111,0.0163888888889,0.0327777777778
55.2,-2.296,2.408,1,1.57079632679,-0.24,-0.48,0.0166666666667,0.0333333333333
55.22,-2.30079664815,2.3984067037,1,1.57079632679,-0.239663888889,-0.479327777778,0.0169444444444,0.0338888888889
55.24,-2.30558651852,2.38882696296,1,1.57079632679,-0.239322222222,-0.478644444444,0.0172222222222,0.0344444444444
55.26,-2.3103695,2.379261,1,1.57079632679,-0.238975,-0.47795,0.0175,0.035
55.28,-2.31514548148,2.36970903704,1,1.57079632679,-0.238622222222,-0.477244444444,0.0177777777778,0.0355555555556
55.3,-2.31991435185,2.3601712963,1,1.57079632679,-0.238263888889,-0.476527777778,0.0180555555556,0.0361111111111
55.32,-2.324676,2.350648,1,1.57079632679,-0.2379,-0.4758,0.0183333333333,0.0366666666667
55.34,-2.32943031481,2.34113937037,1,1.57079632679,-0.237530555556,-0.475061111111,0.0186111111111,0.0372222222222
55.36,-2.33417718519,2.33164562963,1,1.57079632679,-0.237155555556,-0.474311111111,0.0188888888889,0.0377777777778
55.38,-2.3389165,2.322167,1,1.57079632679,-0.236775,-0.47355,0.0191666666667,0.0383333333333
55.4,-2.34364814815,2.3127037037,1,1.57079632679,-0.236388888889,-0.472777777778,0.0194444444444,0.0388888888889
55.42,-2.34837201852,2.30325596296,1,1.57079632679,-0.235997222222,-0.471994444444,0.0197222222222,0.0394444444444
55.44,-2.353088,2.293824,1,1.57079632679,-0.2356,-0.4712,0.02,0.04
55.46,-2.35779598148,2.28440803704,1,1.57079632679,-0.235197222222,-0.470394444444,0.0202777777778,0.0405555555556
55.48,-2.36249585185,2.2750082963,1,1.57079632679,-0.234788888889,-0.469577777778,0.0205555555556,0.0411111111111
55.5,-2.3671875,2.265625,1,1.57079632679,-0.234375,-0.46875,0.0208333333333,0.0416666666667
55.52,-2.37187081481,2.25625837037,1,1.57079632679,-0.233955555556,-0.467911111111,0.0211111111111,0.0422222222222
55.54,-2.37654568519,2.24690862963,1,1.57079632679,-0.233530555556,-0.467061111111,0.0213888888889,0.0427777777778
55.56,-2.381212,2.237576,1,1.57079632679,-0.2331,-0.4662,0.0216666666667,0.0433333333333
55.58,-2.38586964815,2.2282607037,1,1.57079632679,-0.232663888889,-0.465327777778,0.0219444444444,0.0438888888889
55.6,-2.39051851852,2.21896296296,1,1.57079632679,-0.232222222222,-0.464444444444,0.0222222222222,0.0444444444444
55.62,-2.3951585,2.209683,1,1.57079632679,-0.231775,-0.46355,0.0225,0.045
55.64,-2.39978948148,2.20042103704,1,1.57079632679,-0.231322222222,-0.462644444444,0.0227777777778,0.0455555555556
55.66,-2.40441135185,2.1911772963,1,1.57079632679,-0.230863888889,-0.461727777778,0.0230555555556,0.0461111111111
55.68,-2.409024,2.181952,1,1.57079632679,-0.2304,-0.4608,0.0233333333333,0.0466666666667
55.7,-2.41362731481,2.17274537037,1,1.57079632679,-0.229930555556,-0.459861111111,0.0236111111111,0.0472222222222
55.72,-2.41822118519,2.16355762963,1,1.57079632679,-0.229455555556,-0.458911111111,0.0238888888889,0.0477777777778
55.74,-2.4228055,2.154389,1,1.57079632679,-0.228975,-0.45795,0.0241666666667,0.0483333333333
55.76,-2.42738014815,2.1452397037,1,1.57079632679,-0.228488888889,-0.456977777778,0.0244444444444,0.0488888888889
55.78,-2.43194501852,2.13610996296,1,1.57079632679,-0.227997222222,-0.455994444444,0.0247222222222,0.0494444444444
55.8,-2.4365,2.127,1,1.57079632679,-0.2275,-0.455,0.025,0.05
55.82,-2.44104498148,2.11791003704,1,1.57079632679,-0.226997222222,-0.453994444444,0.0252777777778,0.0505555555556
55.84,-2.44557985185,2.1088402963,1,1.57079632679,-0.226488888889,-0.452977777778,0.0255555555556,0.0511111111111
55.86,-2.4501045,2.099791,1,1.57079632679,-0.225975,-0.45195,0.0258333333333,0.0516666666667
55.88,-2.45461881481,2.09076237037,1,1.57079632679,-0.225455555556,-0.450911111111,0.0261111111111,0.0522222222222
55.9,-2.45912268519,2.08175462963,1,1.57079632679,-0.224930555556,-0.449861111111,0.0263888888889,0.0527777777778
55.92,-2.463616,2.072768,1,1.57079632679,-0.2244,-0.4488,0.0266666666667,0.0533333333333
55.94,-2.46809864815,2.0638027037,1,1.57079632679,-0.223863888889,-0.447727777778,0.0269444444444,0.0538888888889
55.96,-2.47257051852,2.05485896296,1,1.57079632679,-0.223322222222,-0.446644444444,0.0272222222222,0.0544444444444
55.98,-2.4770315,2.045937,1,1.57079632679,-0.222775,-0.44555,0.0275,0.055
56,-2.48148148148,2.03703703704,1,1.57079632679,-0.222222222222,-0.444444444444,0.0277777777778,0.0555555555556
56.02,-2.48592035185,2.0281592963,1,1.57079632679,-0.221663888889,-0.443327777778,0.0280555555556,0.0561111111111
56.04,-2.490348,2.019304,1,1.57079632679,-0.2211,-0.4422,0.0283333333333,0.0566666666667
56.06,-2.49476431481,2.01047137037,1,1.57079632679,-0.220530555556,-0.441061111111,0.0286111111111,0.0572222222222
56.08,-2.49916918519,2.00166162963,1,1.57079632679,-0.219955555556,-0.439911111111,0.0288888888889,0.0577777777778
56.1,-2.5035625,1.992875,1,1.57079632679,-0.219375,-0.43875,0.0291666666667,0.0583333333333
56.12,-2.50794414815,1.9841117037,1,1.57079632679,-0.218788888889,-0.437577777778,0.0294444444444,0.0588888888889
56.14,-2.51231401852,1.97537196296,1,1.57079632679,-0.218197222222,-0.436394444444,0.0297222222222,0.0594444444444
56.16,-2.516672,1.966656,1,1.57079632679,-0.2176,-0.4352,0.03,0.06
56.18,-2.52101798148,1.95796403704,1,1.57079632679,-0.216997222222,-0.433994444444,0.0302777777778,0.0605555555556
56.2,-2.52535185185,1.9492962963,1,1.57079632679,-0.216388888889,-0.432777777778,0.0305555555556,0.0611111111111
56.22,-2.5296735,1.940653,1,1.57079632679,-0.215775,-0.43155,0.0308333333333,0.0616666666667
56.24,-2.53398281481,1.93203437037,1,1.57079632679,-0.215155555556,-0.430311111111,0.0311111111111,0.0622222222222
56.26,-2.53827968519,1.92344062963,1,1.57079632679,-0.214530555556,-0.429061111111,0.0313888888889,0.0627777777778
56.28,-2.542564,1.914872,1,1.57079632679,-0.2139,-0.4278,0.0316666666667,0.0633333333333
56.3,-2.54683564815,1.9063287037,1,1.57079632679,-0.213263888889,-0.426527777778,0.0319444444444,0.0638888888889
56.32,-2.55109451852,1.89781096296,1,1.57079632679,-0.212622222222,-0.425244444444,0.0322222222222,0.0644444444444
56.34,-2.5553405,1.889319,1,1.57079632679,-0.211975,-0.42395,0.0325,0.065
56.36,-2.55957348148,1.88085303704,1,1.57079632679,-0.211322222222,-0.422644444444,0.0327777777778,0.0655555555556
56.38,-2.56379335185,1.8724132963,1,1.57079632679,-0.210663888889,-0.421327777778,0.0330555555556,0.0661111111111
56.4,-2.568,1.864,1,1.57079632679,-0.21,-0.42,0.0333333333333,0.0666666666667
56.42,-2.57219331481,1.85561337037,1,1.57079632679,-0.209330555556,-0.418661111111,0.0336111111111,0.0672222222222
56.44,-2.57637318519,1.84725362963,1,1.57079632679,-0.208655555556,-0.417311111111,0.0338888888889,0.0677777777778
56.46,-2.5805395,1.838921,1,1.57079632679,-0.207975,-0.41595,0.0341666666667,0.0683333333333
56.48,-2.58469214815,1.8306157037,1,1.57079632679,-0.207288888889,-0.414577777778,0.0344444444444,0.0688888888889
56.5,-2.58883101852,1.82233796296,1,1.57079632679,-0.206597222222,-0.413194444444,0.0347222222222,0.0694444444444
56.52,-2.592956,1.814088,1,1.57079632679,-0.2059,-0.4118,0.035,0.07
56.54,-2.59706698148,1.80586603704,1,1.57079632679,-0.205197222222,-0.410394444444,0.0352777777778,0.0705555555556
56.56,-2.60116385185,1.7976722963,1,1.57079632679,-0.204488888889,-0.408977777778,0.0355555555556,0.0711111111111
56.58,-2.6052465,1.789507,1,1.57079632679,-0.203775,-0.40755,0.0358333333333,0.0716666666667
56.6,-2.60931481481,1.78137037037,1,1.57079632679,-0.203055555556,-0.406111111111,0.0361111111111,0.0722222222222
56.62,-2.61336868519,1.77326262963,1,1.57079632679,-0.202330555556,-0.404661111111,0.0363888888889,0.0727777777778
56.64,-2.617408,1.765184,1,1.57079632679,-0.2016,-0.4032,0.0366666666667,0.0733333333333
56.66,-2.62143264815,1.7571347037,1,1.57079632679,-0.200863888889,-0.401727777778,0.0369444444444,0.0738888888889
56.68,-2.62544251852,1.74911496296,1,1.57079632679,-0.200122222222,-0.400244444444,0.0372222222222,0.0744444444444
56.7,-2.6294375,1.741125,1,1.57079632679,-0.199375,-0.39875,0.0375,0.075
56.72,-2.63341748148,1.73316503704,1,1.57079632679,-0.198622222222,-0.397244444444,0.0377777777778,0.0755555555556
56.74,-2.63738235185,1.7252352963,1,1.57079632679,-0.197863888889,-0.395727777778,0.0380555555556,0.0761111111111
56.76,-2.641332,1.717336,1,1.57079632679,-0.1971,-0.3942,0.0383333333333,0.0766666666667
56.78,-2.64526631481,1.70946737037,1,1.57079632679,-0.196330555556,-0.392661111111,0.0386111111111,0.0772222222222
56.8,-2.64918518519,1.70162962963,1,1.57079632679,-0.195555555556,-0.391111111111,0.0388888888889,0.0777777777778
56.82,-2.6530885,1.693823,1,1.57079632679,-0.194775,-0.38955,0.0391666666667,0.0783333333333
56.84,-2.65697614815,1.6860477037,1,1.57079632679,-0.193988888889,-0.387977777778,0.0394444444444,0.0788888888889
56.86,-2.66084801852,1.67830396296,1,1.57079632679,-0.193197222222,-0.386394444444,0.0397222222222,0.0794444444444
56.88,-2.664704,1.670592,1,1.57079632679,-0.1924,-0.3848,0.04,0.08
56.9,-2.66854398148,1.66291203704,1,1.57079632679,-0.191597222222,-0.383194444444,0.0402777777778,0.0805555555556
56.92,-2.67236785185,1.6552642963,1,1.57079632679,-0.190788888889,-0.381577777778,0.0405555555556,0.0811111111111
56.94,-2.6761755,1.647649,1,1.57079632679,-0.189975,-0.37995,0.0408333333333,0.0816666666667
56.96,-2.67996681481,1.64006637037,1,1.57079632679,-0.189155555556,-0.378311111111,0.0411111111111,0.0822222222222
56.98,-2.68374168519,1.63251662963,1,1.57079632679,-0.188330555556,-0.376661111111,0.0413888888889,0.0827777777778
57,-2.6875,1.625,1,1.57079632679,-0.1875,-0.375,0.0416666666667,0.0833333333333
57.02,-2.69124164815,1.6175167037,1,1.57079632679,-0.186663888889,-0.373327777778,0.0419444444444,0.0838888888889
57.04,-2.69496651852,1.61006696296,1,1.57079632679,-0.185822222222,-0.371644444444,0.0422222222222,0.0844444444444
57.06,-2.6986745,1.602651,1,1.57079632679,-0.184975,-0.36995,0.0425,0.085
57.08,-2.70236548148,1.59526903704,1,1.57079632679,-0.184122222222,-0.368244444444,0.0427777777778,0.0855555555556
57.1,-2.70603935185,1.5879212963,1,1.57079632679,-0.183263888889,-0.366527777778,0.0430555555556,0.0861111111111
57.12,-2.709696,1.580608,1,1.57079632679,-0.1824,-0.3648,0.0433333333333,0.0866666666667
57.14,-2.71333531481,1.57332937037,1,1.57079632679,-0.181530555556,-0.363061111111,0.0436111111111,0.0872222222222
57.16,-2.71695718519,1.56608562963,1,1.57079632679,-0.180655555556,-0.361311111111,0.0438888888889,0.0877777777778
57.18,-2.7205615,1.558877,1,1.57079632679,-0.179775,-0.35955,0.0441666666667,0.0883333333333
57.2,-2.72414814815,1.5517037037,1,1.57079632679,-0.178888888889,-0.357777777778,0.0444444444444,0.0888888888889
57.22,-2.72771701852,1.54456596296,1,1.57079632679,-0.177997222222,-0.355994444444,0.0447222222222,0.0894444444444
57.24,-2.731268,1.537464,1,1.57079632679,-0.1771,-0.3542,0.045,0.09
57.26,-2.73480098148,1.53039803704,1,1.57079632679,-0.176197222222,-0.352394444444,0.0452777777778,0.0905555555556
57.28,-2.73831585185,1.5233682963,1,1.57079632679,-0.175288888889,-0.350577777778,0.0455555555556,0.0911111111111
57.3,-2.7418125,1.516375,1,1.57079632679,-0.174375,-0.34875,0.0458333333333,0.0916666666667
57.32,-2.74529081481,1.50941837037,1,1.57079632679,-0.173455555556,-0.346911111111,0.0461111111111,0.0922222222222
57.34,-2.74875068519,1.50249862963,1,1.57079632679,-0.172530555556,-0.345061111111,0.0463888888889,0.0927777777778
57.36,-2.752192,1.495616,1,1.57079632679,-0.1716,-0.3432,0.0466666666667,0.0933333333333
57.38,-2.75561464815,1.4887707037,1,1.57079632679,-0.170663888889,-0.341327777778,0.0469444444444,0.0938888888889
57.4,-2.75901851852,1.48196296296,1,1.57079632679,-0.169722222222,-0.339444444444,0.0472222222222,0.0944444444444
57.42,-2.7624035,1.475193,1,1.57079632679,-0.168775,-0.33755,0.0475,0.095
57.44,-2.76576948148,1.46846103704,1,1.57079632679,-0.167822222222,-0.335644444444,0.0477777777778,0.0955555555556
57.46,-2.76911635185,1.4617672963,1,1.57079632679,-0.166863888889,-0.333727777778,0.0480555555556,0.0961111111111
57.48,-2.772444,1.455112,1,1.57079632679,-0.1659,-0.3318,0.0483333333333,0.0966666666667
57.5,-2.77575231481,1.44849537037,1,1.57079632679,-0.164930555556,-0.329861111111,0.0486111111111,0.0972222222222
57.52,-2.77904118519,1.44191762963,1,1.57079632679,-0.163955555556,-0.327911111111,0.0488888888889,0.0977777777778
57.54,-2.7823105,1.435379,1,1.57079632679,-0.162975,-0.32595,0.0491666666667,0.0983333333333
57.56,-2.78556014815,1.4288797037,1,1.57079632679,-0.161988888889,-0.323977777778,0.0494444444444,0.0988888888889
57.58,-2.78879001852,1.42241996296,1,1.57079632679,-0.160997222222,-0.321994444444,0.0497222222222,0.0994444444444
57.6,-2.792,1.416,1,1.57079632679,-0.16,-0.32,0.05,0.1
57.62,-2.79518998148,1.40962003704,1,1.57079632679,-0.158997222222,-0.317994444444,0.0502777777778,0.100555555556
57.64,-2.79835985185,1.4032802963,1,1.57079632679,-0.157988888889,-0.315977777778,0.0505555555556,0.101111111111
57.66,-2.8015095,1.396981,1,1.57079632679,-0.156975,-0.31395,0.0508333333333,0.101666666667
57.68,-2.80463881481,1.39072237037,1,1.57079632679,-0.155955555556,-0.311911111111,0.0511111111111,0.102222222222
57.7,-2.80774768519,1.38450462963,1,1.57079632679,-0.154930555556,-0.309861111111,0.0513888888889,0.102777777778
57.72,-2.810836,1.378328,1,1.57079632679,-0.1539,-0.3078,0.0516666666667,0.103333333333
57.74,-2.81390364815,1.3721927037,1,1.57079632679,-0.152863888889,-0.305727777778,0.0519444444444,0.103888888889
57.76,-2.81695051852,1.36609896296,1,1.57079632679,-0.151822222222,-0.303644444444,0.0522222222222,0.104444444444
57.78,-2.8199765,1.360047,1,1.57079632679,-0.150775,-0.30155,0.0525,0.105
57.8,-2.82298148148,1.35403703704,1,1.57079632679,-0.149722222222,-0.299444444444,0.0527777777778,0.105555555556
57.82,-2.82596535185,1.3480692963,1,1.57079632679,-0.148663888889,-0.297327777778,0.0530555555556,0.106111111111
57.84,-2.828928,1.342144,1,1.57079632679,-0.1476,-0.2952,0.0533333333333,0.106666666667
57.86,-2.83186931481,1.33626137037,1,1.57079632679,-0.146530555556,-0.293061111111,0.0536111111111,0.107222222222
57.88,-2.83478918519,1.33042162963,1,1.57079632679,-0.145455555556,-0.290911111111,0.0538888888889,0.107777777778
57.9,-2.8376875,1.324625,1,1.57079632679,-0.144375,-0.28875,0.0541666666667,0.108333333333
57.92,-2.84056414815,1.3188717037,1,1.57079632679,-0.143288888889,-0.286577777778,0.0544444444444,0.108888888889
57.94,-2.84341901852,1.31316196296,1,1.57079632679,-0.142197222222,-0.284394444444,0.0547222222222,0.109444444444
57.96,-2.846252,1.307496,1,1.57079632679,-0.1411,-0.2822,0.055,0.11
57.98,-2.84906298148,1.30187403704,1,1.57079632679,-0.139997222222,-0.279994444444,0.0552777777778,0.110555555556
58,-2.85185185185,1.2962962963,1,1.57079632679,-0.138888888889,-0.277777777778,0.0555555555556,0.111111111111
58.02,-2.8546185,1.290763,1,1.57079632679,-0.137775,-0.27555,0.0558333333333,0.111666666667
58.04,-2.85736281481,1.28527437037,1,1.57079632679,-0.136655555556,-0.273311111111,0.0561111111111,0.112222222222
58.06,-2.86008468519,1.27983062963,1,1.57079632679,-0.135530555556,-0.271061111111,0.0563888888889,0.112777777778
58.08,-2.862784,1.274432,1,1.57079632679,-0.1344,-0.2688,0.0566666666667,0.113333333333
58.1,-2.86546064815,1.2690787037,1,1.57079632679,-0.133263888889,-0.266527777778,0.0569444444444,0.113888888889
58.12,-2.86811451852,1.26377096296,1,1.57079632679,-0.132122222222,-0.264244444444,0.0572222222222,0.114444444444
58.14,-2.8707455,1.258509,1,1.57079632679,-0.130975,-0.26195,0.0575,0.115
58.16,-2.87335348148,1.25329303704,1,1.57079632679,-0.129822222222,-0.259644444444,0.0577777777778,0.115555555556
58.18,-2.87593835185,1.2481232963,1,1.57079632679,-0.128663888889,-0.257327777778,0.0580555555556,0.116111111111
58.2,-2.8785,1.243,1,1.57079632679,-0.1275,-0.255,0.0583333333333,0.116666666667
58.22,-2.88103831481,1.23792337037,1,1.57079632679,-0.126330555556,-0.252661111111,0.0586111111111,0.117222222222
58.24,-2.88355318519,1.23289362963,1,1.57079632679,-0.125155555556,-0.250311111111,0.0588888888889,0.117777777778
58.26,-2.8860445,1.227911,1,1.57079632679,-0.123975,-0.24795,0.0591666666667,0.118333333333
58.28,-2.88851214815,1.2229757037,1,1.57079632679,-0.122788888889,-0.245577777778,0.0594444444444,0.118888888889
58.3,-2.89095601852,1.21808796296,1,1.57079632679,-0.121597222222,-0.243194444444,0.0597222222222,0.119444444444
58.32,-2.893376,1.213248,1,1.57079632679,-0.1204,-0.2408,0.06,0.12
58.34,-2.89577198148,1.20845603704,1,1.57079632679,-0.119197222222,-0.238394444444,0.0602777777778,0.120555555556
58.36,-2.89814385185,1.2037122963,1,1.57079632679,-0.117988888889,-0.235977777778,0.0605555555556,0.121111111111
58.38,-2.9004915,1.199017,1,1.57079632679,-0.116775,-0.23355,0.0608333333333,0.121666666667
58.4,-2.90281481481,1.19437037037,1,1.57079632679,-0.115555555556,-0.231111111111,0.0611111111111,0.122222222222
58.42,-2.90511368519,1.18977262963,1,1.57079632679,-0.114330555556,-0.228661111111,0.0613888888889,0.122777777778
58.44,-2.907388,1.185224,1,1.57079632679,-0.1131,-0.2262,0.0616666666667,0.123333333333
58.46,-2.90963764815,1.1807247037,1,1.57079632679,-0.111863888889,-0.223727777778,0.0619444444444,0.123888888889
58.48,-2.91186251852,1.17627496296,1,1.57079632679,-0.110622222222,-0.221244444444,0.0622222222222,0.124444444444
58.5,-2.9140625,1.171875,1,1.57079632679,-0.109375,-0.21875,0.0625,0.125
58.52,-2.91623748148,1.16752503704,1,1.57079632679,-0.108122222222,-0.216244444444,0.0627777777778,0.125555555556
58.54,-2.91838735185,1.1632252963,1,1.57079632679,-0.106863888889,-0.213727777778,0.0630555555556,0.126111111111
58.56,-2.920512,1.158976,1,1.57079632679,-0.1056,-0.2112,0.0633333333333,0.126666666667
58.58,-2.92261131481,1.15477737037,1,1.57079632679,-0.104330555556,-0.208661111111,0.0636111111111,0.127222222222
58.6,-2.92468518519,1.15062962963,1,1.57079632679,-0.103055555556,-0.206111111111,0.0638888888889,0.127777777778
58.62,-2.9267335,1.146533,1,1.57079632679,-0.101775,-0.20355,0.0641666666667,0.128333333333
58.64,-2.92875614815,1.1424877037,1,1.57079632679,-0.100488888889,-0.200977777778,0.0644444444444,0.128888888889
58.66,-2.93075301852,1.13849396296,1,1.57079632679,-0.0991972222222,-0.198394444444,0.0647222222222,0.129444444444
58.68,-2.932724,1.134552,1,1.57079632679,-0.0979,-0.1958,0.065,0.13
58.7,-2.93466898148,1.13066203704,1,1.57079632679,-0.0965972222222,-0.193194444444,0.0652777777778,0.130555555556
58.72,-2.93658785185,1.1268242963,1,1.57079632679,-0.0952888888889,-0.190577777778,0.0655555555556,0.131111111111
58.74,-2.9384805,1.123039,1,1.57079632679,-0.093975,-0.18795,0.0658333333333,0.131666666667
58.76,-2.94034681481,1.11930637037,1,1.57079632679,-0.0926555555556,-0.185311111111,0.0661111111111,0.132222222222
58.78,-2.94218668519,1.11562662963,1,1.57079632679,-0.0913305555556,-0.182661111111,0.0663888888889,0.132777777778
58.8,-2.944,1.112,1,1.57079632679,-0.09,-0.18,0.0666666666667,0.133333333333
58.82,-2.94578664815,1.1084267037,1,1.57079632679,-0.0886638888889,-0.177327777778,0.0669444444444,0.133888888889
58.84,-2.94754651852,1.10490696296,1,1.57079632679,-0.0873222222222,-0.174644444444,0.0672222222222,0.134444444444
58.86,-2.9492795,1.101441,1,1.57079632679,-0.085975,-0.17195,0.0675,0.135
58.88,-2.95098548148,1.09802903704,1,1.57079632679,-0.0846222222222,-0.169244444444,0.0677777777778,0.135555555556
58.9,-2.95266435185,1.0946712963,1,1.57079632679,-0.0832638888889,-0.166527777778,0.0680555555556,0.136111111111
58.92,-2.954316,1.091368,1,1.57079632679,-0.0819,-0.1638,0.0683333333333,0.136666666667
58.94,-2.95594031481,1.08811937037,1,1.57079632679,-0.0805305555556,-0.161061111111,0.0686111111111,0.137222222222
58.96,-2.95753718519,1.08492562963,1,1.57079632679,-0.0791555555556,-0.158311111111,0.0688888888889,0.137777777778
58.98,-2.9591065,1.081787,1,1.57079632679,-0.077775,-0.15555,0.0691666666667,0.138333333333
59,-2.96064814815,1.0787037037,1,1.57079632679,-0.0763888888889,-0.152777777778,0.0694444444444,0.138888888889
59.02,-2.96216201852,1.07567596296,1,1.57079632679,-0.0749972222222,-0.149994444444,0.0697222222222,0.139444444444
59.04,-2.963648,1.072704,1,1.57079632679,-0.0736,-0.1472,0.07,0.14
59.06,-2.96510598148,1.06978803704,1,1.57079632679,-0.0721972222222,-0.144394444444,0.0702777777778,0.140555555556
59.08,-2.96653585185,1.0669282963,1,1.57079632679,-0.0707888888889,-0.141577777778,0.0705555555556,0.141111111111
59.1,-2.9679375,1.064125,1,1.57079632679,-0.069375,-0.13875,0.0708333333333,0.141666666667
59.12,-2.96931081481,1.06137837037,1,1.57079632679,-0.0679555555556,-0.135911111111,0.0711111111111,0.142222222222
59.14,-2.97065568519,1.05868862963,1,1.57079632679,-0.0665305555556,-0.133061111111,0.0713888888889,0.142777777778
59.16,-2.971972,1.056056,1,1.57079632679,-0.0651,-0.1302,0.0716666666667,0.143333333333
59.18,-2.97325964815,1.0534807037,1,1.57079632679,-0.0636638888889,-0.127327777778,0.0719444444444,0.143888888889
59.2,-2.97451851852,1.05096296296,1,1.57079632679,-0.0622222222222,-0.124444444444,0.0722222222222,0.144444444444
59.22,-2.9757485,1.048503,1,1.57079632679,-0.060775,-0.12155,0.0725,0.145
59.24,-2.97694948148,1.04610103704,1,1.57079632679,-0.0593222222222,-0.118644444444,0.0727777777778,0.145555555556
59.26,-2.97812135185,1.0437572963,1,1.57079632679,-0.0578638888889,-0.115727777778,0.0730555555556,0.146111111111
59.28,-2.979264,1.041472,1,1.57079632679,-0.0564,-0.1128,0.0733333333333,0.146666666667
59.3,-2.98037731481,1.03924537037,1,1.57079632679,-0.0549305555556,-0.109861111111,0.0736111111111,0.147222222222
59.32,-2.98146118519,1.03707762963,1,1.57079632679,-0.0534555555556,-0.106911111111,0.0738888888889,0.147777777778
59.34,-2.9825155,1.034969,1,1.57079632679,-0.051975,-0.10395,0.0741666666667,0.148333333333
59.36,-2.98354014815,1.0329197037,1,1.57079632679,-0.0504888888889,-0.100977777778,0.0744444444444,0.148888888889
59.38,-2.98453501852,1.03092996296,1,1.57079632679,-0.0489972222222,-0.0979944444444,0.0747222222222,0.149444444444
59.4,-2.9855,1.029,1,1.57079632679,-0.0475,-0.095,0.075,0.15
59.42,-2.98643498148,1.02713003704,1,1.57079632679,-0.0459972222222,-0.0919944444444,0.0752777777778,0.150555555556
59.44,-2.98733985185,1.0253202963,1,1.57079632679,-0.0444888888889,-0.0889777777778,0.0755555555556,0.151111111111
59.46,-2.9882145,1.023571,1,1.57079632679,-0.042975,-0.08595,0.0758333333333,0.151666666667
59.48,-2.98905881481,1.02188237037,1,1.57079632679,-0.0414555555556,-0.0829111111111,0.0761111111111,0.152222222222
59.5,-2.98987268519,1.02025462963,1,1.57079632679,-0.0399305555556,-0.0798611111111,0.0763888888889,0.152777777778
59.52,-2.990656,1.018688,1,1.57079632679,-0.0384,-0.0768,0.0766666666667,0.153333333333
59.54,-2.99140864815,1.0171827037,1,1.57079632679,-0.0368638888889,-0.0737277777778,0.0769444444444,0.153888888889
59.56,-2.99213051852,1.01573896296,1,1.57079632679,-0.0353222222222,-0.0706444444444,0.0772222222222,0.154444444444
59.58,-2.9928215,1.014357,1,1.57079632679,-0.033775,-0.06755,0.0775,0.155
59.6,-2.99348148148,1.01303703704,1,1.57079632679,-0.0322222222222,-0.0644444444444,0.0777777777778,0.155555555556
59.62,-2.99411035185,1.0117792963,1,1.57079632679,-0.0306638888889,-0.0613277777778,0.0780555555556,0.156111111111
59.64,-2.994708,1.010584,1,1.57079632679,-0.0291,-0.0582,0.0783333333333,0.156666666667
59.66,-2.99527431481,1.00945137037,1,1.57079632679,-0.0275305555556,-0.0550611111111,0.0786111111111,0.157222222222
59.68,-2.99580918519,1.00838162963,1,1.57079632679,-0.0259555555556,-0.0519111111111,0.0788888888889,0.157777777778
59.7,-2.9963125,1.007375,1,1.57079632679,-0.024375,-0.04875,0.0791666666667,0.158333333333
59.72,-2.99678414815,1.0064317037,1,1.57079632679,-0.0227888888889,-0.0455777777778,0.0794444444444,0.158888888889
59.74,-2.99722401852,1.00555196296,1,1.57079632679,-0.0211972222222,-0.0423944444444,0.0797222222222,0.159444444444
59.76,-2.997632,1.004736,1,1.57079632679,-0.0196,-0.0392,0.08,0.16
59.78,-2.99800798148,1.00398403704,1,1.57079632679,-0.0179972222222,-0.0359944444444,0.0802777777778,0.160555555556
59.8,-2.99835185185,1.0032962963,1,1.57079632679,-0.0163888888889,-0.0327777777778,0.0805555555556,0.161111111111
59.82,-2.9986635,1.002673,1,1.57079632679,-0.014775,-0.02955,0.0808333333333,0.161666666667
59.84,-2.99894281481,1.00211437037,1,1.57079632679,-0.0131555555556,-0.0263111111111,0.0811111111111,0.162222222222
59.86,-2.99918968519,1.00162062963,1,1.57079632679,-0.0115305555556,-0.0230611111111,0.0813888888889,0.162777777778
59.88,-2.999404,1.001192,1,1.57079632679,-0.0099,-0.0198,0.0816666666667,0.163333333333
59.9,-2.99958564815,1.0008287037,1,1.57079632679,-0.00826388888889,-0.0165277777778,0.0819444444444,0.163888888889
59.92,-2.99973451852,1.00053096296,1,1.57079632679,-0.00662222222222,-0.0132444444444,0.0822222222222,0.164444444444
59.94,-2.9998505,1.000299,1,1.57079632679,-0.004975,-0.00995,0.0825,0.165
59.96,-2.99993348148,1.00013303704,1,1.57079632679,-0.00332222222222,-0.00664444444444,0.0827777777778,0.165555555556
59.98,-2.99998335185,1.0000332963,1,1.57079632679,-0.00166388888889,-0.00332777777778,0.0830555555556,0.166111111111
60,-3,1,1,1.57079632679,0,0,0,0
