stamp_sec,receive_sec,linear_x,linear_y,linear_z,angular_x,angular_y,angular_z
0.217,1789944637.07,0,0,-9.8,0,0,0
0.237,1789944637.09,0,0,-9.8,0,0,0
0.257,1789944637.11,0,0,-9.8,0,0,0
0.277,1789944637.13,-1.07226920145e-26,4.47202004387e-22,-9.8,2.08617004856e-19,7.31323155114e-25,6.56983437854e-25
0.297,1789944637.15,1.07229218912e-26,-4.47175552099e-22,-9.8,-2.08604665311e-19,-7.31312107555e-25,-6.57001718525e-25
0.317,1789944637.17,2.44256303633e-32,-2.6451893801e-26,-9.8,-1.23395456856e-23,-1.13879038069e-29,2.26942187443e-34
0.337,1789944637.19,-7.21174069087e-34,7.61707369843e-34,-9.8,3.5532892122e-31,3.36420540473e-31,1.80581271522e-36
0.357,1789944637.21,-1.44849906303e-25,6.34752972058e-21,-9.8,2.96108242622e-18,1.05367548635e-23,8.77382314073e-24
0.377,1789944637.23,3.21908729617e-05,0.0624698506294,78.1601324973,-2.49890661425,0.0012823545006,6.58680873931e-05
0.397,1789944637.25,-7.22698680769e-07,1.60971565287e-06,0.489999528335,0.000131412960303,5.42244055103e-05,-6.92260579395e-05
0.417,1789944637.27,-0.000132263676379,-0.222934193976,-0.402457182065,8.91698106533,-0.00358203991765,-0.000302750648885
0.437,1789944637.29,0.000133020875174,0.222932487057,-0.0875423502251,-8.91712010221,0.00352442995378,0.00037599522736
0.457,1789944637.31,-7.51735638785e-07,1.70688516812e-06,0.489999532312,0.000139038268675,5.78284847929e-05,-7.32445652668e-05
0.477,1789944637.33,-0.000132283296686,-0.222934193932,-0.402457182037,8.91698106306,-0.00358284817765,-0.000302746980559
0.497,1789944637.35,0.000133040620214,0.22293248702,-0.0875423502591,-8.91712010028,0.00352524425579,0.000375991012091
0.517,1789944637.37,-7.51727661382e-07,1.7068845836e-06,0.489999532313,0.000139038309537,5.78277537896e-05,-7.3244018288e-05
0.537,1789944637.39,-0.000132303066369,-0.222934193894,-0.402457182128,8.91698106106,-0.00358366234992,-0.000302743322481
0.557,1789944637.41,0.000133060380069,0.222932486981,-0.0875423501684,-8.91712009831,0.0035260591616,0.000375986826898
0.577,1789944637.43,-7.51717940565e-07,1.70688595135e-06,0.489999532312,0.000139038331376,5.78270159386e-05,-7.32434911733e-05
0.597,1789944637.45,-0.000132322835663,-0.222934193856,-0.402457182218,8.91698105906,-0.00358447650911,-0.000302739664012
0.617,1789944637.47,0.000133080139561,0.222932486942,-0.0875423500773,-8.91712009633,0.00352687405534,0.000375982661178
0.637,1789944637.49,-7.51708188896e-07,1.70688728824e-06,0.489999532312,0.000139038353865,5.78262794065e-05,-7.32429839225e-05
0.657,1789944637.51,-0.000132342604774,-0.222934193818,-0.402457182309,8.91698105706,-0.00358529066087,-0.000302736005562
0.677,1789944637.53,0.000133099898133,0.222932486903,-0.0875423499867,-8.91712009435,0.00352768893587,0.000375978455749
0.697,1789944637.55,-7.51697679083e-07,1.70688800715e-06,0.489999532312,0.000139038377158,5.78255494489e-05,-7.32424369435e-05
0.717,1789944637.57,-0.000132362373742,-0.222934193781,-0.4024571824,8.91698105507,-0.00358610480494,-0.000302732347421
0.737,1789944637.59,0.000133119657804,0.222932486865,-0.0875423498954,-8.91712009239,0.00352850381091,0.000375974260561
0.757,1789944637.61,-7.51688551984e-07,1.70688804732e-06,0.489999532312,0.0001390384041,5.78248116844e-05,-7.32418998969e-05
0.777,1789944637.63,-0.000132382142164,-0.222934193743,-0.402457182491,8.91698105307,-0.00358691893002,-0.000302728688833
0.797,1789944637.65,0.000133139415842,0.222932486825,-0.0875423498052,-8.91712009041,0.00352931867097,0.000375970064926
0.817,1789944637.67,-7.51678140765e-07,1.70689065067e-06,0.489999532312,0.000139038423848,5.78240777824e-05,-7.32413628495e-05
0.837,1789944637.69,-0.000132401910558,-0.222934193705,-0.402457182582,8.91698105107,-0.00358773304739,-0.000302725031278
0.857,1789944637.71,0.000133159175502,0.222932486787,-0.0875423497141,-8.91712008844,0.00353013351797,0.00037596590012
0.877,1789944637.73,-7.5166957175e-07,1.70689074603e-06,0.489999532312,0.00013903844841,5.78233415284e-05,-7.32408555993e-05
0.897,1789944637.75,-0.000132421678512,-0.222934193667,-0.402457182672,8.91698104908,-0.00358854715498,-0.000302721372499
0.917,1789944637.77,0.000133178933683,0.22293248675,-0.0875423496233,-8.91712008647,0.00353094836098,0.000375961704294
0.937,1789944637.79,-7.51659842214e-07,1.70689013671e-06,0.489999532312,0.0001390384775,5.78226043606e-05,-7.32403185523e-05
0.957,1789944637.81,-0.000132441446276,-0.222934193629,-0.402457182763,8.91698104707,-0.00358936124947,-0.000302717714575
0.977,1789944637.83,0.0001331986909,0.222932486711,-0.0875423495327,-8.91712008448,0.00353176318397,0.000375957509323
0.997,1789944637.85,-7.51649323598e-07,1.70689149926e-06,0.489999532312,0.000139038499209,5.78218747559e-05,-7.32397815053e-05
1.017,1789944637.87,-0.000132461213889,-0.222934193592,-0.402457182853,8.91698104507,-0.00359017533823,-0.000302714056603
1.037,1789944637.89,0.000133218449849,0.222932486672,-0.0875423494422,-8.91712008251,0.00353257800536,0.000375953314304
1.057,1789944637.91,-7.51640847956e-07,1.70689219147e-06,0.489999532312,0.000139038523738,5.78211346011e-05,-7.32392444587e-05
1.077,1789944637.93,-0.000132480981097,-0.222934193554,-0.402457182944,8.91698104307,-0.00359098941043,-0.000302710398693
1.097,1789944637.95,0.000133238206634,0.222932486636,-0.0875423493512,-8.91712008054,0.00353339281073,0.000375949159075
1.117,1789944637.97,-7.51630342809e-07,1.70689100559e-06,0.489999532312,0.000139038551969,5.78204047105e-05,-7.32387471397e-05
1.137,1789944637.99,-0.000132500748349,-0.222934193516,-0.402457183035,8.91698104108,-0.00359180348688,-0.000302706740394
1.157,1789944638.01,0.000133257968383,0.222932486595,-0.0875423492609,-8.91712007856,0.00353420762681,0.000375944953799
1.177,1789944638.03,-7.51625081195e-07,1.70689424379e-06,0.489999532312,0.000139038570231,5.78196554069e-05,-7.3238200162e-05
1.197,1789944638.05,-0.000132520514932,-0.222934193478,-0.402457183125,8.91698103908,-0.00359261753509,-0.000302703082322
1.217,1789944638.07,0.000133277725247,0.222932486557,-0.0875423491701,-8.91712007659,0.00353502241253,0.000375940798407
1.237,1789944638.09,-7.51615337564e-07,1.70689370796e-06,0.489999532312,0.000139038596467,5.78189188892e-05,-7.32377028432e-05
1.257,1789944638.11,-0.000132540281449,-0.222934193441,-0.402457183216,8.91698103708,-0.00359343157815,-0.000302699424643
1.277,1789944638.13,0.000133297481249,0.222932486518,-0.0875423490789,-8.91712007461,0.00353583718533,0.000375936563953
1.297,1789944638.15,-7.51604869247e-07,1.70689503698e-06,0.489999532312,0.000139038619341,5.78181872729e-05,-7.32371260679e-05
1.317,1789944638.17,-0.00013256004779,-0.222934193403,-0.402457183307,8.91698103508,-0.00359424561512,-0.000302695766817
1.337,1789944638.19,0.000133317239628,0.222932486478,-0.0875423489886,-8.91712007263,0.00353665195884,0.000375932388945
1.357,1789944638.21,-7.51596980056e-07,1.70689763487e-06,0.489999532312,0.000139038639306,5.78174478234e-05,-7.32366088858e-05
1.377,1789944638.23,-0.000132579813775,-0.222934193365,-0.402457183398,8.91698103309,-0.0035950596363,-0.000302692109233
1.397,1789944638.25,0.00013333699435,0.22293248644,-0.087542348897,-8.91712007066,0.00353746670354,0.000375928204245
1.417,1789944638.27,-7.51585869393e-07,1.70689770601e-06,0.489999532312,0.000139038665005,5.7816718236e-05,-7.32360817704e-05
1.437,1789944638.29,-0.000132599579428,-0.222934193327,-0.402457183489,8.91698103109,-0.00359587364612,-0.000302688451349
1.457,1789944638.31,0.000133356750805,0.2229324864,-0.0875423488059,-8.91712006869,0.00353828144827,0.000375924009314
1.477,1789944638.33,-7.51576687931e-07,1.70690031518e-06,0.489999532312,0.000139038684181,5.78159826493e-05,-7.32355447238e-05
1.497,1789944638.35,-0.000132619344918,-0.222934193289,-0.402457183579,8.91698102909,-0.00359668764822,-0.000302684793653
1.517,1789944638.37,0.000133376507105,0.222932486363,-0.0875423487162,-8.91712006671,0.00353909618528,0.000375919814572
1.537,1789944638.39,-7.5156754175e-07,1.70689908448e-06,0.489999532312,0.000139038714456,5.7815245982e-05,-7.32350076773e-05
1.557,1789944638.41,-0.000132639110236,-0.222934193251,-0.40245718367,8.91698102709,-0.0035975016405,-0.000302681136412
1.577,1789944638.43,0.000133396261839,0.222932486324,-0.0875423486252,-8.91712006474,0.00353991090441,0.000375915640147
1.597,1789944638.45,-7.51557136866e-07,1.70690043946e-06,0.489999532312,0.000139038736139,5.78145119997e-05,-7.32344904944e-05
1.617,1789944638.47,-0.000132658874937,-0.222934193214,-0.402457183761,8.91698102509,-0.00359831561359,-0.000302677478319
1.637,1789944638.49,0.000133416019281,0.222932486285,-0.0875423485344,-8.91712006276,0.00354072561839,0.000375911464871
1.657,1789944638.51,-7.515498533e-07,1.7069011469e-06,0.489999532312,0.000139038760304,5.78137720784e-05,-7.32339733121e-05
1.677,1789944638.53,-0.000132678639694,-0.222934193176,-0.402457183852,8.91698102309,-0.00359912958363,-0.000302673821051
1.697,1789944638.55,0.000133435772282,0.222932486244,-0.0875423484434,-8.91712006079,0.00354154031576,0.000375907280488
1.717,1789944638.57,-7.51538239269e-07,1.70690435406e-06,0.489999532312,0.000139038779809,5.78130390453e-05,-7.32334461973e-05
1.737,1789944638.59,-0.00013269840414,-0.222934193138,-0.402457183942,8.91698102109,-0.00359994354145,-0.000302670163744
1.757,1789944638.61,0.000133455527477,0.222932486208,-0.0875423483531,-8.91712005882,0.00354235500642,0.000375903076203
1.777,1789944638.63,-7.51528978734e-07,1.70690253392e-06,0.489999532312,0.000139038809656,5.78123066177e-05,-7.32328992186e-05
1.797,1789944638.65,-0.000132718168413,-0.2229341931,-0.402457184033,8.91698101909,-0.00360075749201,-0.000302666506492
1.817,1789944638.67,0.000133475281237,0.22293248617,-0.0875423482622,-8.91712005684,0.00354316968646,0.000375898871972
1.837,1789944638.69,-7.51518610084e-07,1.70690325162e-06,0.489999532312,0.000139038833154,5.78115713503e-05,-7.32323522396e-05
1.857,1789944638.71,-0.000132737932241,-0.222934193062,-0.402457184124,8.91698101709,-0.00360157142743,-0.000302662848829
1.877,1789944638.73,0.00013349503716,0.22293248613,-0.0875423481712,-8.91712005486,0.00354398436051,0.000375894687194
1.897,1789944638.75,-7.51510700953e-07,1.70690522772e-06,0.489999532312,0.00013903885415,5.78108328712e-05,-7.32318251251e-05
1.917,1789944638.77,-0.000132757695899,-0.222934193025,-0.402457184215,8.9169810151,-0.0036023853531,-0.000302659191622
1.937,1789944638.79,0.000133514790876,0.222932486092,-0.0875423480804,-8.91712005289,0.00354479901503,0.000375890522737
1.957,1789944638.81,-7.51500899554e-07,1.70690527375e-06,0.489999532312,0.000139038880851,5.78100984172e-05,-7.32313178747e-05
1.977,1789944638.83,-0.000132777459284,-0.222934192987,-0.402457184305,8.91698101309,-0.00360319926775,-0.000302655534434
1.997,1789944638.85,0.000133534543698,0.222932486053,-0.0875423479898,-8.91712005091,0.00354561365719,0.000375886318569
2.017,1789944638.87,-7.51490512125e-07,1.70690601367e-06,0.489999532311,0.00013903890347,5.78093638998e-05,-7.32307708959e-05
2.037,1789944638.89,-0.000132797222331,-0.222934192949,-0.402457184395,8.91698101109,-0.00360401316924,-0.00030265187719
2.057,1789944638.91,0.000133554296357,0.222932486017,-0.0875423478995,-8.91712004894,0.00354642829356,0.000375882144143
2.077,1789944638.93,-7.51480048043e-07,1.70690480157e-06,0.489999532312,0.000139038932748,5.78086320367e-05,-7.32302537131e-05
2.097,1789944638.95,-0.000132816985205,-0.222934192911,-0.402457184486,8.91698100909,-0.00360482706654,-0.000302648219517
2.117,1789944638.97,0.000133574053773,0.222932485978,-0.0875423478086,-8.91712004696,0.00354724293197,0.000375877989152
2.137,1789944638.99,-7.5147472549e-07,1.70690612451e-06,0.489999532312,0.000139038955792,5.78078855078e-05,-7.32297563955e-05
2.157,1789944639.01,-0.00013283674774,-0.222934192873,-0.402457184577,8.91698100709,-0.00360564094677,-0.000302644562394
2.177,1789944639.03,0.000133593805235,0.222932485938,-0.0875423477179,-8.91712004498,0.00354805754322,0.000375873814846
2.197,1789944639.05,-7.51463684064e-07,1.70690810878e-06,0.489999532311,0.000139038976707,5.78071532415e-05,-7.32292392127e-05
2.217,1789944639.07,-0.000132856510266,-0.222934192835,-0.402457184668,8.9169810051,-0.00360645482632,-0.000302640905317
2.237,1789944639.09,0.000133613560346,0.222932485899,-0.087542347627,-8.91712004301,0.00354887215693,0.000375869580995
2.257,1789944639.11,-7.51456350627e-07,1.70690882565e-06,0.489999532311,0.000139039000328,5.78064158124e-05,-7.32286624381e-05
2.277,1789944639.13,-0.00013287627233,-0.222934192798,-0.402457184759,8.9169810031,-0.00360726868451,-0.000302637248694
2.297,1789944639.15,0.000133633311339,0.222932485862,-0.0875423475363,-8.91712004104,0.00354968674631,0.000375865407188
2.317,1789944639.17,-7.51445321568e-07,1.70690823113e-06,0.489999532311,0.00013903902865,5.78056829643e-05,-7.32281452551e-05
2.337,1789944639.19,-0.000132896034153,-0.22293419276,-0.402457184849,8.9169810011,-0.00360808253672,-0.0003026335915
2.357,1789944639.21,0.000133653062632,0.222932485821,-0.0875423474457,-8.91712003906,0.00355050132771,0.000375861222879
2.377,1789944639.23,-7.51434971343e-07,1.7069114781e-06,0.489999532311,0.00013903904656,5.78049465486e-05,-7.32276181406e-05
2.397,1789944639.25,-0.000132915795704,-0.222934192722,-0.40245718494,8.9169809991,-0.00360889637597,-0.000302629934627
2.417,1789944639.27,0.000133672815557,0.222932485782,-0.0875423473547,-8.91712003708,0.00355131590045,0.00037585702896
2.437,1789944639.29,-7.51426339213e-07,1.70691219589e-06,0.489999532311,0.000139039070053,5.78042133226e-05,-7.32270810942e-05
2.457,1789944639.31,-0.000132935556908,-0.222934192684,-0.402457185031,8.9169809971,-0.00360971020203,-0.000302626277653
2.477,1789944639.33,0.000133692566922,0.222932485745,-0.087542347264,-8.91712003511,0.00355213045902,0.00037585284487
2.497,1789944639.35,-7.51416604004e-07,1.70691226636e-06,0.489999532311,0.000139039095692,5.78034766366e-05,-7.32265539795e-05
2.517,1789944639.37,-0.00013295531792,-0.222934192646,-0.402457185121,8.91698099509,-0.00361052402117,-0.000302622620553
2.537,1789944639.39,0.000133712317453,0.222932485707,-0.0875423471741,-8.91712003313,0.00355294500914,0.000375848650724
2.557,1789944639.41,-7.51406181918e-07,1.70691231801e-06,0.489999532311,0.000139039122332,5.78027433444e-05,-7.32260169327e-05
2.577,1789944639.43,-0.00013297507869,-0.222934192608,-0.402457185212,8.9169809931,-0.0036113378288,-0.000302618963743
2.597,1789944639.45,0.000133732069036,0.222932485667,-0.0875423470826,-8.91712003116,0.0035537595516,0.000375844456868
2.617,1789944639.47,-7.51397030436e-07,1.70691366727e-06,0.489999532311,0.000139039144401,5.78020070574e-05,-7.32254798863e-05
2.637,1789944639.49,-0.000132994839377,-0.22293419257,-0.402457185302,8.9169809911,-0.00361215162924,-0.000302615307536
2.657,1789944639.51,0.000133751821012,0.22293248563,-0.0875423469923,-8.91712002918,0.0035545740823,0.000375840303342
2.677,1789944639.53,-7.51388434259e-07,1.70691309765e-06,0.489999532311,0.000139039171723,5.78012722322e-05,-7.32249825681e-05
2.697,1789944639.55,-0.000133014599581,-0.222934192533,-0.402457185393,8.9169809891,-0.00361296541355,-0.000302611650832
2.717,1789944639.57,0.000133771570792,0.222932485591,-0.0875423469015,-8.91712002721,0.00355538859947,0.000375836069863
2.737,1789944639.59,-7.51378091764e-07,1.70691442918e-06,0.489999532311,0.000139039194666,5.78005360856e-05,-7.32244057931e-05
2.757,1789944639.61,-0.000133034359519,-0.222934192495,-0.402457185484,8.9169809871,-0.00361377918758,-0.00030260799407
2.777,1789944639.63,0.000133791320847,0.222932485552,-0.0875423468107,-8.91712002523,0.00355620310444,0.000375831895919
2.797,1789944639.65,-7.51368277012e-07,1.70691511182e-06,0.489999532311,0.000139039219655,5.77998024174e-05,-7.32238886108e-05
2.817,1789944639.67,-0.000133054119294,-0.222934192457,-0.402457185575,8.9169809851,-0.00361459295731,-0.000302604336964
2.837,1789944639.69,0.000133811072026,0.222932485513,-0.0875423467196,-8.91712002326,0.00355701760907,0.000375827741494
2.857,1789944639.71,-7.51359713922e-07,1.70691710978e-06,0.489999532311,0.000139039239687,5.77990661847e-05,-7.32233912925e-05
2.877,1789944639.73,-0.000133073878892,-0.222934192419,-0.402457185665,8.9169809831,-0.00361540671525,-0.000302600680588
2.897,1789944639.75,0.000133830824227,0.222932485472,-0.0875423466291,-8.91712002127,0.00355783210175,0.000375823558003
2.917,1789944639.77,-7.51352444287e-07,1.70691970975e-06,0.489999532311,0.000139039259475,5.77983263753e-05,-7.32228641782e-05
2.937,1789944639.79,-0.000133093637991,-0.222934192381,-0.402457185756,8.9169809811,-0.00361622045579,-0.000302597023819
2.957,1789944639.81,0.000133850573505,0.222932485434,-0.0875423465382,-8.9171200193,0.00355864657578,0.000375819344323
2.977,1789944639.83,-7.51342708909e-07,1.70692041642e-06,0.489999532311,0.000139039283582,5.77975894492e-05,-7.32223072677e-05
2.997,1789944639.85,-0.000133113396924,-0.222934192344,-0.402457185847,8.9169809791,-0.00361703418643,-0.000302593367553
3.017,1789944639.87,0.00013387032259,0.222932485397,-0.0875423464475,-8.91712001733,0.00355946103871,0.000375815141079
3.037,1789944639.89,-7.51332896915e-07,1.70691922247e-06,0.489999532311,0.000139039312042,5.77968557514e-05,-7.3221760289e-05
3.057,1789944639.91,-0.00013313315568,-0.222934192306,-0.402457185937,8.9169809771,-0.0036178479098,-0.000302589711325
3.077,1789944639.93,0.000133890071487,0.222932485358,-0.087542346357,-8.91712001534,0.00356027549378,0.000375810957737
3.097,1789944639.95,-7.51323124623e-07,1.70692053593e-06,0.489999532311,0.00013903933579,5.7796120552e-05,-7.32212331746e-05
3.117,1789944639.97,-0.000133152914016,-0.222934192268,-0.402457186028,8.91698097509,-0.00361866161965,-0.000302586054577
3.137,1789944639.99,0.000133909821173,0.222932485319,-0.0875423462667,-8.91712001337,0.00356108993621,0.000375806793738
3.157,1789944640.01,-7.51314467813e-07,1.70692189e-06,0.489999532311,0.000139039357747,5.77953882329e-05,-7.32207259242e-05
3.177,1789944640.03,-0.00013317267234,-0.22293419223,-0.402457186119,8.9169809731,-0.00361947532329,-0.000302582398724
3.197,1789944640.05,0.000133929568968,0.222932485281,-0.087542346175,-8.91712001139,0.00356190436858,0.000375802620702
3.217,1789944640.07,-7.51304118473e-07,1.70692197799e-06,0.489999532311,0.00013903938277,5.77946523667e-05,-7.32202087418e-05
3.237,1789944640.09,-0.000133192430304,-0.222934192192,-0.40245718621,8.9169809711,-0.00362028901416,-0.000302578742621
3.257,1789944640.11,0.000133949318386,0.222932485241,-0.0875423460846,-8.91712000941,0.00356271879608,0.000375798437484
3.277,1789944640.13,-7.51295599836e-07,1.70692331622e-06,0.489999532311,0.000139039405279,5.7793914605e-05,-7.32196816274e-05
3.297,1789944640.15,-0.000133212187971,-0.222934192154,-0.4024571863,8.9169809691,-0.00362110269219,-0.000302575086666
3.317,1789944640.17,0.000133969064242,0.222932485203,-0.0875423459941,-8.91712000744,0.00356353319928,0.000375794234551
3.337,1789944640.19,-7.51283899302e-07,1.70692400665e-06,0.489999532311,0.000139039429947,5.77931850347e-05,-7.32191346486e-05
3.357,1789944640.21,-0.0001332319453,-0.222934192116,-0.402457186391,8.9169809671,-0.00362191636088,-0.00030257143006
3.377,1789944640.23,0.0001339888123,0.222932485164,-0.0875423459027,-8.91712000547,0.00356434759938,0.000375790070694
3.397,1789944640.25,-7.51274696471e-07,1.70692468466e-06,0.489999532311,0.000139039455113,5.77924508908e-05,-7.32186273983e-05
3.417,1789944640.27,-0.000133251702399,-0.222934192078,-0.402457186482,8.9169809651,-0.00362273001779,-0.000302567773849
3.437,1789944640.29,0.00013400856088,0.222932485126,-0.0875423458121,-8.91712000349,0.00356516199388,0.000375785877437
3.457,1789944640.31,-7.51266265618e-07,1.70692541621e-06,0.489999532311,0.00013903947822,5.77917097856e-05,-7.32180903522e-05
3.477,1789944640.33,-0.000133271459292,-0.222934192041,-0.402457186572,8.91698096309,-0.00362354366713,-0.000302564117541
3.497,1789944640.35,0.000134028310473,0.222932485088,-0.0875423457217,-8.91712000151,0.00356597638197,0.000375781694015
3.517,1789944640.37,-7.51258972441e-07,1.70692550696e-06,0.489999532311,0.000139039503043,5.77909707539e-05,-7.32175632381e-05
3.537,1789944640.39,-0.000133291215997,-0.222934192003,-0.402457186662,8.9169809611,-0.00362435730484,-0.000302560461874
3.557,1789944640.41,0.000134048056651,0.222932485051,-0.0875423456316,-8.91711999954,0.00356679074854,0.000375777511232
3.577,1789944640.43,-7.51248550134e-07,1.7069249509e-06,0.489999532311,0.000139039529911,5.77902377235e-05,-7.32170361234e-05
3.597,1789944640.45,-0.000133310972363,-0.222934191965,-0.402457186753,8.91698095909,-0.00362517093403,-0.00030255680542
3.617,1789944640.47,0.000134067803789,0.22293248501,-0.0875423455409,-8.91711999755,0.00356760511077,0.000375773317732
3.637,1789944640.49,-7.51239377311e-07,1.70692752687e-06,0.489999532311,0.00013903955073,5.77895024637e-05,-7.32164990772e-05
3.657,1789944640.51,-0.000133330728513,-0.222934191927,-0.402457186844,8.91698095709,-0.00362598455023,-0.000302553149643
3.677,1789944640.53,0.000134087550672,0.222932484973,-0.0875423454499,-8.91711999558,0.00356841945872,0.000375769114977
3.697,1789944640.55,-7.51230230595e-07,1.70692696737e-06,0.489999532311,0.000139039577728,5.7788765909e-05,-7.32159520988e-05
3.717,1789944640.57,-0.000133350484197,-0.222934191889,-0.402457186935,8.91698095509,-0.00362679814817,-0.000302549493814
3.737,1789944640.59,0.000134107295232,0.222932484932,-0.0875423453593,-8.9171199936,0.00356923378534,0.000375764912169
3.757,1789944640.61,-7.51219173531e-07,1.70692956813e-06,0.48999953231,0.000139039597569,5.77880345174e-05,-7.321540512e-05
3.777,1789944640.63,-0.000133370239751,-0.222934191851,-0.402457187026,8.9169809531,-0.00362761174219,-0.000302545837774
3.797,1789944640.65,0.000134127040944,0.222932484893,-0.0875423452683,-8.91711999163,0.00357004811162,0.000375760748879
3.817,1789944640.67,-7.51209365482e-07,1.70693091892e-06,0.48999953231,0.000139039619655,5.77873009181e-05,-7.32148978699e-05
3.837,1789944640.69,-0.000133389995093,-0.222934191813,-0.402457187117,8.91698095109,-0.00362842532619,-0.000302542181985
3.857,1789944640.71,0.000134146787042,0.222932484856,-0.0875423451771,-8.91711998965,0.00357086242802,0.00037575654611
3.877,1789944640.73,-7.51200192798e-07,1.70693034627e-06,0.48999953231,0.000139039647261,5.7786565654e-05,-7.32143508911e-05
3.897,1789944640.75,-0.000133409750166,-0.222934191775,-0.402457187207,8.91698094909,-0.00362923889727,-0.000302538526522
3.917,1789944640.77,0.00013416653157,0.222932484816,-0.0875423450866,-8.91711998767,0.00357167672726,0.000375752383397
3.937,1789944640.79,-7.5118980104e-07,1.70693231149e-06,0.48999953231,0.000139039668599,5.77858314025e-05,-7.32138436411e-05
3.957,1789944640.81,-0.000133429504912,-0.222934191738,-0.402457187298,8.91698094709,-0.00363005245732,-0.000302534870751
3.977,1789944640.83,0.0001341862772,0.222932484778,-0.0875423449956,-8.9171199857,0.00357249102455,0.000375748210444
3.997,1789944640.85,-7.51180681343e-07,1.70693237861e-06,0.48999953231,0.000139039694536,5.77850942675e-05,-7.32133264588e-05
4.017,1789944640.87,-0.000133449259654,-0.2229341917,-0.402457187388,8.91698094508,-0.00363086601734,-0.000302531214954
4.037,1789944640.89,0.000134206027113,0.22293248474,-0.0875423449059,-8.91711998372,0.00357330532685,0.000375744027533
4.057,1789944640.91,-7.5117594456e-07,1.70693244958e-06,0.48999953231,0.000139039720148,5.77843483152e-05,-7.32127993453e-05
4.077,1789944640.93,-0.000133469013877,-0.222934191662,-0.402457187479,8.91698094309,-0.00363167955451,-0.000302527559481
4.097,1789944640.95,0.000134225769531,0.222932484701,-0.0875423448148,-8.91711998174,0.00357411958932,0.000375739835013
4.117,1789944640.97,-7.51164171496e-07,1.70693378245e-06,0.48999953231,0.000139039742858,5.77836217362e-05,-7.32122622986e-05
4.137,1789944640.99,-0.000133488768069,-0.222934191624,-0.40245718757,8.91698094109,-0.0036324930907,-0.000302523903971
4.157,1789944641.01,0.000134245515701,0.222932484662,-0.0875423447241,-8.91711997977,0.00357493385921,0.000375735652389
4.177,1789944641.03,-7.51156298692e-07,1.70693446942e-06,0.48999953231,0.000139039767666,5.7782882059e-05,-7.32117351845e-05
4.197,1789944641.05,-0.000133508521644,-0.222934191586,-0.40245718766,8.91698093908,-0.0036333066036,-0.000302520248241
4.217,1789944641.07,0.000134265256327,0.222932484624,-0.0875423446333,-8.91711997779,0.00357574809908,0.000375731439748
4.237,1789944641.09,-7.51143394734e-07,1.70693455566e-06,0.48999953231,0.000139039792663,5.77821532953e-05,-7.32111782734e-05
4.257,1789944641.11,-0.000133528275081,-0.222934191548,-0.402457187751,8.91698093709,-0.00363412010908,-0.000302516592808
4.277,1789944641.13,0.000134285001102,0.222932484584,-0.0875423445428,-8.91711997581,0.00357656233643,0.000375727237336
4.297,1789944641.15,-7.51134767048e-07,1.70693714019e-06,0.48999953231,0.000139039813148,5.77814200634e-05,-7.32106312951e-05
4.317,1789944641.17,-0.000133548028408,-0.22293419151,-0.402457187842,8.91698093508,-0.00363493361017,-0.00030251293738
4.337,1789944641.19,0.000134304745803,0.222932484545,-0.0875423444521,-8.91711997383,0.00357737657072,0.00037572308459
4.357,1789944641.21,-7.51126305346e-07,1.70693786259e-06,0.48999953231,0.000139039836702,5.77806802795e-05,-7.32101339772e-05
4.377,1789944641.23,-0.000133567781313,-0.222934191472,-0.402457187933,8.91698093308,-0.00363574709452,-0.000302509281918
4.397,1789944641.25,0.000134324488322,0.222932484505,-0.0875423443601,-8.91711997185,0.0035781907893,0.000375718892082
4.417,1789944641.27,-7.51115893607e-07,1.70694047341e-06,0.48999953231,0.000139039855803,5.77799470806e-05,-7.32095969305e-05
4.437,1789944641.29,-0.000133587534225,-0.222934191435,-0.402457188023,8.91698093108,-0.00363656057482,-0.000302505627143
4.457,1789944641.31,0.000134344230012,0.222932484467,-0.08754234427,-8.91711996988,0.00357900499447,0.000375714700259
4.477,1789944641.33,-7.51104853007e-07,1.70693992605e-06,0.48999953231,0.000139039882315,5.77792149513e-05,-7.32090598843e-05
4.497,1789944641.35,-0.000133607286667,-0.222934191397,-0.402457188114,8.91698092908,-0.00363737404186,-0.000302501971502
4.517,1789944641.37,0.000134363976417,0.22293248443,-0.0875423441793,-8.9171199679,0.00357981920285,0.000375710527437
4.537,1789944641.39,-7.51098803702e-07,1.7069393374e-06,0.48999953231,0.000139039910725,5.77784740838e-05,-7.32085427025e-05
4.557,1789944641.41,-0.000133627038825,-0.222934191359,-0.402457188204,8.91698092707,-0.00363818749457,-0.000302498316319
4.577,1789944641.43,0.000134383719296,0.22293248439,-0.0875423440893,-8.91711996592,0.00358063338634,0.000375706345139
4.597,1789944641.45,-7.51089609618e-07,1.70694131723e-06,0.48999953231,0.000139039931307,5.77777399266e-05,-7.32080155885e-05
4.617,1789944641.47,-0.000133646790778,-0.222934191321,-0.402457188295,8.91698092507,-0.00363900093891,-0.000302494661162
4.637,1789944641.49,0.000134403462049,0.222932484352,-0.0875423439983,-8.91711996394,0.00358144756488,0.000375702192664
4.657,1789944641.51,-7.51080474347e-07,1.70694138457e-06,0.48999953231,0.000139039957143,5.77770031711e-05,-7.32075182707e-05
4.677,1789944641.53,-0.000133666542404,-0.222934191283,-0.402457188386,8.91698092308,-0.00363981437098,-0.000302491005884
4.697,1789944641.55,0.000134423203146,0.222932484314,-0.0875423439075,-8.91711996197,0.00358226172535,0.000375697990408
4.717,1789944641.57,-7.51070101391e-07,1.70694206467e-06,0.48999953231,0.000139039982388,5.77762685014e-05,-7.32069712921e-05
4.737,1789944641.59,-0.000133686293859,-0.222934191245,-0.402457188476,8.91698092107,-0.00364062779455,-0.000302487350866
4.757,1789944641.61,0.000134442944215,0.222932484274,-0.087542343817,-8.91711995999,0.00358307588312,0.000375693828139
4.777,1789944641.63,-7.51059650841e-07,1.70694404074e-06,0.48999953231,0.000139040003217,5.77755368573e-05,-7.32064640419e-05
4.797,1789944641.65,-0.000133706045113,-0.222934191207,-0.402457188567,8.91698091907,-0.0036414412101,-0.00030248369584
4.817,1789944641.67,0.000134462686189,0.222932484235,-0.0875423437263,-8.91711995801,0.00358389002973,0.000375689616203
4.837,1789944641.69,-7.51050518745e-07,1.70694541154e-06,0.48999953231,0.000139040024495,5.7774799888e-05,-7.32059071314e-05
4.857,1789944641.71,-0.000133725796056,-0.222934191169,-0.402457188657,8.91698091707,-0.00364225460986,-0.000302480041341
4.877,1789944641.73,0.00013448242655,0.222932484197,-0.0875423436358,-8.91711995604,0.0035847041559,0.000375685434589
4.897,1789944641.75,-7.51040046298e-07,1.7069448222e-06,0.48999953231,0.000139040052759,5.77740691188e-05,-7.32053800173e-05
4.917,1789944641.77,-0.000133745546694,-0.222934191132,-0.402457188749,8.91698091507,-0.00364306800147,-0.000302476386208
4.937,1789944641.79,0.00013450217116,0.222932484157,-0.0875423435446,-8.91711995406,0.00358551828919,0.000375681232479
4.957,1789944641.81,-7.51034044944e-07,1.70694742981e-06,0.48999953231,0.000139040072154,5.77733263337e-05,-7.32048330392e-05
4.977,1789944641.83,-0.000133765297016,-0.222934191094,-0.402457188839,8.91698091307,-0.00364388137743,-0.000302472731539
4.997,1789944641.85,0.00013452191101,0.222932484119,-0.0875423434541,-8.91711995208,0.00358633239591,0.000375677060627
5.017,1789944641.87,-7.51023640809e-07,1.70694753007e-06,0.48999953231,0.000139040096926,5.77725929154e-05,-7.32043158568e-05
5.037,1789944641.89,-0.000133785047176,-0.222934191056,-0.40245718893,8.91698091106,-0.00364469475098,-0.000302469076243
5.057,1789944641.91,0.000134541651254,0.222932484081,-0.0875423433636,-8.9171199501,0.00358714649838,0.000375672868285
5.077,1789944641.93,-7.51013838045e-07,1.7069469481e-06,0.48999953231,0.000139040124478,5.7771859438e-05,-7.32037788111e-05
5.097,1789944641.95,-0.000133804797067,-0.222934191018,-0.40245718902,8.91698090906,-0.00364550810867,-0.000302465421739
5.117,1789944641.97,0.000134561391915,0.222932484043,-0.0875423432732,-8.91711994813,0.00358796058907,0.000375668676735
5.137,1789944641.99,-7.51004669383e-07,1.7069470272e-06,0.48999953231,0.000139040149841,5.77711240173e-05,-7.32032417649e-05
5.157,1789944642.01,-0.000133824546775,-0.22293419098,-0.402457189111,8.91698090706,-0.00364632146147,-0.00030246176686
5.177,1789944642.03,0.00013458113118,0.222932484004,-0.0875423431823,-8.91711994615,0.00358877467388,0.000375664504673
5.197,1789944642.05,-7.50994266799e-07,1.70694837082e-06,0.48999953231,0.000139040172211,5.77703903731e-05,-7.32027245822e-05
5.217,1789944642.07,-0.000133844296061,-0.222934190942,-0.402457189202,8.91698090506,-0.00364713479608,-0.000302458112186
5.237,1789944642.09,0.000134600870663,0.222932483964,-0.0875423430913,-8.91711994417,0.00358958874187,0.000375660332817
5.257,1789944642.11,-7.50984503584e-07,1.70695031738e-06,0.48999953231,0.000139040194369,5.77696554006e-05,-7.32022074002e-05
5.277,1789944642.13,-0.000133864045195,-0.222934190904,-0.402457189292,8.91698090306,-0.00364794812046,-0.000302454458153
5.297,1789944642.15,0.000134620608532,0.222932483926,-0.0875423430009,-8.91711994219,0.00359040278917,0.000375656141737
5.317,1789944642.17,-7.50973479228e-07,1.70695102165e-06,0.48999953231,0.000139040218559,5.77689228745e-05,-7.32016703541e-05
5.337,1789944642.19,-0.000133883793886,-0.222934190866,-0.402457189383,8.91698090105,-0.0036487614386,-0.000302450802337
5.357,1789944642.21,0.000134640351246,0.222932483888,-0.0875423429099,-8.91711994021,0.00359121685093,0.000375651958807
5.377,1789944642.23,-7.50967453212e-07,1.70695109392e-06,0.489999532309,0.000139040244122,5.77681811602e-05,-7.32011432405e-05
5.397,1789944642.25,-0.000133903542462,-0.222934190828,-0.402457189473,8.91698089905,-0.00364957474094,-0.000302447148263
5.417,1789944642.27,0.000134660090554,0.222932483849,-0.0875423428197,-8.91711993823,0.00359203088441,0.000375647757755
5.437,1789944642.29,-7.50958297731e-07,1.70695179421e-06,0.489999532309,0.00013904026847,5.7767445546e-05,-7.32005962625e-05
5.457,1789944642.31,-0.000133923290728,-0.22293419079,-0.402457189564,8.91698089705,-0.00365038803407,-0.000302443493692
5.477,1789944642.33,0.00013467982709,0.222932483811,-0.0875423427284,-8.91711993626,0.00359284490557,0.000375643576069
5.497,1789944642.35,-7.50946555534e-07,1.70695251401e-06,0.489999532309,0.000139040291784,5.77667179847e-05,-7.32000691478e-05
5.517,1789944642.37,-0.000133943038812,-0.222934190752,-0.402457189654,8.91698089505,-0.00365120131978,-0.000302439839141
5.537,1789944642.39,0.000134699567189,0.222932483773,-0.0875423426383,-8.91711993428,0.00359365892616,0.000375639384472
5.557,1789944642.41,-7.50938660546e-07,1.70695258733e-06,0.489999532309,0.000139040317463,5.7765979535e-05,-7.31995321018e-05
5.577,1789944642.43,-0.000133962786646,-0.222934190714,-0.402457189745,8.91698089304,-0.00365201459254,-0.000302436185051
5.597,1789944642.45,0.000134719304544,0.222932483734,-0.0875423425478,-8.9171199323,0.00359447292919,0.000375635203267
5.617,1789944642.47,-7.50928312949e-07,1.70695329321e-06,0.489999532309,0.000139040341503,5.7765244023e-05,-7.31990049876e-05
5.637,1789944642.49,-0.000133982534296,-0.222934190676,-0.402457189836,8.91698089104,-0.00365282785813,-0.000302432530932
5.657,1789944642.51,0.000134739042903,0.222932483695,-0.087542342457,-8.91711993032,0.00359528692503,0.000375631031966
5.677,1789944642.53,-7.50919085039e-07,1.70695462463e-06,0.489999532309,0.000139040364521,5.77645112235e-05,-7.31984878055e-05
5.697,1789944642.55,-0.000134002281477,-0.222934190638,-0.402457189926,8.91698088904,-0.003653641107,-0.000302428876497
5.717,1789944642.57,0.000134758779585,0.222932483655,-0.0875423423665,-8.91711992833,0.00359610090363,0.000375626850418
5.737,1789944642.59,-7.5090874002e-07,1.70695658203e-06,0.489999532309,0.000139040386082,5.77637753601e-05,-7.31979606914e-05
5.757,1789944642.61,-0.000134022028493,-0.222934190601,-0.402457190018,8.91698088704,-0.00365445435022,-0.000302425221916
5.777,1789944642.63,0.000134778519332,0.222932483617,-0.0875423422751,-8.91711992637,0.00359691488631,0.00037562265879
5.797,1789944642.65,-7.50901413972e-07,1.70695602103e-06,0.489999532309,0.000139040413136,5.77630381514e-05,-7.31974236457e-05
5.817,1789944642.67,-0.000134041775292,-0.222934190563,-0.402457190108,8.91698088503,-0.00365526758288,-0.000302421567622
5.837,1789944642.69,0.000134798256829,0.222932483574,-0.087542342185,-8.91711992437,0.00359772884856,0.000375618507178
5.857,1789944642.71,-7.50892250866e-07,1.70696112423e-06,0.489999532309,0.000139040428031,5.77623030097e-05,-7.31969263279e-05
5.877,1789944642.73,-0.000134061521757,-0.222934190525,-0.402457190199,8.91698088303,-0.00365608079935,-0.000302417913773
5.897,1789944642.75,0.00013481799289,0.222932483537,-0.0875423420936,-8.9171199224,0.00359854279829,0.000375614326215
5.917,1789944642.77,-7.50881810956e-07,1.70696058806e-06,0.489999532309,0.000139040454254,5.77615711913e-05,-7.31963992135e-05
5.937,1789944642.79,-0.000134081267975,-0.222934190487,-0.40245719029,8.91698088103,-0.00365689400992,-0.000302414259302
5.957,1789944642.81,0.000134837731693,0.2229324835,-0.0875423420025,-8.91711992042,0.00359935674277,0.000375610114834
5.977,1789944642.83,-7.50874536104e-07,1.70696004866e-06,0.489999532309,0.000139040480356,5.77608316859e-05,-7.31958423037e-05
5.997,1789944642.85,-0.000134101013917,-0.222934190449,-0.40245719038,8.91698087903,-0.0036577072054,-0.000302410605465
6.017,1789944642.87,0.0001348574658,0.222932483461,-0.0875423419124,-8.91711991845,0.00360017066184,0.000375605933883
6.037,1789944642.89,-7.50862835696e-07,1.70696072616e-06,0.489999532309,0.000139040505619,5.77601027021e-05,-7.31953151894e-05
6.057,1789944642.91,-0.000134120759693,-0.222934190411,-0.402457190471,8.91698087703,-0.00365852039553,-0.000302406951427
6.077,1789944642.93,0.000134877201785,0.222932483423,-0.0875423418219,-8.91711991647,0.00360098458597,0.000375601732866
6.097,1789944642.95,-7.50853170436e-07,1.7069608013e-06,0.489999532309,0.00013904053097,5.77593636496e-05,-7.3194768211e-05
6.117,1789944642.97,-0.000134140505145,-0.222934190373,-0.402457190561,8.91698087502,-0.00365933357371,-0.000302403297232
6.137,1789944642.99,0.000134896940563,0.222932483382,-0.0875423417314,-8.91711991448,0.00360179850359,0.00037559756149
6.157,1789944643.01,-7.50846441264e-07,1.70696341523e-06,0.489999532309,0.000139040550347,5.77586264001e-05,-7.31942510298e-05
6.177,1789944643.03,-0.000134160250418,-0.222934190335,-0.402457190652,8.91698087302,-0.00366014674118,-0.000302399643587
6.197,1789944643.05,0.000134916674716,0.222932483344,-0.0875423416405,-8.9171199125,0.00360261239972,0.000375593410526
6.217,1789944643.07,-7.50835411961e-07,1.70696407936e-06,0.489999532309,0.00013904057606,5.775789416e-05,-7.31937537115e-05
6.237,1789944643.09,-0.000134179995318,-0.222934190297,-0.402457190743,8.91698087101,-0.00366095989807,-0.000302395989266
6.257,1789944643.11,0.000134936410976,0.222932483305,-0.0875423415498,-8.91711991053,0.0036034262889,0.000375589199295
6.277,1789944643.13,-7.50826876468e-07,1.7069647943e-06,0.489999532309,0.000139040599734,5.77571576665e-05,-7.31931968016e-05
6.297,1789944643.15,-0.000134199740008,-0.222934190259,-0.402457190833,8.91698086901,-0.00366177303915,-0.000302392336102
6.317,1789944643.17,0.000134956145839,0.222932483266,-0.087542341459,-8.91711990855,0.00360424016232,0.000375585019017
6.337,1789944643.19,-7.50817119127e-07,1.70696614988e-06,0.489999532309,0.000139040621611,5.77564225422e-05,-7.31926696881e-05
6.357,1789944643.21,-0.000134219484317,-0.222934190221,-0.402457190925,8.91698086701,-0.00366258617103,-0.000302388681997
6.377,1789944643.23,0.00013497588089,0.222932483228,-0.0875423413678,-8.91711990657,0.00360505402553,0.000375580827866
6.397,1789944643.25,-7.50807878759e-07,1.70696622378e-06,0.489999532309,0.000139040647185,5.77556904939e-05,-7.31921326416e-05
6.417,1789944643.27,-0.000134239228583,-0.222934190184,-0.402457191015,8.91698086501,-0.00366339929634,-0.000302385028645
6.437,1789944643.29,0.000134995612715,0.222932483189,-0.0875423412773,-8.91711990459,0.00360586787423,0.000375576677196
6.457,1789944643.31,-7.50795631789e-07,1.706966917e-06,0.489999532309,0.000139040671806,5.77549593826e-05,-7.31916353237e-05
6.477,1789944643.33,-0.000134258972331,-0.222934190145,-0.402457191105,8.916980863,-0.00366421240623,-0.000302381374467
6.497,1789944643.35,0.000135015350469,0.222932483151,-0.0875423411874,-8.91711990261,0.00360668172686,0.000375572495904
6.517,1789944643.37,-7.50789637405e-07,1.70696697903e-06,0.489999532309,0.000139040697683,5.77542166572e-05,-7.31911082102e-05
6.537,1789944643.39,-0.000134278716019,-0.222934190107,-0.402457191195,8.91698086099,-0.00366502551131,-0.00030237772067
6.557,1789944643.41,0.000135035085555,0.222932483113,-0.0875423410968,-8.91711990063,0.00360749556577,0.000375568305061
6.577,1789944643.43,-7.50781081084e-07,1.70696770162e-06,0.489999532309,0.000139040721051,5.77534809959e-05,-7.31905711644e-05
6.597,1789944643.45,-0.00013429845942,-0.22293419007,-0.402457191286,8.91698085899,-0.00366583860171,-0.000302374067368
6.617,1789944643.47,0.000135054817806,0.222932483073,-0.0875423410061,-8.91711989865,0.00360830938341,0.000375564124645
6.637,1789944643.49,-7.50769997711e-07,1.70696903904e-06,0.489999532309,0.000139040743832,5.77527510869e-05,-7.319004405e-05
6.657,1789944643.51,-0.000134318202599,-0.222934190032,-0.402457191377,8.91698085699,-0.00366665168414,-0.000302370413927
6.677,1789944643.53,0.00013507454981,0.222932483035,-0.087542340915,-8.91711989667,0.00360912319181,0.000375559924226
6.697,1789944643.55,-7.50758948683e-07,1.70696911848e-06,0.489999532309,0.000139040769171,5.77520200495e-05,-7.3189497072e-05
6.717,1789944643.57,-0.000134337945443,-0.222934189994,-0.402457191468,8.91698085499,-0.0036674647526,-0.000302366760569
6.737,1789944643.59,0.000135094284056,0.222932482997,-0.0875423408244,-8.9171198947,0.00360993699454,0.000375555733821
6.757,1789944643.61,-7.50750387626e-07,1.70696981827e-06,0.489999532309,0.00013904079337,5.77512843315e-05,-7.31889600261e-05
6.777,1789944643.63,-0.000134357688049,-0.222934189956,-0.402457191558,8.91698085298,-0.00366827781136,-0.000302363107244
6.797,1789944643.65,0.000135114016144,0.222932482959,-0.087542340734,-8.91711989272,0.00361075078184,0.000375551573245
6.817,1789944643.67,-7.50740042095e-07,1.70696922615e-06,0.489999532309,0.00013904082166,5.77505489075e-05,-7.31884527762e-05
6.837,1789944643.69,-0.000134377430312,-0.222934189918,-0.402457191649,8.91698085098,-0.00366909085984,-0.000302359453384
6.857,1789944643.71,0.000135133751226,0.222932482918,-0.0875423406433,-8.91711989073,0.0036115645732,0.00037554738234
6.877,1789944643.73,-7.50732786224e-07,1.70697248776e-06,0.489999532309,0.00013904083888,5.77498089778e-05,-7.31879157304e-05
6.897,1789944643.75,-0.000134397172563,-0.22293418988,-0.40245719174,8.91698084898,-0.00366990390343,-0.000302355800208
6.917,1789944643.77,0.000135153482895,0.222932482879,-0.087542340552,-8.91711988876,0.00361237834278,0.00037554320205
6.937,1789944643.79,-7.50722314784e-07,1.70697319078e-06,0.489999532309,0.000139040863024,5.77490785927e-05,-7.31873886165e-05
6.957,1789944643.81,-0.00013441691447,-0.222934189842,-0.40245719183,8.91698084698,-0.00367071693104,-0.00030235214738
6.977,1789944643.83,0.000135173214907,0.222932482842,-0.0875423404615,-8.91711988678,0.00361319209993,0.000375539012176
6.997,1789944643.85,-7.50712625298e-07,1.70697263582e-06,0.489999532308,0.000139040889744,5.77483408437e-05,-7.31868515706e-05
7.017,1789944643.87,-0.000134436655849,-0.222934189804,-0.40245719192,8.91698084497,-0.00367152994194,-0.000302348493863
7.037,1789944643.89,0.000135192947804,0.222932482803,-0.0875423403719,-8.91711988479,0.00361400584937,0.000375534821613
7.057,1789944643.91,-7.50704108599e-07,1.70697333713e-06,0.489999532308,0.000139040914056,5.77476036796e-05,-7.31863145246e-05
7.077,1789944643.93,-0.00013445639713,-0.222934189766,-0.402457192011,8.91698084297,-0.0036723429474,-0.000302344840588
7.097,1789944643.95,0.000135212679782,0.222932482764,-0.0875423402806,-8.91711988281,0.00361481958427,0.000375530651156
7.117,1789944643.97,-7.50694887671e-07,1.70697468031e-06,0.489999532308,0.000139040936431,5.77468709402e-05,-7.3185797343e-05
7.137,1789944643.99,-0.000134476138203,-0.222934189728,-0.402457192102,8.91698084097,-0.00367315594547,-0.000302341187161
7.157,1789944644.01,0.000135232410388,0.222932482727,-0.0875423401895,-8.91711988084,0.00361563331292,0.000375526460683
7.177,1789944644.03,-7.5068444151e-07,1.70697348418e-06,0.489999532308,0.000139040965054,5.77461395429e-05,-7.31852602967e-05
7.197,1789944644.05,-0.000134495878968,-0.22293418969,-0.402457192193,8.91698083896,-0.00367396892851,-0.000302337534165
7.217,1789944644.07,0.000135252143738,0.222932482686,-0.0875423400986,-8.91711987886,0.00361644702948,0.000375522280573
7.237,1789944644.09,-7.50677149107e-07,1.70697733083e-06,0.489999532308,0.000139040982696,5.77454010769e-05,-7.31847331834e-05
7.257,1789944644.11,-0.00013451561962,-0.222934189652,-0.402457192283,8.91698083695,-0.00367478190395,-0.000302333881644
7.277,1789944644.13,0.000135271873881,0.222932482647,-0.0875423400086,-8.91711987687,0.00361726073374,0.000375518091005
7.297,1789944644.15,-7.50666770783e-07,1.70697743185e-06,0.489999532308,0.000139041007167,5.77446670509e-05,-7.31841961372e-05
7.317,1789944644.17,-0.00013453535966,-0.222934189614,-0.402457192374,8.91698083495,-0.00367559486307,-0.000302330227847
7.337,1789944644.19,0.000135291604726,0.222932482606,-0.087542339918,-8.91711987489,0.00361807442673,0.000375513910094
7.357,1789944644.21,-7.50657573264e-07,1.70698062541e-06,0.489999532308,0.000139041027113,5.77439332907e-05,-7.31836690232e-05
7.377,1789944644.23,-0.000134555099704,-0.222934189576,-0.402457192465,8.91698083295,-0.00367640781579,-0.000302326575078
7.397,1789944644.25,0.000135311333692,0.222932482569,-0.0875423398265,-8.91711987292,0.00361888810926,0.000375509740143
7.417,1789944644.27,-7.50646601091e-07,1.70698006981e-06,0.489999532308,0.000139041053778,5.77431992689e-05,-7.31831518416e-05
7.437,1789944644.29,-0.000134574839445,-0.222934189538,-0.402457192556,8.91698083095,-0.00367722075487,-0.000302322922549
7.457,1789944644.31,0.000135331064748,0.222932482529,-0.0875423397359,-8.91711987093,0.00361970177872,0.000375505550569
7.477,1789944644.33,-7.50638029098e-07,1.70698202876e-06,0.489999532308,0.00013904107543,5.77424643206e-05,-7.31826147962e-05
7.497,1789944644.35,-0.000134594578963,-0.2229341895,-0.402457192646,8.91698082894,-0.00367803368961,-0.000302319269298
7.517,1789944644.37,0.000135350795759,0.222932482491,-0.0875423396459,-8.91711986895,0.00362051545087,0.000375501360272
7.537,1789944644.39,-7.50629472449e-07,1.70698150037e-06,0.489999532308,0.000139041101253,5.77417289245e-05,-7.31820777501e-05
7.557,1789944644.41,-0.000134614318239,-0.222934189462,-0.402457192737,8.91698082693,-0.0036788466124,-0.000302315616408
7.577,1789944644.43,0.00013537052635,0.222932482452,-0.0875423395551,-8.91711986697,0.00362132910418,0.000375497200132
7.597,1789944644.45,-7.50620943491e-07,1.70698282027e-06,0.489999532308,0.00013904112439,5.7740992177e-05,-7.31815705006e-05
7.617,1789944644.47,-0.000134634057177,-0.222934189424,-0.402457192827,8.91698082493,-0.00367965951706,-0.000302311964232
7.637,1789944644.49,0.000135390254125,0.222932482413,-0.0875423394644,-8.91711986499,0.00362214273532,0.000375493020842
7.657,1789944644.51,-7.50609836362e-07,1.70698419922e-06,0.489999532308,0.000139041145591,5.7740263471e-05,-7.31810433865e-05
7.677,1789944644.53,-0.000134653796014,-0.222934189386,-0.402457192918,8.91698082293,-0.00368047242144,-0.000302308311474
7.697,1789944644.55,0.000135409983793,0.222932482375,-0.0875423393731,-8.91711986301,0.00362295637424,0.00037548879131
7.717,1789944644.58,-7.50600744479e-07,1.70698420803e-06,0.489999532308,0.000139041173581,5.7739525818e-05,-7.31804666127e-05
7.737,1789944644.59,-0.000134673534274,-0.222934189348,-0.402457193008,8.91698082092,-0.00368128530482,-0.000302304658388
7.757,1789944644.61,0.000135429711572,0.222932482337,-0.0875423392835,-8.91711986103,0.00362376998748,0.000375484621042
7.777,1789944644.63,-7.50590425013e-07,1.70698428873e-06,0.489999532308,0.000139041198787,5.77387895212e-05,-7.31799494309e-05
7.797,1789944644.65,-0.000134693272611,-0.22293418931,-0.402457193099,8.91698081891,-0.00368209818609,-0.000302301006115
7.817,1789944644.67,0.000135449443264,0.222932482298,-0.0875423391926,-8.91711985905,0.00362458360908,0.000375480441656
7.837,1789944644.69,-7.50583706585e-07,1.70698502768e-06,0.489999532308,0.000139041221582,5.77380520976e-05,-7.31794223177e-05
7.857,1789944644.71,-0.000134713010506,-0.222934189272,-0.40245719319,8.91698081691,-0.00368291105335,-0.000302297353268
7.877,1789944644.73,0.000135469170644,0.222932482259,-0.0875423391017,-8.91711985707,0.00362539720476,0.000375476271626
7.897,1789944644.75,-7.50573320428e-07,1.70698636802e-06,0.489999532308,0.000139041243985,5.7737318551e-05,-7.31789051355e-05
7.917,1789944644.77,-0.000134732748129,-0.222934189234,-0.40245719328,8.91698081491,-0.00368372390689,-0.000302293700862
7.937,1789944644.79,0.000135488898346,0.22293248222,-0.0875423390108,-8.91711985509,0.00362621078678,0.000375472082174
7.957,1789944644.81,-7.50563530959e-07,1.70698704115e-06,0.489999532308,0.000139041269571,5.77365848054e-05,-7.31783680897e-05
7.977,1789944644.83,-0.000134752485561,-0.222934189196,-0.402457193371,8.9169808129,-0.0036845367529,-0.000302290048444
7.997,1789944644.85,0.000135508625337,0.222932482181,-0.0875423389204,-8.91711985311,0.00362702436421,0.000375467922507
8.017,1789944644.87,-7.50553049972e-07,1.70698772799e-06,0.489999532308,0.000139041294194,5.77358549724e-05,-7.31778608401e-05
8.037,1789944644.89,-0.00013477222269,-0.222934189158,-0.402457193462,8.9169808109,-0.00368534958702,-0.000302286395986
8.057,1789944644.91,0.000135528356926,0.222932482142,-0.0875423388298,-8.91711985113,0.00362783793498,0.000375463733003
8.077,1789944644.93,-7.50547710013e-07,1.70698908788e-06,0.489999532308,0.0001390413159,5.77351103232e-05,-7.31773237952e-05
8.097,1789944644.95,-0.000134791959495,-0.22293418912,-0.402457193552,8.91698080889,-0.00368616241014,-0.000302282743221
8.117,1789944644.97,0.000135548081442,0.222932482104,-0.0875423387393,-8.91711984915,0.00362865148728,0.00037545953326
8.137,1789944644.99,-7.50535409542e-07,1.70698912572e-06,0.489999532308,0.000139041343156,5.77343816034e-05,-7.31767768167e-05
8.157,1789944645.02,-0.00013481169625,-0.222934189082,-0.402457193643,8.91698080689,-0.00368697522426,-0.000302279091555
8.177,1789944645.04,0.00013556780825,0.222932482064,-0.0875423386487,-8.91711984716,0.00362946502882,0.000375455384276
8.197,1789944645.05,-7.50525554308e-07,1.70699112499e-06,0.489999532308,0.000139041363033,5.77336504916e-05,-7.31762794989e-05
8.217,1789944645.08,-0.000134831432548,-0.222934189044,-0.402457193733,8.91698080488,-0.003687788027,-0.000302275438806
8.237,1789944645.1,0.000135587534747,0.222932482027,-0.087542338558,-8.91711984519,0.00363027856477,0.000375451184549
8.257,1789944645.12,-7.50515825483e-07,1.70698998351e-06,0.489999532308,0.000139041389296,5.77329144058e-05,-7.31757325214e-05
8.277,1789944645.14,-0.000134851168682,-0.222934189007,-0.402457193824,8.91698080288,-0.00368860081998,-0.000302271786556
8.297,1789944645.16,0.000135607261057,0.222932481989,-0.087542338467,-8.91711984321,0.00363109208996,0.000375446995253
8.317,1789944645.18,-7.50506074472e-07,1.70699062953e-06,0.489999532308,0.0001390414158,5.77321792878e-05,-7.31751954753e-05
8.337,1789944645.2,-0.000134870904597,-0.222934188969,-0.402457193914,8.91698080088,-0.00368941360323,-0.00030226813446
8.357,1789944645.22,0.000135626990779,0.222932481947,-0.0875423383766,-8.91711984122,0.00363190560781,0.00037544284584
8.377,1789944645.24,-7.50499981744e-07,1.70699387418e-06,0.489999532308,0.000139041433689,5.77314406705e-05,-7.31746981588e-05
8.397,1789944645.26,-0.000134890640201,-0.22293418893,-0.402457194005,8.91698079886,-0.003690226375,-0.000302264482216
8.417,1789944645.28,0.000135646715286,0.222932481909,-0.0875423382865,-8.91711983924,0.0036327191086,0.000375438626753
8.437,1789944645.3,-7.50488903773e-07,1.70699396021e-06,0.489999532308,0.000139041458511,5.77307108827e-05,-7.31741313164e-05
8.457,1789944645.32,-0.00013491037557,-0.222934188893,-0.402457194096,8.91698079687,-0.00369103913438,-0.000302260830436
8.477,1789944645.34,0.000135666440761,0.222932481873,-0.0875423381949,-8.91711983727,0.00363353259741,0.000375434477656
8.497,1789944645.36,-7.50479147481e-07,1.70699213932e-06,0.489999532307,0.000139041488367,5.77299759784e-05,-7.31736339989e-05
8.517,1789944645.38,-0.000134930110523,-0.222934188855,-0.402457194186,8.91698079486,-0.00369185188113,-0.000302257178034
8.537,1789944645.4,0.000135686166555,0.222932481833,-0.0875423381051,-8.91711983529,0.00363434607927,0.000375430278276
8.557,1789944645.42,-7.50470050621e-07,1.70699408017e-06,0.489999532308,0.000139041510574,5.77292383633e-05,-7.31730870212e-05
8.577,1789944645.44,-0.000134949845162,-0.222934188816,-0.402457194277,8.91698079285,-0.00369266461355,-0.000302253525906
8.597,1789944645.46,0.000135705889414,0.222932481794,-0.087542338014,-8.9171198333,0.00363515953695,0.000375426099034
8.617,1789944645.48,-7.50458328071e-07,1.70699478842e-06,0.489999532307,0.000139041534587,5.77285107762e-05,-7.31725599071e-05
8.637,1789944645.5,-0.000134969579842,-0.222934188779,-0.402457194368,8.91698079085,-0.0036934773471,-0.000302249873856
8.657,1789944645.52,0.000135725617431,0.222932481756,-0.0875423379233,-8.91711983132,0.00363597301006,0.000375421929803
8.677,1789944645.54,-7.50451713188e-07,1.7069948681e-06,0.489999532307,0.000139041560006,5.77277693001e-05,-7.31720427262e-05
8.697,1789944645.56,-0.000134989314253,-0.222934188741,-0.402457194458,8.91698078884,-0.0036942900682,-0.000302246222071
8.717,1789944645.58,0.000135745341959,0.222932481718,-0.0875423378331,-8.91711982934,0.00363678646085,0.000375417750904
8.737,1789944645.6,-7.50441935138e-07,1.70699493651e-06,0.489999532307,0.000139041585614,5.77270354311e-05,-7.31715156123e-05
8.757,1789944645.62,-0.000135009048228,-0.222934188703,-0.402457194549,8.91698078684,-0.00369510277143,-0.000302242570351
8.777,1789944645.64,0.00013576506483,0.222932481677,-0.087542337742,-8.91711982736,0.00363759989283,0.000375413562137
8.797,1789944645.66,-7.50430912991e-07,1.7069981661e-06,0.489999532307,0.000139041604027,5.77263034152e-05,-7.31709785665e-05
8.817,1789944645.68,-0.00013502878196,-0.222934188665,-0.40245719464,8.91698078484,-0.00369591546516,-0.000302238918598
8.837,1789944645.7,0.000135784789975,0.222932481637,-0.0875423376504,-8.91711982538,0.0036384133205,0.000375409373339
8.857,1789944645.72,-7.50422355946e-07,1.70700013731e-06,0.489999532307,0.000139041625104,5.77255682903e-05,-7.31704415208e-05
8.877,1789944645.74,-0.000135048515624,-0.222934188627,-0.402457194731,8.91698078283,-0.00369672815581,-0.000302235266902
8.897,1789944645.76,0.00013580451623,0.222932481598,-0.08754233756,-8.91711982339,0.00363922674444,0.000375405204462
8.917,1789944645.78,-7.50415106033e-07,1.70700081386e-06,0.489999532307,0.000139041650388,5.77248286276e-05,-7.316992434e-05
8.937,1789944645.8,-0.000135068248688,-0.222934188588,-0.402457194821,8.91698078082,-0.00369754082173,-0.000302231615323
8.957,1789944645.82,0.000135824238232,0.22293248156,-0.0875423374699,-8.91711982141,0.00364004014077,0.000375400995973
8.977,1789944645.84,-7.50404003316e-07,1.70700150816e-06,0.489999532307,0.000139041674876,5.77240998339e-05,-7.316936743e-05
8.997,1789944645.86,-0.000135087981824,-0.22293418855,-0.402457194911,8.91698077881,-0.00369835349244,-0.000302227963441
9.017,1789944645.88,0.000135843961497,0.222932481522,-0.0875423373795,-8.91711981942,0.00364085354172,0.000375396836841
9.037,1789944645.9,-7.50394263351e-07,1.70700164561e-06,0.489999532307,0.000139041697811,5.77233643614e-05,-7.31688601805e-05
9.057,1789944645.92,-0.000135107714474,-0.222934188512,-0.402457195002,8.91698077681,-0.00369916614354,-0.000302224311585
9.077,1789944645.94,0.00013586368489,0.222932481483,-0.0875423372889,-8.91711981745,0.00364166692371,0.000375392657871
9.097,1789944645.96,-7.50385078588e-07,1.70700232691e-06,0.489999532307,0.000139041722904,5.7722630598e-05,-7.31683330668e-05
9.117,1789944645.98,-0.000135127446953,-0.222934188474,-0.402457195093,8.9169807748,-0.00369997878283,-0.000302220660511
9.137,1789944646,0.000135883406784,0.222932481442,-0.0875423371979,-8.91711981546,0.00364248028865,0.000375388489615
9.157,1789944646.02,-7.50374575307e-07,1.70700494214e-06,0.489999532307,0.000139041742053,5.77219016593e-05,-7.31678158849e-05
9.177,1789944646.04,-0.00013514717925,-0.222934188436,-0.402457195184,8.9169807728,-0.00370079141894,-0.000302217008789
9.197,1789944646.06,0.000135903130556,0.222932481405,-0.087542337107,-8.91711981348,0.00364329366092,0.000375384290915
9.217,1789944646.08,-7.50366100944e-07,1.70700371432e-06,0.489999532307,0.000139041771836,5.77211634759e-05,-7.31672689076e-05
9.237,1789944646.1,-0.000135166911239,-0.222934188398,-0.402457195273,8.91698077079,-0.00370160404295,-0.00030221335704
9.257,1789944646.12,0.000135922855184,0.222932481367,-0.0875423370171,-8.9171198115,0.00364410702048,0.000375380102121
9.277,1789944646.14,-7.50358747512e-07,1.70700445725e-06,0.489999532307,0.000139041794462,5.77204276271e-05,-7.31667318622e-05
9.297,1789944646.16,-0.000135186642959,-0.22293418836,-0.402457195364,8.91698076879,-0.00370241665263,-0.000302209705847
9.317,1789944646.18,0.00013594257635,0.222932481327,-0.0875423369268,-8.91711980951,0.00364492035681,0.000375375943679
9.337,1789944646.2,-7.50348432053e-07,1.70700639841e-06,0.489999532307,0.000139041816828,5.77196914259e-05,-7.3166224613e-05
9.357,1789944646.22,-0.000135206374334,-0.222934188322,-0.402457195455,8.91698076679,-0.00370322924839,-0.000302206054671
9.377,1789944646.24,0.000135962296626,0.222932481287,-0.0875423368351,-8.91711980754,0.00364573368134,0.000375371745524
9.397,1789944646.26,-7.50337318584e-07,1.70700773242e-06,0.489999532307,0.000139041839555,5.77189632275e-05,-7.31656776351e-05
9.417,1789944646.28,-0.000135226105509,-0.222934188285,-0.402457195546,8.91698076478,-0.00370404183956,-0.000302202402961
9.437,1789944646.3,0.000135982020521,0.22293248125,-0.0875423367442,-8.91711980556,0.00364654701079,0.000375367586565
9.457,1789944646.32,-7.50330081145e-07,1.70700782807e-06,0.489999532307,0.000139041864242,5.77182232379e-05,-7.3165170386e-05
9.477,1789944646.34,-0.000135245836414,-0.222934188246,-0.402457195636,8.91698076277,-0.00370485441759,-0.000302198751617
9.497,1789944646.36,0.000136001740925,0.222932481211,-0.0875423366546,-8.91711980358,0.00364736031771,0.000375363398175
9.517,1789944646.38,-7.5031969557e-07,1.70700785778e-06,0.489999532307,0.000139041891482,5.77174897592e-05,-7.31646333401e-05
9.537,1789944646.4,-0.000135265567136,-0.222934188208,-0.402457195727,8.91698076077,-0.00370566698659,-0.000302195100544
9.557,1789944646.42,0.000136021463092,0.222932481171,-0.0875423365636,-8.91711980159,0.00364817362173,0.000375359210057
9.577,1789944646.44,-7.50311176396e-07,1.70700983296e-06,0.489999532307,0.000139041912398,5.77167532867e-05,-7.3164096295e-05
9.597,1789944646.46,-0.000135285297337,-0.22293418817,-0.402457195817,8.91698075876,-0.00370647953728,-0.000302191449073
9.617,1789944646.48,0.000136041179513,0.222932481134,-0.0875423364731,-8.91711979961,0.00364898688928,0.000375355041404
9.637,1789944646.5,-7.50297587736e-07,1.70700924677e-06,0.489999532307,0.000139041940603,5.771602877e-05,-7.3163579113e-05
9.657,1789944646.52,-0.000135305027525,-0.222934188132,-0.402457195908,8.91698075675,-0.00370729208548,-0.00030218779791
9.677,1789944646.54,0.000136060904398,0.222932481094,-0.0875423363829,-8.91711979763,0.00364980018345,0.000375350863127
9.697,1789944646.56,-7.50292188952e-07,1.70701123433e-06,0.489999532307,0.000139041961031,5.77152866491e-05,-7.31630519996e-05
9.717,1789944646.58,-0.000135324757516,-0.222934188094,-0.402457195999,8.91698075475,-0.00370810462408,-0.000302184147016
9.737,1789944646.6,0.000136080625054,0.222932481056,-0.0875423362915,-8.91711979564,0.00365061344987,0.000375346695052
9.757,1789944646.62,-7.50283050476e-07,1.70701129749e-06,0.489999532307,0.000139041986762,5.77145509513e-05,-7.31625348186e-05
9.777,1789944646.64,-0.00013534448715,-0.222934188056,-0.402457196089,8.91698075274,-0.00370891714742,-0.000302180496269
9.797,1789944646.66,0.000136100344861,0.222932481019,-0.0875423362012,-8.91711979367,0.00365142670498,0.000375342497328
9.817,1789944646.68,-7.5027320239e-07,1.70701008786e-06,0.489999532307,0.000139042015986,5.77138200558e-05,-7.3161987841e-05
9.837,1789944646.7,-0.000135364216548,-0.222934188018,-0.40245719618,8.91698075073,-0.00370972966365,-0.000302176845167
9.857,1789944646.72,0.000136120062457,0.22293248098,-0.0875423361105,-8.91711979168,0.00365223994584,0.000375338309179
9.877,1789944646.74,-7.50261615195e-07,1.70701144673e-06,0.489999532307,0.000139042037889,5.77130868095e-05,-7.31614507954e-05
9.897,1789944646.76,-0.000135383945538,-0.22293418798,-0.40245719627,8.91698074872,-0.00371054216534,-0.000302173193786
9.917,1789944646.78,0.000136139786082,0.22293248094,-0.0875423360204,-8.9171197897,0.00365305319099,0.000375334140617
9.937,1789944646.8,-7.50256231495e-07,1.70701281757e-06,0.489999532307,0.000139042059151,5.77123440878e-05,-7.31609336143e-05
9.957,1789944646.82,-0.000135403674398,-0.222934187942,-0.402457196361,8.91698074672,-0.00371135465865,-0.000302169542893
9.977,1789944646.84,0.000136159503207,0.222932480901,-0.0875423359293,-8.91711978771,0.00365386641098,0.000375329972542
9.997,1789944646.86,-7.50244514061e-07,1.70701414666e-06,0.489999532307,0.000139042081751,5.77116167177e-05,-7.31604164325e-05
10.017,1789944646.88,-0.000135423403127,-0.222934187904,-0.402457196451,8.91698074471,-0.00371216714347,-0.000302165892516
10.037,1789944646.9,0.000136179222672,0.222932480862,-0.087542335839,-8.91711978573,0.00365467962648,0.000375325775188
10.057,1789944646.92,-7.50235386523e-07,1.7070148602e-06,0.489999532307,0.000139042105625,5.77108805877e-05,-7.31598694551e-05
10.077,1789944646.94,-0.000135443131455,-0.222934187866,-0.402457196541,8.9169807427,-0.00371297961349,-0.000302162241941
10.097,1789944646.96,0.000136198939228,0.222932480823,-0.0875423357487,-8.91711978375,0.00365549282186,0.000375321587567
10.117,1789944646.98,-7.50223739606e-07,1.70701615846e-06,0.489999532307,0.000139042129947,5.77101502283e-05,-7.31593324095e-05
10.137,1789944647,-0.000135462859329,-0.222934187828,-0.402457196633,8.9169807407,-0.00371379206867,-0.000302158590852
10.157,1789944647.02,0.000136218660432,0.222932480785,-0.0875423356574,-8.91711978177,0.00365630601603,0.000375317419296
10.177,1789944647.04,-7.50217048151e-07,1.70701627326e-06,0.489999532306,0.000139042153697,5.7709412066e-05,-7.31588152282e-05
10.197,1789944647.06,-0.000135482587174,-0.22293418779,-0.402457196723,8.9169807387,-0.00371460452144,-0.000302154939958
10.217,1789944647.08,0.000136238379027,0.222932480746,-0.0875423355674,-8.91711977979,0.00365711919997,0.000375313221425
10.237,1789944647.1,-7.5020789794e-07,1.70701695668e-06,0.489999532306,0.000139042178698,5.77086769247e-05,-7.31582682509e-05
10.257,1789944647.12,-0.000135502314841,-0.222934187752,-0.402457196814,8.91698073669,-0.00371541696381,-0.000302151289576
10.277,1789944647.14,0.000136258096185,0.222932480707,-0.0875423354763,-8.91711977781,0.00365793237076,0.000375309093589
10.297,1789944647.16,-7.50197495208e-07,1.70701830841e-06,0.489999532306,0.000139042200471,5.77079442217e-05,-7.31577907977e-05
10.317,1789944647.18,-0.000135522042064,-0.222934187714,-0.402457196904,8.91698073469,-0.00371622939091,-0.000302147638803
10.337,1789944647.2,0.000136277813626,0.222932480665,-0.087542335386,-8.91711977582,0.00365874553157,0.000375304885907
10.357,1789944647.22,-7.50187730745e-07,1.70702150119e-06,0.489999532306,0.000139042220427,5.77072098152e-05,-7.31572338883e-05
10.377,1789944647.24,-0.000135541769044,-0.222934187676,-0.402457196995,8.91698073268,-0.00371704180912,-0.000302143987901
10.397,1789944647.26,0.000136297531924,0.222932480627,-0.087542335295,-8.91711977384,0.00365955867948,0.000375300727756
10.417,1789944647.28,-7.50179195393e-07,1.70702156045e-06,0.489999532306,0.000139042246568,5.77064742431e-05,-7.31567266394e-05
10.437,1789944647.3,-0.000135561495841,-0.222934187638,-0.402457197085,8.91698073067,-0.00371785421557,-0.000302140337689
10.457,1789944647.32,0.000136317250124,0.22293248059,-0.0875423352047,-8.91711977186,0.0036603718193,0.00037529650077
10.477,1789944647.34,-7.5017062792e-07,1.70702102854e-06,0.489999532306,0.000139042272429,5.77057397104e-05,-7.31561498663e-05
10.497,1789944647.36,-0.000135581222421,-0.2229341876,-0.402457197176,8.91698072866,-0.0037186666114,-0.000302136687781
10.517,1789944647.38,0.000136336966231,0.22293248055,-0.087542335114,-8.91711976987,0.00366118494481,0.000375292343613
10.537,1789944647.4,-7.50160215039e-07,1.70702298538e-06,0.489999532306,0.000139042294241,5.77050076585e-05,-7.31556426162e-05
10.557,1789944647.42,-0.000135600948613,-0.222934187562,-0.402457197266,8.91698072666,-0.00371947899601,-0.000302133037205
10.577,1789944647.44,0.000136356681946,0.222932480512,-0.0875423350236,-8.91711976789,0.0036619980588,0.000375288146058
10.597,1789944647.46,-7.50149838667e-07,1.7070223981e-06,0.489999532306,0.00013904232224,5.77042742309e-05,-7.31550956385e-05
10.617,1789944647.48,-0.000135620674689,-0.222934187524,-0.402457197357,8.91698072465,-0.00372029137587,-0.000302129386646
10.637,1789944647.5,0.000136376399343,0.222932480471,-0.0875423349326,-8.9171197659,0.003662811169,0.00037528398825
10.657,1789944647.52,-7.5014118752e-07,1.70702505901e-06,0.489999532306,0.000139042339636,5.77035427954e-05,-7.31545883894e-05
10.677,1789944647.54,-0.000135640400354,-0.222934187486,-0.402457197448,8.91698072264,-0.00372110373982,-0.000302125736004
10.697,1789944647.56,0.00013639611644,0.222932480435,-0.0875423348419,-8.91711976393,0.00366362426695,0.000375279790631
10.717,1789944647.58,-7.50132708089e-07,1.70702382648e-06,0.489999532306,0.000139042369695,5.77028052378e-05,-7.31540414121e-05
10.737,1789944647.6,-0.000135660125792,-0.222934187448,-0.402457197538,8.91698072063,-0.00372191609283,-0.000302122085649
10.757,1789944647.62,0.000136415831353,0.222932480394,-0.0875423347518,-8.91711976193,0.00366443734795,0.000375275642959
10.777,1789944647.64,-7.50122305302e-07,1.70702644495e-06,0.489999532306,0.000139042388792,5.77020723695e-05,-7.31535440949e-05
10.797,1789944647.66,-0.000135679851097,-0.22293418741,-0.402457197629,8.91698071863,-0.00372272843698,-0.000302118435851
10.817,1789944647.68,0.000136435547479,0.222932480356,-0.0875423346608,-8.91711975996,0.00366525042573,0.000375271456114
10.837,1789944647.7,-7.5011323879e-07,1.70702651988e-06,0.489999532306,0.000139042414129,5.77013342156e-05,-7.31530070496e-05
10.857,1789944647.72,-0.000135699576115,-0.222934187372,-0.40245719772,8.91698071663,-0.00372354077006,-0.000302114785986
10.877,1789944647.74,0.000136455263258,0.222932480317,-0.0875423345694,-8.91711975797,0.00366606349017,0.000375267269204
10.897,1789944647.76,-7.50103968447e-07,1.70702787033e-06,0.489999532306,0.000139042436201,5.770060413e-05,-7.31524700046e-05
10.917,1789944647.78,-0.000135719300694,-0.222934187333,-0.40245719781,8.91698071461,-0.00372435309057,-0.000302111135342
10.937,1789944647.8,0.000136474977981,0.222932480278,-0.0875423344793,-8.91711975599,0.0036668765412,0.000375263091446
10.957,1789944647.82,-7.50094249471e-07,1.70702792315e-06,0.489999532306,0.000139042462672,5.7699868158e-05,-7.31519428905e-05
10.977,1789944647.84,-0.000135739025084,-0.222934187295,-0.4024571979,8.9169807126,-0.00372516540169,-0.000302107484991
10.997,1789944647.86,0.000136494693811,0.22293248024,-0.087542334389,-8.917119754,0.00366768958685,0.000375258894118
11.017,1789944647.88,-7.50085748998e-07,1.70702800898e-06,0.489999532306,0.000139042487575,5.76991311948e-05,-7.31513959137e-05
11.037,1789944647.9,-0.000135758749301,-0.222934187257,-0.402457197991,8.91698071059,-0.00372597770251,-0.000302103835157
11.057,1789944647.92,0.000136514410046,0.2229324802,-0.0875423342984,-8.91711975202,0.00366850262155,0.000375254737036
11.077,1789944647.94,-7.50077836341e-07,1.70702996794e-06,0.489999532306,0.000139042509224,5.76983945491e-05,-7.31508886651e-05
11.097,1789944647.96,-0.000135778473256,-0.222934187219,-0.402457198081,8.91698070859,-0.00372678999411,-0.000302100185136
11.117,1789944647.98,0.000136534124199,0.222932480163,-0.0875423342081,-8.91711975004,0.00366931564573,0.000375250530105
11.137,1789944648,-7.50068088636e-07,1.70702939052e-06,0.489999532306,0.000139042536818,5.76976598096e-05,-7.31503317557e-05
11.157,1789944648.02,-0.000135798196888,-0.222934187181,-0.402457198172,8.91698070658,-0.00372760227119,-0.000302096535354
11.177,1789944648.04,0.000136553835418,0.222932480123,-0.0875423341169,-8.91711974806,0.00367012864662,0.000375246373073
11.197,1789944648.06,-7.50055689002e-07,1.70703076394e-06,0.489999532306,0.000139042558224,5.76969354859e-05,-7.31498245056e-05
11.217,1789944648.08,-0.000135817920305,-0.222934187143,-0.402457198263,8.91698070458,-0.00372841453953,-0.000302092885601
11.237,1789944648.1,0.000136573550108,0.222932480084,-0.0875423340265,-8.91711974607,0.00367094164283,0.000375242206139
11.257,1789944648.12,-7.50047163455e-07,1.70703143193e-06,0.489999532306,0.00013904258366,5.76961995264e-05,-7.31493073248e-05
11.277,1789944648.14,-0.000135837643342,-0.222934187105,-0.402457198354,8.91698070257,-0.00372922679566,-0.000302089235385
11.297,1789944648.16,0.000136593266522,0.222932480045,-0.0875423339354,-8.91711974409,0.00367175463941,0.000375237999014
11.317,1789944648.18,-7.50040540237e-07,1.70703282687e-06,0.489999532306,0.000139042603952,5.76954590536e-05,-7.3148750416e-05
11.337,1789944648.2,-0.000135857366438,-0.222934187067,-0.402457198444,8.91698070056,-0.00373003904743,-0.000302085586212
11.357,1789944648.22,0.000136612978503,0.222932480007,-0.0875423338453,-8.91711974211,0.00367256761882,0.000375233822727
11.377,1789944648.24,-7.50029546544e-07,1.70703282643e-06,0.489999532306,0.000139042632387,5.76947265722e-05,-7.31482233024e-05
11.397,1789944648.26,-0.000135877088847,-0.222934187029,-0.402457198535,8.91698069855,-0.00373085127769,-0.000302081936103
11.417,1789944648.28,0.000136632689799,0.222932479967,-0.0875423337545,-8.91711974011,0.00367338057723,0.000375229655437
11.437,1789944648.3,-7.50018396487e-07,1.70703482415e-06,0.489999532306,0.000139042652476,5.76939999325e-05,-7.3147706121e-05
11.457,1789944648.32,-0.000135896811382,-0.222934186991,-0.402457198625,8.91698069654,-0.00373166351302,-0.000302078285999
11.477,1789944648.34,0.000136652405566,0.222932479929,-0.0875423336645,-8.91711973813,0.00367419354715,0.000375225478219
11.497,1789944648.36,-7.5001186034e-07,1.70703428358e-06,0.489999532306,0.000139042678606,5.76932560632e-05,-7.31471790081e-05
11.517,1789944648.38,-0.000135916533405,-0.222934186953,-0.402457198715,8.91698069454,-0.00373247572307,-0.000302074636639
11.537,1789944648.4,0.000136672117189,0.22293247989,-0.0875423335737,-8.91711973615,0.0036750064897,0.000375221311678
11.557,1789944648.42,-7.50001419004e-07,1.70703559237e-06,0.489999532306,0.000139042702257,5.76925252362e-05,-7.3146661827e-05
11.577,1789944648.44,-0.000135936255238,-0.222934186915,-0.402457198806,8.91698069253,-0.00373328792497,-0.000302070987366
11.597,1789944648.46,0.000136691829713,0.22293247985,-0.0875423334833,-8.91711973416,0.00367581942005,0.000375217085631
11.617,1789944648.48,-7.49992205789e-07,1.70703695063e-06,0.489999532306,0.000139042724093,5.76917929493e-05,-7.31460850536e-05
11.637,1789944648.5,-0.000135955976867,-0.222934186877,-0.402457198897,8.91698069052,-0.00373410012114,-0.000302067337713
11.657,1789944648.52,0.000136711540818,0.222932479814,-0.087542333392,-8.91711973218,0.00367663234382,0.000375212958525
11.677,1789944648.54,-7.49981839167e-07,1.70703574803e-06,0.489999532306,0.000139042753111,5.76910590561e-05,-7.31456076005e-05
11.697,1789944648.56,-0.000135975697995,-0.222934186838,-0.402457198987,8.91698068851,-0.0037349122977,-0.000302063687992
11.717,1789944648.58,0.000136731253459,0.222932479774,-0.0875423333018,-8.9171197302,0.00367744525771,0.000375208791623
11.737,1789944648.6,-7.49973310749e-07,1.7070376955e-06,0.489999532306,0.000139042775047,5.76903233826e-05,-7.31450904193e-05
11.757,1789944648.62,-0.000135995419182,-0.2229341868,-0.402457199078,8.9169806865,-0.00373572447692,-0.000302060038229
11.777,1789944648.64,0.000136750964755,0.222932479734,-0.0875423332113,-8.91711972821,0.00367825816607,0.000375204614746
11.797,1789944648.66,-7.49963495135e-07,1.70703902582e-06,0.489999532306,0.00013904279799,5.76895911966e-05,-7.31445633062e-05
11.817,1789944648.68,-0.000136015140161,-0.222934186762,-0.402457199168,8.91698068449,-0.0037365366419,-0.000302056389385
11.837,1789944648.7,0.000136770677044,0.222932479696,-0.0875423331208,-8.91711972623,0.0036790710603,0.000375200399061
11.857,1789944648.72,-7.49954939705e-07,1.70703911363e-06,0.489999532305,0.000139042822817,5.7688856598e-05,-7.31439964649e-05
11.877,1789944648.74,-0.000136034860594,-0.222934186724,-0.402457199259,8.91698068249,-0.00373734879237,-0.0003020527394
11.897,1789944648.76,0.000136790388892,0.222932479654,-0.0875423330294,-8.91711972425,0.00367988394433,0.000375196241827
11.917,1789944648.78,-7.49946424608e-07,1.70704297133e-06,0.489999532305,0.000139042840165,5.76881202251e-05,-7.31434892165e-05
11.937,1789944648.8,-0.000136054580774,-0.222934186686,-0.40245719935,8.91698068048,-0.00373816092826,-0.00030204909011
11.957,1789944648.82,0.000136810099234,0.222932479616,-0.0875423329391,-8.91711972226,0.00368069681108,0.000375192065424
11.977,1789944648.84,-7.49936720303e-07,1.70704303545e-06,0.489999532305,0.000139042865847,5.76873840021e-05,-7.31429621031e-05
11.997,1789944648.86,-0.000136074300848,-0.222934186648,-0.40245719944,8.91698067847,-0.00373897305733,-0.000302045441223
12.017,1789944648.88,0.000136829808917,0.222932479577,-0.0875423328485,-8.91711972027,0.00368150967301,0.000375187889423
12.037,1789944648.9,-7.49926190959e-07,1.70704372639e-06,0.489999532305,0.000139042890378,5.76866566988e-05,-7.31424349896e-05
12.057,1789944648.92,-0.00013609402062,-0.22293418661,-0.402457199531,8.91698067646,-0.00373978517737,-0.00030204179186
12.077,1789944648.94,0.000136849517357,0.222932479539,-0.0875423327578,-8.91711971829,0.00368232251184,0.000375183712946
12.097,1789944648.96,-7.49915156357e-07,1.70704383192e-06,0.489999532305,0.000139042914576,5.76859260224e-05,-7.31419078762e-05
12.117,1789944648.98,-0.000136113740032,-0.222934186572,-0.402457199622,8.91698067446,-0.00374059728334,-0.000302038142446
12.137,1789944649,0.000136869230191,0.222932479499,-0.0875423326671,-8.91711971631,0.00368313536005,0.000375179506624
12.157,1789944649.02,-7.49908530014e-07,1.70704515916e-06,0.489999532305,0.000139042937567,5.7685185678e-05,-7.31413509672e-05
12.177,1789944649.04,-0.000136133459393,-0.222934186534,-0.402457199712,8.91698067244,-0.00374140938363,-0.000302034493598
12.197,1789944649.06,0.000136888939038,0.222932479461,-0.087542332577,-8.91711971432,0.00368394818821,0.00037517537039
12.217,1789944649.08,-7.49898095885e-07,1.70704587199e-06,0.489999532305,0.000139042961469,5.76844546532e-05,-7.31408635821e-05
12.237,1789944649.1,-0.000136153178528,-0.222934186496,-0.402457199802,8.91698067044,-0.00374222147268,-0.000302030845093
12.257,1789944649.12,0.000136908647608,0.222932479423,-0.0875423324863,-8.91711971234,0.00368476100312,0.000375171174908
12.277,1789944649.14,-7.4988768579e-07,1.70704527622e-06,0.489999532305,0.000139042989794,5.76837225784e-05,-7.31403166053e-05
12.297,1789944649.16,-0.000136172897166,-0.222934186458,-0.402457199893,8.91698066843,-0.00374303354633,-0.000302027195891
12.317,1789944649.18,0.000136928358992,0.222932479384,-0.0875423323952,-8.91711971035,0.00368557381566,0.000375166978729
12.337,1789944649.2,-7.49880480712e-07,1.70704665663e-06,0.489999532305,0.000139043010653,5.76829817208e-05,-7.31397696288e-05
12.357,1789944649.22,-0.000136192615471,-0.222934186419,-0.402457199984,8.91698066642,-0.00374384560844,-0.000302023546414
12.377,1789944649.24,0.000136948066843,0.222932479344,-0.087542332305,-8.91711970836,0.00368638660799,0.00037516280214
12.397,1789944649.26,-7.49870014297e-07,1.70704859483e-06,0.489999532305,0.00013904303321,5.7682251985e-05,-7.31392425155e-05
12.417,1789944649.28,-0.000136212333858,-0.222934186381,-0.402457200074,8.91698066441,-0.00374465766995,-0.00030201989754
12.437,1789944649.3,0.000136967775306,0.222932479305,-0.0875423322147,-8.91711970638,0.00368719939685,0.000375158626152
12.457,1789944649.32,-7.49860290327e-07,1.70704866168e-06,0.489999532305,0.000139043058866,5.76815166326e-05,-7.31387154022e-05
12.477,1789944649.34,-0.000136232051778,-0.222934186343,-0.402457200164,8.9169806624,-0.00374546971146,-0.000302016248872
12.497,1789944649.36,0.000136987484687,0.222932479266,-0.0875423321242,-8.9171197044,0.00368801217378,0.000375154430507
12.517,1789944649.38,-7.49851736141e-07,1.70705003843e-06,0.489999532305,0.000139043079957,5.76807818233e-05,-7.31381684256e-05
12.537,1789944649.4,-0.000136251769434,-0.222934186305,-0.402457200255,8.91698066039,-0.00374628174454,-0.000302012599869
12.557,1789944649.42,0.000137007193065,0.222932479228,-0.0875423320336,-8.91711970241,0.00368882493622,0.000375150274254
12.577,1789944649.44,-7.49842522592e-07,1.70704945049e-06,0.489999532305,0.00013904310814,5.7680049888e-05,-7.31376611761e-05
12.597,1789944649.46,-0.000136271486897,-0.222934186267,-0.402457200345,8.91698065839,-0.00374709376775,-0.000302008951203
12.617,1789944649.48,0.000137026900103,0.222932479189,-0.087542331943,-8.91711970043,0.00368963769074,0.000375146098475
12.637,1789944649.5,-7.49832183461e-07,1.70705143352e-06,0.489999532305,0.000139043128652,5.76793151462e-05,-7.31371340631e-05
12.657,1789944649.52,-0.000136291204074,-0.222934186229,-0.402457200436,8.91698065638,-0.00374790577918,-0.00030200530259
12.677,1789944649.54,0.000137046609859,0.22293247915,-0.087542331852,-8.91711969844,0.00369045043451,0.000375141932681
12.697,1789944649.56,-7.49824899819e-07,1.70705213485e-06,0.489999532305,0.000139043152927,5.76785773484e-05,-7.31366168824e-05
12.717,1789944649.58,-0.000136310920989,-0.222934186191,-0.402457200527,8.91698065436,-0.00374871778431,-0.000302001653326
12.737,1789944649.6,0.000137066316952,0.222932479111,-0.0875423317618,-8.91711969645,0.00369126317113,0.000375137766236
12.757,1789944649.62,-7.49815112743e-07,1.70705284583e-06,0.489999532305,0.000139043176721,5.76778444409e-05,-7.31360997014e-05
12.777,1789944649.64,-0.000136330637569,-0.222934186153,-0.402457200618,8.91698065236,-0.00374952977103,-0.000301998004845
12.797,1789944649.66,0.000137086022448,0.222932479073,-0.0875423316704,-8.91711969448,0.00369207588672,0.000375133570777
12.817,1789944649.68,-7.49803991221e-07,1.70705290111e-06,0.489999532305,0.000139043202925,5.7677117077e-05,-7.31355527241e-05
12.837,1789944649.7,-0.000136350354023,-0.222934186115,-0.402457200708,8.91698065035,-0.00375034175272,-0.00030199435636
12.857,1789944649.72,0.000137105728927,0.222932479034,-0.08754233158,-8.91711969249,0.00369288859356,0.000375129424975
12.877,1789944649.74,-7.49794264637e-07,1.70705361483e-06,0.489999532305,0.000139043226539,5.76763819994e-05,-7.3135055407e-05
12.897,1789944649.76,-0.000136370070112,-0.222934186077,-0.402457200798,8.91698064834,-0.00375115372191,-0.000301990707547
12.917,1789944649.78,0.000137125437066,0.222932478995,-0.0875423314902,-8.91711969051,0.00369370129789,0.000375125229185
12.937,1789944649.8,-7.497862827e-07,1.70705427701e-06,0.489999532305,0.000139043252383,5.76756481338e-05,-7.31345084296e-05
12.957,1789944649.82,-0.000136389786121,-0.222934186038,-0.402457200889,8.91698064633,-0.00375196568292,-0.000301987059513
12.977,1789944649.84,0.000137145143809,0.222932478956,-0.0875423313998,-8.91711968852,0.00369451398873,0.000375121034174
12.997,1789944649.86,-7.49777155895e-07,1.70705501848e-06,0.489999532305,0.00013904327505,5.76749127302e-05,-7.31339614529e-05
13.017,1789944649.88,-0.000136409501541,-0.222934186,-0.402457200979,8.91698064432,-0.00375277762381,-0.000301983410943
13.037,1789944649.9,0.000137164848826,0.222932478918,-0.0875423313093,-8.91711968654,0.00369532666138,0.000375116868423
13.057,1789944649.92,-7.4976679091e-07,1.70705505561e-06,0.489999532305,0.000139043301974,5.7674179441e-05,-7.31334442723e-05
13.077,1789944649.94,-0.000136429216901,-0.222934185962,-0.40245720107,8.91698064231,-0.00375358956187,-0.000301979762439
13.097,1789944649.96,0.000137184554971,0.222932478878,-0.0875423312179,-8.91711968455,0.00369613933156,0.00037511271267
13.117,1789944649.98,-7.4975762126e-07,1.70705707922e-06,0.489999532305,0.000139043320938,5.76734455047e-05,-7.31329370233e-05
13.137,1789944650,-0.000136448932096,-0.222934185924,-0.40245720116,8.91698064031,-0.00375440149541,-0.000301976113611
13.157,1789944650.02,0.000137204260922,0.22293247884,-0.0875423311278,-8.91711968257,0.0036969519959,0.000375108516864
13.177,1789944650.04,-7.49748446142e-07,1.70705648847e-06,0.489999532305,0.000139043349141,5.76727119501e-05,-7.31323900461e-05
13.197,1789944650.06,-0.000136468646811,-0.222934185886,-0.402457201251,8.9169806383,-0.00375521340454,-0.000301972465595
13.217,1789944650.08,0.000137223964393,0.2229324788,-0.0875423310366,-8.91711968058,0.00369776462732,0.000375104341736
13.237,1789944650.1,-7.49737373016e-07,1.7070591048e-06,0.489999532305,0.000139043368232,5.76719828189e-05,-7.31318629335e-05
13.257,1789944650.12,-0.000136488361542,-0.222934185848,-0.402457201342,8.91698063629,-0.00375602531818,-0.000301968816975
13.277,1789944650.14,0.000137243672517,0.222932478763,-0.0875423309461,-8.9171196786,0.00369857728185,0.000375100166002
13.297,1789944650.16,-7.49730793123e-07,1.70705728731e-06,0.489999532305,0.000139043397762,5.7671240873e-05,-7.31313358204e-05
13.317,1789944650.18,-0.00013650807579,-0.22293418581,-0.402457201432,8.91698063428,-0.00375683720591,-0.000301965169386
13.337,1789944650.2,0.000137263376986,0.222932478723,-0.0875423308559,-8.91711967661,0.00369938990287,0.000375095991301
13.357,1789944650.22,-7.49721022221e-07,1.70705986243e-06,0.489999532305,0.000139043418579,5.7670507236e-05,-7.3130808708e-05
13.377,1789944650.24,-0.000136527790021,-0.222934185772,-0.402457201523,8.91698063227,-0.00375764909371,-0.000301961521679
13.397,1789944650.26,0.000137283079303,0.222932478684,-0.0875423307649,-8.91711967463,0.00370020250984,0.00037509181648
13.417,1789944650.28,-7.49709279777e-07,1.7070605512e-06,0.489999532305,0.000139043443439,5.76697812115e-05,-7.31302815947e-05
13.437,1789944650.3,-0.000136547503623,-0.222934185734,-0.402457201613,8.91698063026,-0.003758460964,-0.000301957872778
13.457,1789944650.32,0.000137302785713,0.222932478644,-0.0875423306746,-8.91711967264,0.00370101512123,0.000375087640466
13.477,1789944650.34,-7.49702076314e-07,1.7070619228e-06,0.489999532304,0.000139043464571,5.7669040543e-05,-7.31297544815e-05
13.497,1789944650.36,-0.000136567217358,-0.222934185695,-0.402457201703,8.91698062825,-0.00375927283008,-0.000301954225361
13.517,1789944650.38,0.000137322487634,0.222932478604,-0.0875423305844,-8.91711967065,0.00370182771065,0.000375083446071
13.537,1789944650.4,-7.49690344471e-07,1.70706389209e-06,0.489999532304,0.0001390434857,5.76683139298e-05,-7.31292075041e-05
13.557,1789944650.42,-0.000136586930513,-0.222934185657,-0.402457201794,8.91698062624,-0.00376008468073,-0.000301950576733
13.577,1789944650.44,0.000137342191534,0.222932478565,-0.0875423304935,-8.91711966866,0.00370264029169,0.000375079290195
13.597,1789944650.46,-7.49681212378e-07,1.70706457843e-06,0.489999532304,0.000139043510654,5.76675786592e-05,-7.31287002556e-05
13.617,1789944650.48,-0.000136606643553,-0.222934185619,-0.402457201885,8.91698062423,-0.00376089652065,-0.000301946929067
13.637,1789944650.5,0.000137361897267,0.222932478528,-0.0875423304028,-8.91711966668,0.00370345286809,0.00037507508562
13.657,1789944650.52,-7.49673964218e-07,1.70706405066e-06,0.489999532304,0.000139043536254,5.76668397733e-05,-7.31281433471e-05
13.677,1789944650.54,-0.000136626356252,-0.222934185581,-0.402457201975,8.91698062222,-0.00376170835197,-0.000301943280604
13.697,1789944650.56,0.000137381601359,0.222932478486,-0.0875423303126,-8.91711966469,0.00370426543191,0.000375070939841
13.717,1789944650.58,-7.4966539683e-07,1.7070672287e-06,0.489999532304,0.000139043556713,5.76661057493e-05,-7.31276460303e-05
13.737,1789944650.6,-0.000136646068923,-0.222934185543,-0.402457202066,8.91698062021,-0.00376252017233,-0.000301939633687
13.757,1789944650.62,0.00013740130221,0.222932478448,-0.0875423302218,-8.9171196627,0.00370507797525,0.00037506676581
13.777,1789944650.64,-7.49653697649e-07,1.70706793451e-06,0.489999532304,0.000139043580637,5.76653779136e-05,-7.3127118917e-05
13.797,1789944650.66,-0.000136665781238,-0.222934185505,-0.402457202157,8.9169806182,-0.00376333198367,-0.000301935985951
13.817,1789944650.68,0.000137421007926,0.222932478411,-0.0875423301311,-8.91711966072,0.00370589052734,0.000375062581029
13.837,1789944650.7,-7.49647152983e-07,1.70706675321e-06,0.489999532304,0.000139043608631,5.76646349742e-05,-7.3126581873e-05
13.857,1789944650.72,-0.000136685492974,-0.222934185467,-0.402457202247,8.91698061619,-0.00376414377594,-0.00030193233758
13.877,1789944650.74,0.000137440708526,0.222932478371,-0.0875423300405,-8.91711965873,0.0037067030463,0.000375058365817
13.897,1789944650.76,-7.49636071995e-07,1.70706811482e-06,0.489999532304,0.00013904363032,5.76639060761e-05,-7.31260150318e-05
13.917,1789944650.78,-0.000136705204818,-0.222934185428,-0.402457202337,8.91698061418,-0.00376495556782,-0.000301928689937
13.937,1789944650.8,0.000137460407973,0.222932478332,-0.0875423299502,-8.91711965675,0.00370751556198,0.000375054240721
13.957,1789944650.82,-7.49623774676e-07,1.70706881986e-06,0.489999532304,0.00013904365444,5.7663178336e-05,-7.31255375786e-05
13.977,1789944650.84,-0.000136724916306,-0.22293418539,-0.402457202428,8.91698061217,-0.00376576734763,-0.000301925041964
13.997,1789944650.86,0.00013748011337,0.222932478294,-0.0875423298591,-8.91711965476,0.00370832807915,0.000375050035839
14.017,1789944650.88,-7.49617695225e-07,1.70706952618e-06,0.489999532304,0.000139043678268,5.76624404556e-05,-7.312498067e-05
14.037,1789944650.9,-0.000136744627539,-0.222934185352,-0.402457202518,8.91698061016,-0.00376657911345,-0.000301921394579
14.057,1789944650.92,0.000137499815349,0.222932478255,-0.0875423297698,-8.91711965277,0.00370914057496,0.000375045861342
14.077,1789944650.94,-7.49608560355e-07,1.7070702167e-06,0.489999532304,0.000139043703128,5.76617057102e-05,-7.31244535576e-05
14.097,1789944650.96,-0.000136764338482,-0.222934185314,-0.402457202609,8.91698060815,-0.0037673908706,-0.000301917746731
14.117,1789944650.98,0.000137519515752,0.222932478215,-0.0875423296785,-8.91711965079,0.00370995305877,0.000375041716176
14.137,1789944651,-7.49598193742e-07,1.70707156245e-06,0.489999532304,0.000139043725369,5.76609721575e-05,-7.31239562405e-05
14.157,1789944651.02,-0.000136784049023,-0.222934185276,-0.4024572027,8.91698060614,-0.00376820261076,-0.000301914099032
14.177,1789944651.04,0.000137539218413,0.222932478176,-0.0875423295878,-8.9171196488,0.00371076553633,0.0003750375215
14.197,1789944651.06,-7.49590222085e-07,1.70707226111e-06,0.489999532304,0.000139043749746,5.76602383846e-05,-7.31234092634e-05
14.217,1789944651.08,-0.000136803759589,-0.222934185238,-0.402457202791,8.91698060413,-0.00376901434946,-0.000301910451715
14.237,1789944651.1,0.000137558917794,0.222932478138,-0.0875423294968,-8.91711964682,0.00371157799943,0.000375033337137
14.257,1789944651.12,-7.49579162014e-07,1.7070729803e-06,0.489999532304,0.000139043773135,5.76595089864e-05,-7.31228722184e-05
14.277,1789944651.14,-0.000136823469658,-0.2229341852,-0.402457202881,8.91698060212,-0.00376982606726,-0.000301906804557
14.297,1789944651.16,0.000137578617986,0.222932478098,-0.0875423294067,-8.91711964483,0.00371239044648,0.000375029202595
14.317,1789944651.18,-7.49569421639e-07,1.7070743137e-06,0.489999532304,0.000139043795954,5.76587743002e-05,-7.31223848343e-05
14.337,1789944651.2,-0.000136843179514,-0.222934185162,-0.402457202971,8.91698060012,-0.00377063778047,-0.000301903156786
14.357,1789944651.22,0.000137598319946,0.222932478061,-0.0875423293159,-8.91711964285,0.00371320289633,0.000375025027711
14.377,1789944651.24,-7.49561571734e-07,1.70707372316e-06,0.489999532304,0.00013904382406,5.76580358232e-05,-7.31218577217e-05
14.397,1789944651.26,-0.000136862889281,-0.222934185123,-0.402457203062,8.9169805981,-0.00377144948813,-0.000301899509328
14.417,1789944651.28,0.000137618019285,0.222932478022,-0.0875423292259,-8.91711964086,0.00371401533466,0.000375020793548
14.437,1789944651.3,-7.49551139952e-07,1.7070744314e-06,0.489999532304,0.000139043847889,5.76573052906e-05,-7.31212710159e-05
14.457,1789944651.32,-0.000136882598761,-0.222934185085,-0.402457203152,8.91698059609,-0.00377226117643,-0.000301895863094
14.477,1789944651.34,0.000137637719457,0.222932477981,-0.0875423291354,-8.91711963887,0.00371482775111,0.000375016640066
14.497,1789944651.36,-7.49542010964e-07,1.7070763848e-06,0.489999532304,0.000139043869738,5.76565699793e-05,-7.31207637677e-05
14.517,1789944651.38,-0.000136902307745,-0.222934185047,-0.402457203243,8.91698059408,-0.0037730728572,-0.000301892214945
14.537,1789944651.4,0.000137657420468,0.222932477944,-0.0875423290445,-8.91711963689,0.00371564016549,0.000375012484667
14.557,1789944651.42,-7.49534040359e-07,1.70707585169e-06,0.489999532304,0.000139043895796,5.76558362539e-05,-7.31202565188e-05
14.577,1789944651.44,-0.000136922016669,-0.222934185009,-0.402457203333,8.91698059207,-0.00377388453187,-0.000301888567368
14.597,1789944651.46,0.000137677118311,0.222932477905,-0.0875423289538,-8.9171196349,0.00371645256875,0.000375008290113
14.617,1789944651.48,-7.4952297336e-07,1.70707715762e-06,0.489999532304,0.000139043919551,5.76551071323e-05,-7.31197095421e-05
14.637,1789944651.5,-0.000136941725481,-0.222934184971,-0.402457203424,8.91698059006,-0.00377469619816,-0.000301884920407
14.657,1789944651.52,0.000137696819621,0.222932477866,-0.0875423288634,-8.91711963291,0.0037172649638,0.00037500411604
14.677,1789944651.54,-7.49515715406e-07,1.70707724523e-06,0.489999532304,0.00013904394445,5.76543685632e-05,-7.31191824297e-05
14.697,1789944651.56,-0.000136961433625,-0.222934184933,-0.402457203514,8.91698058805,-0.00377550783877,-0.000301881273276
14.717,1789944651.58,0.000137716517403,0.222932477827,-0.0875423287729,-8.91711963093,0.00371807733769,0.000374999921931
14.737,1789944651.6,-7.49505281031e-07,1.70707796178e-06,0.489999532304,0.000139043968024,5.76536382156e-05,-7.31186354525e-05
14.757,1789944651.62,-0.00013698114181,-0.222934184895,-0.402457203606,8.91698058605,-0.00377631947997,-0.000301877626314
14.777,1789944651.64,0.00013773621506,0.222932477788,-0.0875423286815,-8.91711962895,0.00371888970574,0.000374995757789
14.797,1789944651.66,-7.49494920879e-07,1.70707930865e-06,0.489999532304,0.0001390439903,5.76529046554e-05,-7.31181182725e-05
14.817,1789944651.68,-0.000137000849725,-0.222934184856,-0.402457203695,8.91698058402,-0.00377713110885,-0.00030187397959
14.837,1789944651.7,0.000137755916359,0.222932477748,-0.087542328592,-8.91711962695,0.00371970207476,0.000374991574021
14.857,1789944651.72,-7.49488319491e-07,1.70708060915e-06,0.489999532304,0.000139044014264,5.76521639071e-05,-7.31175812279e-05
14.877,1789944651.74,-0.000137020557188,-0.222934184818,-0.402457203785,8.91698058202,-0.00377794272192,-0.000301870332508
14.897,1789944651.76,0.000137775613217,0.22293247771,-0.0875423285016,-8.91711962496,0.00372051441167,0.000374987399824
14.917,1789944651.78,-7.49477891618e-07,1.7070813344e-06,0.489999532304,0.000139044037656,5.76514329727e-05,-7.31170541144e-05
14.937,1789944651.8,-0.000137040264552,-0.22293418478,-0.402457203877,8.91698058001,-0.00377875432946,-0.000301866685669
14.957,1789944651.82,0.000137795309518,0.22293247767,-0.0875423284106,-8.91711962298,0.00372132674842,0.000374983225873
14.977,1789944651.84,-7.49466796821e-07,1.70708267105e-06,0.489999532304,0.000139044060093,5.76507050498e-05,-7.31165270022e-05
14.997,1789944651.86,-0.000137059971665,-0.222934184742,-0.402457203967,8.91698057799,-0.00377956592767,-0.000301863038723
15.017,1789944651.88,0.000137815010607,0.22293247763,-0.08754232832,-8.91711962099,0.00372213908664,0.000374979031951
15.037,1789944651.9,-7.49460853029e-07,1.70708402324e-06,0.489999532303,0.000139044082159,5.76499618299e-05,-7.31159800263e-05
15.057,1789944651.92,-0.0001370796784,-0.222934184704,-0.402457204058,8.91698057598,-0.00378037751033,-0.000301859391846
15.077,1789944651.94,0.000137834703657,0.222932477592,-0.0875423282288,-8.917119619,0.00372295138879,0.000374974867893
15.097,1789944651.96,-7.49447303478e-07,1.70708473042e-06,0.489999532303,0.000139044106109,5.76492369291e-05,-7.31154628444e-05
15.117,1789944651.98,-0.000137099384902,-0.222934184666,-0.402457204149,8.91698057397,-0.00378118908097,-0.000301855745383
15.137,1789944652,0.00013785440097,0.222932477553,-0.0875423281383,-8.91711961702,0.00372376369202,0.000374970674453
15.157,1789944652.02,-7.49438142478e-07,1.70708539872e-06,0.489999532303,0.000139044131528,5.76485032354e-05,-7.31149158682e-05
15.177,1789944652.04,-0.000137119091219,-0.222934184627,-0.402457204239,8.91698057196,-0.00378200064766,-0.000301852098393
15.197,1789944652.06,0.000137874099999,0.222932477514,-0.0875423280483,-8.91711961503,0.00372457599589,0.000374966530147
15.217,1789944652.08,-7.49430927578e-07,1.70708611438e-06,0.489999532303,0.000139044155128,5.76477631158e-05,-7.31144185517e-05
15.237,1789944652.1,-0.000137138797245,-0.222934184589,-0.402457204329,8.91698056995,-0.00378281219982,-0.000301848451844
15.257,1789944652.12,0.000137893796123,0.222932477474,-0.0875423279575,-8.91711961304,0.00372538827595,0.000374962356485
15.277,1789944652.14,-7.49421072569e-07,1.70708743156e-06,0.489999532303,0.000139044178426,5.764703335e-05,-7.31138914399e-05
15.297,1789944652.16,-0.000137158502993,-0.222934184551,-0.40245720442,8.91698056794,-0.00378362374236,-0.000301844805067
15.317,1789944652.18,0.000137913493224,0.222932477437,-0.0875423278666,-8.91711961106,0.00372620054882,0.000374958192527
15.337,1789944652.2,-7.49412486544e-07,1.70708689415e-06,0.489999532303,0.000139044204824,5.76463005726e-05,-7.31133742587e-05
15.357,1789944652.22,-0.00013717820851,-0.222934184513,-0.40245720451,8.91698056593,-0.00378443527544,-0.000301841158324
15.377,1789944652.24,0.00013793318823,0.222932477397,-0.0875423277766,-8.91711960907,0.00372701280924,0.000374953998806
15.397,1789944652.26,-7.49402118022e-07,1.70708888608e-06,0.489999532303,0.000139044224966,5.76455675123e-05,-7.31128272817e-05
15.417,1789944652.28,-0.000137197913819,-0.222934184475,-0.4024572046,8.91698056392,-0.00378524679696,-0.000301837512082
15.437,1789944652.3,0.000137952883134,0.222932477358,-0.0875423276862,-8.91711960708,0.00372782506253,0.00037494981552
15.457,1789944652.32,-7.49391676598e-07,1.70708892199e-06,0.489999532303,0.000139044252007,5.76448372055e-05,-7.31122902367e-05
15.477,1789944652.34,-0.000137217618878,-0.222934184436,-0.402457204691,8.9169805619,-0.0037860583136,-0.000301833865043
15.497,1789944652.36,0.000137972580084,0.222932477319,-0.0875423275957,-8.91711960509,0.00372863730711,0.000374945641368
15.517,1789944652.38,-7.4938378352e-07,1.70708962559e-06,0.489999532303,0.000139044276016,5.76441006256e-05,-7.31117631243e-05
15.537,1789944652.4,-0.000137237323524,-0.222934184398,-0.402457204782,8.9169805599,-0.00378686980841,-0.000301830218833
15.557,1789944652.42,0.00013799227553,0.22293247728,-0.087542327505,-8.91711960311,0.00372944953415,0.000374941477977
15.577,1789944652.44,-7.49374592816e-07,1.70709096479e-06,0.489999532303,0.000139044298681,5.76433680407e-05,-7.31112459437e-05
15.597,1789944652.46,-0.000137257027978,-0.22293418436,-0.402457204872,8.91698055788,-0.00378768129388,-0.000301826572888
15.617,1789944652.48,0.000138011968251,0.22293247724,-0.0875423274149,-8.91711960111,0.00373026174556,0.000374937314852
15.637,1789944652.5,-7.49362916385e-07,1.70709228153e-06,0.489999532303,0.000139044321993,5.76426397996e-05,-7.31107287631e-05
15.657,1789944652.52,-0.000137276732387,-0.222934184322,-0.402457204963,8.91698055587,-0.00378849278042,-0.000301822926487
15.677,1789944652.54,0.00013803166527,0.222932477202,-0.0875423273239,-8.91711959913,0.00373107396526,0.00037493315127
15.697,1789944652.56,-7.49355647359e-07,1.70709298293e-06,0.489999532303,0.000139044346168,5.76419018453e-05,-7.31102115827e-05
15.717,1789944652.58,-0.000137296436076,-0.222934184284,-0.402457205054,8.91698055386,-0.0037893042381,-0.000301819280097
15.737,1789944652.6,0.00013805136046,0.222932477163,-0.0875423272329,-8.91711959715,0.00373188615918,0.000374928977767
15.757,1789944652.62,-7.49347173413e-07,1.70709311643e-06,0.489999532303,0.000139044369228,5.76411645873e-05,-7.310968447e-05
15.777,1789944652.64,-0.00013731613998,-0.222934184246,-0.402457205143,8.91698055185,-0.00379011570494,-0.000301815633626
15.797,1789944652.66,0.000138071054452,0.222932477124,-0.087542327143,-8.91711959516,0.00373269835332,0.000374924804183
15.817,1789944652.68,-7.49337377528e-07,1.70709440639e-06,0.489999532303,0.000139044393779,5.76404326245e-05,-7.31091573577e-05
15.837,1789944652.7,-0.000137335843299,-0.222934184207,-0.402457205234,8.91698054984,-0.00379092714499,-0.000301811987678
15.857,1789944652.72,0.000138090747958,0.222932477087,-0.0875423270527,-8.91711959317,0.00373351052484,0.000374920611258
15.877,1789944652.74,-7.49327593646e-07,1.70709324411e-06,0.489999532303,0.000139044421076,5.76397000154e-05,-7.31086103814e-05
15.897,1789944652.76,-0.000137355546448,-0.222934184169,-0.402457205324,8.91698054782,-0.00379173857977,-0.000301808341488
15.917,1789944652.78,0.000138110440569,0.222932477048,-0.0875423269625,-8.91711959118,0.00373432268574,0.00037491645782
15.937,1789944652.8,-7.493171708e-07,1.70709391678e-06,0.489999532303,0.000139044446322,5.76389692996e-05,-7.31081031329e-05
15.957,1789944652.82,-0.000137375249476,-0.222934184131,-0.402457205415,8.91698054582,-0.00379255000806,-0.000301804695566
15.977,1789944652.84,0.000138130137597,0.222932477008,-0.0875423268718,-8.9171195892,0.00373513485465,0.00037491225499
15.997,1789944652.86,-7.49311151976e-07,1.70709587965e-06,0.489999532303,0.000139044467622,5.7638229417e-05,-7.31075462246e-05
16.017,1789944652.88,-0.000137394952254,-0.222934184093,-0.402457205505,8.9169805438,-0.00379336142665,-0.00030180104959
16.037,1789944652.9,0.000138149827249,0.22293247697,-0.087542326781,-8.91711958721,0.00373594699123,0.000374908111697
16.057,1789944652.92,-7.49298230435e-07,1.70709594208e-06,0.489999532303,0.000139044493518,5.76375032357e-05,-7.31070489074e-05
16.077,1789944652.94,-0.000137414654404,-0.222934184055,-0.402457205596,8.91698054179,-0.00379417282273,-0.000301797403205
16.097,1789944652.96,0.000138169521469,0.222932476929,-0.0875423266907,-8.91711958522,0.00373675912234,0.000374903918335
16.117,1789944652.98,-7.49290303424e-07,1.70709792978e-06,0.489999532303,0.000139044514073,5.76367680986e-05,-7.31065019311e-05
16.137,1789944653,-0.00013743435661,-0.222934184016,-0.402457205687,8.91698053978,-0.00379498421941,-0.000301793757081
16.157,1789944653.02,0.000138189215172,0.222932476891,-0.0875423265997,-8.91711958323,0.0037375712552,0.000374899764963
16.177,1789944653.04,-7.49281921798e-07,1.70709797529e-06,0.489999532303,0.000139044540742,5.76360270684e-05,-7.3105994683e-05
16.197,1789944653.06,-0.000137454058529,-0.222934183978,-0.402457205777,8.91698053777,-0.00379579560199,-0.000301790111361
16.217,1789944653.08,0.000138208905973,0.222932476852,-0.0875423265092,-8.91711958124,0.00373838336461,0.000374895572265
16.237,1789944653.1,-7.49270857751e-07,1.70709933957e-06,0.489999532303,0.000139044562063,5.76352980837e-05,-7.31054477062e-05
16.257,1789944653.12,-0.000137473760066,-0.22293418394,-0.402457205867,8.91698053576,-0.00379660697001,-0.000301786465536
16.277,1789944653.14,0.000138228598256,0.222932476812,-0.0875423264187,-8.91711957925,0.00373919546249,0.000374891389396
16.297,1789944653.16,-7.49261620465e-07,1.70710068907e-06,0.489999532303,0.00013904458415,5.76345675277e-05,-7.31049106615e-05
16.317,1789944653.18,-0.000137493461491,-0.222934183902,-0.402457205957,8.91698053374,-0.00379741833437,-0.000301782819577
16.337,1789944653.2,0.000138248290397,0.222932476773,-0.0875423263288,-8.91711957726,0.00374000755532,0.000374887196461
16.357,1789944653.22,-7.49252406862e-07,1.70710138175e-06,0.489999532303,0.00013904460875,5.7633836275e-05,-7.31043636855e-05
16.377,1789944653.24,-0.000137513162583,-0.222934183864,-0.402457206047,8.91698053173,-0.00379822968098,-0.000301779174311
16.397,1789944653.26,0.000138267979739,0.222932476735,-0.0875423262386,-8.91711957528,0.00374081962721,0.000374883043945
16.417,1789944653.28,-7.4924080689e-07,1.70710084765e-06,0.489999532303,0.000139044634596,5.76331049815e-05,-7.31038564361e-05
16.437,1789944653.3,-0.000137532863427,-0.222934183826,-0.402457206138,8.91698052972,-0.00379904102417,-0.000301775528027
16.457,1789944653.32,0.000138287673869,0.222932476697,-0.0875423261476,-8.9171195733,0.00374163170649,0.00037487887055
16.477,1789944653.34,-7.49234155101e-07,1.70710148646e-06,0.489999532303,0.000139044661352,5.76323664199e-05,-7.31033293248e-05
16.497,1789944653.36,-0.000137552563981,-0.222934183787,-0.402457206229,8.91698052771,-0.0037998523522,-0.000301771882306
16.517,1789944653.38,0.000138307364026,0.222932476657,-0.0875423260572,-8.9171195713,0.00374244376602,0.000374874697716
16.537,1789944653.4,-7.49223742637e-07,1.70710347741e-06,0.489999532303,0.000139044681781,5.76316355383e-05,-7.31028022119e-05
16.557,1789944653.42,-0.00013757226442,-0.222934183749,-0.40245720632,8.9169805257,-0.00380066367292,-0.000301768237001
16.577,1789944653.44,0.000138327056391,0.222932476616,-0.0875423259658,-8.91711956931,0.00374325581631,0.000374870525298
16.597,1789944653.46,-7.49215783875e-07,1.70710547773e-06,0.489999532302,0.000139044701659,5.76309013455e-05,-7.31022750997e-05
16.617,1789944653.48,-0.000137591964335,-0.222934183711,-0.402457206411,8.91698052369,-0.00380147497714,-0.000301764591008
16.637,1789944653.5,0.000138346747028,0.222932476577,-0.0875423258753,-8.91711956732,0.00374406784902,0.000374866362125
16.657,1789944653.52,-7.49206633919e-07,1.70710675777e-06,0.489999532303,0.000139044726433,5.76301677126e-05,-7.31017579194e-05
16.677,1789944653.54,-0.000137611664152,-0.222934183673,-0.402457206501,8.91698052168,-0.00380228627246,-0.000301760945788
16.697,1789944653.56,0.00013836643388,0.222932476538,-0.0875423257846,-8.91711956534,0.00374487986878,0.000374862189792
16.717,1789944653.58,-7.49193763431e-07,1.70710749419e-06,0.489999532302,0.000139044749371,5.76294394905e-05,-7.31012308064e-05
16.737,1789944653.6,-0.000137631363774,-0.222934183634,-0.402457206592,8.91698051966,-0.00380309756107,-0.000301757300395
16.757,1789944653.62,0.000138386126906,0.2229324765,-0.0875423256942,-8.91711956335,0.0037456918981,0.000374858027219
16.777,1789944653.64,-7.49187079078e-07,1.70710758064e-06,0.489999532302,0.000139044774145,5.76287023172e-05,-7.31007136263e-05
16.797,1789944653.66,-0.000137651063156,-0.222934183596,-0.402457206682,8.91698051765,-0.0038039088408,-0.00030175365489
16.817,1789944653.68,0.000138405816914,0.222932476461,-0.0875423256036,-8.91711956136,0.00374650390269,0.000374853834737
16.837,1789944653.7,-7.49177986411e-07,1.7071082376e-06,0.489999532302,0.000139044800004,5.76279662296e-05,-7.31001666503e-05
16.857,1789944653.72,-0.000137670762116,-0.222934183558,-0.402457206772,8.91698051563,-0.00380472010525,-0.000301750009139
16.877,1789944653.74,0.000138425507343,0.222932476423,-0.0875423255135,-8.91711955937,0.00374731590187,0.000374849671806
16.897,1789944653.76,-7.49169369734e-07,1.70710771145e-06,0.489999532302,0.000139044825698,5.76272349337e-05,-7.30996494702e-05
16.917,1789944653.78,-0.000137690460878,-0.22293418352,-0.402457206862,8.91698051362,-0.00380553135813,-0.000301746363959
16.937,1789944653.8,0.000138445196188,0.222932476383,-0.0875423254234,-8.91711955738,0.00374812788186,0.000374845489581
16.957,1789944653.82,-7.49159599368e-07,1.70710967229e-06,0.489999532302,0.000139044847236,5.76265019549e-05,-7.30991124257e-05
16.977,1789944653.84,-0.000137710159475,-0.222934183482,-0.402457206953,8.91698051161,-0.00380634260135,-0.000301742719255
16.997,1789944653.86,0.000138464885533,0.222932476343,-0.0875423253326,-8.91711955539,0.00374893985476,0.000374841307832
17.017,1789944653.88,-7.49150445178e-07,1.70711101262e-06,0.489999532302,0.000139044869932,5.76257683265e-05,-7.30985753808e-05
17.037,1789944653.9,-0.000137729857586,-0.222934183443,-0.402457207044,8.91698050959,-0.0038071538331,-0.000301739073304
17.057,1789944653.92,0.000138484574494,0.222932476305,-0.0875423252421,-8.9171195534,0.00374975182025,0.000374837124836
17.077,1789944653.94,-7.49141303013e-07,1.70711106338e-06,0.489999532302,0.000139044895967,5.76250343014e-05,-7.30980383359e-05
17.097,1789944653.96,-0.000137749555663,-0.222934183405,-0.402457207134,8.91698050758,-0.00380796505595,-0.000301735428529
17.117,1789944653.98,0.000138504260806,0.222932476265,-0.0875423251514,-8.91711955141,0.00375056376772,0.00037483296288
17.137,1789944654,-7.49129593312e-07,1.70711244152e-06,0.489999532302,0.000139044916899,5.76243074836e-05,-7.30975211551e-05
17.157,1789944654.02,-0.000137769253443,-0.222934183367,-0.402457207225,8.91698050557,-0.00380877627114,-0.000301731783097
17.177,1789944654.04,0.000138523951162,0.222932476226,-0.0875423250609,-8.91711954942,0.00375137571434,0.000374828790336
17.197,1789944654.06,-7.4912234764e-07,1.70711378986e-06,0.489999532302,0.000139044939198,5.76235689307e-05,-7.30969940433e-05
17.217,1789944654.08,-0.000137788950796,-0.222934183329,-0.402457207315,8.91698050356,-0.00380958746916,-0.000301728137688
17.237,1789944654.1,0.000138543638797,0.222932476187,-0.0875423249705,-8.91711954743,0.0037521876473,0.000374824607882
17.257,1789944654.12,-7.49112589648e-07,1.70711443083e-06,0.489999532302,0.000139044965784,5.76228355403e-05,-7.30964569994e-05
17.277,1789944654.14,-0.000137808648104,-0.22293418329,-0.402457207406,8.91698050154,-0.00381039865926,-0.000301724493223
17.297,1789944654.16,0.000138563328023,0.222932476149,-0.0875423248798,-8.91711954544,0.00375299956604,0.000374820466102
17.317,1789944654.18,-7.49104682246e-07,1.70711457226e-06,0.489999532302,0.000139044988677,5.762209996e-05,-7.30959596835e-05
17.337,1789944654.2,-0.000137828344996,-0.222934183252,-0.402457207495,8.91698049953,-0.00381120983733,-0.000301720848044
17.357,1789944654.22,0.000138583014468,0.22293247611,-0.0875423247899,-8.91711954346,0.0037538114739,0.000374816283878
17.377,1789944654.24,-7.49094259507e-07,1.7071146048e-06,0.489999532302,0.000139045015601,5.76213691584e-05,-7.30954226393e-05
17.397,1789944654.26,-0.000137848041649,-0.222934183214,-0.402457207586,8.91698049751,-0.00381202100521,-0.000301717202958
17.417,1789944654.28,0.000138602700632,0.222932476073,-0.0875423246992,-8.91711954147,0.00375462336965,0.000374812071951
17.437,1789944654.3,-7.49083887618e-07,1.70711406009e-06,0.489999532302,0.000139045041946,5.76206366584e-05,-7.3094855798e-05
17.457,1789944654.32,-0.000137867738092,-0.222934183176,-0.402457207677,8.9169804955,-0.0038128321652,-0.0003017135578
17.477,1789944654.34,0.000138622389167,0.222932476033,-0.0875423246087,-8.91711953948,0.0037554352654,0.000374807929478
17.497,1789944654.36,-7.49075953406e-07,1.70711538088e-06,0.489999532302,0.000139045065091,5.76199019013e-05,-7.30943584828e-05
17.517,1789944654.38,-0.000137887434425,-0.222934183137,-0.402457207767,8.91698049349,-0.00381364331452,-0.000301709913614
17.537,1789944654.4,0.000138642074342,0.222932475992,-0.0875423245183,-8.91711953748,0.00375624713954,0.000374803787974
17.557,1789944654.42,-7.49064881331e-07,1.70711863046e-06,0.489999532302,0.000139045082747,5.76191736633e-05,-7.30938611655e-05
17.577,1789944654.44,-0.000137907130252,-0.222934183099,-0.402457207858,8.91698049148,-0.00381445445202,-0.000301706268119
17.597,1789944654.46,0.000138661762111,0.222932475955,-0.0875423244273,-8.91711953551,0.00375705900685,0.000374799585571
17.617,1789944654.48,-7.49057011896e-07,1.70711740348e-06,0.489999532302,0.000139045112635,5.76184363106e-05,-7.30933042572e-05
17.637,1789944654.5,-0.000137926825857,-0.222934183061,-0.402457207949,8.91698048947,-0.00381526557596,-0.000301702623353
17.657,1789944654.52,0.000138681447349,0.222932475916,-0.0875423243366,-8.91711953351,0.00375787086321,0.000374795413692
17.677,1789944654.54,-7.49046559559e-07,1.7071181023e-06,0.489999532302,0.000139045136988,5.76177072781e-05,-7.3092777145e-05
17.697,1789944654.56,-0.000137946521326,-0.222934183023,-0.402457208039,8.91698048745,-0.00381607669064,-0.000301698979177
17.717,1789944654.58,0.000138701135379,0.222932475877,-0.0875423242463,-8.91711953152,0.00375868270876,0.000374791232472
17.737,1789944654.6,-7.49039365808e-07,1.70711881812e-06,0.489999532302,0.000139045160411,5.76169666524e-05,-7.30922401017e-05
17.757,1789944654.62,-0.000137966216512,-0.222934182985,-0.40245720813,8.91698048544,-0.00381688779836,-0.000301695334327
17.777,1789944654.64,0.000138720819538,0.222932475836,-0.0875423241557,-8.91711952953,0.00375949454649,0.000374787090306
17.797,1789944654.66,-7.49028325773e-07,1.70712081876e-06,0.489999532302,0.000139045180192,5.76162371328e-05,-7.30917427846e-05
17.817,1789944654.68,-0.000137985911341,-0.222934182946,-0.40245720822,8.91698048342,-0.00381769889071,-0.000301691689648
17.837,1789944654.7,0.000138740503225,0.222932475798,-0.0875423240655,-8.91711952754,0.00376030636422,0.000374782878785
17.857,1789944654.72,-7.49017223445e-07,1.70712086899e-06,0.489999532302,0.000139045206735,5.76155101822e-05,-7.30911759437e-05
17.877,1789944654.74,-0.000138005606113,-0.222934182908,-0.40245720831,8.91698048141,-0.00381850997821,-0.000301688045365
17.897,1789944654.76,0.000138760191886,0.222932475759,-0.0875423239757,-8.91711952555,0.00376111818806,0.000374778766984
17.917,1789944654.78,-7.49011272926e-07,1.70712217121e-06,0.489999532302,0.000139045230787,5.7614767413e-05,-7.30907084249e-05
17.937,1789944654.8,-0.000138025300351,-0.22293418287,-0.4024572084,8.9169804794,-0.00381932104659,-0.000301684400739
17.957,1789944654.82,0.000138779874426,0.222932475719,-0.0875423238848,-8.91711952356,0.00376192998323,0.000374774585313
17.977,1789944654.84,-7.48999553534e-07,1.70712354856e-06,0.489999532302,0.00013904525158,5.761404148e-05,-7.30901713801e-05
17.997,1789944654.86,-0.000138044994483,-0.222934182832,-0.402457208491,8.91698047739,-0.00382013211081,-0.000301680756098
18.017,1789944654.88,0.000138799559266,0.222932475681,-0.087542323794,-8.91711952158,0.00376274177562,0.000374770373831
18.037,1789944654.9,-7.48990361176e-07,1.70712295449e-06,0.489999532302,0.000139045280066,5.76133093015e-05,-7.30896045398e-05
18.057,1789944654.92,-0.000138064688397,-0.222934182793,-0.402457208582,8.91698047537,-0.00382094316248,-0.000301677112054
18.077,1789944654.94,0.00013881924266,0.222932475639,-0.0875423237033,-8.91711951958,0.00376355355369,0.000374766212607
18.097,1789944654.96,-7.48979985419e-07,1.70712683716e-06,0.489999532302,0.000139045296308,5.76125771237e-05,-7.30890873599e-05
18.117,1789944654.98,-0.00013808438184,-0.222934182755,-0.402457208672,8.91698047336,-0.00382175419877,-0.000301673467467
18.137,1789944655,0.000138838930749,0.2229324756,-0.0875423236128,-8.91711951759,0.00376436533248,0.000374762021044
18.157,1789944655.02,-7.4897462997e-07,1.70712752526e-06,0.489999532302,0.000139045320922,5.76118347152e-05,-7.30885403839e-05
18.177,1789944655.04,-0.000138104075211,-0.222934182717,-0.402457208763,8.91698047134,-0.00382256523227,-0.000301669822874
18.197,1789944655.06,0.000138858613009,0.222932475563,-0.0875423235219,-8.9171195156,0.00376517709264,0.00037475785927
18.217,1789944655.08,-7.48963542043e-07,1.70712699131e-06,0.489999532301,0.000139045346589,5.76111071114e-05,-7.30880232032e-05
18.237,1789944655.1,-0.000138123768396,-0.222934182679,-0.402457208853,8.91698046933,-0.00382337625363,-0.000301666179003
18.257,1789944655.12,0.000138878294979,0.222932475522,-0.0875423234317,-8.91711951361,0.00376598883646,0.000374753688287
18.277,1789944655.14,-7.48952535075e-07,1.70712953155e-06,0.489999532302,0.000139045369026,5.76103763504e-05,-7.30874960909e-05
18.297,1789944655.16,-0.000138143461041,-0.22293418264,-0.402457208944,8.91698046732,-0.00382418725907,-0.000301662534254
18.317,1789944655.18,0.000138897980339,0.222932475483,-0.0875423233409,-8.91711951162,0.0037668005787,0.000374749516425
18.337,1789944655.2,-7.48945301791e-07,1.70712969002e-06,0.489999532301,0.000139045390922,5.76096374747e-05,-7.30869689791e-05
18.357,1789944655.22,-0.000138163153621,-0.222934182602,-0.402457209034,8.9169804653,-0.00382499825779,-0.000301658890146
18.377,1789944655.24,0.000138917662497,0.222932475446,-0.0875423232513,-8.91711950963,0.00376761230783,0.000374745345205
18.397,1789944655.26,-7.48934840213e-07,1.70712905774e-06,0.489999532302,0.000139045420841,5.7608908648e-05,-7.30864418669e-05
18.417,1789944655.28,-0.000138182846053,-0.222934182564,-0.402457209124,8.91698046328,-0.00382580925292,-0.000301655245675
18.437,1789944655.3,0.000138937345609,0.222932475406,-0.0875423231605,-8.91711950764,0.00376842402971,0.000374741183554
18.457,1789944655.32,-7.48925713724e-07,1.70713043565e-06,0.489999532301,0.00013904544178,5.76081741689e-05,-7.30859246867e-05
18.477,1789944655.34,-0.000138202538028,-0.222934182526,-0.402457209215,8.91698046128,-0.00382662022418,-0.000301651602079
18.497,1789944655.36,0.000138957025853,0.222932475367,-0.0875423230694,-8.91711950566,0.00376923572667,0.000374737012845
18.517,1789944655.38,-7.48914000317e-07,1.70713113199e-06,0.489999532301,0.000139045466224,5.76074477522e-05,-7.30853975743e-05
18.537,1789944655.4,-0.00013822222993,-0.222934182487,-0.402457209306,8.91698045926,-0.00382743119669,-0.000301647957827
18.557,1789944655.42,0.000138976712369,0.222932475329,-0.087542322979,-8.91711950366,0.00377004744021,0.000374732841482
18.577,1789944655.44,-7.48908683408e-07,1.70713058254e-06,0.489999532301,0.000139045492503,5.7606703969e-05,-7.30848704627e-05
18.597,1789944655.46,-0.000138241921293,-0.222934182449,-0.402457209396,8.91698045725,-0.00382824214643,-0.000301644313765
18.617,1789944655.48,0.000138996391965,0.222932475289,-0.0875423228886,-8.91711950167,0.00377085911416,0.000374728650442
18.637,1789944655.5,-7.48896955092e-07,1.70713254016e-06,0.489999532301,0.000139045514258,5.76059782303e-05,-7.30843234856e-05
18.657,1789944655.52,-0.000138261612621,-0.222934182411,-0.402457209487,8.91698045523,-0.00382905309031,-0.000301640670402
18.677,1789944655.54,0.000139016075257,0.222932475247,-0.0875423227982,-8.91711949967,0.00377167078851,0.0003747244899
18.697,1789944655.56,-7.488890406e-07,1.70713639012e-06,0.489999532301,0.000139045531556,5.7605242855e-05,-7.30838063061e-05
18.717,1789944655.58,-0.000138281303685,-0.222934182373,-0.402457209577,8.91698045322,-0.0038298640269,-0.000301637026529
18.737,1789944655.6,0.000139035755787,0.222932475212,-0.0875423227077,-8.9171194977,0.00377248245095,0.000374720318914
18.757,1789944655.62,-7.48878607997e-07,1.7071332905e-06,0.489999532301,0.000139045564767,5.7604512953e-05,-7.30832791935e-05
18.777,1789944655.64,-0.000138300994354,-0.222934182334,-0.402457209667,8.9169804512,-0.00383067494961,-0.000301633382355
18.797,1789944655.66,0.0001390554354,0.222932475173,-0.0875423226178,-8.9171194957,0.00377329410237,0.000374716137696
18.817,1789944655.68,-7.48867626529e-07,1.70713405696e-06,0.489999532301,0.000139045586409,5.76037812598e-05,-7.30827421496e-05
18.837,1789944655.7,-0.000138320684852,-0.222934182296,-0.402457209758,8.91698044918,-0.00383148586425,-0.000301629738372
18.857,1789944655.72,0.000139075119864,0.222932475132,-0.087542322527,-8.9171194937,0.00377410575585,0.000374711986465
18.877,1789944655.74,-7.4886157018e-07,1.70713662814e-06,0.489999532301,0.000139045607276,5.76030433064e-05,-7.30822349022e-05
18.897,1789944655.76,-0.000138340375086,-0.222934182258,-0.402457209848,8.91698044718,-0.00383229676441,-0.000301626095003
18.917,1789944655.78,0.000139094798917,0.222932475094,-0.0875423224364,-8.91711949172,0.00377491737999,0.000374707815983
18.937,1789944655.8,-7.48850610968e-07,1.7071366779e-06,0.489999532301,0.00013904563367,5.76023104724e-05,-7.30817077895e-05
18.957,1789944655.82,-0.000138360064964,-0.22293418222,-0.402457209939,8.91698044516,-0.00383310765518,-0.00030162245087
18.977,1789944655.84,0.000139114479007,0.222932475054,-0.0875423223454,-8.91711948973,0.00377572900248,0.000374703624873
18.997,1789944655.86,-7.48840794953e-07,1.70713803898e-06,0.489999532301,0.000139045655282,5.76015799097e-05,-7.30811608126e-05
19.017,1789944655.88,-0.000138379754708,-0.222934182181,-0.402457210029,8.91698044315,-0.00383391853681,-0.000301618807333
19.037,1789944655.9,0.00013913415951,0.222932475016,-0.0875423222555,-8.91711948774,0.00377654061389,0.000374699464156
19.057,1789944655.92,-7.48831559389e-07,1.70713808626e-06,0.489999532301,0.000139045681688,5.76008498771e-05,-7.30806436329e-05
19.077,1789944655.94,-0.000138399444156,-0.222934182143,-0.40245721012,8.91698044113,-0.00383472940681,-0.000301615163767
19.097,1789944655.96,0.000139153839655,0.222932474976,-0.0875423221647,-8.91711948574,0.00377735221121,0.000374695283546
19.117,1789944655.98,-7.48822476218e-07,1.70713942109e-06,0.489999532301,0.000139045704432,5.76001137489e-05,-7.30801065889e-05
19.137,1789944656,-0.000138419133285,-0.222934182105,-0.40245721021,8.91698043912,-0.0038355402655,-0.000301611519971
19.157,1789944656.02,0.000139173519578,0.222932474939,-0.0875423220749,-8.91711948376,0.0037781638013,0.000374691112637
19.177,1789944656.04,-7.48813240432e-07,1.70713884652e-06,0.489999532301,0.000139045732047,5.75993835602e-05,-7.30795794767e-05
19.197,1789944656.06,-0.000138438822198,-0.222934182066,-0.402457210301,8.9169804371,-0.00383635111343,-0.000301607876504
19.217,1789944656.08,0.000139193199278,0.222932474899,-0.0875423219837,-8.91711948177,0.0037789753799,0.000374686951991
19.237,1789944656.1,-7.48804126284e-07,1.70714025536e-06,0.489999532301,0.00013904575174,5.75986489238e-05,-7.30790622978e-05
19.257,1789944656.12,-0.000138458510998,-0.222934182028,-0.402457210391,8.91698043509,-0.00383716195806,-0.000301604232846
19.277,1789944656.14,0.000139212878185,0.22293247486,-0.0875423218936,-8.91711947978,0.00377978695228,0.000374682791153
19.297,1789944656.16,-7.48794349843e-07,1.70714093328e-06,0.489999532301,0.000139045776927,5.75979165281e-05,-7.30785451171e-05
19.317,1789944656.18,-0.000138478199271,-0.22293418199,-0.402457210481,8.91698043307,-0.00383797277843,-0.000301600589687
19.337,1789944656.2,0.000139232559784,0.222932474822,-0.087542321803,-8.91711947778,0.00378059850962,0.000374678591086
19.357,1789944656.22,-7.48787727154e-07,1.70714102215e-06,0.489999532301,0.000139045801667,5.75971774802e-05,-7.30779882097e-05
19.377,1789944656.24,-0.000138497887502,-0.222934181952,-0.402457210572,8.91698043106,-0.00383878359772,-0.000301596946432
19.397,1789944656.26,0.000139252236952,0.222932474782,-0.0875423217127,-8.9171194758,0.00378141005738,0.000374674420718
19.417,1789944656.28,-7.48776703123e-07,1.70714227106e-06,0.489999532301,0.000139045827849,5.75964474886e-05,-7.30774610969e-05
19.437,1789944656.3,-0.000138517575396,-0.222934181913,-0.402457210662,8.91698042904,-0.00383959440439,-0.000301593303045
19.457,1789944656.32,0.000139271913013,0.222932474743,-0.0875423216223,-8.9171194738,0.00378222158532,0.000374670270083
19.477,1789944656.34,-7.4876509195e-07,1.7071429941e-06,0.489999532301,0.000139045851221,5.75957173188e-05,-7.30769538487e-05
19.497,1789944656.36,-0.000138537263011,-0.222934181875,-0.402457210753,8.91698042704,-0.00384040520044,-0.000301589659573
19.517,1789944656.38,0.000139291593452,0.222932474704,-0.0875423215315,-8.91711947182,0.00378303312213,0.000374666089566
19.537,1789944656.4,-7.48757765678e-07,1.70714376234e-06,0.489999532301,0.000139045872792,5.75949825828e-05,-7.30764168046e-05
19.557,1789944656.42,-0.000138556950438,-0.222934181837,-0.402457210843,8.91698042502,-0.00384121598712,-0.000301586016392
19.577,1789944656.44,0.000139311269668,0.222932474665,-0.0875423214412,-8.91711946982,0.00378384463142,0.00037466189941
19.597,1789944656.46,-7.48746778216e-07,1.70714507185e-06,0.489999532301,0.000139045896456,5.75942510452e-05,-7.30758698298e-05
19.617,1789944656.48,-0.000138576637495,-0.222934181798,-0.402457210934,8.916980423,-0.00384202675981,-0.000301582373082
19.637,1789944656.5,0.000139330948143,0.222932474623,-0.0875423213501,-8.91711946783,0.00378465613637,0.000374657738919
19.657,1789944656.52,-7.48738249831e-07,1.70714827675e-06,0.489999532301,0.000139045915811,5.75935166478e-05,-7.30753526492e-05
19.677,1789944656.54,-0.000138596324353,-0.22293418176,-0.402457211025,8.91698042099,-0.00384283752203,-0.000301578730164
19.697,1789944656.56,0.000139350625174,0.222932474586,-0.0875423212594,-8.91711946584,0.00378546762855,0.000374653588753
19.717,1789944656.58,-7.4872844325e-07,1.70714711104e-06,0.489999532301,0.000139045942986,5.75927858756e-05,-7.30748454012e-05
19.737,1789944656.6,-0.000138616011092,-0.222934181722,-0.402457211114,8.91698041897,-0.00384364828067,-0.000301575087067
19.757,1789944656.62,0.00013937030269,0.222932474547,-0.0875423211703,-8.91711946385,0.00378627911759,0.000374649418545
19.777,1789944656.64,-7.48719331463e-07,1.70714780789e-06,0.489999532301,0.000139045967326,5.75920509781e-05,-7.30743182902e-05
19.797,1789944656.66,-0.00013863569727,-0.222934181684,-0.402457211205,8.91698041695,-0.00384445901713,-0.000301571443923
19.817,1789944656.68,0.00013938998083,0.222932474506,-0.0875423210792,-8.91711946185,0.00378709058434,0.000374645218493
19.837,1789944656.7,-7.48711307196e-07,1.70715040044e-06,0.489999532301,0.000139045987421,5.75913201605e-05,-7.30737613819e-05
19.857,1789944656.72,-0.000138655383452,-0.222934181645,-0.402457211296,8.91698041494,-0.0038452697514,-0.000301567801147
19.877,1789944656.74,0.000139409656519,0.222932474469,-0.0875423209885,-8.91711945987,0.00378790204575,0.000374641058537
19.897,1789944656.76,-7.48700894167e-07,1.7071491663e-06,0.489999532301,0.000139046017504,5.75905898149e-05,-7.3073244201e-05
19.917,1789944656.78,-0.000138675069342,-0.222934181607,-0.402457211385,8.91698041292,-0.00384608047235,-0.000301564158628
19.937,1789944656.8,0.000139429333115,0.222932474429,-0.0875423208986,-8.91711945787,0.00378871349431,0.000374636878974
19.957,1789944656.83,-7.48691702039e-07,1.70715054832e-06,0.4899995323,0.000139046038264,5.75898581346e-05,-7.30727071575e-05
19.977,1789944656.84,-0.00013869475496,-0.222934181569,-0.402457211476,8.91698041091,-0.00384689118781,-0.000301560515268
19.997,1789944656.87,0.000139449010805,0.22293247439,-0.0875423208076,-8.91711945588,0.00378952494444,0.000374632728366
20.017,1789944656.89,-7.48683901351e-07,1.70715126885e-06,0.4899995323,0.00013904606158,5.75891183771e-05,-7.30721999099e-05
20.037,1789944656.91,-0.000138714440101,-0.22293418153,-0.402457211567,8.91698040889,-0.0038477018834,-0.00030155687203
20.057,1789944656.93,0.000139468684261,0.222932474351,-0.0875423207169,-8.91711945389,0.00379033636701,0.000374628567947
20.077,1789944656.95,-7.48672197007e-07,1.70715258886e-06,0.4899995323,0.00013904608499,5.75883921848e-05,-7.30716827297e-05
20.097,1789944656.97,-0.000138734125165,-0.222934181492,-0.402457211658,8.91698040688,-0.00384851257465,-0.000301553228988
20.117,1789944656.99,0.000139488361894,0.22293247431,-0.0875423206262,-8.91711945189,0.00379114778889,0.000374624387862
20.137,1789944657.01,-7.48664920106e-07,1.7071545628e-06,0.4899995323,0.000139046105911,5.75876553939e-05,-7.30711456864e-05
20.157,1789944657.03,-0.000138753809889,-0.222934181454,-0.402457211748,8.91698040487,-0.00384932324952,-0.000301549586384
20.177,1789944657.05,0.000139508036186,0.222932474273,-0.0875423205358,-8.91711944991,0.00379195919334,0.000374620198281
20.197,1789944657.07,-7.48654527883e-07,1.70715398664e-06,0.4899995323,0.00013904613333,5.7586924218e-05,-7.30705987099e-05
20.217,1789944657.09,-0.000138773494555,-0.222934181415,-0.402457211838,8.91698040284,-0.00385013391843,-0.000301545944344
20.237,1789944657.11,0.000139527711529,0.222932474235,-0.0875423204461,-8.91711944791,0.0037927705887,0.000374616048993
20.257,1789944657.12,-7.48645364617e-07,1.70715344938e-06,0.4899995323,0.000139046159368,5.75861913805e-05,-7.30700914621e-05
20.277,1789944657.15,-0.000138793178667,-0.222934181377,-0.402457211928,8.91698040083,-0.00385094457243,-0.000301542301176
20.297,1789944657.17,0.000139547385333,0.222932474196,-0.0875423203555,-8.91711944593,0.00379358197721,0.000374611858848
20.317,1789944657.19,-7.4863494857e-07,1.70715414895e-06,0.4899995323,0.000139046183762,5.75854611573e-05,-7.30695444855e-05
20.337,1789944657.21,-0.000138812862889,-0.222934181339,-0.402457212018,8.91698039881,-0.00385175522277,-0.000301538659262
20.357,1789944657.23,0.00013956706087,0.222932474156,-0.0875423202651,-8.91711944393,0.00379439335563,0.000374607669959
20.377,1789944657.25,-7.48626468181e-07,1.70715548217e-06,0.4899995323,0.000139046206397,5.75847249204e-05,-7.30689975098e-05
20.397,1789944657.27,-0.000138832546629,-0.222934181301,-0.402457212109,8.9169803968,-0.00385256585972,-0.000301535016435
20.417,1789944657.29,0.000139586734748,0.222932474117,-0.0875423201743,-8.91711944194,0.00379520472104,0.000374603529815
20.437,1789944657.31,-7.48616614405e-07,1.70715614915e-06,0.4899995323,0.000139046232015,5.7583996123e-05,-7.30685001942e-05
20.457,1789944657.33,-0.000138852230071,-0.222934181262,-0.4024572122,8.91698039479,-0.00385337648171,-0.000301531374075
20.477,1789944657.35,0.000139606411461,0.222932474078,-0.087542320084,-8.91711943995,0.0037960160779,0.000374599360344
20.497,1789944657.37,-7.48610043022e-07,1.70715684689e-06,0.4899995323,0.000139046256481,5.75832549454e-05,-7.30679730825e-05
20.517,1789944657.39,-0.000138871913388,-0.222934181224,-0.402457212291,8.91698039276,-0.00385418710188,-0.000301527731223
20.537,1789944657.41,0.00013962608376,0.222932474039,-0.0875423199928,-8.91711943795,0.00379682742799,0.000374595210244
20.557,1789944657.43,-7.48598984691e-07,1.70715824645e-06,0.4899995323,0.000139046276294,5.75825266644e-05,-7.30674658347e-05
20.577,1789944657.45,-0.000138891596262,-0.222934181186,-0.402457212381,8.91698039075,-0.00385499769978,-0.00030152408908
20.597,1789944657.47,0.000139645757878,0.222932473999,-0.0875423199025,-8.91711943596,0.00379763875127,0.00037459100126
20.617,1789944657.49,-7.4859044486e-07,1.70715954027e-06,0.4899995323,0.000139046300831,5.75817926396e-05,-7.30668989947e-05
20.637,1789944657.51,-0.000138911278867,-0.222934181147,-0.402457212471,8.91698038874,-0.00385580829311,-0.000301520445972
20.657,1789944657.53,0.000139665429485,0.22293247396,-0.0875423198123,-8.91711943397,0.00379845007493,0.000374586860836
20.677,1789944657.55,-7.48579343306e-07,1.70716024023e-06,0.4899995323,0.000139046324795,5.75810664214e-05,-7.30664016779e-05
20.697,1789944657.57,-0.000138930961542,-0.222934181109,-0.402457212561,8.91698038672,-0.00385661888043,-0.00030151680424
20.717,1789944657.59,0.000139685103459,0.222932473922,-0.0875423197221,-8.91711943198,0.00379926138974,0.000374582682061
20.737,1789944657.61,-7.4857090433e-07,1.70715967478e-06,0.4899995323,0.000139046352125,5.75803284496e-05,-7.30658646354e-05
20.757,1789944657.63,-0.000138950643555,-0.222934181071,-0.402457212652,8.9169803847,-0.00385742944725,-0.000301513161571
20.777,1789944657.65,0.000139704776339,0.222932473881,-0.0875423196315,-8.91711942999,0.00380007269054,0.000374578502348
20.797,1789944657.67,-7.48561754558e-07,1.7071622979e-06,0.4899995323,0.000139046370989,5.75795951607e-05,-7.30653275914e-05
20.817,1789944657.69,-0.000138970325505,-0.222934181033,-0.402457212742,8.91698038269,-0.00385824000739,-0.000301509519557
20.837,1789944657.71,0.000139724447174,0.222932473843,-0.0875423195411,-8.917119428,0.00380088397642,0.000374574353086
20.857,1789944657.73,-7.4855068551e-07,1.70716237388e-06,0.4899995323,0.000139046396166,5.7578867558e-05,-7.30648203435e-05
20.877,1789944657.75,-0.000138990007225,-0.222934180994,-0.402457212833,8.91698038067,-0.00385905055782,-0.000301505877621
20.897,1789944657.77,0.000139744119033,0.222932473804,-0.0875423194508,-8.917119426,0.0038016952556,0.000374570174106
20.917,1789944657.79,-7.48540921594e-07,1.70716307305e-06,0.4899995323,0.000139046420566,5.75781349178e-05,-7.30642832999e-05
20.937,1789944657.81,-0.000139009688664,-0.222934180956,-0.402457212923,8.91698037866,-0.00385986110048,-0.000301502235142
20.957,1789944657.83,0.000139763791249,0.222932473767,-0.0875423193601,-8.91711942402,0.0038025065283,0.000374565994582
20.977,1789944657.85,-7.48531777263e-07,1.70716189715e-06,0.4899995323,0.000139046448401,5.75774017422e-05,-7.30637462552e-05
20.997,1789944657.87,-0.000139029369826,-0.222934180918,-0.402457213014,8.91698037664,-0.00386067162984,-0.000301498593009
21.017,1789944657.89,0.000139783464458,0.222932473726,-0.0875423192694,-8.91711942202,0.00380331779098,0.000374561815406
21.037,1789944657.91,-7.48523882728e-07,1.70716450331e-06,0.4899995323,0.000139046467943,5.7576666075e-05,-7.30632092126e-05
21.057,1789944657.93,-0.000139049050702,-0.222934180879,-0.402457213103,8.91698037462,-0.00386148214615,-0.000301494951128
21.077,1789944657.95,0.000139803134176,0.222932473688,-0.08754231918,-8.91711942003,0.00380412903175,0.000374557636481
21.097,1789944657.97,-7.48512837454e-07,1.7071639033e-06,0.4899995323,0.000139046496238,5.75759371064e-05,-7.30626721685e-05
21.117,1789944657.99,-0.000139068731338,-0.222934180841,-0.402457213194,8.9169803726,-0.00386229265569,-0.000301491308799
21.137,1789944658.01,0.000139822807539,0.222932473647,-0.0875423190892,-8.91711941803,0.00380494027783,0.000374553486905
21.157,1789944658.03,-7.48505569058e-07,1.70716651478e-06,0.4899995323,0.000139046515565,5.75752003935e-05,-7.30621649213e-05
21.177,1789944658.05,-0.000139088411769,-0.222934180803,-0.402457213285,8.91698037059,-0.00386310315262,-0.000301487667171
21.197,1789944658.07,0.000139842475476,0.222932473609,-0.0875423189983,-8.91711941605,0.00380575149341,0.000374549338029
21.217,1789944658.09,-7.48493212462e-07,1.70716657549e-06,0.4899995323,0.000139046541602,5.75744762154e-05,-7.30616576738e-05
21.237,1789944658.11,-0.00013910809195,-0.222934180764,-0.402457213375,8.91698036857,-0.00386391363962,-0.000301484025524
21.257,1789944658.13,0.000139862148415,0.222932473567,-0.0875423189081,-8.91711941404,0.00380656271809,0.000374545179202
21.277,1789944658.15,-7.48485955668e-07,1.70716985089e-06,0.4899995323,0.000139046557956,5.75737391231e-05,-7.30611404935e-05
21.297,1789944658.17,-0.000139127771818,-0.222934180726,-0.402457213466,8.91698036656,-0.00386472411577,-0.000301480383618
21.317,1789944658.19,0.000139881817094,0.222932473529,-0.0875423188175,-8.91711941205,0.00380737391723,0.000374541010184
21.337,1789944658.21,-7.48474929201e-07,1.70716990081e-06,0.4899995323,0.000139046584329,5.75730096521e-05,-7.30606133817e-05
21.357,1789944658.23,-0.000139147451279,-0.222934180688,-0.402457213556,8.91698036454,-0.00386553457623,-0.000301476741619
21.377,1789944658.25,0.000139901489245,0.222932473491,-0.087542318727,-8.91711941007,0.0038081851129,0.000374536811276
21.397,1789944658.27,-7.4846767965e-07,1.7071693171e-06,0.4899995323,0.000139046612469,5.7572272018e-05,-7.30600564734e-05
21.417,1789944658.29,-0.000139167130668,-0.222934180649,-0.402457213647,8.91698036253,-0.00386634503201,-0.0003014730999
21.437,1789944658.31,0.000139921160031,0.222932473451,-0.087542318636,-8.91711940807,0.00380899629978,0.00037453266231
21.457,1789944658.33,-7.48459187578e-07,1.7071706596e-06,0.4899995323,0.000139046634807,5.75715365062e-05,-7.30595492273e-05
21.477,1789944658.35,-0.000139186809834,-0.222934180611,-0.402457213737,8.91698036051,-0.0038671554762,-0.0003014694586
21.497,1789944658.37,0.000139940829424,0.222932473411,-0.0875423185465,-8.91711940607,0.00380980747599,0.000374528444238
21.517,1789944658.39,-7.48449415655e-07,1.70717260533e-06,0.4899995323,0.000139046656773,5.75708044341e-05,-7.3058972455e-05
21.537,1789944658.41,-0.000139206488646,-0.222934180573,-0.402457213828,8.91698035849,-0.0038679659081,-0.000301465817004
21.557,1789944658.43,0.000139960498951,0.222932473372,-0.0875423184552,-8.91711940408,0.00381061863547,0.000374524315258
21.577,1789944658.45,-7.48440147722e-07,1.7071733376e-06,0.489999532299,0.000139046679767,5.75700762084e-05,-7.3058485071e-05
21.597,1789944658.47,-0.000139226167223,-0.222934180534,-0.402457213918,8.91698035648,-0.00386877633345,-0.00030146217497
21.617,1789944658.49,0.000139980166998,0.222932473334,-0.0875423183648,-8.9171194021,0.00381142978605,0.000374520126248
21.637,1789944658.51,-7.48429766094e-07,1.70717273342e-06,0.4899995323,0.000139046708391,5.75693450254e-05,-7.30579380952e-05
21.657,1789944658.53,-0.000139245845581,-0.222934180496,-0.402457214008,8.91698035446,-0.00386958674443,-0.00030145853381
21.677,1789944658.55,0.000139999836746,0.222932473296,-0.087542318275,-8.9171194001,0.00381224092813,0.000374515977839
21.697,1789944658.57,-7.484212425e-07,1.70717285431e-06,0.489999532299,0.000139046731927,5.75686104437e-05,-7.30574308465e-05
21.717,1789944658.59,-0.000139265523602,-0.222934180458,-0.402457214098,8.91698035244,-0.00387039714554,-0.000301454892086
21.737,1789944658.61,0.000140019504282,0.222932473255,-0.0875423181848,-8.91711939811,0.00381305205628,0.000374511809004
21.757,1789944658.63,-7.48410814118e-07,1.70717485393e-06,0.489999532299,0.000139046751736,5.75678811364e-05,-7.30569037356e-05
21.777,1789944658.65,-0.0001392852014,-0.222934180419,-0.402457214189,8.91698035042,-0.00387120753702,-0.00030145125047
21.797,1789944658.67,0.000140039174138,0.222932473216,-0.0875423180937,-8.91711939611,0.00381386318148,0.000374507640277
21.817,1789944658.69,-7.48402985756e-07,1.70717554577e-06,0.489999532299,0.000139046776268,5.75671429085e-05,-7.30563766249e-05
21.837,1789944658.71,-0.000139304878942,-0.222934180381,-0.402457214279,8.91698034841,-0.00387201791599,-0.000301447609214
21.857,1789944658.73,0.000140058842476,0.222932473177,-0.0875423180035,-8.91711939412,0.00381467429118,0.000374503481841
21.877,1789944658.75,-7.4839379796e-07,1.70717681784e-06,0.489999532299,0.000139046801667,5.75664114739e-05,-7.30558594443e-05
21.897,1789944658.77,-0.00013932455625,-0.222934180343,-0.40245721437,8.91698034639,-0.00387282828498,-0.000301443968047
21.917,1789944658.79,0.000140078510533,0.222932473138,-0.087542317913,-8.91711939213,0.00381548538936,0.000374499313562
21.937,1789944658.81,-7.48384669238e-07,1.70717752769e-06,0.489999532299,0.000139046825315,5.75656774321e-05,-7.30553323331e-05
21.957,1789944658.83,-0.000139344233185,-0.222934180304,-0.40245721446,8.91698034438,-0.00387363864398,-0.000301440326117
21.977,1789944658.85,0.000140098177013,0.222932473099,-0.0875423178225,-8.91711939014,0.00381629647652,0.000374495134588
21.997,1789944658.87,-7.48374213028e-07,1.70717762505e-06,0.489999532299,0.000139046849631,5.75649493186e-05,-7.30547952887e-05
22.017,1789944658.89,-0.000139363910034,-0.222934180266,-0.40245721455,8.91698034236,-0.00387444899616,-0.000301436684712
22.037,1789944658.91,0.000140117844556,0.222932473058,-0.0875423177322,-8.91711938814,0.00381710755547,0.000374490956139
22.057,1789944658.93,-7.48365031684e-07,1.70718025449e-06,0.489999532299,0.000139046868314,5.75642175447e-05,-7.30542582455e-05
22.077,1789944658.95,-0.000139383586721,-0.222934180228,-0.402457214641,8.91698034034,-0.00387525933519,-0.000301433044348
22.097,1789944658.97,0.000140137510189,0.222932473021,-0.0875423176414,-8.91711938615,0.00381791862294,0.000374486788664
22.117,1789944658.99,-7.48354049188e-07,1.70717901701e-06,0.489999532299,0.000139046898441,5.75634862376e-05,-7.30537311345e-05
22.137,1789944659.01,-0.000139403262837,-0.222934180189,-0.402457214731,8.91698033832,-0.00387606965854,-0.00030142940287
22.157,1789944659.03,0.000140157178949,0.222932472982,-0.0875423175514,-8.91711938416,0.00381872967926,0.000374482630006
22.177,1789944659.05,-7.48346783498e-07,1.70717972441e-06,0.489999532299,0.000139046922507,5.75627496678e-05,-7.30532139545e-05
22.197,1789944659.07,-0.000139422938816,-0.222934180151,-0.40245721482,8.9169803363,-0.00387687997384,-0.000301425761786
22.217,1789944659.09,0.000140176844465,0.222932472943,-0.087542317462,-8.91711938216,0.00381954072251,0.000374478461809
22.237,1789944659.11,-7.48336371693e-07,1.70718044828e-06,0.489999532299,0.000139046945673,5.75620196988e-05,-7.3052686842e-05
22.257,1789944659.13,-0.000139442614539,-0.222934180112,-0.402457214912,8.91698033429,-0.00387769028118,-0.000301422120349
22.277,1789944659.15,0.000140196510966,0.222932472903,-0.0875423173704,-8.91711938017,0.00382035176006,0.00037447428333
22.297,1789944659.17,-7.48327180095e-07,1.70718180361e-06,0.489999532299,0.000139046967585,5.75612882525e-05,-7.30521497995e-05
22.317,1789944659.19,-0.000139462289999,-0.222934180074,-0.402457215003,8.91698033227,-0.0038785005762,-0.000301418479198
22.337,1789944659.21,0.000140216175866,0.222932472864,-0.0875423172798,-8.91711937818,0.00382116277893,0.000374470095202
22.357,1789944659.23,-7.48316768474e-07,1.70718245154e-06,0.489999532299,0.000139046993785,5.75605584402e-05,-7.30516028231e-05
22.377,1789944659.25,-0.000139481965277,-0.222934180036,-0.402457215093,8.91698033025,-0.00387931086212,-0.000301414838327
22.397,1789944659.27,0.000140235844491,0.222932472825,-0.0875423171894,-8.91711937618,0.00382197380243,0.000374465937152
22.417,1789944659.29,-7.48310129412e-07,1.70718380396e-06,0.489999532299,0.000139047015891,5.75598203098e-05,-7.3051085644e-05
22.437,1789944659.31,-0.000139501640206,-0.222934179997,-0.402457215183,8.91698032824,-0.00388012113535,-0.000301411197259
22.457,1789944659.33,0.000140255507015,0.222932472786,-0.0875423170993,-8.91711937419,0.00382278479759,0.000374461778903
22.477,1789944659.35,-7.48297909514e-07,1.7071845654e-06,0.489999532299,0.00013904703755,5.75590909987e-05,-7.30505684629e-05
22.497,1789944659.37,-0.00013952131483,-0.222934179959,-0.402457215274,8.91698032623,-0.00388093139435,-0.000301407556504
22.517,1789944659.39,0.000140275175012,0.222932472747,-0.0875423170086,-8.9171193722,0.0038235957947,0.000374457601105
22.537,1789944659.41,-7.48291180269e-07,1.70718461922e-06,0.489999532299,0.00013904706393,5.75583569728e-05,-7.30500314209e-05
22.557,1789944659.43,-0.000139540989374,-0.222934179921,-0.402457215364,8.9169803242,-0.00388174164863,-0.000301403915992
22.577,1789944659.45,0.000140294837067,0.222932472707,-0.0875423169182,-8.9171193702,0.00382440676752,0.000374453443412
22.597,1789944659.47,-7.4827888727e-07,1.70718658171e-06,0.489999532299,0.000139047085384,5.75576305877e-05,-7.30495142401e-05
22.617,1789944659.49,-0.000139560663459,-0.222934179882,-0.402457215455,8.91698032218,-0.00388255188942,-0.000301400274717
22.637,1789944659.51,0.000140314503811,0.22293247267,-0.0875423168277,-8.91711936821,0.0038252177422,0.000374449284959
22.657,1789944659.53,-7.48271585737e-07,1.70718470381e-06,0.489999532299,0.000139047117037,5.7556895122e-05,-7.3048997062e-05
22.677,1789944659.55,-0.000139580337433,-0.222934179844,-0.402457215545,8.91698032017,-0.00388336211912,-0.000301396634477
22.697,1789944659.57,0.00014033416867,0.222932472629,-0.0875423167378,-8.91711936622,0.00382602870601,0.00037444508781
22.717,1789944659.59,-7.48262574088e-07,1.70718732538e-06,0.489999532299,0.00013904713588,5.75561568964e-05,-7.30484401534e-05
22.737,1789944659.61,-0.000139600010918,-0.222934179806,-0.402457215635,8.91698031815,-0.00388417233659,-0.000301392993097
22.757,1789944659.63,0.000140353832262,0.222932472592,-0.0875423166476,-8.91711936422,0.00382683965054,0.000374440949115
22.777,1789944659.65,-7.48252742229e-07,1.70718682033e-06,0.489999532299,0.000139047160861,5.75554273981e-05,-7.30479428385e-05
22.797,1789944659.67,-0.000139619684399,-0.222934179767,-0.402457215726,8.91698031613,-0.00388498254474,-0.000301389353149
22.817,1789944659.69,0.000140373497168,0.222932472549,-0.0875423165562,-8.91711936222,0.00382765059043,0.000374436762191
22.837,1789944659.71,-7.48244210934e-07,1.70719064392e-06,0.489999532299,0.000139047179197,5.75546938726e-05,-7.30473958632e-05
22.857,1789944659.73,-0.000139639357622,-0.222934179729,-0.402457215817,8.91698031411,-0.00388579274681,-0.000301385712534
22.877,1789944659.75,0.000140393159302,0.22293247251,-0.0875423164657,-8.91711936023,0.00382846151921,0.000374432624262
22.897,1789944659.77,-7.48233167089e-07,1.70719133006e-06,0.489999532299,0.000139047203872,5.75539653562e-05,-7.3046898548e-05
22.917,1789944659.79,-0.000139659030493,-0.22293417969,-0.402457215907,8.91698031209,-0.00388660293747,-0.000301382071507
22.937,1789944659.81,0.000140412824722,0.222932472471,-0.0875423163756,-8.91711935823,0.00382927243914,0.00037442844619
22.957,1789944659.83,-7.48225850538e-07,1.70719200518e-06,0.489999532299,0.000139047229154,5.75532307406e-05,-7.30463615043e-05
22.977,1789944659.85,-0.000139678703204,-0.222934179652,-0.402457215997,8.91698031007,-0.0038874131158,-0.000301378431405
22.997,1789944659.87,0.000140432485752,0.222932472431,-0.0875423162851,-8.91711935624,0.00383008334447,0.000374424269044
23.017,1789944659.89,-7.48214250197e-07,1.70719338149e-06,0.489999532299,0.000139047250212,5.75525004842e-05,-7.30458244605e-05
23.037,1789944659.91,-0.000139698375375,-0.222934179614,-0.402457216088,8.91698030806,-0.00388822327788,-0.000301374790462
23.057,1789944659.93,0.000140452150553,0.222932472392,-0.0875423161939,-8.91711935424,0.00383089423905,0.000374420091057
23.077,1789944659.95,-7.48206900988e-07,1.70719410247e-06,0.489999532298,0.00013904727349,5.75517671779e-05,-7.3045287417e-05
23.097,1789944659.97,-0.000139718047594,-0.222934179576,-0.402457216179,8.91698030605,-0.00388903343587,-0.000301371150466
23.117,1789944659.99,0.000140471811078,0.222932472356,-0.0875423161033,-8.91711935226,0.00383170512318,0.000374415943815
23.137,1789944660.01,-7.48195300056e-07,1.70719221371e-06,0.489999532299,0.000139047305828,5.75510372754e-05,-7.30447801703e-05
23.157,1789944660.03,-0.000139737719465,-0.222934179537,-0.402457216268,8.91698030402,-0.00388984358321,-0.000301367509952
23.177,1789944660.05,0.000140491474933,0.222932472315,-0.087542316014,-8.91711935025,0.00383251600118,0.000374411766257
23.197,1789944660.07,-7.48187368757e-07,1.70719485884e-06,0.489999532298,0.000139047323806,5.75503032524e-05,-7.30442431265e-05
23.217,1789944660.09,-0.000139757391082,-0.222934179499,-0.402457216358,8.916980302,-0.003890653717,-0.000301363869974
23.237,1789944660.11,0.000117940912836,0.132425924375,0.453926916024,-5.286717706,0.0242806705151,-8.15488314954e-06
23.257,1789944660.13,-0.000602170883256,-0.00312529669842,0.0547524193268,-0.1058628192,0.435629361886,0.00373758236719
23.277,1789944660.15,0.00118459731667,-0.00996803056499,0.082959670261,-1.82610088965,0.445320567605,0.00254643168311
23.297,1789944660.17,0.00464050702966,-0.00502973773695,0.0494101410667,-0.767845328499,0.502269470007,-0.0095581632367
23.317,1789944660.19,0.0102311871348,0.00120217301791,0.0501332376538,-0.754852802787,0.474240424496,-0.0227678724797
23.337,1789944660.21,0.0178075530502,0.0110415786274,0.0435019081608,-0.345235970564,0.366548137573,-0.0249351921766
23.357,1789944660.23,0.0267774412461,0.0217990244848,0.0441647635397,-0.203885288229,0.29682267846,-0.0333451681768
23.377,1789944660.25,0.036971941338,0.033392133501,0.0408628227417,-0.0289812264444,0.182320424179,-0.0323237008708
23.397,1789944660.27,0.0477565870145,0.0448616286056,0.0438752163081,-0.00605357639958,0.157228402717,-0.0410615748778
23.417,1789944660.29,0.059139383067,0.0562999030995,0.0476587635077,-0.0238915316508,0.1549438519,-0.0498330824993
23.437,1789944660.31,0.0711791170456,0.0678480737179,0.0454761484748,-0.00946796214173,0.103127343413,-0.0470613995073
23.457,1789944660.33,0.0835717414927,0.0793792468848,0.0476489089446,-0.0468575860886,0.106195540646,-0.0512303838271
23.477,1789944660.35,0.0964243489421,0.0911377373428,0.0448844437137,-0.0304036133727,0.0580526854554,-0.0462829500522
23.497,1789944660.37,0.109446505174,0.102966687874,0.0485640728559,-0.077471359715,0.0849223997979,-0.0520931890077
23.517,1789944660.39,0.122821984439,0.115123799455,0.0528770968775,-0.121797069712,0.117031344441,-0.0586004347737
23.537,1789944660.41,0.136687284824,0.127792422169,0.0503535137651,-0.0963273443713,0.0841545040829,-0.0539189835404
23.557,1789944660.43,0.150890627885,0.140842285314,0.0526282139325,-0.107078136864,0.093523341636,-0.0568203852203
23.577,1789944660.45,0.165477739836,0.154324180415,0.0493226653794,-0.057505081234,0.0438632657519,-0.0507584273607
23.597,1789944660.47,0.180247552474,0.168026730023,0.0531979043816,-0.0751795383165,0.0644675456193,-0.0559916849734
23.617,1789944660.49,0.195303830577,0.1820409822,0.057743281293,-0.0966503288484,0.0888782277903,-0.0621328283829
23.637,1789944660.51,0.210674943155,0.196390230292,0.0545666708917,-0.0550757014321,0.0490502227131,-0.0568922365628
23.657,1789944660.53,0.226293603674,0.210984557311,0.0567074754211,-0.0572996677789,0.0527243948762,-0.0595336322559
23.677,1789944660.55,0.242075686567,0.225746709092,0.0525265629108,-0.00385871821112,-0.00056739730394,-0.0530123376875
23.697,1789944660.57,0.257941221068,0.240576346891,0.0563409065594,-0.0223382854683,0.0179331374583,-0.0582221184618
23.717,1789944660.59,0.273918371533,0.255508754019,0.0608513446242,-0.0467492398919,0.0417146551737,-0.0644610045196
23.737,1789944660.61,0.289937227387,0.270491728164,0.0566280594982,-0.00770622829003,0.00216819403145,-0.0589499465842
23.757,1789944660.63,0.306079439953,0.285582127272,0.0582951327254,-0.012891568563,0.00647124900673,-0.0616437971341
23.777,1789944660.65,0.322125722029,0.300598223483,0.0529759844662,0.040620494085,-0.0423848439409,-0.0551490846512
23.797,1789944660.67,0.338182237372,0.315589044924,0.0565241664448,0.0215378848802,-0.0199901017463,-0.0608431881342
23.817,1789944660.69,0.354219820483,0.330481965019,0.0603688797732,-0.0113054932539,-0.00587562999064,-0.0664132949554
23.837,1789944660.71,0.37000909178,0.345211166367,0.0549688818269,0.0311008196262,-0.0416108080313,-0.0612211874589
23.857,1789944660.73,0.385810622513,0.359938498771,0.0556087715859,0.0272207767443,-0.0398879743257,-0.0637085059828
23.877,1789944660.75,0.401278310251,0.374369799709,0.0493648604405,0.0770036987548,-0.0874326056879,-0.0575179346577
23.897,1789944660.77,0.416662551709,0.38871556624,0.0524125045789,0.0601428788944,-0.0611149248149,-0.0637399116524
23.917,1789944660.79,0.431864121152,0.402814567225,0.0556854116931,0.0325120105173,-0.0435503036935,-0.0698434732265
23.937,1789944660.81,0.446578729656,0.416474932659,0.0492790749605,0.0717983458666,-0.0767995030391,-0.0647235803775
23.957,1789944660.83,0.461234461083,0.430017703183,0.0491669504626,0.0652210232123,-0.07731159164,-0.0669759338896
23.977,1789944660.85,0.475328412147,0.44303454289,0.0416264365562,0.112938625404,-0.123896566971,-0.0604393432739
23.997,1789944660.87,0.489326974012,0.455920690369,0.0444523480815,0.0888770184388,-0.101689713842,-0.0668344863282
24.017,1789944660.89,0.50297751864,0.468444145099,0.0474150356091,0.0600398463188,-0.0837763775808,-0.073148816984
24.037,1789944660.91,0.515860904459,0.480314873978,0.0398351011495,0.10119778994,-0.112373451435,-0.0677948060608
24.057,1789944660.93,0.528616505265,0.492022559907,0.0391066455906,0.0988780325984,-0.108883575432,-0.0703012488673
24.077,1789944660.95,0.540614696693,0.502996967051,0.0305238404517,0.148073572014,-0.153435840598,-0.0633338511342
24.097,1789944660.97,0.552519236223,0.51380349989,0.0331874184688,0.123454587392,-0.129422684512,-0.0700548855151
24.117,1789944660.99,0.563975406736,0.524109783236,0.0360977746662,0.0923240703828,-0.110892459871,-0.0765371000209
24.137,1789944661.01,0.574443578755,0.533539679939,0.0276772362082,0.136224564229,-0.136887421313,-0.0707626762746
24.157,1789944661.03,0.584774351482,0.542730351544,0.0268046094986,0.128379533086,-0.133895071244,-0.0730056654161
24.177,1789944661.05,0.594175924521,0.551006375122,0.0176012150165,0.176231520864,-0.177895767192,-0.0652238898429
24.197,1789944661.07,0.6034953756,0.559098891604,0.0204183075106,0.148465445651,-0.152782660804,-0.0720488031701
24.217,1789944661.09,0.612250592322,0.566594635788,0.0233220076756,0.120589432466,-0.12672557565,-0.0789912923743
24.237,1789944661.11,0.619918922523,0.573029662816,0.0148795887023,0.1543024467,-0.158934917141,-0.0719666123162
24.257,1789944661.13,0.627400334943,0.579209361776,0.0141400328522,0.147895373488,-0.153080124592,-0.07417509498
24.277,1789944661.15,0.633827406301,0.584350006686,0.00480752399361,0.194046017705,-0.196986481852,-0.0653639072374
24.297,1789944661.17,0.640181232385,0.589317893485,0.00809989685531,0.165019192982,-0.169519382753,-0.0724034248768
24.317,1789944661.19,0.64590710062,0.593627080572,0.011557118784,0.13517572867,-0.141152481937,-0.0795504631227
24.337,1789944661.21,0.650423666216,0.596766196975,0.00328071953677,0.168063413975,-0.171582887086,-0.0716410511835
24.357,1789944661.23,0.654751371218,0.599640553379,0.00306033306131,0.160047927516,-0.163651208902,-0.0736489702808
24.377,1789944661.25,0.657945836366,0.601403047292,-0.00594803256626,0.205156084304,-0.206035723761,-0.0637934034311
24.397,1789944661.27,0.661090274646,0.603002522534,-0.00188463627678,0.173863536216,-0.176276548842,-0.0710250716694
24.417,1789944661.29,0.663576394111,0.603911253069,0.00235773427675,0.141837656599,-0.145819134353,-0.0783346316134
24.437,1789944661.31,0.664797312981,0.603603541755,-0.00533216623104,0.173185516788,-0.174751172197,-0.0694426316549
24.457,1789944661.33,0.665843271433,0.603038404686,-0.00473312329649,0.163066222491,-0.164944731406,-0.0712587219772
24.477,1789944661.35,0.665731590321,0.601347147407,-0.01303097461,0.206698151651,-0.206059376664,-0.0602996129544
24.497,1789944661.37,0.665591186256,0.599507045301,-0.00803264027177,0.173095469869,-0.17430053488,-0.0677660502537
24.517,1789944661.39,0.664794153081,0.596983689455,-0.0028309809034,0.138734626824,-0.141805864686,-0.0753496909314
24.537,1789944661.41,0.662736148304,0.593266171174,-0.00963890536901,0.168443858898,-0.169350812551,-0.065503403527
24.557,1789944661.43,0.660524487567,0.589314891617,-0.00808106368617,0.156327452369,-0.157826463202,-0.0672084548318
24.577,1789944661.45,0.657184120408,0.584285161313,-0.0154173401326,0.198437980335,-0.19773723124,-0.055213127198
24.597,1789944661.47,0.65382989745,0.579123593114,-0.0094544842468,0.162700893758,-0.164110308863,-0.0630529478157
24.617,1789944661.49,0.649847688741,0.573321991187,-0.00331154602341,0.126278141977,-0.129805242011,-0.0710350593791
24.637,1789944661.51,0.644668408003,0.566415789122,-0.00910175017263,0.154412412191,-0.156098422025,-0.0603447183312
24.657,1789944661.53,0.639361571469,0.559312938815,-0.00660446943324,0.140509528805,-0.143071454571,-0.0620738190072
24.677,1789944661.55,0.633004142293,0.551235706642,-0.0128994214888,0.181172843863,-0.181937532217,-0.0491721176819
24.697,1789944661.57,0.626639345273,0.543044414066,-0.00612376036714,0.143651600915,-0.146769734764,-0.0575189650758
24.717,1789944661.59,0.619700159294,0.534289045713,0.000778313786106,0.105528326369,-0.110995749601,-0.066032629888
24.737,1789944661.61,0.611681254718,0.524577966525,-0.00402304456851,0.132241145366,-0.136244225563,-0.054658192966
24.757,1789944661.63,0.603564540577,0.514719184961,-0.000753673668917,0.116782445287,-0.121940847493,-0.0565799012935
24.777,1789944661.65,0.594517381911,0.504037730944,-0.00608956937941,0.156191413718,-0.159977911141,-0.0429380684503
24.797,1789944661.67,0.58546236786,0.493261851213,0.00120049792934,0.117335509182,-0.123673112186,-0.0519063215697
24.817,1789944661.69,0.57590914361,0.482026671998,0.00855674447773,0.0778813771628,-0.0867560188145,-0.0610883870088
24.837,1789944661.71,0.565437113818,0.470031805825,0.00456902748629,0.103476612747,-0.111235576001,-0.0491969772983
24.857,1789944661.73,0.554900292235,0.45794855062,0.00830254141453,0.0868824320575,-0.0960166783112,-0.0514341953616
24.877,1789944661.75,0.543587677332,0.445231533462,0.00372391494631,0.125321069469,-0.133442554756,-0.037233039868
24.897,1789944661.77,0.53226453819,0.432444719414,0.0111679213954,0.0854266713337,-0.0962366132145,-0.0469568481994
24.917,1789944661.79,0.520537935111,0.419325903528,0.018607288305,0.0449191326475,-0.0583948379917,-0.0569377165424
24.937,1789944661.81,0.508085856231,0.405676431182,0.0151578782543,0.0698294266156,-0.0824324260455,-0.04466308541
24.957,1789944661.83,0.495606549811,0.392007661033,0.0189505928345,0.0527866061155,-0.0668830961374,-0.0472230857667
24.977,1789944661.85,0.482531529424,0.377918574155,0.0148487691915,0.0907003552292,-0.103998639607,-0.0326009930747
24.997,1789944661.87,0.469444179741,0.363790340794,0.0220197129909,0.0503035523735,-0.0663517466851,-0.0430839266827
25.017,1789944661.89,0.456059908048,0.349470573213,0.0290792236964,0.00948844160731,-0.0282463591753,-0.0537716201582
25.037,1789944661.91,0.44216461748,0.334866257776,0.0258912230039,0.0339696643313,-0.0519526667706,-0.0412653850744
25.057,1789944661.93,0.428286472938,0.320320171441,0.0294525894743,0.0163480001964,-0.0358604060501,-0.0443378555359
25.077,1789944661.95,0.414003977253,0.305575409901,0.0255487281179,0.0540321371951,-0.0727594335043,-0.0294150151881
25.097,1789944661.97,0.399714724224,0.290831706048,0.0320785926565,0.0134212838647,-0.0348989803516,-0.040639232304
25.117,1789944661.99,0.385247515221,0.276046862251,0.0384344737668,-0.0275434494947,0.00335842601587,-0.0520623774599
25.137,1789944662.01,0.370491729061,0.261225680392,0.0352293989737,-0.00295717009561,-0.0203521258879,-0.0393656999613
25.157,1789944662.03,0.355805148089,0.246547395888,0.0382184759195,-0.0204635884129,-0.00429377842069,-0.0428383363112
25.177,1789944662.05,0.340910842403,0.231890111019,0.0342737290466,0.0175081098459,-0.0412574401924,-0.0276683002082
25.197,1789944662.07,0.326025292333,0.217282748588,0.0398949226275,-0.0230262157161,-0.00343717123594,-0.0395741744175
25.217,1789944662.09,0.311085097278,0.202783997256,0.0452809518116,-0.0637239617579,0.0345971156682,-0.0515995400532
25.237,1789944662.11,0.296071799531,0.188494373412,0.0419864904518,-0.0346992220897,0.0138795912285,-0.0391214203716
25.257,1789944662.13,0.281186002934,0.174394219972,0.0436439319043,-0.0561771085038,0.0278802453273,-0.0416595730742
25.277,1789944662.15,0.266319463325,0.160542719062,0.0401331251775,-0.0191359919799,-0.00916801832891,-0.0276662497867
25.297,1789944662.17,0.251478376644,0.14679313574,0.0448462721451,-0.0614217287538,0.0289341751412,-0.0406184539527
25.317,1789944662.19,0.236715344911,0.133294447655,0.0487204671099,-0.106600786846,0.0590390046341,-0.0515894375741
25.337,1789944662.21,0.222063168672,0.120269397268,0.045305440732,-0.0737812306434,0.040509933825,-0.0396510247859
25.357,1789944662.23,0.20760057683,0.107564230152,0.0462045955315,-0.0840734891372,0.0513564384726,-0.0419551170124
25.377,1789944662.25,0.193284938651,0.0952455815782,0.0422856423291,-0.0469706206452,0.0190583588779,-0.0279795776473
25.397,1789944662.27,0.17903964417,0.0830788797564,0.0458952445652,-0.0874575141144,0.0572841059584,-0.0412440707274
25.417,1789944662.29,0.16498859598,0.0712919264153,0.0486381088669,-0.122646249509,0.0903286739019,-0.0521836442539
25.437,1789944662.31,0.151252672913,0.0600673967291,0.0450395113018,-0.0994834577974,0.0687902889101,-0.0403373982491
25.457,1789944662.33,0.137779612325,0.0492413525192,0.0452564286871,-0.110515814987,0.0788574404155,-0.0427571213104
25.477,1789944662.35,0.124606438926,0.0389361710381,0.0411260210827,-0.0747141711512,0.0452627848802,-0.0285385065254
25.497,1789944662.37,0.111549180623,0.0288481201327,0.0438140404665,-0.115002382498,0.0824018914829,-0.0420448498814
25.517,1789944662.39,0.0987972722614,0.0192556774863,0.045748439508,-0.149530804138,0.114522624776,-0.0532061612905
25.537,1789944662.41,0.0865084013771,0.010368622765,0.0419513140523,-0.124371633233,0.0921922447632,-0.041124987427
25.557,1789944662.43,0.0745502608993,0.00195561854119,0.0416261206808,-0.133440841026,0.101293449804,-0.0434827537372
25.577,1789944662.45,0.0630152857544,-0.00582678461295,0.0374054727956,-0.0953259840039,0.0670531373433,-0.0289966330251
25.597,1789944662.47,0.051641285062,-0.013346170148,0.0394099261854,-0.134179778348,0.103262376685,-0.042622166499
25.617,1789944662.49,0.0406663652341,-0.0202920065435,0.0407543121218,-0.167142700152,0.13428600362,-0.0537767466503
25.637,1789944662.51,0.0302730100811,-0.0264428412862,0.0369319451933,-0.140039109969,0.11120998191,-0.0414413416949
25.657,1789944662.53,0.02026924394,-0.0320758396217,0.0363135483937,-0.147601417235,0.119381801464,-0.0437078949028
25.677,1789944662.55,0.0107868504998,-0.0370136142809,0.0321720259739,-0.107509474361,0.0843840201465,-0.0289202310794
25.697,1789944662.57,0.00150677634672,-0.0416648067238,0.0337807498556,-0.145173220766,0.119344977989,-0.0425125912201
25.717,1789944662.59,-0.00730067116322,-0.0457006872504,0.0348364102512,-0.176900120459,0.149140805633,-0.0536089659923
25.737,1789944662.61,-0.01543779887,-0.0488950310833,0.0311704785435,-0.147914520264,0.125164493986,-0.0410080583087
25.757,1789944662.63,-0.0231394734866,-0.0515539338857,0.0305048879714,-0.153908274573,0.132178742864,-0.0431141556067
25.777,1789944662.65,-0.0302491901059,-0.0534923766779,0.026607802551,-0.111749624599,0.0963161971299,-0.0280350452481
25.797,1789944662.67,-0.0371251597399,-0.055143186428,0.028120399386,-0.148077129821,0.129816189094,-0.0415208240977
25.817,1789944662.69,-0.0434781365018,-0.0561717473806,0.0291713519705,-0.178461139029,0.158242369435,-0.0525194682048
25.837,1789944662.71,-0.0491029654951,-0.0563541791372,0.025814799785,-0.147539930193,0.133346019781,-0.0396938625315
25.857,1789944662.73,-0.0542635205095,-0.0560124506718,0.0253256088998,-0.151962193947,0.139178339857,-0.041659321838
25.877,1789944662.75,-0.0587909333625,-0.0549560178385,0.0218370527088,-0.103760217429,0.103139593327,-0.0265329242633
25.897,1789944662.77,-0.0630673298882,-0.0536700249672,0.0236216892003,-0.1455167845,0.136825540157,-0.0407631764419
25.917,1789944662.79,-0.0667650066004,-0.0517764250371,0.024534273382,-0.178687706396,0.156495843556,-0.0502580981389
25.937,1789944662.81,-0.0697460360184,-0.0490297892313,0.0217499176687,-0.139513229368,0.135026405103,-0.0374663372628
25.957,1789944662.83,-0.0722367108822,-0.0458149176903,0.0213590327095,-0.148983401821,0.134263640236,-0.0388818286046
25.977,1789944662.85,-0.0741245746333,-0.041896173447,0.0185300636049,-0.0951773628359,0.10398734481,-0.024261123591
25.997,1789944662.87,-0.0757458368485,-0.0377528220448,0.0205963747837,-0.118733881718,0.135634608772,-0.037411310847
26.017,1789944662.89,-0.0767920387967,-0.0331343578117,0.0219207225957,-0.150273595476,0.157620016494,-0.0467655570616
26.037,1789944662.91,-0.0771012585702,-0.027803170177,0.0196184512901,-0.116019845134,0.134767618751,-0.0348166144635
26.057,1789944662.93,-0.0769148889055,-0.0220817882732,0.0195211885114,-0.119504503411,0.132692168137,-0.035285348073
26.077,1789944662.95,-0.076114469564,-0.0158130964796,0.0171253287049,-0.0766802043808,0.0959595481956,-0.0214689471025
26.097,1789944662.97,-0.0750828716072,-0.00940083420647,0.0195922595948,-0.113820713678,0.128136244362,-0.0354606993649
26.117,1789944662.99,-0.0734947725522,-0.00250562055553,0.021259699122,-0.135612855517,0.148036636788,-0.0442405221309
26.137,1789944663.01,-0.0711982479523,0.00501439030678,0.0191300520373,-0.102121010999,0.122788374736,-0.0321239881668
26.157,1789944663.03,-0.0684541774552,0.0128581772092,0.0195237705085,-0.110302922022,0.122206465352,-0.0333669034632
26.177,1789944663.05,-0.0651316628246,0.0212265548841,0.0172090143519,-0.0533907954233,0.0870467534014,-0.0188630453984
26.197,1789944663.07,-0.0615861131375,0.0296573603817,0.020286492111,-0.0823655536933,0.110840597418,-0.0324305104763
26.217,1789944663.09,-0.0575690372436,0.0384190787666,0.0220311786356,-0.106451301831,0.139023043716,-0.04168029804
26.237,1789944663.11,-0.052862403927,0.0476748960198,0.0202830920991,-0.0700662211838,0.109066912532,-0.0298813087774
26.257,1789944663.13,-0.0477517180575,0.0571532138718,0.0207190525826,-0.0648065854387,0.106412403498,-0.029967887658
26.277,1789944663.15,-0.0421261124706,0.0669189545763,0.0185156484163,-0.0201861156064,0.0704576971969,-0.016322928896
26.297,1789944663.17,-0.036334464324,0.0766403542547,0.0217871518564,-0.0535013019054,0.0976549553663,-0.0302591428237
26.317,1789944663.19,-0.0300974012158,0.0865826561755,0.0240381014399,-0.0742426357238,0.115042325666,-0.0391797060206
26.337,1789944663.21,-0.0232845643482,0.0968575481255,0.0221350928377,-0.0396943367033,0.0874401445502,-0.0276633760785
26.357,1789944663.23,-0.0161433502763,0.107241429554,0.0225667468877,-0.0350336045518,0.0857169252179,-0.0279672621707
26.377,1789944663.25,-0.00857415057008,0.117774274177,0.0201687521788,0.00985523715281,0.0506485303409,-0.0144959132152
26.397,1789944663.27,-0.000892980408934,0.128172048373,0.0236408002896,-0.0230276568578,0.0774301838665,-0.0286154573805
26.417,1789944663.29,0.00715497181946,0.138658896066,0.0259860356141,-0.043156917901,0.0941737930323,-0.0377104398503
26.437,1789944663.31,0.0156796273114,0.149319873839,0.023754049304,-0.00902760052593,0.068193348861,-0.0264565142368
26.457,1789944663.33,0.0244749764154,0.159982869001,0.0241248620387,-0.00260270267183,0.0636459792796,-0.0267747679192
26.477,1789944663.35,0.0335983096266,0.170639700968,0.0213551216562,0.0428072160779,0.0279937451415,-0.0134370142109
26.497,1789944663.37,0.0427732870951,0.181065450909,0.0249231494154,0.0100251214812,0.0535168366259,-0.0277622998509
26.517,1789944663.39,0.05221609917,0.191436270513,0.0272618901121,-0.0105448345928,0.0697288989465,-0.0371431554378
26.537,1789944663.41,0.0620170468878,0.201815223318,0.0245845071513,0.0235873322641,0.0434164977283,-0.025978069308
26.557,1789944663.43,0.07200397844,0.212080154771,0.0246849080323,0.0300262125467,0.0382792670339,-0.0263222940256
26.577,1789944663.45,0.0822005009924,0.22218312834,0.0213989456393,0.0751874348518,0.00257815297917,-0.0130899511245
26.597,1789944663.47,0.0923834073118,0.231967350003,0.0249327846341,0.0420421529592,0.0274985545929,-0.0275155149189
26.617,1789944663.49,0.102723584059,0.241557099728,0.0271098573877,0.0212398383113,0.043110727026,-0.036914554629
26.637,1789944663.51,0.113284899591,0.250990289405,0.0239185431926,0.0546374827299,0.0169830971235,-0.0259130488196
26.657,1789944663.53,0.123942029868,0.260203046,0.0237435346012,0.0599520446799,0.0120984960027,-0.0265320907112
26.677,1789944663.55,0.134681308349,0.269108904772,0.0198881624375,0.104357115884,-0.0233944515099,-0.0133995884027
26.697,1789944663.57,0.14534488194,0.277624754112,0.0233611474791,0.0703212527521,0.00135374017654,-0.0279893359415
26.717,1789944663.59,0.156050851944,0.285822705507,0.0253843542417,0.0486389073333,0.0168634701135,-0.0375324263476
26.737,1789944663.61,0.166835498206,0.293718123058,0.0216521640511,0.081333625709,-0.00921922317573,-0.026550206574
26.757,1789944663.63,0.177628078236,0.301306120916,0.0211592374978,0.0858990590842,-0.0141899485584,-0.0272046376611
26.777,1789944663.65,0.188369755538,0.308460859915,0.016759750639,0.129476478974,-0.0495459357127,-0.0140729974312
26.797,1789944663.67,0.198976728168,0.315170412362,0.0201837157509,0.0944218057981,-0.0248016965657,-0.0287750251044
26.817,1789944663.69,0.209508114817,0.321457275178,0.0220794504229,0.0716853829246,-0.00920187723809,-0.0383885728629
26.837,1789944663.71,0.219971212538,0.327317809837,0.0178866304295,0.103330017093,-0.0350266331755,-0.0273598055775
26.857,1789944663.73,0.230356608594,0.332803467979,0.0171565475783,0.106752429457,-0.0397546622036,-0.0280207468802
26.877,1789944663.75,0.240558182979,0.337754973386,0.0123257698695,0.149153019016,-0.0747601923158,-0.0148170072245
26.897,1789944663.77,0.250571039936,0.342223611312,0.0157603061137,0.112880998281,-0.0497321636431,-0.0295752880121
26.917,1789944663.79,0.260393241181,0.346190336796,0.0175985011247,0.0890127819577,-0.0338717319698,-0.0391584869644
26.937,1789944663.81,0.270004200243,0.349638650908,0.0131003000393,0.119280579134,-0.0592008109108,-0.0280312892368
26.957,1789944663.83,0.279458208066,0.352667879296,0.0122813187211,0.121156691858,-0.0633136363692,-0.028711226944
26.977,1789944663.85,0.288602677955,0.355094541017,0.00718388382335,0.162206851893,-0.0978509340381,-0.0153312474623
26.997,1789944663.87,0.297510300839,0.357018255255,0.010709097762,0.124740197422,-0.0723902577136,-0.0300580983304
27.017,1789944663.89,0.306120995277,0.358391734758,0.0126205084332,0.0995113190105,-0.0559502743114,-0.0396147333563
27.037,1789944663.91,0.314389235677,0.359192761518,0.00799210287982,0.128359031519,-0.0807170483542,-0.0282689434474
27.057,1789944663.93,0.322429613112,0.359554163354,0.00720450616782,0.128856148135,-0.0842372941709,-0.0288096472358
27.077,1789944663.95,0.330048035752,0.359281039294,0.00206034475854,0.168244732558,-0.118039228271,-0.0152366741569
27.097,1789944663.97,0.337386658056,0.35850066342,0.00580990512977,0.129247462474,-0.0916846720547,-0.0300155245264
27.117,1789944663.99,0.344334983207,0.357154321044,0.00790369320434,0.102666001873,-0.0744854962789,-0.039487806067
27.137,1789944664.01,0.350829310124,0.355224180617,0.00335074943909,0.129902419558,-0.0984587757339,-0.0278896626748
27.157,1789944664.03,0.357036151359,0.35285874462,0.0027524547878,0.128905105134,-0.101149297771,-0.0282883275762
27.177,1789944664.05,0.362728608603,0.349866210547,-0.0022492094501,0.166649697371,-0.134143462862,-0.0144344633313
27.197,1789944664.07,0.368103503111,0.346377067373,0.00178103351427,0.126408339217,-0.106890754838,-0.0291898787709
27.217,1789944664.09,0.373013167632,0.342340522128,0.00417368000232,0.0983713606931,-0.0886467640996,-0.0386424981612
27.237,1789944664.11,0.377382340553,0.337751383007,-0.000128825008427,0.123984976966,-0.111691114126,-0.0267541502179
27.257,1789944664.13,0.381416560473,0.33275427038,-0.000429502888472,0.121583622612,-0.113440156849,-0.0269800211003
27.277,1789944664.15,0.384868919146,0.327176047867,-0.0051122830068,0.157591704109,-0.145423063711,-0.0128494961334
27.297,1789944664.17,0.387942933064,0.321109007053,-0.00184218696085,0.125238146484,-0.124093557817,-0.0241294198357
27.317,1789944664.19,0.39042826652,0.314484449784,-0.00164311239636,0.117034912615,-0.121282507142,-0.0253393329431
27.337,1789944664.21,0.392322231591,0.307323775128,-0.00443120259967,0.131144885179,-0.135822349885,-0.0167850768474
27.357,1789944664.23,0.393826171568,0.29974935589,-0.00163367566656,0.102420158567,-0.116796749988,-0.0258666798855
27.377,1789944664.25,0.394654019558,0.291652345351,-0.00553100285925,0.129890916832,-0.141941344437,-0.0128129062405
27.397,1789944664.27,0.395139188674,0.283167533009,-0.000694200852142,0.084205719934,-0.109593840439,-0.0283804263703
27.417,1789944664.29,0.395123500303,0.274328934938,0.00232685633465,0.0554434551176,-0.0902640638813,-0.0376887414604
27.437,1789944664.31,0.394535744308,0.265174394621,-0.00118848662764,0.0808732265877,-0.113445056944,-0.0250271282421
27.457,1789944664.33,0.393595303408,0.255770369443,-0.000822914021494,0.0793947187546,-0.115823989476,-0.0247384813671
27.477,1789944664.35,0.392048388435,0.246006213508,-0.00467122463288,0.115253680151,-0.148052406557,-0.00977704770236
27.497,1789944664.37,0.390114577081,0.235871056901,8.85093424864e-05,0.0747391082799,-0.119583594573,-0.0244222009142
27.517,1789944664.39,0.387634468142,0.225432202545,0.00329225373019,0.0453708765707,-0.0993554217154,-0.0336433011232
27.537,1789944664.41,0.384550251812,0.214759707269,0.000219070850738,0.0674475413765,-0.119611248799,-0.0208138626851
27.557,1789944664.43,0.381073334188,0.203876785591,0.000904764472023,0.0619568013024,-0.118154971846,-0.0206394891168
27.577,1789944664.45,0.376985892573,0.192737275646,-0.00247029498708,0.0935764312999,-0.146553863674,-0.00560720662611
27.597,1789944664.47,0.372484789811,0.181270140618,0.0023665890752,0.0504540174223,-0.115007638791,-0.0205509272433
27.617,1789944664.49,0.367453793792,0.169614613292,0.00569630123517,0.0190880617428,-0.0923028679352,-0.0300203357939
27.637,1789944664.51,0.361864151043,0.1578791636,0.00302281596967,0.0392752887448,-0.110565577208,-0.0171268517134
27.657,1789944664.53,0.355898157252,0.146030379886,0.00389446381561,0.0329298354168,-0.10776917585,-0.0170285316709
27.677,1789944664.55,0.349376246904,0.134075419204,0.000917650654122,0.0634377603901,-0.134870960841,-0.00195289056798
27.697,1789944664.57,0.342443361849,0.121866912618,0.00565816178091,0.0204572822035,-0.102551968574,-0.0172537171626
27.717,1789944664.59,0.33503116467,0.10960688042,0.00894311092171,-0.010757649245,-0.0791402808716,-0.0269966434505
27.737,1789944664.61,0.327139105991,0.0974331715432,0.00656135092759,0.00900670344031,-0.0965139430298,-0.0140538092428
27.757,1789944664.63,0.318903571821,0.0852503285334,0.00747053366723,0.00274348393455,-0.0930185541704,-0.0140450268012
27.777,1789944664.65,0.310189887421,0.0731138110447,0.00477292126966,0.0327456570278,-0.119101307992,0.00109332328098
27.797,1789944664.67,0.301078063783,0.0608026236154,0.00920769484844,-0.00955792150868,-0.0863045255839,-0.0144826770045
27.817,1789944664.69,0.291556896142,0.048576101922,0.0122532691656,-0.0401950945979,-0.0623734271405,-0.0244086473398
27.837,1789944664.71,0.281657164201,0.0365961887723,0.0100538627933,-0.0208013527096,-0.0786761996649,-0.0114674095874
27.857,1789944664.73,0.271462054133,0.0247109858883,0.0108795216201,-0.0270870352067,-0.0742194664446,-0.0116599812288
27.877,1789944664.75,0.260887424068,0.0130193845416,0.00835792356518,0.00245539403168,-0.0990998960139,0.00348088039773
27.897,1789944664.77,0.249944020303,0.00123696881963,0.0123463341138,-0.0391568099234,-0.0657608596368,-0.0124579147728
27.917,1789944664.79,0.238682303594,-0.0103275994462,0.0150111568709,-0.0689442407632,-0.0414579124965,-0.0225732528267
27.937,1789944664.81,0.227164165785,-0.0214950861898,0.0128824774623,-0.0495172572754,-0.0568704859041,-0.0096282025166
27.957,1789944664.83,0.215416262858,-0.0324842598523,0.0132555406299,-0.0653601764644,-0.0543354669122,-0.00934452450085
27.977,1789944664.85,0.203397300763,-0.0430782632074,0.0111686253602,-0.0272825930278,-0.0743870881148,0.00460636787786
27.997,1789944664.87,0.191058052109,-0.0536837942846,0.0147007520301,-0.0681652478675,-0.0395995204922,-0.012286769705
28.017,1789944664.89,0.178516417323,-0.0639282189578,0.0164807859009,-0.0902363473791,-0.0187130867665,-0.0203253623058
28.037,1789944664.91,0.165853176379,-0.073683589588,0.014651021713,-0.0736307521754,-0.0308917901863,-0.00908151483635
28.057,1789944664.93,0.153045981959,-0.0831380775394,0.0146221519296,-0.0743034279682,-0.0292773904112,-0.00752695628624
28.077,1789944664.95,0.140091897095,-0.0921930074329,0.0125225663646,-0.0495513402404,-0.0488354587846,0.00565953911264
28.097,1789944664.97,0.126881069177,-0.101174598534,0.0154245306333,-0.0907468220443,-0.0143027918998,-0.0115225210431
28.117,1789944664.99,0.11358660823,-0.109697433654,0.0167638251901,-0.114579589169,0.00683360286085,-0.019875032393
28.137,1789944665.01,0.100305024152,-0.11761475687,0.0148607875333,-0.0977347318387,-0.00476045330807,-0.0086343424519
28.157,1789944665.03,0.0869755712239,-0.125138762621,0.0145600206135,-0.0973114832175,-0.0028160331202,-0.00715147482279
28.177,1789944665.05,0.0736262135057,-0.132164157408,0.0124178268078,-0.0713139072249,-0.0217478198576,0.00605288965019
28.197,1789944665.07,0.0600988202993,-0.139040413462,0.0147169481535,-0.110298928572,0.0124958680335,-0.0113929399603
28.217,1789944665.09,0.0466130505907,-0.145375356683,0.0156257054267,-0.132141364179,0.0334730669793,-0.0199172792647
28.237,1789944665.11,0.0332763380591,-0.151028756124,0.0136639453138,-0.113970472708,0.0222224283989,-0.00868494377502
28.257,1789944665.13,0.019998126552,-0.156242423511,0.0129076116841,-0.12161331014,0.0224114311963,-0.00690573425847
28.277,1789944665.15,0.0068140161225,-0.160830483087,0.0110701234744,-0.080942274366,0.0065727343505,0.00577393432
28.297,1789944665.17,-0.00644455882661,-0.165237859444,0.0128417605311,-0.111981678568,0.0359763148446,-0.0123807825744
28.317,1789944665.19,-0.0195596722641,-0.169132631456,0.0131255121995,-0.149043924495,0.0586727039382,-0.0200780932929
28.337,1789944665.21,-0.0323971770609,-0.172244870572,0.0113702658201,-0.118621097209,0.0473995706944,-0.00937510646557
28.357,1789944665.23,-0.0450839902672,-0.174908116976,0.0106467056229,-0.120994954936,0.0518935746855,-0.00769898178323
28.377,1789944665.25,-0.0575337807748,-0.17696687029,0.00862281547738,-0.0883229845801,0.0344776171814,0.00549179218851
28.397,1789944665.27,-0.0699598974091,-0.178810925779,0.0099794321701,-0.119298798926,0.0625610915176,-0.0127379314816
28.417,1789944665.29,-0.0821207440651,-0.180097340171,0.0100602277381,-0.145331817426,0.0845134579457,-0.0196604061177
28.437,1789944665.31,-0.0938878842774,-0.180663935599,0.00833066421243,-0.12991316447,0.0759312151451,-0.0101798883007
28.457,1789944665.33,-0.10537232736,-0.180700292272,0.00735397000808,-0.122784993845,0.074554662103,-0.00681977437784
28.477,1789944665.35,-0.116529713727,-0.180165003848,0.00554087903423,-0.0976156589164,0.0591490713228,0.00449248139986
28.497,1789944665.37,-0.127578739312,-0.179375515725,0.00675884825618,-0.13209263096,0.0915594397077,-0.014126722661
28.517,1789944665.39,-0.13821279702,-0.177952991861,0.00671811468422,-0.143805358179,0.106536334653,-0.0204417774228
28.537,1789944665.41,-0.148356558367,-0.175839694252,0.00509567452594,-0.124281509736,0.0967365954103,-0.0107390113293
28.557,1789944665.43,-0.158142371246,-0.173249376983,0.00423976590942,-0.125872354232,0.100163306744,-0.0080461896556
28.577,1789944665.45,-0.167460047466,-0.170035389608,0.00247602873041,-0.0814427957054,0.0744527278645,0.00472423200355
28.597,1789944665.47,-0.176630060156,-0.166665344792,0.00361643179958,-0.11870491119,0.108486531348,-0.014193474365
28.617,1789944665.49,-0.185300368592,-0.162718762863,0.00359803959797,-0.128325742676,0.122055486999,-0.0203498916587
28.637,1789944665.51,-0.193408544822,-0.158159617022,0.00215136438797,-0.109483010861,0.112712406644,-0.0106070435342
28.657,1789944665.53,-0.201075406479,-0.153162182171,0.00134916802686,-0.0986242598776,0.109547780104,-0.0069941785393
28.677,1789944665.55,-0.20825689226,-0.147712506038,-0.000129797848086,-0.0721549778312,0.0937603390997,0.00460786269574
28.697,1789944665.57,-0.215181231141,-0.142108586782,0.00123397110486,-0.103506953063,0.115539061373,-0.0136943684481
28.717,1789944665.59,-0.221589937137,-0.136005122014,0.00115194450168,-0.114456436139,0.136787560591,-0.0200886736768
28.737,1789944665.61,-0.227359403491,-0.129354334634,-0.000103442670497,-0.093974758851,0.126953992716,-0.0102002470683
28.757,1789944665.63,-0.232626767036,-0.122333922623,-0.000747022621538,-0.0817671961135,0.123818831783,-0.00646352309236
28.777,1789944665.65,-0.237341865462,-0.114939329314,-0.00202331837745,-0.0538477417573,0.10693631533,0.0052933555178
28.797,1789944665.67,-0.241756232139,-0.107460649337,-0.000699604753448,-0.0841373517307,0.134486852009,-0.0131179918898
28.817,1789944665.69,-0.245553273997,-0.0995752801059,-0.000420793885473,-0.092648775345,0.145534842924,-0.0191472109871
28.837,1789944665.71,-0.248673724259,-0.0912429474968,-0.00146736597611,-0.0711042658638,0.133440446071,-0.0091384793544
28.857,1789944665.73,-0.251261122029,-0.0826390600177,-0.00191464193143,-0.0578887461471,0.127597193947,-0.0052770418759
28.877,1789944665.75,-0.253277090414,-0.0737682822819,-0.00300779343207,-0.0293349570847,0.109683536343,0.00661069602858
28.897,1789944665.77,-0.254979819403,-0.0649084930467,-0.00147737047485,-0.0584961212165,0.135536482459,-0.0116621549811
28.917,1789944665.79,-0.256054774226,-0.0557580688784,-0.00100961610305,-0.066241607838,0.145571509747,-0.0176014759765
28.937,1789944665.81,-0.25644627325,-0.0462810570494,-0.00189946220462,-0.0442425075696,0.132961655772,-0.00749129758265
28.957,1789944665.83,-0.256302646616,-0.0366459970784,-0.00219521673152,-0.0305126865057,0.126357864891,-0.00350709996081
28.977,1789944665.85,-0.255587850085,-0.0268656146246,-0.00316236406844,-0.00171638044071,0.107889236407,0.00844742258034
28.997,1789944665.87,-0.254564441358,-0.0172016693491,-0.00141490089768,-0.0299929938484,0.132031061904,-0.00964895515947
29.017,1789944665.89,-0.252922377739,-0.00737504762024,-0.00078893802898,-0.0370995137394,0.140611555214,-0.0154371197184
29.037,1789944665.91,-0.250612864047,0.00264556276952,-0.0015884540218,-0.0149766227472,0.127105870825,-0.00530684971199
29.057,1789944665.93,-0.247789267137,0.0127014605409,-0.00178499124468,-0.00112126735621,0.119439176862,-0.00129341224686
29.077,1789944665.95,-0.244419826382,0.022772888254,-0.00270362642568,0.0275630185414,0.100164637811,0.0106460036761
29.097,1789944665.97,-0.24077005127,0.0326180325738,-0.000758506606643,-0.000184467533316,0.12251245658,-0.00729731781028
29.117,1789944665.99,-0.236537783992,0.0424920598302,-2.27348332965e-05,-0.00700288463284,0.129618666229,-0.0129786683078
29.137,1789944666.01,-0.231681272874,0.0524231838349,-0.000819620951793,0.0149997242283,0.115151864289,-0.00284825614661
29.157,1789944666.03,-0.226357696301,0.0622649307264,-0.000994883053353,0.0287822278931,0.10637882243,0.0012065625921
29.177,1789944666.05,-0.22054129311,0.071990290891,-0.00195425527033,0.0570738119236,0.0863269951985,0.0130837360256
29.197,1789944666.07,-0.214496506554,0.081381051521,0.000145160556094,0.0295223126966,0.107060049325,-0.0047200157076
29.217,1789944666.09,-0.20794079085,0.0906530678678,0.000879239640486,0.0150615424867,0.117913329418,-0.0100961918861
29.237,1789944666.11,-0.20079738872,0.0999022159292,6.25646980522e-05,0.043985126285,0.0977423487138,-0.000380007371016
29.257,1789944666.13,-0.19325574746,0.108936048992,-0.000299143466948,0.0609383617767,0.0853957960393,0.00498794486828
29.277,1789944666.15,-0.185317513993,0.117715143433,-0.00119083253581,0.0906232645765,0.0635692465093,0.0151474845502
29.297,1789944666.17,-0.17724457874,0.126022320672,0.00113407029599,0.0564883774303,0.0871435594524,-0.00370361539949
29.317,1789944666.19,-0.168725894519,0.134110855554,0.00176368109164,0.0502684183909,0.0911051746895,-0.00815902669076
29.337,1789944666.21,-0.159752774917,0.141993862609,0.000733627290563,0.070104244904,0.0757239776476,0.00178108492555
29.357,1789944666.23,-0.150469984102,0.149545680195,0.000204817936672,0.0743381745006,0.0654568197631,0.0059883595669
29.377,1789944666.25,-0.140874955237,0.156809807316,-0.000863887636556,0.109148266432,0.0440719750111,0.0173383517812
29.397,1789944666.27,-0.131204253283,0.163543967377,0.00138652862098,0.0822667717469,0.0620094011542,-0.00010338820962
29.417,1789944666.29,-0.121211560569,0.169936177201,0.00212136543416,0.075624781642,0.0657427294391,-0.00574163037469
29.437,1789944666.31,-0.110875075754,0.176014078438,0.00100498057921,0.0989256091095,0.0491628620133,0.00378769423865
29.457,1789944666.33,-0.100339401488,0.181627508537,0.000261403123049,0.0978067731451,0.0387273210345,0.00785627420411
29.477,1789944666.35,-0.0896078700835,0.186868145863,-0.000914308847855,0.134314715658,0.0167634125597,0.018703530963
29.497,1789944666.37,-0.0788993928077,0.191475183763,0.00126100160268,0.101779770002,0.0341505970848,0.00148122684137
29.517,1789944666.39,-0.0680004539743,0.195658933,0.00160974249528,0.0958205287056,0.0415684093486,-0.00334122150668
29.537,1789944666.41,-0.0568615999255,0.199433057478,0.00050790078624,0.110795692656,0.0207186687794,0.00525542735665
29.557,1789944666.43,-0.0456426802182,0.202730845336,-0.000275262819871,0.122988176021,0.00691147882026,0.010106187967
29.577,1789944666.45,-0.0343689028455,0.205501978559,-0.001571288404,0.142129792472,-0.0155928256212,0.0192534133176
29.597,1789944666.47,-0.0232441405362,0.207648984833,0.000715646158587,0.111709747812,0.00512256763972,0.00122961146996
29.617,1789944666.49,-0.0120453823807,0.209321212981,0.000943821633368,0.105770357525,0.00576917636009,-0.0021200043215
29.637,1789944666.51,-0.000787789037859,0.210538559793,-0.000380627724322,0.119821820788,-0.00825700200555,0.00537579914899
29.657,1789944666.53,0.0104372606714,0.211247065356,-0.00137664421475,0.132092260283,-0.0218828103546,0.0106252401687
29.677,1789944666.55,0.0215841301395,0.211391841182,-0.00289453049333,0.15031658579,-0.0405290337769,0.0193408479239
29.697,1789944666.57,0.0325070830267,0.210890813507,-0.000547777417582,0.119324209797,-0.02327752508,0.00177842764655
29.717,1789944666.59,0.0433658034773,0.209881225324,-0.000372147160886,0.112075735257,-0.0232352199045,-0.00160153100685
29.737,1789944666.61,0.0541497855554,0.208391547142,-0.00179458194131,0.1243070135,-0.0378104103911,0.00570474182865
29.757,1789944666.63,0.0647755244736,0.206379303868,-0.00286368241595,0.134759068051,-0.0514357991479,0.0107781076531
29.777,1789944666.65,0.0751929422021,0.203796178637,-0.00445665899553,0.151008473847,-0.0697472394141,0.0192342878583
29.797,1789944666.67,0.085283536238,0.200569481098,-0.00211137925369,0.11932443348,-0.0524863650076,0.00196892320712
29.817,1789944666.69,0.0951719758296,0.196838138789,-0.0019576893806,0.11079603194,-0.0520695564512,-0.00138754528151
29.837,1789944666.71,0.104852718023,0.1926367031,-0.00341010515644,0.121190403056,-0.0659203793083,0.00568571755711
29.857,1789944666.73,0.11425687679,0.187930799211,-0.00448254662124,0.129822672538,-0.0787580007349,0.0105553434038
29.877,1789944666.75,0.123332634346,0.182679969913,-0.00607507931274,0.144128017038,-0.0961798871797,0.0187551843957
29.897,1789944666.77,0.131988381146,0.176813140892,-0.00371810286641,0.11187389672,-0.0785303280938,0.00178308099541
29.917,1789944666.79,0.140318771792,0.170480701616,-0.00354000695559,0.102161695226,-0.0774737151548,-0.00152629013697
29.937,1789944666.81,0.14832411915,0.163721818235,-0.00495237474512,0.110801270176,-0.0903985068375,0.00536186078878
29.957,1789944666.83,0.155949828844,0.156506347595,-0.00596541697274,0.117711796698,-0.102256955194,0.0100826660557
29.977,1789944666.85,0.163143669749,0.148802811503,-0.00749515916527,0.130245676389,-0.118651443657,0.0181323288999
29.997,1789944666.87,0.169836640186,0.14053411839,-0.00513521256578,0.0977196447869,-0.100507277686,0.00154635315658
30.017,1789944666.89,0.176100603232,0.131870113657,-0.0048977029337,0.0869714124023,-0.0985913712727,-0.00166774045184
30.037,1789944666.91,0.181942158854,0.122853084938,-0.00622075280398,0.0940764454026,-0.110423128933,0.00515903544733
30.057,1789944666.93,0.187319541551,0.113452972927,-0.0071369588146,0.0995181394582,-0.121140118791,0.00986652078636
30.077,1789944666.95,0.192181854951,0.103647463574,-0.00853998997054,0.110293700964,-0.136157214293,0.0177717785602
30.097,1789944666.97,0.196477545279,0.0933482395791,-0.00617777109539,0.0775385849061,-0.117172635976,0.00150062809507
30.117,1789944666.99,0.200266238432,0.0827514080177,-0.00585689407174,0.0658546239818,-0.114097492944,-0.00162337587097
30.137,1789944667.01,0.203561250701,0.071901307034,-0.00704925435529,0.0715909548628,-0.1245940322,0.00519046419908
30.157,1789944667.03,0.206331707092,0.0607647280508,-0.00783998115299,0.0757928882341,-0.133974905073,0.00994154478576
30.177,1789944667.05,0.208530302705,0.0493284613198,-0.00908692157707,0.0850915385697,-0.147462651646,0.0177827140311
30.197,1789944667.07,0.210116024746,0.0374893476069,-0.00677562564162,0.052657848098,-0.127722876195,0.00196019820762
30.217,1789944667.09,0.211146176055,0.0254709126292,-0.00639486709864,0.0405455018679,-0.123538627353,-0.000922868515864
30.237,1789944667.11,0.211639807704,0.0133165121173,-0.0074280193869,0.0450203726221,-0.132432383835,0.00583791958634
30.257,1789944667.13,0.211574538945,0.00098833431984,-0.00807193456053,0.0480188831345,-0.140150142203,0.0105556450991
30.277,1789944667.15,0.210909543042,-0.011517077265,-0.009154114745,0.0560448634822,-0.15191422244,0.0183613196765
30.297,1789944667.17,0.209608088996,-0.0243187247431,-0.0069380177823,0.0241707884632,-0.131311616901,0.00292610377866
30.317,1789944667.19,0.207735464331,-0.037166835063,-0.0065151382234,0.0118545498019,-0.125885108784,0.000235010658026
30.337,1789944667.21,0.205316003365,-0.0500198214914,-0.00740975214237,0.0155234413526,-0.133212884918,0.00704756170371
30.357,1789944667.23,0.20233246071,-0.0629222423385,-0.00794142964596,0.0178383014033,-0.139366641507,0.0118546609811
30.377,1789944667.25,0.198754606101,-0.0758651325234,-0.00880277522248,0.0283408747717,-0.150183658869,0.0194779921534
30.397,1789944667.28,0.194532340579,-0.0890103019182,-0.00682738282496,-0.00591532006604,-0.128062735019,0.00463456141281
30.417,1789944667.29,0.189757342861,-0.102057099054,-0.00652845442258,-0.0173849281271,-0.122364001053,0.00313526366472
30.437,1789944667.31,0.184456424222,-0.114978722054,-0.0071163544683,-0.0128243217101,-0.127558118776,0.00876509432337
30.457,1789944667.33,0.178607580553,-0.127830712975,-0.00775828517836,-0.0126544549664,-0.13257123694,0.0148634974369
30.477,1789944667.35,0.17219849161,-0.140596428334,-0.00843076800111,-0.00532478553198,-0.142182211025,0.0212120096398
30.497,1789944667.37,0.165160983121,-0.153433055548,-0.0064918570912,-0.0400399260837,-0.115445304721,0.00563983189414
30.517,1789944667.39,0.157631670143,-0.166009633418,-0.00634251698192,-0.0490941493989,-0.109586852112,0.00519637890535
30.537,1789944667.41,0.149630405604,-0.178333108116,-0.00689748409522,-0.0479554343788,-0.111970048123,0.010712476475
30.557,1789944667.43,0.141151555231,-0.190426423806,-0.00749197329281,-0.0431199277341,-0.117325224911,0.0172258390614
30.577,1789944667.45,0.132168251185,-0.202317605693,-0.00808429805325,-0.0387723143457,-0.122205848498,0.0234498866486
30.597,1789944667.47,0.122637475832,-0.214131337185,-0.00649236748649,-0.0672931841477,-0.0991810810448,0.00838356225994
30.617,1789944667.49,0.112687303599,-0.225571776805,-0.00642828753877,-0.0751771681339,-0.0928952261423,0.00807532661721
30.637,1789944667.52,0.102338896192,-0.236647190945,-0.00697727553769,-0.0736520084767,-0.0943160560696,0.0135467169312
30.657,1789944667.53,0.0915868915355,-0.247385255717,-0.00755724953519,-0.0691459698424,-0.0979957261388,0.0199902362476
30.677,1789944667.56,0.0804122443382,-0.257811082428,-0.00814586675829,-0.0651254699996,-0.101109332077,0.0261341647861
30.697,1789944667.57,0.0687680612354,-0.268048579863,-0.00688730813034,-0.0921168821053,-0.0775434309428,0.0112393811605
30.717,1789944667.59,0.0568049068923,-0.277806865659,-0.00693834685766,-0.0993167407263,-0.070156243866,0.0109885710281
30.737,1789944667.61,0.0445434687753,-0.28709819936,-0.00751620213735,-0.0974774077584,-0.070209898991,0.0164111556017
30.757,1789944667.63,0.0319809781121,-0.295952951677,-0.00811952418428,-0.0926701948659,-0.0724986678408,0.022788650877
30.777,1789944667.66,0.0191045175037,-0.304396779477,-0.00874209682717,-0.0881482010703,-0.0743838760318,0.0288969044959
30.797,1789944667.68,0.00586264822079,-0.312552806874,-0.00782756103745,-0.112981709891,-0.0508098831727,0.014064887808
30.817,1789944667.7,-0.00757748038834,-0.320145432195,-0.00800323660327,-0.119091122885,-0.0426678800461,0.013679426083
30.837,1789944667.72,-0.0211959108668,-0.327189600095,-0.00862931970715,-0.116462421459,-0.0417755332368,0.0189959749607
30.857,1789944667.74,-0.034994459104,-0.333719572032,-0.00927509336777,-0.110946947855,-0.0430591496053,0.0252640698497
30.877,1789944667.76,-0.0489814141896,-0.339763578484,-0.00994129306086,-0.105654660951,-0.0440065581751,0.0312446608118
30.897,1789944667.78,-0.0632108170789,-0.345440948783,-0.00935857744645,-0.128019859088,-0.0208429003518,0.0164665135745
30.917,1789944667.8,-0.0775057781858,-0.35049848327,-0.00966541144034,-0.1326682215,-0.0123830619132,0.0160000761766
30.937,1789944667.82,-0.0918479923399,-0.354954726817,-0.0103396707873,-0.129044293062,-0.0108354381342,0.0211671286947
30.957,1789944667.84,-0.106238793997,-0.358847111216,-0.0110259247348,-0.12265802676,-0.0113792477737,0.0272757745593
30.977,1789944667.86,-0.120682878508,-0.362207180824,-0.0117292032559,-0.116450374945,-0.0116569475541,0.0330875436283
30.997,1789944667.88,-0.135234908162,-0.365149124322,-0.011432207446,-0.136258898506,0.0107907062082,0.0183189791359
31.017,1789944667.9,-0.149714997189,-0.367445740328,-0.011844827631,-0.139344670421,0.0192785986512,0.0177271345504
31.037,1789944667.92,-0.164106529447,-0.369118803751,-0.0125469320257,-0.134634830769,0.0212021860272,0.0226898500772
31.057,1789944667.94,-0.178410735111,-0.37020845903,-0.0132525751979,-0.127289681011,0.0211057431181,0.0285883502756
31.077,1789944667.96,-0.192630016371,-0.370750078342,-0.013967846997,-0.120081893072,0.0211890019319,0.0341890092217
31.097,1789944667.98,-0.206818125478,-0.370852307518,-0.0138880341115,-0.13725845927,0.0425426785354,0.019435308893
31.117,1789944668,-0.220798581686,-0.37031518503,-0.0143649848522,-0.138670773282,0.0506727960852,0.0187413870032
31.137,1789944668.02,-0.234557067007,-0.369163975902,-0.0150618136793,-0.132780411653,0.0526008752496,0.0235143866663
31.157,1789944668.04,-0.248095456627,-0.367441484605,-0.0157536119457,-0.124406138376,0.052586589441,0.0292175412883
31.177,1789944668.06,-0.261415393281,-0.365187136754,-0.0164462221437,-0.116099434629,0.0526254258869,0.0346759968714
31.197,1789944668.08,-0.274569747651,-0.362505326397,-0.0164990655797,-0.13070905415,0.0725553398028,0.0199406828508
31.217,1789944668.1,-0.28739023241,-0.359222057569,-0.0169830788573,-0.13060358915,0.080098440979,0.0190614012332
31.237,1789944668.12,-0.299864510851,-0.355364888829,-0.0176322696426,-0.123573422775,0.081704142544,0.0236693991332
31.257,1789944668.14,-0.311996065585,-0.350979365458,-0.0182691746739,-0.114207451087,0.0814301485243,0.0292114977306
31.277,1789944668.16,-0.323787604066,-0.346109147449,-0.0188945283106,-0.104931518993,0.0811503492178,0.0344926482583
31.297,1789944668.18,-0.335290795634,-0.340854382909,-0.0189929686336,-0.117073073578,0.0993056845992,0.0198417706303
31.317,1789944668.2,-0.346348807909,-0.335064645949,-0.0194306643509,-0.115476382709,0.105866726858,0.0188856935165
31.337,1789944668.22,-0.356952803759,-0.328770521279,-0.0199890909088,-0.107418733112,0.106831986209,0.0233650557723
31.357,1789944668.24,-0.367108596055,-0.322019756355,-0.0205300723846,-0.0972034552337,0.105998395335,0.0287775607304
31.377,1789944668.26,-0.376821355752,-0.314859595324,-0.0210483557176,-0.0871248298093,0.105115314126,0.0339133383044
31.397,1789944668.28,-0.386142354211,-0.307386416693,-0.0211127895469,-0.0969799313907,0.121191072721,0.0194468677528
31.417,1789944668.3,-0.394927882447,-0.299470419297,-0.021455426408,-0.0940726900532,0.126481927548,0.018493129113
31.437,1789944668.32,-0.403173804404,-0.291145078098,-0.0218869284068,-0.0852336699596,0.126580340705,0.0228556848993
31.457,1789944668.34,-0.410888884104,-0.28245947957,-0.0222988371126,-0.0744346640152,0.124975020754,0.0281451512058
31.477,1789944668.36,-0.418081639974,-0.273463134242,-0.0226804648818,-0.0637891961502,0.123252122816,0.0331832047001
31.497,1789944668.38,-0.424804344009,-0.264248946662,-0.0226471667117,-0.0716475275488,0.137042053074,0.0189632535479
31.517,1789944668.4,-0.430926630875,-0.254704614935,-0.0228588736434,-0.0677237666944,0.140876222247,0.0180407583595
31.537,1789944668.42,-0.436449729066,-0.24486547291,-0.0231426017855,-0.0583321711036,0.139874563077,0.0223731451288
31.557,1789944668.44,-0.441386479777,-0.234781507676,-0.0234079820893,-0.0471841603037,0.137270963246,0.0276257053405
31.577,1789944668.46,-0.445749661751,-0.2245033581,-0.0236396575952,-0.0361955464046,0.134480184037,0.0326796778621
31.597,1789944668.48,-0.449594014121,-0.214120308201,-0.0234702291276,-0.0423153186007,0.145788731887,0.0188543638229
31.617,1789944668.5,-0.452800841252,-0.203540120894,-0.0236441298741,-0.0420138734439,0.150101737688,0.0180486077336
31.637,1789944668.52,-0.455374286407,-0.192767626871,-0.0236644944344,-0.0281141343096,0.14586898647,0.0223255676801
31.657,1789944668.54,-0.45734579157,-0.181886848416,-0.0237728251819,-0.0187988902242,0.148887182815,0.027992812801
31.677,1789944668.56,-0.458668492283,-0.170923404235,-0.023847068012,-0.00372627813922,0.134380616786,0.0323937699884
31.697,1789944668.58,-0.459493038907,-0.159996844663,-0.0235138155339,-0.00994454771514,0.146191065708,0.0182788273317
31.717,1789944668.6,-0.45967139995,-0.149009816108,-0.0235552513144,-0.00877884771799,0.148009551684,0.0184783638778
31.737,1789944668.62,-0.459228647031,-0.137972728111,-0.0234346785838,0.00449586654,0.143264642925,0.0224963848108
31.757,1789944668.64,-0.458179658603,-0.126959263128,-0.0234413927653,0.0166554567118,0.13762788786,0.0291190755821
31.777,1789944668.66,-0.456560948295,-0.116026025022,-0.023361503082,0.0263318514945,0.133564344814,0.0328404468387
31.797,1789944668.68,-0.454422027579,-0.105241829603,-0.0228951303482,0.0218461877451,0.140501294454,0.0194271363908
31.817,1789944668.7,-0.451666722366,-0.0945297810025,-0.0227335997778,0.0276314183451,0.138801645251,0.0205331519743
31.837,1789944668.72,-0.448326960201,-0.0839337749697,-0.0225908292277,0.0355438029471,0.134944614186,0.0237871922021
31.857,1789944668.74,-0.444416971604,-0.0734871119319,-0.0225040591005,0.046269466522,0.128495360562,0.0302780262984
31.877,1789944668.76,-0.439975536229,-0.0632445692831,-0.0223340018743,0.0548335697183,0.123360726298,0.0339593069444
31.897,1789944668.78,-0.435054216041,-0.053265209341,-0.0217678719296,0.0512729488886,0.127661028013,0.0210872770197
31.917,1789944668.8,-0.429572105503,-0.0434856046927,-0.0215228942905,0.0569058560471,0.124334827574,0.0223091955257
31.937,1789944668.82,-0.423566474262,-0.0339458081113,-0.0213056840127,0.0643960146464,0.1191155531,0.025600451938
31.957,1789944668.84,-0.417057701489,-0.024677619102,-0.0211524584031,0.07422103718,0.111690333588,0.0320102437714
31.977,1789944668.86,-0.410087571108,-0.0157301212923,-0.0209236725297,0.0820170659448,0.105445873278,0.0357154951187
31.997,1789944668.88,-0.402709428169,-0.00715494503428,-0.0203028944781,0.0790329676792,0.107438737139,0.0233762683276
32.017,1789944668.9,-0.394857755124,0.00110027359354,-0.0200130233202,0.0839418002107,0.102887755722,0.0246428145639
32.037,1789944668.92,-0.38657261088,0.00900196393718,-0.019761888141,0.0903905432573,0.0967068778019,0.02791491675
32.057,1789944668.94,-0.377879045501,0.0165226052397,-0.01957985502,0.0987283769611,0.088674074511,0.0341787507993
32.077,1789944668.96,-0.368819959958,0.0236211614153,-0.0193324699194,0.105237601771,0.0816633045313,0.037826722986
32.097,1789944668.98,-0.359448125596,0.0302554534653,-0.0187130990666,0.102454565998,0.0816522156992,0.0259972027731
32.117,1789944669,-0.349714248753,0.0364686907062,-0.0184202137395,0.106302092613,0.0761408527601,0.0272714991981
32.137,1789944669.02,-0.339659300207,0.0422349256145,-0.0181753864055,0.111420538824,0.0692461233076,0.0304966578444
32.157,1789944669.04,-0.329312043738,0.0475322010486,-0.0179992175079,0.117998241304,0.0608575237078,0.036572189216
32.177,1789944669.06,-0.31871515243,0.0523284256536,-0.0177687628192,0.12294904916,0.0533631268245,0.04006574092
32.197,1789944669.08,-0.307918745387,0.0565916841164,-0.0172059272683,0.120181618949,0.0516282476726,0.0287085889687
32.217,1789944669.1,-0.296890303204,0.0603577010699,-0.0169461348351,0.122760753604,0.0454391750932,0.0299486124097
32.237,1789944669.12,-0.285669997561,0.0636085281253,-0.0167381516955,0.126308041332,0.0381526627024,0.0330051004071
32.257,1789944669.14,-0.274288731423,0.0663289564973,-0.0165921084862,0.130886052725,0.0297419599997,0.0387744579275
32.277,1789944669.16,-0.262787189625,0.0684966734881,-0.016406644084,0.134105945609,0.0220695628157,0.0420780648637
32.297,1789944669.18,-0.251211305886,0.0700901150864,-0.0159480102522,0.131238812196,0.0189231509041,0.0311445046401
32.317,1789944669.2,-0.239544937142,0.0711391624188,-0.0157465795019,0.132388044406,0.0123953521137,0.0322660229783
32.337,1789944669.22,-0.227825584943,0.0716340907697,-0.0155966966954,0.134223984041,0.0050512055301,0.0350935531918
32.357,1789944669.24,-0.216084752341,0.0715670065769,-0.0154955529493,0.136663323889,-0.00303414094882,0.0404999060831
32.377,1789944669.26,-0.20435963034,0.0709257180247,-0.0153719162498,0.138046183466,-0.0105423460484,0.0436011634791
32.397,1789944669.28,-0.192690578477,0.069698946801,-0.0150536901712,0.135034007401,-0.0147691579044,0.0330495973862
32.417,1789944669.3,-0.181076352715,0.0679119178246,-0.0149249268388,0.134667801327,-0.0212726542194,0.0339798384351
32.437,1789944669.32,-0.169550257522,0.0655630771441,-0.0148434106327,0.1347309445,-0.0283183660143,0.0365602032943
32.457,1789944669.34,-0.158142726616,0.0626519713445,-0.0147917282401,0.134974145073,-0.0357092790175,0.0415885331222
32.477,1789944669.36,-0.146886176115,0.059176554262,-0.0147338855397,0.134455602112,-0.0426634313663,0.0443743017281
32.497,1789944669.38,-0.135814038661,0.0551359482445,-0.0145786237694,0.131322753067,-0.0476330801023,0.0341418611661
32.517,1789944669.4,-0.124939588814,0.0505457828803,-0.0146156124805,0.126259963389,-0.0516425785043,0.0349932361386
32.537,1789944669.42,-0.114275950337,0.0454415272002,-0.0145142282125,0.127783183149,-0.0601416156439,0.0372190636327
32.557,1789944669.44,-0.103865800126,0.0398005291821,-0.014502979657,0.1263054858,-0.0667707834822,0.0418700305678
32.577,1789944669.46,-0.0937346691565,0.0336342306158,-0.0145043484195,0.124317608556,-0.0730745316811,0.0443683885786
32.597,1789944669.48,-0.0839098125586,0.0269498739775,-0.0145229150997,0.121138573917,-0.0784573156152,0.0344722716877
32.617,1789944669.5,-0.07441158295,0.0197637739419,-0.0145468383752,0.117724232594,-0.0837633430439,0.0350442015307
32.637,1789944669.52,-0.0652596512146,0.0120889404173,-0.0145659488783,0.113123776278,-0.0905914293547,0.0369103460039
32.657,1789944669.54,-0.0564977650666,0.00394697556933,-0.0146316688608,0.108918301013,-0.0884791714736,0.0417242761513
32.677,1789944669.56,-0.048081266354,-0.00464267353086,-0.0146963882822,0.106298095177,-0.100933143062,0.0435434149365
32.697,1789944669.58,-0.0400979496865,-0.0136711496501,-0.0148819613242,0.103294877046,-0.104396105927,0.034155197603
32.717,1789944669.6,-0.0325489558369,-0.0231317910606,-0.0150514548795,0.0959742044843,-0.107019531647,0.0347221579568
32.737,1789944669.62,-0.0254363379691,-0.0329792571662,-0.0150785577063,0.0940823230964,-0.115164609188,0.0363265421852
32.757,1789944669.64,-0.0188123880376,-0.0432206663442,-0.0151178037887,0.0880297469324,-0.1161755053,0.041055813174
32.777,1789944669.66,-0.01266377501,-0.0538233165403,-0.0151957468951,0.0818485223789,-0.120742951371,0.0423130859891
32.797,1789944669.68,-0.00701478520987,-0.0647509493163,-0.0155987444611,0.0803912969776,-0.124631798141,0.0327941088768
32.817,1789944669.7,-0.0018886481465,-0.0760131214502,-0.015800566025,0.0766004393865,-0.124324544732,0.0341345381942
32.837,1789944669.72,0.00273240184956,-0.087593711134,-0.0158406392774,0.070065730059,-0.130245162511,0.0354660261067
32.857,1789944669.74,0.00680625371484,-0.0994633970343,-0.0159453657837,0.0610889250367,-0.131060160812,0.0393138465918
32.877,1789944669.76,0.0103404268029,-0.11157841072,-0.0160973872736,0.0536205186179,-0.133116987822,0.0410137287038
32.897,1789944669.78,0.0133314381368,-0.123895569441,-0.016612124076,0.0518175710997,-0.13865767354,0.0320673604439
32.917,1789944669.8,0.0157424551371,-0.136435431955,-0.0167717794012,0.0451545391671,-0.139874043169,0.0334880831603
32.937,1789944669.82,0.0175755774265,-0.149156337673,-0.0169758227579,0.0387303004171,-0.140887445094,0.0344907843287
32.957,1789944669.84,0.0188238111792,-0.162039378024,-0.0170410929258,0.0297429778148,-0.139541602399,0.0388919469724
32.977,1789944669.86,0.0194987998247,-0.17503509873,-0.0172511903662,0.0227709065187,-0.139578517917,0.0400211367015
32.997,1789944669.88,0.0196087478657,-0.188098845917,-0.0178993946189,0.0225352777274,-0.144949860829,0.0315567121581
33.017,1789944669.9,0.0191117958045,-0.201271311201,-0.0181001831642,0.0154441559037,-0.144515541832,0.0329610514586
33.037,1789944669.92,0.0180191187892,-0.214501528722,-0.0183460944864,0.00845355926034,-0.143871913087,0.034030890005
33.057,1789944669.94,0.0163295579449,-0.227771032727,-0.0184300528731,-0.00176772026185,-0.140247208682,0.0383401625242
33.077,1789944669.96,0.0140661757431,-0.241020205136,-0.0186842918314,-0.00927324438979,-0.138543530892,0.0395424526181
33.097,1789944669.98,0.0112470370274,-0.254196715987,-0.0194446213851,-0.00812645037784,-0.143800390438,0.0316678896406
33.117,1789944670,0.00782404100634,-0.267363074345,-0.0196889690166,-0.0154652938156,-0.141701794362,0.0331559967193
33.137,1789944670.02,0.00381836309765,-0.280459337392,-0.0199794887833,-0.0226068188448,-0.139385395436,0.034334027178
33.157,1789944670.04,-0.000765644032147,-0.293469469245,-0.0200951877263,-0.0335691318343,-0.133462643685,0.0385882941913
33.177,1789944670.06,-0.00589281990071,-0.306325889733,-0.020396712977,-0.041136268058,-0.130015244492,0.0399232192794
33.197,1789944670.08,-0.0115344848231,-0.318970513972,-0.0212470541504,-0.0381409979337,-0.135246646262,0.0326622555141
33.217,1789944670.1,-0.0177473477183,-0.33148945789,-0.0215426728954,-0.0452866623552,-0.131558791706,0.0342472639911
33.237,1789944670.12,-0.0244995364185,-0.343815872746,-0.0218827252935,-0.0521876061149,-0.127655177285,0.0355590176745
33.257,1789944670.14,-0.0317819038503,-0.355937288186,-0.0220458209946,-0.0635283048736,-0.119521397529,0.0397754164068
33.277,1789944670.16,-0.0395469179191,-0.367780131486,-0.0224010816476,-0.0708031698836,-0.114462557905,0.0412386211235
33.297,1789944670.18,-0.047755275587,-0.379282732434,-0.023317142703,-0.065626603632,-0.119860696941,0.0345971506188
33.317,1789944670.2,-0.0564749219703,-0.390554339587,-0.0236706298433,-0.0722658942936,-0.114735280048,0.0362795729243
33.337,1789944670.22,-0.0656630573648,-0.401523706855,-0.0240628371669,-0.0786637963825,-0.109373629038,0.0377429087238
33.357,1789944670.24,-0.0753063892184,-0.412182116992,-0.0242867078552,-0.0901148901345,-0.0991643591967,0.0419172025897
33.377,1789944670.26,-0.0853451953968,-0.422452179844,-0.0246985383623,-0.0968236281155,-0.0926709148272,0.0434953954303
33.397,1789944670.28,-0.0957300745537,-0.432271074661,-0.0256503766407,-0.0892250368663,-0.0984507850073,0.0374907417739
33.417,1789944670.3,-0.106542029338,-0.441768617009,-0.0260640756205,-0.0950921715323,-0.0920950695514,0.0392446075168
33.437,1789944670.32,-0.117727570936,-0.450871876792,-0.0265125748108,-0.100626831086,-0.0855858095283,0.0407669328428
33.457,1789944670.34,-0.129270741914,-0.459576907113,-0.0268091489946,-0.111854802828,-0.0735903175796,0.0448006794595
33.477,1789944670.36,-0.141100947061,-0.46780539624,-0.0272765714437,-0.11772899086,-0.0659310594446,0.0464289070433
33.497,1789944670.38,-0.153159892991,-0.475495794834,-0.0282329272789,-0.10748201424,-0.072391787827,0.0410337484388
33.517,1789944670.4,-0.165542672455,-0.482795074679,-0.0287031694087,-0.112371780266,-0.0650549416025,0.0427989016664
33.537,1789944670.42,-0.178186393307,-0.489631878751,-0.0292002109484,-0.116882353723,-0.0576298674937,0.0443410116415
33.557,1789944670.44,-0.191073034979,-0.496006628917,-0.0295688794243,-0.127722721355,-0.0440833429305,0.0481660519443
33.577,1789944670.46,-0.204122610812,-0.50184223864,-0.0300820725727,-0.132597521007,-0.0355303852972,0.049776778603
33.597,1789944670.48,-0.217269548712,-0.507080395371,-0.031009216113,-0.119491871537,-0.0430554054725,0.0449439291115
33.617,1789944670.5,-0.230623252393,-0.511881828204,-0.0315247197047,-0.123199153208,-0.0350831885383,0.0466242703777
33.637,1789944670.52,-0.244113948308,-0.516180129117,-0.0320552428691,-0.12656625661,-0.0270314862411,0.0481181818745
33.657,1789944670.54,-0.257722110645,-0.519979592528,-0.032485108509,-0.136910311277,-0.0122120973189,0.0516410606426
33.677,1789944670.56,-0.27136001231,-0.523205966574,-0.0330091816184,-0.140035480445,-0.00364219688195,0.0530894286606
33.697,1789944670.58,-0.28495991168,-0.525808880894,-0.0338414331869,-0.123034393482,-0.0134339841823,0.0487295945358
33.717,1789944670.6,-0.298652919942,-0.527962765633,-0.0344360026467,-0.127549853699,-0.000659380379368,0.0506973006485
33.737,1789944670.62,-0.312331532398,-0.52959948899,-0.0349589300735,-0.129077674483,0.00446053565363,0.0517077938079
33.757,1789944670.64,-0.326005847026,-0.530732197507,-0.0354354843207,-0.14053385208,0.0216245546506,0.0551515928094
33.777,1789944670.66,-0.33956496361,-0.531275578196,-0.0359999012169,-0.141481027909,0.0292001709245,0.0560193696155
33.797,1789944670.68,-0.352953006989,-0.531200286895,-0.0367021577546,-0.121280429367,0.0170650260732,0.052239209417
33.817,1789944670.7,-0.366309754716,-0.530683168007,-0.037291832275,-0.124333935278,0.0293330128634,0.0539112801715
33.837,1789944670.72,-0.379531863529,-0.529666759139,-0.0377914333498,-0.124399083179,0.0346871217825,0.0547535426171
33.857,1789944670.74,-0.392625786265,-0.528168221121,-0.0382832534537,-0.135257434322,0.052722666804,0.0576476577429
33.877,1789944670.76,-0.405477665249,-0.52610716733,-0.0388089035238,-0.134864239205,0.0601223771864,0.0583255263615
33.897,1789944670.78,-0.418030236522,-0.523457218508,-0.0394370663718,-0.112047042805,0.046370641296,0.0550032649804
33.917,1789944670.8,-0.430434870145,-0.520411685637,-0.0399143747111,-0.11436987104,0.0566023119016,0.0564467999576
33.937,1789944670.82,-0.442596236235,-0.516904555913,-0.0403926444028,-0.112769591787,0.063257723576,0.0570793259964
33.957,1789944670.84,-0.454513140347,-0.512967498993,-0.0408565863846,-0.122585393935,0.0824046000767,0.0594307251106
33.977,1789944670.86,-0.466067753638,-0.508527371312,-0.041284323583,-0.121782166059,0.0886219496972,0.0598834776703
33.997,1789944670.88,-0.477207554053,-0.503553611888,-0.0417527604811,-0.0962566481921,0.0720466817655,0.0571651093281
34.017,1789944670.9,-0.488096472451,-0.498249950037,-0.042159752186,-0.0977651787834,0.0816535521656,0.0581942364564
34.037,1789944670.92,-0.498642379397,-0.492555806239,-0.0425476829245,-0.0951115260067,0.0874605125058,0.0586175952839
34.057,1789944670.94,-0.508847509004,-0.486508646311,-0.0429219493086,-0.105471146086,0.10604326587,0.0602695083152
34.077,1789944670.96,-0.518596426899,-0.480026534439,-0.0432683383576,-0.1030038101,0.112142580402,0.0605387332406
34.097,1789944670.98,-0.527836069688,-0.47309152732,-0.0435724116023,-0.0747716740739,0.0928186340178,0.0585229651292
34.117,1789944671,-0.536743197032,-0.46591669964,-0.0438737810675,-0.0755837838846,0.101830329855,0.0591681871484
34.137,1789944671.02,-0.545227541682,-0.458443966063,-0.0441431367365,-0.0720941086419,0.106577822905,0.0594050057044
34.157,1789944671.04,-0.553296716775,-0.450714699687,-0.0444079626098,-0.0825891904009,0.12509104608,0.0603823308469
34.177,1789944671.06,-0.560834384582,-0.442644600629,-0.0446237306573,-0.07947375968,0.130068163143,0.0604679608748
34.197,1789944671.08,-0.567790359469,-0.434216316678,-0.0447690815759,-0.0489349464711,0.107555624844,0.0592260679602
34.217,1789944671.1,-0.574359074414,-0.425656944542,-0.0449331864938,-0.0494110763201,0.115655496396,0.0595092236776
34.237,1789944671.12,-0.580451179409,-0.416906662975,-0.0450645568916,-0.0454177353819,0.119189282929,0.0596054176032
34.257,1789944671.14,-0.586081653051,-0.408010863115,-0.0451829579543,-0.0563569676634,0.137536810442,0.0599391430224
34.277,1789944671.16,-0.59113132145,-0.398879714173,-0.0452523628477,-0.0528942810277,0.141309509796,0.0598971492099
34.297,1789944671.18,-0.595551864625,-0.389494404413,-0.0452636927134,-0.0203356092122,0.115499577342,0.0595241889155
34.317,1789944671.2,-0.599560887261,-0.380098924569,-0.0452691851372,-0.0207698167103,0.122604581279,0.0594981283293
34.337,1789944671.22,-0.603066646623,-0.370627921803,-0.0452540845499,-0.0165622623293,0.124832008246,0.0595110144461
34.357,1789944671.24,-0.606093954588,-0.361130839346,-0.0451978039685,-0.0282576094828,0.142950741313,0.0592473955488
34.377,1789944671.26,-0.608518028179,-0.351509404476,-0.0451168443371,-0.0247348802785,0.145428510105,0.059137676342
34.397,1789944671.28,-0.610291303943,-0.341741630722,-0.0450355617708,0.00956967317534,0.116211777973,0.0597142168285
34.417,1789944671.3,-0.611661406668,-0.332090552214,-0.044872836353,0.00884634301669,0.122298922351,0.0594353483788
34.437,1789944671.32,-0.612529984744,-0.322482053481,-0.0447151134953,0.0128806822346,0.123267618215,0.0594198479994
34.457,1789944671.34,-0.612933567198,-0.312968688313,-0.0444674143643,4.30288930792e-05,0.141227820608,0.0586104985491
34.477,1789944671.36,-0.612738298508,-0.303441209518,-0.044244973362,0.00326631587355,0.142464504456,0.0584881600659
34.497,1789944671.38,-0.611895774063,-0.293872808535,-0.0441268465354,0.0389701603121,0.109885346237,0.0600667656673
34.517,1789944671.4,-0.610689898234,-0.284545950435,-0.0437987978075,0.0376176517761,0.115030503256,0.0595834180903
34.537,1789944671.42,-0.609010947893,-0.275375262385,-0.0435144513549,0.0412342302491,0.114735349802,0.0595851536262
34.557,1789944671.44,-0.606909352803,-0.266415884482,-0.043071096108,0.0269768974599,0.132596403624,0.0582798532352
34.577,1789944671.46,-0.604239082369,-0.257546155313,-0.0427281721461,0.0296419637506,0.132641916152,0.058187498423
34.597,1789944671.48,-0.600949863082,-0.248733679738,-0.0426382687903,0.0663966469263,0.0968411631281,0.0607774566276
34.617,1789944671.5,-0.597366536153,-0.240279166929,-0.0421592394575,0.0640448913171,0.10125793661,0.0601166882126
34.637,1789944671.52,-0.593363523553,-0.232084323155,-0.041774560732,0.0669217648036,0.0998774723145,0.0601573439076
34.657,1789944671.54,-0.589005827977,-0.224205477128,-0.0411435281459,0.0509405547446,0.117839717812,0.0583925603153
34.677,1789944671.56,-0.58413251909,-0.216507628533,-0.0407106880949,0.0527772571869,0.11686272453,0.0583478945504
34.697,1789944671.58,-0.578690194873,-0.208951901267,-0.0407183999724,0.090374998549,0.0779292988144,0.0619198688781
34.717,1789944671.6,-0.57304774954,-0.20185585783,-0.0401127136087,0.0867911873858,0.0818019136458,0.0610918317899
34.737,1789944671.62,-0.567060817573,-0.195107823788,-0.0396622463097,0.0887384613565,0.079485626296,0.0611756471081
34.757,1789944671.64,-0.560808997378,-0.188764327924,-0.0388627832213,0.0708131404889,0.0977815345685,0.0589764013872
34.777,1789944671.66,-0.554115393052,-0.182677123019,-0.0383737514325,0.0714044095695,0.0962157928214,0.0589500263061
34.797,1789944671.68,-0.546920364865,-0.176798363175,-0.0385479334148,0.109721152626,0.0542372088468,0.0634420462626
34.817,1789944671.7,-0.539637881489,-0.17146141102,-0.0378491933225,0.104811197194,0.0577156973769,0.0624494054032
34.837,1789944671.72,-0.532104542197,-0.166542043276,-0.037370206458,0.105594788443,0.0547670662853,0.0625479840715
34.857,1789944671.74,-0.524412330441,-0.162095415912,-0.0364293388508,0.0854988739587,0.0737557970939,0.059919311228
34.877,1789944671.76,-0.516367254494,-0.157959304692,-0.0359243007332,0.0847652042517,0.0717879649093,0.0598904202161
34.897,1789944671.78,-0.507903963691,-0.154077225114,-0.0363231194318,0.12359535476,0.0270178544403,0.065191170858
34.917,1789944671.8,-0.499478151644,-0.150796658969,-0.0355665948525,0.117144911184,0.0304863179368,0.064002998061
34.937,1789944671.82,-0.490907616387,-0.147980453584,-0.0350941664514,0.116517962577,0.0273280684577,0.0640601905506
34.957,1789944671.84,-0.482293249868,-0.145681215564,-0.0340436772584,0.0940853566976,0.0474202346289,0.0609958602869
34.977,1789944671.86,-0.473423770168,-0.143721840271,-0.0335631638717,0.0920485606946,0.0452254814141,0.060939357541
34.997,1789944671.88,-0.464229280144,-0.142037686421,-0.0342307865363,0.131333043644,-0.00216363794191,0.0669238346456
35.017,1789944671.9,-0.455201967529,-0.140990465965,-0.0334524734834,0.123272661523,0.00162447104498,0.0655089950254
35.037,1789944671.92,-0.446141800276,-0.140429252204,-0.0330376550009,0.120998885597,-0.0012629986118,0.0655166776447
35.057,1789944671.94,-0.43715566408,-0.140402741004,-0.0318858448027,0.0972549739433,0.0192251507393,0.0620104758827
35.077,1789944671.96,-0.428020999949,-0.140725682579,-0.0314804479602,0.0932635102231,0.0177540448874,0.0618911178077
35.097,1789944671.98,-0.418660203836,-0.141319628987,-0.032437861982,0.132693105143,-0.0317479890105,0.0683993809289
35.117,1789944672,-0.409599277046,-0.142565075614,-0.0315955370948,0.12076611089,-0.0251264311181,0.0663825997004
35.137,1789944672.02,-0.400593167422,-0.144272296366,-0.031356638641,0.120469970818,-0.0313699912403,0.0667950171845
35.157,1789944672.04,-0.391802582853,-0.146527990596,-0.0300829173738,0.0905057171154,-0.0047578956915,0.0623746789698
35.177,1789944672.06,-0.382936485337,-0.149087155546,-0.0298318269961,0.0881045094418,-0.00790436795737,0.0625729913896
35.197,1789944672.08,-0.373935131489,-0.151888051507,-0.0311806207226,0.13108948875,-0.0640107089585,0.069927574887
35.217,1789944672.1,-0.365386286704,-0.155354692339,-0.0302560119293,0.114515626565,-0.054161549165,0.0672010560674
35.237,1789944672.12,-0.357000743797,-0.159248475171,-0.0301159118794,0.111782242066,-0.0567738709675,0.0673045965768
35.257,1789944672.14,-0.34892368284,-0.163656199939,-0.0288556138451,0.0806953793226,-0.0291769107139,0.0626094814372
35.277,1789944672.16,-0.342278983719,-0.169373423013,-0.0135221191782,-0.35273016517,0.451665247179,0.0492862374009
35.297,1789944672.18,-0.333177268225,-0.173233278762,-0.00550099043258,-0.563836623538,0.681690109813,0.0389360560621
35.317,1789944672.2,-0.320627266333,-0.174294839175,-0.00377160344452,-0.533081749175,0.63929986264,0.0321111678614
35.337,1789944672.22,-0.304750230627,-0.172688204827,-0.0195293524691,-0.356658912045,0.452925013105,0.0103306194623
35.357,1789944672.24,-0.287463803905,-0.169903378527,-0.0253628419212,-0.210276065358,0.289306497099,-0.00119329269281
35.377,1789944672.26,-0.269548751255,-0.166535490287,-0.0245681048655,-0.127459971417,0.282312199272,-0.00238956110963
35.397,1789944672.28,-0.250576211025,-0.162780646299,-0.0212203280917,-0.0819678675847,0.258586792599,-0.00290929853504
35.417,1789944672.3,-0.2307279298,-0.158732241998,-0.0189101471154,-0.0611488775393,0.332341701107,-0.00214591083988
35.437,1789944672.32,-0.209627815035,-0.154466853846,-0.0166100038625,-0.0537325503051,0.42975985013,-0.00135785624412
35.457,1789944672.34,-0.186648297838,-0.150035385057,-0.0119637953857,-0.0523822781672,0.401370026279,-0.00224600761162
35.477,1789944672.36,-0.16211017703,-0.145392380577,-0.00767306387704,-0.0532749977047,0.400631183179,-0.00294496064299
35.497,1789944672.38,-0.135889949966,-0.140547819461,-0.00248534168438,-0.0541533343493,0.338029015394,-0.00421901610679
35.517,1789944672.4,-0.108455101796,-0.135474406025,0.00205739181341,-0.0543649045273,0.358980533141,-0.00470242995557
35.537,1789944672.42,-0.0796551934963,-0.130180960636,0.00669120387107,-0.0536122335727,0.408600484586,-0.00492994912845
35.557,1789944672.44,-0.0490227961276,-0.124681879703,0.0123494291377,-0.0518301258241,0.345344221092,-0.00597309772974
35.577,1789944672.46,-0.0170591242883,-0.118970652494,0.0180138158662,-0.0493988043144,0.320051531106,-0.00674312600255
35.597,1789944672.48,0.0162829438075,-0.113056447902,0.0236542373584,-0.0464810456652,0.24309456708,-0.00767340691617
35.617,1789944672.5,0.0504672549452,-0.106953468,0.0294921113887,-0.0433337858285,0.254854066572,-0.00809348486402
35.637,1789944672.52,0.0856237755891,-0.100673402708,0.0354984994678,-0.0400349091846,0.298791812523,-0.00832887741528
35.657,1789944672.54,0.122191122016,-0.0942199739846,0.0407395767437,-0.0366245330785,0.234313728264,-0.00884732429476
35.677,1789944672.56,0.15967041846,-0.0876181937256,0.0463777457324,-0.0331774658635,0.208646244658,-0.00924299531934
35.697,1789944672.58,0.1980771398,-0.080868550166,0.0508738068073,-0.0297275379416,0.132668160983,-0.00955866479924
35.717,1789944672.6,0.236928656995,-0.0740040480252,0.0566000220644,-0.0262583400358,0.144234971858,-0.00973479091971
35.737,1789944672.62,0.276336500201,-0.0670299349944,0.062621170804,-0.0227698043871,0.187432637632,-0.00985353255713
35.757,1789944672.64,0.316647795182,-0.059940777702,0.0658626422577,-0.0193280075597,0.123855741495,-0.00978770808427
35.777,1789944672.66,0.357461936375,-0.0527750013115,0.0700286941162,-0.0158750646771,0.0988442423022,-0.0097654169801
35.797,1789944672.68,0.398699174673,-0.0455305278415,0.071904487089,-0.0124555158977,0.0240085791507,-0.00946077003329
35.817,1789944672.7,0.440026033816,-0.0382426394616,0.0762417483587,-0.00898204259045,0.0357806183601,-0.00937877947254
35.837,1789944672.72,0.481497358895,-0.0309148804651,0.0811064263802,-0.00547493148667,0.0789419413839,-0.00937274606417
35.857,1789944672.74,0.523275646331,-0.023547292594,0.0811214578215,-0.00205275142007,0.0163050658242,-0.00876824660034
35.877,1789944672.76,0.565173860286,-0.0161731383258,0.0827213470523,0.00137268904358,-0.00798880120769,-0.00837029630224
35.897,1789944672.78,0.606943665503,-0.0087998604358,0.080956383226,0.00475602861519,-0.081839696407,-0.0075227395627
35.917,1789944672.8,0.648506902932,-0.00144681251598,0.0830456860217,0.00818851941463,-0.0692529908172,-0.00723700544061
35.937,1789944672.82,0.689821326443,0.00587721475282,0.0860277965332,0.0116457762284,-0.0249923675755,-0.00716085790763
35.957,1789944672.84,0.730772078985,0.0131502240371,0.0821644705539,0.0150127561223,-0.0865000463127,-0.00612952598371
35.977,1789944672.86,0.77150384896,0.0203650018751,0.0806463009225,0.0183510177009,-0.109930789436,-0.00545307206886
35.997,1789944672.88,0.811534759386,0.0274926954489,0.0748388312514,0.0216493992938,-0.183004227139,-0.00419526013381
36.017,1789944672.9,0.851137778965,0.0345481037057,0.0743760777051,0.0249492688889,-0.169140178369,-0.00380348035997
36.037,1789944672.92,0.890133986155,0.0415102519314,0.0752540382042,0.0282421287445,-0.123488864281,-0.00374228777391
36.057,1789944672.94,0.92805509326,0.0483204672117,0.0675006543547,0.0314726918534,-0.18403795012,-0.00243542095996
36.077,1789944672.96,0.965475556205,0.0550169049638,0.0629736464326,0.0346230750538,-0.205775190823,-0.00161933271777
36.097,1789944672.98,1.00163333416,0.0615396568271,0.0534124240738,0.0377438211813,-0.277702516042,-0.000124899317851
36.117,1789944673,1.03722047255,0.0679521700428,0.0506876871447,0.0407782318784,-0.261818649874,0.000249115100909
36.137,1789944673.02,1.07189553989,0.0742156970486,0.0498359586878,0.0437508686075,-0.213733047334,0.000186981142091
36.157,1789944673.04,1.10479643586,0.0802248756486,0.038840517374,0.0467135125696,-0.273041391069,0.00159019400883
36.177,1789944673.06,1.13698391198,0.0860773272381,0.0319729906349,0.0498330389944,-0.292144163988,0.00239440900142
36.197,1789944673.08,1.16740158745,0.0916740437848,0.0195274492086,0.0523236165465,-0.363456884934,0.00393704948306
36.217,1789944673.1,1.19719730828,0.0971410596104,0.0155461494375,0.0559190022488,-0.340371037468,0.0039607842004
36.237,1789944673.12,1.22581849696,0.10240313252,0.0135810093753,0.0569101167167,-0.293148272434,0.00394810199852
36.257,1789944673.14,1.25199202954,0.107313464327,-6.08809307745e-05,0.0558646510155,-0.360725992623,0.00609319374487
36.277,1789944673.16,1.27738075551,0.112076462174,-0.0076083493804,0.0616184817917,-0.36862390329,0.00596486574631
36.297,1789944673.18,1.30048185577,0.116494923249,-0.021874680389,0.0535834407801,-0.437980092052,0.00853831725303
36.317,1789944673.2,1.32302898593,0.120859485278,-0.025754011069,0.0682457342414,-0.407856324591,0.00680526182479
36.337,1789944673.22,1.34419617837,0.124961437456,-0.0273544964825,0.0708499688463,-0.353843050725,0.00620169397344
36.357,1789944673.24,1.36237720936,0.128619097245,-0.0417853189784,0.0736069743594,-0.415981335921,0.00723642995322
36.377,1789944673.26,1.37979698206,0.132075630989,-0.0490131675548,0.0739843412427,-0.425168552031,0.00772708689795
36.397,1789944673.28,1.3945402948,0.135138882194,-0.0636644333612,0.0754075120652,-0.495802134154,0.00889138777133
36.417,1789944673.3,1.4088684175,0.138074535641,-0.0660567613027,0.075869199951,-0.459177665015,0.00847218202054
36.437,1789944673.32,1.42163032441,0.140746166497,-0.0662327781566,0.0757498781151,-0.398666628485,0.00771726438729
36.457,1789944673.34,1.43106873104,0.142931430427,-0.0796965904092,0.0768392303141,-0.456414984633,0.00848680307544
36.477,1789944673.36,1.43974690205,0.144930066353,-0.0853159757411,0.0773293413917,-0.459576914295,0.00844974340302
36.497,1789944673.38,1.44558637919,0.146515076675,-0.0983643035085,0.0779399393419,-0.526221588559,0.00925019343404
36.517,1789944673.4,1.45106772341,0.147990780666,-0.0985012723052,0.0779837611905,-0.484043104243,0.0084478300559
36.537,1789944673.42,1.45493118616,0.149201133279,-0.0962076343639,0.0777770272871,-0.41737419136,0.00725224364281
36.557,1789944673.44,1.45534795879,0.149904453492,-0.107301015014,0.0778958064664,-0.470606372688,0.00764837833131
36.577,1789944673.46,1.45503132348,0.150430261163,-0.110247394777,0.0776287738212,-0.468486858992,0.00727218138293
36.597,1789944673.48,1.45186995794,0.15054174458,-0.120476097636,0.0774634815377,-0.529826029868,0.00763291169645
36.617,1789944673.5,1.44838830079,0.150554975788,-0.117597241775,0.0766682992768,-0.48193092294,0.00658854227852
36.637,1789944673.52,1.44331056209,0.150309238203,-0.112201706985,0.0760242008004,-0.408984628082,0.00511877126455
36.657,1789944673.54,1.43487703216,0.149563643608,-0.11996732249,0.0748512436301,-0.456949623384,0.00522819036792
36.677,1789944673.56,1.42575097697,0.148652016858,-0.119640195884,0.0736547305099,-0.449490154833,0.00463954400814
36.697,1789944673.58,1.41512914401,0.147485550923,-0.117304913813,0.0733515465963,-0.439908352317,0.0044206425762
36.717,1789944673.6,1.40358856082,0.14612851083,-0.108489402092,0.0720816749468,-0.365813747124,0.00325088972657
36.737,1789944673.62,1.3904034418,0.144467319202,-0.100987390336,0.0704198478318,-0.301474635233,0.0020740783752
36.757,1789944673.64,1.37440129188,0.142340713893,-0.106326439111,0.0689519478042,-0.352770046716,0.00195932712917
36.777,1789944673.66,1.35801510692,0.140057123009,-0.103932932827,0.0669832934427,-0.3470322975,0.00132656284777
36.797,1789944673.68,1.33932817226,0.137401449382,-0.109305671186,0.065208249235,-0.424515623619,0.00137165802119
36.817,1789944673.7,1.31960101678,0.134557177639,-0.109770163274,0.0613175886951,-0.463270673351,0.000579629075423
36.837,1789944673.72,1.29896820757,0.131581249586,-0.102270655931,0.0581379647939,-0.419199161028,-0.000550284537544
36.857,1789944673.74,1.27632948521,0.12833872361,-0.0976385956886,0.0575132581364,-0.403401526316,-0.000833695178295
36.877,1789944673.76,1.25249861419,0.124912395797,-0.0892845273111,0.0557632405444,-0.346287335396,-0.00166965106177
36.897,1789944673.78,1.22631345094,0.121150649848,-0.089785686493,0.0539441905895,-0.377498848674,-0.00218777054877
36.917,1789944673.8,1.19983218245,0.117305919723,-0.0793596770234,0.0514194851778,-0.308678576204,-0.00312502687697
36.937,1789944673.82,1.17222119211,0.113263814296,-0.0677412690681,0.0485769659337,-0.236400854066,-0.00396787512609
36.957,1789944673.84,1.14258706357,0.108902819658,-0.0666691983991,0.0459204507903,-0.269946730678,-0.00443872721976
36.977,1789944673.86,1.11256583358,0.104429612045,-0.0588724125006,0.0429348539863,-0.243259748006,-0.00499049976685
36.997,1789944673.88,1.08097790697,0.0997142415839,-0.0575819829927,0.0402012237894,-0.296989546413,-0.00533140347327
37.017,1789944673.9,1.04910470212,0.0949316077883,-0.0464594462812,0.0370911816117,-0.244983891208,-0.00576376252172
37.037,1789944673.92,1.01629754194,0.0900015216476,-0.0342357372211,0.0339599639925,-0.180747497386,-0.00611531946274
37.057,1789944673.94,0.981961724955,0.0848442778176,-0.0313125862461,0.0311617758492,-0.213696819596,-0.00649460855491
37.077,1789944673.96,0.94722431324,0.0796046097631,-0.0227197352896,0.0282018624161,-0.18278571791,-0.00677462196156
37.097,1789944673.98,0.911327191112,0.0742014292618,-0.0198713364282,0.0255303354315,-0.228167959767,-0.00711769637064
37.117,1789944674,0.87507583369,0.0687480396679,-0.00891388765003,0.022561204357,-0.169419438853,-0.00719666112896
37.137,1789944674.02,0.838126406226,0.0631973182158,0.00272060175364,0.0195716722509,-0.0989873024942,-0.00714089314962
37.157,1789944674.04,0.800247901292,0.0575091320525,0.00636276033761,0.0168554547383,-0.125300056517,-0.00741953515394
37.177,1789944674.06,0.76210767547,0.0517709991567,0.0144030059621,0.0139758517336,-0.0911989522335,-0.00737885259719
37.197,1789944674.08,0.723342473293,0.0459459901754,0.0175734427445,0.0113291818618,-0.133432454634,-0.00762971678071
37.217,1789944674.1,0.684309483967,0.0400952863959,0.027014350863,0.00840235100742,-0.0748067721137,-0.00728538385535
37.237,1789944674.12,0.644915017816,0.034200764834,0.036681981464,0.00545002574963,-0.00594755281047,-0.00677596386683
37.257,1789944674.14,0.605215554735,0.0282545372846,0.0398391002116,0.00275153263264,-0.0327741747416,-0.00690287448225
37.277,1789944674.16,0.565461146984,0.0222989747516,0.0461508388769,-8.98285794427e-05,-0.000453238289225,-0.00654002384647
37.297,1789944674.18,0.52559412424,0.0163302914337,0.0485605562465,-0.0026996421684,-0.0433799131439,-0.00670053397799
37.317,1789944674.2,0.485600189034,0.0103719411639,0.0553780388934,-0.00555757254168,0.0128647732926,-0.00599748837765
37.337,1789944674.22,0.445585563723,0.00442799334409,0.0620954683229,-0.00772557629042,0.0786488418006,-0.00519401745712
37.357,1789944674.24,0.405809373317,-0.00149430127606,0.0638857614914,-0.0107465550653,0.0515508613212,-0.00518034855885
37.377,1789944674.26,0.366215159336,-0.00737862978566,0.067835800383,-0.0138752125841,0.085902449807,-0.00451116738492
37.397,1789944674.28,0.326971300331,-0.0132085775834,0.0685786367499,-0.0177073754963,0.0378590352319,-0.00475599385286
37.417,1789944674.3,0.287787919094,-0.0189726694597,0.0722462737806,-0.0191523788755,0.0950892918072,-0.00371545652341
37.437,1789944674.32,0.248925410437,-0.0246672533283,0.0755800989647,-0.0219829502643,0.16228026581,-0.00254048987543
37.457,1789944674.34,0.210790702561,-0.0302671494638,0.0754592499549,-0.0240570482221,0.129054976474,-0.00260731112011
37.477,1789944674.36,0.173082870547,-0.0357776168461,0.0765726182968,-0.0264739690482,0.164646739415,-0.00180376068737
37.497,1789944674.38,0.136136497517,-0.0411760346545,0.0756867471088,-0.0284506116016,0.113794724842,-0.00206731597609
37.517,1789944674.4,0.0994779492258,-0.04646959856,0.0762030845353,-0.0311098357426,0.176237119615,-0.000849490218646
37.537,1789944674.42,0.0635002177638,-0.0516373247108,0.0760250350282,-0.0335981230594,0.236950290079,0.000372425187159
37.557,1789944674.44,0.0286237875106,-0.0566633092963,0.0742870635817,-0.0357700647226,0.202966950201,0.000252268545058
37.577,1789944674.46,-0.00554594372287,-0.0615483250654,0.0727040974301,-0.0380951983979,0.235979648738,0.00107859486975
37.597,1789944674.48,-0.0386311066968,-0.0662768832325,0.0704318084632,-0.0400403643868,0.18334902025,0.000712514297511
37.617,1789944674.5,-0.0711612744954,-0.0708454266558,0.0679857115169,-0.0423090584231,0.243633906789,0.00193940654203
37.637,1789944674.52,-0.102720395814,-0.0752414716771,0.0649979680014,-0.0444907488364,0.302160147146,0.00315150146495
37.657,1789944674.54,-0.132904849906,-0.0794599198895,0.0620436589874,-0.0462147070483,0.266431697811,0.00291125032834
37.677,1789944674.56,-0.162117369431,-0.0834890027339,0.0583915058798,-0.0481064686814,0.297268886379,0.00366007145968
37.697,1789944674.58,-0.190010284282,-0.087330444227,0.0552445970567,-0.0495525495405,0.242720070792,0.00313165018434
37.717,1789944674.6,-0.217082366601,-0.0909624979783,0.0506524921939,-0.051367134107,0.300634633443,0.00425907351317
37.737,1789944674.62,-0.242949919704,-0.0943868416039,0.0457261891277,-0.0530817478881,0.356394698289,0.00533870860788
37.757,1789944674.64,-0.267264026219,-0.097613414933,0.0422304614841,-0.0542765897524,0.318151902494,0.00492585891542
37.777,1789944674.66,-0.290376377344,-0.100611869074,0.0373959490001,-0.0556614277083,0.346085847504,0.00550107223309
37.797,1789944674.68,-0.312017142675,-0.103405099657,0.0340924214848,-0.056541843789,0.288789863335,0.00477583837197
37.817,1789944674.7,-0.332609536553,-0.10595001057,0.0283891439329,-0.0578291915068,0.343277835848,0.00569227668972
37.837,1789944674.72,-0.351836841689,-0.108264752965,0.0225810541036,-0.058995763145,0.395505843256,0.0065390477171
37.857,1789944674.74,-0.369419405589,-0.110374060221,0.0193330530553,-0.0595806246237,0.354066956708,0.00592726389164
37.877,1789944674.76,-0.38563463869,-0.112229125751,0.0143135675728,-0.0603640240268,0.378244874679,0.00626061597162
37.897,1789944674.78,-0.400305929371,-0.113872656014,0.0116209133286,-0.0605898593397,0.317644084248,0.00533970523058
37.917,1789944674.8,-0.413774149971,-0.115243430379,0.00588943117417,-0.0612487920232,0.367910962788,0.00597573228455
37.937,1789944674.82,-0.425797688813,-0.116374509758,0.000262358356977,-0.0617713272788,0.416019149207,0.00653357070036
37.957,1789944674.84,-0.43616022381,-0.117302227264,-0.00200022094441,-0.0616748206955,0.371080277249,0.00574117906491
37.977,1789944674.86,-0.44507322314,-0.117964582446,-0.00627610835586,-0.061784537898,0.390884687578,0.00581321931992
37.997,1789944674.88,-0.452439848714,-0.118418416264,-0.00770805039942,-0.061312380897,0.326801049828,0.00474422889062
38.017,1789944674.9,-0.458542082907,-0.118592222222,-0.0125208550731,-0.0612929511692,0.372222049814,0.00508302262243
38.037,1789944674.92,-0.463201022276,-0.118529525749,-0.0170555652696,-0.0611342134431,0.415214023436,0.00534136346526
38.057,1789944674.94,-0.466246086173,-0.118272613117,-0.0178002387982,-0.0603567346284,0.366673936235,0.00443071720954
38.077,1789944674.96,-0.467854243142,-0.117754588429,-0.0206590822575,-0.0597969568825,0.382294440363,0.00428033121313
38.097,1789944674.98,-0.467974595637,-0.117038627496,-0.02045079659,-0.0586628670725,0.315225213456,0.00315664254979
38.117,1789944675,-0.466870078606,-0.116052814986,-0.0236983410176,-0.0579912683946,0.355820386076,0.003238444118
38.137,1789944675.02,-0.464398336375,-0.114844807361,-0.0265736240055,-0.057191915274,0.393940563137,0.00325048140936
38.157,1789944675.04,-0.46040690876,-0.113457065153,-0.0256022550356,-0.0558051345874,0.342350684227,0.00232302357111
38.177,1789944675.06,-0.455078145358,-0.111827140045,-0.0266968196882,-0.0546432034166,0.353560337914,0.00202100061223
38.197,1789944675.08,-0.448370324637,-0.110015828205,-0.0248117641436,-0.0529440082021,0.28401030954,0.000957371826903
38.217,1789944675.1,-0.440571774433,-0.107960446545,-0.0262355711578,-0.0517073274326,0.320081986085,0.000859601823683
38.237,1789944675.12,-0.431547624193,-0.105706727423,-0.0272684922543,-0.0503640123025,0.353582419801,0.000708601962479
38.257,1789944675.14,-0.421140873815,-0.103291233931,-0.0246815297116,-0.0464027070394,0.29766442666,-0.000172963545238
38.277,1789944675.16,-0.40958262904,-0.100677713595,-0.0241544499952,-0.0472823816512,0.307675059928,-0.000464505387083
38.297,1789944675.18,-0.396798670982,-0.0979003083143,-0.0207324470637,-0.0446062673184,0.231468628454,-0.00141193635523
38.317,1789944675.2,-0.383154705968,-0.0949165151508,-0.0206632634987,-0.0444072341566,0.269941071273,-0.00149401124048
38.337,1789944675.22,-0.368471081616,-0.0917594267911,-0.02001914216,-0.0416424654936,0.299509750751,-0.00177633042704
38.357,1789944675.24,-0.352572954831,-0.0884668174745,-0.0163022326337,-0.0394071618889,0.240793576026,-0.00241759427981
38.377,1789944675.26,-0.335762604064,-0.0849994865466,-0.0145358951106,-0.0371561047007,0.250216554957,-0.00270856736227
38.397,1789944675.28,-0.317904772794,-0.081403313268,-0.0104028043476,-0.0345880481416,0.172556513853,-0.0033436681189
38.417,1789944675.3,-0.299456573036,-0.0776464285497,-0.00906819131174,-0.0325607752444,0.209364641305,-0.00349725057747
38.437,1789944675.32,-0.280187506363,-0.0737633198781,-0.00726256846516,-0.0304891011821,0.233561244842,-0.0037113719346
38.457,1789944675.34,-0.259914295052,-0.0697733282835,-0.00324392058493,-0.0280439537554,0.174461418626,-0.00407325444791
38.477,1789944675.36,-0.23900999286,-0.0656594278796,-0.000759537468926,-0.0258897778953,0.18121606162,-0.00427356154212
38.497,1789944675.38,-0.217287271339,-0.0614500427477,0.00329878818905,-0.0233348911488,0.104210675279,-0.00456757852022
38.517,1789944675.4,-0.195278827634,-0.0571338135029,0.00532514849741,-0.0212634555818,0.138521167158,-0.00469401593106
38.537,1789944675.42,-0.172714076984,-0.0527327376369,0.00761612599824,-0.0191094388827,0.160599030807,-0.0048385983094
38.557,1789944675.44,-0.149392476876,-0.0482592906651,0.0111643370929,-0.0165861531943,0.102369953963,-0.00489341443322
38.577,1789944675.46,-0.12574234623,-0.0437125954618,0.0136795648418,-0.0143182986915,0.10810786367,-0.00496623361391
38.597,1789944675.48,-0.101535006811,-0.0391087516506,0.0169037000882,-0.0116788957129,0.0328361605067,-0.00490943341213
38.617,1789944675.5,-0.0773483046839,-0.0344521352812,0.0189847932309,-0.0094983292114,0.0652826191987,-0.00497985209294
38.637,1789944675.52,-0.0528867217952,-0.0297556284356,0.0211159014047,-0.00726125847912,0.0861385360624,-0.00503630458931
38.657,1789944675.54,-0.0279450633032,-0.0250280667352,0.0235168996657,-0.00469708386507,0.0292857684873,-0.00480202102473
38.677,1789944675.56,-0.00297478199883,-0.0202786657488,0.0254569521552,-0.00240267311524,0.0345413062014,-0.0047511945173
38.697,1789944675.58,0.0222657468843,-0.0155166336135,0.0272458344303,0.000219272698959,-0.0386390145595,-0.00438194502676
38.717,1789944675.6,0.0471952074025,-0.0107537601173,0.0288462540975,0.00237655923652,-0.00720491313334,-0.00440265426366
38.737,1789944675.62,0.0721133313429,-0.00599810553089,0.0303156659924,0.00456511560041,0.0128020720215,-0.00438413667122
38.757,1789944675.64,0.097211619206,-0.00125794950323,0.0311138793093,0.00705557252631,-0.0423271186514,-0.00391348544461
38.777,1789944675.66,0.122055895745,0.00345532139765,0.0320630691317,0.0092624796864,-0.0373866822389,-0.00376773870697
38.797,1789944675.68,0.14686595609,0.00813316511356,0.0320743709106,0.0117747017494,-0.108196046783,-0.00315450737078
38.817,1789944675.7,0.171103799138,0.0127654866456,0.0328638706071,0.0138107684656,-0.0776161857828,-0.00314966576304
38.837,1789944675.72,0.195044877872,0.0173441334263,0.0333948342345,0.0158585593044,-0.0575262141009,-0.00309200602987
38.857,1789944675.74,0.218855358247,0.0218584327865,0.0324238859156,0.0181998926189,-0.110362522339,-0.00246218330701
38.877,1789944675.76,0.242156646936,0.0263023772716,0.0322216832653,0.0202363913601,-0.104809460121,-0.0022718519174
38.897,1789944675.78,0.26512077884,0.0306623744658,0.0304197070944,0.0225682734357,-0.1726981551,-0.00150575729598
38.917,1789944675.8,0.287292396807,0.0349379135507,0.030322653923,0.0243957072912,-0.14198691917,-0.00151837046081
38.937,1789944675.82,0.308904840517,0.0391164446481,0.0298924289935,0.0262180288988,-0.121609129403,-0.001466989412
38.957,1789944675.84,0.330087297876,0.0431828933065,0.0272915370981,0.028329586946,-0.17185191905,-0.000768057276119
38.977,1789944675.86,0.350544624084,0.0471424600118,0.0260503872854,0.0301056400902,-0.165198069793,-0.000592247358712
38.997,1789944675.88,0.370383443048,0.0509726069179,0.0227022547331,0.0321726909549,-0.229817602432,0.000226589474743
39.017,1789944675.9,0.389255123708,0.0546876659883,0.0218829962948,0.0336963596754,-0.198665892633,0.000153479491622
39.037,1789944675.92,0.407337459372,0.0582679924494,0.0207172711151,0.0351968619517,-0.177411838725,0.000148551451667
39.057,1789944675.94,0.424722069866,0.0616934761792,0.0168963650926,0.0369849880649,-0.224581688151,0.000824997917805
39.077,1789944675.96,0.44120990388,0.0649835835808,0.0149529637717,0.038404758849,-0.216416786812,0.000931043754445
39.097,1789944675.98,0.456838281702,0.0681055157596,0.0105676480967,0.0401140525081,-0.277265268009,0.00170602406838
39.117,1789944676,0.471370144992,0.0710902081934,0.00938417741391,0.0412388249719,-0.245137139369,0.0015346370322
39.137,1789944676.02,0.484927528912,0.0739102828207,0.00788838255139,0.0423244144309,-0.22242506088,0.00143180514664
39.157,1789944676.04,0.497571352518,0.0765413519389,0.00344414120845,0.0436962413449,-0.265922398104,0.00200511761038
39.177,1789944676.06,0.50919418945,0.0790170204321,0.00128164299551,0.044671614634,-0.255828083963,0.00199919542658
39.197,1789944676.08,0.519775387541,0.081295614467,-0.00348621596474,0.0459354296226,-0.312333944919,0.00264979243103
39.217,1789944676.1,0.529174991585,0.0834228603586,-0.0045726518707,0.0465809575675,-0.278773966449,0.00235897532016
39.237,1789944676.12,0.537470192475,0.0853649710858,-0.00591722458507,0.0471767030922,-0.25433156117,0.002137486173
39.257,1789944676.14,0.54469551294,0.0870929767761,-0.0105032571546,0.0470100144147,-0.297198266296,0.00270919581918
39.277,1789944676.16,0.550820308172,0.0886643516092,-0.01216052617,0.0485186515354,-0.281083473043,0.00241191468298
39.297,1789944676.18,0.555784135875,0.0900143553841,-0.0167440158797,0.0456503030878,-0.334222882226,0.00301184267755
39.317,1789944676.2,0.559525587477,0.0912333397936,-0.0171329252849,0.0500022855736,-0.295319605099,0.00249173094069
39.337,1789944676.22,0.562100130136,0.0922435660977,-0.0178914826778,0.0491583345807,-0.269479030245,0.00216578104791
39.357,1789944676.24,0.563539715014,0.0930355108249,-0.0217937511666,0.0509260932251,-0.3064779535,0.00231234129164
39.377,1789944676.26,0.563864715297,0.0936529173594,-0.0226683469105,0.0502622040609,-0.288772819798,0.00208045101551
39.397,1789944676.28,0.5629960765,0.0940476613488,-0.0264464713644,0.0511009552959,-0.339040783548,0.00232596038344
39.417,1789944676.3,0.56090629946,0.0942818377939,-0.0258014599055,0.0501098826298,-0.296638806243,0.00183302962637
39.437,1789944676.32,0.557643435074,0.0943159280589,-0.0256536261737,0.0498114783184,-0.269676015783,0.00139681624921
39.457,1789944676.34,0.553257946944,0.0941268345472,-0.0283834720929,0.0493612662861,-0.302130917935,0.00149006828954
39.477,1789944676.36,0.547770147459,0.0937717191979,-0.0282192437249,0.0485771855623,-0.281714092978,0.00112648727401
39.497,1789944676.38,0.541135039401,0.0932016125573,-0.0306903667848,0.0480912851993,-0.326901622087,0.00127657605926
39.517,1789944676.4,0.53330781172,0.0924813935522,-0.0290296572493,0.0469419635411,-0.283165871106,0.000729974397794
39.537,1789944676.42,0.524364790821,0.091573132279,-0.0277896133133,0.0459441843487,-0.254449827038,0.000294169659064
39.557,1789944676.44,0.514379030406,0.0904608923042,-0.0291422602686,0.0452068896774,-0.281885056995,0.000237289622025
39.577,1789944676.46,0.503349570562,0.089194932089,-0.0278786244791,0.0441171323971,-0.259654749658,-0.000154964871056
39.597,1789944676.48,0.491282219956,0.0877354021771,-0.0289216558402,0.0433549868457,-0.299239283265,-0.00015563696181
39.617,1789944676.5,0.47809215526,0.0861371105224,-0.0263235430351,0.0419933222088,-0.254832144322,-0.000670297672445
39.637,1789944676.52,0.463897899505,0.0843696770784,-0.0241241854963,0.040653475941,-0.225079472575,-0.0010735961891
39.657,1789944676.54,0.448802682905,0.0824236637321,-0.0241290661077,0.039566725315,-0.247926917284,-0.00121493224997
39.677,1789944676.56,0.432762933743,0.0803398037006,-0.0219206137949,0.0381179860352,-0.223958066323,-0.00156906550557
39.697,1789944676.58,0.415849980762,0.0780902970471,-0.0216490668122,0.0369641576871,-0.258242402185,-0.00165136343277
39.717,1789944676.6,0.397923540362,0.0757174308821,-0.0184090024897,0.0352576989117,-0.213893612692,-0.00205417081433
39.737,1789944676.62,0.379152773084,0.0732015698312,-0.0155533346611,0.0335803007836,-0.183556008625,-0.00236462288884
39.757,1789944676.64,0.359670260958,0.0705398397046,-0.0144742679827,0.0321443952841,-0.202431537792,-0.00252335098634
39.777,1789944676.66,0.339383564387,0.0677622947229,-0.0117040775031,0.0303988584435,-0.177772538293,-0.00277913148256
39.797,1789944676.68,0.318427537322,0.0648540516136,-0.0104563039212,0.0289385489206,-0.207492611893,-0.00288320015992
39.817,1789944676.7,0.296606697078,0.0618441941152,-0.00702718088338,0.0270007709838,-0.164103492329,-0.00312639979783
39.837,1789944676.72,0.274136786885,0.0587238730018,-0.00397015045018,0.0251093764527,-0.13390775342,-0.00330123358417
39.857,1789944676.74,0.251172079489,0.0554957397598,-0.00223814660042,0.0234528484567,-0.149450068446,-0.00342776424043
39.877,1789944676.76,0.227579096096,0.0521797047403,0.000611075310501,0.021535853607,-0.124722890427,-0.00354974296711
39.897,1789944676.78,0.203542492307,0.0487720656131,0.00236714815562,0.0198894309582,-0.150458645885,-0.00363129538943
39.917,1789944676.8,0.178828072495,0.0452905144152,0.0054747879635,0.0178315983889,-0.108702512295,-0.00369323668766
39.937,1789944676.82,0.153684022875,0.0417352384479,0.00823177676536,0.0158285680421,-0.0791296291373,-0.00371278330346
39.957,1789944676.84,0.12827575259,0.038112733922,0.0101177663031,0.0140507474135,-0.091933056625,-0.00377504239462
39.977,1789944676.86,0.102447071421,0.034435141309,0.0125454735237,0.0120544449062,-0.0679520212849,-0.00375096647351
39.997,1789944676.88,0.0764079391127,0.0307067238153,0.0143107794951,0.0103125733405,-0.0903570300636,-0.00378335999541
40.017,1789944676.9,0.0499113863594,0.0269373994553,0.016627879737,0.00821713063954,-0.0508430997119,-0.00366837456164
40.037,1789944676.92,0.0232174468733,0.0231334092262,0.01862666604,0.00618533406077,-0.0227879255779,-0.00353814771885
40.057,1789944676.94,-0.00351268118772,0.0193031570361,0.0202006187232,0.00437028728592,-0.0334325189095,-0.00352529652468
40.077,1789944676.96,-0.0304351579373,0.0154543330839,0.021797985854,0.00237201695318,-0.0103760021329,-0.00336641632773
40.097,1789944676.98,-0.0573395609634,0.0115951212606,0.0231412277186,0.000617396049595,-0.0298465552816,-0.00334283563152
40.117,1789944677,-0.0844565200898,0.00773194144676,0.024326986679,-0.00144029615789,0.0070983558571,-0.0030790910012
40.137,1789944677.02,-0.11153677522,0.00387360334835,0.0252528588788,-0.00342536528878,0.033371057286,-0.0028261128795
40.157,1789944677.04,-0.138434575918,2.84519164583e-05,0.0261645802862,-0.00519757736962,0.024419465404,-0.0027461874706
40.177,1789944677.06,-0.165283838159,-0.00379693940701,0.0266699833455,-0.00712104945348,0.0459365573474,-0.00248399517783
40.197,1789944677.08,-0.191899777412,-0.00759437662604,0.0272957893026,-0.00880788049049,0.0288307947137,-0.00241455146565
40.217,1789944677.1,-0.218472057435,-0.0113571244916,0.0271926924962,-0.0107539538449,0.0626580659457,-0.00204842793581
40.237,1789944677.12,-0.244783662293,-0.0150770930096,0.0269140683345,-0.012617952461,0.0866460805882,-0.00171631024471
40.257,1789944677.14,-0.270714366838,-0.0187473236531,0.0270001346447,-0.013694957227,0.07872145345,-0.00158918419717
40.277,1789944677.16,-0.296359590233,-0.0223637268166,0.026330900306,-0.0160453012501,0.0984506119777,-0.00127225098118
40.297,1789944677.18,-0.3215789821,-0.025916081934,0.0261381434454,-0.0171201196117,0.0829033796264,-0.00118930886992
40.317,1789944677.2,-0.346506401671,-0.0293992761648,0.0247512057862,-0.0195798550849,0.115461003568,-0.000748238830587
40.337,1789944677.22,-0.370959874512,-0.0328033194278,0.0233514981616,-0.021709565254,0.13566604295,-0.000399352567552
40.357,1789944677.24,-0.394859406131,-0.0361223129233,0.0226073156472,-0.0228178694666,0.127910176002,-0.000271294371011
40.377,1789944677.26,-0.41825463887,-0.0393485727454,0.0209039313336,-0.0247847205713,0.145600782737,6.95766927433e-05
40.397,1789944677.28,-0.441057465112,-0.0424781542328,0.019961922272,-0.02547267288,0.130476729793,0.000138927386269
40.417,1789944677.3,-0.463344888732,-0.0455019080654,0.0175526438905,-0.0268960863934,0.159349006571,0.000556711500521
40.437,1789944677.32,-0.484990490708,-0.0484196169974,0.0153017901566,-0.0286921018651,0.176287509535,0.000887931476597
40.457,1789944677.34,-0.505942994724,-0.0512264588225,0.0138916153542,-0.0292389435813,0.169594245527,0.000991078684247
40.477,1789944677.36,-0.526205465024,-0.0539142681594,0.0114736402826,-0.0311564654508,0.184367756865,0.00128264861244
40.497,1789944677.38,-0.545747009505,-0.0564820855233,0.0100040191602,-0.0313405101907,0.172015001509,0.00132227555652
40.517,1789944677.4,-0.564575359146,-0.0589192604774,0.00698055578354,-0.0326007085756,0.19556565102,0.0016690939205
40.537,1789944677.42,-0.582630543086,-0.0612287679501,0.00423713428148,-0.0335396799353,0.209841522937,0.00192349129955
40.557,1789944677.44,-0.599880715109,-0.0634123200339,0.00248411604414,-0.0344620084267,0.202776374216,0.00197538230558
40.577,1789944677.46,-0.616299834349,-0.0654548170449,-0.000214808167612,-0.0367601125673,0.214637948251,0.00213643014873
40.597,1789944677.48,-0.631893991896,-0.0673555033544,-0.00194347676379,-0.0361889689261,0.202207269177,0.00216004019885
40.617,1789944677.5,-0.646646176759,-0.0691073450451,-0.00506603195621,-0.0370578645679,0.22138781907,0.00239232377846
40.637,1789944677.52,-0.660533611576,-0.0707158114827,-0.00780550878691,-0.0382491093521,0.231040832759,0.00253912752806
40.657,1789944677.54,-0.673547240687,-0.0721791520544,-0.00959397724294,-0.0379488437171,0.225133564566,0.00254078577728
40.677,1789944677.56,-0.685637601459,-0.0734894814126,-0.0121882589003,-0.0384517279035,0.233672742514,0.0026391728751
40.697,1789944677.58,-0.696846881747,-0.0746563427104,-0.0137575899562,-0.0386159128886,0.222437825174,0.00256862486779
40.717,1789944677.6,-0.707131501784,-0.075663321801,-0.0165156904867,-0.0390424938237,0.236197136268,0.0026705542273
40.737,1789944677.62,-0.716502458422,-0.0765204498915,-0.0188580192282,-0.0393465068321,0.242592662192,0.00269647548442
40.757,1789944677.64,-0.724962246182,-0.077230533196,-0.0202956217373,-0.0395069171218,0.235890326606,0.00260994303607
40.777,1789944677.66,-0.732464827291,-0.0777814042598,-0.0223349356073,-0.039651374471,0.240512824089,0.00259043039142
40.797,1789944677.68,-0.739063677875,-0.0781841154801,-0.0234806804661,-0.0395949179368,0.230182748057,0.00245394538166
40.817,1789944677.7,-0.744719723129,-0.0784253989046,-0.0254748638586,-0.0395614665666,0.238209048622,0.00242916572812
40.837,1789944677.72,-0.749460918559,-0.0785153062971,-0.027048348554,-0.0393871671189,0.240433899627,0.00235068477189
40.857,1789944677.74,-0.753296652593,-0.0784568991591,-0.0279051779243,-0.0390545589627,0.233841598862,0.00221263929314
40.877,1789944677.76,-0.756197758227,-0.0782432627926,-0.0290951531587,-0.0386846058528,0.234598467524,0.00210349651105
40.897,1789944677.78,-0.758212721985,-0.0778836701559,-0.0296165072321,-0.0381624084154,0.225619754867,0.00193435021679
40.917,1789944677.8,-0.759322596486,-0.0773714573874,-0.0305902534801,-0.0376455164784,0.227991133787,0.00181133038556
40.937,1789944677.82,-0.759558772127,-0.0767150244382,-0.0311902930801,-0.0370275641064,0.226183028139,0.00165655665101
40.957,1789944677.84,-0.758933795425,-0.0759173105697,-0.0313366996227,-0.0363090409998,0.219912212231,0.00148648765611
40.977,1789944677.86,-0.757444827008,-0.0749771695481,-0.031540167861,-0.0355504879548,0.216913054907,0.00131466123185
40.997,1789944677.88,-0.755125495173,-0.0739007221721,-0.0313686764186,-0.0346957253419,0.209542932004,0.0011332496499
41.017,1789944677.9,-0.751985488548,-0.0726881543341,-0.0312404665426,-0.0338144277729,0.206352908097,0.000947513506733
41.037,1789944677.92,-0.748052106162,-0.0713451557655,-0.0308326638752,-0.0328565900707,0.200699002475,0.000753180960951
41.057,1789944677.94,-0.74334040737,-0.0698743390318,-0.0302841412271,-0.0318394016321,0.195073342442,0.000579406176427
41.077,1789944677.96,-0.737875662292,-0.0682800042416,-0.0295339585254,-0.0307652637984,0.188593245735,0.000386161611099
41.097,1789944677.98,-0.731674115731,-0.0665651160189,-0.0287425764789,-0.0296426829817,0.183259364638,0.000221439963129
41.117,1789944678,-0.724772542741,-0.0647359766407,-0.0276072845415,-0.0284562506556,0.174811017553,2.18479784062e-05
41.137,1789944678.02,-0.717192934634,-0.0627957527415,-0.0263206826529,-0.0272177856579,0.165674719616,-0.000166972076788
41.157,1789944678.04,-0.708954323074,-0.0607470667632,-0.025225955906,-0.0259634218503,0.161169912636,-0.000314504685962
41.177,1789944678.06,-0.700104126057,-0.0585985053728,-0.0237067046512,-0.024639501364,0.151640813535,-0.000486481815576
41.197,1789944678.08,-0.690645610475,-0.0563508666595,-0.0224865091066,-0.0233193496431,0.148876182453,-0.000610806904014
41.217,1789944678.1,-0.680632144446,-0.054014727845,-0.0205849595028,-0.0219024387611,0.135604694165,-0.000778266583386
41.237,1789944678.12,-0.670085056167,-0.0515916525552,-0.0186774874241,-0.0204614145989,0.123454109621,-0.000922777227806
41.257,1789944678.14,-0.659030396609,-0.0490847320461,-0.0172798998759,-0.0190497643148,0.120598970562,-0.00102382003896
41.277,1789944678.16,-0.647526010668,-0.0465049584021,-0.0152785654267,-0.0175575028355,0.108455681117,-0.00114145352472
41.297,1789944678.18,-0.635571727625,-0.0438524339694,-0.0138918785564,-0.0161214991634,0.108804352303,-0.00121385467565
41.317,1789944678.2,-0.623221311589,-0.0411395341459,-0.0115515918742,-0.014555883119,0.0911286915133,-0.00131425266423
41.337,1789944678.22,-0.610504240919,-0.0383675159854,-0.00934966504453,-0.0129932773788,0.0764234825308,-0.00138805520285
41.357,1789944678.24,-0.597458720059,-0.0355403860011,-0.00790966469415,-0.0112619563056,0.0759254002446,-0.00143595058984
41.377,1789944678.26,-0.584132854018,-0.0326707704012,-0.00578204363253,-0.00992249746192,0.061492142693,-0.00147858871405
41.397,1789944678.28,-0.570540550899,-0.0297578751374,-0.00450620560286,-0.00844937154729,0.0655149871158,-0.00150117953917
41.417,1789944678.3,-0.556718292614,-0.0268137297938,-0.00202609537602,-0.00587886741484,0.043576805048,-0.0015132330774
41.437,1789944678.32,-0.542709338222,-0.0238462020094,0.000130147841684,-0.00448258285157,0.0268487134963,-0.00150576238951
41.457,1789944678.34,-0.528565828819,-0.0208574081503,0.00127482274967,-0.00370358572323,0.0291633346333,-0.00150675291662
41.477,1789944678.36,-0.514324768607,-0.0178535032447,0.00330281333082,-0.00234025214666,0.0122820743207,-0.00147501520921
41.497,1789944678.38,-0.50001204926,-0.0148374615281,0.00416875014319,-0.00109813961307,0.0218886237341,-0.00146847392889
41.517,1789944678.4,-0.485627832971,-0.0118175352125,0.00644110672759,0.000541743759383,-0.00520014767248,-0.00138499944875
41.537,1789944678.42,-0.471251696026,-0.0087978350209,0.00826384927907,0.00217275266653,-0.0230819088264,-0.00129604981326
41.557,1789944678.44,-0.456945676232,-0.00578494969453,0.00893697712419,0.00368709355127,-0.0167333913236,-0.00126577571721
41.577,1789944678.46,-0.44271197079,-0.00278608835534,0.010562185844,0.00534176958755,-0.0348420382228,-0.00115363054145
41.597,1789944678.48,-0.428606212736,0.000192482374323,0.0109206161133,0.00675756067735,-0.0200556699443,-0.00113473988993
41.617,1789944678.51,-0.414574320296,0.00314566512046,0.0127528419296,0.00841954168841,-0.0508867274791,-0.000963281010706
41.637,1789944678.52,-0.400735779401,0.00606644747232,0.0140799526063,0.00995957662984,-0.0700703580364,-0.000815741183061
41.657,1789944678.55,-0.387167211902,0.00894750892648,0.0142138747723,0.011265766152,-0.0600021305072,-0.000788956038127
41.677,1789944678.57,-0.373828421096,0.0117858329163,0.0153125009555,0.0127145934268,-0.0794457017894,-0.000629796897141
41.697,1789944678.59,-0.360812149074,0.0145725292588,0.0151210186966,0.0138651773006,-0.0592199622599,-0.000640001355513
41.717,1789944678.61,-0.348001479829,0.0173077952622,0.0164074242798,0.0153319050091,-0.0935773812706,-0.000404296414567
41.737,1789944678.62,-0.335560224954,0.0199823443155,0.017178393395,0.0166706095676,-0.113668730535,-0.000223103549387
41.757,1789944678.65,-0.323577912808,0.0225887811246,0.016782899694,0.0177492202448,-0.0992982059507,-0.000225029755696
41.777,1789944678.67,-0.311966390506,0.0251280479393,0.0173377513262,0.0190173423096,-0.119575969917,-4.08901324114e-05
41.797,1789944678.69,-0.300855777634,0.0275889184064,0.0166496470039,0.0199388404928,-0.0932999179492,-0.000105365638845
41.817,1789944678.71,-0.290061649484,0.0299761536781,0.0174041724818,0.0212437035233,-0.130842921841,0.000171590451148
41.837,1789944678.73,-0.2797922229,0.0322785021722,0.0176706995332,0.0223938511594,-0.151420980884,0.000360084707195
41.857,1789944678.75,-0.270147121283,0.0344887451594,0.0168471120324,0.023232508561,-0.132307017802,0.000305750201252
41.877,1789944678.77,-0.260989121568,0.0366111953313,0.0169505328649,0.0242906690272,-0.15314785575,0.000487794252399
41.897,1789944678.79,-0.252483297006,0.0386331534999,0.0158983706493,0.0249346362604,-0.120418530338,0.000346665428734
41.917,1789944678.81,-0.244378268515,0.0405632364419,0.0162420071487,0.026024675801,-0.160960906748,0.000635934167157
41.937,1789944678.83,-0.236924210704,0.0423891314434,0.0161523686506,0.0269282513588,-0.181876070167,0.000805022129183
41.957,1789944678.85,-0.230228836247,0.0441042350938,0.0150621734749,0.0274663133682,-0.157688219004,0.000681577193454
41.977,1789944678.87,-0.224107745061,0.0457157812403,0.0148846653646,0.0282593212426,-0.178863571633,0.000837014624801
41.997,1789944678.89,-0.21875635774,0.0472105018032,0.0136410948061,0.0285727506734,-0.139315964301,0.000608748877896
42.017,1789944678.91,-0.213859853973,0.0486002709055,0.0137682922429,0.029403686061,-0.182658619031,0.000883946579467
42.037,1789944678.93,-0.209706037028,0.0498724547661,0.0135226451983,0.0300206502493,-0.203660849177,0.00101292228883
42.057,1789944678.95,-0.206407993216,0.0510212775433,0.0123428950442,0.030222477802,-0.174116664874,0.000816926514196
42.077,1789944678.97,-0.203737851407,0.0520565997485,0.0120924038709,0.0307202281495,-0.19546403251,0.000929385811784
42.097,1789944678.99,-0.201915715191,0.0529650174646,0.0108237906287,0.0306762934186,-0.148855272264,0.00061958934742
42.117,1789944679.01,-0.200568986303,0.053761430437,0.0109611458633,0.0312257038006,-0.194924005221,0.000861107776425
42.137,1789944679.03,-0.200018199929,0.0544331712522,0.0107713410854,0.031536658527,-0.215942093557,0.000939456748719
42.157,1789944679.05,-0.200379712028,0.0549752339371,0.00964819667242,0.0313866619362,-0.180901351723,0.000682527735795
42.177,1789944679.07,-0.201387598183,0.0554001883301,0.00952419472097,0.0315756343805,-0.202287353585,0.000745243604721
42.197,1789944679.09,-0.203279759598,0.055694379464,0.00834500045479,0.0311661657992,-0.148496838718,0.000375848346576
42.217,1789944679.11,-0.205633670873,0.0558760292994,0.00870732784828,0.0314271972237,-0.197274933958,0.000571911251486
42.237,1789944679.13,-0.208796894337,0.0559322105967,0.00875152695189,0.0314289058116,-0.218222631772,0.000598901721553
42.257,1789944679.15,-0.212885984528,0.0558584732632,0.00776003847262,0.0309306257459,-0.177683320861,0.000306667764664
42.277,1789944679.17,-0.217604670252,0.0556705326037,0.00791740751999,0.0308161500483,-0.199176826663,0.000323429137965
42.297,1789944679.19,-0.223200241397,0.0553536421751,0.00686605511004,0.0289682949232,-0.140194507088,-1.60750365603e-05
42.317,1789944679.21,-0.229223656086,0.0549370404875,0.00761456920408,0.0300397297188,-0.190049353738,7.84047592354e-05
42.337,1789944679.23,-0.236027613259,0.0543978647316,0.00800673510455,0.0297535108588,-0.210914521555,6.2440053827e-05
42.357,1789944679.25,-0.243728917711,0.053734611641,0.00712439651092,0.0292062280786,-0.164533195474,-0.000233648818484
42.377,1789944679.27,-0.252009580364,0.052964780087,0.0076450075347,0.0288177732959,-0.186157497229,-0.000251920600228
42.397,1789944679.29,-0.261114714298,0.0520726851015,0.00662418537787,0.0277399897776,-0.118302196311,-0.000622667563129
42.417,1789944679.31,-0.270562787713,0.0510849881695,0.00787683459124,0.0274117961734,-0.172948877119,-0.000524159463748
42.437,1789944679.33,-0.28073127661,0.0499856713187,0.00864543041664,0.0263180953201,-0.193131541846,-0.000513721272378
42.457,1789944679.35,-0.291715243761,0.0487769534436,0.00779203606468,0.0263966909432,-0.14433810451,-0.000834878275371
42.477,1789944679.37,-0.303216332665,0.0474693543621,0.00865855246287,0.0236761481586,-0.163412292941,-0.000834551133939
42.497,1789944679.39,-0.315432003423,0.0460621037996,0.00761342602308,0.0236277997922,-0.0947535936008,-0.00115842109806
42.517,1789944679.41,-0.327921191942,0.0445775999714,0.0093397181359,0.0238223352368,-0.149909856253,-0.00113443841299
42.537,1789944679.43,-0.341039814218,0.0429944616561,0.0103921239196,0.0224627066799,-0.169373591717,-0.00116713233122
42.557,1789944679.45,-0.354862115762,0.0413132799184,0.00938198896011,0.0211274394797,-0.116787803636,-0.00133198663619
42.577,1789944679.47,-0.3691099175,0.0395570991225,0.010465657478,0.0193744219207,-0.136488127517,-0.00129064879448
42.597,1789944679.49,-0.383944940274,0.0377161932447,0.00909390451493,0.0185353308355,-0.0613660967247,-0.00155800609317
42.617,1789944679.51,-0.398960407551,0.0358177015689,0.0113480582944,0.0178792835428,-0.120724482995,-0.00154973202561
42.637,1789944679.53,-0.414482059818,0.0338447853991,0.0126038623361,0.0171260718139,-0.139913775482,-0.00160920386031
42.657,1789944679.55,-0.430556550738,0.0317944919154,0.0111404341833,0.0156627540936,-0.083124103256,-0.00166777887935
42.677,1789944679.57,-0.446963658762,0.0296924986552,0.0123680996747,0.0147006303032,-0.101758008088,-0.00170585580613
42.697,1789944679.59,-0.463773682082,0.0275224589559,0.0104001286556,0.0130137467584,-0.0232036844746,-0.00174582363534
42.717,1789944679.61,-0.480680410189,0.0253159678733,0.0131090293348,0.0122655303763,-0.0864221969507,-0.00177820225577
42.737,1789944679.63,-0.49794005269,0.0230567628273,0.0144835840623,0.0112066332423,-0.10739451329,-0.00181834975557
42.757,1789944679.65,-0.515565942241,0.0207488067185,0.0122368239542,0.011497546537,-0.0461845233481,-0.00168855145123
42.777,1789944679.67,-0.533440077668,0.0183999461948,0.0135727003851,0.00850421065116,-0.0667193625853,-0.00177763499626
42.797,1789944679.69,-0.551506637268,0.0160098965857,0.0107132031477,0.00670475803524,0.0170066391841,-0.00166657427206
42.817,1789944679.71,-0.56961275413,0.0136043712022,0.0138513037134,0.00548241827726,-0.0507597170648,-0.00176949569703
42.837,1789944679.73,-0.587902600818,0.0111743045532,0.0152385711093,0.00440882727428,-0.0732366779816,-0.00179968220811
42.857,1789944679.75,-0.606343033674,0.0087216153845,0.0120974296062,0.0027630165608,-0.00902205733353,-0.00160462969484
42.877,1789944679.77,-0.624959837715,0.00626376289064,0.0133272094901,0.00181058942705,-0.030411211426,-0.00161186672707
42.897,1789944679.79,-0.64352306431,0.0038013647956,0.00919983642405,0.0029966867799,0.0591925426803,-0.00130341072685
42.917,1789944679.81,-0.662118116084,0.00132521659322,0.0128970002098,-0.000466282170551,-0.0141304698314,-0.00146935839057
42.937,1789944679.83,-0.680701641378,-0.00115026528985,0.0142336767769,-0.00144506123575,-0.0384664543209,-0.00149075525725
42.957,1789944679.85,-0.699188930462,-0.00362047378737,0.00998307668451,-0.0037150149423,0.0288412704763,-0.00119937920725
42.977,1789944679.87,-0.717809392878,-0.00607517719183,0.011150533483,-0.00470976356636,0.00513298317675,-0.00121277882689
42.997,1789944679.89,-0.736116513446,-0.00850749067521,0.00591756594574,-0.00646936237936,0.0984485627845,-0.000799552993109
43.017,1789944679.91,-0.754465055686,-0.0109200237961,0.00991184314522,-0.00692940560901,0.0208127986819,-0.00100053657863
43.037,1789944679.93,-0.772621532908,-0.0133040461543,0.0112131833686,-0.00771125595413,-0.00599185975226,-0.00102587152111
43.057,1789944679.95,-0.790415590446,-0.0156485634755,0.00574537268521,-0.00913685048328,0.0647183743023,-0.000596817471321
43.077,1789944679.97,-0.808334443163,-0.017965650984,0.00685257744565,-0.00992294993958,0.0389338841826,-0.000616047005552
43.097,1789944679.99,-0.825653257705,-0.0202299009314,0.000317880525073,-0.011545799359,0.136849132258,-7.7072938573e-05
43.117,1789944680.01,-0.843085546253,-0.02246951837,0.00487801272521,-0.0119712239187,0.0532372585104,-0.000367683350974
43.137,1789944680.03,-0.860133306315,-0.0246567378152,0.00621765581081,-0.0127565373806,0.023548972751,-0.000426584201205
43.157,1789944680.05,-0.876542331021,-0.0267738843623,-0.000423465426653,-0.014236596031,0.0970957294107,6.4723829333e-05
43.177,1789944680.07,-0.89310587698,-0.0288543325294,0.00074264050011,-0.0149939425513,0.068489267205,6.93072919148e-06
43.197,1789944680.09,-0.908777235736,-0.0308498436466,-0.00703301860687,-0.0165992887929,0.170830101165,0.000627392855937
43.217,1789944680.11,-0.924683690612,-0.0328189363621,-0.00178146530599,-0.0168748760159,0.0811295481166,0.000245387673163
43.237,1789944680.13,-0.940022836431,-0.0347113731313,-0.000283110528367,-0.017492439313,0.0484887860987,0.00014911543586
43.257,1789944680.15,-0.954450387754,-0.0365028825772,-0.00798035355213,-0.0188193359312,0.124842471646,0.000681689526258
43.277,1789944680.17,-0.969100479399,-0.0382524035013,-0.00657746729151,-0.0193499240427,0.092831317025,0.000582674053432
43.297,1789944680.19,-0.982571870398,-0.0398864912959,-0.0154430922894,-0.0207782944839,0.199491796807,0.00125635480712
43.317,1789944680.21,-0.996179281329,-0.0414820878527,-0.0131961726093,-0.0212081978009,0.165080752749,0.00116035514378
43.337,1789944680.23,-1.00331521494,-0.0426829328233,-0.0851109418137,-0.029775081131,1.30759506282,0.00814817728443
43.357,1789944680.25,-1.00997946051,-0.0440184630135,-0.0947840150283,-0.0309691843153,1.39601002896,0.0087132928606
43.377,1789944680.27,-1.01118367366,-0.0452341355718,-0.104000639428,-0.0320696716298,1.47673034109,0.00921438026796
43.397,1789944680.29,-1.0069448534,-0.046357099329,-0.105702699443,-0.0313060225838,1.2813905828,0.00825393473793
43.417,1789944680.31,-0.997820931673,-0.0473671962515,-0.105666426204,-0.0303004586385,1.05835187002,0.00709506916894
43.437,1789944680.33,-0.98469565305,-0.0482688732552,-0.10387221017,-0.0290762969539,0.812491039914,0.00576193217481
43.457,1789944680.35,-0.969048335192,-0.0491744346672,-0.0960461898508,-0.0674917122574,0.608058547832,0.001243561777
43.477,1789944680.37,-0.959891279236,-0.0513629892508,0.00226587323282,-0.81608684284,0.424021660047,-0.062495211098
43.497,1789944680.39,-0.939863217504,-0.0486940624368,0.00725715171552,-0.818310820977,0.324261472273,-0.06416939473
43.517,1789944680.41,-0.919704069123,-0.042991113604,0.0238405058581,-0.926064794278,0.275864378138,-0.0595909229564
43.537,1789944680.43,-0.897639892075,-0.0332778677775,0.0315365846922,-0.84442636952,0.26816002609,-0.0395998305128
43.557,1789944680.45,-0.873567722031,-0.0200167655852,0.0285477859932,-0.644127291496,0.280931884918,-0.023922804921
43.577,1789944680.47,-0.849713688715,-0.00441799209578,0.0405663685128,-0.565230838798,0.299633768359,-0.00241464178579
43.597,1789944680.49,-0.82337729266,0.0136312362789,0.0377092197396,-0.347312086274,0.32083038989,0.00995530373668
43.617,1789944680.51,-0.796841770816,0.0328155094124,0.0479519365247,-0.294961891346,0.329490324913,0.0217327214679
43.637,1789944680.53,-0.768917621819,0.0531696879678,0.057926213286,-0.254232560951,0.329768898122,0.0300806895017
43.657,1789944680.55,-0.738899131718,0.0745798768648,0.0578597941425,-0.144640836671,0.334620122795,0.030471976188
43.677,1789944680.57,-0.708748250935,0.0964386137138,0.0746355307647,-0.211425917186,0.312563789497,0.0355218877734
43.697,1789944680.59,-0.676898206829,0.119200573705,0.0861192753415,-0.22891977763,0.292697071046,0.0375086492291
43.717,1789944680.61,-0.643102027006,0.142875051669,0.086606032629,-0.164274968139,0.268259227009,0.0331943164567
43.737,1789944680.63,-0.608955424549,0.167252973085,0.0983998013491,-0.18247515957,0.243299299162,0.0345876893907
43.757,1789944680.65,-0.5730831981,0.192328781979,0.098209268553,-0.0959687520621,0.220505041881,0.0302230881933
43.777,1789944680.67,-0.53733207872,0.217937668964,0.116014368112,-0.158822194724,0.195745954913,0.0345882916579
43.797,1789944680.69,-0.500436110263,0.244213029166,0.128596909859,-0.1774704924,0.177768646793,0.0366135079224
43.817,1789944680.71,-0.462171633755,0.271046742595,0.128699890065,-0.108448959419,0.156764365831,0.0327217106381
43.837,1789944680.73,-0.423798156393,0.298532152103,0.140234299258,-0.117356292045,0.138062542014,0.0350808482988
43.857,1789944680.75,-0.384292910413,0.326274155091,0.138747672362,-0.0281413209267,0.118678942229,0.031206097878
43.877,1789944680.77,-0.344970326867,0.354537644117,0.155057986994,-0.0780296563125,0.100345181136,0.0369160422787
43.897,1789944680.79,-0.304542030037,0.382688121575,0.152250646817,0.00682513329992,0.0813251658919,0.0330007485794
43.917,1789944680.81,-0.264241437401,0.411244169045,0.164889417185,-0.0306276859037,0.0628274981349,0.0378723450981
43.937,1789944680.83,-0.223540283591,0.439918115819,0.174595692779,-0.0436672419142,0.0444703066029,0.0419104357325
43.957,1789944680.85,-0.182343462293,0.468322877104,0.170833061925,0.0197272964531,0.0255247560489,0.0389292835821
43.977,1789944680.87,-0.141350820508,0.497349355699,0.184858754073,-0.0311615963406,0.00754510644202,0.0468556813381
43.997,1789944680.89,-0.100006929522,0.525703206658,0.177774823141,0.0528625211711,-0.0109859997723,0.0429942898776
44.017,1789944680.91,-0.0588790901461,0.554557640741,0.187224450303,0.0211040081057,-0.0288393768365,0.0497470050418
44.037,1789944680.93,-0.0177992162148,0.583253867017,0.193341168795,0.0137025825779,-0.0463981333624,0.0551716470648
44.057,1789944680.95,0.023085880074,0.611178862277,0.184460282666,0.0913672391432,-0.0555708712884,0.0510992099705
44.077,1789944680.97,0.0638054754211,0.639781717358,0.195426227325,0.0351876064551,-0.0816256472341,0.0620574958978
44.097,1789944680.99,0.104037850017,0.667006910137,0.183216637539,0.121212274919,-0.0998091030881,0.0576967391774
44.117,1789944681.01,0.144017427427,0.694766546422,0.18892643884,0.0880299180962,-0.118705840067,0.0661586845289
44.137,1789944681.03,0.183480861534,0.722027295595,0.191053739293,0.079923867084,-0.135289065388,0.0725968627715
44.157,1789944681.05,0.222062268048,0.74795795313,0.177402949139,0.147733238739,-0.153053994682,0.0691944991288
44.177,1789944681.07,0.260438767483,0.774689026317,0.184475042101,0.0995888572381,-0.168113772793,0.0805222006128
44.197,1789944681.09,0.297462195804,0.799366714281,0.16720016321,0.185299516631,-0.185204420612,0.075093241558
44.217,1789944681.11,0.33423940131,0.824663505537,0.169233375642,0.15268043061,-0.200141315293,0.0843943333487
44.237,1789944681.13,0.370070034679,0.849135368517,0.16758930228,0.143380030359,-0.215060344097,0.0913388221265
44.257,1789944681.15,0.404343907911,0.871750843554,0.149431217154,0.21047988854,-0.232206827494,0.086924229657
44.277,1789944681.17,0.438608886903,0.895482414519,0.155807726952,0.147463488999,-0.245431211649,0.101232156609
44.297,1789944681.19,0.471445527285,0.917901003611,0.152494432527,0.135354761639,-0.25966278719,0.108597752211
44.317,1789944681.21,0.502293761703,0.938269729903,0.131303082816,0.209202005856,-0.276844369547,0.102525558677
44.337,1789944681.23,0.532736801848,0.959222401876,0.126516552874,0.203432825041,-0.290521569244,0.108959282645
44.357,1789944681.25,0.560919306807,0.977732390973,0.10329336549,0.294382448019,-0.307486882639,0.10028157975
44.377,1789944681.27,0.589204122287,0.997366846244,0.105617246771,0.240934769317,-0.318554683692,0.113358835654
44.397,1789944681.29,0.614561628404,1.01362131514,0.0815807378712,0.323533103004,-0.335162082448,0.104295200018
44.417,1789944681.31,0.63983605806,1.03065407717,0.0797210358008,0.278095487483,-0.345840108354,0.114911580734
44.437,1789944681.33,0.663438837626,1.04630250764,0.0743957592594,0.25665717107,-0.356670834323,0.122042970492
44.457,1789944681.35,0.684350213445,1.0592306309,0.0517522834275,0.314618886388,-0.371722676282,0.114366750369
44.477,1789944681.37,0.705395740076,1.07341251663,0.0540360561904,0.251874837347,-0.378814537704,0.128083555251
44.497,1789944681.39,0.722917504794,1.08390916778,0.0293576196619,0.331423753596,-0.393649302956,0.116467449435
44.517,1789944681.41,0.740447522828,1.0954425851,0.0277524964481,0.287777288079,-0.400095104714,0.126150186537
44.537,1789944681.43,0.75607061514,1.10556022961,0.0229098792654,0.26991739232,-0.406876956983,0.131654158677
44.557,1789944681.45,0.76864775713,1.11280146448,0.000712199349998,0.333035773282,-0.418991233007,0.120535589083
44.577,1789944681.47,0.781484791964,1.12148689879,0.00441536310342,0.271674524928,-0.420746429498,0.133309410305
44.597,1789944681.49,0.790415808583,1.12624569741,-0.0190662997814,0.353537802776,-0.432482106027,0.11802750499
44.617,1789944681.51,0.799453855731,1.13215719764,-0.0187108016423,0.308231923969,-0.433446170514,0.126467509674
44.637,1789944681.53,0.80646832446,1.13658717749,-0.0213085367494,0.28755473703,-0.435003165317,0.130438526219
44.657,1789944681.55,0.810267823085,1.13802424929,-0.0411793279624,0.348117061412,-0.442931626255,0.116176149974
44.677,1789944681.57,0.814423481617,1.14098786589,-0.0346048811038,0.281735448153,-0.43844525585,0.128288571382
44.697,1789944681.59,0.814538081589,1.13992898782,-0.0551516600657,0.360345940445,-0.44589361292,0.109767411988
44.717,1789944681.61,0.814841022983,1.14008723684,-0.051443829644,0.309772617997,-0.440598975036,0.117287047068
44.737,1789944681.63,0.813115561116,1.13875834912,-0.0505640497957,0.284646046875,-0.436255655222,0.119963164018
44.757,1789944681.65,0.808207391831,1.13446213659,-0.0667395519724,0.341746963725,-0.439088699103,0.102902698264
44.777,1789944681.67,0.803709858459,1.13171890309,-0.0563660769468,0.27083968171,-0.428137079417,0.114577759457
44.797,1789944681.69,0.795290623164,1.12505400167,-0.0727606575316,0.350036543482,-0.428497166445,0.0928825092576
44.817,1789944681.71,0.787103014099,1.11956525333,-0.0651717347309,0.293306323484,-0.420007284551,0.100111890335
44.837,1789944681.73,0.776992906502,1.11264331876,-0.0603042993105,0.261656852937,-0.407225416533,0.102088861407
44.857,1789944681.75,0.763954517948,1.10297665437,-0.07180844981,0.326604321598,-0.401591316157,0.0818972930972
44.877,1789944681.77,0.751246860917,1.09458720669,-0.0586667086985,0.247259614157,-0.39048284408,0.0933736044116
44.897,1789944681.79,0.735121753083,1.08273203365,-0.0696675895222,0.31816834558,-0.382696905193,0.0707164413925
44.917,1789944681.81,0.719170857899,1.07186935342,-0.058381376395,0.259154327273,-0.374903711743,0.0786491059474
44.937,1789944681.83,0.701466960054,1.05964836502,-0.0502896135153,0.228759615852,-0.358484875786,0.0794819326125
44.957,1789944681.85,0.681326415503,1.04505729328,-0.0565078849098,0.272621872769,-0.351828825038,0.0613774649945
44.977,1789944681.87,0.66138017377,1.03157466464,-0.0401392170843,0.19347220921,-0.34100861056,0.073830683704
44.997,1789944681.89,0.638459311299,1.01502325365,-0.0475428410441,0.270254587425,-0.323758809302,0.0493066982519
45.017,1789944681.91,0.615687255643,0.999417059386,-0.0331752799713,0.214415809708,-0.302964123054,0.0564614486654
45.037,1789944681.93,0.591487197686,0.982565994119,-0.0224049295527,0.181399958557,-0.293051888935,0.0590282059763
45.057,1789944681.95,0.565213822913,0.963634197451,-0.0262320853124,0.244856478746,-0.259931276268,0.0360729576911
45.077,1789944681.97,0.539232815192,0.94564477729,-0.00791077454148,0.166815638275,-0.249581234039,0.0497642052341
45.097,1789944681.99,0.511020751695,0.924954894907,-0.0122613061674,0.230273681275,-0.238660016289,0.0277466420149
45.117,1789944682.01,0.482934493993,0.904987938065,0.00358136244319,0.169632343872,-0.220436615456,0.036724816313
45.137,1789944682.03,0.45375540078,0.883942288849,0.0154339483598,0.140296147617,-0.202364439022,0.038985581271
45.157,1789944682.05,0.423183801962,0.861180463053,0.0140054639328,0.181668032133,-0.190820114216,0.0214346665307
45.177,1789944682.07,0.392749090724,0.839184913459,0.032626775143,0.10422503971,-0.17868792571,0.0359428426696
45.197,1789944682.09,0.360715082715,0.815039563333,0.0292024720063,0.174525989282,-0.157180620112,0.0132712847666
45.217,1789944682.11,0.328781221519,0.791497048118,0.0448247990082,0.117168878657,-0.134819990637,0.0229527259241
45.237,1789944682.13,0.296159388022,0.767105576619,0.0563830004632,0.0905260046305,-0.113092907018,0.0260937611538
45.257,1789944682.15,0.262738572868,0.741379370677,0.0551714949039,0.132589051473,-0.099566695193,0.00946340694247
45.277,1789944682.17,0.229427256864,0.716234090981,0.0721572103198,0.0648606414523,-0.0771432333172,0.0234664539769
45.297,1789944682.19,0.195363903761,0.689464594456,0.0688421521364,0.125461808319,-0.0658655755217,0.00389311921348
45.317,1789944682.21,0.161409986481,0.663118216148,0.0827612515144,0.0674880589273,-0.0451840732469,0.0149711572937
45.337,1789944682.23,0.127206400015,0.636163994852,0.0925813606649,0.0386589122125,-0.0269673999756,0.0197169178367
45.357,1789944682.25,0.0927802186742,0.608294932232,0.0902879125357,0.0798284373561,-0.0142079284465,0.00439160226434
45.377,1789944682.27,0.058485518877,0.580873517564,0.104615267766,0.0123281710056,0.00691048171889,0.019529748593
45.397,1789944682.29,0.0241435188311,0.552394255826,0.0999300768811,0.0727222825427,0.0183423413311,0.00127640417837
45.417,1789944682.31,-0.0100440312746,0.524226534615,0.110920752071,0.0157470666801,0.0384962553164,0.0132301469276
45.437,1789944682.33,-0.0440605401775,0.495727353599,0.117926956282,-0.0123132413491,0.0563885826637,0.0189395747284
45.457,1789944682.35,-0.0777477342115,0.466736383575,0.11364613614,0.0289707345301,0.0690252999228,0.00475791975468
45.477,1789944682.37,-0.111231316837,0.438094664106,0.124434260087,-0.0376883534282,0.0893108505757,0.020605576061
45.497,1789944682.39,-0.144109019753,0.408942787033,0.117692010796,0.0223853979903,0.100241502309,0.00362617748974
45.517,1789944682.41,-0.176736662369,0.380027995725,0.125141476963,-0.0340751339113,0.119270883728,0.0161875382516
45.537,1789944682.43,-0.208788217089,0.351060626384,0.128805738138,-0.0616611929206,0.13599068743,0.0225571601217
45.557,1789944682.45,-0.240011522484,0.322008872884,0.122155191627,-0.0206156131135,0.14745735647,0.00937606477409
45.577,1789944682.47,-0.270914643449,0.293258894762,0.129163729129,-0.0846454392686,0.164763940536,0.0255267973284
45.597,1789944682.49,-0.300658113986,0.264492927992,0.120131045877,-0.0269364229073,0.175835202797,0.00960795738484
45.617,1789944682.51,-0.330021115016,0.235937541767,0.123924752189,-0.0825128708078,0.193376792698,0.0222526160619
45.637,1789944682.53,-0.35844959377,0.207603680984,0.124321276134,-0.110120445371,0.208857629101,0.0289259953381
45.657,1789944682.55,-0.38562969876,0.179563748145,0.115451149562,-0.0691856799621,0.218548655197,0.0164620910576
45.677,1789944682.57,-0.412347097816,0.151812168156,0.11881849661,-0.134103392993,0.235729198503,0.0323996011293
45.697,1789944682.59,-0.437452766347,0.12451652004,0.107973141574,-0.0746146060074,0.243090231613,0.01726881486
45.717,1789944682.61,-0.462027660617,0.0974403691837,0.108636480198,-0.129016285885,0.258664712809,0.0296414450728
45.737,1789944682.63,-0.485372160589,0.0708406979976,0.10636105438,-0.155510017572,0.27174298784,0.0362611561117
45.757,1789944682.65,-0.507148098159,0.0448626182,0.0959027419738,-0.114477653155,0.278887563794,0.0242215480909
45.777,1789944682.67,-0.528312000361,0.0191982502446,0.0964808214937,-0.177964193261,0.29399514522,0.0395409159159
45.797,1789944682.69,-0.547551146462,-0.0056316364606,0.084539351913,-0.118693864441,0.298521680891,0.0248761997061
45.817,1789944682.71,-0.566114165168,-0.0302019039635,0.0830098251612,-0.17180840532,0.311836969895,0.0365958871587
45.837,1789944682.73,-0.583227965346,-0.0540734076886,0.0790005715862,-0.196981329683,0.322323925544,0.0426747514815
45.857,1789944682.75,-0.598583474172,-0.0770564075089,0.0679086325742,-0.157812090782,0.337569016364,0.0313768058312
45.877,1789944682.77,-0.613071355192,-0.0996699889442,0.0665763588623,-0.222412565175,0.326073926908,0.0440665341191
45.897,1789944682.79,-0.625573789233,-0.121134414937,0.0546328060122,-0.165326353148,0.342967938517,0.0310810549529
45.917,1789944682.81,-0.637243695619,-0.142237469426,0.0521988350622,-0.20992954661,0.347965947591,0.0417219102692
45.937,1789944682.83,-0.647314493974,-0.162441866086,0.0472300169211,-0.226895427837,0.356848386602,0.0458659025863
45.957,1789944682.85,-0.655568624343,-0.181604033416,0.0372904616662,-0.19066792886,0.356704863671,0.0355859025995
45.977,1789944682.87,-0.662886488011,-0.20029857729,0.0351837558792,-0.241335349406,0.36528631806,0.0468191518099
45.997,1789944682.89,-0.668123070639,-0.217720270736,0.0247459185435,-0.188952679245,0.362086033429,0.0336591619907
46.017,1789944682.91,-0.672442821624,-0.234745513376,0.0224129333553,-0.236746607091,0.368564552045,0.0430905761297
46.037,1789944682.93,-0.675120066626,-0.250744984401,0.0181905022067,-0.254505228864,0.371036743992,0.0462391201325
46.057,1789944682.95,-0.67597920063,-0.265555514166,0.00968170576717,-0.218795518326,0.36676424693,0.0355235134891
46.077,1789944682.97,-0.675860457246,-0.279824256928,0.00842062005129,-0.266545410246,0.370979020464,0.0455448141347
46.097,1789944682.99,-0.67371355795,-0.292673600283,-0.000140431390061,-0.212983018277,0.362949396677,0.0321236011327
46.117,1789944683.01,-0.670634155201,-0.305061682675,-0.00119644445611,-0.256721346344,0.365293265806,0.040493489256
46.137,1789944683.03,-0.6659660859,-0.316330600037,-0.00377926847619,-0.271049484662,0.36344056407,0.0428342362681
46.157,1789944683.05,-0.659569213935,-0.326324677342,-0.0101007101871,-0.233357414182,0.354445126144,0.0317895302345
46.177,1789944683.07,-0.652220164249,-0.335733891141,-0.00966767911392,-0.276942410469,0.354552937346,0.0407955355849
46.197,1789944683.09,-0.642990348529,-0.343657066038,-0.0157874841152,-0.222204613445,0.341786195507,0.0271223694565
46.217,1789944683.11,-0.632875380909,-0.351089938879,-0.01496535049,-0.26436589372,0.341567294294,0.034609272557
46.237,1789944683.13,-0.621274055574,-0.357355462195,-0.0154339912323,-0.274575967305,0.323263362666,0.0351835860554
46.257,1789944683.15,-0.608198779932,-0.362324529783,-0.0192607087315,-0.238594181172,0.323317889026,0.025005432698
46.277,1789944683.17,-0.594212168152,-0.366669627482,-0.0166976247976,-0.273935632645,0.305741784792,0.032191878514
46.297,1789944683.19,-0.578666295874,-0.369527621877,-0.0201834360131,-0.217184795354,0.305816370985,0.0200642722457
46.317,1789944683.21,-0.562292481996,-0.371894833802,-0.017198043079,-0.254493723634,0.297819423856,0.0266016639089
46.337,1789944683.23,-0.544637538274,-0.373116305106,-0.0154443719602,-0.261596319023,0.279168788519,0.0270466785371
46.357,1789944683.25,-0.525734736541,-0.373071577551,-0.0168317704773,-0.220713704706,0.279025581055,0.0174897584591
46.377,1789944683.27,-0.506016188388,-0.372458004588,-0.0123448287138,-0.260095387962,0.254963174345,0.0233865834887
46.397,1789944683.29,-0.485009026227,-0.370391161271,-0.013742547786,-0.202918971885,0.2490625001,0.0112412829198
46.417,1789944683.31,-0.463340324704,-0.367855835396,-0.00887791352082,-0.235853993976,0.238656015534,0.0178671098803
46.437,1789944683.33,-0.440641557798,-0.364217416843,-0.00555893511552,-0.240254814182,0.22286132978,0.017967616422
46.457,1789944683.35,-0.416948558156,-0.359399886529,-0.00510302981519,-0.201838874079,0.211401928867,0.00848065113676
46.477,1789944683.37,-0.392646977917,-0.354022681812,0.000630889518997,-0.233064080014,0.191929292166,0.014696609001
46.497,1789944683.39,-0.367365141178,-0.347333203864,0.000950166217756,-0.183933478541,0.170097871118,0.00254934667131
46.517,1789944683.41,-0.341659473635,-0.340185330302,0.00698584894117,-0.213526265863,0.15856892796,0.00949262058425
46.537,1789944683.43,-0.315262363425,-0.331996210528,0.0111985945229,-0.21365168442,0.144571822578,0.00997912520728
46.557,1789944683.45,-0.288210482363,-0.32274077146,0.0126438167225,-0.178411326961,0.125592562193,0.000888477930955
46.577,1789944683.47,-0.260835068883,-0.312948007193,0.0187994922145,-0.20119952721,0.115326767677,0.00767951082596
46.597,1789944683.49,-0.232853217907,-0.30198438007,0.0194806123638,-0.15159515086,0.0944056392937,-0.00402532055775
46.617,1789944683.51,-0.204674281753,-0.290643306316,0.0257905832965,-0.177413358366,0.084365400433,0.00349742890572
46.637,1789944683.53,-0.176122610641,-0.278398077091,0.0300741451734,-0.176141421944,0.070071439885,0.00450440626279
46.657,1789944683.55,-0.147253173268,-0.265233757557,0.0313189817878,-0.141089862258,0.0505714141124,-0.00410542849492
46.677,1789944683.57,-0.118296796393,-0.251640105497,0.0372451960236,-0.162086911192,0.0393619892733,0.00326394909073
46.697,1789944683.59,-0.0891191985194,-0.237050892261,0.037324749054,-0.113461762317,0.017783855445,-0.00803733075875
46.717,1789944683.61,-0.059975154172,-0.222189081625,0.043083686305,-0.137365337918,0.00712092947297,0.000143169635555
46.737,1789944683.63,-0.0308028213647,-0.206586540618,0.0465814791103,-0.135193199366,-0.00741226283639,0.00174172990874
46.757,1789944683.65,-0.00167472454682,-0.19024170386,0.0467571155608,-0.100452796035,-0.0267765145608,-0.00636135961563
46.777,1789944683.67,0.0272923103274,-0.173590809019,0.0516964021831,-0.119685539538,-0.0376834780827,0.00171378461668
46.797,1789944683.69,0.0560759615216,-0.156154700503,0.0503779172485,-0.0717404362331,-0.058603062565,-0.00919598122538
46.817,1789944683.71,0.0845970846786,-0.138565686311,0.0549060535736,-0.0936480139078,-0.0685742334254,-0.00031133308659
46.837,1789944683.73,0.112799763657,-0.120429556215,0.0569667359226,-0.0904482602059,-0.0822162175917,0.00185556787395
46.857,1789944683.75,0.1405983981,-0.10176073773,0.0554531377019,-0.0558771677871,-0.100529537301,-0.00582908783458
46.877,1789944683.77,0.168003627942,-0.0829261420769,0.0588836016509,-0.0733950054713,-0.110357282013,0.00288077565878
46.897,1789944683.79,0.194829705439,-0.0635550427471,0.0556842629975,-0.026177079976,-0.130021363854,-0.00774237631688
46.917,1789944683.81,0.22118727102,-0.0441648656794,0.0586132656199,-0.0465475066923,-0.138706700825,0.00181115896283
46.937,1789944683.83,0.24689942318,-0.0244481184118,0.0589250865439,-0.042687105775,-0.150951589182,0.00446886098032
46.957,1789944683.85,0.271870777404,-0.00443477709052,0.0554654713168,-0.00846117638502,-0.167782752738,-0.00293556949655
46.977,1789944683.87,0.296246057909,0.0155942793604,0.0572206665488,-0.0246492269148,-0.17604220579,0.00630321592124
46.997,1789944683.89,0.319676304456,0.0358840296087,0.0520311262563,0.021810575518,-0.19404626088,-0.00420771657056
47.017,1789944683.91,0.342465601357,0.0560541241169,0.0533220759142,0.00275634670412,-0.200956480481,0.00583409035776
47.037,1789944683.93,0.364319354416,0.0763127412472,0.0519179463874,0.00715445403546,-0.211329244634,0.00878078964198
47.057,1789944683.95,0.385137180231,0.0966143964414,0.0466318084311,0.0409131344414,-0.226202924809,0.00146076606418
47.077,1789944683.97,0.405195848966,0.116778367207,0.046891211688,0.0256795529901,-0.232348664302,0.0110492898714
47.097,1789944683.99,0.423995217338,0.136910878922,0.0399812272351,0.0711913131888,-0.248193066628,0.000462062344873
47.117,1789944684.01,0.442022826417,0.156785776741,0.0399446447497,0.0529655499296,-0.252756872658,0.0108060392059
47.137,1789944684.03,0.458878572927,0.176504832549,0.0371979005491,0.0575599938639,-0.260715323593,0.0138231621789
47.157,1789944684.05,0.474463511122,0.196009165762,0.0305432773215,0.0905548508733,-0.273093215925,0.00637536866577
47.177,1789944684.07,0.489182391724,0.215216897893,0.0295956327315,0.0728619223269,-0.2858100748,0.016012883499
47.197,1789944684.09,0.502345950541,0.234126378877,0.0217165690361,0.118526855276,-0.285909104629,0.00543679556392
47.217,1789944684.11,0.514673991532,0.252644800261,0.0208456968119,0.0999653921928,-0.289603788164,0.0157783976
47.237,1789944684.13,0.525683388559,0.270777049452,0.0172768640206,0.104162041442,-0.303111269753,0.0184246884383
47.257,1789944684.15,0.535214995574,0.288470740482,0.0101933725182,0.138558123076,-0.29679438502,0.0108425226435
47.277,1789944684.17,0.5438302134,0.305721205698,0.00852700575651,0.128828900105,-0.305230669095,0.0191463051297
47.297,1789944684.19,0.550835666956,0.322368585128,0.000581898415139,0.166977566484,-0.310094095394,0.00890548581572
47.317,1789944684.21,0.556950648807,0.338495782257,-0.000346534762694,0.150786337459,-0.311444040109,0.0191251020376
47.337,1789944684.23,0.561633327464,0.353989069881,-0.00416474228744,0.155664661464,-0.31651575566,0.0206748078472
47.357,1789944684.25,0.564841315883,0.368805664854,-0.0108997307867,0.183664171636,-0.31622262115,0.0134586799447
47.377,1789944684.27,0.567080184484,0.383034915525,-0.0121605041121,0.169905830088,-0.320794490769,0.0215364057747
47.397,1789944684.29,0.567656686952,0.396437950532,-0.0196460795069,0.205465968465,-0.326584900567,0.0110957723649
47.417,1789944684.31,0.567307969903,0.409216311837,-0.0199209008923,0.186558983936,-0.322154639814,0.0208285721515
47.437,1789944684.33,0.565492569866,0.42118808098,-0.0230507641224,0.191290270392,-0.320095053445,0.0215527438859
47.457,1789944684.35,0.56223583432,0.432315282899,-0.0287629146689,0.214904056426,-0.320668938548,0.014272741772
47.477,1789944684.37,0.557979265406,0.442756243171,-0.0292020613724,0.203569691482,-0.313970630819,0.0210413784805
47.497,1789944684.39,0.552131863431,0.452192799285,-0.0355617123213,0.237190912179,-0.314929679827,0.00983693578794
47.517,1789944684.41,0.5454145979,0.460912268825,-0.0346697161225,0.217958203543,-0.305718195723,0.0189289850261
47.537,1789944684.43,0.537325945841,0.4686742656,-0.0364951900486,0.220889300655,-0.300163791687,0.0190680074826
47.557,1789944684.45,0.527904589768,0.475452170637,-0.040786129366,0.241838561888,-0.297409635154,0.0111701667843
47.577,1789944684.47,0.517575042724,0.481448886178,-0.0398184682459,0.228708503431,-0.287931253889,0.01743578197
47.597,1789944684.49,0.505805459705,0.486309717366,-0.044584793787,0.258916908253,-0.285710053002,0.00566982222464
47.617,1789944684.51,0.493258014386,0.490376546767,-0.0422311761052,0.238006533864,-0.273809741892,0.0142679348579
47.637,1789944684.53,0.479497647326,0.493386348164,-0.0424896646777,0.238527520456,-0.265270380272,0.0138724845203
47.657,1789944684.55,0.464576385639,0.49532580181,-0.045103894601,0.256348981763,-0.259263860056,0.00545480619115
47.677,1789944684.57,0.44887235312,0.496418229778,-0.0426207940644,0.241340054359,-0.246977808323,0.011245554242
47.697,1789944684.59,0.431952521054,0.496308738101,-0.0456497080317,0.268001861121,-0.241403437309,-0.000961841825602
47.717,1789944684.61,0.41437801021,0.495350828237,-0.0418694893297,0.245566124988,-0.227005756823,0.0071817653204
47.737,1789944684.63,0.395812044981,0.493291593779,-0.040598424883,0.243663939012,-0.215754048301,0.00640045532914
47.757,1789944684.65,0.376316548849,0.490129704031,-0.0416003023327,0.25833307391,-0.206889952482,-0.0023519858287
47.777,1789944684.67,0.356201551876,0.486083919539,-0.0378080395536,0.241576632852,-0.192486894754,0.00310591268886
47.797,1789944684.69,0.335157905918,0.480835118964,-0.0392716451354,0.264654409221,-0.184201737725,-0.00930084846734
47.817,1789944684.71,0.313614389173,0.474705544401,-0.0344200795643,0.24029568863,-0.167990554001,-0.00143118367466
47.837,1789944684.73,0.291352908954,0.467491117129,-0.0319554685227,0.236785437167,-0.155145861442,-0.00243842899601
47.857,1789944684.75,0.268437838227,0.459194216981,-0.0317028305145,0.248436577548,-0.144287772881,-0.0112718799355
47.877,1789944684.77,0.24510418064,0.450022331696,-0.0269667112452,0.234995098316,-0.13040255552,-0.00620490633035
47.897,1789944684.79,0.221152943375,0.439664328626,-0.0274101934058,0.249861359744,-0.118581804349,-0.0182743076264
47.917,1789944684.81,0.196891450265,0.428435701209,-0.0220196461874,0.224765819724,-0.101834694618,-0.010539035122
47.937,1789944684.83,0.172211689453,0.41618003514,-0.018955761952,0.217699142741,-0.0875260760458,-0.0114301889258
47.957,1789944684.85,0.147185208806,0.40292363077,-0.018003815771,0.226386245369,-0.0754768577538,-0.0200760560858
47.977,1789944684.87,0.121955603764,0.388813476569,-0.0131940770525,0.207152737675,-0.05968101058,-0.0147304226499
47.997,1789944684.89,0.0964747603108,0.373685222449,-0.0129795676658,0.223589971713,-0.0485269192735,-0.0266694451176
48.017,1789944684.91,0.070888074068,0.357713611351,-0.00773820641031,0.198543727854,-0.0321950043343,-0.0188829108187
48.037,1789944684.93,0.0451992746369,0.340831326116,-0.00470438666851,0.190866396829,-0.0181115152065,-0.0195365167092
48.057,1789944684.95,0.0194755355348,0.323066117116,-0.00368609761562,0.197088725676,-0.0057307218102,-0.0277479974942
48.077,1789944684.97,-0.00621623863743,0.304513502859,0.000637390590924,0.177091927089,0.00957573533823,-0.0221882889868
48.097,1789944684.99,-0.0318167527791,0.285104356457,0.000753628681957,0.189135191526,0.0214242416609,-0.0334824420627
48.117,1789944685.01,-0.0572975739448,0.264931566557,0.00520987214463,0.16464231007,0.0366010253032,-0.025532455611
48.137,1789944685.03,-0.0825557352554,0.244008499198,0.00756130451944,0.15840461469,0.0426410093051,-0.0260183071279
48.157,1789944685.05,-0.107597741313,0.222347328194,0.0081009568357,0.159179937465,0.0622412718014,-0.0333542787908
48.177,1789944685.07,-0.132356018029,0.200024306804,0.0114865345463,0.143453095719,0.0755153751004,-0.0275780572234
48.197,1789944685.09,-0.156711762743,0.177013942707,0.0110807665418,0.146455952134,0.0902456854648,-0.0376008568876
48.217,1789944685.11,-0.180708629399,0.153364394987,0.0140884948662,0.121617981766,0.108028032197,-0.0296010529949
48.237,1789944685.13,-0.204169126883,0.129163292737,0.0151791527824,0.111628208532,0.11653860273,-0.030356187321
48.257,1789944685.15,-0.227076676492,0.104442962747,0.014758101087,0.108572300025,0.127483416287,-0.0363050877309
48.277,1789944685.17,-0.249448379202,0.079241593326,0.016621630329,0.0949818119501,0.129937539029,-0.0304173856129
48.297,1789944685.19,-0.27118819583,0.0536070969875,0.0153910929628,0.0985758398403,0.147788321661,-0.0392547344331
48.317,1789944685.21,-0.292348168323,0.027492219604,0.0168011175029,0.07543301536,0.163268052641,-0.0308640425997
48.337,1789944685.23,-0.312740574813,0.0010495710337,0.0167851178812,0.0681886615709,0.170467315229,-0.0303175008881
48.357,1789944685.25,-0.332353869637,-0.0257114700177,0.0151057328051,0.0637307859525,0.187950366133,-0.0357970292891
48.377,1789944685.27,-0.35119007729,-0.0527983854553,0.0152157161905,0.0438862551786,0.1913042339,-0.0306947193806
48.397,1789944685.29,-0.369121209451,-0.0800566023236,0.0129646595704,0.0456733637989,0.199337758003,-0.0382675949193
48.417,1789944685.31,-0.386272298032,-0.107597263602,0.0128094831382,0.0217185842683,0.207616851298,-0.0296006238949
48.437,1789944685.33,-0.402475458663,-0.135219947962,0.0111970754577,0.0114933213036,0.215908986995,-0.0293586230717
48.457,1789944685.35,-0.4177243259,-0.162897269002,0.00861433844752,0.00884393840043,0.229272990259,-0.0332843109897
48.477,1789944685.37,-0.432031586107,-0.190681826331,0.00729225306789,-0.00968056582603,0.231725983478,-0.0279513704251
48.497,1789944685.39,-0.445274863105,-0.218388231754,0.00410587123041,-0.00911221202244,0.238075107759,-0.0346790468344
48.517,1789944685.41,-0.457581333155,-0.246156042351,0.0025359990641,-0.0316140928696,0.244255692161,-0.0258975355405
48.537,1789944685.43,-0.468796391152,-0.273775183302,-6.04991341885e-06,-0.043729638643,0.244105685569,-0.0252176623879
48.557,1789944685.45,-0.478952942293,-0.301199310926,-0.00347652872287,-0.0474245001704,0.255793853525,-0.0285564154956
48.577,1789944685.47,-0.488069926114,-0.328492306643,-0.00602343811032,-0.0637358990489,0.261620646411,-0.0231785763727
48.597,1789944685.49,-0.496022372499,-0.355474267651,-0.00985278687538,-0.0645341831283,0.266905949861,-0.0292877510775
48.617,1789944685.51,-0.502918739732,-0.382284868135,-0.012433655169,-0.0850968922274,0.270890656148,-0.0205921044488
48.637,1789944685.53,-0.508640062506,-0.408712963051,-0.0157909442393,-0.0956049748613,0.27376455204,-0.0197155286007
48.657,1789944685.55,-0.513195747279,-0.434739455101,-0.0195616917692,-0.10146908332,0.275715960988,-0.0227234939143
48.677,1789944685.57,-0.516636464509,-0.460401713091,-0.0227011275089,-0.116679519829,0.277109933953,-0.017459271559
48.697,1789944685.59,-0.51887831667,-0.485535575756,-0.0266961930906,-0.118841869578,0.277769949418,-0.0232354494491
48.717,1789944685.61,-0.520020383202,-0.510264393114,-0.0297415828624,-0.136964905325,0.278005849544,-0.0148852628872
48.737,1789944685.63,-0.519984584009,-0.534400793716,-0.0332587360074,-0.146599375342,0.277617781899,-0.0140448255065
48.757,1789944685.65,-0.518789481218,-0.557928024814,-0.0369823548495,-0.152259824097,0.276673881855,-0.0169174116647
48.777,1789944685.67,-0.51648187649,-0.58087777734,-0.0401800373544,-0.165364230436,0.275109928339,-0.0119214046124
48.797,1789944685.69,-0.513013655989,-0.603110254335,-0.0438703955597,-0.167861061552,0.273006212131,-0.0175250505251
48.817,1789944685.71,-0.508464097392,-0.624725138066,-0.0468290532721,-0.18276305515,0.270188335091,-0.00969504446913
48.837,1789944685.73,-0.502793045243,-0.645570597348,-0.0500016837557,-0.190870633121,0.266819952644,-0.00909486874719
48.857,1789944685.75,-0.496026383321,-0.665632404382,-0.0532073093078,-0.195729537492,0.262907553252,-0.0120944254845
48.877,1789944685.77,-0.488208457509,-0.684933966681,-0.055965395396,-0.206101988196,0.258237847021,-0.00765570073806
48.897,1789944685.79,-0.479324515854,-0.703368015557,-0.0589260571446,-0.208413052257,0.253197110726,-0.0133414009643
48.917,1789944685.81,-0.469438730343,-0.721005535812,-0.0613229278933,-0.219522292643,0.247263316533,-0.00627886765384
48.937,1789944685.83,-0.458544393758,-0.737736562514,-0.0637368830745,-0.225603731035,0.240945792811,-0.00613375187335
48.957,1789944685.85,-0.446674763672,-0.753549828836,-0.0660558054915,-0.22921958657,0.2342007477,-0.00942082205996
48.977,1789944685.87,-0.433873689848,-0.768459887478,-0.0679948256037,-0.236427763611,0.226674667065,-0.00565289142173
48.997,1789944685.89,-0.420153332926,-0.782394588207,-0.0699318629909,-0.238143709871,0.219019538446,-0.0115713640835
49.017,1789944685.91,-0.405568033509,-0.795396168186,-0.0714444670576,-0.245027913287,0.210373133301,-0.00540327654008
49.037,1789944685.93,-0.390136896181,-0.807398126696,-0.0728461805446,-0.248696723885,0.201558131653,-0.00583205730381
49.057,1789944685.95,-0.373899560153,-0.818392861796,-0.0740798194717,-0.250709565822,0.192472819215,-0.00953063757671
49.077,1789944685.97,-0.356900832811,-0.828387378639,-0.0750068872356,-0.254398082833,0.182624016345,-0.00655074712142
49.097,1789944685.99,-0.339172524743,-0.83734486903,-0.0758071235205,-0.255260784314,0.172912955452,-0.0127662586624
49.117,1789944686.01,-0.320763714666,-0.84528108738,-0.0763133151455,-0.257684872186,0.162143413947,-0.00752115207473
49.137,1789944686.03,-0.301711608888,-0.852171974531,-0.0766448720109,-0.258767394777,0.151442287825,-0.0085272706551
49.157,1789944686.05,-0.282060966466,-0.858014216656,-0.0767875650108,-0.259048554184,0.140648954781,-0.0126310289568
49.177,1789944686.07,-0.261858352988,-0.862808891523,-0.0767119795489,-0.259116414727,0.129132282368,-0.0104080147305
49.197,1789944686.09,-0.241148459206,-0.8665530237,-0.0764508809699,-0.259075497143,0.118034457372,-0.016877472805
49.217,1789944686.11,-0.219978291407,-0.869238461855,-0.0760332768576,-0.257008876451,0.105829351758,-0.0124962256943
49.237,1789944686.13,-0.198396386724,-0.870882039677,-0.0754269280323,-0.255513750972,0.0939392311461,-0.0140026496702
49.257,1789944686.15,-0.176451028342,-0.87148518102,-0.0746517771925,-0.254116456779,0.0821432678766,-0.0184238698996
49.277,1789944686.17,-0.154190435804,-0.87104413544,-0.0737657640146,-0.250647903527,0.0696745765746,-0.0168605276435
49.297,1789944686.19,-0.131666290255,-0.869588531568,-0.0726769575121,-0.249819981831,0.0579026387815,-0.0234474254937
49.317,1789944686.21,-0.108925280169,-0.867087441896,-0.0715874633907,-0.243410108038,0.0449828387887,-0.0197998731081
49.337,1789944686.23,-0.0860212901507,-0.863597935014,-0.0703220133452,-0.239515636803,0.0326200818308,-0.0216661571601
49.357,1789944686.25,-0.0630042051768,-0.859125947936,-0.0689313743679,-0.236627075548,0.020527754438,-0.0262144858251
49.377,1789944686.27,-0.0399231794437,-0.85366295241,-0.0675562356009,-0.229826674021,0.00781080229427,-0.025101960439
49.397,1789944686.29,-0.0168313792181,-0.84727128468,-0.0659711228788,-0.228451970854,-0.0039416433029,-0.0316093219821
49.417,1789944686.31,0.0062235758264,-0.839895938135,-0.0645671417077,-0.21796436976,-0.0168845437248,-0.02851275697
49.437,1789944686.33,0.0291896450133,-0.83163523904,-0.0629139791659,-0.208171322299,-0.0295026540845,-0.0307120571436
49.457,1789944686.35,0.0520122414554,-0.822510783307,-0.0613565244311,-0.207833387455,-0.0407620960612,-0.0349731985064
49.477,1789944686.37,0.0746483343438,-0.812504046077,-0.0598131347233,-0.198660858188,-0.0534997860805,-0.0346840544384
49.497,1789944686.39,0.0970438323888,-0.801690631468,-0.0581240155377,-0.196650928156,-0.0646371135538,-0.0401354469074
49.517,1789944686.41,0.119149619587,-0.790001817813,-0.0568009002491,-0.18230788157,-0.0769245723004,-0.0373555093232
49.537,1789944686.43,0.140924707213,-0.777570986646,-0.0553075776488,-0.171829935283,-0.0905604213231,-0.039871713318
49.557,1789944686.45,0.16230037352,-0.764433251586,-0.0537672723404,-0.168934108096,-0.098801372104,-0.0431981892524
49.577,1789944686.47,0.18324917123,-0.750555342845,-0.052477944282,-0.158184146697,-0.109598050042,-0.043219513613
49.597,1789944686.49,0.20373064956,-0.736044473699,-0.0509668804329,-0.155852710165,-0.1191361949,-0.0481643761624
49.617,1789944686.51,0.22369156749,-0.720805212612,-0.0500610895931,-0.138069918659,-0.130289909703,-0.0455664131677
49.637,1789944686.53,0.243103176904,-0.705024513011,-0.0488694202265,-0.129740250973,-0.140220611769,-0.0477465382612
49.657,1789944686.55,0.261912876623,-0.688689183582,-0.0477837762032,-0.12221947256,-0.147604409266,-0.0506221316572
49.677,1789944686.57,0.280098750293,-0.671813403721,-0.0469319390203,-0.109310073881,-0.159527019079,-0.0505455849277
49.697,1789944686.59,0.297615590745,-0.654512803471,-0.0458005772657,-0.106626409761,-0.168116255698,-0.0548628507366
49.717,1789944686.61,0.314399589136,-0.636670705802,-0.0455422532502,-0.0858408207541,-0.178068425729,-0.0523164614281
49.737,1789944686.63,0.330447146258,-0.61851537547,-0.0448596756963,-0.0768279644471,-0.18610436817,-0.0540201435253
49.757,1789944686.65,0.345712761687,-0.600030461743,-0.0442343250033,-0.0693207900687,-0.193497856479,-0.0563650188663
49.777,1789944686.67,0.360154240908,-0.581211279028,-0.0440622478165,-0.0548344962058,-0.201010451149,-0.0559055278506
49.797,1789944686.69,0.373773792737,-0.5622090783,-0.0433883311575,-0.0529593918475,-0.206946103845,-0.0593992716582
49.817,1789944686.71,0.386488277984,-0.542873179449,-0.0439001732724,-0.0296140345927,-0.214325584319,-0.0567842861129
49.837,1789944686.73,0.39833518513,-0.52347086303,-0.0437697561411,-0.0203295668597,-0.219967736333,-0.0579302440417
49.857,1789944686.75,0.409268669508,-0.503977111232,-0.043659870807,-0.0129629815698,-0.224999602838,-0.0596483112123
49.877,1789944686.77,0.419247828858,-0.484379622822,-0.0441232670286,0.00254816974897,-0.230249731437,-0.0588685040048
49.897,1789944686.79,0.428305569027,-0.464849004123,-0.043837233264,0.0031562174361,-0.23372433905,-0.0615445237175
49.917,1789944686.81,0.436334744555,-0.445206440846,-0.045089128552,0.0286198356063,-0.238830715164,-0.0589295021416
49.937,1789944686.83,0.443419224047,-0.425750083558,-0.0454160607335,0.0376623906808,-0.241944239425,-0.059548672642
49.957,1789944686.85,0.44951148622,-0.406445855831,-0.0456968966586,0.044346697991,-0.244350394508,-0.060671273424
49.977,1789944686.87,0.454570615528,-0.387272889174,-0.0466775680408,0.0603519532797,-0.246998589009,-0.0596283216929
49.997,1789944686.89,0.458665361305,-0.368414224528,-0.0466006131503,0.0590887058371,-0.247640585759,-0.0615285184955
50.017,1789944686.91,0.461661057086,-0.349667376106,-0.0484589079542,0.0862059947256,-0.250163694794,-0.0590019337552
50.037,1789944686.93,0.463692922701,-0.331351367293,-0.0490540307728,0.0944304490682,-0.250463687653,-0.0591780754032
50.057,1789944686.95,0.464711670082,-0.313423385325,-0.0495107480771,0.0997732422994,-0.250002833564,-0.0598108777254
50.077,1789944686.97,0.464675703275,-0.295853314013,-0.0508053756741,0.115634083263,-0.249872289681,-0.0586418126903
50.097,1789944686.99,0.463690477177,-0.278828115747,-0.050693234236,0.111821603435,-0.24754443675,-0.0598913827329
50.117,1789944687.01,0.461594948137,-0.26212774123,-0.0529512472271,0.140025507407,-0.24740497575,-0.0576253839504
50.137,1789944687.03,0.458573639575,-0.246081044252,-0.0535663146097,0.146683793716,-0.244840226976,-0.0575303070643
50.157,1789944687.05,0.454575623521,-0.230635570947,-0.0539482903664,0.150036771669,-0.241505587608,-0.0578376992961
50.177,1789944687.07,0.449475468966,-0.215662094882,-0.0572381809129,0.189153344854,-0.240674931737,-0.0550339471221
50.197,1789944687.09,0.443529817625,-0.201579891564,-0.0577853523024,0.193997003312,-0.236370335648,-0.0549628032064
50.217,1789944687.11,0.436682144583,-0.188323384762,-0.0572746450379,0.184266051139,-0.230399527077,-0.0557578972439
50.237,1789944687.13,0.428878752773,-0.175781752308,-0.0574687019617,0.181492977486,-0.224557131451,-0.0556848308024
50.257,1789944687.15,0.420190026129,-0.163976925649,-0.057382641127,0.176826594339,-0.218137450213,-0.0559590889719
50.277,1789944687.17,0.410574442015,-0.152827020616,-0.0586086650183,0.193364338931,-0.212900933741,-0.0552774508391
50.297,1789944687.19,0.400192607393,-0.14253868849,-0.0578048633803,0.182030415558,-0.205134626317,-0.0555736595852
50.317,1789944687.21,0.388864071921,-0.132856407143,-0.0603090347639,0.21433147855,-0.200074048834,-0.0545818556472
50.337,1789944687.23,0.376839271658,-0.124122950877,-0.0602261460259,0.222434493079,-0.192183219012,-0.0546273187841
50.357,1789944687.25,0.36406256644,-0.116302347903,-0.0600097185901,0.218897777951,-0.186469629663,-0.0546860396022
50.377,1789944687.27,0.350503073888,-0.109323205915,-0.0607413995643,0.23289554987,-0.17696073904,-0.0543968572071
50.397,1789944687.29,0.336313396643,-0.103346062945,-0.0595512006378,0.222210902831,-0.167205542847,-0.0546648655166
50.417,1789944687.31,0.321354302951,-0.0981533867944,-0.0617562748025,0.249223451533,-0.161538181826,-0.0542968928634
50.437,1789944687.33,0.305843853608,-0.0940499465189,-0.0610997414006,0.247295862813,-0.150316525193,-0.0544347683242
50.457,1789944687.35,0.289746072988,-0.0909415536016,-0.0604332745323,0.241811401079,-0.140657118442,-0.0545769824693
50.477,1789944687.37,0.273059225336,-0.0887700057169,-0.0608501650379,0.251259453275,-0.130742667208,-0.0547970416849
50.497,1789944687.39,0.255919924091,-0.0876710344483,-0.059099673991,0.235660567034,-0.119561136813,-0.0551015017713
50.517,1789944687.41,0.238220330683,-0.0873984401011,-0.0611993853622,0.264067532688,-0.11302506375,-0.0556103123373
50.537,1789944687.43,0.220148976291,-0.088286655046,-0.0600375924935,0.25595776865,-0.100296856441,-0.0559901524065
50.557,1789944687.45,0.201693112294,-0.0901963939682,-0.0590141070886,0.247520370606,-0.0922809105082,-0.0565479377804
50.577,1789944687.47,0.182834394348,-0.0930562451811,-0.0592518474522,0.25857568052,-0.0763530339496,-0.0570854021162
50.597,1789944687.49,0.163739097837,-0.0970392187303,-0.0568931053992,0.233839662398,-0.066104257554,-0.0574556007849
50.617,1789944687.51,0.14431684321,-0.101817364651,-0.058937552794,0.261459766285,-0.0566951916334,-0.0588963980612
50.637,1789944687.53,0.124720054695,-0.10774811464,-0.0576143553391,0.254312381535,-0.0430020139446,-0.0593359060872
50.657,1789944687.55,0.10497672307,-0.114706855078,-0.0561952313697,0.239027457896,-0.0378620635577,-0.0601958370312
50.677,1789944687.57,0.0850489194368,-0.122580198766,-0.0562267442311,0.242343563042,-0.0207464507772,-0.0612408289589
50.697,1789944687.59,0.0650854853955,-0.131507897894,-0.0536745277664,0.21683976104,-0.0137295001808,-0.0614119355102
50.717,1789944687.61,0.0450344549392,-0.141135521657,-0.0558697511509,0.246323303929,-0.00174099606483,-0.0636485472506
50.737,1789944687.63,0.0250005237382,-0.151887814991,-0.054357050831,0.232594828212,0.00968868214978,-0.0641737607258
50.757,1789944687.65,0.00501029283495,-0.163551750572,-0.0532656524044,0.222922242855,0.0213270177081,-0.0650669348908
50.777,1789944687.67,-0.0148960645309,-0.17608208857,-0.0531869598605,0.221525021848,0.0321139549588,-0.0662460697915
50.797,1789944687.69,-0.0346745005944,-0.189586542138,-0.0508676642745,0.193578614099,0.0437405175415,-0.0662810664587
50.817,1789944687.71,-0.0542562583747,-0.203667459047,-0.053218394418,0.221346051649,0.0532226823533,-0.0691106107243
50.837,1789944687.73,-0.0736463572947,-0.218796895897,-0.0519372383172,0.204285031698,0.0639745600885,-0.0694927448386
50.857,1789944687.75,-0.0927757942087,-0.234717481115,-0.0511146388751,0.191749134691,0.0744284874026,-0.0702882441873
50.877,1789944687.77,-0.111604017637,-0.251367588306,-0.0513909608811,0.188566863426,0.084315250648,-0.0715320752088
50.897,1789944687.79,-0.130122859252,-0.268876527767,-0.0494589445536,0.157197891367,0.0946688951001,-0.0711437625135
50.917,1789944687.81,-0.148203030481,-0.286768535812,-0.0522018768394,0.185439339014,0.103519144779,-0.0743999507662
50.937,1789944687.83,-0.165929647668,-0.305596596797,-0.0513989558351,0.165818835586,0.112996534472,-0.0744319527203
50.957,1789944687.85,-0.183202057007,-0.325052857542,-0.0510737484117,0.151195632856,0.12215010555,-0.0749242827215
50.977,1789944687.87,-0.199977903955,-0.345061380817,-0.0518872422897,0.146700898241,0.13074542952,-0.0760384556343
50.997,1789944687.89,-0.216283961842,-0.365779106002,-0.0505750907129,0.112231112796,0.139352587931,-0.0750230051211
51.017,1789944687.91,-0.23194303043,-0.386647690302,-0.0538039719073,0.141373613816,0.14713190688,-0.0785341299105
51.037,1789944687.93,-0.247106768282,-0.40830578715,-0.0536889660588,0.119923287515,0.154817889274,-0.0780649832731
51.057,1789944687.95,-0.261654333317,-0.430400075199,-0.0540235741312,0.103698749562,0.162168415537,-0.0780934264234
51.077,1789944687.97,-0.275543827562,-0.45284022648,-0.0554863386205,0.0983489562666,0.169012808127,-0.078933625578
51.097,1789944687.99,-0.288831370437,-0.475812327064,-0.0549619747586,0.0613303341168,0.175411079352,-0.0771586517562
51.117,1789944688.01,-0.30131248321,-0.498683992602,-0.0586811429228,0.0917941430945,0.181731548134,-0.0808070913106
51.137,1789944688.03,-0.31318356016,-0.522173259541,-0.0593289289295,0.0687568851449,0.187242822595,-0.0797164026812
51.157,1789944688.05,-0.32431672355,-0.545886468181,-0.0603832164372,0.0514080702987,0.192429303919,-0.07918831025
51.177,1789944688.07,-0.334673703392,-0.569721699589,-0.0625037032656,0.0457321653144,0.197198275895,-0.0796836493006
51.197,1789944688.09,-0.344331170626,-0.593891879599,-0.0628143819534,0.00669128058134,0.201082186215,-0.0770855160814
51.217,1789944688.11,-0.353080907712,-0.617707928047,-0.0669313248894,0.0390807297859,0.205656648878,-0.0808396639707
51.237,1789944688.13,-0.361137731824,-0.641949733566,-0.0683210220582,0.0150613249306,0.20874090547,-0.0791101140974
51.257,1789944688.15,-0.368381412391,-0.666197967507,-0.0700389150381,-0.00292960392924,0.21152925117,-0.0780127516144
51.277,1789944688.17,-0.374680982987,-0.690030825525,-0.0753270616565,0.0529691056574,0.215606848684,-0.0842578590466
51.297,1789944688.19,-0.380293733826,-0.714471715439,-0.0770018532429,0.0261373278259,0.217166338414,-0.0821966012397
51.317,1789944688.21,-0.385104519507,-0.739084320376,-0.0780292146537,-0.0211758707887,0.217695762395,-0.0784803938831
51.337,1789944688.23,-0.389061565827,-0.763548915714,-0.0797297987196,-0.0631084613823,0.217881240773,-0.0756507835833
51.357,1789944688.25,-0.392176323373,-0.787689796931,-0.0817759048679,-0.0912688437437,0.21797791417,-0.0737447470692
51.377,1789944688.27,-0.394423188052,-0.811333439882,-0.0848239230359,-0.0929325728778,0.218173167704,-0.0736348272132
51.397,1789944688.29,-0.395894695976,-0.834764460034,-0.0865481357012,-0.127747759703,0.216808934241,-0.0694911613117
51.417,1789944688.31,-0.396440545211,-0.857296641974,-0.0908878249483,-0.0819412062239,0.217604217314,-0.0736482240649
51.437,1789944688.33,-0.396238281513,-0.879780784391,-0.0933515461652,-0.0994492128733,0.215748781202,-0.0709050029188
51.457,1789944688.35,-0.395217451971,-0.901829383593,-0.0959408400549,-0.111738616006,0.213697656111,-0.0690424961859
51.477,1789944688.37,-0.393366648869,-0.923350213319,-0.0991433441332,-0.111734658402,0.211607642855,-0.068999819896
51.497,1789944688.39,-0.391157316544,-0.946855045246,-0.0913884889874,-0.816924014691,0.161161701107,0.373643920431
51.517,1789944688.41,-0.388297663584,-0.967623176616,-0.0803886112377,-1.52378601429,0.194423631752,-0.0393658605578
51.537,1789944688.43,-0.384132094715,-0.979728051319,-0.0827654417778,-1.55501203236,0.190912295491,-0.0540008360569
51.557,1789944688.45,-0.378838147981,-0.986553835654,-0.0795808005189,-1.72077717132,-0.110852243185,-0.0848296995222
51.577,1789944688.47,-0.373921322485,-0.986638411627,-0.0751665757695,-1.84922236849,-0.480735013092,-0.0880350146227
51.597,1789944688.49,-0.371353070672,-0.978144231726,-0.0756386315343,-1.56248834105,-0.509860577082,-0.0704727196186
51.617,1789944688.51,-0.370975983148,-0.963565857414,-0.0746673286152,-1.23033809172,-0.46805910483,-0.0451501947778
51.637,1789944688.53,-0.372585846439,-0.9442448983,-0.0728461693229,-0.900309635072,-0.356605288153,-0.018766494502
51.657,1789944688.55,-0.375579425572,-0.921937226009,-0.066797448164,-0.645366749987,-0.328070196829,0.0100130029134
51.677,1789944688.57,-0.379864635802,-0.897127162755,-0.0618328876483,-0.460853867824,-0.269384724029,0.0282592530615
51.697,1789944688.59,-0.385213799344,-0.870641835699,-0.0569180027216,-0.352448423348,-0.195062641584,0.0393482637138
51.717,1789944688.61,-0.391307180513,-0.842899736521,-0.0516404611403,-0.29383342434,-0.12968525997,0.0455901993983
51.737,1789944688.64,-0.397874610978,-0.814064849162,-0.0462410576516,-0.266656084447,-0.0771029018936,0.0481524335662
51.757,1789944688.65,-0.404673691294,-0.784477183746,-0.0374550322848,-0.256218407414,-0.125570127993,0.0556371748472
51.777,1789944688.67,-0.411981798619,-0.753751176784,-0.030063746946,-0.245963295326,-0.132998795693,0.0575217197625
51.797,1789944688.69,-0.419824457468,-0.721972209468,-0.0237553576563,-0.247081480256,-0.10494483585,0.0557275217888
51.817,1789944688.71,-0.428079717675,-0.689191966292,-0.0175248791173,-0.24103380107,-0.0723970026476,0.0536478232515
51.837,1789944688.73,-0.43661993275,-0.655440884331,-0.0112227543671,-0.231484709701,-0.0405102745051,0.0514886441077
51.857,1789944688.75,-0.445286712695,-0.620955930826,-0.00168408903381,-0.217214789591,-0.100404576521,0.0582680419367
51.877,1789944688.77,-0.454359471638,-0.585433531686,0.00549482359468,-0.20038898226,-0.102248365478,0.0585594906766
51.897,1789944688.8,-0.463849984424,-0.549035967914,0.0117240546125,-0.181904688444,-0.0773252127223,0.0564812373384
51.917,1789944688.82,-0.473654224509,-0.511887435161,0.0176134403086,-0.162474728166,-0.0430430403626,0.0539400274189
51.937,1789944688.83,-0.483631244005,-0.474067101721,0.0233537560209,-0.142628320628,-0.00969824099346,0.0514614255636
51.957,1789944688.85,-0.49364594302,-0.435809969363,0.032373547625,-0.122522289235,-0.0671269091982,0.0599370834453
51.977,1789944688.88,-0.503910053245,-0.396921853798,0.0386957448562,-0.102391393541,-0.0734006689188,0.0606708584193
51.997,1789944688.9,-0.514474022502,-0.357544766304,0.0434660759102,-0.0826369993103,-0.0421132719072,0.0584385426484
52.017,1789944688.92,-0.525206720923,-0.317818793944,0.0477570677819,-0.0631321110076,-0.0069518456123,0.0555992586242
52.037,1789944688.94,-0.535966873014,-0.277816760461,0.0516738227521,-0.0439073185361,0.0268385002282,0.0528840666462
52.057,1789944688.96,-0.546652131833,-0.237714323465,0.0589900685843,-0.0251813838013,-0.0306124331392,0.0631320434112
52.077,1789944688.98,-0.557415833115,-0.19741616789,0.0630436770259,-0.00619422927305,-0.0318492479768,0.06444814122
52.097,1789944689,-0.568296441559,-0.157052375867,0.0655431514969,0.0126615148953,-0.00738353977937,0.0622813754536
52.117,1789944689.02,-0.579203993405,-0.116736422363,0.0672631474609,0.03135717838,0.0260620701405,0.0593495978005
52.137,1789944689.04,-0.590005016531,-0.0765401580399,0.068477265605,0.0498055070725,0.0581564333548,0.0565928942744
52.157,1789944689.06,-0.600645352157,-0.0365640920534,0.0733057043471,0.0672324305826,0.000178467814481,0.0687002417632
52.177,1789944689.08,-0.61121117744,0.00315922129895,0.074537357931,0.0852851677408,-0.00135353474718,0.0706807037336
52.197,1789944689.1,-0.621760528904,0.0425351085072,0.0740585316414,0.103315843471,0.0228000855328,0.0686363401655
52.217,1789944689.12,-0.632213743839,0.08146722279,0.0727435102218,0.121202075447,0.0560127279757,0.0656333236126
52.237,1789944689.14,-0.642440823823,0.119892556548,0.0708999075478,0.138755962853,0.0878262051198,0.0627875958438
52.257,1789944689.16,-0.652431598658,0.157799377867,0.0730048863141,0.154596555657,0.0291345424206,0.0765746836982
52.277,1789944689.18,-0.662204658574,0.195013145015,0.0713065040439,0.171408951981,0.0269567926296,0.0790745482324
52.297,1789944689.2,-0.671840145551,0.231483394851,0.067842053184,0.188286958302,0.0506456293913,0.0769562252414
52.317,1789944689.22,-0.681271603116,0.267138596663,0.0635990908526,0.205008506946,0.0834936642818,0.0736674818112
52.337,1789944689.24,-0.69037348783,0.301928224584,0.058920564331,0.22127464095,0.114768053272,0.0705247968658
52.357,1789944689.26,-0.69917981528,0.335937962956,0.0585977702746,0.23501821855,0.0548556884183,0.0856084377973
52.377,1789944689.28,-0.707645794338,0.368847777764,0.0543865696307,0.250101447171,0.0518692497551,0.0882932463359
52.397,1789944689.3,-0.715874303572,0.400657762674,0.0484697857519,0.265327321899,0.074885662304,0.0858254764099
52.417,1789944689.32,-0.723813238878,0.431327761423,0.0419318347091,0.280354174039,0.107175547775,0.0819810823367
52.437,1789944689.34,-0.731341370873,0.460822072653,0.0351307015374,0.294764001506,0.137894834233,0.0782255854939
52.457,1789944689.36,-0.738533139377,0.489324572398,0.0331301202357,0.305730919804,0.0765191711605,0.094093614773
52.477,1789944689.38,-0.745288054945,0.516379503334,0.0272711181206,0.318398782491,0.0725690451839,0.09656214615
52.497,1789944689.4,-0.75172989455,0.542039690656,0.0198500962166,0.331264834358,0.0948142226802,0.093394406261
52.517,1789944689.42,-0.757820487447,0.566300658126,0.0120339924293,0.343846689766,0.126413170989,0.08866936284
52.537,1789944689.44,-0.763442043333,0.589142853851,0.00418275847932,0.355612317756,0.156423387563,0.0839784011876
52.557,1789944689.46,-0.768702711254,0.610840324307,0.00157288529649,0.36295308762,0.093204569321,0.100111599892
52.577,1789944689.48,-0.773426043299,0.630793991999,-0.00527372041161,0.372981561811,0.0918564286509,0.101078692577
52.597,1789944689.5,-0.777822129928,0.649188405214,-0.0126400563916,0.38229568983,0.107500168348,0.0982799925293
52.617,1789944689.52,-0.781797698999,0.665955666462,-0.0208851398633,0.3917145918,0.144417338637,0.0908892405231
52.637,1789944689.54,-0.785293275706,0.681194227075,-0.0281197290033,0.399446747728,0.166493838816,0.0866254740375
52.657,1789944689.56,-0.788413450367,0.695181561389,-0.029999290031,0.40201315544,0.0984043842464,0.103141021122
52.677,1789944689.58,-0.790978433895,0.707262717461,-0.0358696934976,0.407933456158,0.0884507844894,0.103373942627
52.697,1789944689.6,-0.793232093749,0.717629636206,-0.0425951004282,0.412726638772,0.115827275439,0.0978907817347
52.717,1789944689.62,-0.795048209863,0.726295533778,-0.0497304418213,0.417987247582,0.154225732066,0.0889037657353
52.737,1789944689.64,-0.796357981274,0.733367288058,-0.0556355891049,0.421370780855,0.17675401352,0.0832830752773
52.757,1789944689.66,-0.797272413756,0.739149542233,-0.0560222602247,0.415220806423,0.114155262384,0.0979189156837
52.777,1789944689.68,-0.797557324974,0.74298720111,-0.0603214655864,0.419835856185,0.106464650316,0.0970817818891
52.797,1789944689.7,-0.797471696221,0.745118764973,-0.0648621359332,0.420880846423,0.11897144629,0.0920319588769
52.817,1789944689.72,-0.796937578483,0.745528828825,-0.0699048171461,0.422017719436,0.153073235839,0.0821921799049
52.837,1789944689.74,-0.795904333199,0.744356412476,-0.0735942275077,0.420629895014,0.172714004536,0.0756524393009
52.857,1789944689.76,-0.7944853908,0.741936846033,-0.0715795074747,0.412784416421,0.10106244427,0.0909173204009
52.877,1789944689.78,-0.792496764574,0.737575549034,-0.0735525485292,0.408523700973,0.100565515783,0.0877156823877
52.897,1789944689.8,-0.790149285283,0.731583720735,-0.0756035335799,0.403992257779,0.114127351196,0.0814781181741
52.917,1789944689.82,-0.787364948387,0.723961189742,-0.0780706906084,0.39977592452,0.149060733123,0.070570684724
52.937,1789944689.84,-0.784079640388,0.714856539696,-0.0791578297792,0.393630818986,0.16829311344,0.0632565008222
52.957,1789944689.86,-0.780393918315,0.704596841254,-0.0746223485991,0.38113187414,0.0955818644589,0.0779268562584
52.977,1789944689.88,-0.776153936293,0.692549811206,-0.0739855419443,0.372555158089,0.0939840470551,0.074173896736
52.997,1789944689.9,-0.771560308235,0.679020368869,-0.0734470322528,0.363895668891,0.106433709733,0.0675088327673
53.017,1789944689.92,-0.766542177918,0.664030329716,-0.0733300157628,0.355658652369,0.140265892297,0.0563520097906
53.037,1789944689.94,-0.761027794808,0.647722775151,-0.0719335127858,0.345636033722,0.158603184438,0.048847521729
53.057,1789944689.96,-0.755098158437,0.630396614977,-0.0651612690697,0.329450131081,0.0850144479406,0.0632150704165
53.077,1789944689.98,-0.748649685327,0.611522174421,-0.0622284870335,0.317305367219,0.0825305862862,0.0594132397676
53.097,1789944690,-0.741863769948,0.591378173628,-0.0595107247954,0.305291570944,0.0943550483777,0.0528130916936
53.117,1789944690.02,-0.734676673085,0.570007330805,-0.05729474391,0.293847308865,0.12753414524,0.0419607293778
53.137,1789944690.04,-0.727005958498,0.54754083403,-0.0539737702291,0.280858421337,0.145048618027,0.0348652673195
53.157,1789944690.06,-0.718904565841,0.524230940816,-0.0456940361287,0.262178769232,0.0712327379438,0.0491810770795
53.177,1789944690.08,-0.710336135901,0.49968025242,-0.0412145618371,0.247586037334,0.0684834698264,0.0457121530526
53.197,1789944690.1,-0.701456246511,0.47412844172,-0.0370967573413,0.233313779293,0.0797787125946,0.0396871467871
53.217,1789944690.12,-0.69220821344,0.447633993347,-0.0336046238243,0.219752477192,0.112292660284,0.0296739766097
53.237,1789944690.14,-0.682496959016,0.420309207749,-0.0292693465611,0.204940632491,0.129502734947,0.0233267399982
53.257,1789944690.16,-0.672343174923,0.392352962319,-0.0204673915349,0.1849776634,0.0556036314697,0.0378389471346
53.277,1789944690.18,-0.661790946994,0.363513492266,-0.015386075682,0.169028357269,0.0522854063066,0.0351321184095
53.297,1789944690.2,-0.650965852648,0.333980170821,-0.0108576992101,0.153568274198,0.0632722224972,0.0299662176108
53.317,1789944690.22,-0.639819368118,0.303824190585,-0.00708186183851,0.138922083942,0.0953472411556,0.0210666133464
53.337,1789944690.24,-0.62824318596,0.273137234262,-0.00272017924017,0.123265371575,0.112138516437,0.0157619685848
53.357,1789944690.26,-0.616222233829,0.242059852322,0.00554105115386,0.103009093894,0.0384992951646,0.0305098217508
53.377,1789944690.28,-0.603896587484,0.210494906816,0.010326247565,0.0914682393645,0.0354719987919,0.0287274977332
53.397,1789944690.3,-0.591334185711,0.178530423194,0.0141909037646,0.0708335624268,0.0456655536537,0.0244651776338
53.417,1789944690.32,-0.578515139833,0.146302324161,0.0173473603032,0.0608136521825,0.0738426773684,0.0167805912
53.437,1789944690.34,-0.56533374883,0.113823252328,0.0207762142564,0.0381266901004,0.0933480708688,0.0125256879448
53.457,1789944690.36,-0.551730744752,0.0812410249402,0.0279195138942,0.0172887446777,0.015802098235,0.0284222381809
53.477,1789944690.38,-0.537913741724,0.0485643725631,0.0310333331904,0.00197800944221,0.0173323324453,0.0263691448721
53.497,1789944690.4,-0.52396091491,0.0158816544558,0.0337198246018,-0.0143961802256,0.0322330181276,0.0232366919548
53.517,1789944690.42,-0.509783299858,-0.016720083971,0.0355510529628,-0.0263632374962,0.055588633199,0.0159856684455
53.537,1789944690.44,-0.495310170405,-0.0492099339714,0.0375164352524,-0.0421293710378,0.0727426873125,0.0137432474107
53.557,1789944690.46,-0.480436510496,-0.0815408297223,0.0420075748701,-0.0621631314829,0.00860166123628,0.0287740045674
53.577,1789944690.48,-0.465426651423,-0.11358044316,0.0435943662502,-0.0755036772635,0.00230737718505,0.0269763183842
53.597,1789944690.5,-0.450335525109,-0.145302161901,0.0446548965814,-0.0899292756074,0.00560403240038,0.0257339812579
53.617,1789944690.52,-0.435153135389,-0.176620020678,0.0444722275129,-0.102933427702,0.0408914263238,0.0188513844844
53.637,1789944690.54,-0.419713137098,-0.207516108829,0.0445998581549,-0.119324738498,0.0513113553212,0.0171894015731
53.657,1789944690.56,-0.403931758672,-0.237968383662,0.0471546622597,-0.135210853508,-0.02555336343,0.0328828206109
53.677,1789944690.58,-0.388200592004,-0.267789298058,0.0468115381571,-0.147485453901,-0.0296698610811,0.0312812025963
53.697,1789944690.6,-0.372529411362,-0.296984493168,0.0457632735597,-0.161970820364,-0.0159495569416,0.0302628228291
53.717,1789944690.62,-0.356867565369,-0.325472319565,0.0438454012912,-0.17408637852,0.0219512060727,0.0240008247872
53.737,1789944690.64,-0.34102318062,-0.353250907877,0.0422888006407,-0.187252115315,0.031732319299,0.0231245188314
53.757,1789944690.66,-0.324883233385,-0.380323341286,0.0424402760011,-0.203677050535,-0.0428025061543,0.0378752272884
53.777,1789944690.68,-0.308915991674,-0.406458977441,0.0402166865027,-0.215596857405,-0.0392109696325,0.0361974256953
53.797,1789944690.7,-0.293045732135,-0.431695296909,0.037734205797,-0.227252689531,-0.0346488469368,0.035373733284
53.817,1789944690.72,-0.277286369573,-0.455953958292,0.0344664232838,-0.23699940745,0.000693687749515,0.0293556068445
53.837,1789944690.74,-0.261433871505,-0.47925109648,0.0315015151393,-0.247755274821,0.0087599081,0.0284634352093
53.857,1789944690.76,-0.24536785885,-0.501601159095,0.0298703101872,-0.262011698563,-0.064984654551,0.0425141605405
53.877,1789944690.78,-0.229603756043,-0.522779829619,0.0264810154781,-0.271496596343,-0.0612776884795,0.0406463182862
53.897,1789944690.8,-0.214037585616,-0.542837054061,0.0229384147219,-0.280670641426,-0.0564344350893,0.0396163241153
53.917,1789944690.82,-0.198688808047,-0.561712107991,0.0189081717246,-0.2877030611,-0.0213032891802,0.03352984222
53.937,1789944690.84,-0.183341847312,-0.579427354583,0.0151665328805,-0.295751158883,-0.0130851549195,0.0323440581033
53.957,1789944690.86,-0.167865467423,-0.596001039149,0.0124430790946,-0.307511710091,-0.0852923597663,0.0455708046303
53.977,1789944690.88,-0.152792432107,-0.611255391979,0.00881901050442,-0.312386065558,-0.0910826979155,0.0430811103972
53.997,1789944690.9,-0.138073226494,-0.625212552087,0.00472220301687,-0.320122300583,-0.0764170401706,0.0417694773785
54.017,1789944690.92,-0.123656424645,-0.63786156019,0.000654474977946,-0.324064674501,-0.0402808914665,0.035369756381
54.037,1789944690.94,-0.109326511602,-0.649214472497,-0.00311571337382,-0.328969321813,-0.0308638521951,0.0336651581944
54.057,1789944690.96,-0.0949405800893,-0.659289021962,-0.00613773831971,-0.33767754602,-0.101458091716,0.0459948397858
54.077,1789944690.98,-0.0810554840472,-0.667950364367,-0.00968163337186,-0.340591537515,-0.0978391843536,0.0430466672461
54.097,1789944691,-0.0675400973116,-0.675240192816,-0.0131156163079,-0.342968206894,-0.0931473188216,0.040895320954
54.117,1789944691.02,-0.054419085502,-0.681146216029,-0.0164517771992,-0.342671462613,-0.0593514457748,0.0338342061117
54.137,1789944691.04,-0.0414738430525,-0.685691577304,-0.0194937042458,-0.343528175313,-0.0511269315057,0.0314303204298
54.157,1789944691.06,-0.0285671160246,-0.688893393505,-0.0220644741078,-0.348811874655,-0.119840914121,0.0430026697969
54.177,1789944691.08,-0.0162508685223,-0.690679612917,-0.0246306507527,-0.347919368729,-0.115621578965,0.0394614997894
54.197,1789944691.1,-0.00438910354242,-0.691079988708,-0.0269900327896,-0.346473549615,-0.110064115942,0.0367288765648
54.217,1789944691.12,0.00699852431277,-0.690106035839,-0.0290311598121,-0.342162990227,-0.0761321842215,0.0290985964355
54.237,1789944691.14,0.0181291773174,-0.687779817177,-0.0308064698,-0.339124048738,-0.0671373068466,0.0261197718392
54.257,1789944691.16,0.0291401298306,-0.68411753201,-0.0323766573782,-0.340895644786,-0.13308393169,0.0371566103562
54.277,1789944691.18,0.0394956606231,-0.679108081385,-0.0333730633003,-0.329897758137,-0.126839432755,0.0329245820579
54.297,1789944691.2,0.0493407802826,-0.672793359322,-0.0344112563211,-0.330841823549,-0.122180559474,0.0299559083753
54.317,1789944691.22,0.058649505986,-0.665180822706,-0.0348529074224,-0.323537718182,-0.0888409334056,0.0218762176222
54.337,1789944691.24,0.0676334434421,-0.656290295235,-0.035094939031,-0.31737676474,-0.0795904923368,0.0185154181413
54.357,1789944691.26,0.0764252888669,-0.646136706462,-0.0353929353044,-0.315652842605,-0.142722899085,0.0293564689444
54.377,1789944691.28,0.0845150987109,-0.634756055269,-0.0349664689483,-0.306992838197,-0.137015513034,0.0250399657465
54.397,1789944691.3,0.0920347772574,-0.622163425678,-0.0342998445248,-0.297847001249,-0.130321045942,0.0216665382812
54.417,1789944691.32,0.0989734427751,-0.608408218324,-0.0331200340314,-0.28582324531,-0.0969198870107,0.0133074239975
54.437,1789944691.34,0.105536241564,-0.593520214923,-0.0318542012769,-0.275552809762,-0.0869763841169,0.00981908235285
54.457,1789944691.36,0.111853206175,-0.577524084521,-0.0309171581621,-0.270940077653,-0.147416556786,0.020926294651
54.477,1789944691.38,0.117439934399,-0.560484880963,-0.0290926690266,-0.25959442249,-0.141189080064,0.0166721789448
54.497,1789944691.4,0.122422257873,-0.542417711774,-0.0270961808997,-0.247975987899,-0.133816910715,0.0133671047763
54.517,1789944691.42,0.126794877397,-0.523380452648,-0.0246157541988,-0.233558019075,-0.100577900277,0.00497849505254
54.537,1789944691.44,0.130757607892,-0.503410652159,-0.0222320256634,-0.222820322506,-0.0904234322978,0.00170355504898
54.557,1789944691.46,0.134436465855,-0.482533578891,-0.0204691038916,-0.219924939505,-0.148974304129,0.0136024122897
54.577,1789944691.48,0.137371588931,-0.460799070825,-0.0174374601606,-0.191937013763,-0.141872835226,0.00879224531843
54.597,1789944691.5,0.139678942882,-0.43832169311,-0.0146194750903,-0.185688997123,-0.133699493814,0.0067793602813
54.617,1789944691.52,0.141357037283,-0.415103856908,-0.0113127350581,-0.169999587783,-0.0953080329029,-0.00255491293054
54.637,1789944691.54,0.142642731332,-0.391196722686,-0.00834685195947,-0.157467733112,-0.089014792005,-0.00425342807688
54.657,1789944691.56,0.143619449674,-0.366642231348,-0.00630503709169,-0.155650087018,-0.144258570931,0.00834572732668
54.677,1789944691.58,0.143859908093,-0.341482748001,-0.00290083334543,-0.13484143245,-0.132608299707,0.00386362827509
54.697,1789944691.6,0.143507427721,-0.315779430256,0.000134534418532,-0.119557953482,-0.127939213203,0.0025709147922
54.717,1789944691.62,0.142530394911,-0.289602130558,0.00355545764169,-0.101292388239,-0.0905158896624,-0.00649805232296
54.737,1789944691.64,0.141165968344,-0.263011791601,0.0064998429598,-0.0868863130596,-0.0838930028801,-0.00763858269951
54.757,1789944691.66,0.139502914368,-0.236064529719,0.00857730471024,-0.0786546237884,-0.13816735319,0.00656473063258
54.777,1789944691.68,0.137108208327,-0.208809907312,0.011526667474,-0.0631649478232,-0.123549697343,0.00203739545737
54.797,1789944691.7,0.134153252223,-0.181298313994,0.0141704473123,-0.0487797072982,-0.117563660392,0.00131621296448
54.817,1789944691.72,0.130607643594,-0.153589806742,0.0170670205341,-0.0311275226763,-0.0800654577708,-0.00746524687011
54.837,1789944691.74,0.126709221417,-0.125755777287,0.0194119818631,-0.0167179958157,-0.0724757143075,-0.0080896916937
54.857,1789944691.76,0.122541744552,-0.0978690806769,0.0207773090537,-0.0155757347921,-0.117832736945,0.00681319349195
54.877,1789944691.78,0.117740893978,-0.0698957631038,0.0229802742693,0.00720689403448,-0.109108285609,0.0031710283284
54.897,1789944691.8,0.112423000806,-0.0419656769352,0.0247582770661,0.0227634762836,-0.103387604394,0.00298058818082
54.917,1789944691.82,0.106567228904,-0.0141265616956,0.0266554980061,0.0408664804067,-0.0666892288407,-0.00558372264668
54.937,1789944691.84,0.10040950097,0.0135356660439,0.0279793046717,0.0547532105654,-0.0581504684335,-0.00579275845219
54.957,1789944691.86,0.094048986343,0.0409557793895,0.0284327155267,0.0622562329588,-0.106762094289,0.0104124393122
54.977,1789944691.88,0.0870777075524,0.0681327779283,0.0294024254252,0.0767049924589,-0.0910147996882,0.00673212976823
54.997,1789944691.9,0.0796744627063,0.0949881828878,0.0300028010462,0.0898986142153,-0.0832212410665,0.00684809974838
55.017,1789944691.92,0.0718171998943,0.121479037939,0.0306160774942,0.10613481493,-0.045983809747,-0.00170009760692
55.037,1789944691.94,0.0637472727079,0.147520321717,0.030708354381,0.118982111802,-0.0369519151444,-0.0016163833371
55.057,1789944691.96,0.0555649298206,0.173047913333,0.0300681010391,0.125687746315,-0.0834110926172,0.0152924313548
55.077,1789944691.98,0.046869491649,0.198076302625,0.02975696046,0.139295891115,-0.067567655619,0.0117344753327
55.097,1789944692,0.0378426234429,0.22252302848,0.029127610767,0.151502515508,-0.0594553504747,0.0120000450925
55.117,1789944692.02,0.0284636089015,0.246350977386,0.0284375228613,0.166555430598,-0.0227304106993,0.00330657944265
55.137,1789944692.04,0.0189732588194,0.26947877215,0.0273436081779,0.178056748192,-0.0132606689162,0.00341627409183
55.157,1789944692.06,0.00947360139512,0.291849201227,0.0257291018335,0.183276338458,-0.0575551122733,0.0207364992187
55.177,1789944692.08,-0.000426918892116,0.313484334053,0.0242680994558,0.195220342292,-0.0414732653799,0.0170702903607
55.197,1789944692.1,-0.0105447506308,0.334309802392,0.0225893221973,0.205628840584,-0.0329250312976,0.0172396237859
55.217,1789944692.12,-0.0208979259199,0.354294137593,0.0208106151845,0.218752378662,0.00336849306262,0.00818792865434
55.237,1789944692.14,-0.0312477066222,0.373368701103,0.0187953932453,0.228238402613,0.0132261464483,0.00808491291364
55.257,1789944692.16,-0.041491759304,0.391488619786,0.0165251700457,0.231378342119,-0.0290621675376,0.0255007327598
55.277,1789944692.18,-0.0520097756922,0.408674774773,0.0142522701071,0.241107933026,-0.0128692476558,0.021486598683
55.297,1789944692.2,-0.0626197992859,0.424870730818,0.011895981553,0.24921896458,-0.00394693651705,0.0212820905156
55.317,1789944692.22,-0.0733359027198,0.440049464716,0.00942909517385,0.259915198135,0.0317899981256,0.0116666757183
55.337,1789944692.24,-0.0839241832973,0.454161576673,0.00692147258717,0.266899709909,0.0417515550677,0.0111538664386
55.357,1789944692.26,-0.0942845932114,0.467177998271,0.00444824101637,0.267512776104,0.00113451997811,0.0283883556461
55.377,1789944692.28,-0.104781894387,0.479111603619,0.00183603418924,0.274555758093,0.0171498039594,0.023847494451
55.397,1789944692.3,-0.115239865411,0.489930774474,-0.000712776484771,0.279909134595,0.0260712451662,0.023124615268
55.417,1789944692.32,-0.12566894434,0.499612781526,-0.00336513709618,0.287708280614,0.0609174617698,0.0128544145042
55.437,1789944692.34,-0.135843968158,0.508131346223,-0.00586000087681,0.291784187131,0.0708174406423,0.0117479396521
55.457,1789944692.36,-0.145668286041,0.51547476958,-0.00803960675421,0.289528079738,0.0316020029669,0.028574989427
55.477,1789944692.38,-0.155488458496,0.521645026849,-0.0104777992529,0.293488178605,0.0471157119009,0.0234224383947
55.497,1789944692.4,-0.165138431204,0.526638314375,-0.0127171682319,0.295746468299,0.0558382471221,0.0220516816877
55.517,1789944692.42,-0.174624322996,0.530437084381,-0.0150488988033,0.300290015256,0.0895235075943,0.0110957716482
55.537,1789944692.44,-0.18373226525,0.533038803232,-0.0170484206039,0.301157594182,0.098953168294,0.00938566022852
55.557,1789944692.46,-0.192371682777,0.534448951912,-0.0184934185386,0.295875922085,0.0609079900567,0.0256485112808
55.577,1789944692.48,-0.200868380244,0.534660191927,-0.0203041332402,0.29652630605,0.0756338431316,0.0198786304439
55.597,1789944692.5,-0.209069045057,0.53369524561,-0.0218114092084,0.295504968485,0.0837041379463,0.0179306973486
55.617,1789944692.52,-0.216977117545,0.531543680575,-0.023408527352,0.296600205532,0.115773459186,0.00643207705187
55.637,1789944692.54,-0.224392752123,0.528224318397,-0.0245463558439,0.294185296466,0.124444986037,0.00417607340938
55.657,1789944692.56,-0.23123233836,0.523757931354,-0.0249574637115,0.285962287187,0.0873484883018,0.019845167045
55.677,1789944692.58,-0.237797245381,0.518141939886,-0.0258312761475,0.290194775774,0.0982315596562,0.0134797975416
55.697,1789944692.6,-0.243971427091,0.511363020319,-0.0263427148183,0.279071335924,0.108182483091,0.0111737484708
55.717,1789944692.62,-0.249734549125,0.503477290469,-0.0270149550619,0.275581871061,0.141406682821,-0.00178664637893
55.737,1789944692.64,-0.254884670385,0.494523447755,-0.0270462161167,0.269071137468,0.145606130339,-0.00290538767082
55.757,1789944692.66,-0.259370131497,0.484532291881,-0.0262895959712,0.258252798259,0.10721772214,0.0129450139643
55.777,1789944692.68,-0.263488571764,0.473492458195,-0.0261727673742,0.253454709234,0.123738422037,0.00450776314934
55.797,1789944692.7,-0.267083402614,0.461466551699,-0.025580409306,0.246515545843,0.127274061941,0.0031005436965
55.817,1789944692.72,-0.27018161898,0.448456049009,-0.0252222065536,0.241834858017,0.158212171023,-0.010142829431
55.837,1789944692.74,-0.272587093882,0.43451226739,-0.0242364475807,0.233503519593,0.160981160749,-0.0113770238688
55.857,1789944692.76,-0.274261197814,0.419661903871,-0.0226277698962,0.217764597097,0.129719811687,0.00339644701471
55.877,1789944692.78,-0.275445225329,0.403951397239,-0.0214133074952,0.21287370445,0.138292362164,-0.00436925217044
55.897,1789944692.8,-0.276039424862,0.387405741202,-0.0199134179252,0.203754369564,0.139540869742,-0.00567883038023
55.917,1789944692.82,-0.276071138236,0.370049926652,-0.0186978443966,0.196365087094,0.167353827492,-0.01855203001
55.937,1789944692.84,-0.27536264716,0.351939674067,-0.0169220237952,0.185660292006,0.169040475757,-0.0196915105192
55.957,1789944692.86,-0.27387684444,0.333120132579,-0.0144478965483,0.171195564619,0.132711326457,-0.00457496817849
55.977,1789944692.88,-0.27188077712,0.313611513821,-0.0127169499798,0.161129193921,0.145835611247,-0.0126302733747
55.997,1789944692.9,-0.269244883492,0.293482972678,-0.0106453971039,0.149626597139,0.147022958681,-0.0137577153084
56.017,1789944692.92,-0.266001108462,0.27276618697,-0.00889093416797,0.139895379612,0.172570541065,-0.0260241690615
56.037,1789944692.94,-0.261983740387,0.251517294948,-0.00668576444651,0.127826903241,0.172692549801,-0.0267694513689
56.057,1789944692.96,-0.257164533425,0.229784573908,-0.00392659004758,0.112938877566,0.136905597104,-0.0117594608406
56.077,1789944692.98,-0.251804914374,0.207606092208,-0.0019009532776,0.10169462109,0.147572982614,-0.0192055703312
56.097,1789944693,-0.2457877284,0.185043237728,0.000340769304534,0.0893803738029,0.147135152696,-0.0199125788959
56.117,1789944693.02,-0.239152405653,0.162139381898,0.00224496359507,0.0784695764031,0.169469566749,-0.0313235064262
56.137,1789944693.04,-0.231747781269,0.138946184632,0.00445067187634,0.0658055413104,0.168034659097,-0.0315811797213
56.157,1789944693.06,-0.223553608775,0.115513653751,0.00702968164394,0.0510969468089,0.133111545319,-0.016634023532
56.177,1789944693.08,-0.214827058437,0.0918949482243,0.00893813536296,0.0392178576552,0.141475274967,-0.0233272689089
56.197,1789944693.1,-0.205460886555,0.0681427983562,0.0109300802979,0.026624931024,0.139510795742,-0.0234758100339
56.217,1789944693.12,-0.195502703856,0.0443085515612,0.0125919201209,0.015115667805,0.158646254564,-0.0338980901958
56.237,1789944693.14,-0.18481536865,0.0204392615797,0.0143949067192,0.00244479823772,0.155766185436,-0.0336046952626
56.257,1789944693.16,-0.173386776754,-0.00341479617023,0.0163766980259,-0.0115127094566,0.122027573311,-0.0187593707475
56.277,1789944693.18,-0.16146872884,-0.0271926495237,0.0178052692241,-0.0233934738064,0.12817892004,-0.0246787507564
56.297,1789944693.2,-0.148963594917,-0.0508487851614,0.019194565464,-0.035650018707,0.124784443931,-0.0242740086571
56.317,1789944693.22,-0.135926238137,-0.0743298118335,0.0202958448866,-0.0471048424345,0.140706842455,-0.0337087949587
56.337,1789944693.24,-0.122234551893,-0.0975921032151,0.0213878046837,-0.0591823280073,0.136468016793,-0.0329100994111
56.357,1789944693.26,-0.107884565617,-0.120586841496,0.0224757880926,-0.0718764010955,0.104007174215,-0.0181785430314
56.377,1789944693.28,-0.0931199916871,-0.143255067198,0.0231754863743,-0.0831587302016,0.107938464638,-0.0233555897097
56.397,1789944693.3,-0.077854999393,-0.16555528931,0.0237371034057,-0.0945120921527,0.103308354771,-0.0225274560989
56.417,1789944693.32,-0.0621485773882,-0.187438659345,0.0240873246975,-0.105299912188,0.116123003277,-0.0311036813235
56.437,1789944693.34,-0.0458953269726,-0.208863122144,0.0243044403858,-0.116244990486,0.110669549597,-0.029919306872
56.457,1789944693.36,-0.0290995596703,-0.229783124128,0.0243633194928,-0.12723387955,0.0798286662651,-0.0154662677195
56.477,1789944693.38,-0.0119892598225,-0.250145566748,0.0242543933832,-0.13136754375,0.080752286799,-0.0204251702423
56.497,1789944693.4,0.0055006566867,-0.269957918936,0.0238437277033,-0.149598297649,0.0746541103741,-0.0188845335905
56.517,1789944693.42,0.0233081016399,-0.289117222039,0.0234655942462,-0.157954593413,0.0859280832238,-0.0268121800711
56.537,1789944693.44,0.0415312069854,-0.307601776813,0.0227429331968,-0.169920624548,0.0782294308818,-0.0253212072121
56.557,1789944693.46,0.0601443625011,-0.325361267553,0.0218493698898,-0.183396622582,0.0516682534242,-0.0108855899841
56.577,1789944693.48,0.0789594657028,-0.342329842916,0.0209817966674,-0.184026980111,0.0518447938397,-0.0162833613416
56.597,1789944693.5,0.0980265574774,-0.358528379209,0.0198407441537,-0.193278849852,0.0444012262958,-0.0142842522211
56.617,1789944693.52,0.117286317713,-0.373901519928,0.0187575741558,-0.191040317526,0.0497088114727,-0.0224033458179
56.637,1789944693.54,0.136788487156,-0.388483108714,0.0172848258486,-0.205530048867,0.0447512663224,-0.0201724352695
56.657,1789944693.56,0.156538368348,-0.402181998195,0.0156604654323,-0.211815878996,0.0171562886603,-0.00712165018516
56.677,1789944693.58,0.176345563946,-0.414995338464,0.0141847086139,-0.213557305344,0.0140316787659,-0.0116927656078
56.697,1789944693.6,0.196233603374,-0.426919456152,0.0124501415118,-0.225525854712,0.00744558920219,-0.00981769017178
56.717,1789944693.62,0.216168177903,-0.437902686,0.0110252052588,-0.229756319948,0.00911266498094,-0.0180325206975
56.737,1789944693.64,0.236154021435,-0.447909786647,0.00900456926665,-0.238705713933,0.00623601709586,-0.015760290553
56.757,1789944693.66,0.256219485284,-0.456910338675,0.0067826735496,-0.246511225911,-0.0209299277833,-0.003263216228
56.777,1789944693.68,0.276186931376,-0.464898847366,0.00511743692924,-0.245346309322,-0.0200694378902,-0.0082932272997
56.797,1789944693.7,0.296093491047,-0.471862196336,0.00315431984928,-0.247121054709,-0.0281597398419,-0.00664548228477
56.817,1789944693.72,0.315893352685,-0.477817616761,0.00159539525899,-0.246093997545,-0.0232926626853,-0.014314783161
56.837,1789944693.74,0.335615539439,-0.482743057642,-0.000492141806786,-0.254684801063,-0.0339796810893,-0.0131600718613
56.857,1789944693.76,0.355219131594,-0.486589291609,-0.0027997172575,-0.25325646779,-0.0557222815393,-0.00101825725089
56.877,1789944693.78,0.374596415792,-0.489422398501,-0.00451150920959,-0.254493323562,-0.0583119185455,-0.00672250989373
56.897,1789944693.8,0.393744636633,-0.491199552904,-0.00637790691183,-0.257371839088,-0.0662989515624,-0.00565903030175
56.917,1789944693.82,0.412627775021,-0.491923827032,-0.0079336005946,-0.255387002092,-0.0649622398434,-0.0139190872695
56.937,1789944693.84,0.431253324719,-0.491589944767,-0.00971288828319,-0.254294359736,-0.0730040205807,-0.0127092067846
56.957,1789944693.86,0.449588494627,-0.490199086111,-0.011717186064,-0.252109727108,-0.0902618464393,-0.00149388018375
56.977,1789944693.88,0.46756329128,-0.48780215302,-0.0131168602117,-0.250980164607,-0.0933280086245,-0.0074225293571
56.997,1789944693.9,0.485157284229,-0.484368815011,-0.0146241051996,-0.248837326938,-0.100242046349,-0.00686722897506
57.017,1789944693.92,0.50235020133,-0.479932544837,-0.0157697158134,-0.24694647474,-0.100718397742,-0.0153845102187
57.037,1789944693.94,0.51912917684,-0.474476990429,-0.017078881425,-0.243650349832,-0.107750988346,-0.0147151778861
57.057,1789944693.96,0.535466457038,-0.468018222934,-0.0185151566858,-0.238790057604,-0.120760591084,-0.00444774148088
57.077,1789944693.98,0.551321416342,-0.460608465609,-0.019410854401,-0.234983534483,-0.124286820338,-0.0106691998439
57.097,1789944694,0.566663583589,-0.452236836332,-0.0203337144436,-0.230038953696,-0.130018091519,-0.0106122929999
57.117,1789944694.02,0.581480265535,-0.442940751238,-0.0209453266636,-0.225521446586,-0.131854091462,-0.0193023386412
57.137,1789944694.04,0.595749709563,-0.43272306286,-0.0216212947089,-0.219563511686,-0.13741241463,-0.0191446962881
57.157,1789944694.06,0.609450528114,-0.421611028925,-0.0223093520959,-0.212008156201,-0.145742511358,-0.0096816853232
57.177,1789944694.08,0.622562648162,-0.409652851831,-0.0226162011123,-0.205841044953,-0.14937485898,-0.0160866639105
57.197,1789944694.1,0.63505616252,-0.396859868786,-0.0228657909908,-0.198547793755,-0.153545302304,-0.0164369576347
57.217,1789944694.12,0.646920833804,-0.383269194936,-0.0229163495412,-0.191896323668,-0.156429081911,-0.0251893183196
57.237,1789944694.14,0.65813486311,-0.368903005011,-0.0229210559801,-0.183775050354,-0.160214810317,-0.0253923182361
57.257,1789944694.16,0.668684578041,-0.353797112734,-0.0228107179139,-0.174023640738,-0.163540575203,-0.0166080525163
57.277,1789944694.18,0.678560730387,-0.337992611041,-0.0225654233521,-0.165980393313,-0.167028113257,-0.0230494379564
57.297,1789944694.2,0.687744657527,-0.321521977571,-0.0221796042691,-0.156834059111,-0.169396381525,-0.0236610787263
57.317,1789944694.22,0.696223395619,-0.304420821766,-0.0217590228713,-0.148542999272,-0.17313136307,-0.0322969095564
57.337,1789944694.24,0.703983075254,-0.286727665801,-0.0211746414096,-0.138769445346,-0.174942256928,-0.0326720904858
57.357,1789944694.26,0.711018438033,-0.268484093704,-0.0203416581348,-0.127357774134,-0.173059223096,-0.0244096605406
57.377,1789944694.28,0.717322800966,-0.249725915465,-0.0196863378177,-0.11796883743,-0.176251171239,-0.0306908607654
57.397,1789944694.3,0.722897485173,-0.230501177637,-0.0188086289802,-0.107519685438,-0.176664282235,-0.0313431917705
57.417,1789944694.32,0.727723028896,-0.210845433095,-0.0180964873915,-0.0981417123612,-0.181139208621,-0.039632481178
57.437,1789944694.34,0.731799209713,-0.190807056388,-0.0170971639373,-0.0872955577534,-0.180864924451,-0.0400012804599
57.457,1789944694.36,0.73509172707,-0.170435958876,-0.0161047300738,-0.0811181325553,-0.169267036881,-0.023621014176
57.477,1789944694.38,0.737672296045,-0.149734323275,-0.0153607559017,-0.0731421922147,-0.17026516981,-0.0267045853045
57.497,1789944694.4,0.739562411373,-0.128745867386,-0.0141463632344,-0.0618350415878,-0.166928780469,-0.0264707161869
57.517,1789944694.42,0.74077224313,-0.10749799019,-0.0129585436352,-0.0426956875449,-0.180097148051,-0.045291344118
57.537,1789944694.44,0.74121723341,-0.086097189492,-0.0116000053298,-0.0265467366873,-0.182078811337,-0.0505519485137
57.557,1789944694.46,0.740896179652,-0.0646116333393,-0.00986787150477,-0.0131205927609,-0.170078957506,-0.0435093024366
57.577,1789944694.48,0.739785224211,-0.0430943343445,-0.00925599028912,-0.0092831553466,-0.166425891557,-0.0410823460417
57.597,1789944694.5,0.738030012317,-0.0215381753066,-0.00792655476672,0.00410097770811,-0.16540476029,-0.0458006501261
57.617,1789944694.52,0.735541941362,-1.34707859978e-05,-0.00724334153215,0.0154792996424,-0.173216425149,-0.0555201106445
57.637,1789944694.54,0.732338537126,0.0214287674555,-0.00608814108131,0.0264159553537,-0.168705716233,-0.0554828817573
57.657,1789944694.56,0.728435465813,0.0427400447165,-0.00426772505242,0.0327237187895,-0.143701175119,-0.0409347030756
57.677,1789944694.58,0.72387405098,0.063903798931,-0.00362272267506,0.0400097398939,-0.142596672044,-0.0429793501996
57.697,1789944694.6,0.71873513605,0.0849002873114,-0.00243192417718,0.0503748578808,-0.13335349446,-0.0419246005187
57.717,1789944694.62,0.712992407205,0.105669782903,-0.00209783643431,0.0601364441438,-0.140830007702,-0.0486832403961
57.737,1789944694.64,0.706682840707,0.126189680613,-0.00108410838614,0.0722407132347,-0.136047767985,-0.0493762655508
57.757,1789944694.66,0.69982264613,0.146414618074,0.000674678218315,0.0859833702696,-0.117386001967,-0.0440388865058
57.777,1789944694.68,0.692393571527,0.166251322652,0.000923016220083,0.0968771658426,-0.122589717841,-0.0493289400188
57.797,1789944694.7,0.684467039062,0.185691453042,0.00180424881696,0.108555154334,-0.114301001841,-0.0493901589178
57.817,1789944694.72,0.676012040545,0.204652086598,0.00165415509254,0.117765004811,-0.124133718172,-0.0556465073694
57.837,1789944694.74,0.667064579777,0.223137133279,0.00235596775968,0.128327095578,-0.116159783487,-0.0556081394919
57.857,1789944694.76,0.657648888375,0.241103335333,0.00388741663995,0.135790649725,-0.0900655337844,-0.049889857888
57.877,1789944694.78,0.647780738448,0.258467746381,0.00364430516595,0.147451206177,-0.0946284581749,-0.0542944993855
57.897,1789944694.8,0.637532674996,0.275229124116,0.00411544743996,0.154477409842,-0.0834574572736,-0.0533973581958
57.917,1789944694.82,0.626892258087,0.291317568992,0.00347615998642,0.161102254008,-0.0935526350463,-0.0582224024831
57.937,1789944694.84,0.615887006033,0.306764272494,0.00375374642443,0.168024331007,-0.0843481104592,-0.0575791788435
57.957,1789944694.86,0.604547474803,0.32154910782,0.00500154674625,0.176159499135,-0.0549226544451,-0.0521232479648
57.977,1789944694.88,0.592914175113,0.335544974685,0.00437257649566,0.184146911516,-0.0608788737061,-0.0553899061905
57.997,1789944694.9,0.581038291983,0.34880409907,0.00457858949535,0.188469787539,-0.0442079947768,-0.0540881243917
58.017,1789944694.92,0.568948942107,0.361246777258,0.00360304732025,0.193991262109,-0.0547569375432,-0.057997456161
58.037,1789944694.94,0.556652556997,0.37292507621,0.00361402945175,0.198931652161,-0.0429072846464,-0.056977971707
58.057,1789944694.96,0.544192602195,0.383828753541,0.00472029123254,0.202576514845,-0.00844660742437,-0.0520939854152
58.077,1789944694.98,0.531643428837,0.393825626336,0.00369934483106,0.211228696519,-0.0179564919439,-0.0547841004984
58.097,1789944695,0.519029416786,0.402988331161,0.00374670419111,0.212910404292,0.0010317585185,-0.0535400972353
58.117,1789944695.02,0.506404597396,0.411230748899,0.00244911558039,0.218686427889,-0.0185473162544,-0.0567861305359
58.137,1789944695.04,0.493713001449,0.418623352703,0.00240388757146,0.21938042912,-0.00373774832965,-0.05574902519
58.157,1789944695.06,0.481013377281,0.425173971022,0.00342262116914,0.223877063574,0.0334961492344,-0.0517933587131
58.177,1789944695.08,0.468422035615,0.430717692587,0.00234355895931,0.225793535938,0.021773653054,-0.0538633173674
58.197,1789944695.1,0.455921079585,0.435387501891,0.00237376162062,0.224810152123,0.0414692091343,-0.0529772313296
58.217,1789944695.12,0.44359000359,0.439089196654,0.00110329857334,0.225699083799,0.0227720456679,-0.0553610070511
58.237,1789944695.14,0.431356146992,0.441925406156,0.00101346805314,0.226446770253,0.0358749812523,-0.0548156677121
58.257,1789944695.16,0.419265462064,0.443897828672,0.00208701491457,0.228668072242,0.0767824139485,-0.0520475414832
58.277,1789944695.18,0.407483861041,0.444843525632,0.00105328776034,0.227306857949,0.063846565558,-0.0537882338359
58.297,1789944695.2,0.395962699802,0.444926229342,0.00124193460693,0.227139252102,0.0831088045891,-0.053321949879
58.317,1789944695.22,0.384795027291,0.444024682573,6.11654584236e-05,0.224224920933,0.0582484929425,-0.0552426926715
58.337,1789944695.24,0.37386062681,0.442282294565,0.000273476617337,0.222784452074,0.0726916017173,-0.0549226968428
58.357,1789944695.26,0.363207885158,0.439689140302,0.00153964707283,0.22213837062,0.116141152376,-0.0534057380631
58.377,1789944695.28,0.353051232193,0.436107114996,0.000800423886909,0.219844796477,0.0997241348913,-0.0546510180719
58.397,1789944695.3,0.343286473732,0.431688101601,0.00123201388323,0.215209840606,0.120104391544,-0.0547942699225
58.417,1789944695.32,0.334046584288,0.426349611676,0.000449298244877,0.209591209011,0.0927852307469,-0.0559272261295
58.437,1789944695.34,0.325166687349,0.420223056394,0.000881541495009,0.205406189827,0.105249064472,-0.0562468943382
58.457,1789944695.36,0.31668991329,0.413319415805,0.00243619101576,0.202122792766,0.151405621764,-0.0560116193009
58.477,1789944695.38,0.308874547751,0.405516552709,0.00202750520323,0.195868195795,0.131818832531,-0.0569289573576
58.497,1789944695.4,0.30157355703,0.396978439505,0.0028087355362,0.190772928082,0.151390860022,-0.0575348392418
58.517,1789944695.42,0.294936288717,0.387621154441,0.00231797057231,0.183430320246,0.117252362622,-0.05818321169
58.537,1789944695.44,0.288746113247,0.377583733939,0.00316727242089,0.177456974023,0.130629141397,-0.0587771049497
58.557,1789944695.46,0.283053385697,0.366874284069,0.00504483906803,0.172146895716,0.179155266814,-0.0597488701764
58.577,1789944695.48,0.278152585221,0.355398644444,0.00499571241585,0.16416782419,0.156112347478,-0.0601917497563
58.597,1789944695.5,0.273855039826,0.343308952196,0.0061040175901,0.157106230785,0.175521376231,-0.0612226308806
58.617,1789944695.52,0.270330425415,0.330544118377,0.00593682805923,0.14818460864,0.136208692311,-0.0611688219402
58.637,1789944695.54,0.26731900679,0.317232732843,0.00708592763892,0.140375440974,0.148631275836,-0.0620795764747
58.657,1789944695.56,0.264870358157,0.303391083614,0.00924829826767,0.13301960021,0.198990394117,-0.0640938999641
58.677,1789944695.58,0.263306883244,0.288952821574,0.0094493885348,0.123703829451,0.171660041172,-0.0639723764631
58.697,1789944695.6,0.262401624118,0.274054447372,0.0108025434137,0.11506311756,0.19050703988,-0.0652762277449
58.717,1789944695.62,0.26233694661,0.258657652816,0.0108139228668,0.105226748028,0.145690863835,-0.0644438852912
58.737,1789944695.64,0.262815550788,0.242876289312,0.0121530081128,0.0961533932321,0.157063666022,-0.0655249309536
58.757,1789944695.66,0.263885359617,0.226732952946,0.0145246951595,0.0872467205027,0.2093661443,-0.0683765016876
58.777,1789944695.68,0.265888584124,0.210188800448,0.0147950748585,0.0773269783268,0.177768167842,-0.0675920625135
58.797,1789944695.7,0.268569475137,0.193359982211,0.0162521232923,0.0676923592677,0.195979157537,-0.0689942259193
58.817,1789944695.72,0.272114697616,0.176230676026,0.0162201977438,0.0576913153606,0.145622877693,-0.0673147184275
58.837,1789944695.74,0.276198154559,0.158895023642,0.0175877054642,0.0479224729446,0.155846592283,-0.0684035074934
58.857,1789944695.76,0.28086484347,0.141379882188,0.0200660645941,0.0379098477346,0.210203291363,-0.0718705389826
58.877,1789944695.78,0.286466044626,0.123675400973,0.0201711220479,0.0280445729073,0.174384801899,-0.0703425864629
58.897,1789944695.8,0.292729430056,0.10587137262,0.0215673947109,0.0179360233207,0.19207425839,-0.0716822701617
58.917,1789944695.82,0.299835995755,0.0879760247244,0.0212290395452,0.00844852734348,0.136249760845,-0.0691207221359
58.937,1789944695.84,0.307442922264,0.0700569365448,0.0224513967518,-0.00148787651182,0.145386779448,-0.0700815767065
58.957,1789944695.86,0.315592070364,0.0521430245703,0.0249348444214,-0.0121725491126,0.201697588141,-0.0739509325309
58.977,1789944695.88,0.32462747875,0.0342585711371,0.0246227490734,-0.0213580133435,0.161697385959,-0.0716443043522
58.997,1789944695.9,0.334277207228,0.0164572682182,0.0257988922704,-0.0314247397211,0.178923458995,-0.0728008708498
59.017,1789944695.92,0.344702188735,-0.00122379890442,0.0248877343468,-0.0397595677051,0.117782828093,-0.0693794565989
59.037,1789944695.94,0.355560058979,-0.0187540808883,0.0258137525035,-0.0493458695845,0.126048377422,-0.0701335662532
59.057,1789944695.96,0.366889727739,-0.0361044187525,0.0282413695305,-0.0602525509415,0.184435770662,-0.0742496061964
59.077,1789944695.98,0.379006612809,-0.0532071191175,0.0272841430532,-0.068185871717,0.140487554157,-0.0711979976763
59.097,1789944696,0.391663586599,-0.0700588500123,0.0281236937342,-0.0777226842464,0.157511908946,-0.0721225415356
59.117,1789944696.02,0.404982332035,-0.0865851174961,0.0264089964455,-0.0843538076791,0.0913517181359,-0.0679309921064
59.137,1789944696.04,0.418645217768,-0.102806496734,0.026937492753,-0.0931204681829,0.0989745919389,-0.0684643020653
59.157,1789944696.06,0.432687732441,-0.118694667376,0.0293193607425,-0.103827118389,0.159865198175,-0.0727620577895
59.177,1789944696.08,0.447368888073,-0.13412511505,0.0275464016129,-0.11003517254,0.112316436577,-0.0690719656895
59.197,1789944696.1,0.462499695581,-0.149162887248,0.0279957406951,-0.118609970122,0.12935473414,-0.0697851476463
59.217,1789944696.12,0.478136318624,-0.163684574364,0.025310112087,-0.123103950065,0.05845346595,-0.0649708022883
59.237,1789944696.14,0.494017584787,-0.177778272587,0.0254137961428,-0.130651631734,0.065713760323,-0.0653435517944
59.257,1789944696.16,0.510174701096,-0.1914165153,0.0278292360342,-0.140766414502,0.129314202495,-0.0698238322878
59.277,1789944696.18,0.526772708154,-0.204402563259,0.0251441035418,-0.144884976924,0.0784726593601,-0.0656550384007
59.297,1789944696.2,0.543723002099,-0.216889266753,0.0252298371834,-0.152138087321,0.0958668230203,-0.0662534504884
59.317,1789944696.22,0.560983539177,-0.228691881804,0.0214881916932,-0.15418964059,0.0206047351062,-0.0610066671066
59.337,1789944696.24,0.578391527971,-0.23998215112,0.0212898838689,-0.158208764062,0.0300280194956,-0.0615308378629
59.357,1789944696.26,0.595981215869,-0.250742674802,0.0239619615864,-0.165161503792,0.0988843110433,-0.0664730498905
59.377,1789944696.28,0.613767480988,-0.260694476554,0.0199678908348,-0.17263954682,0.0380043774355,-0.0612536623265
59.397,1789944696.3,0.631830133358,-0.270082520605,0.0201604686902,-0.177645326505,0.0608612567977,-0.0623788315261
59.417,1789944696.32,0.649955272832,-0.278634579939,0.0150469947397,-0.183113198452,-0.0270337434387,-0.056178483682
59.437,1789944696.34,0.66812834899,-0.286606379944,0.0148516175641,-0.182141153406,-0.0114720445186,-0.0573138833252
59.457,1789944696.36,0.686381503685,-0.293992879105,0.0179818993813,-0.19004599225,0.0604620967394,-0.0626272137232
59.477,1789944696.38,0.704523390421,-0.30039064518,0.013026328579,-0.187294454912,-0.00278693684497,-0.0575345969696
59.497,1789944696.4,0.72287082596,-0.306230433903,0.0131454598593,-0.19100591439,0.0236906916018,-0.0589153677882
59.517,1789944696.42,0.741020121529,-0.311130094575,0.00695902383344,-0.191835655515,-0.0694968038536,-0.052834361626
59.537,1789944696.44,0.75916051736,-0.315474941756,0.00677256163318,-0.189688598141,-0.050443891974,-0.0541407564495
59.557,1789944696.46,0.777308648591,-0.319238311272,0.0105793522664,-0.196628461164,0.0255340771748,-0.0600086896603
59.577,1789944696.48,0.79502200446,-0.321920392995,0.00479835700982,-0.192064470067,-0.0399934676169,-0.0548999298813
59.597,1789944696.5,0.809804236576,-0.321986755523,-0.0552849602331,-0.136027907396,-1.14527539566,-0.0675347262281
59.617,1789944696.52,0.822111602581,-0.322943832997,-0.0740970476159,-0.120508104455,-1.44291425103,-0.064158351023
59.637,1789944696.54,0.829135206883,-0.323774853909,-0.0833127317829,-0.119240323953,-1.55684139718,-0.0575893813042
59.657,1789944696.56,0.830078422012,-0.324323221629,-0.087278316943,-0.120089801991,-1.42317434234,-0.0452760398591
59.677,1789944696.58,0.835588561352,-0.327759462589,0.024840325007,0.19108334144,-1.48609502548,-0.0615145329299
59.697,1789944696.6,0.828536847882,-0.329714040071,0.0646392954279,0.38703985093,-1.25893571311,-0.0299255351663
59.717,1789944696.62,0.81348438565,-0.332364002817,0.0702435294075,0.40234735019,-0.994623068726,-0.012866607895
59.737,1789944696.64,0.794630283291,-0.336663882004,0.0781829883211,0.4356084014,-0.71735185757,0.023055986857
59.757,1789944696.66,0.771731204147,-0.342361861751,0.0702190228692,0.32226133028,-0.478829598336,0.0422464575271
59.777,1789944696.68,0.74795402379,-0.349598214678,0.0737863216267,0.286728956822,-0.300759335932,0.0746976609936
59.797,1789944696.7,0.723638209557,-0.358130049108,0.0846947086031,0.296231247164,-0.188369375601,0.113508469713
59.817,1789944696.72,0.697435111563,-0.367372211563,0.0784532541339,0.185718152497,-0.128905970208,0.121288105751
59.837,1789944696.74,0.671633414648,-0.377601380097,0.0836884023088,0.167614125762,-0.115023940969,0.140769751479
59.857,1789944696.76,0.644614586438,-0.388116748621,0.0764092398536,0.0567188636925,-0.12559569037,0.136054568338
59.877,1789944696.78,0.617997427013,-0.399161092633,0.0820486059647,0.0554517019739,-0.152658755332,0.147685809755
59.897,1789944696.8,0.591251546226,-0.410616720496,0.0954569674317,0.114556144516,-0.184384863008,0.169749543813
59.917,1789944696.82,0.562702913001,-0.421938331615,0.0908626230769,0.0584488043232,-0.204734301874,0.159773205188
59.937,1789944696.84,0.534009424914,-0.433833233326,0.0977890744445,0.086177858235,-0.219313311211,0.168097840714
59.957,1789944696.86,0.503753695796,-0.445620584789,0.0914449266145,0.0116826073187,-0.218286473154,0.152365351181
59.977,1789944696.88,0.47331935064,-0.457885362924,0.0982201900494,0.0319790848358,-0.212081529264,0.159087245174
59.997,1789944696.9,0.442386552747,-0.470562564714,0.112826722211,0.100111403296,-0.201490079045,0.180076817584
60.017,1789944696.92,0.409814265293,-0.482936483774,0.108537095765,0.0463997570567,-0.177774361641,0.166179626548
60.037,1789944696.94,0.377049830617,-0.495953823869,0.115969833857,0.0691659443372,-0.156348440037,0.173948098295
60.057,1789944696.96,0.343178552463,-0.508705894717,0.109382852904,-0.0114978261896,-0.127653207425,0.154627154918
60.077,1789944696.98,0.309309628761,-0.521967676326,0.116168778862,0.000595480543646,-0.105674624461,0.160852174479
60.097,1789944697,0.27525125399,-0.535594871998,0.130776957292,0.0606974256963,-0.0891817129225,0.182780319624
60.117,1789944697.02,0.24030772114,-0.548609564101,0.125492025815,0.00265994867437,-0.0645111202761,0.165709511812
60.137,1789944697.04,0.205444443684,-0.562203281307,0.132103006776,0.0222646776818,-0.0477811860071,0.172754352487
60.157,1789944697.06,0.170147236242,-0.575228892387,0.123903449464,-0.058392847052,-0.0244212249824,0.149610696174
60.177,1789944697.08,0.135049014576,-0.588703530278,0.129363156954,-0.0456047956311,-0.00961121666479,0.155052083145
60.197,1789944697.1,0.100015888135,-0.602435872983,0.14268333539,0.0156697061295,-0.000217879866857,0.177785101212
60.217,1789944697.12,0.0648029232681,-0.615212195804,0.135228114238,-0.0394842270747,0.020619198614,0.158081359485
60.237,1789944697.14,0.0298146515218,-0.628517140618,0.139967093888,-0.0173191811025,0.0338786335809,0.165077486928
60.257,1789944697.16,-0.00501065208286,-0.64097804817,0.129260150497,-0.0950830206646,0.0566524497643,0.13921924521
60.277,1789944697.18,-0.0395398639072,-0.653874200292,0.132613894011,-0.080068705638,0.070545210384,0.144829404903
60.297,1789944697.2,-0.0738087445095,-0.666971158298,0.144036233281,-0.0169018604244,0.0789662840005,0.169267776271
60.317,1789944697.22,-0.107560590897,-0.678816801194,0.133954044653,-0.070411871697,0.100949124746,0.147996122841
60.337,1789944697.24,-0.140966583685,-0.691186728792,0.13647772586,-0.046731196903,0.114157707277,0.155713662424
60.357,1789944697.26,-0.173604749948,-0.702478513613,0.123062932466,-0.123604994031,0.138136358515,0.12796576544
60.377,1789944697.28,-0.205853258306,-0.714220676824,0.124173079183,-0.107567129698,0.15151756233,0.134180663745
60.397,1789944697.3,-0.237643306351,-0.726132061645,0.133667462978,-0.0428857622717,0.158305858038,0.160581429001
60.417,1789944697.32,-0.268220499045,-0.736528274029,0.121074378908,-0.0957957936996,0.180091360364,0.138174163583
60.437,1789944697.34,-0.298337912114,-0.747455751669,0.121477164638,-0.0711816134364,0.191655920908,0.146611203065
60.457,1789944697.36,-0.327110894885,-0.757102596439,0.10565308178,-0.147915506415,0.215154088067,0.117320900158
60.477,1789944697.38,-0.355420475348,-0.76722342724,0.104855926413,-0.130743762651,0.226480714031,0.124219719303
60.497,1789944697.4,-0.383098808477,-0.777490875507,0.112780157461,-0.0641389099477,0.230341463811,0.152442235208
60.517,1789944697.42,-0.408934262614,-0.786017099449,0.0982431144002,-0.116562137022,0.250793022314,0.129194841676
60.537,1789944697.44,-0.434228954018,-0.795093695085,0.0971753907608,-0.0902529634596,0.259764539483,0.138543475942
60.557,1789944697.46,-0.457680783246,-0.80272204971,0.0796958321762,-0.166951383096,0.281986877571,0.108118816706
60.577,1789944697.48,-0.48062723399,-0.810855556834,0.0777430048783,-0.148243262552,0.290583376979,0.115797706237
60.597,1789944697.5,-0.502807455557,-0.819123479776,0.0848269572455,-0.0794012434458,0.290940747804,0.145642704206
60.617,1789944697.52,-0.522624941248,-0.825474386756,0.0692560243665,-0.131618353468,0.309375223961,0.121799221081
60.637,1789944697.54,-0.541853853323,-0.832400825579,0.0675941982163,-0.103653519244,0.315095073434,0.131963656177
60.657,1789944697.56,-0.558851652614,-0.837755294625,0.0494720927157,-0.180712526289,0.335256169119,0.100698045555
60.677,1789944697.58,-0.575329669327,-0.843645363988,0.0473149579674,-0.160539098913,0.340368626806,0.109040652866
60.697,1789944697.6,-0.590949853316,-0.849665005099,0.054504771743,-0.0892387038603,0.336474510859,0.140208986482
60.717,1789944697.62,-0.603830358618,-0.85364300358,0.0389816472048,-0.141386555311,0.351974648028,0.115951071296
60.737,1789944697.64,-0.616106869349,-0.858220162994,0.037747222267,-0.111601738449,0.353606337591,0.126786405146
60.757,1789944697.66,-0.625896199432,-0.861142645735,0.0200598840584,-0.189873888948,0.369851752956,0.0948665613492
60.777,1789944697.68,-0.635193716083,-0.864632845994,0.0188544869221,-0.165244218428,0.371559296855,0.104612062955
60.797,1789944697.7,-0.643599960921,-0.868281899793,0.0274541941371,-0.0894408443571,0.362381316977,0.137586474386
60.817,1789944697.72,-0.648944607762,-0.869687284081,0.0116187118771,-0.149073751492,0.375610788128,0.109600437131
60.837,1789944697.74,-0.653853699818,-0.871889983154,0.012786735571,-0.111838929945,0.371537197821,0.123391326838
60.857,1789944697.76,-0.656026560235,-0.872229256583,-0.00464345771114,-0.198295011129,0.386201279689,0.0879321576822
60.877,1789944697.78,-0.657875883156,-0.873302657087,-0.00314019204978,-0.167179669634,0.380959660785,0.100148809667
60.897,1789944697.8,-0.658765648954,-0.874439193952,0.00721171900079,-0.0893876083062,0.366608453032,0.133440587452
60.917,1789944697.82,-0.656569627815,-0.873315329259,-0.00663636342522,-0.147850293467,0.375271390701,0.105559184297
60.937,1789944697.84,-0.653973841019,-0.87298166001,-0.00348430258507,-0.108669815328,0.366324523473,0.119529517237
60.957,1789944697.86,-0.648695081659,-0.870789665914,-0.0187907940882,-0.19530064958,0.377062787449,0.0840118784329
60.977,1789944697.88,-0.6431372565,-0.869321887665,-0.0151480801856,-0.162571355151,0.367216755105,0.0963447148218
60.997,1789944697.9,-0.636660175513,-0.86790108345,-0.00269689365666,-0.0828017248003,0.348181030822,0.129590511322
61.017,1789944697.92,-0.627251436708,-0.864257716841,-0.0142320765934,-0.141350846168,0.352882862079,0.10171314312
61.037,1789944697.94,-0.617489013454,-0.861380080859,-0.00888511041287,-0.100991596132,0.339603993684,0.115531906192
61.057,1789944697.96,-0.605249526495,-0.856691719987,-0.0218070997758,-0.188039894086,0.346624419652,0.0801981509816
61.077,1789944697.98,-0.592769653759,-0.852685825393,-0.0159882650063,-0.154270374471,0.332685230555,0.0923660773766
61.097,1789944698,-0.57944925494,-0.848699079426,-0.00152761558602,-0.0735875920515,0.30875139261,0.125164918879
61.117,1789944698.02,-0.5635256783,-0.842575529495,-0.0107076472481,-0.130797545633,0.311465499264,0.0976263429784
61.137,1789944698.04,-0.547288436567,-0.837166888066,-0.00335453179839,-0.090017210387,0.293422137217,0.111165145409
61.157,1789944698.06,-0.528895609444,-0.829994769132,-0.0143821222749,-0.162349489394,0.288974073181,0.0756764869851
61.177,1789944698.08,-0.51040215434,-0.823606433238,-0.00623164859874,-0.148243474763,0.286125948696,0.0888710364318
61.197,1789944698.1,-0.491112572049,-0.817107332746,0.00992701404315,-0.0713009351894,0.265176826202,0.121718622829
61.217,1789944698.12,-0.469562685828,-0.808465167848,0.00175251679176,-0.125084571942,0.254753074164,0.0917593711526
61.237,1789944698.14,-0.447854911877,-0.800579202677,0.0112777769956,-0.084939033158,0.239915638141,0.107111329446
61.257,1789944698.16,-0.424337641649,-0.790911589841,0.0014262258864,-0.16747578233,0.232892910306,0.0702556577856
61.277,1789944698.18,-0.400744311438,-0.781877203287,0.0109059386789,-0.125341096627,0.212902759589,0.0840940175351
61.297,1789944698.2,-0.376579770592,-0.77280971304,0.0284434502333,-0.0357017906224,0.181729151707,0.117258891178
61.317,1789944698.22,-0.35079491051,-0.761847428941,0.021660498523,-0.0955650478659,0.18184947479,0.0892668180181
61.337,1789944698.24,-0.324863761329,-0.751545161373,0.0314631641608,-0.0521667457298,0.158229347785,0.102970564167
61.357,1789944698.26,-0.297739335283,-0.739714465304,0.0222566035043,-0.149010040663,0.160612844059,0.0667665472145
61.377,1789944698.28,-0.27056189018,-0.728437542245,0.0323198370329,-0.107717242422,0.139340744298,0.0809631936277
61.397,1789944698.3,-0.242967740647,-0.717034020393,0.0490794537982,-0.0251005488976,0.111300807269,0.112479245552
61.417,1789944698.32,-0.214382467254,-0.703929814436,0.0421107318462,-0.0907102311018,0.108606578228,0.0834037393812
61.437,1789944698.34,-0.185735678187,-0.691397159653,0.0520724060573,-0.0427669806937,0.0865593526555,0.0984229188828
61.457,1789944698.36,-0.15645324038,-0.677480484165,0.0430494649567,-0.137926936478,0.0874258810656,0.0632821002252
61.477,1789944698.38,-0.127129784092,-0.663963669007,0.0524806184999,-0.0938615548914,0.0655006068639,0.077458842039
61.497,1789944698.4,-0.0975887942923,-0.65028138272,0.068142839173,-0.00947781255816,0.0365154133877,0.108471161837
61.517,1789944698.42,-0.0677253070699,-0.635158174273,0.060881974852,-0.0731719304684,0.0327919644508,0.0800978876826
61.537,1789944698.44,-0.037857216876,-0.620487536507,0.0696463447483,-0.0248432914517,0.010242615792,0.0946791774897
61.557,1789944698.46,-0.0079617663531,-0.604712378013,0.0608296040598,-0.111870775397,0.0135689623848,0.0623841558342
61.577,1789944698.48,0.0219567416744,-0.589171679096,0.0681445905799,-0.0754080498976,-0.011272763848,0.0742633386515
61.597,1789944698.5,0.0518548444679,-0.573482822543,0.0819530531863,0.00825937339003,-0.0398988653694,0.104742790113
61.617,1789944698.52,0.0814136492083,-0.556649428985,0.0737986360624,-0.0567559677767,-0.0441297325231,0.0766922338032
61.637,1789944698.54,0.11088907606,-0.540154105477,0.0808734368275,-0.00866627128493,-0.0661419332929,0.0911292762603
61.657,1789944698.56,0.139809825582,-0.522768137853,0.0705427231428,-0.10182040543,-0.0653267844284,0.0577555575485
61.677,1789944698.58,0.168659972811,-0.505523630342,0.0766831069031,-0.0580554115762,-0.086133634845,0.0714063792699
61.697,1789944698.6,0.197256363051,-0.488102125106,0.0882203941714,0.0252774084828,-0.113502825713,0.101516152617
61.717,1789944698.62,0.224903047178,-0.469849547314,0.0790673463797,-0.0367557979346,-0.115820271822,0.0741018500332
61.737,1789944698.64,0.252364761005,-0.451842121028,0.0841666819843,0.0114805994667,-0.136451240571,0.0883553458393
61.757,1789944698.66,0.27875382206,-0.433226597592,0.0728790766385,-0.0799767190553,-0.134381319793,0.0554897702886
61.777,1789944698.68,0.304987459428,-0.414657448548,0.0770610651295,-0.0364923080355,-0.154032517118,0.0689891885287
61.797,1789944698.7,0.330737005874,-0.395941451546,0.0862683417754,0.0458703310143,-0.180245494857,0.0988829579588
61.817,1789944698.72,0.355018727217,-0.376726042224,0.076119626952,-0.0153920153766,-0.181334072134,0.0715277164812
61.837,1789944698.74,0.378996557363,-0.357686083416,0.0793107923329,0.032149310516,-0.200630264646,0.0855751167441
61.857,1789944698.76,0.401467759829,-0.338324431015,0.0672546612226,-0.0578982719962,-0.19699898776,0.0527889488728
61.877,1789944698.78,0.423676966107,-0.318933230494,0.0696673718684,-0.0148345395725,-0.2150217021,0.0661216163751
61.897,1789944698.8,0.44518567018,-0.299440615436,0.0767816052439,0.066513900198,-0.239503224509,0.0959202459927
61.917,1789944698.82,0.464817502062,-0.279773801306,0.0659901412515,0.00659932738398,-0.238492130032,0.0683067796951
61.937,1789944698.84,0.484017823447,-0.260236034073,0.06765179793,0.0537966832274,-0.255714806491,0.0822075247121
61.957,1789944698.86,0.501382470825,-0.24065843581,0.0552788000196,-0.0341950205565,-0.249600990659,0.0490948277914
61.977,1789944698.88,0.518370037313,-0.221004830705,0.056377702624,0.00851839525667,-0.265278089694,0.0622515145366
61.997,1789944698.9,0.534475978206,-0.201316406276,0.0619431876876,0.0891508713058,-0.287487090556,0.0922519031402
62.017,1789944698.92,0.548422501829,-0.181768634253,0.0510653113075,0.0308718002751,-0.283635713269,0.064080996428
62.037,1789944698.94,0.561812440775,-0.162335300229,0.05171052296,0.076992358491,-0.298110508237,0.0776580457839
62.057,1789944698.96,0.573160275277,-0.143133348823,0.0396170663681,-0.00883906019153,-0.288791586234,0.0438153477951
62.077,1789944698.98,0.584023889505,-0.123841144676,0.0400416846822,0.033381878582,-0.301609528209,0.0569043831803
62.097,1789944699,0.593865703104,-0.104598240028,0.0446237335374,0.112160461313,-0.320920937562,0.0869820894525
62.117,1789944699.02,0.601405778844,-0.0857863812328,0.0342957588366,0.0556291253298,-0.313625514598,0.0580169189098
62.137,1789944699.04,0.608290530265,-0.0671010213594,0.0346811323709,0.101325635546,-0.325009967924,0.0717060904714
62.157,1789944699.06,0.613044029605,-0.0488982859147,0.0235109399985,0.0180719526743,-0.31191514375,0.0369063578217
62.177,1789944699.08,0.617224227213,-0.0306240548728,0.0238947680937,0.0594354455826,-0.321370318971,0.0499521929716
62.197,1789944699.1,0.620302877961,-0.0124992237533,0.0281998436241,0.136324185293,-0.33740926062,0.0804597314258
62.217,1789944699.12,0.621066143778,0.00493164885965,0.0190099953419,0.0815208523518,-0.326177692449,0.0505926388558
62.237,1789944699.14,0.621107180582,0.0221951269452,0.0197223714082,0.126163219241,-0.334038853095,0.0644673290378
62.257,1789944699.16,0.619045738448,0.0387491003125,0.00999589046286,0.0453761400403,-0.316745445193,0.0285628787197
62.277,1789944699.18,0.616357065408,0.0553272681503,0.0109071153804,0.0855139690738,-0.322554580863,0.0417832770918
62.297,1789944699.2,0.612550138787,0.0716461659218,0.0154827866984,0.159886879591,-0.33506595597,0.0729304842377
62.317,1789944699.22,0.606534532897,0.0870438275515,0.00784714031325,0.106683738292,-0.31970507431,0.0421913430252
62.337,1789944699.24,0.599772904722,0.10221147375,0.00930465188901,0.149510889113,-0.323860741853,0.0563191115256
62.357,1789944699.26,0.591045273346,0.116475923433,0.00133172646053,0.0710943998084,-0.302313677393,0.019325551379
62.377,1789944699.28,0.581681600371,0.130697484615,0.00311752116226,0.109495344007,-0.304474046459,0.0328932047007
62.397,1789944699.3,0.571250638362,0.144549861748,0.00830690303543,0.180855791532,-0.313524268264,0.0648946064175
62.417,1789944699.32,0.558821455523,0.157295587995,0.00239022371571,0.129168631369,-0.294228148962,0.0334589397213
62.437,1789944699.34,0.545676963111,0.169737930085,0.00483052802452,0.170191984583,-0.294979671931,0.0482348136021
62.457,1789944699.36,0.530790972659,0.181117954613,-0.00134895412804,0.0941136566942,-0.269528554287,0.0103487253405
62.477,1789944699.38,0.515312396358,0.192375978669,0.0014237323559,0.130599125479,-0.268434369262,0.0245818762226
62.497,1789944699.4,0.498882049061,0.203159499715,0.00733271137024,0.198654611805,-0.274450917781,0.0577340653193
62.517,1789944699.42,0.480745861789,0.212690993005,0.00301158111996,0.148208623529,-0.251728599723,0.0258551083454
62.537,1789944699.44,0.461978014218,0.221839995811,0.00635280814529,0.186690285934,-0.249525908319,0.041363159164
62.557,1789944699.46,0.441766443804,0.229806329687,0.0017140413022,0.112551299783,-0.220782895461,0.0028028708404
62.577,1789944699.48,0.421058867014,0.237571317853,0.00531150254312,0.146647212618,-0.21703917709,0.017883347675
62.597,1789944699.5,0.399573351116,0.244771820571,0.0117760482503,0.210867435663,-0.220629798904,0.052241385835
62.617,1789944699.52,0.376738830865,0.250621748756,0.00867042845906,0.161375536128,-0.195227391199,0.0201659805657
62.637,1789944699.54,0.353409204329,0.256020268107,0.0126390511003,0.197217526954,-0.190839286956,0.0366200684944
62.657,1789944699.57,0.328987842272,0.260158198082,0.00906451659338,0.124815807944,-0.159634494503,-0.00236318653004
62.677,1789944699.58,0.304215392823,0.264026627232,0.0131194252,0.156238502486,-0.15400098827,0.0136038975161
62.697,1789944699.61,0.278884849689,0.26725945042,0.0197306494894,0.203642536187,-0.151591709031,0.0505741565282
62.717,1789944699.62,0.252633797356,0.26917096127,0.0171728408413,0.164716686539,-0.127417977091,0.0152131897358
62.737,1789944699.64,0.22607984964,0.270587102438,0.0217240250062,0.202719682012,-0.122938251864,0.0355757618868
62.757,1789944699.67,0.198803560599,0.2706743429,0.0182024286735,0.129365789612,-0.0896549795883,-0.00695891184878
62.777,1789944699.69,0.17138257151,0.270479767919,0.0226606336409,0.164355101125,-0.0846742652636,0.0132022412691
62.797,1789944699.71,0.143649914263,0.269577258687,0.0292540490836,0.221527155747,-0.0862092617796,0.0507066045472
62.817,1789944699.73,0.115386207457,0.267227872936,0.0264011860464,0.167829376426,-0.0565206323266,0.0153598314329
62.837,1789944699.75,0.0870329151854,0.264381455445,0.0306223211764,0.201078117611,-0.0511398796412,0.0363494199027
62.857,1789944699.77,0.058377142843,0.26020966115,0.0269072703549,0.124139365826,-0.0156950000228,-0.00644006164641
62.877,1789944699.79,0.029778344718,0.255754080419,0.0309187954312,0.155278764766,-0.0101807607972,0.0146290721081
62.897,1789944699.81,0.00115400803602,0.250607572145,0.0369480782993,0.207892776817,-0.0114005236113,0.0530091722088
62.917,1789944699.83,-0.0275450381435,0.244085515084,0.0335982724204,0.155146844475,0.0185879526303,0.0176964059143
62.937,1789944699.85,-0.0561147941682,0.2370876477,0.0371471385979,0.186275040243,0.023732643852,0.0393572720893
62.957,1789944699.87,-0.0845515035082,0.22884599389,0.0327415693336,0.111366126946,0.0591897002099,-0.00367556352213
62.977,1789944699.89,-0.112722115383,0.220340106552,0.0359504582146,0.140519214051,0.0641509472527,0.0179665215758
62.997,1789944699.91,-0.140628111572,0.211189779716,0.0411332045932,0.190044342834,0.0622253577912,0.0568478064059
63.017,1789944699.93,-0.168156425569,0.200774628342,0.0368563119561,0.13787826143,0.0918309973749,0.0214834575255
63.037,1789944699.95,-0.195339660306,0.189923473927,0.0394849016369,0.166493256286,0.0961107184238,0.0435695316206
63.057,1789944699.97,-0.221964157254,0.177952331305,0.0340299900393,0.0923970411382,0.131063863072,0.000236539399354
63.077,1789944699.99,-0.248122351884,0.165760558294,0.036262406065,0.118809980608,0.134966512038,0.0221283668296
63.097,1789944700.01,-0.27373868353,0.153006879502,0.0405153535889,0.16492815525,0.131770434542,0.0612520790515
63.117,1789944700.03,-0.298544121466,0.139154000951,0.0351047829437,0.112600414721,0.160484464287,0.0256795486629
63.137,1789944700.05,-0.322805996022,0.124936198651,0.0367544670388,0.138464632504,0.16339575785,0.0477706085114
63.157,1789944700.07,-0.346109261951,0.109779537476,0.030125048736,0.0647535573602,0.197290810787,0.00400574548018
63.177,1789944700.09,-0.368768285588,0.0944774490181,0.0314033997173,0.088497667278,0.199614271088,0.0257061555492
63.197,1789944700.11,-0.390660419932,0.0787410453762,0.0350286567277,0.132995511665,0.202235900165,0.0645528965965
63.217,1789944700.13,-0.411281656053,0.0621191114205,0.0283321280043,0.0793543215561,0.221711585325,0.0289240613259
63.237,1789944700.15,-0.431200227597,0.0452336175275,0.0291422768844,0.102763847574,0.222706680441,0.0505961879018
63.257,1789944700.17,-0.449802408579,0.0276442967129,0.0214257251265,0.0291424228257,0.252926398636,0.00630909946943
63.277,1789944700.19,-0.467628795271,0.010011672178,0.0219874877204,0.0507491574454,0.253001818679,0.0275990990492
63.297,1789944700.21,-0.484462720307,-0.00790288151491,0.0248476718437,0.0913225457854,0.245551544075,0.0660720950886
63.317,1789944700.23,-0.499762807357,-0.0264135378476,0.0174585068705,0.0387119525592,0.271052895279,0.0295754567855
63.337,1789944700.25,-0.514229909084,-0.0450658159669,0.0177770501257,0.0603873724872,0.26993904321,0.0507820585603
63.357,1789944700.27,-0.527100451946,-0.0641399350836,0.00931556058641,-0.0126213336866,0.300174584533,0.00586229889108
63.377,1789944700.29,-0.53908566224,-0.0831399902773,0.0095290586332,0.00727496947091,0.297908170955,0.0264961572772
63.397,1789944700.31,-0.549915330005,-0.10224066506,0.0122162515403,0.0457476297957,0.287920121183,0.0641847055095
63.417,1789944700.33,-0.558948033037,-0.121618245954,0.0043426883855,-0.00696653774847,0.310233738515,0.0270764038145
63.437,1789944700.35,-0.567059559374,-0.141000616984,0.00456961323064,0.0131341647677,0.305674368805,0.0475048327808
63.457,1789944700.37,-0.573368591702,-0.160488157865,-0.00423039262994,-0.059502388571,0.33220815755,0.0019845259454
63.477,1789944700.39,-0.578733925989,-0.179770879225,-0.00395052654999,-0.0411305807607,0.326357167395,0.0216639214184
63.497,1789944700.41,-0.582848939297,-0.198951925028,-0.00100081054895,-0.00420208648526,0.31282847958,0.0584583294672
63.517,1789944700.43,-0.585015356811,-0.218060377937,-0.00889589422706,-0.0567292161823,0.331351227184,0.0207645896875
63.537,1789944700.45,-0.58622676208,-0.237025038853,-0.00835218648605,-0.037874441089,0.323378688925,0.0401556670942
63.557,1789944700.47,-0.585542488719,-0.255756252751,-0.0170173940593,-0.109751258214,0.345926432536,-0.005807633617
63.577,1789944700.49,-0.583907525444,-0.274142770561,-0.0162225131687,-0.0920287226828,0.336560786141,0.013116068412
63.597,1789944700.51,-0.580994967445,-0.292214122045,-0.0126321761578,-0.056035248501,0.319760309706,0.0489730661599
63.617,1789944700.53,-0.576102595123,-0.309853878358,-0.0200973957297,-0.107816798524,0.334131374533,0.0109188248878
63.637,1789944700.55,-0.570279296939,-0.327156226078,-0.0190210321574,-0.0736133283405,0.332011936334,0.0295747536682
63.657,1789944700.57,-0.562546139584,-0.343999463107,-0.0268912232107,-0.159145635044,0.340278395003,-0.0158431490478
63.677,1789944700.59,-0.553869475944,-0.360373199772,-0.0253029731916,-0.154466857696,0.31979965089,0.00119884018409
63.697,1789944700.61,-0.544002493762,-0.376116867019,-0.0208923165612,-0.0978941858119,0.306338601922,0.035490177544
63.717,1789944700.63,-0.532264286223,-0.391152489949,-0.0275102326168,-0.161045091954,0.314965638707,-0.00142074946339
63.737,1789944700.65,-0.519630139565,-0.405700197572,-0.0258203909328,-0.144218079109,0.303536555768,0.0135396707614
63.757,1789944700.67,-0.50530762802,-0.419377606282,-0.0325686988579,-0.210584505755,0.315344777141,-0.0289724479119
63.777,1789944700.69,-0.490125555239,-0.432392456443,-0.0298887799554,-0.19116893552,0.299607902594,-0.0105722579659
63.797,1789944700.71,-0.473785826453,-0.444644353032,-0.0250412812385,-0.158977117889,0.278495799017,0.0201225897708
63.817,1789944700.73,-0.45582431964,-0.455832942515,-0.0303241137928,-0.203226215671,0.282491612235,-0.014784600355
63.837,1789944700.75,-0.437038477957,-0.466380139373,-0.0277075930392,-0.187911206294,0.266126261403,-0.000448662714803
63.857,1789944700.77,-0.416814221243,-0.475790913121,-0.0334123679829,-0.248006750244,0.272300071247,-0.0418835788715
63.877,1789944700.79,-0.395842211069,-0.484417571544,-0.0298267904537,-0.22821466215,0.253207760951,-0.0237474881149
63.897,1789944700.81,-0.373896398166,-0.492106760592,-0.0241471266127,-0.195437524409,0.229832704379,0.00661220636014
63.917,1789944700.83,-0.350653594918,-0.498512226554,-0.0284369586659,-0.237670922943,0.229258281284,-0.0273944373079
63.937,1789944700.85,-0.326738146959,-0.504139397297,-0.0250351518923,-0.221884288385,0.210646050604,-0.013084356538
63.957,1789944700.87,-0.301729586269,-0.508441912364,-0.029768658668,-0.278950438468,0.212168200153,-0.0531660848711
63.977,1789944700.89,-0.276126957438,-0.511832857984,-0.0255529150283,-0.258657024171,0.191499407275,-0.0351903034993
63.997,1789944700.91,-0.249793383297,-0.514137537239,-0.0193575064306,-0.225325947438,0.167192544671,-0.00496327516356
64.017,1789944700.93,-0.222570596567,-0.515005600938,-0.0228028598464,-0.264049331174,0.16282533213,-0.0375622138435
64.037,1789944700.95,-0.194863520947,-0.51496813066,-0.0189564420379,-0.246843072536,0.142938202597,-0.023122468504
64.057,1789944700.97,-0.16647495751,-0.513492924105,-0.0228956446233,-0.299091750942,0.140315686848,-0.0613214107512
64.077,1789944700.99,-0.137681316413,-0.51099727092,-0.018373439648,-0.27691753569,0.118800425111,-0.0429380315986
64.097,1789944701.01,-0.108444044577,-0.507312127929,-0.0121302881764,-0.242691629078,0.0945201425513,-0.0129290072894
64.117,1789944701.03,-0.0787773915273,-0.502135435224,-0.0149823685318,-0.276847780329,0.0870055090395,-0.04373192626
64.137,1789944701.05,-0.0488510483861,-0.495962045228,-0.011062487401,-0.257618930011,0.0666458767717,-0.0287591942784
64.157,1789944701.07,-0.0186911385564,-0.488332126421,-0.014474773861,-0.304283098173,0.060651185725,-0.0647892387803
64.177,1789944701.09,0.0116509593833,-0.479609074297,-0.010100771943,-0.280370233478,0.0392844356175,-0.0460281087041
64.197,1789944701.11,0.0421144172839,-0.469657547719,-0.0042731660946,-0.245389429923,0.0159645361289,-0.01616341629
64.217,1789944701.13,0.0725316061294,-0.458260572815,-0.0068413813398,-0.274665616728,0.00626203216272,-0.0450644486943
64.237,1789944701.15,0.102953354512,-0.445820777415,-0.00330859494755,-0.253796342768,-0.0135471647838,-0.0297766783304
64.257,1789944701.17,0.133156873796,-0.431999714708,-0.00649082603937,-0.294463581041,-0.0218900897888,-0.0636153106958
64.277,1789944701.19,0.163303688667,-0.417046647049,-0.00290563666853,-0.267768967288,-0.0500473526986,-0.0448007464707
64.297,1789944701.21,0.193167489973,-0.40089783526,0.00220395923196,-0.224968520599,-0.0541685982729,-0.0156329395697
64.317,1789944701.23,0.222600311923,-0.383488880935,-0.000409694799287,-0.256849976292,-0.0787259378144,-0.0421584093401
64.337,1789944701.25,0.251727511524,-0.365051730866,0.00231394243084,-0.237732234648,-0.0914463469605,-0.0283447745368
64.357,1789944701.27,0.280238368257,-0.345390732431,-0.000568567180792,-0.270777856234,-0.103619054899,-0.0574437718359
64.377,1789944701.29,0.308391361874,-0.32462176055,0.00234940096599,-0.243875378323,-0.121118847487,-0.0378726519506
64.397,1789944701.31,0.335979077517,-0.302741140069,0.00580374695609,-0.210477855309,-0.139962163847,-0.01147452711
64.417,1789944701.33,0.362679522794,-0.279763139492,0.00303098735454,-0.226725973739,-0.155007955245,-0.0355983487472
64.437,1789944701.35,0.388793187887,-0.25582526586,0.00471720283171,-0.205426916318,-0.166897214918,-0.0221105962003
64.457,1789944701.37,0.413924633446,-0.2308963678,0.00153576633684,-0.235804221267,-0.182483306325,-0.049868721113
64.477,1789944701.39,0.438394704,-0.204933443663,0.00338811032578,-0.201502807936,-0.191754380619,-0.0303725885285
64.497,1789944701.41,0.461995203907,-0.17802539702,0.00577588672506,-0.157694301884,-0.204639799861,-0.00476960579485
64.517,1789944701.43,0.484379822209,-0.150361618087,0.00265080884016,-0.178033463106,-0.216286432785,-0.0269256780981
64.537,1789944701.45,0.50593165567,-0.12189078077,0.00304352359146,-0.156610613016,-0.229816250652,-0.0146099284026
64.557,1789944701.47,0.526216933489,-0.0927117075413,-0.000369795147574,-0.177732880376,-0.240044066481,-0.0408370128557
64.577,1789944701.49,0.545625697202,-0.0627199424042,9.87105364336e-05,-0.159374462295,-0.263957098051,-0.0228792455103
64.597,1789944701.51,0.563830343342,-0.0319707696156,0.00100377969115,-0.118023313254,-0.26603916264,0.00203489458122
64.617,1789944701.53,0.580580022927,-0.000710456885256,-0.00221896115947,-0.124536976916,-0.274820692615,-0.0194549549547
64.637,1789944701.55,0.59622567629,0.031160094173,-0.00281816836595,-0.0999153495202,-0.282555052811,-0.00780869659423
64.657,1789944701.57,0.610409908808,0.0634224687049,-0.00644569826883,-0.116917226944,-0.295910782135,-0.0335152924049
64.677,1789944701.59,0.623434397696,0.0962951678845,-0.00692384278708,-0.0847927775121,-0.299046741321,-0.0161843642456
64.697,1789944701.61,0.635124621165,0.129591663947,-0.00703936727406,-0.0442483288389,-0.304837079732,0.00674416778194
64.717,1789944701.63,0.645205598785,0.162998122915,-0.0106830765268,-0.0557826936883,-0.313216954953,-0.0142218934045
64.737,1789944701.65,0.654017702833,0.196734526426,-0.0121206693125,-0.0340799337086,-0.320310165011,-0.00348113477005
64.757,1789944701.67,0.661232525744,0.230546035738,-0.015805392937,-0.0445473536447,-0.326527767951,-0.0286955665626
64.777,1789944701.69,0.667137628959,0.264658437017,-0.0171720740668,-0.0186520285605,-0.332282835378,-0.012801882092
64.797,1789944701.71,0.67156023892,0.298871649032,-0.0184138854308,0.0104867905838,-0.336943073835,0.00887112329145
64.817,1789944701.73,0.674317733022,0.332950301207,-0.0218467923594,0.0115412333984,-0.340519625588,-0.0124504863129
64.837,1789944701.75,0.6756529118,0.367056561086,-0.0238351169008,0.033502632608,-0.343101432446,-0.00310307748845
64.857,1789944701.77,0.675348279898,0.400929174904,-0.0273410747756,0.0304431073357,-0.344992879174,-0.0285767342821
64.877,1789944701.79,0.67362401328,0.43476476272,-0.0292131617626,0.0555881637944,-0.34571955897,-0.0141509954638
64.897,1789944701.81,0.670368338549,0.468363313878,-0.0309907590576,0.0827043243796,-0.34534348802,0.00575323030584
64.917,1789944701.83,0.665476467737,0.501506367498,-0.0341830235371,0.0866008036787,-0.345203313767,-0.0158857781594
64.937,1789944701.85,0.65912358542,0.53433488937,-0.0363831845701,0.106836661316,-0.343502875965,-0.0079097853653
64.957,1789944701.87,0.651185485253,0.566613298603,-0.0395071704612,0.107078115478,-0.34204167144,-0.0336237834562
64.977,1789944701.89,0.641815326067,0.598498476273,-0.0415458249064,0.129342666267,-0.338567525974,-0.020599755326
64.997,1789944701.91,0.630958118471,0.629813167379,-0.0435016273984,0.152616182715,-0.333918888764,-0.00249522925831
65.017,1789944701.93,0.618575250463,0.660381790076,-0.0462380765566,0.158388144688,-0.330367860362,-0.0244581577947
65.037,1789944701.95,0.604784480942,0.690300646373,-0.0483335235808,0.176309077518,-0.324601810725,-0.0176283022841
65.057,1789944701.97,0.589540290776,0.719382789657,-0.0508886195744,0.179384824503,-0.319727742621,-0.043595412056
65.077,1789944701.99,0.572949951065,0.74771964015,-0.0529470115445,0.201079224991,-0.318594097736,-0.0314477388082
65.097,1789944702.01,0.554979839256,0.775184822793,-0.0545819639576,0.217364110831,-0.30311561076,-0.0153836780379
65.117,1789944702.03,0.535663712847,0.801631179952,-0.0567720946697,0.225743880612,-0.298969737717,-0.0372541500921
65.137,1789944702.05,0.515046180834,0.827129664599,-0.0584323075069,0.243897489991,-0.272587651613,-0.0340362395356
65.157,1789944702.07,0.493277342076,0.85150074144,-0.0602876106264,0.2427860488,-0.280205376947,-0.0573170782523
65.177,1789944702.09,0.470308787853,0.874834660651,-0.0617586225529,0.257916611391,-0.264327604117,-0.0474049583735
65.197,1789944702.11,0.446215070033,0.897021316738,-0.063165875973,0.270992993036,-0.254523951138,-0.0314410880317
65.217,1789944702.13,0.421018752206,0.91799827539,-0.0645833792943,0.278888839447,-0.243830463765,-0.0535500548676
65.237,1789944702.15,0.394793601787,0.937755078134,-0.0658022472543,0.290219430138,-0.230973363126,-0.0484972076204
65.257,1789944702.17,0.367586605448,0.956224586571,-0.066944629936,0.297113987902,-0.219537516227,-0.0741186433597
65.277,1789944702.19,0.339471770667,0.973381633693,-0.0680613385171,0.310022006639,-0.209740756985,-0.0636762180966
65.297,1789944702.21,0.310466083239,0.989201595056,-0.0686293244812,0.312512551976,-0.181211832923,-0.0505418368402
65.317,1789944702.23,0.280706861437,1.00361327836,-0.0695268072776,0.323249790575,-0.174687821472,-0.07108145525
65.337,1789944702.25,0.2502144207,1.01662790773,-0.0699523804075,0.325267873631,-0.149648182887,-0.0674550753256
65.357,1789944702.27,0.219121429042,1.02818905148,-0.0706368012476,0.336902524341,-0.145206076129,-0.0908103815233
65.377,1789944702.29,0.187450944017,1.0382696646,-0.0711985942453,0.343920973657,-0.132850170205,-0.0804232319376
65.397,1789944702.31,0.155221529615,1.04686540979,-0.071433106899,0.347025226586,-0.101442253022,-0.0682346834628
65.417,1789944702.33,0.12261744635,1.05394012227,-0.0716168008112,0.351315404012,-0.0982838366344,-0.0864517154567
65.437,1789944702.35,0.0896139746897,1.05950897565,-0.0714733216811,0.357567835465,-0.0729715276287,-0.0833794572968
65.457,1789944702.37,0.0563559624593,1.06346887985,-0.0716212478119,0.35751289101,-0.0657196116327,-0.104357810229
65.477,1789944702.39,0.0228738972619,1.06587306112,-0.0714837962327,0.351112472422,-0.0512220320212,-0.0937663100776
65.497,1789944702.41,-0.0108145072193,1.06673870751,-0.0713866101872,0.349278517253,-0.0150943806737,-0.0820881508604
65.517,1789944702.43,-0.0445026200779,1.06611029724,-0.0710243743347,0.351352286526,-0.0062389591505,-0.0988352254693
65.537,1789944702.45,-0.0781743371253,1.06392985284,-0.0707073888633,0.348584694668,0.0143386779356,-0.0951714294554
65.557,1789944702.47,-0.111728166835,1.06024361857,-0.0702850098619,0.351491215045,0.0269795351124,-0.114296652607
65.577,1789944702.49,-0.145117443182,1.05501632266,-0.0698173249562,0.346762745565,0.048286438198,-0.103862813478
65.597,1789944702.51,-0.17824539894,1.04826893405,-0.0693979636804,0.336293948745,0.0679927120682,-0.0911653835671
65.617,1789944702.53,-0.211039875789,1.0401024456,-0.0687465010102,0.339826354681,0.0841238731334,-0.106279675101
65.637,1789944702.55,-0.243420117503,1.03043240024,-0.0682010206334,0.331580533824,0.102564610626,-0.101712769594
65.657,1789944702.57,-0.275315320975,1.0193649811,-0.0674562636895,0.336268579295,0.117614662278,-0.118668478742
65.677,1789944702.59,-0.306646170624,1.00679516511,-0.0669155754486,0.321736836311,0.136468209171,-0.107813148383
65.697,1789944702.61,-0.337340619523,0.992831770919,-0.0663954310433,0.303968198697,0.155404148257,-0.0950019254248
65.717,1789944702.63,-0.367334031225,0.977612483463,-0.0655706474768,0.304482646812,0.16978789735,-0.108006093018
65.737,1789944702.65,-0.396546203133,0.961041672308,-0.0649535581389,0.29088047557,0.186727991664,-0.102780616138
65.757,1789944702.67,-0.424924028635,0.943273397952,-0.0640540580104,0.294607075038,0.1998758293,-0.117394480093
65.777,1789944702.69,-0.45238285693,0.92417152387,-0.0635400058305,0.274353947979,0.216949324271,-0.106424510414
65.797,1789944702.71,-0.478865561565,0.903886478,-0.0631037220039,0.250696414293,0.233957748352,-0.0937323034302
65.817,1789944702.73,-0.504331975103,0.882605745121,-0.0621763389975,0.25007790588,0.246003040661,-0.104716222763
65.837,1789944702.75,-0.528690153855,0.860199093536,-0.0616323257209,0.232305939084,0.260571533923,-0.0990759271577
65.857,1789944702.77,-0.551921982013,0.836875259549,-0.0606217891744,0.236030671993,0.270871309221,-0.111479064343
65.877,1789944702.79,-0.573923804225,0.812450468703,-0.0602910582948,0.210790142304,0.28528740744,-0.100797844695
65.897,1789944702.81,-0.594665469064,0.787120641062,-0.0600986005957,0.181943917194,0.299500402787,-0.0887563996461
65.917,1789944702.83,-0.614148489682,0.761125383349,-0.0590787988548,0.180749574332,0.308199995315,-0.0980040052464
65.937,1789944702.85,-0.632252093928,0.734288037078,-0.0587048083296,0.159407389026,0.319541647024,-0.0924197318806
65.957,1789944702.87,-0.649016030139,0.706875693143,-0.0575514166693,0.163780608931,0.326027380426,-0.102926702584
65.977,1789944702.89,-0.664296650881,0.6786476892,-0.0575123228255,0.134231803417,0.337095238352,-0.0930700148667
65.997,1789944702.91,-0.67810576594,0.649846103413,-0.0576777661286,0.100856389804,0.347913085394,-0.0821778879469
66.017,1789944702.93,-0.690505823797,0.620759885546,-0.0565028489499,0.0999574086063,0.352507026783,-0.0900778853788
66.037,1789944702.95,-0.701323863033,0.591161289006,-0.056339863233,0.0759100530435,0.360063558478,-0.0850671796281
66.057,1789944702.97,-0.71068202764,0.561369725058,-0.0549424603875,0.0819783154217,0.362038450118,-0.0940827177183
66.077,1789944702.99,-0.718372365478,0.531088409786,-0.0552518304266,0.0490306967833,0.369352922302,-0.0856095707685
66.097,1789944703.01,-0.724474776726,0.50061038959,-0.0557418375958,0.0147700057212,0.378108292369,-0.0767355556595
66.117,1789944703.03,-0.729083013923,0.470223053357,-0.05445070483,0.0141659718066,0.374196122725,-0.0830506760342
66.137,1789944703.05,-0.732030368871,0.439686347421,-0.0544154374627,-0.0128236461947,0.385336554901,-0.0799897649263
66.157,1789944703.07,-0.73344921721,0.409344117258,-0.0526379403953,-0.00504041312487,0.376535490876,-0.0873723883573
66.177,1789944703.09,-0.733103177928,0.378869482366,-0.0532996883964,-0.0409138597573,0.380158187971,-0.0807974101015
66.197,1789944703.11,-0.731132174967,0.348571242434,-0.0542386208746,-0.0828669657736,0.384933900378,-0.074114769805
66.217,1789944703.13,-0.727719595451,0.318801465022,-0.0524637305566,-0.0770810557054,0.37460683505,-0.0798162034223
66.237,1789944703.15,-0.722603111236,0.289261827533,-0.0525612068592,-0.102499987012,0.376070290184,-0.0780595079132
66.257,1789944703.17,-0.716060846395,0.26029345441,-0.0503272897532,-0.0893646632494,0.365802117452,-0.0843820949162
66.277,1789944703.19,-0.707751986441,0.23154286406,-0.0514956587293,-0.129390585105,0.368700980757,-0.0799482433474
66.297,1789944703.21,-0.697899030408,0.203360670545,-0.0527546893458,-0.16933134731,0.37260790868,-0.0759916644155
66.317,1789944703.23,-0.686722221897,0.176052991372,-0.0503686105084,-0.1613640971,0.357755346619,-0.0814822872763
66.337,1789944703.25,-0.673883571545,0.149339051097,-0.0505207183763,-0.186690232933,0.353924808826,-0.0812534989596
66.357,1789944703.27,-0.659762547211,0.123529721871,-0.0476946905562,-0.170415022953,0.341304270364,-0.0871079688846
66.377,1789944703.29,-0.643949024337,0.098309269909,-0.0491114491797,-0.209261095745,0.337521331962,-0.0848844086832
66.397,1789944703.31,-0.6267240714,0.0739914594451,-0.0506860680312,-0.250152601949,0.331458025327,-0.083460414816
66.417,1789944703.33,-0.608404389575,0.0508486068219,-0.0477754404146,-0.239781147794,0.318720040819,-0.0885482668883
66.437,1789944703.35,-0.588575955221,0.0286527183063,-0.0478993164238,-0.26297191979,0.308088122722,-0.0897801932877
66.457,1789944703.37,-0.567681668437,0.00764848824179,-0.0443855520478,-0.241552180943,0.291277643541,-0.0951477297809
66.477,1789944703.39,-0.545300195165,-0.0124244446589,-0.0459810563743,-0.27593923523,0.282109700955,-0.0949176798238
66.497,1789944703.41,-0.52174555432,-0.0313274160267,-0.0480206004908,-0.320599140181,0.275313959826,-0.0954685741256
66.517,1789944703.43,-0.497345024209,-0.0488079218924,-0.0445061886546,-0.30603069221,0.257809533419,-0.100417330909
66.537,1789944703.45,-0.471705612284,-0.0650388581841,-0.0446037431625,-0.326303355083,0.245454494486,-0.102671159113
66.557,1789944703.47,-0.445262778269,-0.0798468322458,-0.0403232400509,-0.295580954812,0.226958295019,-0.106982451009
66.577,1789944703.49,-0.417621115806,-0.0934692107523,-0.0423929771577,-0.333121722873,0.217271096785,-0.108645214028
66.597,1789944703.51,-0.389091604977,-0.105683962456,-0.044725986137,-0.375739961706,0.202925560927,-0.111268336266
66.617,1789944703.53,-0.359988542588,-0.116297924992,-0.0406206555579,-0.354602470967,0.182056724601,-0.115071741781
66.637,1789944703.55,-0.329991545329,-0.125439687075,-0.040777962764,-0.371639317351,0.165977038339,-0.11798258061
66.657,1789944703.57,-0.299481207741,-0.133009011777,-0.0359547576181,-0.334703796275,0.143319298927,-0.121180073018
66.677,1789944703.59,-0.268187235451,-0.139205636197,-0.0384463357471,-0.372472651398,0.130104438954,-0.124226570749
66.697,1789944703.61,-0.236389192714,-0.143837979199,-0.0410678614445,-0.410748836701,0.116448294077,-0.127635979779
66.717,1789944703.63,-0.204304999212,-0.146761850702,-0.0362500787399,-0.378721677741,0.0960951031512,-0.129468107032
66.737,1789944703.65,-0.171723641304,-0.148106812239,-0.036852595744,-0.395137546169,0.0777945233454,-0.132889275407
66.757,1789944703.67,-0.1389305352,-0.14780787952,-0.0316411594584,-0.349828410791,0.0543937569775,-0.134310105597
66.777,1789944703.69,-0.105827325334,-0.146075395528,-0.0345943007462,-0.387056199407,0.0391125029454,-0.13803560898
66.797,1789944703.71,-0.0726014893058,-0.142735420782,-0.0376806933306,-0.424364351169,0.0236001850126,-0.141936068736
66.817,1789944703.73,-0.0393513046645,-0.137648066216,-0.0329557873232,-0.388332402674,0.00162176766108,-0.142299575458
66.837,1789944703.75,-0.00608333023146,-0.13095756084,-0.0335683254145,-0.39799266842,-0.016274240215,-0.144745134677
66.857,1789944703.77,0.0271098809937,-0.122611078273,-0.02824298313,-0.343802507342,-0.0389402012632,-0.143940703027
66.877,1789944703.79,0.0600960657787,-0.112895479082,-0.0316937402317,-0.378878145472,-0.054843967115,-0.147626351811
66.897,1789944703.81,0.0928202909461,-0.101628351519,-0.035286148346,-0.414459500921,-0.0710730599263,-0.151409955525
66.917,1789944703.83,0.125318780187,-0.08863524836,-0.0306672650596,-0.370981428665,-0.0916488884366,-0.14946867662
66.937,1789944703.85,0.157367839552,-0.0741531867044,-0.0316992224596,-0.377033622253,-0.109160473424,-0.150972127487
66.957,1789944703.87,0.189069066429,-0.0580763520339,-0.026594397943,-0.314523808848,-0.129512664047,-0.147744669504
66.977,1789944703.89,0.220054037937,-0.0408331442238,-0.0305899771377,-0.348137843767,-0.145311022608,-0.151006445725
66.997,1789944703.91,0.250415426841,-0.0221869457961,-0.0347184105207,-0.382227894231,-0.161246307507,-0.154283899157
67.017,1789944703.93,0.280325400455,-0.0018904311415,-0.0305294171532,-0.331961467696,-0.178995686666,-0.149964261648
67.037,1789944703.95,0.309349180613,0.0196669763664,-0.0321143229645,-0.334877135622,-0.194908536085,-0.150346392468
67.057,1789944703.97,0.337779467076,0.0426978695944,-0.0275695538448,-0.264702764386,-0.211487436046,-0.144770374352
67.077,1789944703.99,0.365039068131,0.0665735896914,-0.0321086510538,-0.297090500499,-0.226100553832,-0.14744993226
67.097,1789944704.01,0.391360932012,0.0916235692617,-0.0367765776063,-0.330167755641,-0.240669830682,-0.150145318339
67.117,1789944704.03,0.417033064518,0.118198808959,-0.0333096406944,-0.273796087293,-0.254400743338,-0.143682765208
67.137,1789944704.05,0.441452245497,0.145712827217,-0.0354969006747,-0.273928388077,-0.267697286574,-0.143052284702
67.157,1789944704.07,0.46506552436,0.174521644038,-0.0318105825645,-0.196982402893,-0.279466577462,-0.13550623079
67.177,1789944704.09,0.487152223075,0.203764280064,-0.0368152334869,-0.228591665436,-0.291985381622,-0.137751888906
67.197,1789944704.11,0.508053436984,0.233887571927,-0.0419405361944,-0.261381180433,-0.30431156395,-0.140095820885
67.217,1789944704.13,0.528133223002,0.265359625997,-0.039433890072,-0.199988650515,-0.313251547955,-0.132010470755
67.237,1789944704.15,0.546693073393,0.297383724604,-0.0422173977973,-0.198186088093,-0.323176867209,-0.130764900633
67.257,1789944704.17,0.564271221089,0.33046919095,-0.0396289275007,-0.115786425544,-0.329566061891,-0.121868904174
67.277,1789944704.19,0.580095153867,0.363531333884,-0.0449700403815,-0.147645838824,-0.339291602909,-0.12412380121
67.297,1789944704.21,0.594567431671,0.397141858765,-0.0503596653843,-0.180601871151,-0.348697532471,-0.126548584961
67.317,1789944704.23,0.608070726389,0.431868089505,-0.0489772426616,-0.115485676725,-0.352498353382,-0.117550251354
67.337,1789944704.25,0.619903244996,0.466731287082,-0.0523072291954,-0.113188293818,-0.358620665589,-0.116333012905
67.357,1789944704.27,0.630621118389,0.502375306939,-0.0509559778705,-0.0266100470197,-0.359502653134,-0.106801900623
67.377,1789944704.29,0.639499386447,0.537542447992,-0.0563637186639,-0.0615257468028,-0.364230950235,-0.109754452256
67.397,1789944704.31,0.646963942568,0.572912572938,-0.0618521742846,-0.0950753066272,-0.379396993293,-0.111936085091
67.417,1789944704.33,0.653284776093,0.609119367818,-0.0617063218933,-0.0251336389768,-0.36851919534,-0.104038365268
67.437,1789944704.35,0.657934728137,0.645059406361,-0.0655124128205,-0.0197808883956,-0.377075640348,-0.102913717126
67.457,1789944704.37,0.661366378022,0.681441865161,-0.0652935975784,0.0659537301488,-0.367253074865,-0.093785275253
67.477,1789944704.39,0.662997428269,0.716934786066,-0.0706510007756,0.0311776447429,-0.364120180649,-0.0988072395693
67.497,1789944704.41,0.663255811396,0.752295010711,-0.0757021736628,-0.00307769570231,-0.372100207067,-0.101914722582
67.517,1789944704.43,0.662330390334,0.788084884544,-0.0768613512699,0.0599563894823,-0.367076236041,-0.0938718627017
67.537,1789944704.45,0.659826302184,0.823326076813,-0.0805030742267,0.0675660268773,-0.366359336385,-0.0936206252437
67.557,1789944704.47,0.656058297383,0.85858465363,-0.0818510413043,0.151321614617,-0.358120767545,-0.0854793849873
67.577,1789944704.49,0.650682098867,0.892675815148,-0.0867924302894,0.110298215344,-0.358343755927,-0.0917688563852
67.597,1789944704.51,0.643958626583,0.926354079476,-0.0913360557538,0.0774059752447,-0.357028576648,-0.0972260314399
67.617,1789944704.53,0.636029381142,0.960089489988,-0.0933771433188,0.142337066273,-0.346768643727,-0.0901402349925
67.637,1789944704.55,0.626679182993,0.992990869656,-0.0970000124651,0.14971228684,-0.340636837654,-0.0916426835858
67.657,1789944704.57,0.616292253741,1.02649296978,-0.0962737121115,0.53653017402,-0.321967998053,-0.098816362575
67.677,1789944704.59,0.604919427843,1.05916601048,-0.0914719088923,1.44560402247,-0.298326680182,-0.144096116379
67.697,1789944704.61,0.591843173056,1.08366329903,-0.0959203045139,1.54007904835,-0.282887334083,-0.132291567946
67.717,1789944704.63,0.577674569075,1.10176538856,-0.100745135523,1.50492439514,-0.269903212021,-0.114627346549
67.737,1789944704.65,0.56247003402,1.11355904083,-0.105827154012,1.2914203489,-0.259619116261,-0.0882673225069
67.757,1789944704.67,0.546314432188,1.12028364623,-0.110288073301,1.0589156788,-0.250089296359,-0.063698891329
67.777,1789944704.69,0.529249926681,1.12295595617,-0.113923842672,0.842684366398,-0.240578680153,-0.0428249712393
67.797,1789944704.71,0.511314127363,1.12251414039,-0.11659906759,0.677513500356,-0.230449112828,-0.0273246023244
67.817,1789944704.73,0.492542036416,1.11962314982,-0.118277310059,0.566331533918,-0.219479681022,-0.016880439615
67.837,1789944704.75,0.472285367576,1.11345145739,-0.133304400028,0.685790922719,-0.208414720022,-0.00912831076713
67.857,1789944704.77,0.449978174658,1.10213020959,-0.175762616851,1.2052721424,-0.198048958866,-0.00062969290453
67.877,1789944704.79,0.429106722139,1.09022048896,-0.174077815237,1.18439665572,-0.218028700782,0.00395985002896
67.897,1789944704.81,0.407576930047,1.07358164023,-0.172256991519,1.09815511164,-0.349683428776,0.0167672962326
67.917,1789944704.83,0.384856886598,1.05311178707,-0.164664048246,0.909163195096,-0.465291894829,0.0276273614406
67.937,1789944704.85,0.360287892015,1.02967073539,-0.151635461018,0.726535104361,-0.461812189569,0.0273809187031
67.957,1789944704.87,0.333887663219,1.00335968115,-0.138800052156,0.561838274138,-0.488217676568,0.02683464772
67.977,1789944704.89,0.305472092075,0.975217217773,-0.122670947311,0.440409312918,-0.420967378102,0.0177901734577
67.997,1789944704.91,0.275454970313,0.94515069409,-0.108348994698,0.34546052007,-0.45090041218,0.0127108590245
68.017,1789944704.93,0.243598725815,0.913818415261,-0.0932776904396,0.296748982389,-0.475378323515,0.00709000886324
68.037,1789944704.95,0.209708674397,0.881568781981,-0.075202649505,0.269948269409,-0.399440894328,-0.00399323070536
68.057,1789944704.97,0.174216683724,0.848105105169,-0.0580525125426,0.255462355578,-0.375439213623,-0.0122659403562
68.077,1789944704.99,0.137062905967,0.813685774062,-0.039437032298,0.250401290269,-0.280676744985,-0.0226929045442
68.097,1789944705.01,0.0988891129033,0.77805083796,-0.0222729487226,0.240257968396,-0.302578139261,-0.0279096071872
68.117,1789944705.03,0.0593962309981,0.741391553688,-0.0048273795479,0.228759888903,-0.317622156511,-0.0326731694395
68.137,1789944705.05,0.0184003205123,0.703783471759,0.0133226204458,0.219693282065,-0.247778490203,-0.0384189869989
68.157,1789944705.07,-0.0236152284992,0.665139586225,0.0307565673268,0.20454718616,-0.230294791202,-0.0423537763559
68.177,1789944705.09,-0.0667722406101,0.625567292021,0.0479334945022,0.191263253313,-0.145710583959,-0.0465231525457
68.197,1789944705.11,-0.110431159348,0.585100108626,0.064859035597,0.169053922406,-0.173594317094,-0.0487522269086
68.217,1789944705.13,-0.154929413243,0.543830080321,0.0812988782207,0.146241743673,-0.193872834588,-0.0506783702848
68.237,1789944705.15,-0.200443959624,0.501804761556,0.0961996276722,0.128742785226,-0.129935705659,-0.0517294689146
68.257,1789944705.17,-0.246520264872,0.459157928382,0.110825340974,0.107965941404,-0.115738498208,-0.0526038458059
68.277,1789944705.19,-0.293241345527,0.415908696701,0.123405460052,0.092157784914,-0.0350361247172,-0.0522346119951
68.297,1789944705.21,-0.340089732563,0.372243901875,0.137427843141,0.0634468574311,-0.0582536468219,-0.053617700093
68.317,1789944705.23,-0.3872601073,0.328205228691,0.149910197395,0.0468298852186,-0.084960827843,-0.0531854705408
68.337,1789944705.25,-0.434906915154,0.283785943928,0.15905953332,0.0217784158075,-0.0243084367265,-0.0509762438342
68.357,1789944705.27,-0.482681890497,0.23924760089,0.168052742022,0.0112440334505,-0.00930800534461,-0.0494044788784
68.377,1789944705.29,-0.530539827435,0.19452813519,0.173768495888,-0.00831755705317,0.0661106294913,-0.0453964685707
68.397,1789944705.31,-0.578200585208,0.149849673347,0.182381915306,-0.0294719963601,0.0363280899785,-0.045041343582
68.417,1789944705.33,-0.62575525528,0.105235619143,0.189105951978,-0.0413009109791,0.0200167197446,-0.0433952478851
68.437,1789944705.35,-0.673102147701,0.0607069210784,0.19036947959,-0.0552297454733,0.0753139524592,-0.0382470755364
68.457,1789944705.37,-0.72019983944,0.0164040197735,0.192329016879,-0.0725393606577,0.093676720619,-0.0348906873304
68.477,1789944705.39,-0.76675247508,-0.0276061818214,0.18989023047,-0.0876162584318,0.163634567518,-0.0284231291785
68.497,1789944705.41,-0.812894731605,-0.0712859372831,0.192377100336,-0.110672295179,0.130371626109,-0.0279143770266
68.517,1789944705.43,-0.858411185409,-0.11450043808,0.192237622471,-0.132702277893,0.113603742697,-0.0263041449625
68.537,1789944705.45,-0.903061416246,-0.157074105356,0.185374235434,-0.149274707154,0.168163020889,-0.0194755013291
68.557,1789944705.47,-0.947136382886,-0.199022785598,0.180169347623,-0.16806918651,0.186037831018,-0.0152357953227
68.577,1789944705.49,-0.990058197181,-0.24013546361,0.169680469241,-0.182638667255,0.256051621674,-0.00686506593832
68.597,1789944705.51,-1.03246175041,-0.280650936777,0.166230218603,-0.204383789882,0.221695277771,-0.00647701832118
68.617,1789944705.53,-1.07374643977,-0.320232135864,0.15997059037,-0.22479915602,0.203821563049,-0.00478871354424
68.637,1789944705.55,-1.1134748891,-0.358594064974,0.145765106254,-0.239952102619,0.258526649898,0.00323469574557
68.657,1789944705.57,-1.15236969103,-0.396011108715,0.134336387906,-0.257373690578,0.275972002595,0.00788358100029
68.677,1789944705.59,-1.1895220261,-0.432083149252,0.117039588524,-0.270878112571,0.346495024692,0.0173357788661
68.697,1789944705.61,-1.22614224669,-0.467416979274,0.108935492096,-0.291335851088,0.310265191381,0.016997881764
68.717,1789944705.63,-1.26119506175,-0.501406879337,0.0980718195582,-0.310504482565,0.290819511865,0.0180578898912
68.737,1789944705.65,-1.29404018393,-0.533638584803,0.0784096902143,-0.324584029234,0.345733066237,0.0262862487383
68.757,1789944705.67,-1.32587402575,-0.564701171544,0.0627452887741,-0.340613777773,0.362354047065,0.030478696733
68.777,1789944705.69,-1.35544058483,-0.593972643151,0.0409207344711,-0.352699158133,0.433396709816,0.0399585965194
68.797,1789944705.71,-1.38453498279,-0.622465107145,0.0303333560367,-0.370969728483,0.394519162194,0.0382760774921
68.817,1789944705.73,-1.41168840225,-0.649281751488,0.0172463595081,-0.387666536073,0.372580694058,0.0380281435729
68.837,1789944705.75,-1.43607490386,-0.673884235336,-0.00513489747213,-0.399250867823,0.426947050829,0.0454578428875
68.857,1789944705.77,-1.4593512154,-0.697190114147,-0.0223069153267,-0.412244708758,0.441584355951,0.0483707740499
68.877,1789944705.79,-1.47994417001,-0.718363209261,-0.0456594073829,-0.421185601582,0.511879605094,0.0567894689696
68.897,1789944705.81,-1.50017171054,-0.738798798816,-0.0559678620273,-0.435385933896,0.468539716275,0.0532106572357
68.917,1789944705.83,-1.51818900342,-0.757334162522,-0.0683751384519,-0.447678620242,0.442079818781,0.0510304939435
68.937,1789944705.85,-1.53302577558,-0.773331454352,-0.0902808089265,-0.45481039854,0.49392614616,0.0566692983079
68.957,1789944705.87,-1.54673029374,-0.788000682543,-0.105896173564,-0.462815963775,0.504482654914,0.0575671823353
68.977,1789944705.89,-1.55748563308,-0.80033382175,-0.127522109606,-0.466683643261,0.571747277681,0.0639201725251
68.997,1789944705.91,-1.56799695621,-0.812023526227,-0.134717672003,-0.474964535038,0.522048251794,0.0581614060802
69.017,1789944705.93,-1.57615156416,-0.821709136423,-0.14360080812,-0.481064371056,0.489241600426,0.0537598558119
69.037,1789944705.95,-1.5809076264,-0.828701122597,-0.161915514834,-0.48201511274,0.536000001675,0.0568970372975
69.057,1789944705.97,-1.58457419468,-0.834414279566,-0.173121180724,-0.48349180067,0.540067814238,0.0554116811988
69.077,1789944705.99,-1.5851988391,-0.837738844635,-0.190082092024,-0.480856513364,0.601556105851,0.0590912126578
69.097,1789944706.01,-1.58568311825,-0.840530623848,-0.191797627312,-0.482139580378,0.543903974867,0.0513693139338
69.117,1789944706.03,-1.58379906288,-0.841334160327,-0.194861889007,-0.481179945437,0.503112280995,0.0449763376469
69.137,1789944706.05,-1.57850880829,-0.83945938667,-0.207163251685,-0.475193112887,0.542665411845,0.0455022809227
69.157,1789944706.07,-1.57221453535,-0.836406369205,-0.211951604187,-0.469725252519,0.538969495051,0.0419292175671
69.177,1789944706.09,-1.56296648565,-0.8310569599,-0.222211807906,-0.460359922959,0.592753589083,0.0430073934378
69.197,1789944706.11,-1.55363266866,-0.825265739269,-0.217122308247,-0.454941494298,0.527145678032,0.0341936522799
69.217,1789944706.13,-1.54201532652,-0.817585656424,-0.213350599601,-0.444622786699,0.475861429997,0.0271043426423
69.237,1789944706.15,-1.52724663369,-0.807440436309,-0.218293842607,-0.435250778213,0.510312480278,0.0252096703578
69.257,1789944706.17,-1.51156524759,-0.796233449182,-0.215861149528,-0.424133924585,0.498894644616,0.0203973608686
69.277,1789944706.19,-1.49316511673,-0.782933471268,-0.218734419865,-0.409737277776,0.54533096794,0.0195510059426
69.297,1789944706.21,-1.47466796347,-0.769240496031,-0.206893128241,-0.399277078625,0.473512396738,0.0109570531677
69.317,1789944706.23,-1.45412078123,-0.753863653096,-0.196305289688,-0.387076167893,0.419036850487,0.00367832818774
69.337,1789944706.25,-1.43073372549,-0.736276270771,-0.194303353731,-0.370295047189,0.443608197223,0.00117973660649
69.357,1789944706.27,-1.40656113402,-0.717768626464,-0.185379898202,-0.354959341744,0.426212229686,-0.00357654481014
69.377,1789944706.29,-1.38002794579,-0.697459880014,-0.181630365586,-0.336402145632,0.465800283048,-0.00518388684
69.397,1789944706.31,-1.35337137372,-0.67680192312,-0.164311163825,-0.327976233689,0.395852416113,-0.0128448071237
69.417,1789944706.33,-1.32487635369,-0.654646804255,-0.148838263109,-0.305994878215,0.33802167971,-0.0176988583811
69.437,1789944706.35,-1.29409963397,-0.630748327786,-0.140756422782,-0.29167259905,0.346729246486,-0.0216015201144
69.457,1789944706.37,-1.26255951088,-0.605976874318,-0.127816615666,-0.270653781081,0.335430654539,-0.0242076039262
69.477,1789944706.39,-1.22921296875,-0.579854684061,-0.118742066289,-0.25509980291,0.360170666094,-0.0268948691393
69.497,1789944706.41,-1.19563883324,-0.553335048083,-0.0983682609423,-0.237309229207,0.287358760327,-0.0304738143123
69.517,1789944706.43,-1.16055531646,-0.525630987829,-0.0808612187923,-0.221985045004,0.237671408104,-0.0339034488104
69.537,1789944706.45,-1.12378035879,-0.496607968719,-0.0701853716608,-0.207882724049,0.259564107346,-0.0359724202653
69.557,1789944706.47,-1.08641429848,-0.46693882442,-0.0548427292914,-0.189428426873,0.237845062589,-0.0378170684098
69.577,1789944706.49,-1.04764480947,-0.436241309344,-0.0437383354385,-0.170664901665,0.260639736383,-0.0395486017008
69.597,1789944706.51,-1.00853877348,-0.405181640266,-0.0240275581035,-0.157268318396,0.197820090382,-0.0408259048191
69.617,1789944706.53,-0.968407050898,-0.373316893211,-0.00602785121982,-0.139242816974,0.139616573162,-0.0416182157583
69.637,1789944706.55,-0.927109530548,-0.340569337664,0.00537375032807,-0.127204687457,0.152515014946,-0.0428693525666
69.657,1789944706.57,-0.885408481541,-0.30734157051,0.0199052630746,-0.103375636753,0.135529088418,-0.0426058743613
69.677,1789944706.59,-0.842810102325,-0.273499567617,0.0302386448347,-0.0841618120776,0.168819913454,-0.0429795883318
69.697,1789944706.61,-0.799919304121,-0.239456793298,0.0482842358033,-0.0661767568467,0.088790879607,-0.0414321565051
69.717,1789944706.63,-0.75638328713,-0.204980053698,0.0630456740871,-0.0520629300587,0.0411256373708,-0.0403599589569
69.737,1789944706.65,-0.712322993807,-0.170105690911,0.0727274342161,-0.0346840030723,0.0534022963699,-0.0401145182907
69.757,1789944706.67,-0.668073886621,-0.13507244073,0.0838847956322,-0.0223356010188,0.0413375354832,-0.039249557484
69.777,1789944706.69,-0.623464266102,-0.0998355061454,0.0920651282633,-0.00302684172735,0.0686355154816,-0.0387207357207
69.797,1789944706.71,-0.578605943456,-0.0645991648721,0.104484991778,-0.000479558663634,-0.00151149075277,-0.0357828050506
69.817,1789944706.73,-0.533621427958,-0.0292499483488,0.114914695904,0.0206807177873,-0.0475039819452,-0.03237401561
69.837,1789944706.75,-0.488624357775,0.0060704527856,0.120724813686,0.0325081328154,-0.033908255193,-0.031599105773
69.857,1789944706.77,-0.443747319503,0.0413110077283,0.127645805431,0.0544846934763,-0.0448563840764,-0.0289957218102
69.877,1789944706.79,-0.398945953488,0.0763538360226,0.131757976229,0.0724998483167,-0.0180672414162,-0.0281567922124
69.897,1789944706.81,-0.354103275364,0.111145864284,0.138454055748,0.0842123196242,-0.0875041334552,-0.0227614589673
69.917,1789944706.83,-0.309550248458,0.145611229403,0.143022839375,0.0963553569378,-0.132311080519,-0.0183663957165
69.937,1789944706.85,-0.265504419782,0.179673085496,0.144495654444,0.112233356596,-0.118177272844,-0.0169412205675
69.957,1789944706.87,-0.221886007202,0.213290592127,0.14602801451,0.126260109045,-0.128136317215,-0.0139800053585
69.977,1789944706.89,-0.178786412797,0.246371130787,0.145614133315,0.142774831062,-0.100764608638,-0.0131035106124
69.997,1789944706.91,-0.135918692678,0.278889098458,0.146012253205,0.152923226178,-0.168808794015,-0.00640212773781
70.017,1789944706.93,-0.0937559297474,0.310755179636,0.144869706938,0.164689735728,-0.212254826718,-0.00110819865067
70.037,1789944706.95,-0.0525296634988,0.341902632253,0.141856963922,0.180245198139,-0.197399039322,0.000356873896214
70.057,1789944706.97,-0.0120678847841,0.372297428894,0.138435508581,0.194118248149,-0.206585572964,0.00358276647028
70.077,1789944706.99,0.0274918559277,0.401859207151,0.133856910773,0.210154676814,-0.178392204947,0.00414212752611
70.097,1789944707.01,0.0664944861355,0.430521504421,0.128630840554,0.219848034105,-0.245379594256,0.0115144580415
70.117,1789944707.03,0.104428981126,0.458248853062,0.12255945336,0.230836949972,-0.287665143968,0.0170821895432
70.137,1789944707.05,0.141075834767,0.485006787046,0.115884670279,0.245225356437,-0.271471756646,0.0181033063943
70.157,1789944707.07,0.176632724502,0.51072325468,0.108520623439,0.257725030336,-0.279247274422,0.0210067808203
70.177,1789944707.09,0.210971940508,0.535372301063,0.100869286426,0.272173631679,-0.24948539697,0.0208113690541
70.197,1789944707.11,0.244418019978,0.558798412421,0.0914364246525,0.280309124313,-0.315247310825,0.0281053531377
70.217,1789944707.13,0.276503271151,0.581074687281,0.0819151007923,0.289479245271,-0.356155170986,0.0332901343053
70.237,1789944707.15,0.30703906467,0.602212346088,0.0730332804734,0.301676992096,-0.338045001787,0.03341491386
70.257,1789944707.17,0.336199128443,0.62207379635,0.0633557150353,0.311880881177,-0.343792634376,0.0354560659374
70.277,1789944707.19,0.363903943388,0.640709496566,0.0542559880704,0.323714264517,-0.311619882119,0.0341025800431
70.297,1789944707.21,0.390409602689,0.657855373934,0.0425749191012,0.329353318096,-0.375123689158,0.0405347561039
70.317,1789944707.23,0.415343979786,0.673715857288,0.0315545086391,0.335747252634,-0.413408242382,0.044654083454
70.337,1789944707.25,0.438561557454,0.688349990566,0.0222965597462,0.344760033715,-0.392286595437,0.0434826457943
70.357,1789944707.27,0.460186248759,0.70154683879,0.0122627197207,0.351650232449,-0.394905457652,0.0441827961139
70.377,1789944707.29,0.480206384011,0.713437590399,0.00358838720655,0.359836345545,-0.359276068171,0.0413920143445
70.397,1789944707.31,0.498795598644,0.723658338661,-0.00816608466703,0.361931430841,-0.419272274213,0.0463013508239
70.417,1789944707.33,0.515694388959,0.732537318735,-0.0186026150566,0.364528966066,-0.453727037708,0.0488470638044
70.437,1789944707.35,0.530800541431,0.740175008748,-0.0263651049032,0.369403287496,-0.428463427121,0.0461808668648
70.457,1789944707.37,0.544185795221,0.746298846938,-0.0348180852671,0.372066734425,-0.426707296653,0.0452782715715
70.477,1789944707.39,0.55590660318,0.751108036014,-0.0413018775684,0.375779941308,-0.386625427088,0.0410273788874
70.497,1789944707.41,0.566070151783,0.754172147479,-0.0511118184453,0.373527529132,-0.441578432264,0.0440157275516
70.517,1789944707.43,0.574516517754,0.755910264397,-0.0591129349701,0.371652891215,-0.470712861214,0.0447613406683
70.537,1789944707.45,0.58117978909,0.756449554258,-0.0638378128138,0.371867402112,-0.440506642697,0.0407347177684
70.557,1789944707.47,0.586096150393,0.755483259841,-0.0691704609013,0.369879259642,-0.433592484806,0.0383322601301
70.577,1789944707.49,0.589373956835,0.753254759449,-0.0721564162532,0.36887868516,-0.388435503093,0.0329500093927
70.597,1789944707.51,0.591090651417,0.749313993529,-0.0785214658844,0.362081599911,-0.437058400925,0.0340169668728
70.617,1789944707.53,0.591150512679,0.744119829993,-0.0828430787367,0.355685644844,-0.460355021166,0.0331769038368
70.637,1789944707.55,0.589510629055,0.7378119791,-0.0836345628308,0.351417671819,-0.425102907364,0.0282966468233
70.657,1789944707.57,0.586199693102,0.730083768586,-0.0849997456598,0.345077327074,-0.412834461158,0.0248687516281
70.677,1789944707.59,0.58135219502,0.72119090482,-0.0839410619819,0.339834878512,-0.363178816736,0.019051379167
70.697,1789944707.61,0.575058919167,0.71071534055,-0.0861780890944,0.328994813145,-0.405489780431,0.0186347865985
70.717,1789944707.63,0.56724209799,0.699104220209,-0.0863926530291,0.318742507358,-0.423104538161,0.0167619958327
70.737,1789944707.65,0.557867403625,0.686493150789,-0.0832019805197,0.310827978543,-0.383734906777,0.0118054088144
70.757,1789944707.67,0.546986084381,0.672610783993,-0.0806250989634,0.301052041833,-0.367007217692,0.00809145259681
70.777,1789944707.69,0.534731084564,0.657697166187,-0.0758272794262,0.292616398142,-0.314082108836,0.00268547292257
70.797,1789944707.71,0.521244942578,0.641408753776,-0.074129596194,0.278781711171,-0.350703094589,0.00143488641926
70.817,1789944707.73,0.506425622475,0.624137819434,-0.0705660387519,0.26234959929,-0.360120387374,-0.00100456175018
70.837,1789944707.75,0.49025104793,0.606014967328,-0.0642204583827,0.25357164574,-0.320446076675,-0.00503490133164
70.857,1789944707.77,0.472807306878,0.586829792518,-0.0584732612128,0.239844668787,-0.29816411535,-0.00850589066001
70.877,1789944707.79,0.454226954329,0.566796914382,-0.0510076123676,0.233356763951,-0.249322819687,-0.0125172276525
70.897,1789944707.81,0.434678427145,0.545640520825,-0.0464575290391,0.217836133298,-0.27991406221,-0.013936238125
70.917,1789944707.83,0.414048107444,0.523706870956,-0.0401886998837,0.204640579684,-0.287379110605,-0.0158871997072
70.937,1789944707.85,0.392273163479,0.501039306311,-0.032144674633,0.192638941851,-0.248689085595,-0.0186888905363
70.957,1789944707.87,0.369500586221,0.477552834417,-0.0245848517961,0.179633195874,-0.221992303295,-0.0209987038114
70.977,1789944707.89,0.345833792559,0.453369421673,-0.0161811577396,0.167626753549,-0.173087992209,-0.0234384418917
70.997,1789944707.91,0.321543365583,0.428380296454,-0.010027423457,0.150965404416,-0.203866380668,-0.0245714893928
71.017,1789944707.93,0.296404256168,0.402810065728,-0.002921446953,0.135649898744,-0.205712960952,-0.0257699163166
71.037,1789944707.95,0.270397106026,0.376722570142,0.00532137073792,0.123081686567,-0.16666173892,-0.0270389266049
71.057,1789944707.97,0.243710585564,0.350071152344,0.0127695802116,0.105537603083,-0.14351042779,-0.0280050356145
71.077,1789944707.99,0.216401441748,0.323004440515,0.020817277152,0.0979640446713,-0.0912294122147,-0.0287241863869
71.097,1789944708.01,0.188820134126,0.29543932793,0.026974516886,0.0817422142225,-0.120025624018,-0.0294217062371
71.117,1789944708.03,0.160688860501,0.267533142773,0.0334521398059,0.0675869523884,-0.120547952434,-0.0297183538173
71.137,1789944708.05,0.131995260347,0.239340969592,0.040316724886,0.0552972131271,-0.08268341303,-0.029417635002
71.157,1789944708.07,0.102953817863,0.210876417748,0.0464260503903,0.0422069715716,-0.0562013063502,-0.0290405303001
71.177,1789944708.09,0.0736309550515,0.182212977383,0.0523719215124,0.0303533019002,-0.0100369232943,-0.0280997647849
71.197,1789944708.11,0.0443787621804,0.153370877088,0.0571764348158,0.0137732389517,-0.0384320245746,-0.0283405855018
71.217,1789944708.13,0.01489328114,0.124449306421,0.0617131002525,-0.000924606848048,-0.039746402679,-0.027804625103
71.237,1789944708.15,-0.0148392694135,0.0955095597747,0.065981417839,-0.0130079702417,-0.00334993997313,-0.0261574712406
71.257,1789944708.17,-0.0445899417353,0.066592246374,0.069504424994,-0.0256449222181,0.022213596129,-0.0246624779348
71.277,1789944708.19,-0.0743007693482,0.0377573575204,0.0724791999306,-0.0368789511259,0.0667992738559,-0.0223858291739
71.297,1789944708.21,-0.103622965163,0.00904246987758,0.0750242311698,-0.0526719236819,0.039181524644,-0.0223449210293
71.317,1789944708.23,-0.132854233238,-0.0194727447135,0.0768343247118,-0.0666033873054,0.0378722640892,-0.0212283201358
71.337,1789944708.25,-0.162003327486,-0.0477271630368,0.0778395836111,-0.0779897754419,0.0729468277108,-0.0185826758301
71.357,1789944708.27,-0.190847830157,-0.0756749960717,0.0782256008463,-0.0899054520039,0.097459443674,-0.0163003279136
71.377,1789944708.29,-0.219329078813,-0.103260863524,0.0778090757615,-0.100441251518,0.140363556411,-0.0130817305577
71.397,1789944708.31,-0.247133235364,-0.130462145917,0.0777343311649,-0.11534451673,0.113028588551,-0.0129798233085
71.417,1789944708.33,-0.274522702418,-0.157187860705,0.076607374529,-0.128422075253,0.111052984326,-0.0116017394792
71.437,1789944708.35,-0.301504511969,-0.183377376878,0.0742977590038,-0.138989487651,0.144402526136,-0.00839240631472
71.457,1789944708.37,-0.327883620063,-0.209000053752,0.0716034233287,-0.149985081911,0.167421727455,-0.00573846992333
71.477,1789944708.39,-0.353594175223,-0.233997250339,0.067992446814,-0.159565989915,0.208358261345,-0.00205725451658
71.497,1789944708.41,-0.378382422268,-0.258387508757,0.065507866673,-0.173208496973,0.180824177585,-0.00217008891536
71.517,1789944708.43,-0.402455265302,-0.282046422477,0.0618120443063,-0.185013669963,0.177880303194,-0.000887128857042
71.537,1789944708.45,-0.42581974212,-0.304916058077,0.0567221287832,-0.194320944577,0.209301473287,0.00241451096274
71.557,1789944708.47,-0.448322917705,-0.326997117665,0.0515639327585,-0.203910894704,0.230564352787,0.00500227392366
71.577,1789944708.49,-0.469887286052,-0.348223459579,0.0455072075123,-0.212034364018,0.269185390207,0.00864384289174
71.597,1789944708.51,-0.490332524323,-0.368670181069,0.0413181015068,-0.223851638144,0.240943475215,0.00804273169996
71.617,1789944708.53,-0.509802068121,-0.388169225757,0.0359025044486,-0.233795467684,0.236542881377,0.00887912262812
71.637,1789944708.55,-0.528305967322,-0.406668309856,0.0290361736445,-0.241242469605,0.265512713517,0.0118062120071
71.657,1789944708.57,-0.545741089479,-0.424208221649,0.0224601418823,-0.248802082241,0.284428608597,0.0139056122607
71.677,1789944708.59,-0.562018992034,-0.440714939858,0.0151102793006,-0.25483388649,0.32002943664,0.0170271108286
71.697,1789944708.61,-0.577033162719,-0.456322293356,0.0102646371184,-0.264166848569,0.290405723695,0.0157102524317
71.717,1789944708.63,-0.590869500079,-0.470820994712,0.00428674585193,-0.271571715411,0.283925175671,0.0158096608642
71.737,1789944708.65,-0.603544746101,-0.484167915166,-0.00307017874325,-0.276482495012,0.309650587614,0.0179606689776
71.757,1789944708.67,-0.615004981332,-0.496444072392,-0.00978458964493,-0.281340755709,0.325384953757,0.0192291367444
71.777,1789944708.69,-0.625156043692,-0.5075702516,-0.0170931262524,-0.284608058432,0.357243481653,0.0214605299573
71.797,1789944708.71,-0.633952654334,-0.517729574145,-0.0214226856537,-0.290819323316,0.325680135646,0.0193223616042
71.817,1789944708.73,-0.641440738751,-0.526685807829,-0.0267099200295,-0.295077932096,0.316235856198,0.0185090900714
71.837,1789944708.75,-0.647647646161,-0.534406580972,-0.0332336681264,-0.296855057302,0.337911365003,0.019634950365
71.857,1789944708.77,-0.652552665574,-0.540999237856,-0.0388868566991,-0.296539810741,0.347786907855,0.0200320239491
71.877,1789944708.79,-0.656082184024,-0.546405389663,-0.044955929103,-0.298577194992,0.375763323485,0.0209231058521
71.897,1789944708.81,-0.65824246785,-0.550835190586,-0.0475499562302,-0.30134172597,0.34297695967,0.0181231035832
71.917,1789944708.83,-0.659024572472,-0.554010993631,-0.0512050370228,-0.297672568296,0.331964723601,0.0167393500226
71.937,1789944708.85,-0.658491234377,-0.555983876601,-0.0556507914868,-0.299813195232,0.346748947292,0.0165668654872
71.957,1789944708.87,-0.656637397744,-0.556819645551,-0.0593593779799,-0.298997912307,0.357527162512,0.0158770550531
71.977,1789944708.89,-0.653404558941,-0.556495344475,-0.0628341364634,-0.296398884778,0.37525039359,0.0156680160317
71.997,1789944708.91,-0.648796291209,-0.555192895703,-0.0631862946963,-0.295555305591,0.337026222811,0.0121794889095
72.017,1789944708.93,-0.6428660042,-0.552688074867,-0.0642475932879,-0.291878875371,0.322217413754,0.010130944696
72.037,1789944708.95,-0.635662567679,-0.548989666326,-0.0661801652325,-0.287042059287,0.334104623218,0.00919791227398
72.057,1789944708.97,-0.627209925428,-0.54422383601,-0.0671141660756,-0.281346506424,0.3411264834,0.00804252945839
72.077,1789944708.99,-0.617446139031,-0.53836734421,-0.0678511451592,-0.275211819346,0.355875697252,0.00730964792303
72.097,1789944709.01,-0.60636346774,-0.531597180632,-0.0656608060527,-0.270337868676,0.314679796051,0.00369913432134
72.117,1789944709.03,-0.59405219205,-0.523721546371,-0.0642233344927,-0.263650310701,0.299556844774,0.00142015110824
72.137,1789944709.05,-0.580573102446,-0.514784920627,-0.0632962609867,-0.257854849682,0.304784456586,-2.34173097396e-05
72.157,1789944709.07,-0.565947298769,-0.504877197844,-0.0614929265596,-0.248486816291,0.305543118372,-0.00164358444416
72.177,1789944709.09,-0.550142879542,-0.493999636001,-0.0595447686526,-0.239476539202,0.31358212923,-0.00289715300032
72.197,1789944709.11,-0.533146436243,-0.482304921824,-0.0551690819235,-0.232805669198,0.272416569849,-0.00600612380294
72.217,1789944709.13,-0.515089075632,-0.469653701791,-0.0514476591726,-0.224478207505,0.25471742445,-0.00817850730581
72.237,1789944709.15,-0.496041684814,-0.456091076856,-0.0481311466312,-0.214646786317,0.256129033871,-0.00956982138456
72.257,1789944709.17,-0.476013149827,-0.441708754328,-0.0442335211481,-0.206469792241,0.254995406627,-0.0110382680135
72.277,1789944709.19,-0.454993327492,-0.426503056491,-0.040227898218,-0.193881669006,0.260413079333,-0.0121260531693
72.297,1789944709.21,-0.43293565301,-0.41060923283,-0.0344208815652,-0.185505422124,0.219672017005,-0.0143991322054
72.317,1789944709.23,-0.410021662809,-0.393943842791,-0.0292014796556,-0.175434403345,0.200530229739,-0.0160064533121
72.337,1789944709.25,-0.38632289736,-0.376554880212,-0.0244051233385,-0.164280399986,0.199157848874,-0.0170584912252
72.357,1789944709.27,-0.361843165254,-0.358519781418,-0.0192534310467,-0.153084694704,0.195930637547,-0.018043128356
72.377,1789944709.29,-0.3365852125,-0.339862728963,-0.0141784109053,-0.141401177894,0.19813029301,-0.018801833503
72.397,1789944709.31,-0.310484275639,-0.320676814781,-0.00802373240162,-0.133729312742,0.156932333229,-0.0201999676548
72.417,1789944709.33,-0.283778512011,-0.300923230201,-0.00231958475705,-0.121774095891,0.138586186982,-0.0208538183177
72.437,1789944709.35,-0.25652307207,-0.280655886668,0.00289303442746,-0.109832086156,0.13562626652,-0.0213157759789
72.457,1789944709.37,-0.228717041681,-0.259941282642,0.00819650591889,-0.0978504278237,0.13115045076,-0.0216508015056
72.477,1789944709.39,-0.200376995855,-0.238816458379,0.0132674995994,-0.085665559463,0.131566198237,-0.0218369685751
72.497,1789944709.41,-0.17143123427,-0.217351390637,0.0187724000652,-0.0761428016912,0.0935909397708,-0.0219455604317
72.517,1789944709.43,-0.142123459146,-0.195554258238,0.0237912703772,-0.0653283779573,0.0741492341837,-0.0219037233193
72.537,1789944709.45,-0.112523036062,-0.173471072314,0.02835617045,-0.0534350127461,0.0700236517304,-0.0217300874971
72.557,1789944709.47,-0.0826224818486,-0.15115869204,0.0327701352182,-0.0416249690361,0.0645759930199,-0.0214124657379
72.577,1789944709.49,-0.0524503621438,-0.128660733532,0.0368336654409,-0.0294895296076,0.0639059611906,-0.0210037107315
72.597,1789944709.51,-0.0219356099632,-0.10603476752,0.0407139703361,-0.0199151547131,0.0283781183129,-0.0200942973958
72.617,1789944709.53,0.00867874552878,-0.0833101657161,0.0441956603562,-0.0091595933192,0.00978060208592,-0.0192595413156
72.637,1789944709.55,0.039325521232,-0.0605323276533,0.047258533861,0.00255631434717,0.00522751477986,-0.0184904968118
72.657,1789944709.57,0.070012028748,-0.0377522985585,0.0499892744736,0.0141162723479,-0.00047868301955,-0.0175871114101
72.677,1789944709.59,0.100704701017,-0.0150172307287,0.0523090521268,0.0259070325887,-0.00176690949212,-0.0166746778127
72.697,1789944709.61,0.131461505399,0.0076185218043,0.0539558098574,0.0352167387173,-0.0345189946433,-0.014975032646
72.717,1789944709.63,0.162062010402,0.0301223792837,0.0553296724765,0.0455523968453,-0.0519265056422,-0.0135385432345
72.737,1789944709.65,0.192441800251,0.0524505936816,0.056372120171,0.0567139422001,-0.0566083582649,-0.0123333417092
72.757,1789944709.67,0.222603417352,0.0745552818502,0.0569833447338,0.0676576261262,-0.0623024409181,-0.0110228910567
72.777,1789944709.69,0.252513663182,0.0963908763034,0.0571954252947,0.0787470532786,-0.0639482035716,-0.00978191079333
72.797,1789944709.71,0.282208485255,0.117899837913,0.0564066157782,0.0874723999472,-0.0937260045208,-0.00759544034093
72.817,1789944709.73,0.311507171974,0.139061080837,0.0555080509519,0.0970664134119,-0.109707659853,-0.00581392087536
72.837,1789944709.75,0.340348880189,0.15983378598,0.0544153459335,0.107344221445,-0.11423988968,-0.00439045501587
72.857,1789944709.77,0.368728629708,0.180171510584,0.0528810161532,0.11733892624,-0.119639868341,-0.00290432687014
72.877,1789944709.79,0.39661854849,0.200034683228,0.0510283020023,0.127378746671,-0.121398784539,-0.00155527889849
72.897,1789944709.81,0.424028962718,0.219360105622,0.0480212412313,0.135179137163,-0.147948381834,0.000777432039445
72.917,1789944709.83,0.450828759293,0.238147109684,0.0450946894133,0.143675720756,-0.162185285648,0.00261198757306
72.937,1789944709.85,0.476962361596,0.256359317102,0.0421470353009,0.152690308328,-0.166264592881,0.00400645812217
72.957,1789944709.87,0.502416813207,0.273951706979,0.0388282982015,0.161341873161,-0.171062466923,0.0054143227802
72.977,1789944709.89,0.527173075975,0.290894120189,0.0353303260868,0.169926454024,-0.172550339316,0.00662965788312
72.997,1789944709.91,0.551218574746,0.307119396304,0.0306896089529,0.176390725172,-0.195452072145,0.00876369210622
73.017,1789944709.93,0.574473637448,0.32264951417,0.0263227134378,0.183357729321,-0.207618292623,0.0103625375133
73.037,1789944709.95,0.596889715961,0.337454423409,0.0221241214742,0.190665610612,-0.210892418482,0.0114846308752
73.057,1789944709.97,0.618447836021,0.351492154113,0.0176863851185,0.197522484968,-0.214723713806,0.0125719301283
73.077,1789944709.99,0.639139635661,0.364743857782,0.0132410946673,0.204193112522,-0.215578519012,0.0134319200411
73.097,1789944710.01,0.658936661982,0.377143447252,0.0077997479331,0.208854107786,-0.234442560008,0.0150690852661
73.117,1789944710.03,0.677804397051,0.388732048585,0.0028055442555,0.213827223982,-0.244167070242,0.0161866183401
73.137,1789944710.05,0.695703744359,0.399488230272,-0.0018305449777,0.218988947812,-0.246062203236,0.0168275497244
73.157,1789944710.07,0.712613935674,0.409375439488,-0.00653864035315,0.22362429496,-0.248293221472,0.0173928494644
73.177,1789944710.09,0.728531988929,0.418386886867,-0.0111802128611,0.230838828956,-0.248641428972,0.0175747825535
73.197,1789944710.11,0.743438721138,0.42645200694,-0.0164338468182,0.232284541597,-0.263957154478,0.0186907668418
73.217,1789944710.13,0.757310924306,0.433627654732,-0.0211435746485,0.234662850538,-0.268629210168,0.0189744747575
73.237,1789944710.16,0.770131539094,0.439893650318,-0.0254687753829,0.234724578777,-0.268981536031,0.0192269413018
73.257,1789944710.17,0.781903041314,0.445257859698,-0.0294860648885,0.238084703575,-0.268753345023,0.0190196502179
73.277,1789944710.19,0.79261165854,0.449691601564,-0.0333549527436,0.2391390757,-0.266211179121,0.0188560346341
73.297,1789944710.21,0.802256857528,0.453173031074,-0.0375626542103,0.240317620964,-0.276253441327,0.0188588231123
73.317,1789944710.23,0.810836322901,0.455734356397,-0.0411982127189,0.237725101585,-0.27916138276,0.0188068840068
73.337,1789944710.25,0.818349739517,0.457402228913,-0.0442209858922,0.239493187985,-0.277916791571,0.0181285143526
73.357,1789944710.27,0.824773296929,0.458135069295,-0.0470785529909,0.236810683485,-0.276135508002,0.0176443161962
73.377,1789944710.29,0.830133856745,0.457964742695,-0.0495399080085,0.235768837816,-0.273398159484,0.0168657232733
73.397,1789944710.31,0.834420300808,0.456873441858,-0.0520315792136,0.235037029977,-0.276284144029,0.0160947039182
73.417,1789944710.33,0.837651542663,0.454885168365,-0.0539933339439,0.231133785434,-0.275700938759,0.015357291485
73.437,1789944710.35,0.839833337265,0.452022619163,-0.0554173112696,0.228489501394,-0.272170899251,0.0143371723287
73.457,1789944710.37,0.840972801957,0.448286152802,-0.056455901779,0.225488040015,-0.268477573062,0.0133016708043
73.477,1789944710.4,0.841075830964,0.443683074627,-0.0571932371474,0.221896463243,-0.26337289121,0.0120704091407
73.497,1789944710.41,0.840164426663,0.438222283966,-0.0577064803535,0.217195631717,-0.26099368398,0.0109063641734
73.517,1789944710.43,0.83826214646,0.431935600526,-0.0577313834197,0.212468849455,-0.256653448396,0.00967779126279
73.537,1789944710.46,0.835382307093,0.424838022807,-0.0573222506524,0.207711410567,-0.250545039717,0.00839153604065
73.557,1789944710.48,0.83154342221,0.416940259917,-0.0566033911547,0.202131215384,-0.245368706681,0.00711843472918
73.577,1789944710.5,0.826767469694,0.408266391514,-0.0555187789953,0.196314227832,-0.239192489295,0.00582239799064
73.597,1789944710.51,0.821080389461,0.398837814408,-0.0540365765466,0.189555962833,-0.231618937384,0.00446154137161
73.617,1789944710.54,0.814504325082,0.388675945602,-0.0522917670627,0.182802656852,-0.224571117341,0.00316313896517
73.637,1789944710.56,0.807068075494,0.377806718849,-0.0502530691519,0.175892131143,-0.217398073573,0.0019028823394
73.657,1789944710.58,0.798796390402,0.366253648557,-0.0479736606858,0.168707865541,-0.210665743874,0.000684328531309
73.677,1789944710.6,0.789716201662,0.354044598763,-0.0454184128322,0.16125239063,-0.203401191924,-0.00050162711698
73.697,1789944710.62,0.7798674831,0.341215924646,-0.0423216910946,0.153187195211,-0.190902558586,-0.00177160169669
73.717,1789944710.64,0.769271355515,0.327779331212,-0.0392346077723,0.145098688555,-0.181622643821,-0.00289664983519
73.737,1789944710.66,0.757969703017,0.313769455522,-0.0360328424153,0.136910459919,-0.173506255714,-0.00391860466865
73.757,1789944710.68,0.745994280408,0.299217700661,-0.0327144118545,0.128539102492,-0.16638338296,-0.00486151465989
73.777,1789944710.7,0.733371868931,0.284156355785,-0.0292469563878,0.120011249891,-0.158820012085,-0.0057335579483
73.797,1789944710.72,0.720149361956,0.268630625734,-0.0251587420874,0.111186693919,-0.142148268092,-0.00664202709247
73.817,1789944710.74,0.706353826021,0.252648897535,-0.0213597431146,0.102311913243,-0.131330936743,-0.00739405888023
73.837,1789944710.76,0.692036135835,0.23625121295,-0.0176435416257,0.0933814171506,-0.122966398813,-0.00802045182676
73.857,1789944710.78,0.677232430948,0.219474626582,-0.0139493370807,0.0843456787377,-0.116128450884,-0.00855733870114
73.877,1789944710.8,0.661967156887,0.202354295824,-0.0102450046364,0.0752514266668,-0.108888003926,-0.0090048609975
73.897,1789944710.82,0.646286024189,0.184938189744,-0.00589050742421,0.0661646366815,-0.0885763022214,-0.0093779474704
73.917,1789944710.84,0.630232072198,0.167238027709,-0.00207585097025,0.0569786727436,-0.0767929967981,-0.0096552499566
73.937,1789944710.86,0.613860823883,0.149295830538,0.00147122419699,0.0477591369986,-0.0688095701564,-0.00982965145474
73.957,1789944710.88,0.59720950764,0.131151624437,0.00487003508953,0.0384938141693,-0.0628907369165,-0.00993111685179
73.977,1789944710.9,0.580297990099,0.11284191617,0.00815372566059,0.0292510205686,-0.0565769780533,-0.00994370989985
73.997,1789944710.92,0.563162370437,0.0944119411861,0.0120791036766,0.0203069051033,-0.0332143114299,-0.00971236797332
74.017,1789944710.94,0.545871049212,0.0758820145651,0.0152765430122,0.0111966186352,-0.0210610060969,-0.00951405246887
74.037,1789944710.96,0.5284795185,0.0572929987178,0.0180717844149,0.00205987462387,-0.0138961995286,-0.00927689848042
74.057,1789944710.98,0.511022584469,0.0386848777611,0.0206276870477,-0.00707689846472,-0.00930564687978,-0.00900665020965
74.077,1789944711,0.493513918703,0.0200939586475,0.0229751926674,-0.016123365377,-0.0043687518643,-0.00866428720041
74.097,1789944711.02,0.475973171814,0.00155876332018,0.0259408806178,-0.0245900184267,0.0217307442629,-0.00785666444631
74.117,1789944711.04,0.458501635645,-0.0168895993008,0.0280716329977,-0.0332984994498,0.0338716653624,-0.00726654793416
74.137,1789944711.06,0.441150805736,-0.0352142020391,0.0297209087425,-0.0420359524738,0.0397184956871,-0.00673597392807
74.157,1789944711.08,0.423949323516,-0.053377739068,0.0310877203307,-0.0507340898862,0.0424646486424,-0.00622924735286
74.177,1789944711.1,0.406902489796,-0.0713455858496,0.0322028188106,-0.0592790572921,0.0455561696897,-0.00567817443552
74.197,1789944711.12,0.390007900609,-0.0890882910545,0.0339101567398,-0.0669700429794,0.0740738201613,-0.00440060803928
74.217,1789944711.14,0.373403578796,-0.106565007813,0.0347637205603,-0.0749770882513,0.0858372169166,-0.00356370265344
74.237,1789944711.16,0.357133637533,-0.123745504281,0.0351358164007,-0.0834008522801,0.0903667805002,-0.00291142586033
74.257,1789944711.18,0.341219592417,-0.140592543002,0.0351932239179,-0.0904905198421,0.0900003570028,-0.00233814848978
74.277,1789944711.2,0.325651788553,-0.15708393368,0.0350576354668,-0.0989025356333,0.091507617174,-0.00176917897008
74.297,1789944711.22,0.310406191191,-0.173192214526,0.035466893272,-0.1053026898,0.121951206665,-0.000178938926932
74.317,1789944711.24,0.295656721442,-0.188872478399,0.0350699978048,-0.111696857573,0.132392659961,0.000734072963481
74.337,1789944711.26,0.281434183342,-0.204106497617,0.0342628735372,-0.119156643134,0.135347338461,0.00130660942331
74.357,1789944711.28,0.267751873916,-0.218862787225,0.0331428993281,-0.126743364654,0.131771855091,0.00173619694673
74.377,1789944711.3,0.254583276816,-0.233115243486,0.0319627116732,-0.133390086888,0.132420306848,0.00224381118126
74.397,1789944711.32,0.241891184166,-0.246851635925,0.0313546291153,-0.138531450624,0.164201000353,0.00389279709124
74.417,1789944711.34,0.229874167338,-0.260020974719,0.029918195387,-0.144217646707,0.172780690868,0.00465580926871
74.437,1789944711.36,0.218551117332,-0.27261444747,0.0282842375499,-0.149616195478,0.174548771163,0.00510157088519
74.457,1789944711.38,0.20793039952,-0.284608308264,0.0264569347466,-0.153870708614,0.16802246505,0.00521635161157
74.477,1789944711.4,0.197967936376,-0.295994604278,0.0245431915658,-0.160321343314,0.16445888927,0.00532547591686
74.497,1789944711.42,0.188591375776,-0.306760420235,0.0232323617881,-0.16399421043,0.199609275862,0.00701567007096
74.517,1789944711.44,0.180050380441,-0.316860511568,0.0213086673209,-0.168321079648,0.204203749135,0.00738313756537
74.537,1789944711.46,0.172327037517,-0.326291116815,0.0192613352353,-0.172307897875,0.202972571874,0.00745569780574
74.557,1789944711.48,0.165422005203,-0.335036409332,0.0170879330622,-0.176243986653,0.191263256085,0.00705549544903
74.577,1789944711.5,0.159262067669,-0.343087928269,0.0150059212404,-0.179557891879,0.186206301741,0.00685921937872
74.597,1789944711.52,0.15376482538,-0.350448620376,0.0135640157846,-0.180145942442,0.221994873206,0.00823233834304
74.617,1789944711.54,0.149195294546,-0.357084559404,0.0115851380571,-0.183346096137,0.22608665276,0.00838051291534
74.637,1789944711.56,0.14553353092,-0.362996796882,0.00961468659935,-0.185613794856,0.222262310753,0.00805627646987
74.657,1789944711.58,0.142767513108,-0.36817612853,0.0076130760635,-0.187671788166,0.206479635925,0.00719656863541
74.677,1789944711.6,0.140803246041,-0.372622204015,0.00578010511054,-0.189360971139,0.19826125696,0.00659742351554
74.697,1789944711.62,0.139535638014,-0.376345614121,0.00463816582635,-0.189055912494,0.236320656104,0.00778728655399
74.717,1789944711.64,0.139262891703,-0.379311814909,0.00311207816248,-0.189121557225,0.236954165717,0.00744721322184
74.737,1789944711.66,0.139939099419,-0.381536972307,0.0016408457016,-0.189251381753,0.229704844994,0.00671030497881
74.757,1789944711.68,0.141539722659,-0.383018946846,0.000179749533972,-0.189444956729,0.209644667221,0.00547107632531
74.777,1789944711.7,0.143952466644,-0.383765656766,-0.00102640417601,-0.188973168409,0.197676260078,0.00448585478413
74.797,1789944711.72,0.147049684819,-0.383797899776,-0.0014166714915,-0.186232813941,0.237110450703,0.00536848760451
74.817,1789944711.74,0.151149904938,-0.383084906438,-0.00222923139782,-0.184630626853,0.235040514353,0.00470857023231
74.837,1789944711.76,0.156191911548,-0.38165151662,-0.00293522633397,-0.182929586262,0.224727683676,0.00369037585572
74.857,1789944711.78,0.162137581819,-0.379500386746,-0.00359856770144,-0.180085596613,0.201848637519,0.00232333743474
74.877,1789944711.8,0.168866717101,-0.376654422955,-0.00403909480082,-0.179087000471,0.185319528455,0.00102765077473
74.897,1789944711.82,0.176226322781,-0.373138648309,-0.00344789148423,-0.174479802834,0.225912458816,0.00161053007591
74.917,1789944711.84,0.184547858123,-0.368919354625,-0.0034244119046,-0.17120607855,0.221496825048,0.000791466924028
74.937,1789944711.86,0.193759879525,-0.364031902714,-0.00330047852686,-0.167745669487,0.208329081308,-0.000336851415408
74.957,1789944711.88,0.203813030668,-0.358484406484,-0.00325010340214,-0.164501373021,0.180355775624,-0.0018269937513
74.977,1789944711.9,0.214563780236,-0.352302462143,-0.00286398198115,-0.160530650168,0.16219275416,-0.00303537840847
74.997,1789944711.92,0.225858293254,-0.345529104702,-0.00123855522782,-0.153849900499,0.204576567713,-0.00266872458576
75.017,1789944711.94,0.238030400583,-0.338124505356,-0.000469072790919,-0.148834775887,0.198402878379,-0.00346355436414
75.037,1789944711.96,0.251005627896,-0.330136867327,0.000339044969949,-0.143932796421,0.182655427706,-0.00451175657188
75.057,1789944711.98,0.264720821677,-0.321578312575,0.000935481247163,-0.139446440681,0.151104922848,-0.00580715408209
75.077,1789944712,0.279022410584,-0.312482082726,0.00188057781073,-0.134282489975,0.130196569777,-0.00683880902109
75.097,1789944712.02,0.293754355081,-0.302901365295,0.00440531731157,-0.126175117068,0.17442632383,-0.00663094008835
75.117,1789944712.04,0.309236785401,-0.292787865198,0.00564587627633,-0.120025729166,0.166778032852,-0.00724824273044
75.137,1789944712.06,0.32540020743,-0.28220030063,0.00682338274038,-0.114099033397,0.148999062897,-0.00803891782534
75.157,1789944712.08,0.342167622468,-0.271154631842,0.007599924975,-0.10872828249,0.114481830692,-0.00894396975636
75.177,1789944712.1,0.35938252712,-0.25968976618,0.00873805730132,-0.102695395262,0.0914705570996,-0.00963104124131
75.197,1789944712.12,0.376900257694,-0.247865998218,0.0119077066636,-0.0934720271708,0.138101432183,-0.00953457972641
75.217,1789944712.14,0.39500396168,-0.235630553198,0.0132326368098,-0.0865214870333,0.129461442288,-0.00985818135359
75.237,1789944712.16,0.413641319755,-0.223049479127,0.014365847046,-0.0799202981151,0.110143147176,-0.0102680693274
75.257,1789944712.18,0.432720490377,-0.210142886296,0.0148755644032,-0.0740280162328,0.0731264642813,-0.0106518338165
75.277,1789944712.2,0.452090288074,-0.196951900857,0.015778753249,-0.0674926213413,0.0485458396551,-0.0108915271984
75.297,1789944712.22,0.471634373846,-0.183537745103,0.0192951839012,-0.0575158696068,0.0981786863111,-0.0109018069081
75.317,1789944712.24,0.49156733289,-0.169853075896,0.0202926296141,-0.050130865918,0.0890339825247,-0.0108775278751
75.337,1789944712.26,0.51187002654,-0.155965027345,0.0209536732446,-0.0432278372281,0.0685037191637,-0.0108502664698
75.357,1789944712.28,0.532434125589,-0.141898277398,0.0207558387818,-0.0371802669381,0.029276646561,-0.0106557382391
75.377,1789944712.3,0.553122951354,-0.127691113442,0.0210089503471,-0.0305102316544,0.00327671430867,-0.0104155360614
75.397,1789944712.32,0.57386763121,-0.113396774711,0.0246013911553,-0.0201385057774,0.0563508689127,-0.0105710159611
75.417,1789944712.34,0.59477446752,-0.098989315785,0.0249214390593,-0.0126546881535,0.0472586935808,-0.0102100067291
75.437,1789944712.36,0.615876902977,-0.0845280927494,0.024766369353,-0.00577565198961,0.0261226336938,-0.00975654707467
75.457,1789944712.38,0.637050215795,-0.0700425545166,0.0235213348242,0.000109665717073,-0.0148010195955,-0.00900024031948
75.477,1789944712.4,0.658183475465,-0.0555623550407,0.0228288424877,0.00660004013254,-0.0416878374415,-0.00831483930678
75.497,1789944712.42,0.679278208337,-0.041121488487,0.0263276497624,0.0170311374793,0.01529146418,-0.00868672759978
75.517,1789944712.44,0.700288436613,-0.0267358765471,0.0257362722832,0.0242878076216,0.00641388355453,-0.00805651925924
75.537,1789944712.46,0.721319947733,-0.0124465126417,0.0245519093842,0.0308275044336,-0.0151161950121,-0.00724769685493
75.557,1789944712.48,0.74223069522,0.0017126007476,0.0220663902327,0.0362462773693,-0.0575577278573,-0.00601015942506
75.577,1789944712.5,0.762945673191,0.0157266509964,0.0202863706385,0.0422577365797,-0.0850199540084,-0.00497005435958
75.597,1789944712.52,0.78355889117,0.0295927385128,0.0236651605812,0.0524278165634,-0.0236284016103,-0.00564493699639
75.617,1789944712.54,0.803827950369,0.0432310521013,0.0220986430378,0.0591530709058,-0.0320051333451,-0.00485156021554
75.637,1789944712.56,0.823951685402,0.056630220832,0.0198481685024,0.0650585742616,-0.0536344710764,-0.00379972861636
75.657,1789944712.58,0.843770936768,0.0697523600261,0.0161129238807,0.0697245453853,-0.0973699476228,-0.00220821442353
75.677,1789944712.6,0.863255462729,0.0826031147839,0.0132726383442,0.0749634981592,-0.125267366524,-0.000937727063575
75.697,1789944712.62,0.882611842579,0.0952215504429,0.0166551407169,0.0845582094923,-0.0589986172373,-0.00199677706506
75.717,1789944712.64,0.901355382356,0.107448769472,0.0140924754758,0.094666095589,-0.0707576272687,-0.00126551696255
75.737,1789944712.66,0.919798443874,0.119279399938,0.0110887016909,0.0941012423591,-0.0867357360419,2.5185960617e-05
75.757,1789944712.68,0.937765891223,0.130715547319,0.00623054045899,0.0984778494727,-0.132378123801,0.00181704883897
75.777,1789944712.7,0.955287283943,0.141774984715,0.00253860544738,0.102367218873,-0.160114383117,0.00318905280441
75.797,1789944712.72,0.972710051823,0.152544576125,0.0063532969798,0.105845134481,-0.0863654427236,0.00204693784691
75.817,1789944712.74,0.989248748136,0.162804832338,0.00299323226698,0.121040174919,-0.100159572779,0.00227611566399
75.837,1789944712.76,1.00538623187,0.172560205437,-0.000536451544655,0.121415435949,-0.115174372725,0.00342309567809
75.857,1789944712.78,1.0208432908,0.181784983827,-0.00675225989579,0.12336584654,-0.168169730224,0.00546258567603
75.877,1789944712.8,1.03144925467,0.189385932435,-0.0668554481646,0.086538580433,-1.01868174977,0.0349698996171
75.897,1789944712.82,1.03923066754,0.196927118411,-0.110715091295,0.0676013310861,-1.61725096456,0.0559288679928
75.917,1789944712.84,1.04313344842,0.204930067375,-0.119006399166,0.0676321115103,-1.58875542754,0.0561239345316
75.937,1789944712.86,1.02937904501,0.211901815228,-0.23418719198,0.898697116986,-1.58102160994,-0.0316479823675
75.957,1789944712.88,1.01365907161,0.215750717604,-0.308889043499,1.45838300837,-1.44487238263,-0.0964315887623
75.977,1789944712.9,0.999286230759,0.214234563158,-0.316933018053,1.42284769458,-1.17105209681,-0.0931534828683
75.997,1789944712.92,0.982214773458,0.207253212832,-0.307982719082,1.18722836105,-0.909335148074,-0.0723306340641
76.017,1789944712.94,0.96171177335,0.195640816631,-0.299208277009,0.919631872255,-0.694865266811,-0.044913634192
76.037,1789944712.96,0.937105637376,0.180418419269,-0.30584500562,0.762045551828,-0.541368538645,-0.0186352326317
76.057,1789944712.98,0.912492373705,0.162604325001,-0.292263122378,0.574531034672,-0.439229191426,-0.000620209426605
76.077,1789944713,0.886229974498,0.142670377314,-0.278673439753,0.43975583141,-0.376205211706,0.0119538879475
76.097,1789944713.02,0.859092305674,0.121120474761,-0.258349732734,0.317674939128,-0.337815815069,0.0190991302081
76.117,1789944713.04,0.830131905357,0.0983513547793,-0.243387970218,0.255145670865,-0.314750992197,0.0233415505468
76.137,1789944713.06,0.798467312071,0.0746229852032,-0.245502843677,0.297112584651,-0.300973327861,0.0276040846495
76.157,1789944713.08,0.767132438675,0.049742936711,-0.229223461637,0.27053894713,-0.287294140231,0.0276057898916
76.177,1789944713.1,0.734573394483,0.0237761226316,-0.213601401014,0.247093144446,-0.273216449908,0.0273941276192
76.197,1789944713.12,0.701266038876,-0.00327702740888,-0.192181244622,0.193723167199,-0.256526743421,0.0261319108112
76.217,1789944713.14,0.666463248345,-0.0310973341545,-0.176425539959,0.16745564159,-0.239297226777,0.0257001731929
76.237,1789944713.16,0.629540049576,-0.0593776079698,-0.177416768094,0.223223979241,-0.223929495444,0.0283875858712
76.257,1789944713.18,0.592807634977,-0.0888198028855,-0.161265481153,0.199787328891,-0.204740548959,0.0277067498974
76.277,1789944713.2,0.555143625146,-0.119096687547,-0.146186270452,0.174139319544,-0.184863750333,0.0276417609114
76.297,1789944713.22,0.516908353541,-0.150283325824,-0.126034083348,0.117025079589,-0.16323377109,0.0266035605402
76.317,1789944713.24,0.477640231444,-0.181871523283,-0.111641385947,0.0867914498733,-0.142771709677,0.0268956344969
76.337,1789944713.26,0.436986172538,-0.213369825483,-0.113483610642,0.13859629755,-0.126174423058,0.0313410791202
76.357,1789944713.28,0.396495253021,-0.245951129804,-0.0995594586011,0.113309600794,-0.106279671155,0.0316526371397
76.377,1789944713.3,0.355469910249,-0.279012910849,-0.0870310670522,0.0869577381188,-0.0864666575604,0.0325892716954
76.397,1789944713.32,0.314131504563,-0.312710990054,-0.0701847217256,0.0301634315241,-0.0651878982629,0.0321427354055
76.417,1789944713.34,0.27227539348,-0.346374906389,-0.0591539227759,0.000794484426729,-0.0455436907827,0.033418975925
76.437,1789944713.36,0.229795138501,-0.379366467761,-0.0636249636652,0.0530528255434,-0.0304193438674,0.0399789414018
76.457,1789944713.38,0.187499094625,-0.413315458473,-0.053724708798,0.0287339491554,-0.0114848477654,0.0413936647119
76.477,1789944713.4,0.145087843977,-0.447372661021,-0.0454758473505,0.00370031126751,0.00734319873942,0.0434286356834
76.497,1789944713.42,0.102658210273,-0.481773292947,-0.0335378977343,-0.0518345130567,0.0278917117342,0.0435599465574
76.517,1789944713.44,0.0602357251373,-0.515715778268,-0.0272109727137,-0.0802867564618,0.0466624000888,0.0457868382183
76.537,1789944713.46,0.017924634027,-0.548432547416,-0.0355370048817,-0.0268002729239,0.0603380326032,0.0545775536122
76.557,1789944713.48,-0.0241272926759,-0.581953767692,-0.0307947935202,-0.0499894422314,0.0784872357265,0.0569783784444
76.577,1789944713.5,-0.0658676806728,-0.61523226832,-0.0276756871623,-0.0742658067523,0.0965498836337,0.0598948030259
76.597,1789944713.52,-0.107306543783,-0.6485597455,-0.0213332264317,-0.129266763687,0.116630527299,0.0602772741438
76.617,1789944713.54,-0.148228560572,-0.68102839601,-0.020301766046,-0.15682837864,0.134702794693,0.0631687554667
76.637,1789944713.56,-0.188358247877,-0.711785381647,-0.0327891341648,-0.102072061427,0.146981329751,0.0739661825853
76.657,1789944713.58,-0.228102167641,-0.743173394296,-0.0333246798518,-0.124542405941,0.164506055063,0.0769167936429
76.677,1789944713.6,-0.267120863747,-0.773987341934,-0.0354041102857,-0.147718880847,0.181879330175,0.0803079958875
76.697,1789944713.62,-0.305510323358,-0.804571632347,-0.0345106115978,-0.201977011536,0.201580839649,0.080438626907
76.717,1789944713.64,-0.342898302255,-0.8339274353,-0.0385946347057,-0.223553228306,0.214143577736,0.0835408774631
76.737,1789944713.66,-0.378920162329,-0.861195427093,-0.0549089249251,-0.162660159799,0.220568980708,0.0959805076811
76.757,1789944713.68,-0.414484556171,-0.889041805761,-0.0595309455366,-0.199556258055,0.252600463258,0.098763369816
76.777,1789944713.7,-0.448849091641,-0.915887658201,-0.0663058606858,-0.210432537086,0.263182314006,0.10234613249
76.797,1789944713.72,-0.482315676045,-0.942372295801,-0.0695301403475,-0.271670259876,0.284797135747,0.101255046842
76.817,1789944713.74,-0.514337339861,-0.967279943246,-0.0774642932881,-0.288169311585,0.297961008439,0.104087394158
76.837,1789944713.76,-0.544487328247,-0.989804752139,-0.0963241402477,-0.222751360306,0.304237198769,0.117776159538
76.857,1789944713.78,-0.573993165253,-1.01281078162,-0.103832168056,-0.263151267687,0.325289659444,0.118804576231
76.877,1789944713.8,-0.601966992024,-1.03451775785,-0.11371746563,-0.280438494736,0.340330404269,0.12184355037
76.897,1789944713.82,-0.628815585525,-1.05571900027,-0.119053717248,-0.338560046535,0.358493728327,0.118318053811
76.917,1789944713.84,-0.653823620944,-1.07498990823,-0.129450209075,-0.353712874252,0.371654898809,0.120531242712
76.937,1789944713.86,-0.676608153137,-1.09167789708,-0.149157382447,-0.285910466783,0.376221896511,0.134852538827
76.957,1789944713.88,-0.698615163159,-1.10871582355,-0.157517161404,-0.30973360221,0.392279222151,0.1345333948
76.977,1789944713.9,-0.718834534176,-1.12435128108,-0.16758400494,-0.317379081745,0.394633773119,0.135293535173
76.997,1789944713.92,-0.73774353108,-1.13932110646,-0.17381568686,-0.376780180344,0.41929140274,0.129967391552
77.017,1789944713.94,-0.754594429271,-1.15230809087,-0.183896353072,-0.38807826232,0.430304319469,0.130547196337
77.037,1789944713.96,-0.769035109767,-1.16273126708,-0.201593084137,-0.325677794539,0.428119045372,0.142929986833
77.057,1789944713.98,-0.782482718582,-1.17321065042,-0.209771983436,-0.341561180322,0.439419228194,0.140967420781
77.077,1789944714,-0.79403271007,-1.18227407105,-0.218873998544,-0.352090019398,0.444396276242,0.139813767995
77.097,1789944714.02,-0.804194482136,-1.19068872942,-0.22300075407,-0.404195319581,0.459337492683,0.131244796525
77.117,1789944714.04,-0.812160689792,-1.19703034427,-0.2307572682,-0.410097339872,0.463593738041,0.129327727812
77.137,1789944714.06,-0.817564483494,-1.20067625301,-0.246219392237,-0.337846156974,0.455781521177,0.141999017023
77.157,1789944714.08,-0.822081362311,-1.20460157137,-0.250586308674,-0.356301342072,0.45984449993,0.135878872766
77.177,1789944714.1,-0.824648760889,-1.20703581761,-0.255886347912,-0.358371390033,0.457272568874,0.132719566863
77.197,1789944714.12,-0.825775488703,-1.20875086311,-0.256757027812,-0.409036594912,0.467339370643,0.120400000827
77.217,1789944714.14,-0.824758576496,-1.20844229441,-0.260599180468,-0.412093360503,0.470325684624,0.116963926877
77.237,1789944714.16,-0.82120798995,-1.20546346592,-0.27176124304,-0.334904310678,0.45881997681,0.129500795506
77.257,1789944714.18,-0.816798748174,-1.2027859341,-0.271780778648,-0.348573385199,0.456985191625,0.121054881963
77.277,1789944714.2,-0.810476264727,-1.19862480166,-0.272868632765,-0.349247919804,0.452431115467,0.116063763016
77.297,1789944714.22,-0.802799329437,-1.19384729074,-0.268726352418,-0.392299658619,0.450575251216,0.100883873742
77.317,1789944714.24,-0.793057915181,-1.18706815143,-0.267851675351,-0.392841166611,0.443669208509,0.0950681460517
77.337,1789944714.26,-0.780962775073,-1.17769937279,-0.274202889004,-0.309562647859,0.428554190549,0.10811985835
77.357,1789944714.28,-0.768107448624,-1.16868772798,-0.26934842198,-0.31879602542,0.420743094378,0.0981168367879
77.377,1789944714.3,-0.753503847991,-1.15827911947,-0.265631578828,-0.315898991203,0.41069694054,0.0920081959658
77.397,1789944714.32,-0.73769370284,-1.14733485094,-0.256610998977,-0.355261522221,0.40258777528,0.075266761955
77.417,1789944714.34,-0.720028982892,-1.13449049769,-0.251085642007,-0.352860197544,0.390369104363,0.0687380672021
77.437,1789944714.36,-0.700269605442,-1.11918015938,-0.253185984018,-0.268131446947,0.371795162992,0.0823171756972
77.457,1789944714.38,-0.679901395714,-1.10430399912,-0.243879603805,-0.274690997721,0.359024659438,0.0716970233364
77.477,1789944714.4,-0.658024023656,-1.08813496786,-0.236051945525,-0.269189533552,0.344567235342,0.0655107100926
77.497,1789944714.42,-0.635145036445,-1.07152845278,-0.222904885839,-0.305419306276,0.331418333872,0.0484840671927
77.517,1789944714.44,-0.610701909071,-1.05315210963,-0.213746842206,-0.300698802133,0.31542651215,0.0423422364699
77.537,1789944714.46,-0.584515268322,-1.03247433045,-0.212924101454,-0.215659777959,0.295307720103,0.0570942415657
77.557,1789944714.48,-0.557897645672,-1.01231981966,-0.200394813931,-0.220590024008,0.279277549106,0.0468652409531
77.577,1789944714.5,-0.530077330299,-0.991012232754,-0.189818545292,-0.21384102763,0.26216691732,0.0414227306122
77.597,1789944714.52,-0.501496595838,-0.969380111622,-0.17395064346,-0.248107713733,0.245701847678,0.0251065026502
77.617,1789944714.54,-0.471710142067,-0.946146110244,-0.162730575952,-0.242345511111,0.227681171235,0.0200594676278
77.637,1789944714.56,-0.440607719104,-0.920816107405,-0.160822439241,-0.157936674259,0.207705894929,0.0363488263288
77.657,1789944714.58,-0.409256392442,-0.896099069207,-0.146798190876,-0.161922370197,0.190028554237,0.0272593806262
77.677,1789944714.6,-0.37706015834,-0.87040317617,-0.135290672897,-0.154428621907,0.171783912056,0.0231965286397
77.697,1789944714.62,-0.34436675347,-0.844514376049,-0.118478896155,-0.187325971474,0.153542799497,0.00829918403385
77.717,1789944714.64,-0.310881951004,-0.817240139882,-0.107028246069,-0.181267366127,0.134873437776,0.0047417507849
77.737,1789944714.66,-0.27657623427,-0.788132415759,-0.106005680155,-0.097966727399,0.116126972789,0.0226143881461
77.757,1789944714.68,-0.242191852842,-0.75972691259,-0.0923056138184,-0.10154779699,0.0980262787677,0.0150118561701
77.777,1789944714.7,-0.207360946858,-0.730565307347,-0.0816093275834,-0.0942359840022,0.0797295550999,0.0124087712691
77.797,1789944714.72,-0.172325384308,-0.701403729635,-0.065117452205,-0.140760909723,0.0728116424446,-0.00101152826269
77.817,1789944714.74,-0.136852514059,-0.670953883681,-0.0555608742032,-0.120469368664,0.0424135472976,-0.0028493901555
77.837,1789944714.76,-0.10113621996,-0.639053384813,-0.0570904436398,-0.0363722517875,0.0234065522492,0.0162066707749
77.857,1789944714.78,-0.0654949111086,-0.607941487199,-0.0452374758804,-0.0386247339575,0.00460647328173,0.0100261651833
77.877,1789944714.8,-0.029841126928,-0.576343658276,-0.0368604566972,-0.0315932973193,-0.0128190367541,0.00889961671836
77.897,1789944714.82,0.0057485510908,-0.544907096306,-0.0225111803206,-0.0779976049631,-0.0193242533199,-0.00276079548837
77.917,1789944714.84,0.0412703545076,-0.512515921193,-0.0157166721609,-0.0587614282135,-0.0478175648128,-0.00323570576679
77.937,1789944714.86,0.076456990959,-0.479062562475,-0.0210075812517,0.023203913301,-0.0645096536079,0.0166565037059
77.957,1789944714.88,0.111455596027,-0.44645898912,-0.0120850679716,0.020403818361,-0.0820048628369,0.0117447181427
77.977,1789944714.9,0.146044258574,-0.413644620154,-0.00712956347679,0.0319357016047,-0.102145422151,0.0118161425843
77.997,1789944714.92,0.180309958333,-0.381157606658,0.00397076790958,-0.00501375888391,-0.115189901785,0.00167708004317
78.017,1789944714.94,0.213951429649,-0.34819194714,0.00770150163421,-0.000875428642678,-0.130288356079,0.00218028483084
78.037,1789944714.96,0.246681434914,-0.314523133926,-0.00254288353309,0.0817059844262,-0.143911156636,0.0236690563472
78.057,1789944714.98,0.279192741177,-0.281794591366,0.00363758939199,0.0728928797712,-0.158557515713,0.0184916170325
78.077,1789944715,0.310880852156,-0.249110967394,0.00485443006618,0.08056109454,-0.175432846514,0.019746211368
78.097,1789944715.02,0.342071654048,-0.216890690513,0.0133334222132,0.0352264129731,-0.179970059598,0.0101286122858
78.117,1789944715.04,0.372217492343,-0.184420705396,0.0128223375193,0.0561468857339,-0.205656488145,0.0117429070827
78.137,1789944715.06,0.400903140029,-0.151764755264,-0.00146753263151,0.139130108849,-0.21998611126,0.0323724527729
78.157,1789944715.08,0.429360293117,-0.120055871971,0.0020750751057,0.118700358415,-0.226754425856,0.0278440724775
78.177,1789944715.1,0.456611078719,-0.0886231058288,-0.000362487311081,0.139223678186,-0.248118254225,0.0292572333348
78.197,1789944715.12,0.483204245444,-0.0578180104702,0.0054643191168,0.0953531631911,-0.25267410413,0.0202223009553
78.217,1789944715.14,0.508298854023,-0.0271664383684,0.00185678650783,0.115714203409,-0.27582908433,0.0220041498529
78.237,1789944715.16,0.531447680861,0.00319355096933,-0.0158062233877,0.196383337174,-0.287568256253,0.041899407027
78.257,1789944715.18,0.554414156121,0.0326606159625,-0.0143309566625,0.183951698117,-0.299703630088,0.0364895126024
78.277,1789944715.2,0.57573954877,0.0614511815828,-0.0195344507443,0.192863969,-0.310123941678,0.0389416838473
78.297,1789944715.22,0.596350572446,0.0895475230293,-0.0152411040558,0.155476148337,-0.319857603837,0.029379212147
78.317,1789944715.24,0.615004734305,0.117058833219,-0.0212276303246,0.16480499408,-0.329067661761,0.0319829652533
78.337,1789944715.26,0.631386481533,0.143879388221,-0.0411481188728,0.241277111845,-0.338124644844,0.0508136370335
78.357,1789944715.28,0.647653666909,0.169914833189,-0.0408839077254,0.228008781124,-0.345739256895,0.0451687406055
78.377,1789944715.3,0.662045476342,0.194995486359,-0.0472642314841,0.236450455348,-0.353575000137,0.0469808377149
78.397,1789944715.32,0.675672919973,0.219337306238,-0.043570992055,0.199244972838,-0.359777105934,0.0371835333621
78.417,1789944715.34,0.687113590998,0.242770925006,-0.0501116849105,0.207477324177,-0.366334450026,0.0388931820728
78.437,1789944715.36,0.696039075451,0.265152506468,-0.0707964855635,0.281983407729,-0.374015163097,0.0562221274632
78.457,1789944715.38,0.704915598651,0.286857212486,-0.0704721528683,0.267792779113,-0.377765957237,0.0500024227498
78.477,1789944715.4,0.711777393233,0.307364690253,-0.0766244166701,0.274464937625,-0.381892915705,0.0508785510291
78.497,1789944715.42,0.717853261447,0.327100909311,-0.0722375733745,0.235951897869,-0.382920686251,0.040568450552
78.517,1789944715.44,0.721624648844,0.345659275778,-0.0780389483452,0.241939979628,-0.385275974291,0.0412709075705
78.537,1789944715.46,0.722785431449,0.362873862279,-0.0979926620924,0.312980104257,-0.390344777096,0.0569736369021
78.557,1789944715.48,0.723956022326,0.379519962344,-0.0963441860186,0.296741130166,-0.389067104486,0.0500001149648
78.577,1789944715.5,0.723085047461,0.394788393628,-0.101020203491,0.300791461669,-0.388556198699,0.0498419501546
78.597,1789944715.52,0.721445224983,0.409273833648,-0.0948423928524,0.260386064324,-0.3836830433,0.0388891066796
78.617,1789944715.54,0.717517171616,0.422387078725,-0.0987748243931,0.263583043234,-0.381291165915,0.0385607121052
78.637,1789944715.56,0.711040843618,0.433956964984,-0.116746753416,0.33032089204,-0.383283957393,0.052708202161
78.657,1789944715.58,0.704618109817,0.445055752109,-0.112832801603,0.311593065914,-0.376732107486,0.0449953759814
78.677,1789944715.6,0.696242379357,0.454666914123,-0.115126485939,0.312644990944,-0.371420631811,0.0438983359576
78.697,1789944715.62,0.687148892024,0.463499452304,-0.106457911222,0.270210101271,-0.360727106042,0.032369048427
78.717,1789944715.64,0.675917001195,0.470850267341,-0.107781190072,0.270279034112,-0.353664896937,0.0311611608563
78.737,1789944715.66,0.662341059359,0.476554595382,-0.123055749843,0.332521471448,-0.352590658637,0.0441363372634
78.757,1789944715.68,0.648843093893,0.481862184565,-0.116482185615,0.311424094109,-0.341176926327,0.0359455504308
78.777,1789944715.7,0.6335906932,0.485645426469,-0.115994662139,0.309385780537,-0.331493452016,0.0341912292945
78.797,1789944715.72,0.617699987904,0.488664060418,-0.104672754851,0.265057400887,-0.315726087231,0.0223221702024
78.817,1789944715.74,0.599933442935,0.490173193737,-0.103297335882,0.262336155151,-0.304683203784,0.0206521821208
78.837,1789944715.76,0.58015945714,0.490033371624,-0.115677887208,0.320020985308,-0.300992125691,0.0329541818987
78.857,1789944715.78,0.560468105828,0.489539999547,-0.106582427744,0.296766340513,-0.285662714668,0.0246296368593
78.877,1789944715.8,0.539306623569,0.487552090067,-0.103562201958,0.292121118101,-0.272572999017,0.0226851512443
78.897,1789944715.82,0.517613831213,0.484821882808,-0.0900254458379,0.246447490797,-0.252987543954,0.0108341804414
78.917,1789944715.84,0.494408555518,0.480638541604,-0.0863007020549,0.241076524787,-0.239004798695,0.0090714187285
78.937,1789944715.86,0.469626867767,0.474892902159,-0.096189310981,0.294625405144,-0.233498338332,0.0212979419031
78.957,1789944715.88,0.444920643632,0.468806619457,-0.0852748283231,0.269825958176,-0.215523015117,0.0132472017912
78.977,1789944715.9,0.419101573845,0.461322785832,-0.0803788476811,0.262928047029,-0.200196695128,0.0114924463644
78.997,1789944715.92,0.392881836537,0.453127508331,-0.0654829219701,0.216397970358,-0.178201722302,-4.33982002626e-05
79.017,1789944715.94,0.365579080822,0.443608518648,-0.0603039870839,0.209108897439,-0.162507158739,-0.00145881213336
79.037,1789944715.96,0.337200351288,0.43270074462,-0.0687453253137,0.270285836604,-0.162795044113,0.0115929579309
79.057,1789944715.98,0.308864297567,0.421390045263,-0.0566989546504,0.23298511528,-0.136622238205,0.00365008549667
79.077,1789944716,0.279818262758,0.408842435577,-0.0510151745969,0.225196691985,-0.120876425626,0.0025507788371
79.097,1789944716.02,0.250525756609,0.39562499962,-0.0353825052256,0.158232484478,-0.0858446750232,-0.00932298090066
79.117,1789944716.04,0.220675720274,0.381375933317,-0.0302796154331,0.16602970648,-0.0790999094876,-0.00936476173889
79.137,1789944716.06,0.190293771231,0.365988464811,-0.0379796712165,0.227018329438,-0.0807094971728,0.00460404510255
79.157,1789944716.08,0.159951905895,0.350171574338,-0.025897492351,0.176201620712,-0.047090891826,-0.00344202535524
79.177,1789944716.1,0.129367516813,0.333388761856,-0.0209299806335,0.180615796128,-0.0377378734669,-0.00288817364554
79.197,1789944716.12,0.0987114715992,0.31599334433,-0.00628989995011,0.119196149809,-0.00727043963937,-0.0143306622446
79.217,1789944716.14,0.0679767115617,0.297798713775,-0.00181436320452,0.125930724014,-0.000672446865656,-0.0135362193747
79.237,1789944716.16,0.0372303216864,0.278740697483,-0.00970240985021,0.183129050177,-0.00196571001695,0.00150197355204
79.257,1789944716.18,0.00654070530073,0.259239952194,0.00148457405161,0.142877560733,0.0243146045575,-0.00593754378173
79.277,1789944716.2,-0.0240094010383,0.238906990802,0.00471859998688,0.132282665742,0.0401346803007,-0.00460010435498
79.297,1789944716.22,-0.0544465426955,0.218077974301,0.0174618346828,0.0697629320706,0.0720024710126,-0.0155824640033
79.317,1789944716.24,-0.0844781139471,0.196751664204,0.0203002480448,0.073975171588,0.080265928121,-0.0136040216917
79.337,1789944716.26,-0.114006571267,0.17490469432,0.0114017293184,0.119966612674,0.0837414379194,0.00234317214045
79.357,1789944716.28,-0.143387630217,0.152661091142,0.0202845040222,0.0758396298514,0.104551104324,-0.00458270643964
79.377,1789944716.3,-0.172196627933,0.129981930487,0.0221645030587,0.0791904889391,0.116729849492,-0.00270902878586
79.397,1789944716.32,-0.200699056,0.106898001874,0.0328606774067,0.0309978051505,0.138409348516,-0.0132344389425
79.417,1789944716.34,-0.228387742332,0.0835492455521,0.0332350084579,0.0243718343583,0.151565371499,-0.0106471730438
79.437,1789944716.36,-0.255129360314,0.0600482940074,0.0231036411541,0.0654828344548,0.155164619019,0.00612501901122
79.457,1789944716.38,-0.281650562224,0.0361710621327,0.029422101564,0.0230494555561,0.178049267364,-0.000634900099891
79.477,1789944716.4,-0.307202400216,0.0121576423748,0.0292627890003,0.0220558074006,0.185733460143,0.00198166519483
79.497,1789944716.42,-0.332259206422,-0.0121171579357,0.0372109389057,-0.026126663391,0.204857318541,-0.00830270555641
79.517,1789944716.44,-0.35611407629,-0.0362901085251,0.0355677665832,-0.0331888893706,0.215784518957,-0.00524308881449
79.537,1789944716.46,-0.378660540255,-0.0602481584846,0.0242625254043,0.00665637424338,0.218069882191,0.012249096155
79.557,1789944716.48,-0.400893627056,-0.0845168055676,0.0284854637371,-0.0265867571201,0.23348898256,0.0057278474773
79.577,1789944716.5,-0.421861402086,-0.108654011397,0.0260844150676,-0.0363696159246,0.243998868849,0.00851049103107
79.597,1789944716.52,-0.442160325725,-0.132880309766,0.0314899643871,-0.0856094056368,0.260684259883,-0.00194394371436
79.617,1789944716.54,-0.460964780926,-0.156642320281,0.0282110983382,-0.092907324871,0.270604001958,0.00131453066367
79.637,1789944716.56,-0.478178464066,-0.179831833517,0.0160612076075,-0.0540750169941,0.27032574809,0.0192592432944
79.657,1789944716.58,-0.494971525277,-0.203237534247,0.0182930608525,-0.0859318265867,0.282974909195,0.012656814808
79.677,1789944716.6,-0.510270938744,-0.226191601557,0.0145519024881,-0.0947820196565,0.290981295543,0.0154927061287
79.697,1789944716.62,-0.5247525061,-0.24906176941,0.0181028700023,-0.141833789153,0.305367831708,0.00478810730875
79.717,1789944716.64,-0.537164200257,-0.270885564694,0.00752866569054,-0.101381825617,0.298019363402,0.0213079602387
79.737,1789944716.66,-0.548473538965,-0.292437464313,-0.000625295929552,-0.0951305035731,0.303851353991,0.0304013867925
79.757,1789944716.68,-0.559193724609,-0.314118556924,0.00296218885486,-0.150777142416,0.320175550848,0.0173775995248
79.777,1789944716.7,-0.567765582789,-0.334620610583,-0.00709185573239,-0.112445345545,0.313022564134,0.0338071663403
79.797,1789944716.72,-0.576050621049,-0.355490620794,-0.000485583323212,-0.192517354405,0.33233434939,0.0124647644718
79.817,1789944716.74,-0.582440875262,-0.375243299856,-0.00258638599397,-0.223554302265,0.340609027007,0.00873048601765
79.837,1789944716.76,-0.586541711957,-0.39336254753,-0.0188578169774,-0.150019842091,0.326074792889,0.0387928041309
79.857,1789944716.78,-0.590255730708,-0.411671991148,-0.0195423320026,-0.166350483277,0.329546732375,0.0355062304825
79.877,1789944716.8,-0.592370176838,-0.429138085288,-0.0241727641913,-0.16099825727,0.328843587631,0.0399288164225
79.897,1789944716.82,-0.593600579956,-0.44640366208,-0.0212978816859,-0.206509778207,0.336593509294,0.0270806408702
79.917,1789944716.84,-0.593065339123,-0.462525665276,-0.0246462815324,-0.219289126528,0.337521928233,0.0274333566803
79.937,1789944716.86,-0.590775373274,-0.477419187402,-0.0340123841493,-0.198365311182,0.331590818968,0.041346730481
79.957,1789944716.88,-0.587824506213,-0.49218270925,-0.0321402306234,-0.236849577227,0.335533283787,0.0305864118809
79.977,1789944716.9,-0.583198286591,-0.505702907209,-0.0352451746849,-0.24233857374,0.332781616778,0.0318852540926
79.997,1789944716.92,-0.577623328557,-0.518679852576,-0.0316497147405,-0.287922827703,0.335779068419,0.0173103863771
80.017,1789944716.94,-0.570330248566,-0.530131680578,-0.0339189757235,-0.293819334845,0.331203014603,0.0174615310172
80.037,1789944716.96,-0.561375290397,-0.540029435632,-0.0416565483693,-0.263303706379,0.319984753212,0.0318061140816
80.057,1789944716.98,-0.551742808578,-0.549544554266,-0.0389371438417,-0.28811192464,0.317376839834,0.0214537149112
80.077,1789944717,-0.540573410038,-0.55759702597,-0.0406850010524,-0.281500727894,0.309090493729,0.0232595567255
80.097,1789944717.02,-0.52851359308,-0.564944215653,-0.0360906662453,-0.314867935754,0.306063583163,0.00895068851226
80.117,1789944717.04,-0.514933338873,-0.570652572326,-0.0367813801695,-0.312449349993,0.296912416235,0.00924861321443
80.137,1789944717.06,-0.499906926369,-0.57473145846,-0.0424596880214,-0.277319899972,0.282467562581,0.0236970067786
80.157,1789944717.08,-0.484269383948,-0.57835410492,-0.0383039879431,-0.297053136613,0.275624050388,0.0131020322897
80.177,1789944717.1,-0.467330321791,-0.580477603963,-0.0381899252678,-0.288475607499,0.264263563529,0.0145026229925
80.197,1789944717.12,-0.449624647491,-0.581837045907,-0.0320966716588,-0.318710123886,0.257265158633,-0.000246847734589
80.217,1789944717.14,-0.430668245333,-0.581539996792,-0.0309069369566,-0.315267985644,0.245313282928,-0.000367161318846
80.237,1789944717.16,-0.410547945339,-0.579607286673,-0.0343459397873,-0.280982690117,0.22917732611,0.0135986926167
80.257,1789944717.18,-0.389922884331,-0.577147366224,-0.0285645907408,-0.298292441061,0.219127444625,0.00258048011466
80.277,1789944717.2,-0.368282033444,-0.573178697445,-0.0266218600114,-0.288285644888,0.205525065927,0.00364833579457
80.297,1789944717.22,-0.346042183034,-0.568394011913,-0.0190546240512,-0.314454602588,0.195223885365,-0.0113064878159
80.317,1789944717.24,-0.322871904739,-0.561974372707,-0.0161445700117,-0.308627191914,0.181188457215,-0.0116951516259
80.337,1789944717.26,-0.298856545468,-0.553936853417,-0.0178601680519,-0.266417704681,0.161553287351,0.00236985428154
80.357,1789944717.28,-0.274519983172,-0.545413433969,-0.0103291172261,-0.297302449217,0.155888184825,-0.0096564319728
80.377,1789944717.3,-0.249439296052,-0.535297994988,-0.00727302838983,-0.271301447222,0.135582394169,-0.00802829256815
80.397,1789944717.32,-0.224002023197,-0.524449102435,0.00173175674736,-0.309028745668,0.128623217238,-0.0236107070953
80.417,1789944717.34,-0.197938546878,-0.51191509804,0.00551222467791,-0.285415225526,0.107820455368,-0.0229803896936
80.437,1789944717.36,-0.171416409873,-0.497929411484,0.00508001176073,-0.249087249167,0.090699280709,-0.00894543424104
80.457,1789944717.38,-0.144723226688,-0.483399426152,0.0135022531299,-0.258718730284,0.0772338851593,-0.0213729272922
80.477,1789944717.4,-0.117681528349,-0.467478006234,0.0171535207421,-0.241807489657,0.0605725519105,-0.0190740583617
80.497,1789944717.42,-0.0904972706932,-0.450838723609,0.0266737982818,-0.26178209113,0.0484067023486,-0.0348230823716
80.517,1789944717.44,-0.0630978769075,-0.432758197062,0.0306080767104,-0.249436957561,0.0316565054351,-0.0334569748889
80.537,1789944717.46,-0.0356073485678,-0.413387563802,0.0305643621602,-0.214463353567,0.0158310635209,-0.019312583913
80.557,1789944717.48,-0.00813140538385,-0.393498875933,0.038611910641,-0.233937131187,0.005786808844,-0.0305280287769
80.577,1789944717.5,0.0193424244603,-0.372345352228,0.0423873924033,-0.206881808611,-0.0162782540808,-0.0286461124343
80.597,1789944717.52,0.0467101037641,-0.350540813658,0.0514653312383,-0.223769359441,-0.0271245752744,-0.0433575539247
80.617,1789944717.54,0.073906043315,-0.327502414636,0.0550739843929,-0.207391629623,-0.0424122164487,-0.0414548322247
80.637,1789944717.56,0.100832957258,-0.303390152311,0.0546616233279,-0.172058136435,-0.0564629273261,-0.0270864913304
80.657,1789944717.58,0.127561202237,-0.278813018957,0.0620895105642,-0.177592654533,-0.0701518802543,-0.0380209146771
80.677,1789944717.6,0.153894485549,-0.253270711703,0.0648777717146,-0.159356014958,-0.0837452117173,-0.0346759320427
80.697,1789944717.62,0.179927778407,-0.227174019988,0.0727589441354,-0.171999491719,-0.0975070376512,-0.0485737987844
80.717,1789944717.64,0.20541682184,-0.200135501623,0.0752660265185,-0.156770367563,-0.110849779021,-0.0459120673551
80.737,1789944717.66,0.230306677503,-0.172289546596,0.0737507586673,-0.124568861689,-0.127432698413,-0.0315309420638
80.757,1789944717.68,0.254789410125,-0.144056544976,0.079848668124,-0.126142982655,-0.13541885668,-0.0411665023105
80.777,1789944717.7,0.278556893637,-0.11514331625,0.0812610525747,-0.107865832187,-0.148817106314,-0.0372903917947
80.797,1789944717.72,0.301805934843,-0.085810698596,0.0874864552657,-0.116369156131,-0.160845486086,-0.0499695629461
80.817,1789944717.74,0.324188331356,-0.0558556287939,0.0885066693507,-0.100180642219,-0.172463410536,-0.0467019089828
80.837,1789944717.76,0.345674879903,-0.0253976277531,0.0857232749741,-0.0679516473528,-0.18296877847,-0.0318884535024
80.857,1789944717.78,0.366603632091,0.00532409735124,0.0899061738302,-0.0680439724272,-0.194449696619,-0.0407166119454
80.877,1789944717.8,0.386522067495,0.0364048825247,0.0897477623343,-0.0491098993726,-0.204623950601,-0.036197963011
80.897,1789944717.82,0.405733686841,0.067729205507,0.0940638827444,-0.0543650146806,-0.215682748416,-0.0476914224358
80.917,1789944717.84,0.42380946819,0.0993253493161,0.0934604352477,-0.0378639191186,-0.225028238426,-0.0438548457353
80.937,1789944717.86,0.440749269131,0.131094328258,0.0892799146122,-0.00746141303345,-0.23292571733,-0.0288895125002
80.957,1789944717.88,0.456974379469,0.162976580267,0.0916127953838,-0.0053334555414,-0.242030474936,-0.0366947726127
80.977,1789944717.9,0.471972064548,0.194878734163,0.08993971304,0.0131187650017,-0.249480456792,-0.0318005270493
80.997,1789944717.92,0.486102226915,0.226824845078,0.0924102577088,0.0106755110953,-0.25789173661,-0.0422319079966
81.017,1789944717.94,0.498906064874,0.258686193502,0.0903489468322,0.0269594982903,-0.264349593881,-0.0379750123276
81.037,1789944717.96,0.510411860939,0.290389012837,0.0850734394142,0.0549531541225,-0.269237880285,-0.0231293372084
81.057,1789944717.98,0.521077694456,0.322031517186,0.0857839853643,0.0588055222421,-0.275491361003,-0.0301047899382
81.077,1789944718,0.530380453781,0.353361742216,0.0829001992992,0.0764573155995,-0.279975862587,-0.0249238772939
81.097,1789944718.02,0.538700732202,0.384520519648,0.0838198201285,0.0763774299021,-0.285390971407,-0.0344744444122
81.117,1789944718.04,0.545593107433,0.415254383168,0.0807284702671,0.0919456044027,-0.288778920089,-0.0300239102359
81.137,1789944718.06,0.551109025052,0.445517137989,0.0748908652113,0.116986621785,-0.29054986833,-0.0155471320888
81.157,1789944718.08,0.55569603886,0.475526505187,0.0744236285908,0.12195484319,-0.293654818463,-0.0219537149065
81.177,1789944718.1,0.558871722156,0.50491883451,0.0708971959388,0.138089603632,-0.29495446355,-0.0168136604112
81.197,1789944718.12,0.560998008992,0.533916784833,0.0707619180818,0.139656367545,-0.29704478177,-0.0257950194894
81.217,1789944718.14,0.561685047099,0.562188422037,0.0672525364972,0.153759373863,-0.297123449479,-0.0214754713131
81.237,1789944718.16,0.56100014746,0.589714452369,0.061534832773,0.175151967238,-0.295582210906,-0.00762610216299
81.257,1789944718.18,0.559339525271,0.616781898566,0.0604564158189,0.180522433916,-0.295284095033,-0.0137608517907
81.277,1789944718.2,0.556305397799,0.642975211977,0.0569455652214,0.194409881444,-0.293219606478,-0.00896241907844
81.297,1789944718.22,0.552208509525,0.668553817771,0.0563271184919,0.196892890824,-0.291824041439,-0.0176963764124
81.317,1789944718.24,0.546747945301,0.693162745262,0.0530679652756,0.208773929218,-0.288508421785,-0.0138316388415
81.337,1789944718.26,0.540000048367,0.716806889254,0.0482119260121,0.225709205859,-0.283625679841,-0.000957226039264
81.357,1789944718.28,0.532277090317,0.739782176287,0.04710934496,0.230748379995,-0.279936662415,-0.00714135467578
81.377,1789944718.3,0.523297037132,0.761688976914,0.0442600112717,0.241665621627,-0.274564541962,-0.0029593407855
81.397,1789944718.32,0.513297572131,0.782773447668,0.0436978163979,0.244391316396,-0.269826446846,-0.0117313878477
81.417,1789944718.34,0.502085879351,0.802716170666,0.0412919917507,0.253381740105,-0.263285196947,-0.00856750485246
81.437,1789944718.36,0.489740405781,0.82154105368,0.0379413292828,0.265175864425,-0.255254770116,0.00309350632211
81.457,1789944718.38,0.476473761421,0.839491039624,0.0373004881394,0.269281833912,-0.248471084111,-0.00338129262062
81.477,1789944718.4,0.462132297261,0.856250487248,0.0356409502674,0.276606394,-0.240099880267,-4.64346984488e-05
81.497,1789944718.42,0.44687227113,0.872002123535,0.0355420872308,0.279049324125,-0.232447152627,-0.00906441424849
81.517,1789944718.44,0.430611221866,0.886516905925,0.0344047842398,0.286961444976,-0.224779732336,-0.00656358694068
81.537,1789944718.46,0.413411733135,0.899809561812,0.0329265806861,0.29043236668,-0.215151582782,0.00426733524583
81.557,1789944718.48,0.395397091986,0.912073520066,0.0332781333478,0.294054084054,-0.19988026683,-0.00411342873925
81.577,1789944718.5,0.376551383455,0.92306394211,0.0330207530048,0.296490200747,-0.191299576913,-0.000753806813331
81.597,1789944718.52,0.356950282479,0.932913695795,0.0337019999018,0.293727397609,-0.180513812837,-0.0105536737104
81.617,1789944718.54,0.336601899415,0.941524101772,0.0340173406825,0.300015614383,-0.169711127841,-0.00876604841074
81.637,1789944718.56,0.31557738644,0.94892508343,0.0348177357489,0.300193845564,-0.157084143077,0.00042733117589
81.657,1789944718.58,0.293915605438,0.955099689685,0.0357546480023,0.302697634202,-0.146454135839,-0.00792622760858
81.677,1789944718.6,0.271672140595,0.960060084879,0.0371837344723,0.302110145761,-0.134018800382,-0.00563934144357
81.697,1789944718.62,0.248877562433,0.963742257531,0.0383376048597,0.303788064066,-0.122970302379,-0.0161543097764
81.717,1789944718.64,0.225606953194,0.96622845601,0.0402581861998,0.301636792593,-0.109981649414,-0.0146674177994
81.737,1789944718.66,0.201914271742,0.967549862902,0.0431866483414,0.29558668056,-0.0957237412589,-0.00670847012677
81.757,1789944718.68,0.177807619148,0.967510006431,0.0447025558595,0.295711201172,-0.083705414863,-0.0151957166234
81.777,1789944718.7,0.153391391882,0.966359831804,0.0475837144969,0.290376578653,-0.0699806984174,-0.0137450649448
81.797,1789944718.72,0.128679180408,0.96386476323,0.0490282540825,0.291712376735,-0.0581073935189,-0.0242633086963
81.817,1789944718.74,0.103765937744,0.960308761471,0.0522389129769,0.28571766043,-0.044320626025,-0.0234597282668
81.837,1789944718.76,0.0786949944049,0.955694081021,0.0570036099215,0.274029917259,-0.0293802860912,-0.0165817226682
81.857,1789944718.78,0.0534927760452,0.949652663318,0.0587465989,0.273587135409,-0.0171678946724,-0.0250330228476
81.877,1789944718.8,0.028246550254,0.94266089859,0.0627216893095,0.264523186086,-0.00323632634774,-0.0240986990857
81.897,1789944718.82,0.00300079140011,0.934320215617,0.0640598587932,0.266416342603,0.00839968092379,-0.0343034025382
81.917,1789944718.84,-0.0221897509197,0.925099503356,0.0681523641738,0.257082756573,0.0220509081777,-0.0338624843485
81.937,1789944718.86,-0.0472842476502,0.914968138504,0.0743058849474,0.240086930851,0.0368297287575,-0.0277848911268
81.957,1789944718.88,-0.0721857335221,0.903415710693,0.0758297294739,0.239325280499,0.0484574942194,-0.0358914981555
81.977,1789944718.9,-0.0968908444854,0.891110947973,0.0804281117809,0.226697488257,0.0618876721409,-0.03522544744
81.997,1789944718.92,-0.121275216944,0.877524765728,0.0812060243743,0.229364675034,0.0726231560655,-0.044807562348
82.017,1789944718.94,-0.14538135285,0.863271853697,0.0856923738965,0.216929890574,0.0855071270254,-0.0444955758458
82.037,1789944718.96,-0.16916094804,0.848295998796,0.0927515695069,0.194794409824,0.0995278220395,-0.0389112963655
82.057,1789944718.98,-0.192400071406,0.831989142856,0.0936145823513,0.194044691559,0.109982740433,-0.0463659387773
82.077,1789944719,-0.215238334961,0.815157891068,0.0983783369578,0.178156133227,0.122329488495,-0.0456851531957
82.097,1789944719.02,-0.237430557663,0.797190396361,0.0981846638666,0.182050814554,0.131594706666,-0.0543419294618
82.117,1789944719.04,-0.259163075052,0.778790474894,0.102611777639,0.166989489084,0.143130502225,-0.0539222726206
82.137,1789944719.06,-0.280372175698,0.759885841873,0.110124730355,0.140120757463,0.15581541877,-0.0486172155572
82.157,1789944719.08,-0.300693631863,0.739828670478,0.109966230867,0.139898147596,0.16454562769,-0.0551660568821
82.177,1789944719.1,-0.320453055258,0.719490996023,0.114496459325,0.121250111091,0.175247366933,-0.054292107568
82.197,1789944719.12,-0.339259063802,0.698237631181,0.113029378693,0.126918072216,0.182525696754,-0.0617896151752
82.217,1789944719.14,-0.357472494768,0.676795993489,0.117086829773,0.10960604107,0.192202616583,-0.0610401815685
82.237,1789944719.16,-0.375006737606,0.655084721957,0.124708254516,0.0784203547323,0.203030145749,-0.0558899629134
82.257,1789944719.18,-0.391333528117,0.632481752021,0.123312052886,0.0792337073495,0.209559895695,-0.0613562154718
82.277,1789944719.2,-0.406985979235,0.609847572195,0.127371995311,0.0582512563369,0.218137285967,-0.0601611132437
82.297,1789944719.22,-0.42141851453,0.586581987008,0.124494741829,0.0662515344203,0.222997886098,-0.0663504438679
82.317,1789944719.24,-0.435177403913,0.563369698125,0.12802984832,0.04708776521,0.230378439885,-0.0651768080225
82.337,1789944719.26,-0.448146942567,0.540129275787,0.135556086164,0.0121181988414,0.23889095021,-0.0601756284535
82.357,1789944719.28,-0.459643398605,0.516325856963,0.132873612074,0.014580926288,0.242824939583,-0.0644902189863
82.377,1789944719.3,-0.47040374141,0.492734166353,0.136382654464,-0.0081711078781,0.2488677523,-0.0629709652584
82.397,1789944719.32,-0.479739813253,0.468841862877,0.132129934562,0.00282570012477,0.250970036007,-0.0678154406332
82.417,1789944719.34,-0.488370035125,0.445227938331,0.135103095952,-0.0174807289794,0.255675334972,-0.0662905423369
82.437,1789944719.36,-0.496158732579,0.421828460571,0.142634366588,-0.0587681248444,0.261715534812,-0.0617436419493
82.457,1789944719.38,-0.502274953856,0.398250347688,0.1387311328,-0.0511571694098,0.262572403982,-0.0646620543028
82.477,1789944719.4,-0.507647209258,0.375107375734,0.141799638271,-0.0751774547669,0.265780484134,-0.0628981581487
82.497,1789944719.42,-0.511467587841,0.352018589283,0.136357209782,-0.0598513580088,0.264873872753,-0.0664204350267
82.517,1789944719.44,-0.514597288689,0.329407431304,0.13891936834,-0.0805421234866,0.266648243596,-0.0646659297994
82.537,1789944719.46,-0.516877893839,0.307232748657,0.146458632188,-0.121750946284,0.26956495528,-0.0602313208292
82.557,1789944719.48,-0.517393984463,0.285250187099,0.141714280416,-0.114064084941,0.267596893453,-0.0624354916503
82.577,1789944719.5,-0.517196487438,0.263904111383,0.144551436884,-0.138779239351,0.267792309205,-0.0606405979817
82.597,1789944719.52,-0.51540360652,0.242961753638,0.13813402984,-0.115891866512,0.263699718904,-0.0627530293449
82.617,1789944719.54,-0.512992234636,0.222650933972,0.140782157093,-0.142447709099,0.25958451236,-0.0613179540562
82.637,1789944719.56,-0.509782327765,0.202991446546,0.148614974536,-0.187739524342,0.262714397949,-0.0579191575527
82.657,1789944719.58,-0.504786043026,0.183915713516,0.142918743466,-0.172002715701,0.263308629356,-0.0590664794574
82.677,1789944719.6,-0.499148226815,0.165647360091,0.1461444136,-0.19958809237,0.255544642343,-0.0576546147908
82.697,1789944719.62,-0.491949700238,0.148121258637,0.138931205247,-0.16719066947,0.25506952354,-0.05891942556
82.717,1789944719.64,-0.48419640839,0.131352857846,0.141966862726,-0.194309143023,0.240149490328,-0.0574678090121
82.737,1789944719.66,-0.475753365582,0.115411055134,0.150741960611,-0.238642865536,0.239610626096,-0.05443930372
82.757,1789944719.68,-0.465585306904,0.100364769236,0.144271455682,-0.219777290264,0.230000763112,-0.055552003216
82.777,1789944719.7,-0.45497297843,0.0862595075865,0.148222808154,-0.24608350887,0.225057751438,-0.0542444471315
82.797,1789944719.72,-0.442909805275,0.0731602976607,0.140415761942,-0.211234726872,0.222771599506,-0.0551090065867
82.817,1789944719.74,-0.430435688508,0.0609306324244,0.144029889454,-0.233927044107,0.206796624487,-0.0543102219031
82.837,1789944719.76,-0.417390398717,0.0496425569268,0.153718608353,-0.280231424575,0.204388124852,-0.0525330668791
82.857,1789944719.78,-0.402815741459,0.0395279130594,0.147131880296,-0.255446494076,0.193190550847,-0.053215374454
82.877,1789944719.8,-0.387917852022,0.0304303257249,0.151741266365,-0.280856583558,0.185956436377,-0.0526603484317
82.897,1789944719.82,-0.371773736354,0.0225493264592,0.143597948922,-0.239466168325,0.174971963657,-0.0532166510252
82.917,1789944719.84,-0.355404825013,0.0155881738122,0.148145813293,-0.260408845274,0.16646885321,-0.0528505878495
82.937,1789944719.86,-0.33856399069,0.00964949073921,0.158949547477,-0.307655769609,0.158306292112,-0.0525858418532
82.957,1789944719.88,-0.320485227362,0.00507095826273,0.152342563687,-0.277219424193,0.146893996289,-0.0529259842633
82.977,1789944719.9,-0.302203204387,0.00155259221032,0.157681410582,-0.301065600836,0.136917269188,-0.0532551002166
82.997,1789944719.92,-0.282964529208,-0.000625116119468,0.149353488788,-0.252679333684,0.124721230272,-0.053364307727
83.017,1789944719.94,-0.263621543828,-0.00186871933667,0.154668388905,-0.271833341395,0.114069869806,-0.0538692287785
83.037,1789944719.96,-0.243969616736,-0.00204999269436,0.166694327913,-0.319236681763,0.103585145623,-0.0550936555673
83.057,1789944719.98,-0.223437681911,-0.000792853377946,0.159965795127,-0.283079885306,0.0912272645223,-0.0551364467951
83.077,1789944720,-0.202834532924,0.00153388842046,0.166159645233,-0.305749614432,0.0796932576634,-0.0563539361171
83.097,1789944720.02,-0.181624491367,0.00522529102142,0.157503331525,-0.250640205465,0.0673415806724,-0.056000260693
83.117,1789944720.04,-0.160424242937,0.00984146667722,0.163593732855,-0.268324303234,0.0556180178326,-0.0573484737028
83.137,1789944720.06,-0.139084397007,0.0155209464286,0.176860166219,-0.315890383177,0.0437099399985,-0.0600157189366
83.157,1789944720.08,-0.117284101415,0.0226003914728,0.169765389574,-0.274187782189,0.031568408106,-0.059657965393
83.177,1789944720.1,-0.095527555732,0.0307396742534,0.176628240635,-0.295327301519,0.0193257977749,-0.0616528595028
83.197,1789944720.12,-0.073559338422,0.0401575196277,0.167303860402,-0.233656431607,0.00783190089996,-0.0607038790933
83.217,1789944720.14,-0.0516893391246,0.0504783177844,0.173957290926,-0.249677253349,-0.00426505023113,-0.0627459278483
83.237,1789944720.16,-0.0298413977803,0.0618264016207,0.188405474114,-0.297585354437,-0.017027327673,-0.066704368038
83.257,1789944720.18,-0.00799689661283,0.0744038489023,0.18057920984,-0.250743466854,-0.0281761778196,-0.0657513235456
83.277,1789944720.2,0.0137167530656,0.0880204051717,0.18794416751,-0.270794149696,-0.0405377913595,-0.0683302063788
83.297,1789944720.22,0.0352187101022,0.102711281933,0.177528493657,-0.203150079428,-0.0504209039475,-0.0665752071855
83.317,1789944720.24,0.0565694245875,0.118285692508,0.184541816957,-0.21795864161,-0.0623060276618,-0.0690938953524
83.337,1789944720.26,0.0777568078379,0.134826972131,0.200023380553,-0.266366371508,-0.0753736815285,-0.0741131259016
83.357,1789944720.28,0.0984480053297,0.15228668022,0.191029052225,-0.214867827451,-0.0848292687307,-0.0723157905165
83.377,1789944720.3,0.118959231245,0.170771370861,0.198661203456,-0.234119857358,-0.0967042606342,-0.0752312306949
83.397,1789944720.32,0.138823079411,0.190002882728,0.186684148818,-0.161044106436,-0.10430613925,-0.072421413368
83.417,1789944720.34,0.158526677053,0.210118661386,0.193812566032,-0.174951022059,-0.115385722853,-0.0751631603469
83.437,1789944720.36,0.177956039579,0.231127642196,0.210232684706,-0.22428957577,-0.128181249697,-0.0810013998602
83.457,1789944720.38,0.196387351905,0.252596356757,0.199645135214,-0.168687280356,-0.13535120937,-0.0781117053198
83.477,1789944720.4,0.214634809594,0.275099960931,0.207324823897,-0.187505455815,-0.146166042069,-0.0811167925104
83.497,1789944720.42,0.231806735758,0.297897723241,0.193346759839,-0.109569698724,-0.150985555006,-0.0770177681224
83.517,1789944720.44,0.248858185433,0.321619455474,0.200385204532,-0.122945846292,-0.160727088159,-0.0797485263754
83.537,1789944720.46,0.265564311082,0.34616285505,0.217726459529,-0.173829598386,-0.172709372629,-0.0862049261526
83.557,1789944720.48,0.280783783498,0.370556426241,0.205193857536,-0.114709651979,-0.177168375161,-0.0820250296369
83.577,1789944720.5,0.295863521958,0.396037498551,0.212790544836,-0.133604452283,-0.186423550977,-0.0849313297006
83.597,1789944720.52,0.309468944886,0.421238794918,0.196466906575,-0.0513642525694,-0.188155532504,-0.0793686946082
83.617,1789944720.54,0.323050365854,0.447469733195,0.203581276933,-0.0734708461661,-0.196165422474,-0.0820291998932
83.637,1789944720.56,0.336240603081,0.47450210581,0.221596213789,-0.117602656299,-0.206765908668,-0.0888634555481
83.657,1789944720.58,0.347504581544,0.500622311033,0.206871755755,-0.0554232288097,-0.208250937857,-0.08327924279
83.677,1789944720.6,0.358719133092,0.527946472081,0.214391728445,-0.0731420948492,-0.215525066921,-0.086039833983
83.697,1789944720.62,0.368112837449,0.554294159814,0.195522171784,0.0131127224704,-0.214056009873,-0.0789385382274
83.717,1789944720.64,0.377606081155,0.581831386354,0.202290878671,-0.00106418792078,-0.219891952503,-0.0813100952426
83.737,1789944720.66,0.38675850564,0.61012278782,0.222172869839,-0.0737409207815,-0.237750559138,-0.0878043489525
83.757,1789944720.68,0.393472339283,0.636633006252,0.204048296469,0.0231146047218,-0.220053405091,-0.082358030154
83.777,1789944720.7,0.400392863163,0.664488534004,0.212136164115,-0.0141607255331,-0.232152405316,-0.0842270236056
83.797,1789944720.72,0.405134322269,0.690521743484,0.189462979417,0.0838030384535,-0.22513498939,-0.0753772522982
83.817,1789944720.74,0.41025449273,0.718126473093,0.197667972864,0.0500557456635,-0.230440444581,-0.0778791226638
83.837,1789944720.76,0.415004833481,0.746464595081,0.218491021165,-0.0182804551176,-0.237441708895,-0.0857614981648
83.857,1789944720.78,0.417100995752,0.772003909595,0.197881813973,0.0683551735735,-0.233041558822,-0.0769753706511
83.877,1789944720.8,0.419530929772,0.799347942907,0.206957176188,0.0330804885265,-0.236128770747,-0.0800400909381
83.897,1789944720.82,0.419576807475,0.823959460295,0.1814248912,0.145247200681,-0.228258467524,-0.0695623102235
83.917,1789944720.84,0.420179284199,0.850552233793,0.19010024493,0.112327879226,-0.229860114565,-0.0724383112147
83.937,1789944720.86,0.410860161059,0.859534531109,-0.0150052745137,1.16831560497,-0.188594516761,-0.0729810039947
83.957,1789944720.88,0.40762409643,0.875919510867,-0.0591591025708,1.20615865083,-0.170265005559,-0.0650520983778
83.977,1789944720.9,0.404405786432,0.888878526849,-0.0881303509858,1.28669143199,-0.163478612852,-0.0535125390565
83.997,1789944720.92,0.401384734239,0.898142596044,-0.0977571827291,1.13351135975,-0.175963582264,-0.0371035869103
84.017,1789944720.94,0.397895928336,0.903422646603,-0.101799836831,0.964238820586,-0.181916323067,-0.0222077845758
84.037,1789944720.96,0.393805892656,0.905109258415,-0.103192490109,0.754872628769,-0.188453766265,-0.00696540015464
84.057,1789944720.98,0.389696928577,0.909024415894,-0.0635475508443,1.41544091606,0.396597018858,-0.0715890387679
84.077,1789944721,0.386434913707,0.903268586804,-0.0555331318206,1.32177392725,0.597815561314,-0.0613347454842
84.097,1789944721.02,0.385565416368,0.891724703384,-0.0537590210395,1.23719869576,0.607966676084,-0.0581883618453
84.117,1789944721.04,0.387151177387,0.875147664228,-0.0510076286378,0.988948184275,0.596210654992,-0.0316762481597
84.137,1789944721.06,0.391192330552,0.854382557414,-0.0518372073366,0.752121380232,0.406720864509,-0.0107051079871
84.157,1789944721.08,0.396832073066,0.831086404424,-0.048041986663,0.525968780647,0.329001060236,0.0169180097791
84.177,1789944721.1,0.403762485578,0.805993322288,-0.0419397516971,0.352536296293,0.299177943329,0.0439524433022
84.197,1789944721.12,0.41185589676,0.779254749879,-0.0401366602565,0.237525934455,0.14552787164,0.0535622307373
84.217,1789944721.14,0.420474468783,0.751993200524,-0.0341307156326,0.171163340067,0.126732220875,0.0664308114765
84.237,1789944721.16,0.42957587893,0.723834950942,-0.0319468427127,0.147651363047,-0.00504483915818,0.0649800192827
84.257,1789944721.18,0.438603406537,0.695452607163,-0.0253622250204,0.146463636315,0.0162891445622,0.0699396278348
84.277,1789944721.2,0.447677811079,0.666616448256,-0.0170443370831,0.157828796656,0.0899121868573,0.0775635217805
84.297,1789944721.22,0.457049076855,0.63679402974,-0.014152383436,0.175192415362,0.0295517221863,0.0688689611356
84.317,1789944721.24,0.466548984393,0.606526949856,-0.00724127735401,0.186925871084,0.0796176036269,0.0709353075164
84.337,1789944721.26,0.476340959211,0.57523066219,-0.00494658277216,0.194448280517,-0.00713625712329,0.0605490259051
84.357,1789944721.28,0.486128648945,0.543410356493,0.00189774869331,0.191176029376,0.0347811701269,0.0632058236711
84.377,1789944721.3,0.496084822343,0.510892797228,0.0104571783906,0.180123163072,0.111227406324,0.0720377373468
84.397,1789944721.32,0.506391754997,0.477334615868,0.0129188800372,0.165122230427,0.043886221806,0.0630968609798
84.417,1789944721.34,0.516940437934,0.44331578195,0.0196542231588,0.144763948977,0.0801915211331,0.0678748190082
84.437,1789944721.36,0.527743083647,0.408491025381,0.0211817073734,0.124403121693,-0.0202774737051,0.0574156136682
84.457,1789944721.38,0.538538272519,0.373364308027,0.0275252428748,0.101549962675,0.0083786282593,0.0624507280748
84.477,1789944721.4,0.549413783247,0.337873086418,0.035558573395,0.0790199115892,0.0746257538455,0.0740368353068
84.497,1789944721.42,0.560425493808,0.301832666269,0.0367032934094,0.0584909777981,0.00178443500785,0.0644542953859
84.517,1789944721.44,0.571553527091,0.265694921339,0.0423160359208,0.038332474104,0.0350939665926,0.070479815314
84.537,1789944721.46,0.582694774969,0.229258035727,0.0420286651243,0.0205878672261,-0.064935174102,0.0582849989194
84.557,1789944721.48,0.593700829636,0.1928588842,0.0468293445355,0.00264442550118,-0.0347646762955,0.0642005218996
84.577,1789944721.5,0.604632518063,0.156462272086,0.0533013209464,-0.0144629521243,0.0337098315293,0.0774192334732
84.597,1789944721.52,0.615462541391,0.120009931084,0.0521259072608,-0.0310036585506,-0.0361064145299,0.0666949150152
84.617,1789944721.54,0.626309044468,0.0837470595276,0.0557105180529,-0.0474357690026,-0.000339396682039,0.0737968454214
84.637,1789944721.56,0.636966469486,0.0476397883047,0.0528071659872,-0.0632834509806,-0.098065469242,0.0601144542588
84.657,1789944721.58,0.647415683984,0.0118243633592,0.0553846068354,-0.0793994011679,-0.066182648652,0.0671943041308
84.677,1789944721.6,0.657687192027,-0.0236812479555,0.0597342842716,-0.0950541514489,0.00365371003809,0.0823337959141
84.697,1789944721.62,0.667663338275,-0.0587685641375,0.0558193186093,-0.111480661732,-0.0653329080194,0.0708535577489
84.717,1789944721.64,0.677595555414,-0.0934195857668,0.0570553217906,-0.127218790869,-0.0288712538286,0.0791911308816
84.737,1789944721.66,0.687167245092,-0.127463266049,0.0513587134719,-0.143226559694,-0.126369315693,0.0642254855911
84.757,1789944721.68,0.696480154302,-0.160984507992,0.0515981337189,-0.158457382052,-0.0940403617867,0.072353253962
84.777,1789944721.7,0.705529251034,-0.193900624216,0.0537992640586,-0.172709346508,-0.0233319299665,0.0891613097884
84.797,1789944721.72,0.714108653066,-0.225925064597,0.04727801085,-0.188525770494,-0.0920097789149,0.0768153363011
84.817,1789944721.74,0.722596498168,-0.257289986921,0.0463528870375,-0.20263828873,-0.0544751388984,0.0860901144959
84.837,1789944721.76,0.730573581193,-0.287613650919,0.0381936054375,-0.217791443463,-0.151705551617,0.0697121559043
84.857,1789944721.78,0.738254825082,-0.317217109285,0.0364591784863,-0.231032555064,-0.118210768539,0.0785457227007
84.877,1789944721.8,0.745604053757,-0.345953702486,0.0369262930463,-0.242836974743,-0.045933242628,0.0965749523722
84.897,1789944721.82,0.752341358075,-0.373367173269,0.0283815652501,-0.25717470887,-0.114071842864,0.0831641075118
84.917,1789944721.84,0.758956927182,-0.399940907135,0.0258730798217,-0.26886314808,-0.0753024837989,0.092916208033
84.937,1789944721.86,0.76494718395,-0.425096621836,0.0160053210897,-0.283016795487,-0.172274952573,0.0750049155061
84.957,1789944721.88,0.770618997102,-0.449377327196,0.0130192785639,-0.293102160587,-0.137265939159,0.0841358685554
84.977,1789944721.9,0.775905800713,-0.472577032015,0.0124208426296,-0.298058755945,-0.0630544458242,0.102746200363
84.997,1789944721.92,0.780459416195,-0.494107745184,0.00242738796521,-0.314565723146,-0.13436531672,0.0874018013351
85.017,1789944721.94,0.784910265055,-0.514693151199,-0.000387196820656,-0.319469583475,-0.0898853926916,0.0980065431441
85.037,1789944721.96,0.7886292826,-0.533563608224,-0.0110559932743,-0.335234300667,-0.178882435624,0.0787265392502
85.057,1789944721.98,0.792090485624,-0.551461865001,-0.0141779431652,-0.342488062949,-0.146694216319,0.0883429903465
85.077,1789944722,0.795148531022,-0.568128670728,-0.0145998501667,-0.348138748173,-0.0689179383359,0.107798532471
85.097,1789944722.02,0.797414562073,-0.582815039973,-0.0247357133973,-0.357446967912,-0.145349790105,0.0897867079966
85.117,1789944722.04,0.799573996387,-0.596498329255,-0.027223182539,-0.361692988328,-0.0977968375709,0.100662770647
85.137,1789944722.06,0.800948638426,-0.608220293867,-0.0378093301756,-0.369826146667,-0.202856442256,0.0775168415956
85.157,1789944722.08,0.802017035341,-0.61897076449,-0.0398992547408,-0.372259178467,-0.155864761743,0.0878899377966
85.177,1789944722.11,0.802662633588,-0.628389789629,-0.0394107797878,-0.372290942696,-0.07617191119,0.107001353333
85.197,1789944722.13,0.80248382246,-0.635697491845,-0.0484768834102,-0.377993204912,-0.147850625359,0.0878450824523
85.217,1789944722.15,0.802207732776,-0.641989402525,-0.0497127671385,-0.377947258085,-0.0976635844413,0.098267261263
85.237,1789944722.17,0.801154005472,-0.646244747173,-0.0588912740137,-0.38285823669,-0.201374500323,0.0736820634486
85.257,1789944722.19,0.799807299813,-0.649536262862,-0.0594253874955,-0.381157936199,-0.152747945809,0.0835257535031
85.277,1789944722.21,0.798048303674,-0.651483638163,-0.0572891827139,-0.376866557368,-0.0716662866791,0.10217347575
85.297,1789944722.23,0.795496559401,-0.651306781932,-0.0644922340908,-0.378775161572,-0.14313078975,0.0817685683261
85.317,1789944722.25,0.792852451677,-0.650139530094,-0.0638542131767,-0.374302646987,-0.0922854321685,0.0914471576417
85.337,1789944722.27,0.789468126776,-0.646974163515,-0.070927804288,-0.375256458857,-0.195845474118,0.0657006005239
85.357,1789944722.29,0.785785640998,-0.642885799379,-0.0694243548662,-0.36900443403,-0.146351116109,0.0748682025411
85.377,1789944722.31,0.781697551391,-0.637505998313,-0.0652452782573,-0.360115792011,-0.0639011624124,0.0929946604983
85.397,1789944722.33,0.776870961955,-0.630110138463,-0.0701339159135,-0.357839863752,-0.134563309836,0.0717738680463
85.417,1789944722.35,0.771943402884,-0.621790726804,-0.06734160503,-0.348992413315,-0.0822880106346,0.0809424563684
85.437,1789944722.37,0.766336235433,-0.611622178905,-0.0720210235334,-0.34595547187,-0.184992141503,0.0546710032811
85.457,1789944722.39,0.760416899811,-0.600608093922,-0.0683918388544,-0.335613329221,-0.134386818564,0.063405883012
85.477,1789944722.41,0.754103327644,-0.58841608979,-0.0622290729517,-0.322831943465,-0.0511243371832,0.0810777329918
85.497,1789944722.43,0.747135777475,-0.574427349729,-0.0647969907524,-0.316871204649,-0.121004764188,0.0596082084212
85.517,1789944722.45,0.740059085236,-0.559630291087,-0.0599677473625,-0.308384778726,-0.0684056479827,0.0685438199107
85.537,1789944722.47,0.732372249947,-0.543195219627,-0.0624966212113,-0.298085718752,-0.170108602143,0.0423086359537
85.557,1789944722.49,0.724354927198,-0.526024405695,-0.0571254667236,-0.28300598043,-0.118764129159,0.0508514662852
85.577,1789944722.51,0.715964251787,-0.50785596671,-0.0493791463306,-0.26797283092,-0.0346969161078,0.0684154078339
85.597,1789944722.53,0.707024953647,-0.488198853151,-0.050031932024,-0.258885319844,-0.103847357059,0.0472859777531
85.617,1789944722.55,0.697959837722,-0.467875234438,-0.0438051026147,-0.249383336857,-0.051431920872,0.0561408393397
85.637,1789944722.57,0.688385863848,-0.446229114711,-0.0446439708876,-0.235934743265,-0.15238338862,0.0307014366298
85.657,1789944722.59,0.678456922581,-0.42398714518,-0.0381914565522,-0.219122763899,-0.100991000156,0.0393636354036
85.677,1789944722.61,0.668172989565,-0.400956468508,-0.0297111090109,-0.202272985275,-0.0175361957246,0.0567860542377
85.697,1789944722.63,0.657480223925,-0.376810280532,-0.0290350530747,-0.190289983472,-0.0899451899448,0.0364137879835
85.717,1789944722.65,0.646601212247,-0.35216111152,-0.0223135524494,-0.180884243894,-0.0333175261319,0.0456393912076
85.737,1789944722.67,0.635351825786,-0.326560125763,-0.0221214132935,-0.164659050226,-0.137233181828,0.0215273043464
85.757,1789944722.69,0.62368541321,-0.300526923427,-0.0155328176772,-0.147283671245,-0.0801119293692,0.0306636093676
85.777,1789944722.71,0.611713619004,-0.273951621729,-0.0072352565027,-0.129354256294,-0.000734080599196,0.0471481245005
85.797,1789944722.73,0.59945842147,-0.246669288131,-0.00614349278712,-0.116934914917,-0.0684286872129,0.0289681167737
85.817,1789944722.75,0.587014325581,-0.219076382502,0.000264373111921,-0.107324189998,-0.0122220773189,0.0383724724898
85.837,1789944722.77,0.574336715746,-0.190921070654,0.000591817758752,-0.0896886086729,-0.114720477594,0.0160072831466
85.857,1789944722.79,0.561237752725,-0.16252656768,0.00648679482361,-0.0718016309675,-0.058663907187,0.025303542046
85.877,1789944722.81,0.547882417288,-0.133864283251,0.0138112162379,-0.0544492198609,0.0202781646751,0.0421128792026
85.897,1789944722.83,0.534391728847,-0.104908060772,0.0146606320507,-0.0423384566598,-0.040703434589,0.0255684067815
85.917,1789944722.85,0.520729819578,-0.0758516722462,0.0197255475949,-0.0327688243376,0.0120576148464,0.0346248284632
85.937,1789944722.87,0.507016740239,-0.0466244212851,0.0195674282242,-0.0138071796245,-0.0937316827178,0.0140275548859
85.957,1789944722.89,0.492900850453,-0.0173746009141,0.0242001936862,0.00484736578366,-0.04670046341,0.0236807679649
85.977,1789944722.91,0.478511183946,0.011849129816,0.029840077713,0.0194668818952,0.0436264103748,0.0406530867763
85.997,1789944722.93,0.464169779218,0.0409739586379,0.0294026841879,0.0325112184357,-0.0302451417216,0.0246686643068
86.017,1789944722.95,0.449652386368,0.0699689548381,0.0328649236595,0.0467486776483,0.0218225668944,0.0332609116927
86.037,1789944722.97,0.435162757576,0.0987254358337,0.0318538606346,0.0578598659118,-0.0691057376026,0.0153622581737
86.057,1789944722.99,0.420286431873,0.127272634078,0.0347188680605,0.0731215375081,-0.0163911640612,0.0255303538986
86.077,1789944723.01,0.40526360142,0.15552688796,0.0379788334609,0.0895555913142,0.0584783646846,0.0416209336692
86.097,1789944723.03,0.390421938528,0.18332936773,0.0365858096777,0.10062791266,-0.00243629766768,0.0270775941896
86.117,1789944723.05,0.37546482649,0.210763710103,0.0379929941958,0.115419111556,0.0405509857314,0.0354016342488
86.137,1789944723.07,0.360668836088,0.237633100432,0.0357827948485,0.125685736087,-0.0484170800667,0.0186219328639
86.157,1789944723.09,0.345534162054,0.26405172755,0.0364809462376,0.141419489791,-0.00703644839023,0.0285444755081
86.177,1789944723.11,0.3302779766,0.289907235848,0.037856468945,0.155656647297,0.0760226140512,0.0445313347121
86.197,1789944723.13,0.315333245535,0.314997134983,0.035240773851,0.165318495914,0.0158384716564,0.0306200989722
86.217,1789944723.15,0.300309538229,0.3394762128,0.03486696624,0.178297861453,0.0608386276073,0.0387991056263
86.237,1789944723.17,0.285581985147,0.363113025741,0.0315973811987,0.186686247244,-0.0266749459479,0.0227683248242
86.257,1789944723.19,0.270556188629,0.386071945073,0.030769411777,0.199548284711,0.0232898192621,0.0325685731801
86.277,1789944723.21,0.255540600476,0.408221232105,0.0301173157254,0.213212141605,0.0961582378828,0.0479952705936
86.297,1789944723.23,0.240976281147,0.429368865854,0.026588436203,0.22079762264,0.0361742392303,0.0343885804103
86.317,1789944723.25,0.226395906431,0.449686944832,0.0247584967264,0.232180555498,0.0777694549919,0.0422388769028
86.337,1789944723.27,0.212218756141,0.468949742554,0.0208292959315,0.238193603468,-0.00908873179201,0.0265808268659
86.357,1789944723.29,0.197793000987,0.487328434557,0.0187340902995,0.249018372731,0.039759207413,0.035946767768
86.377,1789944723.31,0.183449801208,0.504698631424,0.0167800985537,0.260554330975,0.1115648668,0.0507777175282
86.397,1789944723.33,0.169660936027,0.520896468572,0.0128664087019,0.265374468987,0.0527247222081,0.037123332205
86.417,1789944723.35,0.155912434361,0.536082138705,0.0101909533906,0.274277757721,0.0938780978986,0.0444418408063
86.437,1789944723.37,0.142663170766,0.550070038403,0.00618533173798,0.277154543044,0.00861960478897,0.0287496377737
86.457,1789944723.39,0.129228309722,0.563008764991,0.00346420148233,0.285366239783,0.0566355500376,0.0375057987402
86.477,1789944723.41,0.115953475427,0.574797704613,0.000879174866884,0.29432538882,0.127003836338,0.0516706937297
86.497,1789944723.43,0.103323716463,0.585319667677,-0.00279107600989,0.295855442089,0.0689878422165,0.037705809665
86.517,1789944723.45,0.0907993949927,0.594698502698,-0.00563718241768,0.301882824313,0.109009465128,0.044426602984
86.537,1789944723.47,0.078856345569,0.602810008434,-0.00909249674654,0.301148633283,0.0249683489235,0.0284161505433
86.557,1789944723.49,0.066796054246,0.60976152277,-0.0117629410855,0.30637932499,0.0714517253685,0.0365315914399
86.577,1789944723.51,0.0549668820788,0.615486232303,-0.0142957476677,0.312402471229,0.139758023441,0.0500582951473
86.597,1789944723.53,0.0438518472112,0.619922115319,-0.0171232809339,0.310259573081,0.0824508109271,0.0356250594183
86.617,1789944723.55,0.0329044025469,0.623144982459,-0.0195059267249,0.313084086295,0.121109650482,0.0417875356479
86.637,1789944723.57,0.0226003058458,0.625100340748,-0.0218634872988,0.308421043807,0.0384229647841,0.0252794551079
86.657,1789944723.59,0.0122446249388,0.62584848266,-0.0238939929921,0.310422374971,0.0834262700883,0.0328865893741
86.677,1789944723.61,0.00218211700662,0.625360143241,-0.0257999571683,0.313281096569,0.149465371677,0.0459225983772
86.697,1789944723.63,-0.00711676217603,0.623627161589,-0.027333285192,0.307320900449,0.0929626616394,0.0309813746213
86.717,1789944723.65,-0.0161903202173,0.620678293021,-0.0287761427405,0.306820117594,0.129897187229,0.0367005775581
86.737,1789944723.67,-0.0245766438103,0.616524629091,-0.0296786629357,0.298224404376,0.0486136438529,0.0196386071928
86.757,1789944723.69,-0.032954237125,0.611185038943,-0.0306762338977,0.296980825697,0.0915590913728,0.0268722011683
86.777,1789944723.71,-0.0409906068386,0.604665792709,-0.0315909663555,0.296723788047,0.155142830885,0.0396832815202
86.797,1789944723.73,-0.0482337762669,0.597002898559,-0.0316162660668,0.287153366277,0.0995280018088,0.0243262489625
86.817,1789944723.75,-0.0552049620334,0.5881892667,-0.031884721723,0.283542811007,0.134964327932,0.0299183682486
86.837,1789944723.77,-0.0614614519783,0.578287292365,-0.0312363483307,0.271376620151,0.0552832812395,0.0123823241764
86.857,1789944723.79,-0.0676585872283,0.567288643714,-0.0310676153867,0.267202416677,0.0962684426603,0.0195694742691
86.877,1789944723.81,-0.073478360208,0.555228066477,-0.0308909217361,0.264157548251,0.157189689586,0.0324731082793
86.897,1789944723.83,-0.0784909273639,0.542170782409,-0.0294715951691,0.251489875113,0.102473031516,0.0168703068204
86.917,1789944723.85,-0.0831939614222,0.528084207491,-0.0283973746214,0.23659795921,0.134065980618,0.0222653560512
86.937,1789944723.87,-0.0871803619479,0.513103928999,-0.0265837845309,0.230128374624,0.0579476112068,0.00473187684342
86.957,1789944723.89,-0.0910743795549,0.497190773694,-0.0255187767203,0.229233382553,0.0984704781465,0.012477183871
86.977,1789944723.91,-0.0945620077301,0.480357151157,-0.0241216616842,0.212933898556,0.153825333395,0.0252568825198
86.997,1789944723.93,-0.0972459353042,0.462732481864,-0.0217600595477,0.208188947314,0.100137497312,0.0102016169034
87.017,1789944723.95,-0.0996142291433,0.444248007581,-0.0200186843543,0.195878225192,0.133191234583,0.0160290708599
87.037,1789944723.97,-0.101265007864,0.425030903502,-0.0170089757743,0.179441742115,0.0588887446745,-0.00161323962118
87.057,1789944723.99,-0.10278972244,0.405066491793,-0.015298840393,0.175604706261,0.0957007388331,0.00621949837624
87.077,1789944724.01,-0.103910008539,0.384384914945,-0.0133851628956,0.15490365433,0.150946699666,0.0193949546711
87.097,1789944724.03,-0.10423196554,0.363140996758,-0.0102639691562,0.145843155589,0.0980791339135,0.00479295759139
87.117,1789944724.05,-0.104211023356,0.341288305778,-0.00803054854338,0.134569440306,0.121547724057,0.0101739585782
87.137,1789944724.07,-0.103511632596,0.318933841376,-0.00478406618913,0.121489848588,0.048265175582,-0.00658012689287
87.157,1789944724.09,-0.10272579574,0.296063772243,-0.00265935949146,0.10930407512,0.0879901195997,0.00268556176828
87.177,1789944724.11,-0.101550948201,0.272756228509,-0.000677236762525,0.100018074909,0.141376631078,0.0160759494928
87.197,1789944724.13,-0.0996057273924,0.249068146092,0.00234135066874,0.0835958665456,0.0894775538314,0.00187842412982
87.217,1789944724.15,-0.0973426689609,0.225021114555,0.00453836708498,0.0651054736471,0.113151948315,0.00849897049209
87.237,1789944724.17,-0.094420905033,0.200743508005,0.0074567519128,0.0556614179453,0.0389940059079,-0.00880938046192
87.257,1789944724.19,-0.0914418165487,0.176234290124,0.0093517757632,0.0452123254167,0.076995890393,0.00116485832085
87.277,1789944724.21,-0.0880970447494,0.151547150477,0.0108462297623,0.0385948349887,0.122301019057,0.0152927976868
87.297,1789944724.23,-0.0840693987467,0.126710766458,0.0134860357943,0.0212090613381,0.0764406330922,0.00135485443719
87.317,1789944724.25,-0.0797613553613,0.101790522206,0.0150683205064,0.0103935773088,0.0970241841188,0.00805023309342
87.337,1789944724.27,-0.0748731760109,0.0768298284265,0.0174747072651,-0.00848749986175,0.0314687169325,-0.00861499220978
87.357,1789944724.29,-0.0699369331408,0.0519141614506,0.0185915896869,-0.0182124875037,0.0634122167909,0.00202673906758
87.377,1789944724.31,-0.0646903557928,0.0270799400891,0.019379444025,-0.0266978626324,0.106801066898,0.0170350242177
87.397,1789944724.33,-0.0588180044834,0.00234954430758,0.021099073839,-0.0436869188935,0.0604687882138,0.00321062958967
87.417,1789944724.35,-0.0527298373508,-0.0221882388928,0.0218233533117,-0.0540930310018,0.0792667566274,0.0104588560778
87.437,1789944724.37,-0.0461327879176,-0.0465136195509,0.0231898727433,-0.0719404553348,0.0146953446519,-0.00634171410469
87.457,1789944724.39,-0.0395567085768,-0.0705208246079,0.0233922780681,-0.0805375601776,0.0449076765888,0.00490945437723
87.477,1789944724.41,-0.0327464343903,-0.0941897495551,0.0232752045196,-0.0878070595298,0.0860454564968,0.020483365593
87.497,1789944724.43,-0.0253954988419,-0.117515488534,0.0238630490529,-0.103531441074,0.0405881756525,0.00661488437137
87.517,1789944724.45,-0.0179123918952,-0.140394795692,0.0235945084403,-0.112693582336,0.0582353252174,0.0142439752271
87.537,1789944724.47,-0.0100089885555,-0.162828130078,0.0237837287565,-0.129269538589,-0.0048808946172,-0.00283518108724
87.557,1789944724.49,-0.00221026292253,-0.18470037848,0.0230296512242,-0.136617531387,0.0238744606021,0.00880183934399
87.577,1789944724.51,0.00573265722575,-0.206004472383,0.0220108708884,-0.142610985748,0.0631455632875,0.024760341937
87.597,1789944724.53,0.014118513638,-0.226745764926,0.0214685036055,-0.156959575424,0.0185371734103,0.0106726068313
87.617,1789944724.55,0.02254145124,-0.24681925221,0.0202830992002,-0.16469407196,0.0350577146978,0.018448724803
87.637,1789944724.57,0.0312833852007,-0.266236222313,0.0193805262049,-0.179703315212,-0.0267175351276,0.000930419557081
87.657,1789944724.59,0.0398264466908,-0.284886504461,0.0178291469595,-0.185453451502,0.000498692886723,0.0126585231524
87.677,1789944724.61,0.0484116884823,-0.302772151192,0.0161052300533,-0.189742856942,0.0380741661424,0.0287614900412
87.697,1789944724.63,0.0573291622845,-0.319902793957,0.014638833288,-0.202232217045,-0.00563353194237,0.0142806332951
87.717,1789944724.65,0.0661792241506,-0.336186306269,0.0127933763332,-0.208053820147,0.00995755281326,0.0219735954019
87.737,1789944724.67,0.0752355257735,-0.351636371764,0.0110722085428,-0.220979595293,-0.0503286455324,0.00389352173793
87.757,1789944724.69,0.0839919414974,-0.36616186909,0.00903892854948,-0.224655652818,-0.0243246673966,0.0155021398476
87.777,1789944724.71,0.0926817658196,-0.379770432667,0.00695064145513,-0.226800887143,0.0117846298539,0.0314958657512
87.797,1789944724.73,0.101584318138,-0.392471089887,0.00491829011288,-0.23695884717,-0.0308413049428,0.016485710826
87.817,1789944724.75,0.110311527224,-0.404196633682,0.00279330534941,-0.240461758673,-0.0160526845618,0.0238550272204
87.837,1789944724.77,0.119125271383,-0.414956399409,0.000653009558821,-0.250848940626,-0.0746542441756,0.00514080895937
87.857,1789944724.79,0.127536677123,-0.424688517152,-0.00145414819099,-0.252077578591,-0.0495790747226,0.0164482677018
87.877,1789944724.81,0.135770476933,-0.433403173463,-0.00349270576049,-0.251739047145,-0.0146511153003,0.0321442058445
87.897,1789944724.83,0.144093642347,-0.441106137573,-0.00565546563914,-0.259162536181,-0.0559471786344,0.0165443362077
87.917,1789944724.85,0.152134955276,-0.447762183643,-0.0076338322871,-0.26003015055,-0.0417230838383,0.0234420607787
87.937,1789944724.87,0.16014191035,-0.453373092141,-0.0097485104251,-0.267493831825,-0.0983733306258,0.00410772601058
87.957,1789944724.89,0.167647975173,-0.457910885556,-0.0115113655051,-0.266020119225,-0.0739630329021,0.0149960935163
87.977,1789944724.91,0.174869013752,-0.461386700919,-0.0130975306302,-0.26303263604,-0.0403604861469,0.0301174712771
87.997,1789944724.93,0.182055753554,-0.463803099836,-0.0149635157648,-0.267421152138,-0.0800360978093,0.0139662617301
88.017,1789944724.95,0.188858473991,-0.465158034187,-0.0164066819256,-0.265461701624,-0.0659568826284,0.0204033725612
88.037,1789944724.97,0.195510013257,-0.46544657543,-0.0180919376852,-0.269739841941,-0.120288822077,0.000569073588562
88.057,1789944724.99,0.201570151212,-0.464673319842,-0.0191668341746,-0.265504022492,-0.0964682775968,0.0109228528248
88.077,1789944725.01,0.207243502877,-0.462850538658,-0.0199852086696,-0.259802087663,-0.0634706879354,0.0256210809506
88.097,1789944725.03,0.212768429783,-0.459980481177,-0.0212161574981,-0.261031335311,-0.101205025943,0.0090587978426
88.117,1789944725.05,0.217818563325,-0.456089827325,-0.0218504813297,-0.256286928414,-0.0871392487028,0.0150309995074
88.137,1789944725.07,0.222611691882,-0.451171130575,-0.0228171575247,-0.257313482953,-0.138840754184,-0.00508166204642
88.157,1789944725.09,0.226735312506,-0.445255188256,-0.0229973289666,-0.250435928383,-0.115204608518,0.00489104203118
88.177,1789944725.11,0.230385354932,-0.438356996932,-0.0228890205326,-0.242277811605,-0.0831405330361,0.0190242920115
88.197,1789944725.13,0.233781649513,-0.430474563388,-0.0233593998867,-0.237864870477,-0.117569204513,0.00237435618344
88.217,1789944725.15,0.23663642083,-0.421685739724,-0.0230126697633,-0.233174265451,-0.104549539533,0.00787044708029
88.237,1789944725.17,0.239142774817,-0.411952231971,-0.0231465405867,-0.227889832739,-0.154201200282,-0.0121558373297
88.257,1789944725.19,0.240911603661,-0.401356783705,-0.0223902041325,-0.222605995157,-0.130169651517,-0.00261846541241
88.277,1789944725.21,0.242129797246,-0.389906293189,-0.0213481017288,-0.219674404577,-0.096619756727,0.0110329254828
88.297,1789944725.23,0.243023188974,-0.377546407791,-0.0209977105167,-0.206345733541,-0.130342640788,-0.00534476757188
88.317,1789944725.25,0.243319787336,-0.364409760334,-0.0198106974505,-0.198660930425,-0.119530205922,-0.00117341412646
88.337,1789944725.27,0.243178907349,-0.350477590693,-0.0190951389681,-0.191840084876,-0.16162880911,-0.0193690499663
88.357,1789944725.29,0.242272311429,-0.33580361911,-0.0176282581401,-0.174988488822,-0.142021666978,-0.0102070818554
88.377,1789944725.31,0.240750637386,-0.320471123263,-0.0158877592547,-0.169679948286,-0.107804829075,0.00345848850829
88.397,1789944725.33,0.238842648996,-0.304459338215,-0.0147112173118,-0.162755922513,-0.136970948558,-0.0123910665864
88.417,1789944725.35,0.236288551323,-0.287847688766,-0.0129821738167,-0.162544433519,-0.12142533328,-0.00765960715702
88.437,1789944725.37,0.233285180447,-0.270569220601,-0.0116998713681,-0.146594953941,-0.163682969507,-0.0261193015517
88.457,1789944725.39,0.229486402575,-0.252729987291,-0.00989563255955,-0.130708081288,-0.139859391726,-0.017043314964
88.477,1789944725.41,0.225087499473,-0.234422109601,-0.00761091029458,-0.127470825251,-0.11088988622,-0.00392938961293
88.497,1789944725.43,0.220275212372,-0.215585746334,-0.00613359600473,-0.109253584715,-0.141917929648,-0.0191584424337
88.517,1789944725.45,0.21479165479,-0.196353286517,-0.00404486401935,-0.0996938680727,-0.127332306488,-0.0148423516118
88.537,1789944725.47,0.208809435202,-0.176727718281,-0.00258337116606,-0.0880842386936,-0.162391817909,-0.0318803279234
88.557,1789944725.49,0.202041537002,-0.156788960306,-0.000341180771373,-0.0776685367999,-0.137734520992,-0.0215955649926
88.577,1789944725.51,0.194666756255,-0.136558364809,0.00176850679375,-0.0654258562323,-0.110464245973,-0.00970488683614
88.597,1789944725.53,0.186864652412,-0.116086373041,0.00340905471617,-0.0564263750764,-0.132165080929,-0.0230981630681
88.617,1789944725.55,0.178425395447,-0.095431303035,0.00529930765786,-0.0536463375752,-0.11728459708,-0.0181038201177
88.637,1789944725.57,0.169535285537,-0.0745556137137,0.0067776817708,-0.0325974259773,-0.153799643972,-0.034675214094
88.657,1789944725.59,0.159881618557,-0.0535881740389,0.00866331287313,-0.0229467643666,-0.127903023607,-0.0244548045878
88.677,1789944725.61,0.149659664033,-0.0325505400546,0.0104151861283,-0.00893930407338,-0.102071081414,-0.0126590265196
88.697,1789944725.63,0.139037634634,-0.0115086289283,0.0118019872692,0.000814077485289,-0.120601907687,-0.0251861789021
88.717,1789944725.65,0.127820765074,0.00949818708869,0.0134043472327,0.00941219957035,-0.102692515753,-0.0203283554355
88.737,1789944725.67,0.11620678341,0.0304435788196,0.0144569502658,0.0220836731142,-0.13522505459,-0.0351523940171
88.757,1789944725.69,0.103923831226,0.051276888837,0.0155538411048,0.0365356598824,-0.118216749962,-0.0253807447901
88.777,1789944725.71,0.0911006661125,0.0719270705502,0.0167863644813,0.0453476464228,-0.0881507895078,-0.0132388229755
88.797,1789944725.73,0.0779340775605,0.0923619562096,0.0176712875076,0.0552313540674,-0.104109134213,-0.0249131695793
88.817,1789944725.75,0.0642514395714,0.112543043907,0.0184706544879,0.0651354206688,-0.0901815934345,-0.0201525914076
88.837,1789944725.77,0.0502124608433,0.132429468384,0.0191152449549,0.0748624950666,-0.113326916739,-0.0337235192759
88.857,1789944725.79,0.0355940191948,0.151981294177,0.0195808229929,0.0851672082751,-0.0909472283913,-0.0237441409069
88.877,1789944725.81,0.0205620296541,0.171155109368,0.0198617907285,0.0953272642925,-0.0664701493709,-0.0120501588897
88.897,1789944725.83,0.00527375926572,0.189911773105,0.0201135894798,0.104890525282,-0.0797224724179,-0.022926953026
88.917,1789944725.85,-0.0104203198841,0.208209115088,0.0201155005188,0.114470262927,-0.0668518205131,-0.0180007800857
88.937,1789944725.87,-0.0263770519793,0.226012872577,0.0201255778464,0.123745587771,-0.0866634386625,-0.0307051216506
88.957,1789944725.89,-0.042789217014,0.243276737768,0.0197560123146,0.132718100868,-0.0654728467798,-0.0208853624791
88.977,1789944725.91,-0.0595037300447,0.259967445043,0.0191954454305,0.141224699467,-0.0422313403473,-0.00942024632832
88.997,1789944725.93,-0.0763772784387,0.276060370861,0.0188093048634,0.149545759206,-0.0526256580872,-0.0196696389534
89.017,1789944725.95,-0.0935320881783,0.291507598295,0.0180568634508,0.157349814618,-0.0397533948848,-0.0148191814463
89.037,1789944725.97,-0.110839925129,0.306293389792,0.0174762036677,0.165200412097,-0.0558293244108,-0.026862186179
89.057,1789944725.99,-0.128457076947,0.320364157201,0.0163619948047,0.1721370032,-0.0356554993709,-0.0173458540206
89.077,1789944726.01,-0.146245508956,0.333702544778,0.0150812281118,0.178547080452,-0.0139866156894,-0.00636218417946
89.097,1789944726.03,-0.164081622766,0.346301511822,0.0141715431171,0.185193097962,-0.0217005777335,-0.0161757667462
89.117,1789944726.05,-0.182055997851,0.358106776981,0.0128231063316,0.190959087169,-0.00915415090788,-0.0115352283729
89.137,1789944726.07,-0.200061261714,0.369123635569,0.0118039792822,0.197062125384,-0.0218038839957,-0.0231381071052
89.157,1789944726.09,-0.218213937647,0.379291801604,0.0101564313383,0.201773189586,-0.0031760253919,-0.014130612487
89.177,1789944726.11,-0.236396581004,0.38861111583,0.00838697006016,0.205888535505,0.0166455854566,-0.00366235675776
89.197,1789944726.13,-0.254508078383,0.39709206749,0.00715817885641,0.210554193719,0.0112969405522,-0.0132381579852
89.217,1789944726.15,-0.272605654465,0.404676468466,0.00546640334999,0.21403618954,0.0230858004131,-0.00900526274631
89.237,1789944726.17,-0.29060727847,0.411389534466,0.00423260821075,0.218062372477,0.0135829743037,-0.0203707164079
89.257,1789944726.19,-0.308588734187,0.417168768519,0.00233869433555,0.220320846336,0.0302907076124,-0.0119946163925
89.277,1789944726.21,-0.326456023594,0.422030611494,0.000384062565917,0.221931271635,0.0477522059012,-0.00224451097401
89.297,1789944726.23,-0.344132944528,0.426000278994,-0.000915897823796,0.224345232126,0.0445016122413,-0.0117308434211
89.317,1789944726.25,-0.361644146762,0.429021449578,-0.00266003636387,0.225340737258,0.0552826598872,-0.00793376481632
89.337,1789944726.27,-0.37893344857,0.431135169789,-0.00386230535972,0.227062048231,0.0486694230322,-0.0192090611761
89.357,1789944726.29,-0.396038504186,0.432283756795,-0.00569346222612,0.226735650159,0.063100459896,-0.0115258305668
89.377,1789944726.31,-0.412889703424,0.432497287015,-0.00752052234365,0.22573807051,0.0778241818867,-0.00253740387293
89.397,1789944726.33,-0.429434674207,0.431811170775,-0.00865020739918,0.225779452595,0.0763216806393,-0.0120598536684
89.417,1789944726.35,-0.445670415445,0.430178479914,-0.0101621497092,0.224237172442,0.0855911474571,-0.00884652481
89.437,1789944726.37,-0.461564853321,0.427649218149,-0.0111142479506,0.223592540056,0.0815327431298,-0.0201237105585
89.457,1789944726.39,-0.477124222208,0.424178642171,-0.0126057764126,0.220688570794,0.0933008293122,-0.0131284201041
89.477,1789944726.41,-0.492302203984,0.419806023561,-0.0140340998751,0.217120566039,0.10490470285,-0.00489359358791
89.497,1789944726.43,-0.507066745887,0.414573331116,-0.0148585044061,0.216648615919,0.106097552841,-0.0143427002912
89.517,1789944726.45,-0.521392433516,0.408440457891,-0.015867364237,0.210833840406,0.112290044278,-0.0118111286713
89.537,1789944726.47,-0.535266813283,0.40146838476,-0.0164666808952,0.209536779831,0.111606148985,-0.0229747420939
89.557,1789944726.49,-0.548662984714,0.393622926362,-0.017469657601,0.203811982737,0.116493850829,-0.0161805657813
89.577,1789944726.51,-0.561597246551,0.384951328489,-0.0181139913969,0.192916184144,0.124713967901,-0.00952580760138
89.597,1789944726.53,-0.574022358123,0.37551413175,-0.0185577388658,0.192703473314,0.128901576274,-0.0187789155164
89.617,1789944726.55,-0.585915173235,0.365282164819,-0.0188896782895,0.181255696164,0.131269533119,-0.0170655277964
89.637,1789944726.57,-0.597268459745,0.354332841339,-0.0191428851455,0.182105159197,0.135571746773,-0.0278201396612
89.657,1789944726.59,-0.608054751858,0.342638862222,-0.0194937224684,0.176079146406,0.141929078441,-0.0219248158304
89.677,1789944726.61,-0.618257324655,0.330234872862,-0.0196079001852,0.16642280158,0.144900355896,-0.0151110192764
89.697,1789944726.63,-0.627867571778,0.317166610812,-0.0195051296869,0.160919828973,0.147245728384,-0.024516781597
89.717,1789944726.65,-0.636864000568,0.303440630513,-0.0192565745959,0.147715558503,0.146177702402,-0.0231088948529
89.737,1789944726.67,-0.645251247534,0.289130658058,-0.0190900173814,0.145573237207,0.15122448967,-0.0336893816659
89.757,1789944726.69,-0.653008172383,0.274242646825,-0.018736772664,0.139361765491,0.151074764021,-0.0278868297116
89.777,1789944726.71,-0.660139928507,0.258777187559,-0.0182921487901,0.121434428981,0.153462303767,-0.0225534845496
89.797,1789944726.73,-0.666632018312,0.242840931555,-0.0177936814074,0.118201423019,0.15576130063,-0.0309509771517
89.817,1789944726.75,-0.672472943679,0.226424553848,-0.0171089671006,0.105298437198,0.153860895884,-0.0298696394666
89.837,1789944726.77,-0.677658487112,0.209597488929,-0.0166564498359,0.102841804754,0.158450115494,-0.0397950006314
89.857,1789944726.79,-0.682197765143,0.192362990556,-0.0157791823868,0.091642046554,0.158039841751,-0.0345307519189
89.877,1789944726.81,-0.686072556138,0.174758375698,-0.014857922579,0.0774046242767,0.155491573927,-0.0293777884897
89.897,1789944726.83,-0.689278364143,0.15685741132,-0.0142121034414,0.0743052002722,0.15722090247,-0.0373606806613
89.917,1789944726.85,-0.691839861737,0.138652641797,-0.0132407171955,0.058103089436,0.157231572957,-0.0366705637048
89.937,1789944726.87,-0.693718668805,0.120237703693,-0.0126065301065,0.0566443090163,0.160106334236,-0.0457050781508
89.957,1789944726.89,-0.694950159118,0.10160226782,-0.0113692800363,0.0442851173396,0.15585448331,-0.040620315878
89.977,1789944726.91,-0.695530832307,0.0827981644407,-0.0100469775049,0.0323760695001,0.150593986458,-0.0355398332167
89.997,1789944726.93,-0.695435679623,0.0638715648814,-0.00943414892677,0.0245659475532,0.152350333497,-0.0430534842978
90.017,1789944726.95,-0.694718571871,0.0448600690878,-0.00834704844823,0.0140124424279,0.148167859094,-0.04222612581
90.037,1789944726.97,-0.693345345735,0.0258069905075,-0.00783527870374,0.00663528807807,0.152296721754,-0.0506901115468
90.057,1789944726.99,-0.691368215579,0.00673839449696,-0.0064366664278,-0.00597982730102,0.14401568521,-0.0457257923544
90.077,1789944727.01,-0.688778728503,-0.0122920000586,-0.00504701066301,-0.0173239130732,0.133101167077,-0.0408355665834
90.097,1789944727.03,-0.685584304403,-0.0312364580295,-0.00456071728727,-0.0264165192635,0.137751482417,-0.0476711820995
90.117,1789944727.05,-0.681829077516,-0.0500608498077,-0.00350425566955,-0.0366027656646,0.131717904859,-0.0466318380779
90.137,1789944727.07,-0.677483203787,-0.0687158820432,-0.00321397358501,-0.0447222910181,0.139638514091,-0.0542772833732
90.157,1789944727.09,-0.672583189469,-0.0871828256532,-0.00187194071636,-0.055284497404,0.126300947658,-0.0494138854399
90.177,1789944727.11,-0.667147394534,-0.105411607477,-0.000522780064898,-0.0656566380433,0.111684179049,-0.0446297849769
90.197,1789944727.13,-0.661184562198,-0.123345172378,-0.000369413698366,-0.0734654054049,0.116758221412,-0.0506903942984
90.217,1789944727.15,-0.654754652798,-0.140974797898,0.000508496323211,-0.0826359400108,0.108622350771,-0.0494966164961
90.237,1789944727.17,-0.647825589587,-0.158237663703,0.00041516642353,-0.0897284909325,0.118252437678,-0.0562561268929
90.257,1789944727.19,-0.640437467575,-0.175143681019,0.00162095319549,-0.0993496902899,0.101400797179,-0.0515827599552
90.277,1789944727.21,-0.632617525255,-0.191632735282,0.002816623347,-0.108741602003,0.0832919296928,-0.0470215038367
90.297,1789944727.23,-0.624385355128,-0.207636560025,0.00257552985633,-0.115484309216,0.0894369178162,-0.0523171679143
90.317,1789944727.25,-0.615803654535,-0.223175854801,0.00320324762236,-0.123518617705,0.0795473122195,-0.0510344671112
90.337,1789944727.27,-0.606844917108,-0.238171360103,0.00269669754851,-0.129362388668,0.091286217566,-0.0568984165722
90.357,1789944727.29,-0.597540558159,-0.252666711463,0.00371113619125,-0.137668566798,0.0711531289614,-0.0525237144389
90.377,1789944727.31,-0.587931807838,-0.266590860434,0.00471246387103,-0.14564433002,0.0497488574964,-0.0482954781634
90.397,1789944727.33,-0.578054204929,-0.279865421645,0.00409124323524,-0.150862180036,0.0572747045763,-0.0528496241261
90.417,1789944727.35,-0.567961737573,-0.292544220466,0.00446715438253,-0.157293741679,0.0459451898409,-0.0515876686526
90.437,1789944727.37,-0.557638577624,-0.304533074324,0.00359616693916,-0.161454955526,0.0601519709623,-0.05658154901
90.457,1789944727.39,-0.547094778662,-0.315910642637,0.00443086022935,-0.168028516397,0.0370400951774,-0.0526642403668
90.477,1789944727.41,-0.536390614431,-0.326596593003,0.00526025529915,-0.174201273201,0.0126855659582,-0.0489408038131
90.497,1789944727.43,-0.525581921498,-0.336505925328,0.00434768188154,-0.177558433181,0.0219442999655,-0.0528016639566
90.517,1789944727.45,-0.514702633716,-0.345724469853,0.00454342363169,-0.182079316076,0.00941188373746,-0.0516588911486
90.537,1789944727.47,-0.50375503388,-0.354146893593,0.00342354234468,-0.184279352686,0.026486657311,-0.0558322487107
90.557,1789944727.49,-0.492716443993,-0.361883406806,0.00415107188621,-0.188847460457,0.000708149314561,-0.0525294618351
90.577,1789944727.51,-0.481670560084,-0.368847841481,0.00488871923631,-0.192959845056,-0.026230508215,-0.0494689640604
90.597,1789944727.53,-0.470696356182,-0.374953423781,0.00382330407368,-0.194236173224,-0.0147969145949,-0.0527030180656
90.617,1789944727.55,-0.459797964866,-0.380312856068,0.00395266227093,-0.196635041685,-0.0281709902211,-0.0518031582494
90.637,1789944727.57,-0.449000180063,-0.384815688342,0.00273716820145,-0.196699438435,-0.00774728461036,-0.055216351783
90.657,1789944727.59,-0.438238447363,-0.388596650601,0.00346735156384,-0.199080880381,-0.0358655559053,-0.0526656908946
90.677,1789944727.61,-0.42762281903,-0.391568745126,0.00423042852022,-0.200974226541,-0.0651390204332,-0.0503842417011
90.697,1789944727.63,-0.417256889455,-0.393648442021,0.00316844416674,-0.200059296272,-0.0510508237856,-0.0530496233962
90.717,1789944727.65,-0.407108072334,-0.394967806367,0.00335900648481,-0.200225621156,-0.0648314329794,-0.0524994893631
90.737,1789944727.67,-0.397225438091,-0.395418396231,0.00220356343761,-0.19810446155,-0.0405181088703,-0.0552028277698
90.757,1789944727.69,-0.38749653508,-0.395150350984,0.00305015091191,-0.198218459193,-0.0705450724478,-0.0535101159767
90.777,1789944727.71,-0.378058338235,-0.394081290713,0.00395108837026,-0.197833471827,-0.10174871901,-0.0521007987036
90.797,1789944727.73,-0.369038270113,-0.392135983829,0.00303105484109,-0.194755917026,-0.0845025941971,-0.0542282135584
90.817,1789944727.75,-0.360363207739,-0.389457053029,0.00339301166796,-0.192702229695,-0.0981888107413,-0.0540881056085
90.837,1789944727.77,-0.352105260907,-0.385945070045,0.00242393792602,-0.188502729883,-0.0695552909719,-0.056099186082
90.857,1789944727.79,-0.344102081796,-0.381756123535,0.00348603531779,-0.186395288155,-0.101273843494,-0.055294571602
90.877,1789944727.81,-0.336517073617,-0.376816983475,0.00461382231554,-0.183794145705,-0.134111426249,-0.0547798378036
90.897,1789944727.83,-0.329499305531,-0.37106489113,0.00392913301608,-0.178740257157,-0.11336767473,-0.0563559177045
90.917,1789944727.85,-0.322935489193,-0.364643254206,0.00452615287847,-0.174130914369,-0.12632251766,-0.0565498352837
90.937,1789944727.87,-0.316915895806,-0.357472531666,0.00382362981065,-0.168608590331,-0.0934248652984,-0.0579156561446
90.957,1789944727.89,-0.311230634161,-0.349703951569,0.00518307411851,-0.165354171288,-0.127409779147,-0.0580817028052
90.977,1789944727.91,-0.306072451995,-0.341265542564,0.00653992484774,-0.159451256347,-0.160397355091,-0.058260903035
90.997,1789944727.93,-0.30160098174,-0.332125669926,0.00616999496296,-0.153052741569,-0.137574169682,-0.0593248721781
91.017,1789944727.95,-0.297679556353,-0.322412909966,0.00694641096202,-0.147212672354,-0.145536171492,-0.0598696391002
91.037,1789944727.97,-0.294383253307,-0.312069897993,0.00657088429915,-0.139534180324,-0.111721987642,-0.0604660893739
91.057,1789944727.99,-0.291483169693,-0.301235940343,0.00815757831944,-0.135123123341,-0.145820875694,-0.0614035433862
91.077,1789944728.01,-0.289189333296,-0.289853316245,0.0097360558381,-0.127305856715,-0.177956809563,-0.062326274453
91.097,1789944728.03,-0.28766079463,-0.277908480826,0.00960439241991,-0.119268857572,-0.152749458652,-0.0626869426522
91.117,1789944728.05,-0.286732615464,-0.265517956428,0.010598160565,-0.110818275134,-0.162345130253,-0.0633170996683
91.137,1789944728.07,-0.286509577779,-0.252651963033,0.0103571643589,-0.103204293267,-0.121391830203,-0.0632573741624
91.157,1789944728.09,-0.286708077239,-0.239429160611,0.0122066972953,-0.0966985227422,-0.158191145365,-0.0647587222578
91.177,1789944728.11,-0.287564350356,-0.225810997697,0.0139083263168,-0.0887452889636,-0.189682201452,-0.0663014232395
91.197,1789944728.13,-0.289239104312,-0.211795691477,0.013849126695,-0.0807245079776,-0.159911183753,-0.0659638971871
91.217,1789944728.15,-0.291544467089,-0.197480874432,0.0149337253826,-0.0714691395582,-0.165014415126,-0.0667237112999
91.237,1789944728.17,-0.29456091822,-0.182853772397,0.0147054751369,-0.0628344170219,-0.121034197032,-0.0657950536242
91.257,1789944728.19,-0.297995069072,-0.168016790399,0.016714212438,-0.0546590648245,-0.158359745175,-0.0677878379084
91.277,1789944728.21,-0.302082118429,-0.152949663027,0.0185097225967,-0.044528683365,-0.192739709695,-0.0696273039384
91.297,1789944728.23,-0.307002178576,-0.137674003947,0.0183257021047,-0.0368759837955,-0.15795603356,-0.0686068765694
91.317,1789944728.25,-0.312539297074,-0.122264862948,0.0193425777443,-0.0274206200271,-0.163324365853,-0.0693068265567
91.337,1789944728.27,-0.31878156243,-0.106729289038,0.0189167590367,-0.02015457104,-0.113558699001,-0.0675537899004
91.357,1789944728.29,-0.325409754,-0.0911343867537,0.0209455117499,-0.0110763842793,-0.152550783885,-0.0699180832955
91.377,1789944728.31,-0.332671732793,-0.0754860301323,0.0227358228127,-0.001950662886,-0.185255965412,-0.0719742237651
91.397,1789944728.33,-0.3407204591,-0.0598082311534,0.0222307286869,0.00618223925178,-0.147890680351,-0.0701327277905
91.417,1789944728.35,-0.349351862637,-0.044160297991,0.0230984935471,0.0149539589845,-0.151253465186,-0.0706331602362
91.437,1789944728.37,-0.358624105378,-0.0285616954657,0.0222109958609,0.022443582995,-0.0976683580565,-0.0681010577918
91.457,1789944728.39,-0.368231315352,-0.013052369066,0.0241933907268,0.0319827412585,-0.13802172386,-0.0706909405989
91.477,1789944728.41,-0.37841043736,0.00233938949711,0.0258882417517,0.0414585666289,-0.171960349329,-0.0728641896764
91.497,1789944728.43,-0.389301560769,0.0175699970899,0.0248583927733,0.048634635962,-0.130813398002,-0.0702733465464
91.517,1789944728.45,-0.400714989752,0.032615602992,0.0254323027643,0.0568974898337,-0.133123885708,-0.0705808286766
91.537,1789944728.47,-0.412676140575,0.0474311310981,0.023907557195,0.0629512171025,-0.074744936615,-0.067315474289
91.557,1789944728.49,-0.424905069361,0.0620254509289,0.0258012629768,0.0722848182599,-0.116483811643,-0.070074249795
91.577,1789944728.51,-0.437614796932,0.0763420752708,0.0273600437092,0.0813961250272,-0.151674314546,-0.0723358417363
91.597,1789944728.53,-0.45091921679,0.0903152252095,0.0256349229595,0.0870604539731,-0.106804417653,-0.0690689137692
91.617,1789944728.55,-0.464666011938,0.103968664994,0.0258263939909,0.0943734516621,-0.107930353147,-0.0691837500532
91.637,1789944728.57,-0.478828091126,0.117225106515,0.0235079108241,0.0986079697089,-0.0450469955358,-0.065294120996
91.657,1789944728.59,-0.493182474845,0.130156215009,0.0253152515984,0.107429249384,-0.0882920602533,-0.068198033154
91.677,1789944728.61,-0.507898783233,0.142669744607,0.0267255616644,0.115862693024,-0.124544559658,-0.0705241530948
91.697,1789944728.63,-0.523047973215,0.154673168172,0.0242065912891,0.119722497941,-0.0766626372809,-0.0667254545844
91.717,1789944728.65,-0.538546755306,0.166250482138,0.0240345758744,0.125831544483,-0.0778704435763,-0.0667736507551
91.737,1789944728.67,-0.5542961427,0.177283498724,0.0208401631562,0.127972677595,-0.0112286945196,-0.0624224175535
91.757,1789944728.69,-0.570170093063,0.187921034611,0.0226557633609,0.136014371082,-0.0568653920897,-0.0655543827969
91.777,1789944728.71,-0.586273092886,0.198026550939,0.023988484132,0.143471146761,-0.094477947463,-0.0680180976548
91.797,1789944728.73,-0.602616286031,0.20747708123,0.0206286005602,0.145250794284,-0.0436449029458,-0.063837534524
91.817,1789944728.75,-0.619219324512,0.216428288817,0.0201293163885,0.149872262178,-0.044664770232,-0.0639092524475
91.837,1789944728.77,-0.63588138729,0.224714216016,0.0160227895202,0.149682266766,0.0258606550332,-0.0592414165029
91.857,1789944728.79,-0.652614773706,0.232571833746,0.017956765009,0.15666997888,-0.0219365544235,-0.0626681354786
91.877,1789944728.81,-0.669431032435,0.239815582495,0.01937569247,0.162964222893,-0.0619519585997,-0.0654308336873
91.897,1789944728.83,-0.686262734761,0.24628758643,0.0152005801078,0.162508511152,-0.0086241325357,-0.0610337521291
91.917,1789944728.85,-0.703273062028,0.252223420177,0.0144825292487,0.16548380559,-0.00996278119931,-0.0612603514747
91.937,1789944728.87,-0.720130355359,0.257405561734,0.00951021591658,0.162867476305,0.0639261091313,-0.0564330146046
91.957,1789944728.89,-0.737032447128,0.262163844274,0.0117541614764,0.168669630475,0.0132152840763,-0.0603009935097
91.977,1789944728.91,-0.75387022415,0.266260599278,0.0134346800818,0.173675300364,-0.0296005494379,-0.0634958306992
91.997,1789944728.93,-0.770476872901,0.269503504055,0.00851713216545,0.170912886962,0.0260192778886,-0.0590171645326
92.017,1789944728.95,-0.787198816789,0.272208855692,0.00770523572555,0.172140425986,0.0244165526295,-0.0595008036799
92.037,1789944728.97,-0.802842357468,0.2736230284,-0.014127663111,0.149257693502,0.398259995458,-0.060166528937
92.057,1789944728.99,-0.815406886862,0.273646283969,-0.0633199648143,0.0966441704272,1.2852663259,-0.077786421073
92.077,1789944729.01,-0.824775675722,0.274518401669,-0.0720211649621,0.0906334052679,1.37179767249,-0.0705402844484
92.097,1789944729.03,-0.828762555041,0.275147884632,-0.0776508710072,0.0920391689366,1.33083508687,-0.0605058793727
92.117,1789944729.05,-0.827575935969,0.27556563799,-0.0789818681029,0.103426823799,1.11450273593,-0.0460953135332
92.137,1789944729.07,-0.822895344991,0.275594268284,-0.0712141962666,-0.00301718437233,0.947497631194,-0.0407613206145
92.157,1789944729.09,-0.816136587791,0.275725251334,-0.0467642072374,-0.347922964177,0.93252430195,-0.053596406782
92.177,1789944729.11,-0.803564324301,0.277172308286,-0.0443898827886,-0.365777041411,0.759474318807,-0.0379018238661
92.197,1789944729.13,-0.78821670878,0.279996070487,-0.0399968882465,-0.451798607435,0.615002580856,-0.00353137986336
92.217,1789944729.15,-0.770358939967,0.284697410516,-0.0369607139649,-0.458596679908,0.480060178151,0.0334699798602
92.237,1789944729.17,-0.750547798607,0.291312124357,-0.0356654093434,-0.354069367683,0.380280668892,0.0519999880832
92.257,1789944729.19,-0.729450245787,0.299276745697,-0.0325391526624,-0.296150420098,0.313477197935,0.0775488380483
92.277,1789944729.21,-0.707095690998,0.308442294464,-0.0304876739514,-0.174800917496,0.272624532645,0.0868723540431
92.297,1789944729.23,-0.683942159753,0.318139067119,-0.0252718698128,-0.182688920089,0.254657425945,0.113150183388
92.317,1789944729.25,-0.659817615626,0.328535375337,-0.0199193401624,-0.195088766297,0.248234804623,0.134479896974
92.337,1789944729.27,-0.634581352635,0.339723475678,-0.0167112626444,-0.1293592286,0.242813625965,0.133799959631
92.357,1789944729.29,-0.608518542475,0.351361377475,-0.0117356342622,-0.123567315659,0.240577233323,0.143223668764
92.377,1789944729.31,-0.58140579878,0.36350511045,-0.00842391332931,-0.0527463299654,0.232950642554,0.136625405589
92.397,1789944729.33,-0.553582254731,0.375756095398,-0.00179041106015,-0.0988474881542,0.228636846912,0.153569644948
92.417,1789944729.35,-0.52484118039,0.388400439939,0.00481143912368,-0.141402741042,0.216523358798,0.167426365309
92.437,1789944729.37,-0.49510247897,0.401631466501,0.00857082834548,-0.0893970453737,0.204098635549,0.159546690299
92.457,1789944729.39,-0.464645907374,0.415200832652,0.0137882334196,-0.0828624021949,0.189215364297,0.162518590994
92.477,1789944729.41,-0.433353547011,0.429100593944,0.0169055313803,-0.0179553268191,0.170437538681,0.150926336729
92.497,1789944729.43,-0.401587425419,0.443054573818,0.024124075263,-0.064208219093,0.157045807871,0.167389998042
92.517,1789944729.45,-0.369158328708,0.457242454374,0.0302282493626,-0.104519823994,0.142268264189,0.178227010035
92.537,1789944729.47,-0.336048936261,0.471885091176,0.0331537648253,-0.0388472478907,0.117430087645,0.166660531818
92.557,1789944729.49,-0.30257650177,0.486688030691,0.0377376870905,-0.0349529227345,0.103906703469,0.167196032072
92.577,1789944729.51,-0.268632831259,0.501625731363,0.039882933198,0.0292782200328,0.0820246251035,0.152423266603
92.597,1789944729.53,-0.234510326096,0.516478665594,0.0459582599516,-0.0152405567875,0.071039927927,0.167986102084
92.617,1789944729.55,-0.200092041526,0.531411154816,0.0508773107493,-0.0426290644306,0.0577967800379,0.177885652873
92.637,1789944729.57,-0.165387524595,0.546470978165,0.0520474352654,0.0024876064235,0.0364245069835,0.163733615188
92.657,1789944729.59,-0.130614068883,0.561586545066,0.0547503792475,0.0101861794623,0.0193234361712,0.163023482496
92.677,1789944729.61,-0.0957599788815,0.576633319511,0.0546651908506,0.070546748502,-0.00357478154141,0.14557494097
92.697,1789944729.63,-0.0610192390721,0.591517174655,0.0590253708754,0.025936817777,-0.0140797026336,0.161800344593
92.717,1789944729.65,-0.0263538200158,0.606313918692,0.0619838694748,-0.00214294083729,-0.0265340069877,0.171845919877
92.737,1789944729.67,0.00818392432815,0.621033937539,0.0606149603634,0.0419311530316,-0.048253741271,0.155861037381
92.757,1789944729.69,0.042462588158,0.635694596456,0.0609899509828,0.0486755237594,-0.0647934436536,0.154623610111
92.777,1789944729.71,0.0764214018846,0.650104186245,0.058189174785,0.108010005906,-0.0879301186635,0.13522708321
92.797,1789944729.73,0.10999536602,0.664286799869,0.06043731821,0.0624304368245,-0.0968459033345,0.152490750362
92.817,1789944729.75,0.143124863858,0.678231724184,0.0611565148276,0.032979546816,-0.107942946808,0.16326387743
92.837,1789944729.77,0.175707562379,0.691909583885,0.0570628689531,0.0759030026028,-0.129474703266,0.14603116068
92.857,1789944729.79,0.207726783938,0.705436049702,0.0550115593101,0.081498314258,-0.145099049362,0.144693844774
92.877,1789944729.81,0.23903487473,0.71854911653,0.049519670693,0.139926297057,-0.168030507043,0.123923639751
92.897,1789944729.83,0.269724009215,0.731395497382,0.0497394438794,0.0928302203644,-0.175023558531,0.142499045237
92.917,1789944729.85,0.299620849386,0.743876716153,0.048393169627,0.0619139079872,-0.184371099228,0.154192465151
92.937,1789944729.87,0.328570420208,0.755924714257,0.0418875692625,0.103986452983,-0.205127964879,0.136134104094
92.957,1789944729.89,0.356690249051,0.767753814329,0.0377914465679,0.108494094755,-0.2192459001,0.134973477552
92.977,1789944729.91,0.383740452308,0.779032088019,0.0301091764394,0.166368918949,-0.241239433677,0.113248956525
92.997,1789944729.93,0.409984149073,0.790024261133,0.0288183519321,0.117438135699,-0.24569156488,0.133218463127
93.017,1789944729.95,0.435129897616,0.800547760562,0.0260051901928,0.0849760982448,-0.252625151901,0.145880026925
93.037,1789944729.97,0.458974854189,0.810500020525,0.0178209243783,0.126432369148,-0.271768478849,0.127297067833
93.057,1789944729.99,0.481776921951,0.82018773859,0.0124493753585,0.129817091389,-0.283579351578,0.126472716532
93.077,1789944730.01,0.503208683608,0.829214362655,0.00344455247617,0.187402562442,-0.303725000174,0.104093019108
93.097,1789944730.03,0.523699808368,0.837949891795,0.00147794457249,0.136388962429,-0.304905181818,0.125366399886
93.117,1789944730.05,0.542850004344,0.846137659217,-0.00190244636059,0.102182980086,-0.308641009353,0.138949087058
93.137,1789944730.07,0.560419022604,0.853646997939,-0.0107592580991,0.14318073754,-0.325229475912,0.120026744909
93.157,1789944730.09,0.576795833909,0.860864071279,-0.016411920904,0.145468402859,-0.33387832723,0.119536664101
93.177,1789944730.11,0.591580918352,0.867338041049,-0.0256690445459,0.202929872826,-0.351198547585,0.096703148606
93.197,1789944730.13,0.605346651963,0.87352297154,-0.0273302297783,0.149717101437,-0.348388662565,0.119024485067
93.217,1789944730.15,0.617607435638,0.879104491099,-0.0302537590261,0.113480105476,-0.348142205982,0.133410155756
93.237,1789944730.17,0.628100177712,0.883931848013,-0.0386844468028,0.153979178457,-0.361236143675,0.114290088132
93.257,1789944730.19,0.637320871504,0.888452457114,-0.0435757601382,0.155043292652,-0.365920714714,0.114089401253
93.277,1789944730.21,0.644822918831,0.892176648786,-0.0519969823571,0.212255554002,-0.379495271211,0.0910151335152
93.297,1789944730.23,0.651280373401,0.895615174447,-0.0524061626137,0.156686809572,-0.372131574776,0.114097163932
93.317,1789944730.25,0.656155335442,0.898415619217,-0.0539544208166,0.11856435422,-0.367392264172,0.128953245335
93.337,1789944730.27,0.659182990797,0.900419112125,-0.0609731641677,0.158482931945,-0.376274941965,0.109744350471
93.357,1789944730.29,0.660928522056,0.902109785815,-0.0642138903747,0.158200819132,-0.376468170981,0.109769176692
93.377,1789944730.31,0.660917059381,0.902973639297,-0.0709994104293,0.217546208292,-0.382705676314,0.0863135696149
93.397,1789944730.33,0.659897541261,0.90354313326,-0.0695105116896,0.161316835616,-0.368576176143,0.10961493285
93.417,1789944730.35,0.657329317061,0.903423013345,-0.0692521961811,0.12041656254,-0.365055147064,0.123556623168
93.437,1789944730.37,0.652967761233,0.902529953196,-0.0738464100191,0.157575414866,-0.367093999942,0.105891999223
93.457,1789944730.39,0.647351557452,0.901265064984,-0.0752058900705,0.157998534257,-0.366999694852,0.104335086419
93.477,1789944730.41,0.640099570417,0.899218618328,-0.0792765243663,0.212071956257,-0.374989709031,0.0840579955655
93.497,1789944730.43,0.631846017776,0.896873486532,-0.0752740796693,0.161016738457,-0.356807707244,0.107050050645
93.517,1789944730.45,0.62209703703,0.893783705384,-0.0724360308357,0.1034304284,-0.344011924786,0.122506226502
93.537,1789944730.47,0.610633317931,0.889944515034,-0.0749580789098,0.141621253149,-0.338228195999,0.103746823447
93.557,1789944730.49,0.598033811431,0.88578307097,-0.074154696965,0.145311964324,-0.32994388933,0.100868364947
93.577,1789944730.51,0.583984369835,0.880885072162,-0.0757540313858,0.195441949551,-0.328541948232,0.0806667338906
93.597,1789944730.53,0.569065053101,0.875653362225,-0.0700154565088,0.145944027214,-0.31803394103,0.104211502853
93.617,1789944730.55,0.552791608163,0.869741405233,-0.0653228058429,0.0996856541888,-0.292918517576,0.116018284769
93.637,1789944730.57,0.535110374194,0.863117845419,-0.0652604609851,0.132205155633,-0.288163648252,0.0994737634126
93.657,1789944730.59,0.516438146388,0.856129336292,-0.0624221176644,0.135015093223,-0.276722659494,0.0967036484375
93.677,1789944730.61,0.49655358222,0.848420163819,-0.0620115881961,0.1831584834,-0.273275402795,0.0771232636185
93.697,1789944730.63,0.475932583482,0.840343108865,-0.0543324901781,0.119352719311,-0.250872981258,0.100795640599
93.717,1789944730.65,0.454229183892,0.831639458588,-0.0484704243202,0.0841839397701,-0.233443041226,0.111999505971
93.737,1789944730.67,0.431412176289,0.822296656574,-0.0468407873106,0.117034108677,-0.227008431126,0.0957213396858
93.757,1789944730.69,0.407812284737,0.8125893184,-0.0427076662782,0.121292213979,-0.214880957181,0.0929741027507
93.777,1789944730.71,0.383274212185,0.802196424196,-0.0409905954252,0.168871936086,-0.208988376638,0.073846063116
93.797,1789944730.73,0.358152079424,0.791384038205,-0.0325694707519,0.104178083194,-0.18469050684,0.0970120460711
93.817,1789944730.75,0.332233587055,0.77998250289,-0.0260074955608,0.067805613591,-0.16515096365,0.107953169257
93.837,1789944730.77,0.305533816948,0.768010408785,-0.023580124747,0.0996605679865,-0.156456531382,0.0919609200418
93.857,1789944730.79,0.278295893705,0.755679106178,-0.0189719572377,0.103153719889,-0.142575062189,0.0892314483748
93.877,1789944730.81,0.250446071911,0.742725333537,-0.0167605573164,0.149863309472,-0.134954465839,0.0706263001568
93.897,1789944730.83,0.222204839162,0.729312258186,-0.00854551070101,0.0850368559956,-0.109924081783,0.0932048273099
93.917,1789944730.85,0.193497469326,0.715372822939,-0.00221671266595,0.04871590506,-0.089771852496,0.103761499166
93.937,1789944730.87,0.164380023447,0.700957486279,0.000180360368245,0.0800320513159,-0.0802107698744,0.0881789143556
93.957,1789944730.89,0.13500009792,0.686202083042,0.00441889670165,0.0830197571276,-0.0658274587763,0.0856453570544
93.977,1789944730.91,0.105359590065,0.670906441682,0.00631629756976,0.129134528216,-0.0576344954531,0.0675963814843
93.997,1789944730.93,0.0755497827558,0.655123008176,0.0134493592195,0.0645482917606,-0.0327646041866,0.0896963241598
94.017,1789944730.95,0.0456224799004,0.638895246998,0.0187423917392,0.0282085288057,-0.0127352752426,0.10005481371
94.037,1789944730.97,0.0156660359213,0.622305734554,0.0203760919838,0.0591235382967,-0.00308099236406,0.08482064572
94.057,1789944730.99,-0.0142611310285,0.60541118673,0.0235147606376,0.0619179226181,0.0111122186657,0.0823893608069
94.077,1789944731.01,-0.0440928160159,0.588077095641,0.0244607185831,0.107389937388,0.0192152617092,0.0648288733115
94.097,1789944731.03,-0.0738483465512,0.570244368549,0.029840683908,0.0432476007439,0.0434554255748,0.086519106042
94.117,1789944731.05,-0.103373058303,0.552066619962,0.0334996659394,0.00707214999112,0.0628610123846,0.0966663205347
94.137,1789944731.07,-0.132556782386,0.533657426387,0.0338886740663,0.0374160886385,0.072035852182,0.081706537109
94.157,1789944731.09,-0.161415273668,0.514996094216,0.0354819218208,0.0398594617923,0.0855241353568,0.0793630751234
94.177,1789944731.11,-0.189836111869,0.496012381161,0.0351176497474,0.0844782296652,0.0929385600562,0.0621595725777
94.197,1789944731.13,-0.217920420929,0.476543826601,0.0383848053193,0.0208338054768,0.11617070533,0.0835385201383
94.217,1789944731.15,-0.245443923889,0.45684651064,0.0401336856585,-0.0151580653923,0.134517117518,0.0934971222547
94.237,1789944731.17,-0.27228730371,0.437061477127,0.0391067136925,0.0144898445878,0.142634101529,0.0786620661535
94.257,1789944731.19,-0.298519392467,0.417097600707,0.0390291574418,0.0165338633581,0.15489312825,0.0763215087195
94.277,1789944731.21,-0.324003736891,0.396942784561,0.0373157496916,0.0601515622422,0.160995246614,0.0592708916678
94.297,1789944731.23,-0.348889450722,0.376345856642,0.0384530255256,-0.00292148935458,0.182847030443,0.0804414755643
94.317,1789944731.25,-0.372920617328,0.355650479279,0.0383530752541,-0.0387451995654,0.19969438356,0.0902393167881
94.337,1789944731.27,-0.395981553846,0.335019892534,0.0360574327393,-0.0098916430603,0.206135294476,0.0753279805987
94.357,1789944731.29,-0.418170558693,0.314304033374,0.0345033970093,-0.00824393338108,0.216596034194,0.0728640617528
94.377,1789944731.31,-0.439350471975,0.293538811465,0.0317078639524,0.0341775405195,0.220719417635,0.0557466216318
94.397,1789944731.33,-0.459684419298,0.272405037935,0.0310147703471,-0.0281959806403,0.240763155565,0.076805049962
94.417,1789944731.35,-0.478921931581,0.251313513074,0.0294195587247,-0.0635552155192,0.255571563915,0.0863628141546
94.437,1789944731.37,-0.496963276999,0.230441346124,0.0262750104546,-0.0356345141871,0.259672861495,0.0711887419566
94.457,1789944731.39,-0.513913290987,0.209595049921,0.0237052771296,-0.0345027509393,0.267734692883,0.0685315968982
94.477,1789944731.41,-0.52965455948,0.188846947282,0.0203259486394,0.00677033989824,0.269128713655,0.0510386523282
94.497,1789944731.43,-0.544336161752,0.16783260424,0.0183418711837,-0.054607882046,0.286859687083,0.0720494614456
94.517,1789944731.45,-0.557745123476,0.147004886078,0.0158331325583,-0.0897989443721,0.299143777475,0.0815518142565
94.537,1789944731.47,-0.569804883341,0.126550058964,0.0124334291842,-0.0628486119757,0.300210590503,0.0659318737978
94.557,1789944731.49,-0.580609135241,0.106247834275,0.0094656876335,-0.0621113894861,0.305231839704,0.0629815936042
94.577,1789944731.51,-0.590076466646,0.0861927451827,0.0061335753819,-0.022064346368,0.303196346919,0.0449489253664
94.597,1789944731.53,-0.598322287717,0.0660001861949,0.00352955538278,-0.0821728924909,0.318116673355,0.0660658881651
94.617,1789944731.55,-0.605192078252,0.0461402649339,0.000769872443267,-0.116684375623,0.327301247395,0.0754859245738
94.637,1789944731.57,-0.610638083366,0.0267992998232,-0.0022391947435,-0.0905534259877,0.324701934015,0.0592942075461
94.657,1789944731.59,-0.614731450746,0.00774705901817,-0.00495197612436,-0.0899403992458,0.326121326692,0.0560072738202
94.677,1789944731.61,-0.617435883946,-0.0109141136029,-0.00761027643069,-0.0510839157231,0.320089913145,0.0373414180202
94.697,1789944731.63,-0.618825382832,-0.0295660669106,-0.0101670341973,-0.109644139957,0.33181344318,0.0587723781402
94.717,1789944731.65,-0.618809615923,-0.0477530966666,-0.012307388303,-0.147330550395,0.327989881075,0.067533642034
94.737,1789944731.67,-0.617404678552,-0.0652569126172,-0.0147122935056,-0.11972241015,0.331224382592,0.0522393930475
94.757,1789944731.69,-0.614626957825,-0.0823560001109,-0.0165081264627,-0.132398357479,0.322637259841,0.0459768495428
94.777,1789944731.71,-0.610525870012,-0.0988066045197,-0.0180851741068,-0.0725316514699,0.324878449581,0.0295816327757
94.797,1789944731.73,-0.605048656294,-0.115163216121,-0.020103572655,-0.136570863258,0.330086152728,0.0525031660308
94.817,1789944731.75,-0.598213076419,-0.130888013028,-0.0215429640165,-0.159870924487,0.330839277387,0.0589058818382
94.837,1789944731.77,-0.590015893511,-0.145892173995,-0.0223052062074,-0.14078302216,0.319728302488,0.0440285945387
94.857,1789944731.79,-0.580495212967,-0.160324766649,-0.0229424379291,-0.13425902819,0.311168000517,0.0375894494121
94.877,1789944731.81,-0.569699532607,-0.174154635511,-0.0230550123407,-0.104433322796,0.297295520285,0.0205688617375
94.897,1789944731.83,-0.557647247355,-0.187662003974,-0.0241339657625,-0.161188180243,0.302431392734,0.0441047821623
94.917,1789944731.85,-0.544362806201,-0.200426340785,-0.024434812362,-0.185867585873,0.299325239154,0.0508230698242
94.937,1789944731.87,-0.529867981197,-0.212338782563,-0.0237881159771,-0.165801823662,0.285600425694,0.035860181778
94.957,1789944731.89,-0.514188993787,-0.223545539865,-0.0231467872671,-0.158161938851,0.274197547476,0.0295821976038
94.977,1789944731.91,-0.497396536632,-0.234028294118,-0.0218743582127,-0.12752174773,0.257306133345,0.0124087601457
94.997,1789944731.93,-0.479507038996,-0.244043824999,-0.0220072041052,-0.180412247165,0.260081133808,0.0369387053802
95.017,1789944731.95,-0.460566999416,-0.253218675218,-0.0212335630902,-0.202614848789,0.254300351766,0.0442927794053
95.037,1789944731.97,-0.440607683207,-0.26145581072,-0.0193496819221,-0.181844043608,0.237479583699,0.0293771929716
95.057,1789944731.99,-0.41966168172,-0.268888423954,-0.0176209521837,-0.173088598299,0.223117372148,0.0233375547883
95.077,1789944732.01,-0.397813673714,-0.275513229599,-0.0152391874704,-0.142367769425,0.203193659773,0.00619404829749
95.097,1789944732.03,-0.375100451378,-0.281563079411,-0.0146116500278,-0.192036267623,0.203764869206,0.0318373444784
95.117,1789944732.05,-0.351566783273,-0.286704579532,-0.0130452091271,-0.212129620757,0.195676521304,0.0399046939224
95.137,1789944732.07,-0.327255416727,-0.290844546807,-0.0104361289543,-0.18942586342,0.181204611559,0.0255982364472
95.157,1789944732.09,-0.302184295703,-0.294129042057,-0.00790674668312,-0.181084610651,0.159823801553,0.0195392795925
95.177,1789944732.11,-0.276471341335,-0.296545079559,-0.00488073003659,-0.150233840298,0.137218431786,0.00250880159003
95.197,1789944732.13,-0.250187976914,-0.298316736137,-0.00383979493973,-0.19669090491,0.135627231398,0.0291919996248
95.217,1789944732.15,-0.223359619399,-0.2991403626,-0.00192190592108,-0.214516284897,0.126129136109,0.0380385313078
95.237,1789944732.17,-0.196025992193,-0.298939152232,0.00110403846048,-0.192555810278,0.10547683752,0.0236819040013
95.257,1789944732.19,-0.168260569998,-0.297832389114,0.00367473274427,-0.181458463379,0.0879221380433,0.0184992821079
95.277,1789944732.21,-0.140144851069,-0.295840946936,0.00675897034628,-0.149910105257,0.0648171035637,0.00171172180654
95.297,1789944732.23,-0.111793065122,-0.293183706621,0.00775960190942,-0.192692879255,0.0635880083978,0.0294248765057
95.317,1789944732.25,-0.0831870782106,-0.28957771087,0.00952833910267,-0.208199048363,0.0535926431677,0.0389967380902
95.337,1789944732.27,-0.054366968306,-0.284954919493,0.0122856471738,-0.185413094057,0.0321235481854,0.0249368859608
95.357,1789944732.29,-0.025408389161,-0.279455077733,0.0148277494003,-0.176442522428,-0.000602053180382,0.0190864873461
95.377,1789944732.31,0.00348967939639,-0.273046317963,0.0170818727301,-0.140833203945,-0.0100228414824,0.00348540833772
95.397,1789944732.33,0.0322910620896,-0.266017565291,0.0176363808127,-0.18008606263,-0.00988085030235,0.0320319176408
95.417,1789944732.35,0.0610415995204,-0.258078541723,0.0187997154877,-0.192887474908,-0.0177218335587,0.0422115792555
95.437,1789944732.37,0.0897181993156,-0.24917663344,0.0208319310623,-0.170478865593,-0.0395798526255,0.0293045177999
95.457,1789944732.39,0.11821369684,-0.239456648208,0.022331732903,-0.16727414401,-0.070259732703,0.0226057643461
95.477,1789944732.41,0.146356452687,-0.228851270981,0.023905898508,-0.123987975122,-0.0827856432808,0.00802571130751
95.497,1789944732.43,0.174058943767,-0.21767884464,0.0234252154534,-0.147559776246,-0.0847446684216,0.0371549350259
95.517,1789944732.45,0.201407403884,-0.205794977018,0.0244262146327,-0.175770444736,-0.0900475119126,0.0452074635371
95.537,1789944732.47,0.228359748146,-0.19293769885,0.0248767150008,-0.138764428991,-0.113216583139,0.0328254168803
95.557,1789944732.49,0.254796634679,-0.17941664885,0.0254723231705,-0.126445824615,-0.131410932031,0.0254904998339
95.577,1789944732.51,0.280644011129,-0.165214747347,0.0258800296405,-0.0975765561403,-0.153365025439,0.0119001697636
95.597,1789944732.53,0.305723252981,-0.150590187886,0.0249202994192,-0.134340528093,-0.152568023212,0.0421413025694
95.617,1789944732.55,0.330154746151,-0.135229489075,0.0243495280489,-0.138656548382,-0.162926286829,0.0486764833147
95.637,1789944732.57,0.35387310045,-0.119120112814,0.0240448317341,-0.1095642219,-0.176645835653,0.0365212816762
95.657,1789944732.59,0.376807228447,-0.10245722724,0.0233659305351,-0.0950506199554,-0.199326740319,0.0291025226351
95.677,1789944732.61,0.398850040354,-0.0852515370269,0.0224926740066,-0.0599434273273,-0.220398681583,0.0147597014058
95.697,1789944732.63,0.419850419889,-0.0678258498506,0.0209758374882,-0.0996117485325,-0.217099700688,0.0452819749587
95.717,1789944732.65,0.439918176304,-0.0498111381721,0.0195159624161,-0.102434380468,-0.224967920833,0.0514797611407
95.737,1789944732.67,0.459013623161,-0.0312249856641,0.0181814810726,-0.0794993109098,-0.241163741063,0.0396196561722
95.757,1789944732.69,0.477034221612,-0.0122108083432,0.0165601624002,-0.0568438764706,-0.25616077199,0.0310539436182
95.777,1789944732.71,0.493931792029,0.00714574527282,0.0148797634144,-0.0256408079894,-0.273207139719,0.0165510219281
95.797,1789944732.73,0.50957387106,0.0265725082152,0.0128193835739,-0.0557508810424,-0.267434851606,0.0459485858099
95.817,1789944732.75,0.52406755358,0.0463739585655,0.0107546817007,-0.0561754091879,-0.272814463849,0.0515398568442
95.837,1789944732.77,0.537381647096,0.0665318806736,0.00869288979583,-0.031493850311,-0.286725997688,0.0389435956182
95.857,1789944732.79,0.54943364273,0.0868893499959,0.0064717736097,-0.00818350532482,-0.299320718157,0.029664486108
95.877,1789944732.81,0.560183224975,0.107360007478,0.0042085839294,0.023107796396,-0.313804604282,0.0145087702856
95.897,1789944732.83,0.569541436398,0.127675870234,0.00213800915828,-0.00575890972315,-0.305506862991,0.0430764552318
95.917,1789944732.85,0.577583809684,0.148129062658,-0.000119317933287,-0.00545339432688,-0.308114186467,0.0478233729281
95.937,1789944732.87,0.584295540632,0.168697580491,-0.00248502948803,0.0192907425631,-0.318911256231,0.0345796322992
95.957,1789944732.89,0.589622926311,0.189225491292,-0.00487193919857,0.0427110739801,-0.328151242029,0.0246594635638
95.977,1789944732.91,0.593535360173,0.209624921638,-0.00727390899208,0.0739817302249,-0.339115240046,0.00887342611983
95.997,1789944732.93,0.595995034893,0.229643584178,-0.00892454760107,0.0462245473152,-0.327662885364,0.0365692834242
96.017,1789944732.95,0.597042957343,0.249546726877,-0.0109289898918,0.0471942034005,-0.326818162096,0.0404875526839
96.037,1789944732.97,0.596683926735,0.269310836717,-0.013144337712,0.0720891936641,-0.333874207089,0.0265377438451
96.057,1789944732.99,0.594896912625,0.28878591407,-0.0152457224494,0.0955882715208,-0.339235551055,0.0159287269293
96.077,1789944733.01,0.591661516199,0.307880845444,-0.0173410554154,0.126700943647,-0.346196438713,-0.000498359467224
96.097,1789944733.03,0.586988788516,0.326369059662,-0.0181883989968,0.0996848706737,-0.331501585374,0.0262646367045
96.117,1789944733.05,0.580890604939,0.344478062719,-0.0195401036976,0.100657034884,-0.326894780952,0.0295490586327
96.137,1789944733.07,0.573391779605,0.362187343052,-0.0212029217186,0.124979047654,-0.329794870218,0.0151707837405
96.157,1789944733.09,0.564503445804,0.379360490737,-0.0226397615132,0.147750698386,-0.330915986438,0.00419878242567
96.177,1789944733.11,0.554216812222,0.395905020718,-0.0240697333675,0.178007276197,-0.33355956194,-0.0125854596187
96.197,1789944733.13,0.54258204959,0.41162802809,-0.0238593780586,0.15112854597,-0.315781158938,0.0134027649477
96.217,1789944733.15,0.529595706007,0.426715519644,-0.0242879018854,0.151465788674,-0.307413108461,0.0163155830548
96.237,1789944733.17,0.515300634735,0.441153468657,-0.0251353213834,0.174786599349,-0.306131650251,0.00165844649022
96.257,1789944733.19,0.499735169206,0.45482324256,-0.0256848975009,0.196427613399,-0.303078458907,-0.00954498717342
96.277,1789944733.21,0.482904012972,0.467631411158,-0.0262406564167,0.224984152958,-0.301337207214,-0.0262061006691
96.297,1789944733.23,0.46488106852,0.479422042336,-0.0249041759862,0.197711195544,-0.280936697939,-0.000780717089391
96.317,1789944733.25,0.445665954531,0.490343501624,-0.0243269696851,0.196920100208,-0.269163883956,0.00195313355533
96.337,1789944733.27,0.425316857678,0.500389937607,-0.0242600596527,0.218193853472,-0.263791428187,-0.0123455881383
96.357,1789944733.29,0.403891485259,0.509465117945,-0.0238670284541,0.237574517355,-0.256731383566,-0.0230887162057
96.377,1789944733.31,0.381409927331,0.517480090393,-0.0235231636335,0.263525607726,-0.250879947753,-0.0390915797069
96.397,1789944733.33,0.357953469653,0.524313015607,-0.0211897589097,0.235410640144,-0.22858966003,-0.0139311351942
96.417,1789944733.35,0.333542774939,0.530085983828,-0.0197129952437,0.233023189986,-0.214045306749,-0.0110544267278
96.437,1789944733.37,0.308247023698,0.534802943675,-0.0188264396636,0.251697209957,-0.205144650813,-0.0246238365393
96.457,1789944733.39,0.282133905175,0.538389502142,-0.0176307087492,0.268284638511,-0.194731597383,-0.0345659555862
96.477,1789944733.41,0.25522947434,0.540758840142,-0.0166498502342,0.290748194338,-0.181108568964,-0.0497103798621
96.497,1789944733.43,0.227636584644,0.541854184816,-0.0134947985298,0.272227143708,-0.151114690088,-0.0245093564862
96.517,1789944733.45,0.199468541395,0.541668556839,-0.0111430515868,0.247234897522,-0.147338999133,-0.0219276172619
96.537,1789944733.47,0.170680903056,0.540373189055,-0.00991826434512,0.276517108714,-0.131773699902,-0.0333149242687
96.557,1789944733.49,0.141413248794,0.537812438379,-0.00827266395521,0.287106618528,-0.124834907008,-0.0441108197493
96.577,1789944733.51,0.111657991583,0.533962269126,-0.0067159578245,0.309930966312,-0.108017352219,-0.0558101892101
96.597,1789944733.53,0.0815055636253,0.528711758638,-0.00343044061944,0.283780905882,-0.078349930946,-0.0304172759197
96.617,1789944733.55,0.0511050599401,0.522141046118,-0.00108346270623,0.267177670316,-0.071719785687,-0.0278861437846
96.637,1789944733.57,0.0204471306885,0.514352854551,0.000709919868477,0.274447086755,-0.0589117356555,-0.0366923127506
96.657,1789944733.6,-0.0103919260811,0.505312254699,0.00246725860031,0.286090114957,-0.0458645497923,-0.0469484188466
96.677,1789944733.61,-0.0413583985021,0.494965622229,0.00420281764377,0.298344402001,-0.0309605697904,-0.0566718687439
96.697,1789944733.63,-0.0724021132742,0.483247110962,0.00732148906624,0.266610429071,-0.00744475565253,-0.0305122112636
96.717,1789944733.65,-0.10339410978,0.470300551839,0.00941499192062,0.261471112714,0.010593604064,-0.0287624126585
96.737,1789944733.68,-0.134263284401,0.456146095552,0.0110426149447,0.268178112231,0.0261418676409,-0.0365696239405
96.757,1789944733.7,-0.164942424265,0.440761551121,0.0125880977377,0.277670497383,0.0411378740989,-0.0456611730877
96.777,1789944733.72,-0.19536737055,0.42410194493,0.0140390893141,0.285653877479,0.056040124119,-0.0540551946516
96.797,1789944733.74,-0.225503123603,0.406109452638,0.0165133037364,0.252539803244,0.076796359766,-0.0280576124174
96.817,1789944733.76,-0.255210135043,0.386961356988,0.0181024275852,0.243797489325,0.0931245435677,-0.0256684001355
96.837,1789944733.78,-0.284429691357,0.366687918218,0.0192453191923,0.245879903947,0.107548226644,-0.0323757796328
96.857,1789944733.8,-0.313104792102,0.345284485984,0.0202739063368,0.250533400499,0.12158718449,-0.040332809695
96.877,1789944733.82,-0.341173633338,0.322728165397,0.0211455858615,0.254154870366,0.135521857391,-0.0478210419595
96.897,1789944733.84,-0.368608109156,0.298966694972,0.0226590441552,0.220511917574,0.153516754383,-0.0222689913856
96.917,1789944733.86,-0.395276357327,0.274205271718,0.0234906805967,0.209007703645,0.168272922656,-0.0193681892339
96.937,1789944733.88,-0.42112655567,0.248480769517,0.0239285798964,0.207484046919,0.181540726277,-0.0253382741713
96.957,1789944733.9,-0.446110283669,0.221800366894,0.0242417483768,0.208222106074,0.194379046182,-0.0325627905331
96.977,1789944733.92,-0.470169383408,0.194160245072,0.0243687405339,0.208102179427,0.206936237498,-0.0394181728288
96.997,1789944733.94,-0.493274069591,0.165516482196,0.024760706082,0.174687351322,0.221892252218,-0.0145974574746
97.017,1789944733.96,-0.515320416538,0.136089264648,0.0247106360684,0.161061490005,0.234461816166,-0.0116275071829
97.037,1789944733.98,-0.536262253984,0.105921839872,0.0243570863986,0.156444363466,0.245805458094,-0.0173362347159
97.057,1789944734,-0.556060393222,0.0750311780841,0.0238921887002,0.153745636374,0.256618397172,-0.0243294763946
97.077,1789944734.02,-0.574664518046,0.0434310902075,0.023243968333,0.150274136535,0.266989627659,-0.0309831896548
97.097,1789944734.04,-0.592038894429,0.011093212777,0.0225241113341,0.117645541039,0.27842678778,-0.0072767983209
97.117,1789944734.06,-0.608123569908,-0.021765865348,0.0216208025046,0.102378271398,0.288166400476,-0.00467267777617
97.137,1789944734.08,-0.622877983546,-0.0550951461945,0.020532536662,0.0950118632236,0.296894838889,-0.0104521162312
97.157,1789944734.1,-0.636272404405,-0.0888678119039,0.0193669555604,0.0892537368986,0.305001049826,-0.017553996131
97.177,1789944734.12,-0.648268234372,-0.123053856504,0.018048106255,0.0829066456845,0.312533126523,-0.0243924931854
97.197,1789944734.14,-0.658822307308,-0.157660667882,0.0163586430027,0.0499470791583,0.320432148343,-0.000629459157817
97.217,1789944734.16,-0.667928466856,-0.192482504216,0.0149868716436,0.0378565669637,0.318617348534,-0.000489553055816
97.237,1789944734.18,-0.675581214604,-0.227482848352,0.0131484156129,0.026093833756,0.332045261979,-0.00652197404139
97.257,1789944734.2,-0.68173175775,-0.262613992144,0.011461244243,0.0178233154103,0.337867595114,-0.0142147367389
97.277,1789944734.22,-0.686352218244,-0.297832996857,0.00967145578984,0.00893472855439,0.343060443814,-0.0216400506737
97.297,1789944734.24,-0.689390334234,-0.333115546036,0.00731142561714,-0.0218651672415,0.346539606294,0.000441405170043
97.317,1789944734.26,-0.690896382082,-0.368305744372,0.00553675309876,-0.0343475710147,0.341013239092,-0.000340672118992
97.337,1789944734.28,-0.690866441039,-0.403341839226,0.00330044345699,-0.0491822505185,0.354401508759,-0.00674228720598
97.357,1789944734.3,-0.689253950613,-0.438176635133,0.00146818969679,-0.0576427273645,0.352071510025,-0.0154170192097
97.377,1789944734.32,-0.686057661426,-0.472745401297,-0.00063501236435,-0.0652134262913,0.353938516365,-0.0229261683042
97.397,1789944734.34,-0.681271376049,-0.507032788951,-0.00312152479565,-0.0908025630411,0.3619197098,-0.00320518637179
97.417,1789944734.36,-0.674870060305,-0.540933915777,-0.00519011055352,-0.110701032783,0.349148669815,-0.00482627839473
97.437,1789944734.38,-0.666937494224,-0.574343967251,-0.00712928504581,-0.122962711692,0.345367299345,-0.0128554688348
97.457,1789944734.4,-0.657473318015,-0.607213946755,-0.00900731110149,-0.134020553438,0.341135386385,-0.022193014248
97.477,1789944734.42,-0.646494491704,-0.639475362497,-0.010990206846,-0.14233260432,0.338876299316,-0.0305750270056
97.497,1789944734.44,-0.633994069056,-0.671101019719,-0.0133262619558,-0.167128050284,0.333030529144,-0.0137715625485
97.517,1789944734.46,-0.620028884005,-0.702003893487,-0.0152659161212,-0.186888654346,0.317530314754,-0.0166627570308
97.537,1789944734.48,-0.604707228454,-0.73207210449,-0.0170406085525,-0.195131080663,0.326227608106,-0.0232346633252
97.557,1789944734.5,-0.587938785514,-0.761293828606,-0.0185671183236,-0.203830626242,0.318507540641,-0.0347067580948
97.577,1789944734.52,-0.569774498563,-0.789593244365,-0.0202077181239,-0.211396173319,0.313508059906,-0.0421919932495
97.597,1789944734.54,-0.550235740552,-0.816935028785,-0.0221573059956,-0.229137107755,0.312234031876,-0.0252686799697
97.617,1789944734.56,-0.529331828561,-0.843293449926,-0.0236221456906,-0.245475922621,0.293011014086,-0.0301468728168
97.637,1789944734.58,-0.507174272832,-0.868567512248,-0.0248883932474,-0.257108842448,0.281493246509,-0.0378162147835
97.657,1789944734.6,-0.483801913516,-0.892710293549,-0.0259758640689,-0.26714479137,0.270034366911,-0.0501148927707
97.677,1789944734.62,-0.459269834907,-0.91566023999,-0.0270669148864,-0.277631082148,0.262054661173,-0.0584545958635
97.697,1789944734.64,-0.433593179462,-0.937329977501,-0.0285005961116,-0.283965491314,0.248721865034,-0.0425578907603
97.717,1789944734.66,-0.406871667451,-0.957818352023,-0.0292220303407,-0.299963716701,0.233531138282,-0.047530005249
97.737,1789944734.68,-0.379152443428,-0.976965699206,-0.0299004924811,-0.309290577409,0.220366729496,-0.0552509174062
97.757,1789944734.7,-0.350497431791,-0.994750957386,-0.030443961962,-0.318136060645,0.207344261056,-0.0673849925228
97.777,1789944734.72,-0.320974932581,-1.01112416538,-0.0309091225187,-0.324349999945,0.197529755726,-0.0753769108482
97.797,1789944734.74,-0.290612239213,-1.02605286384,-0.0314089666096,-0.332714920193,0.17745361323,-0.0607245719355
97.817,1789944734.76,-0.259515718253,-1.039528592,-0.0316722449811,-0.339533991468,0.162048591074,-0.06535629095
97.837,1789944734.78,-0.227747287492,-1.05151484881,-0.0317708999666,-0.345402966474,0.146387634612,-0.0727673821239
97.857,1789944734.8,-0.195377727027,-1.0619786011,-0.0317983151092,-0.351425602767,0.131147253904,-0.0842871328159
97.877,1789944734.82,-0.162481286528,-1.07088559252,-0.0317684658229,-0.353436358669,0.116592762931,-0.091873680013
97.897,1789944734.84,-0.129123655369,-1.07826973591,-0.0313599138506,-0.356642645624,0.0962648323941,-0.0773746930822
97.917,1789944734.86,-0.0953781144398,-1.08407898575,-0.0308999053573,-0.356182415206,0.073075782609,-0.0811397825087
97.937,1789944734.88,-0.0613696261723,-1.08830501714,-0.0306361835715,-0.363041197033,0.0618030912156,-0.0879939742462
97.957,1789944734.9,-0.027130246459,-1.09094001026,-0.030247708044,-0.36725145287,0.0458096847039,-0.0984140585596
97.977,1789944734.92,0.00725862648777,-1.0919729582,-0.0297016872908,-0.369309907348,0.0290390133575,-0.105051217139
97.997,1789944734.94,0.0417244972416,-1.09142711618,-0.0286174865047,-0.362670921951,0.00863366668842,-0.0905367487079
98.017,1789944734.96,0.0761810947034,-1.08926057689,-0.0278704544617,-0.361360125665,-0.0096459135179,-0.0935828258197
98.037,1789944734.98,0.110550315055,-1.0855143101,-0.0270745573567,-0.360076902265,-0.0277444478853,-0.0989990117928
98.057,1789944735,0.144747258148,-1.08018261049,-0.0263816321712,-0.360668117233,-0.0452316459341,-0.10793010535
98.077,1789944735.02,0.178690906128,-1.07328535794,-0.0255310940359,-0.357049141348,-0.0588246969251,-0.113104868199
98.097,1789944735.04,0.212356074856,-1.06490619979,-0.023836601373,-0.345116332487,-0.0837397430585,-0.0986548540721
98.117,1789944735.06,0.245591574383,-1.05496097107,-0.022800350948,-0.340053495595,-0.102203400625,-0.100506241419
98.137,1789944735.08,0.278338222893,-1.04353150149,-0.0217922947097,-0.335625624347,-0.11998577386,-0.104562538033
98.157,1789944735.1,0.31050929554,-1.03062695794,-0.0209713149829,-0.333675490123,-0.136286360892,-0.111778813667
98.177,1789944735.12,0.342047111816,-1.01629014581,-0.019964074915,-0.328542032319,-0.152687503728,-0.115636333771
98.197,1789944735.14,0.372915357417,-1.00061171466,-0.0179088048605,-0.308083282913,-0.171846353695,-0.100973335188
98.217,1789944735.16,0.402963944074,-0.983524623782,-0.0167577230111,-0.298797186087,-0.18792206346,-0.101560358701
98.237,1789944735.18,0.432156337349,-0.965136766535,-0.0157049685945,-0.290830043167,-0.20326053698,-0.104252240386
98.257,1789944735.2,0.460415794207,-0.94547692725,-0.0148974862997,-0.28645778994,-0.217470863585,-0.109844928052
98.277,1789944735.22,0.487703803617,-0.924598719188,-0.0138957367599,-0.278467027021,-0.231837718365,-0.112401423306
98.297,1789944735.24,0.514016198794,-0.90260635695,-0.0116675045241,-0.251748876931,-0.249134074925,-0.0981189233054
98.317,1789944735.26,0.539161716751,-0.879453898035,-0.0105327420713,-0.239074289083,-0.262929715473,-0.0977798659649
98.337,1789944735.28,0.563133944014,-0.855264412332,-0.0095501082729,-0.228395893723,-0.275721644274,-0.0994162357281
98.357,1789944735.3,0.585867785995,-0.830083483561,-0.00884146995308,-0.222271208326,-0.287039499853,-0.103647706952
98.377,1789944735.32,0.607346525146,-0.803966811468,-0.00793523606091,-0.21206181126,-0.298376296156,-0.105203234309
98.397,1789944735.34,0.627598920107,-0.777015909257,-0.00570847726131,-0.179733702564,-0.312829034923,-0.0917878081978
98.417,1789944735.36,0.646403783857,-0.749232761307,-0.00467067181647,-0.164396665133,-0.323295466827,-0.0909232010504
98.437,1789944735.38,0.663785618018,-0.720740616153,-0.00381717519121,-0.151776960026,-0.332553202177,-0.0919069544958
98.457,1789944735.4,0.679697303276,-0.691598599439,-0.00323189075916,-0.144748452844,-0.340053039957,-0.0951827424682
98.477,1789944735.42,0.694143375497,-0.661855672522,-0.00245457652981,-0.133241226632,-0.347543619552,-0.0962196513428
98.497,1789944735.44,0.707180447462,-0.631595783175,-0.000357773522872,-0.0961270746416,-0.358558112734,-0.0842653339229
98.517,1789944735.46,0.718578393758,-0.600890019679,0.00056506257833,-0.0790206610372,-0.365073390183,-0.0833510288471
98.537,1789944735.48,0.728386696556,-0.569848222428,0.00129444137643,-0.0654056390086,-0.370215555777,-0.0841622108925
98.557,1789944735.5,0.736580436814,-0.538537932641,0.00179501379526,-0.0584921922754,-0.373346128378,-0.0869502354522
98.577,1789944735.52,0.743176674268,-0.50699384389,0.00243163443866,-0.0478052602509,-0.375002425494,-0.0877031117778
98.597,1789944735.54,0.748263488664,-0.475267686546,0.00429567942755,-0.007531684362,-0.381159470943,-0.0775772347423
98.617,1789944735.56,0.751645589385,-0.443507485177,0.00521819922637,0.0124972295798,-0.386227992588,-0.0775140973633
98.637,1789944735.58,0.753352321839,-0.411808073984,0.00588688053935,0.0264509855738,-0.387452123672,-0.0786861661156
98.657,1789944735.6,0.753389999492,-0.380241243193,0.00639069587722,0.0323161082457,-0.386184465139,-0.0814611942941
98.677,1789944735.62,0.751793842995,-0.348824811759,0.00704751666061,0.0432293342789,-0.384671487575,-0.0828125447241
98.697,1789944735.64,0.74864641571,-0.317580051969,0.00870832170759,0.0871382341358,-0.387818947487,-0.0753536641244
98.717,1789944735.66,0.743780419225,-0.286734170504,0.009537635726,0.104493751266,-0.385334153508,-0.0756640049601
98.737,1789944735.68,0.737268679984,-0.25634648967,0.0102245477264,0.116855194668,-0.381286740705,-0.0773381868847
98.757,1789944735.7,0.729134938929,-0.226481331876,0.0108339578233,0.120139774295,-0.374910351463,-0.080283052933
98.777,1789944735.72,0.719426832894,-0.197134693505,0.0115659409379,0.129327231625,-0.368875188322,-0.0822562284622
98.797,1789944735.74,0.708219581377,-0.1682961837,0.0129713254796,0.174726928654,-0.36699201034,-0.0773583174357
98.817,1789944735.76,0.695426413311,-0.140250470944,0.0139116484169,0.192042147937,-0.361682202077,-0.0788379468867
98.837,1789944735.78,0.681097193123,-0.113038913488,0.0147078663357,0.202286772408,-0.353243869822,-0.0812670568629
98.857,1789944735.8,0.665290618922,-0.0867115611098,0.0155800472481,0.203896102164,-0.344586132366,-0.0848154335653
98.877,1789944735.82,0.648032624803,-0.0612536078522,0.0164192622702,0.21047929213,-0.332594168715,-0.0873033199885
98.897,1789944735.84,0.629423864755,-0.0366241273875,0.0177160041697,0.258542246358,-0.325911027022,-0.0852628765344
98.917,1789944735.86,0.609426235645,-0.0131617272837,0.0186765419898,0.269291211529,-0.316561979118,-0.0879108676268
98.937,1789944735.88,0.588107210604,0.00914932118301,0.0196717981265,0.27892342474,-0.304967804445,-0.0907267811162
98.957,1789944735.9,0.565524373992,0.0302410784489,0.0207960925727,0.26915645358,-0.29173991773,-0.0943014992676
98.977,1789944735.92,0.541724004187,0.0502100834197,0.0218522929459,0.276495494873,-0.277142373165,-0.0973752340926
98.997,1789944735.94,0.516787369512,0.0690845356658,0.0229027020231,0.328363092705,-0.268770154447,-0.0979430251193
99.017,1789944735.96,0.490734392359,0.0864883456101,0.0240960474615,0.335225672779,-0.253631637502,-0.101109511188
99.037,1789944735.98,0.463635816284,0.102466963588,0.0252919587198,0.340033145766,-0.239009342552,-0.104322257299
99.057,1789944736,0.435551105938,0.116978926899,0.0266002732865,0.327225498523,-0.219767376968,-0.107976330528
99.077,1789944736.02,0.406566104848,0.130126114418,0.0278467203616,0.328992779177,-0.203081383259,-0.111205373317
99.097,1789944736.04,0.37674783034,0.141971091742,0.0287400604173,0.38033661992,-0.192282322321,-0.11376336461
99.117,1789944736.06,0.34614990449,0.152132249102,0.0300659694229,0.382500138045,-0.174829414634,-0.116891241509
99.137,1789944736.08,0.314839252901,0.160679157205,0.0313406540552,0.383829336112,-0.156957121206,-0.120196067526
99.157,1789944736.1,0.282895529695,0.167581527992,0.0328431654098,0.363727917305,-0.136533648278,-0.123001622193
99.177,1789944736.12,0.250399690409,0.172977812824,0.0341512588452,0.360753136565,-0.117864012217,-0.125991665683
99.197,1789944736.14,0.217428896419,0.17695294567,0.0348590541292,0.411971164881,-0.104389138625,-0.12997339229
99.217,1789944736.16,0.184047858278,0.179119723797,0.036193452046,0.409296313097,-0.0851913514704,-0.132515483522
99.237,1789944736.18,0.150331153727,0.179571636532,0.0374578294539,0.405736411889,-0.0657379003921,-0.135231930629
99.257,1789944736.2,0.116359597909,0.178297240936,0.0389431800159,0.378887163961,-0.0444576737596,-0.136769885444
99.277,1789944736.22,0.0822218396165,0.175467591901,0.0401684815189,0.370597631758,-0.0247843739553,-0.138951725761
99.297,1789944736.24,0.0480029674006,0.171197078018,0.0406774471107,0.421309897882,-0.0092732369882,-0.14365174822
99.317,1789944736.26,0.0137600985886,0.165086267492,0.041841714886,0.413647251699,0.0103693306641,-0.145045953262
99.337,1789944736.28,-0.0204226284643,0.157257225779,0.0429265123247,0.404967860857,0.0300503213114,-0.146625287666
99.357,1789944736.3,-0.0544686234794,0.14771564808,0.0441506965935,0.371264865298,0.0506533530203,-0.146442305448
99.377,1789944736.32,-0.0882872172232,0.136669062986,0.0451050725826,0.35755918482,0.0699431299374,-0.147330500193
99.397,1789944736.34,-0.121792014372,0.124264345762,0.0454140484796,0.407381754783,0.0865366853568,-0.152120256956
99.417,1789944736.36,-0.154936850088,0.11008114163,0.0462002934384,0.394672041941,0.105288444624,-0.151963650208
99.437,1789944736.38,-0.18763553639,0.0942750645593,0.0469135310657,0.380862109824,0.123852033503,-0.152035002412
99.457,1789944736.4,-0.219815949873,0.0768679341977,0.0476033281383,0.340551116669,0.142345577242,-0.149891266135
99.477,1789944736.42,-0.251397886915,0.0581038692425,0.0480880214798,0.321777891761,0.159929508925,-0.149235380016
99.497,1789944736.44,-0.282307108058,0.0381597074954,0.0482285182899,0.370621112402,0.176555072185,-0.153703130079
99.517,1789944736.46,-0.312489860728,0.0165926569842,0.0484308041509,0.353191734247,0.193158621506,-0.151856913632
99.537,1789944736.48,-0.341877076466,-0.00640997060807,0.048587630907,0.33477781117,0.209348759684,-0.150340700663
99.557,1789944736.5,-0.370396244257,-0.0308093914553,0.0484763059287,0.288610837026,0.224494810499,-0.146296410881
99.577,1789944736.52,-0.397996707616,-0.0563333669481,0.0483161603076,0.265489021416,0.239212323684,-0.14415110994
99.597,1789944736.54,-0.424635541224,-0.0827858433794,0.0483693168321,0.313685676824,0.254788970335,-0.148205057701
99.617,1789944736.56,-0.450211583136,-0.110615161746,0.0478151875787,0.292253994939,0.268184061063,-0.144852469382
99.637,1789944736.58,-0.474702429337,-0.139617645254,0.0472711387441,0.270048187417,0.280978465193,-0.141988587482
99.657,1789944736.6,-0.49802633503,-0.169731247502,0.0461366163916,0.219010675229,0.291876359378,-0.13640498255
99.677,1789944736.62,-0.520184841851,-0.200675194124,0.0452066133143,0.192216832763,0.302844573106,-0.13310080405
99.697,1789944736.64,-0.541188469891,-0.232253422653,0.0453185949616,0.240495519407,0.316397676899,-0.136991733756
99.717,1789944736.66,-0.560834553062,-0.264875014837,0.0439016015872,0.216235246402,0.325845084437,-0.132621952558
99.737,1789944736.68,-0.57918203636,-0.298354239087,0.0425779609277,0.191301166145,0.334557200164,-0.12892092451
99.757,1789944736.7,-0.596129825635,-0.33259289334,0.0402723374111,0.136525573427,0.340711936213,-0.122385330164
99.777,1789944736.72,-0.611753522905,-0.367332333666,0.0385221922337,0.107196182805,0.347407267458,-0.118508624636
99.797,1789944736.74,-0.626137905356,-0.402409549435,0.0389127802014,0.156653434834,0.358183425879,-0.122773416913
99.817,1789944736.76,-0.63892269217,-0.438116990346,0.0366147972515,0.130733482153,0.363301339867,-0.118054550667
99.837,1789944736.78,-0.650279754421,-0.474338342649,0.0345051239108,0.103888306012,0.367587113267,-0.114156261433
99.857,1789944736.8,-0.660081803718,-0.510919254155,0.0309670039466,0.046258644911,0.368876931519,-0.107334746916
99.877,1789944736.82,-0.668495026491,-0.547663077248,0.0284343060406,0.0155434661518,0.371131640129,-0.103571793495
99.897,1789944736.84,-0.675689856626,-0.584482110276,0.0293545489326,0.0667650871938,0.378597668818,-0.108816405003
99.917,1789944736.86,-0.681108932373,-0.621442764396,0.0262258389934,0.0399326433277,0.379296286523,-0.104403273431
99.937,1789944736.88,-0.68506106884,-0.658562958751,0.0234337460723,0.012879344852,0.379197789862,-0.101049070783
99.957,1789944736.9,-0.687387525077,-0.69561252885,0.0187212942461,-0.0460243703579,0.375860941395,-0.0946220341546
99.977,1789944736.92,-0.688349431163,-0.73250606712,0.0155227198826,-0.0769782685727,0.373805146456,-0.091603241473
99.997,1789944736.94,-0.688207073191,-0.769278072149,0.0172899777802,-0.0224589563252,0.37778350808,-0.0985541697766
100.017,1789944736.96,-0.686192490094,-0.805646276236,0.0134880463605,-0.0489767618605,0.37426422885,-0.0950835331605
100.037,1789944736.98,-0.68275436584,-0.841837757044,0.0101679736096,-0.0755469529796,0.370012341703,-0.092821176293
100.057,1789944737,-0.677708717962,-0.877522839236,0.00441259576737,-0.135160003755,0.362425896233,-0.0872436248607
100.077,1789944737.02,-0.671404439585,-0.912773422141,0.000749061808202,-0.165382820332,0.356398116597,-0.0854639460519
100.097,1789944737.04,-0.664177891648,-0.947789486063,0.00367605783429,-0.106472223149,0.356975462942,-0.0947026899219
100.117,1789944737.06,-0.655070838998,-0.981803158059,-0.000847977775753,-0.139892974805,0.35732157214,-0.0918698890461
100.137,1789944737.08,-0.641326039864,-1.01154424379,-0.0542615892567,-0.919643372287,0.31951467653,-0.129968616954
100.157,1789944737.1,-0.627622740068,-1.03865594386,-0.0904511677419,-1.38094433091,0.313858357616,-0.14321608205
100.177,1789944737.12,-0.614434490701,-1.06194855499,-0.100815826641,-1.37124882772,0.301882526455,-0.125007781329
100.197,1789944737.14,-0.600361167763,-1.07993626217,-0.107217803075,-1.21771064241,0.291186916938,-0.0999152885593
100.217,1789944737.16,-0.585295346502,-1.09322132208,-0.11175057781,-1.02341071146,0.279948548411,-0.0751077105932
100.237,1789944737.18,-0.569212442115,-1.10260195576,-0.115402144553,-0.852545539399,0.268469892158,-0.0545082013591
100.257,1789944737.2,-0.552144632039,-1.1087860521,-0.118283258601,-0.72444080556,0.256645979241,-0.0389333351087
100.277,1789944737.22,-0.534132912477,-1.11228529181,-0.120391949399,-0.639045991672,0.244475414056,-0.027949346923
100.297,1789944737.24,-0.515221100797,-1.11342645443,-0.121702533555,-0.587481882541,0.231945134829,-0.0206339215848
100.317,1789944737.26,-0.495454010612,-1.1123970615,-0.122197435228,-0.559066650215,0.21905498656,-0.0160343075184
100.337,1789944737.28,-0.474877392732,-1.10929372007,-0.121868511446,-0.544454138087,0.205814634997,-0.0133518210197
100.357,1789944737.3,-0.453538014381,-1.10416144757,-0.120715446106,-0.536728070181,0.192245282381,-0.0119887727165
100.377,1789944737.32,-0.431483658652,-1.09702110436,-0.118744565703,-0.531374867016,0.178378524108,-0.0115275382623
100.397,1789944737.34,-0.408763034104,-1.08788632319,-0.115968615081,-0.525799155268,0.164254336191,-0.0116869710152
100.417,1789944737.36,-0.385425637892,-1.07677263283,-0.112406996405,-0.518740590278,0.149918552123,-0.0122786708097
100.437,1789944737.38,-0.361521608232,-1.06370147931,-0.108086038055,-0.509764782489,0.135420441739,-0.0131723401239
100.457,1789944737.4,-0.337101585786,-1.04870129672,-0.103039057797,-0.498885871468,0.12081067816,-0.0142719906714
100.477,1789944737.42,-0.312216590833,-1.03180711738,-0.097306154237,-0.4863190158,0.106139783541,-0.01550139736
100.497,1789944737.44,-0.286917915841,-1.0130596362,-0.0909337579399,-0.472336348557,0.0914570116257,-0.0167961787446
100.517,1789944737.46,-0.261257030171,-0.992504220765,-0.0839740117893,-0.457194812789,0.076809571475,-0.0181000388792
100.537,1789944737.48,-0.235285493262,-0.970190083039,-0.0764840519534,-0.441108379581,0.0622420937468,-0.0193632994133
100.557,1789944737.5,-0.20905487343,-0.946169671088,-0.0685252458804,-0.424244316604,0.0477962614625,-0.0205424929384
100.577,1789944737.52,-0.18261667042,-0.920498260731,-0.0601624248971,-0.406730214526,0.0335105536126,-0.021600310688
100.597,1789944737.54,-0.156022240659,-0.893233698696,-0.0514631328277,-0.388664071412,0.0194200721777,-0.0225055584441
100.617,1789944737.56,-0.129322724679,-0.864436246158,-0.0424969008363,-0.370123611547,0.0055564377141,-0.0232329921272
100.637,1789944737.58,-0.102568976467,-0.83416848048,-0.0333345522141,-0.351173401924,-0.00805225275309,-0.02376301797
100.657,1789944737.6,-0.0758114945268,-0.802495224904,-0.0240475378815,-0.331869616316,-0.0213814094601,-0.0240812893911
100.677,1789944737.62,-0.0491003544998,-0.769483486791,-0.0147073026329,-0.312262866749,-0.0344098784076,-0.0241782436835
100.697,1789944737.64,-0.0224851431068,-0.735202393199,-0.00538468240899,-0.292399676365,-0.0471198194748,-0.0240486160303
100.717,1789944737.66,0.00398510681482,-0.69972311822,0.0038506665048,-0.272323117593,-0.0594965399077,-0.023690957624
100.737,1789944737.68,0.0302619804172,-0.663118799778,0.012930804963,-0.25207301221,-0.0715282903509,-0.0231071744335
100.757,1789944737.7,0.0562977443118,-0.625464445471,0.0217900135104,-0.231685956462,-0.0832060308334,-0.0223020954398
100.777,1789944737.72,0.082045409581,-0.586836827802,0.0303652583894,-0.211195323806,-0.0945231745923,-0.0212830740972
100.797,1789944737.74,0.107458794469,-0.547314369485,0.0385966196498,-0.190631320045,-0.105475316502,-0.0200596239366
100.817,1789944737.76,0.132492586846,-0.506977019484,0.0464276803604,-0.170021115755,-0.116059953118,-0.0186430877179
100.837,1789944737.78,0.157102406482,-0.465906120418,0.0538058763175,-0.149389054609,-0.126276199745,-0.0170463389156
100.857,1789944737.8,0.181244867149,-0.424184267865,0.0606828060711,-0.128756923166,-0.136124509428,-0.0152835140078
100.877,1789944737.82,0.204877638503,-0.381895162067,0.067014501421,-0.108144264968,-0.145606397776,-0.0133697739407
100.897,1789944737.84,0.22795950771,-0.339123452516,0.0727616588528,-0.0875687224855,-0.154724176782,-0.0113210930133
100.917,1789944737.86,0.250450440714,-0.295954575947,0.0778898326008,-0.0670463936421,-0.163480699928,-0.00915407329226
100.937,1789944737.88,0.272311643058,-0.25247458827,0.0823695902119,-0.0465921927108,-0.17187912046,-0.00688578255899
100.957,1789944737.9,0.29350562015,-0.208769991034,0.0861766315755,-0.0262202084084,-0.179922664131,-0.00453361361824
100.977,1789944737.92,0.313996236832,-0.164927553067,0.0892918724733,-0.00594405393583,-0.187614417304,-0.00211516270155
100.997,1789944737.94,0.333748776152,-0.121034127953,0.0917014937136,0.014222794616,-0.194957131257,0.000351875418681
101.017,1789944737.96,0.352729997169,-0.0771764680739,0.0933969569208,0.0342666744022,-0.201953043206,0.00284979800932
101.037,1789944737.98,0.370908191681,-0.0334410359391,0.0943749880289,0.0541734284745,-0.208603714572,0.00536097310553
101.057,1789944738,0.388253239705,0.0100861864253,0.0946375294833,0.0739281171823,-0.214909887051,0.0078679088161
101.077,1789944738.02,0.404736663577,0.0533198892644,0.0941916621176,0.0935147502111,-0.220871357259,0.0103533155831
101.097,1789944738.04,0.420331680505,0.0961756272658,0.093049497615,0.112916041109,-0.226486870419,0.012800163647
101.117,1789944738.06,0.435013253412,0.138570011325,0.0912280424318,0.132113186763,-0.231754034321,0.0151917379595
101.137,1789944738.08,0.4487581399,0.180420899105,0.0887490340103,0.151085673895,-0.236669254337,0.0175116924942
101.157,1789944738.1,0.461544939134,0.221647583589,0.0856387500968,0.169811115382,-0.241227690865,0.0197441058622
101.177,1789944738.12,0.473351174417,0.262168771281,0.0818934360188,0.187205942964,-0.244357449626,0.0219577618673
101.197,1789944738.14,0.484173110509,0.301918757525,0.0776509247338,0.206423813818,-0.249250848373,0.0238850820399
101.217,1789944738.16,0.493973278026,0.340806073075,0.0726899672657,0.225334679727,-0.253048606621,0.0258081003459
101.237,1789944738.18,0.502758070322,0.378762078393,0.0674854491572,0.239671576061,-0.255367103473,0.0276170613125
101.257,1789944738.2,0.510500708108,0.415728588353,0.0616441044886,0.259751898552,-0.258752894204,0.029097977191
101.277,1789944738.22,0.517205944967,0.451622511973,0.0556363321243,0.272944896368,-0.260383498718,0.030604942594
101.297,1789944738.24,0.522855053833,0.486394617649,0.0491791021744,0.28892676901,-0.262255691441,0.0318319013386
101.317,1789944738.26,0.527440169503,0.51997953355,0.0422970822036,0.308909924804,-0.264198451236,0.032681979339
101.337,1789944738.28,0.530968281254,0.55230050883,0.0353067173243,0.324727564581,-0.265181132426,0.0334699696621
101.357,1789944738.3,0.53343286484,0.583298050356,0.0281483139399,0.3392264228,-0.265596208382,0.0340823481232
101.377,1789944738.32,0.534835090308,0.612918813975,0.0208738268072,0.352653458815,-0.265480492303,0.0345015646353
101.397,1789944738.34,0.535178551815,0.641114823079,0.0135364104843,0.3653626646,-0.264877288792,0.0347059864568
101.417,1789944738.36,0.534469106978,0.667841313623,0.00619323341072,0.377444462763,-0.263791290872,0.0346865417895
101.437,1789944738.38,0.532714660236,0.693056463048,-0.00109851670103,0.38889924964,-0.262214424182,0.0344398312392
101.457,1789944738.4,0.529925124478,0.716721333865,-0.00828241229859,0.399675129982,-0.260132521646,0.0339666143431
101.477,1789944738.42,0.526112415233,0.738800028012,-0.0153033663468,0.409703580738,-0.257530996893,0.0332703143206
101.497,1789944738.44,0.521290448606,0.759259870665,-0.0221080569371,0.418915947921,-0.254397500056,0.032356344334
101.517,1789944738.46,0.515475129887,0.778071574353,-0.0286453201699,0.427251123936,-0.250723149426,0.0312318136007
101.537,1789944738.48,0.508684328965,0.795209360042,-0.0348665296814,0.434657828591,-0.246502925536,0.0299054556624
101.557,1789944738.5,0.500937842628,0.810651033617,-0.0407259658711,0.441094421247,-0.241735690013,0.0283876415126
101.577,1789944738.52,0.492257345323,0.824378023927,-0.0461811702912,0.446527820501,-0.236424070079,0.0266904020108
101.597,1789944738.54,0.482666330228,0.836375390768,-0.0511932789975,0.450932349319,-0.230574323687,0.0248274203248
101.617,1789944738.56,0.472190042369,0.84663181052,-0.055727328798,0.454288831724,-0.224196223673,0.0228139790421
101.637,1789944738.58,0.460855405156,0.855139545505,-0.0597525311567,0.456584006079,-0.217302959458,0.0206668596028
101.657,1789944738.6,0.448690941488,0.86189440144,-0.0632425093853,0.457810199668,-0.209911040041,0.018404198176
101.677,1789944738.62,0.435726690299,0.86689567601,-0.0661754956616,0.457965171954,-0.202040179256,0.0160453045757
101.697,1789944738.64,0.421994119341,0.870146100578,-0.068534485161,0.4570520376,-0.193713147934,0.0136104514396
101.717,1789944738.66,0.407529807963,0.871654139438,-0.0702605907291,0.453637926025,-0.186379960638,0.0113923236794
101.737,1789944738.68,0.392349865094,0.871428768909,-0.0714870463383,0.452063910443,-0.175792215556,0.00859722701701
101.757,1789944738.7,0.376507852349,0.869482223631,-0.0720743512541,0.448275393474,-0.166005912085,0.00602196963815
101.777,1789944738.72,0.360037169087,0.865827659247,-0.0720669030279,0.443339394825,-0.156022252495,0.00347951616571
101.797,1789944738.74,0.34297553755,0.860483396505,-0.0714724941202,0.437273576305,-0.145885663629,0.000991621963794
101.817,1789944738.76,0.32536060294,0.853471565521,-0.0703048015911,0.430223113802,-0.135519937583,-0.00143885213494
101.837,1789944738.78,0.307231832295,0.844819157782,-0.0685657979049,0.422724393662,-0.125391812938,-0.00379815154088
101.857,1789944738.8,0.288624421589,0.834548396403,-0.0663055179355,0.413927054737,-0.114819430803,-0.00606121669356
101.877,1789944738.82,0.269576563604,0.822689867507,-0.0635520254918,0.40373552595,-0.103047738372,-0.00823227285396
101.897,1789944738.84,0.250136951847,0.809286546722,-0.0602761205485,0.394035511361,-0.0925841525505,-0.0102782034019
101.917,1789944738.86,0.230336911622,0.794359597907,-0.0566029026556,0.382075037579,-0.0804977435683,-0.0121816788216
101.937,1789944738.88,0.210228809643,0.777964566319,-0.0524597818563,0.371170651635,-0.0701297657568,-0.0139327773532
101.957,1789944738.9,0.18984427638,0.760133276956,-0.0478692544015,0.357079411589,-0.0572568276122,-0.0156271075603
101.977,1789944738.92,0.169232314231,0.740898141265,-0.0431894741099,0.344564277081,-0.0464374650772,-0.0169316591413
101.997,1789944738.94,0.148435819117,0.720326849976,-0.0380921597814,0.33109274693,-0.0353148288832,-0.0181475786415
102.017,1789944738.96,0.127494484831,0.698457875443,-0.0327440982799,0.317149578637,-0.0243065904557,-0.0191801017025
102.037,1789944738.98,0.106451063471,0.67534433418,-0.0271511129418,0.303976177816,-0.0146456216803,-0.020026622286
102.057,1789944739,0.0853358907241,0.651030369549,-0.0212943856419,0.287020980689,-0.00194400723282,-0.0207448648802
102.077,1789944739.02,0.0642025731628,0.625568302472,-0.015482413122,0.271448169202,0.00903053095366,-0.0212050957271
102.097,1789944739.04,0.043091614473,0.599017857488,-0.00974370402629,0.25937196106,0.0192088604409,-0.0214326538969
102.117,1789944739.06,0.0220421262101,0.571417847398,-0.00397739511795,0.240887083921,0.0292787358991,-0.0214869071421
102.137,1789944739.08,0.00109047615022,0.542865331672,0.00200311663284,0.225167302405,0.0415552190316,-0.0215922990677
102.157,1789944739.1,-0.019707089221,0.51338792595,0.00769799149575,0.210441846088,0.049635995785,-0.0210818903748
102.177,1789944739.12,-0.0403279281814,0.483051468394,0.0133213968477,0.19364343512,0.059037993584,-0.020588850322
102.197,1789944739.14,-0.0607325138242,0.451921630448,0.0188928537242,0.172767969082,0.0683387463064,-0.0199645563024
102.217,1789944739.16,-0.08088266254,0.420079633402,0.0241383974657,0.155287236853,0.0775314997821,-0.0191835764627
102.237,1789944739.18,-0.100740533971,0.387592809538,0.0290171910202,0.14182741836,0.0866786946755,-0.018238127378
102.257,1789944739.2,-0.120270413987,0.354512585555,0.0337220133428,0.1251915198,0.0954603386892,-0.0171690524674
102.277,1789944739.22,-0.139436775641,0.320905665318,0.0382200472168,0.104798876529,0.103628857554,-0.0159940869034
102.297,1789944739.24,-0.158204036429,0.286856379004,0.0422708029648,0.0872834101027,0.111714637565,-0.0146932854219
102.317,1789944739.26,-0.176535930975,0.252432302597,0.0458087500998,0.0717292905802,0.118615795582,-0.0133363916477
102.337,1789944739.28,-0.194414189415,0.217701308858,0.0492091454096,0.0537193005731,0.127103620529,-0.011783191381
102.357,1789944739.3,-0.211792286884,0.182732918406,0.05207141575,0.0368499769899,0.134542022458,-0.0102036460005
102.377,1789944739.32,-0.22864119267,0.147598875797,0.0544270820949,0.0221694105077,0.142080006072,-0.00855361730397
102.397,1789944739.34,-0.244930698242,0.112356245853,0.0564081289621,0.00527717251279,0.148724424745,-0.00686598374205
102.417,1789944739.36,-0.260632815518,0.0770763142488,0.0579906066721,-0.0135624644968,0.154355142319,-0.00515210809288
102.437,1789944739.38,-0.275721795792,0.0418428862384,0.0590104508023,-0.0292904682092,0.160788115396,-0.00341341892034
102.457,1789944739.4,-0.290171862881,0.00671492675915,0.0596481237694,-0.0471955804039,0.165838114661,-0.00165722732771
102.477,1789944739.42,-0.303960629928,-0.0282275921269,0.05978027786,-0.0636784531093,0.171141340671,9.56019329245e-05
102.497,1789944739.44,-0.317065621931,-0.062917129363,0.0594323509281,-0.0792367302583,0.176794476717,0.00182559985884
102.517,1789944739.46,-0.329462388389,-0.0972914134282,0.0586690079662,-0.0956614897009,0.181050902188,0.00355342470845
102.537,1789944739.48,-0.341133749266,-0.131279327035,0.0574485335817,-0.111434720157,0.185452427169,0.00522899816778
102.557,1789944739.5,-0.352060900996,-0.164816320119,0.0558016731814,-0.126955909662,0.189586864743,0.00685336529485
102.577,1789944739.52,-0.362226675892,-0.197838181095,0.0537462775089,-0.142218739973,0.193429753966,0.00841549412801
102.597,1789944739.54,-0.371615243008,-0.230282134889,0.0513031957621,-0.157230817199,0.196935878316,0.00990409000921
102.617,1789944739.56,-0.380212402251,-0.262086730058,0.0484955404678,-0.171969611465,0.200088426815,0.0113086144165
102.637,1789944739.58,-0.388005624525,-0.293192016914,0.0453488797618,-0.186404832792,0.20287887796,0.0126193546791
102.657,1789944739.6,-0.394984079988,-0.323539704809,0.0418910636255,-0.200502984645,0.205302980552,0.013827402553
102.677,1789944739.62,-0.401138644953,-0.353073322391,0.0381520223551,-0.21423053111,0.207357422622,0.0149245887061
102.697,1789944739.64,-0.406461904387,-0.381738364972,0.0341635389691,-0.227554862416,0.209038508587,0.0159034720037
102.717,1789944739.66,-0.410948153365,-0.40948242786,0.0299590055831,-0.24044442288,0.210341732511,0.0167573667504
102.737,1789944739.68,-0.414593398635,-0.436255326019,0.0255731662814,-0.252868501646,0.211261838356,0.0174803952564
102.757,1789944739.7,-0.41749856797,-0.462109034208,0.0234848464257,-0.255933211706,0.211482777446,0.0180161194139
102.777,1789944739.72,-0.4194972809,-0.486877997598,0.0197480804953,-0.264783802334,0.211808645316,0.0185510365915
102.797,1789944739.74,-0.420619931061,-0.510554088351,0.0151338453982,-0.276203336008,0.211940239332,0.0189973348743
102.817,1789944739.76,-0.420892540344,-0.533116757811,0.0102746855327,-0.288741881089,0.211735174696,0.0192729646903
102.837,1789944739.78,-0.420319961705,-0.554520165194,0.00526178487147,-0.301767610166,0.211113378083,0.0193751344839
102.857,1789944739.8,-0.418910688269,-0.574719007337,0.000230119331785,-0.314293977792,0.209996769223,0.0193112359573
102.877,1789944739.82,-0.416672603508,-0.593668151584,-0.00474892742967,-0.325780229159,0.208352132334,0.0190915744263
102.897,1789944739.84,-0.413614919131,-0.611326297087,-0.00962348618584,-0.335879155899,0.206169987354,0.0187266560246
102.917,1789944739.86,-0.409748615811,-0.627657752913,-0.0143510287872,-0.344458145451,0.203461063167,0.0182234835913
102.937,1789944739.88,-0.405086512076,-0.642632953221,-0.0188949497604,-0.351541404666,0.200248295305,0.0175862500752
102.957,1789944739.9,-0.399643255245,-0.65622832603,-0.0232218769343,-0.357248635506,0.196559980067,0.0168175830108
102.977,1789944739.92,-0.393435212731,-0.668425709857,-0.0273009234522,-0.36174444118,0.192424892393,0.0159200013417
102.997,1789944739.94,-0.386480342389,-0.679211582537,-0.0311034856571,-0.365196557069,0.187869107085,0.0148972147419
103.017,1789944739.96,-0.378798066451,-0.688576290843,-0.0346033330152,-0.367748711149,0.182914608483,0.0137549632
103.037,1789944739.98,-0.370409162248,-0.696513395841,-0.0377768071087,-0.369506538274,0.177579256015,0.0125013932428
103.057,1789944740,-0.361335673686,-0.703019192095,-0.0406030307409,-0.370534399504,0.171877663568,0.0111470293873
103.077,1789944740.02,-0.351600841026,-0.708092410554,-0.0430640894704,-0.370859936243,0.165822546701,0.00970445932837
103.097,1789944740.04,-0.341229043616,-0.711734082565,-0.0451451721856,-0.370483072112,0.159426162875,0.00818786081093
103.117,1789944740.06,-0.330245749422,-0.713947524812,-0.0468346708428,-0.369386630619,0.152701578748,0.00661248013187
103.137,1789944740.08,-0.318677465775,-0.714738399475,-0.0481242443566,-0.36754643081,0.145663608652,0.00499414211462
103.157,1789944740.1,-0.306551687243,-0.714114807284,-0.0490088520244,-0.364939512979,0.138329367272,0.00334883780333
103.177,1789944740.12,-0.293896838154,-0.712087379873,-0.0494867602902,-0.361549871526,0.130718454591,0.00169240673289
103.197,1789944740.14,-0.28074220889,-0.708669348775,-0.0495595245824,-0.357371646003,0.122852838015,4.03090614162e-05
103.217,1789944740.16,-0.267117886309,-0.703876579094,-0.0492319462867,-0.352410112474,0.114756519828,-0.00159252990444
103.237,1789944740.18,-0.253054679432,-0.697727564873,-0.0485120039752,-0.346681026117,0.106455079572,-0.00319182517407
103.257,1789944740.2,-0.238584041961,-0.6902433896,-0.0474107578626,-0.340208923969,0.0979751701052,-0.00474400878233
103.277,1789944740.22,-0.223737993246,-0.681447659091,-0.0459422269423,-0.333024945675,0.0893440267424,-0.00623629440501
103.297,1789944740.24,-0.20854903913,-0.67136641545,-0.0441232390776,-0.325164613778,0.080589028421,-0.00765674038888
103.317,1789944740.26,-0.193050093833,-0.660028040499,-0.0419732553111,-0.316665873021,0.0717373303924,-0.00899431573118
103.337,1789944740.28,-0.177275246141,-0.647467286232,-0.0394454485948,-0.307104544692,0.0623712314206,-0.0103207467768
103.357,1789944740.3,-0.161258645037,-0.633711613828,-0.0366895314726,-0.297417684526,0.0534033725719,-0.0114581760422
103.377,1789944740.32,-0.145033424177,-0.618795319719,-0.0337134368042,-0.286051787612,0.0442053150447,-0.012469063529
103.397,1789944740.34,-0.128636875818,-0.602771403536,-0.0304385472625,-0.276614796405,0.0355321876052,-0.0133848932277
103.417,1789944740.36,-0.112098818521,-0.585660752976,-0.0270034018978,-0.265604636818,0.0267000864122,-0.0141598995432
103.437,1789944740.38,-0.095453717488,-0.567508752327,-0.023396734885,-0.254421155836,0.0179634629492,-0.0148101661312
103.457,1789944740.4,-0.0787344938041,-0.548355204572,-0.0196543467534,-0.242673814233,0.00925001573796,-0.0153318964392
103.477,1789944740.42,-0.0619740144333,-0.528238768725,-0.0158619878799,-0.228771934968,0.000637497737932,-0.0157136002734
103.497,1789944740.44,-0.0452061613475,-0.50722728106,-0.011884008625,-0.217928825822,-0.00800074314445,-0.015989220604
103.517,1789944740.46,-0.0284632409888,-0.485342923954,-0.00791983366966,-0.205028501696,-0.0164975904356,-0.0161249867829
103.537,1789944740.48,-0.0117783514164,-0.462641461592,-0.00394106253753,-0.192190543038,-0.0248863728126,-0.0161345300487
103.557,1789944740.5,0.00481566150372,-0.439165375623,-4.75059037654e-05,-0.17699004769,-0.032869382717,-0.0160211508468
103.577,1789944740.52,0.0212886454283,-0.414988719916,0.00391344555396,-0.16525229888,-0.0412012456845,-0.0157787695156
103.597,1789944740.54,0.0376065803115,-0.390138623163,0.00773068722149,-0.151420192918,-0.049095049905,-0.0154217369472
103.617,1789944740.56,0.0537389331814,-0.364675877304,0.0114408664276,-0.137796518305,-0.0568454010199,-0.0149508377386
103.637,1789944740.58,0.0696547377305,-0.338652004643,0.0150081638682,-0.12378394764,-0.0643513177867,-0.0143734005617
103.657,1789944740.6,0.0853240583807,-0.312122147355,0.0184088747646,-0.109606498518,-0.0716299370284,-0.0136959152422
103.677,1789944740.62,0.10071767781,-0.285142196989,0.0216193958066,-0.0953120312416,-0.0786768468301,-0.0129257641856
103.697,1789944740.64,0.115807153435,-0.257768800719,0.0246172275301,-0.0809592203876,-0.0854914415684,-0.0120706533294
103.717,1789944740.66,0.130563514172,-0.230057478972,0.0273506218857,-0.065633722658,-0.0911121375986,-0.0111831133479
103.737,1789944740.68,0.144968721121,-0.202075637012,0.0298944026984,-0.0522610721821,-0.0984203141566,-0.0101380573728
103.757,1789944740.7,0.158986959527,-0.173870036249,0.0321387035007,-0.0379784735437,-0.104533124059,-0.00907739506941
103.777,1789944740.72,0.172595838751,-0.145501483056,0.0341032108723,-0.0239571651107,-0.110597655018,-0.00796023491016
103.797,1789944740.74,0.185769751529,-0.117026239971,0.0357720678856,-0.00987414719175,-0.116273427014,-0.00680493949896
103.817,1789944740.76,0.198485382692,-0.0885017697511,0.0371374353083,0.00416489895601,-0.121649962865,-0.00561869784903
103.837,1789944740.78,0.210720498042,-0.0599853910459,0.0381931601683,0.0181403758996,-0.126730592061,-0.00441063879325
103.857,1789944740.8,0.222454045847,-0.0315342576459,0.03893522508,0.032021450665,-0.131528716153,-0.00318999300927
103.877,1789944740.82,0.233666137987,-0.00320521087599,0.0393620690062,0.0457772981395,-0.136056017196,-0.00196576696452
103.897,1789944740.84,0.244338005497,0.024945399331,0.0394745155186,0.0593812626363,-0.140318195986,-0.000746876181619
103.917,1789944740.86,0.254451999579,0.052861854894,0.0392757793748,0.0728088156021,-0.144317191721,0.000457942911744
103.937,1789944740.88,0.263991598969,0.0804892071732,0.0387714223058,0.086038098517,-0.148050961353,0.00164012073703
103.957,1789944740.9,0.272941433771,0.107773399531,0.037969289636,0.0990490572802,-0.151514707856,0.00279128382637
103.977,1789944740.92,0.281287317691,0.134661380496,0.0368794283864,0.111822761899,-0.154701891831,0.00390329357131
103.997,1789944740.94,0.289016284677,0.16110120939,0.0355139881636,0.124340707626,-0.157605192403,0.00496830054732
104.017,1789944740.96,0.296116625843,0.187042156877,0.0338871066779,0.136584255537,-0.160217249338,0.00597880697615
104.037,1789944740.98,0.302577923585,0.212434802291,0.0320147812151,0.148534251751,-0.162531156693,0.00692773086247
104.057,1789944741,0.308390076446,0.237230267826,0.029896829474,0.159620896244,-0.163985629518,0.00784447148907
104.077,1789944741.02,0.313550107443,0.261386483735,0.0275862204046,0.170863575058,-0.165624958152,0.00865367204318
104.097,1789944741.04,0.318050366182,0.284857419854,0.0250880801593,0.181758998873,-0.16695811957,0.0093824697364
104.117,1789944741.06,0.321887605943,0.307601542083,0.0224489075637,0.193106886137,-0.168810407257,0.00998010417819
104.137,1789944741.08,0.325051469596,0.329570824554,0.0196460602288,0.203434864326,-0.169714116242,0.0105288020153
104.157,1789944741.1,0.327541097575,0.350726932895,0.0167243495633,0.213356058305,-0.170307895324,0.0109851264948
104.177,1789944741.12,0.329354584158,0.371031114052,0.0137062044352,0.222681196567,-0.170420940867,0.0113503602746
104.197,1789944741.14,0.330492530964,0.390447742819,0.0106177430398,0.231470050649,-0.170133062209,0.0116194403912
104.217,1789944741.16,0.330957105222,0.408943454231,0.00748463186429,0.239728676307,-0.169469884135,0.0117898873043
104.237,1789944741.18,0.330751996164,0.426487170418,0.00433241145061,0.247465957043,-0.168459584877,0.0118606817783
104.257,1789944741.2,0.329882291297,0.443050043767,0.0011864715472,0.25468399555,-0.167123232925,0.0118318168713
104.277,1789944741.22,0.328354367007,0.458605410428,-0.00192816503568,0.261376587275,-0.165473216259,0.0117042494318
104.297,1789944741.24,0.326175827192,0.473128788378,-0.00498701412265,0.267531537372,-0.163515545924,0.011479761853
104.317,1789944741.26,0.323355463849,0.486597893833,-0.00796631640111,0.27313213576,-0.161251305581,0.0111608971673
104.337,1789944741.28,0.319901772608,0.498990763235,-0.0108685347787,0.27738009545,-0.157891576137,0.0107817763742
104.357,1789944741.3,0.315834353915,0.510299406247,-0.0135962705809,0.282594496266,-0.155796240496,0.0102537519425
104.377,1789944741.32,0.311152381987,0.520491944525,-0.016314225544,0.286606821377,-0.15244271918,0.00962959055621
104.397,1789944741.34,0.305880412784,0.529569017051,-0.0187513971489,0.289944200432,-0.14909155707,0.00896783711937
104.417,1789944741.36,0.300027793908,0.537513212782,-0.0210080179084,0.292508046495,-0.145296761275,0.00823648425044
104.437,1789944741.38,0.293610663972,0.544316872417,-0.0230574382454,0.294357132972,-0.141204943286,0.0074475017903
104.457,1789944741.4,0.286645400229,0.549973961561,-0.0248934116698,0.295518652138,-0.136793360673,0.00660267784521
104.477,1789944741.42,0.279149775921,0.554481302427,-0.0265053375982,0.29602193352,-0.132089592301,0.00570874380018
104.497,1789944741.44,0.271142604545,0.557838140806,-0.0278837237092,0.295888638278,-0.127110036434,0.00477280538983
104.517,1789944741.46,0.262645533716,0.560049524969,-0.0289599916083,0.29517711314,-0.122135940739,0.0038658171828
104.537,1789944741.48,0.253672278606,0.561108502466,-0.0299097709611,0.293767746908,-0.116399153992,0.00280782249387
104.557,1789944741.5,0.244251616685,0.561031767488,-0.0305471462112,0.291796232054,-0.110702074971,0.00179607653279
104.577,1789944741.52,0.234403368743,0.559823513474,-0.0309358095135,0.289215790379,-0.104744564249,0.000768588032553
104.597,1789944741.54,0.224151071827,0.557494505587,-0.0310664182138,0.286048446734,-0.0986439832478,-0.000250688523032
104.617,1789944741.56,0.213518183798,0.554056808862,-0.03094442622,0.282296064175,-0.0923810513328,-0.00125826453444
104.637,1789944741.58,0.202528823584,0.549524724643,-0.0305744675299,0.277969277341,-0.0859743965066,-0.00224585323488
104.657,1789944741.6,0.191207583849,0.543914598994,-0.0299629600113,0.273080226662,-0.079433313638,-0.00320602488598
104.677,1789944741.62,0.179579520391,0.537244789679,-0.0291180786397,0.267644611461,-0.0727712127444,-0.00413135861262
104.697,1789944741.64,0.167670109372,0.529535619429,-0.0280497155671,0.261680902715,-0.0660027147477,-0.00501472976783
104.717,1789944741.66,0.155505203423,0.520809321224,-0.026769434459,0.255209972824,-0.0591442226033,-0.00584938336591
104.737,1789944741.68,0.143110981251,0.511089979122,-0.0252903667151,0.248254514154,-0.0522133749924,-0.00662902507347
104.757,1789944741.7,0.13051387613,0.50040267176,-0.023657039171,0.241760704831,-0.0457137120382,-0.00730765676557
104.777,1789944741.72,0.117738075731,0.48877259289,-0.0217952141995,0.23298677491,-0.0382084736678,-0.00800081550055
104.797,1789944741.74,0.104813491272,0.476232561825,-0.0198118520289,0.224721155366,-0.0311699515368,-0.00858346170591
104.817,1789944741.76,0.0917662879604,0.462812826625,-0.0176925801295,0.215873894353,-0.0240292016082,-0.0090978719852
104.837,1789944741.78,0.0786240853245,0.448546859158,-0.0154610758541,0.206827035218,-0.0169915027995,-0.00953020862147
104.857,1789944741.8,0.065413817231,0.433468493133,-0.0131352998097,0.197480651698,-0.0100073408402,-0.00988187581026
104.877,1789944741.82,0.0521623489541,0.417612900897,-0.0107351336496,0.187867646356,-0.00309643414005,-0.0101512968088
104.897,1789944741.84,0.0388963097163,0.401016343029,-0.00828080051034,0.17798637859,0.00374048485644,-0.0103382318647
104.917,1789944741.86,0.0256421261923,0.383716252037,-0.00579271178423,0.167847892325,0.0104967042944,-0.0104428681991
104.937,1789944741.88,0.0124259974919,0.365751202432,-0.00329127360663,0.157465731886,0.0171648430949,-0.0104659997884
104.957,1789944741.9,-0.000726128864575,0.347160878067,-0.000796708499048,0.146858278623,0.0237355533037,-0.0104089747785
104.977,1789944741.92,-0.0137885924078,0.327986013301,0.00167110252994,0.136047304941,0.0301982214542,-0.010273689049
104.997,1789944741.94,-0.0267360620058,0.30826831745,0.00409277169183,0.125056902259,0.0365414798958,-0.010062570724
105.017,1789944741.96,-0.0395435828626,0.288050386768,0.00644954994554,0.11391227354,0.0427537975223,-0.0097785640704
105.037,1789944741.98,-0.0521866256672,0.267375608998,0.00872346633987,0.102638729691,0.0488239712242,-0.00942510834009
105.057,1789944742,-0.06464113578,0.246288064574,0.0108974599872,0.0912609574287,0.0547414806844,-0.00900611030268
105.077,1789944742.02,-0.0768835809328,0.224832427406,0.0129555032089,0.0798025794933,0.060496694015,-0.00852591001845
105.097,1789944742.04,-0.0888909965094,0.203053867003,0.0148827144452,0.0682859746725,0.0660809397595,-0.00798924042437
105.117,1789944742.06,-0.10064102801,0.180997952703,0.016665459805,0.056732296516,0.071486476014,-0.0074011820733
105.137,1789944742.08,-0.112111970692,0.158710560037,0.0182914424416,0.0451616221257,0.076706392137,-0.00676711469672
105.157,1789944742.1,-0.123282806631,0.136237778808,0.0197497792615,0.0335931664429,0.0817344764513,-0.00609266724097
105.177,1789944742.12,-0.134133223882,0.113625899161,0.0210334585202,0.022119157142,0.0864911702859,-0.00538601350358
105.197,1789944742.14,-0.144644982609,0.0909206717007,0.0221769102389,0.00996148785092,0.09142285955,-0.00462014544115
105.217,1789944742.16,-0.154795763945,0.0681716981786,0.0230753372067,-0.00148764356361,0.0958331260769,-0.0038589428435
105.237,1789944742.18,-0.164569055372,0.0454242749489,0.0237770774171,-0.0128754650563,0.100046615282,-0.00308162778774
105.257,1789944742.2,-0.173947535076,0.0227244998702,0.0242749960595,-0.0240232640308,0.103975632811,-0.00229633979016
105.277,1789944742.22,-0.182915392342,0.000117139188587,0.0245720669823,-0.0350414631777,0.107676928524,-0.00150769450821
105.297,1789944742.24,-0.191457603826,-0.0223534036594,0.0246690999116,-0.0459256318221,0.111150741135,-0.000721512929387
105.317,1789944742.26,-0.199560020059,-0.0446430172199,0.0245565670992,-0.0563274585958,0.114660275195,4.9874237555e-05
105.337,1789944742.28,-0.207208302103,-0.0667111233358,0.0242732746603,-0.0673292255853,0.117448508752,0.000819726674476
105.357,1789944742.3,-0.214391665581,-0.0885115668506,0.023788745805,-0.0778257810378,0.120268306866,0.00156336952443
105.377,1789944742.32,-0.221098370262,-0.110003086453,0.0231219121002,-0.0882383367712,0.122805711695,0.00228126148612
105.397,1789944742.34,-0.227318338535,-0.131143614606,0.0222782276643,-0.0983868339709,0.125160098693,0.00296947325845
105.417,1789944742.36,-0.233042110969,-0.151892585386,0.0212672436376,-0.108307478333,0.127280607861,0.00362287090177
105.437,1789944742.38,-0.238261274046,-0.172210334606,0.0200989059517,-0.117965106761,0.129167131377,0.00423734521526
105.457,1789944742.4,-0.242968388567,-0.192058394737,0.0187843451207,-0.127350214071,0.130804308818,0.00480842618073
105.477,1789944742.42,-0.247157079726,-0.211399492377,0.0173356674112,-0.136445431269,0.132185023993,0.00533215203253
105.497,1789944742.44,-0.250822054516,-0.230197637414,0.0157658979493,-0.145236217395,0.133302864227,0.00580484243956
105.517,1789944742.46,-0.253959127217,-0.24841817797,0.0140888706936,-0.153706944396,0.134154384827,0.00622327713319
105.537,1789944742.48,-0.256565227082,-0.266027864069,0.012319115143,-0.161842103297,0.134737747357,0.00658468787371
105.557,1789944742.5,-0.258638399978,-0.282994906093,0.0104717350459,-0.169625962305,0.135052466096,0.00688679480996
105.577,1789944742.52,-0.260177803266,-0.299289032435,0.00856228332335,-0.177042856946,0.135098836552,0.00712781007996
105.597,1789944742.54,-0.261183697086,-0.314881544247,0.00660663435695,-0.184077328072,0.134877617433,0.00730644271667
105.617,1789944742.56,-0.261657433239,-0.329745367195,0.00462085496836,-0.190714328605,0.134389809592,0.00742189771435
105.637,1789944742.58,-0.261601442729,-0.343855099449,0.00262107509233,-0.196939396118,0.133636577136,0.00747387488307
105.657,1789944742.6,-0.261019222362,-0.357187055491,0.000623359068579,-0.202738809483,0.13261926301,0.00746256697585
105.677,1789944742.62,-0.259915320459,-0.369719305345,-0.00135642151308,-0.208099717547,0.131339471151,0.00738865729267
105.697,1789944742.64,-0.258295321435,-0.381431709036,-0.00330271251364,-0.213010244764,0.12979918068,0.0072533158118
105.717,1789944742.66,-0.256165828958,-0.392305946154,-0.00520039856924,-0.217459577484,0.128000866571,0.00705819288183
105.737,1789944742.68,-0.253534447311,-0.40232554052,-0.00703492009114,-0.221438035963,0.125947608177,0.00680540939262
105.757,1789944742.7,-0.250409760694,-0.411475880016,-0.00879238502628,-0.224937136454,0.123643175043,0.00649754268107
105.777,1789944742.72,-0.246801310266,-0.419744231665,-0.0104596744559,-0.227949646579,0.121092086254,0.00613760763293
105.797,1789944742.75,-0.242717684124,-0.427117180945,-0.0120879149781,-0.230567943377,0.118147745147,0.00569695995095
105.817,1789944742.77,-0.238168755104,-0.433584632531,-0.0137048294072,-0.23334387456,0.114135161902,0.00513778742177
105.837,1789944742.79,-0.233182459947,-0.439147621029,-0.0149763757203,-0.23420832797,0.111517225012,0.00467787208374
105.857,1789944742.81,-0.227762000595,-0.443796804414,-0.0161006464924,-0.235105543531,0.108230928352,0.00418496061336
105.877,1789944742.83,-0.221919544384,-0.447526620137,-0.0171213332929,-0.235356210352,0.104810939724,0.00364707197963
105.897,1789944742.84,-0.215668914153,-0.45033869849,-0.0179991993146,-0.235268033705,0.1010330568,0.00307386286277
105.917,1789944742.86,-0.20902520415,-0.452233644512,-0.0187303241698,-0.234711811612,0.0970171225122,0.00247394101869
105.937,1789944742.88,-0.202004297766,-0.453214279607,-0.019306936154,-0.233728492621,0.0927532036332,0.00185348474144
105.957,1789944742.9,-0.194623635928,-0.453286047705,-0.0196976475358,-0.232356510848,0.0885124987045,0.00126072102189
105.977,1789944742.92,-0.186898012571,-0.452451479584,-0.0199626510038,-0.230473453417,0.0838816854834,0.000621501165268
105.997,1789944742.94,-0.178846688841,-0.450719681005,-0.0200677069099,-0.228120652975,0.0790997142117,-1.79616073574e-05
106.017,1789944742.96,-0.170488154076,-0.448099671309,-0.0200164748087,-0.2252831309,0.0741333901674,-0.000657737766145
106.037,1789944742.98,-0.161841825654,-0.44460256275,-0.0198081895979,-0.221976944429,0.0690469881733,-0.00128679419788
106.057,1789944743,-0.152927419515,-0.440241049514,-0.0194462673743,-0.218213180385,0.0638568139067,-0.0018997009448
106.077,1789944743.02,-0.143765032032,-0.435029526129,-0.0189352649593,-0.214009409758,0.058587415738,-0.00249070505597
106.097,1789944743.04,-0.134375016485,-0.428984002259,-0.0182811786699,-0.209383293228,0.0532518285092,-0.00305521604296
106.117,1789944743.06,-0.124777958702,-0.422122057062,-0.0174911283572,-0.204353555465,0.047861662862,-0.00358904084452
106.137,1789944743.08,-0.114994509054,-0.41446235144,-0.0165807112323,-0.19870937312,0.0423448301232,-0.00408449851565
106.157,1789944743.1,-0.105046210644,-0.406027320163,-0.015550470669,-0.192984998894,0.0367640404939,-0.00455966927895
106.177,1789944743.12,-0.0949549666368,-0.396838874052,-0.0143915537734,-0.187027257934,0.0314512052362,-0.00497100548024
106.197,1789944743.14,-0.0847400596945,-0.386917239239,-0.0131612407208,-0.180200018453,0.0259239013983,-0.00534439001501
106.217,1789944743.16,-0.0744238387664,-0.376292158037,-0.0118162612615,-0.173891465012,0.0204689251095,-0.00567835685794
106.237,1789944743.18,-0.0640266369918,-0.364982937856,-0.0104281596789,-0.166306183624,0.0149611997822,-0.0059586647911
106.257,1789944743.2,-0.0535703266916,-0.35302377288,-0.00894259734683,-0.159567014134,0.00943861163681,-0.0061969690267
106.277,1789944743.22,-0.0430759740539,-0.340435579693,-0.00742522444882,-0.151944612173,0.00393961120156,-0.00638124658237
106.297,1789944743.24,-0.0325650322092,-0.327249713974,-0.00586908186977,-0.14419616191,-0.00152626476218,-0.00651489947953
106.317,1789944743.26,-0.0220587453485,-0.313495399099,-0.00429024639623,-0.136086807981,-0.00693945005215,-0.00659642941056
106.337,1789944743.28,-0.0115782008986,-0.299204082118,-0.00270013709396,-0.127768097397,-0.0122877181948,-0.00662653630964
106.357,1789944743.3,-0.00114426958571,-0.284407822804,-0.00111169526628,-0.119238975851,-0.0175590229198,-0.00660575431797
106.377,1789944743.32,0.0092224371779,-0.269139665132,0.000462503939977,-0.110549360356,-0.0227437773404,-0.00653514163042
106.397,1789944743.34,0.0195016024588,-0.253433322751,0.00201004267291,-0.101720923906,-0.0278333312371,-0.00641607329249
106.417,1789944743.36,0.0296732378537,-0.237323148675,0.00351888590079,-0.0927782803449,-0.0328199594494,-0.00625027794801
106.437,1789944743.38,0.03971771435,-0.220844026921,0.00497746975099,-0.0837387140566,-0.037696381935,-0.00603981947644
106.457,1789944743.4,0.0496157928061,-0.204031315261,0.00637479990578,-0.0746181437793,-0.0424556123433,-0.00578707655569
106.477,1789944743.42,0.0593486540712,-0.186920781885,0.00770053270433,-0.065430707768,-0.0470908228918,-0.00549472176877
106.497,1789944743.44,0.0688979293209,-0.169548550294,0.00894504771431,-0.0561904055625,-0.0515953191523,-0.0051656920402
106.517,1789944743.46,0.0782457305072,-0.151951041194,0.0100995116571,-0.0469114652246,-0.0559625528935,-0.00480315900046
106.537,1789944743.48,0.087374680768,-0.134164912009,0.0111559345172,-0.037608739787,-0.0601861658522,-0.0044104968488
106.557,1789944743.5,0.0962679444923,-0.116226992013,0.0121072182089,-0.0282977227708,-0.064260037816,-0.00399125081882
106.577,1789944743.52,0.104909256741,-0.0981742135775,0.0129471978973,-0.0189944563961,-0.0681783290953,-0.00354910600212
106.597,1789944743.54,0.113282951748,-0.0800435400778,0.0136706759565,-0.00971534063376,-0.0719355091798,-0.00308785720456
106.617,1789944743.56,0.121373990288,-0.0618718915166,0.0142734484206,-0.000476932462649,-0.0755263704137,-0.00261137962582
106.637,1789944743.58,0.129167985759,-0.0436960688841,0.0147523238015,0.00870423427603,-0.0789460280648,-0.00212360031662
106.657,1789944743.6,0.136651228892,-0.025552678193,0.0151051341047,0.0178117834811,-0.0821899101848,-0.00162847015272
106.677,1789944743.62,0.14381071103,-0.00747805491961,0.0153307379963,0.0268295817564,-0.0852537415334,-0.00112993624819
106.697,1789944743.64,0.150634145961,0.0104918106255,0.0154290160995,0.0357417786167,-0.0881335252687,-0.000631914730155
106.717,1789944743.66,0.1571099903,0.028321346656,0.0154008585153,0.0445328129365,-0.0908255255338,-0.000138263936186
106.737,1789944743.68,0.163227462407,0.0459754718026,0.0152481447351,0.0531873983521,-0.0933262531719,0.000347241856251
106.757,1789944743.7,0.168976559843,0.0634196654302,0.0149737161826,0.0616904995436,-0.0956324556574,0.000820938015119
106.777,1789944743.72,0.174348075337,0.0806200363163,0.0145813416923,0.0700273088227,-0.0977411118877,0.00127929425519
106.797,1789944743.74,0.179333611245,0.0975433896348,0.0140756762819,0.0781832291813,-0.0996494315536,0.00171893832826
106.817,1789944743.76,0.183925592469,0.114157292176,0.0134622136161,0.0861438675708,-0.101354858887,0.00213667848754
106.837,1789944743.78,0.188117277792,0.130430135712,0.0127472326015,0.0938950394003,-0.102855079909,0.00252952467537
106.857,1789944743.8,0.191902769589,0.146331198378,0.0119377385714,0.10142278369,-0.104148032952,0.00289470825263
106.877,1789944743.82,0.195277021876,0.161830703949,0.011041399555,0.108713387645,-0.105231921414,0.0032297002175
106.897,1789944743.84,0.198235846647,0.176899878825,0.0100664781551,0.115753418614,-0.106105228719,0.00353222781307
106.917,1789944743.86,0.200776252311,0.191511049887,0.00903138641641,0.122233162012,-0.107062569566,0.00382897971501
106.937,1789944743.88,0.202893120373,0.205639141439,0.00791647716201,0.129029654508,-0.107215548523,0.00403220824449
106.957,1789944743.9,0.204588008982,0.219256680611,0.00676028486821,0.135242092223,-0.107449739813,0.00422637931401
106.977,1789944743.92,0.205859240022,0.23233995476,0.00556210760515,0.141224075719,-0.107400293542,0.00437674763476
106.997,1789944743.94,0.206707476383,0.244865517041,0.00433381919922,0.146827757168,-0.107203598269,0.00449232469406
107.017,1789944743.96,0.207133623013,0.256811712252,0.00308481325062,0.152104459626,-0.106798108143,0.00456817729217
107.037,1789944743.98,0.207139549774,0.268158134911,0.00182538708222,0.157030796633,-0.106197883943,0.00460490892684
107.057,1789944744,0.206727860374,0.278885843379,0.00056569069942,0.161611873146,-0.105389599806,0.00460178887138
107.077,1789944744.02,0.205902003672,0.288977277308,-0.000684174595042,0.16584053763,-0.104373307778,0.0045591763171
107.097,1789944744.04,0.204666244976,0.298416298302,-0.00191430475763,0.169712757251,-0.103147142704,0.00447761185328
107.117,1789944744.06,0.203025677063,0.307188188992,-0.0031150660926,0.173221984725,-0.101713006916,0.0043581237304
107.137,1789944744.08,0.200986204,0.315279673577,-0.00427717640127,0.176361902701,-0.100073882577,0.00420207099417
107.157,1789944744.1,0.198554525555,0.322678932879,-0.00539177678627,0.179126050571,-0.0982342522319,0.00401115450606
107.177,1789944744.12,0.195738114299,0.329375621645,-0.00645049901531,0.181508607173,-0.0961993581459,0.00378736206021
107.197,1789944744.14,0.192545190899,0.335360882662,-0.00744552749475,0.183504604805,-0.0939750219209,0.00353294063769
107.217,1789944744.16,0.188984697448,0.340627357938,-0.00836965594695,0.185110205698,-0.0915673931259,0.00325036236613
107.237,1789944744.18,0.18506627021,0.345169195636,-0.00921633850034,0.186322803198,-0.0889828639159,0.00294229752707
107.257,1789944744.2,0.180800211993,0.348982052712,-0.00997973493094,0.187141065106,-0.0862280312974,0.00261158869705
107.277,1789944744.22,0.17619746434,0.352063093177,-0.0106547497494,0.187564909484,-0.083309717109,0.00226122687074
107.297,1789944744.24,0.171269579423,0.354410982271,-0.0112370648655,0.187595451373,-0.0802350065382,0.00189432762206
107.317,1789944744.26,0.166028557097,0.356025643736,-0.0117283493234,0.187075361738,-0.076850949498,0.00152023390909
107.337,1789944744.28,0.160488412351,0.356910334658,-0.0121104088045,0.186486668375,-0.073646304701,0.001123843949
107.357,1789944744.3,0.154660383004,0.357065543643,-0.0124154175203,0.185297999194,-0.0699741521421,0.000701459690097
107.377,1789944744.32,0.148560652111,0.35649868981,-0.0125840416323,0.183794877052,-0.0664747585165,0.000329529581975
107.397,1789944744.34,0.142201233503,0.355213410736,-0.0126749153993,0.181910384558,-0.0626427740497,-9.94564812848e-05
107.417,1789944744.36,0.135598184671,0.35321837227,-0.0126542466428,0.179768174439,-0.0589442550121,-0.000483712982021
107.437,1789944744.38,0.128765231432,0.350521437207,-0.0125283853259,0.177053519357,-0.0549046460216,-0.00088233281853
107.457,1789944744.41,0.121718552052,0.347133317487,-0.0123076509346,0.174098579979,-0.0509081286995,-0.00125849315909
107.477,1789944744.42,0.114473434613,0.34306528315,-0.0119907751965,0.170721939346,-0.0468553087775,-0.00161777755856
107.497,1789944744.45,0.107045478775,0.338330360304,-0.0115876831229,0.167160128744,-0.0426444548941,-0.00197201138605
107.517,1789944744.46,0.0994512946202,0.332941917819,-0.0111057678088,0.16349660516,-0.0386745614967,-0.00228235587449
107.537,1789944744.49,0.0917057196515,0.326914263727,-0.0105256199772,0.159005223156,-0.0341431260217,-0.00261331969958
107.557,1789944744.51,0.0838272491371,0.320264961021,-0.00987893724473,0.15447656994,-0.0298308481966,-0.00290054474356
107.577,1789944744.52,0.075832064675,0.313011063251,-0.0091624120034,0.14959876531,-0.0254242114143,-0.00316623126132
107.597,1789944744.55,0.0677374466807,0.305171452071,-0.00838444159783,0.144514409479,-0.0210606237719,-0.00340180422098
107.617,1789944744.57,0.0595602477327,0.296765605938,-0.00755123473161,0.139173041533,-0.0166856394509,-0.00360907854272
107.637,1789944744.59,0.0513174869329,0.287814099062,-0.00667030598647,0.133605254958,-0.0123251764527,-0.00378609784899
107.657,1789944744.61,0.0430260923236,0.278338356333,-0.00574927213161,0.127809566133,-0.00797309897525,-0.00393241017363
107.677,1789944744.63,0.0347029973269,0.268360729764,-0.00479605596167,0.121800580374,-0.003638994852,-0.00404721669346
107.697,1789944744.65,0.0263650762038,0.257904420777,-0.00381872255988,0.115588863823,0.000671879993717,-0.00413012075692
107.717,1789944744.67,0.01802913722,0.246993456349,-0.0028254332743,0.109188981213,0.00495065896704,-0.00418087639043
107.737,1789944744.69,0.00971188359307,0.235652631804,-0.0018243704937,0.102615521987,0.00918883223621,-0.00419950951829
107.757,1789944744.71,0.00142988280922,0.223907460026,-0.000823673147145,0.0958841257444,0.0133772274351,-0.00418628425839
107.777,1789944744.73,-0.00680047006131,0.211784112891,0.000168629329206,0.0890104933649,0.017506975153,-0.00414172158307
107.797,1789944744.75,-0.0149629868449,0.199309363077,0.00114468049619,0.0820103778143,0.0215694913389,-0.00406658893113
107.817,1789944744.77,-0.0230417204564,0.186510524452,0.00209685841782,0.0748993115051,0.0255567161729,-0.00396189432766
107.837,1789944744.79,-0.0310209971123,0.173415392793,0.0030178342256,0.067692573852,0.0294611136431,-0.00382887286572
107.857,1789944744.81,-0.0388854469069,0.160052186603,0.00390062733957,0.0604051566224,0.0332756754978,-0.00366897186463
107.877,1789944744.83,-0.0466200326115,0.146449488275,0.00473865686983,0.0530517937459,0.0369938646867,-0.00348383350163
107.897,1789944744.85,-0.0542100769699,0.132636185405,0.00552578885797,0.0456469965374,0.0406095573099,-0.00327527649249
107.917,1789944744.87,-0.0616412886773,0.118641412172,0.00625637908539,0.0382050955155,0.0441169823244,-0.00304527699752
107.937,1789944744.89,-0.0688997872547,0.104494490633,0.00692531122203,0.0307402728981,0.0475106733103,-0.00279594924353
107.957,1789944744.91,-0.0759721269613,0.0902248718912,0.00752803015341,0.0232665846137,0.050785433319,-0.00252952597402
107.977,1789944744.93,-0.0828453198365,0.0758620770961,0.00806057033994,0.0157979704033,0.0539363132671,-0.002248338866
107.997,1789944744.95,-0.0895068578961,0.0614356383471,0.00851957910805,0.00834825405316,0.0569586010651,-0.00195479895313
108.017,1789944744.97,-0.0959447344725,0.0469750395773,0.00890233480207,0.000931136647616,0.0598478183984,-0.00165137707797
108.037,1789944744.99,-0.102147464652,0.0325096575536,0.00920675973761,-0.00643981459658,0.0625997219584,-0.001340584434
108.057,1789944745.01,-0.108104104753,0.018068703137,0.00943142796077,-0.013751179147,0.0652103065693,-0.00102495324251
108.077,1789944745.03,-0.113804270775,0.00368116295976,0.00957556781403,-0.020989696624,0.0676758086088,-0.000707017635734
108.097,1789944745.05,-0.119238155764,-0.0106242583236,0.00963905938205,-0.0281422792963,0.0699927086645,-0.000389294853626
108.117,1789944745.07,-0.124396546038,-0.02481919506,0.00962242688321,-0.0351960242319,0.0721577331869,-7.42668208463e-05
108.137,1789944745.09,-0.129270836222,-0.0388756767493,0.00952682615729,-0.0421382245252,0.0741678554305,0.000235637757632
108.157,1789944745.11,-0.133853043062,-0.0527661831858,0.0093540273862,-0.0489563807562,0.076020295954,0.000538060709325
108.177,1789944745.13,-0.138135817983,-0.0664636984572,0.00910639325498,-0.0556382128087,0.0777125232144,0.000830731012538
108.197,1789944745.15,-0.142112458366,-0.079941763672,0.00878685276219,-0.062171672808,0.0792422547595,0.0011114806246
108.217,1789944745.17,-0.145776917522,-0.0931745282961,0.00839887094471,-0.0685449595601,0.0806074594139,0.00137825944563
108.237,1789944745.19,-0.149123813341,-0.106136799975,0.00794641478381,-0.0747465348663,0.081806360423,0.00162914931734
108.257,1789944745.21,-0.152148435599,-0.118804092728,0.00743391560004,-0.0807651416964,0.0828374399261,0.00186237701778
108.277,1789944745.23,-0.154846751904,-0.131152673403,0.00686622826016,-0.0865898244797,0.0836994446054,0.0020763261393
108.297,1789944745.25,-0.157215412265,-0.14315960628,0.00624858754255,-0.0922099512111,0.0843913922989,0.00226954780694
108.317,1789944745.27,-0.15925175227,-0.154802795722,0.00558656201783,-0.0976152374508,0.0849125794837,0.0024407701563
108.337,1789944745.29,-0.160953794859,-0.166061026766,0.00488600583198,-0.102795771715,0.0852625894984,0.00258890651408
108.357,1789944745.31,-0.162319797234,-0.17691400016,0.00412562536953,-0.107977205607,0.0854416521172,0.00271407077769
108.377,1789944745.33,-0.163350022817,-0.187341820013,0.00336531651216,-0.112667515897,0.0854407369822,0.00281231033784
108.397,1789944745.35,-0.164044163558,-0.197325797141,0.00258563604987,-0.11710241356,0.0852692359202,0.00288537201627
108.417,1789944745.37,-0.164403612136,-0.206848866248,0.00182551744232,-0.121027142787,0.0849529493041,0.00293601155993
108.437,1789944745.39,-0.164428080209,-0.215894780601,0.000999002931055,-0.125072302111,0.084420309815,0.00295586356995
108.457,1789944745.41,-0.164121366642,-0.224449274622,0.000202365560742,-0.128655171308,0.0837474117831,0.00295310546426
108.477,1789944745.43,-0.163485688643,-0.232497926138,-0.000590774445588,-0.132017664216,0.0829057891613,0.00292450720643
108.497,1789944745.45,-0.16252427775,-0.240028353172,-0.00136210774196,-0.135265506024,0.0817076773319,0.00287533535251
108.517,1789944745.47,-0.161242185006,-0.247027258211,-0.00212132876768,-0.138037146498,0.0805486121383,0.00279897325993
108.537,1789944745.49,-0.159644492282,-0.253483588004,-0.00286261878364,-0.140303285692,0.0794429472832,0.00269675853613
108.557,1789944745.51,-0.157735114981,-0.259390079935,-0.00356130631468,-0.142637101311,0.0778224083006,0.00257955805128
108.577,1789944745.53,-0.155521036614,-0.264736222855,-0.00423804358333,-0.144260223439,0.0764609326075,0.00243571464015
108.597,1789944745.55,-0.153007422591,-0.269517072006,-0.00486732387461,-0.145832888665,0.0746997743957,0.00227505939549
108.617,1789944745.57,-0.150201446336,-0.273727361616,-0.00544120526395,-0.147410727092,0.072796795398,0.00209275821945
108.637,1789944745.59,-0.147110182065,-0.277358783591,-0.00598787826755,-0.1480488638,0.0707593862333,0.00190198514297
108.657,1789944745.61,-0.143742208694,-0.280410802233,-0.00647078750017,-0.148719941925,0.0685545716979,0.00169272809461
108.677,1789944745.63,-0.140106069467,-0.282880435008,-0.00689884603049,-0.149010766365,0.0662199044669,0.00147202705672
108.697,1789944745.65,-0.136211004837,-0.284766990167,-0.00726730809499,-0.149068341351,0.063760344501,0.00123993559776
108.717,1789944745.67,-0.132066698298,-0.286070228193,-0.00757500530185,-0.148814298289,0.0611899207684,0.00099964625636
108.737,1789944745.69,-0.12768325719,-0.286791284894,-0.00782014984844,-0.148266879165,0.0585152929822,0.000753022891288
108.757,1789944745.71,-0.123071179576,-0.28693236046,-0.00800166380089,-0.147411417237,0.0557434125674,0.000502389287496
108.777,1789944745.73,-0.118241328197,-0.286496865092,-0.00811889711079,-0.146252650274,0.0528794935187,0.00024978697012
108.797,1789944745.75,-0.113204912036,-0.285489362598,-0.00817173255329,-0.144792480864,0.0499287923152,-2.71250576528e-06
108.817,1789944745.77,-0.107973466846,-0.283915575492,-0.00816056378957,-0.143037697947,0.0468965976043,-0.000253118302343
108.837,1789944745.79,-0.102558836135,-0.281782352031,-0.00808629536738,-0.140995585205,0.0437886770365,-0.000499468841205
108.857,1789944745.81,-0.0969731499503,-0.279097640083,-0.00795032881482,-0.138674676879,0.0406112986376,-0.000739855243693
108.877,1789944745.83,-0.0912288018282,-0.275870453803,-0.00775454608989,-0.136083728615,0.0373712431805,-0.000972424826233
108.897,1789944745.85,-0.0853384237153,-0.272110841513,-0.00750128826535,-0.13323170653,0.0340757036922,-0.00119539939671
108.917,1789944745.87,-0.0793148593583,-0.267829852892,-0.00719333058476,-0.130127601069,0.0307321723859,-0.00140709142894
108.937,1789944745.89,-0.0731711365801,-0.263039506802,-0.00683385408419,-0.126780476616,0.0273483187708,-0.00160592180009
108.957,1789944745.91,-0.0669204389251,-0.257752759094,-0.00642641420307,-0.123199518552,0.0239318860401,-0.00179043544451
108.977,1789944745.93,-0.060576077048,-0.251983470234,-0.00597490675172,-0.119394116689,0.0204906093695,-0.00195931500397
108.997,1789944745.95,-0.0541514601376,-0.245746372234,-0.00548353158668,-0.115373929098,0.0170321585841,-0.00211139178802
109.017,1789944745.97,-0.0476600675586,-0.239057034586,-0.00495675435706,-0.111148926317,0.0135641011502,-0.0022456542554
109.037,1789944745.99,-0.04111542082,-0.231931828941,-0.00439926666889,-0.106729407381,0.010093880526,-0.00236125413067
109.057,1789944746.01,-0.0345310559159,-0.224387892401,-0.00381594500839,-0.102125992383,0.00662880423887,-0.00245751051725
109.077,1789944746.03,-0.027920496054,-0.216443089411,-0.00321180878626,-0.0973495966412,0.00317603728139,-0.00253391222678
109.097,1789944746.05,-0.0212972247723,-0.208115972283,-0.00259197782769,-0.0924113933766,-0.000257402747549,-0.00259011855862
109.117,1789944746.07,-0.0146746594367,-0.199425740475,-0.00196162968753,-0.0873227712317,-0.00366465071604,-0.00262595871279
109.137,1789944746.09,-0.00806612513209,-0.190392198718,-0.00132595710002,-0.0820952910866,-0.00703900012349,-0.00264142987704
109.157,1789944746.11,-0.00148482895022,-0.181035714153,-0.000690125942963,-0.076740645682,-0.010373910566,-0.00263669410728
109.177,1789944746.13,0.00505616529096,-0.171377172567,-5.92340253787e-05,-0.0712706235407,-0.0136630160723,-0.00261207400071
109.197,1789944746.15,0.0115439618733,-0.161437933878,0.000561728977594,-0.0656970777195,-0.016900133746,-0.00256804722874
109.217,1789944746.17,0.0179658575063,-0.151239786926,0.00116792011415,-0.0600318992654,-0.0200792720008,-0.00250523997209
109.237,1789944746.19,0.024309365123,-0.140804903698,0.00175468001801,-0.0542869945345,-0.0231946382538,-0.00242441930358
109.257,1789944746.21,0.0305622370962,-0.130155793039,0.00231756773396,-0.0484742656997,-0.0262406451237,-0.00232648462975
109.277,1789944746.23,0.0367124878447,-0.11931525395,0.00285239329156,-0.0426055935222,-0.0292119158287,-0.00221245824401
109.297,1789944746.25,0.0427484157849,-0.108306328528,0.00335524779201,-0.0366928217201,-0.0321032879197,-0.00208347512843
109.317,1789944746.27,0.0486586993219,-0.0971514824143,0.00383625093185,-0.0303253308595,-0.0349113480291,-0.00194306245499
109.337,1789944746.29,0.054432500325,-0.085877001614,0.00425739425403,-0.0245841820206,-0.0378248222982,-0.00179985039568
109.357,1789944746.31,0.0600578554971,-0.0745048533678,0.00465242075387,-0.018519778728,-0.0403760683797,-0.00161363947579
109.377,1789944746.33,0.0655244731358,-0.0630590687638,0.00498995800358,-0.0125928079455,-0.0427509020233,-0.00144434320436
109.397,1789944746.35,0.0708236389449,-0.0515631548545,0.00528519887025,-0.00674873126306,-0.045258151536,-0.0012509470025
109.417,1789944746.37,0.0759450769251,-0.0400403742612,0.00552401480113,-0.00105047144131,-0.0475631385198,-0.00107722303784
109.437,1789944746.39,0.0808795027296,-0.0285125781569,0.00572536791184,0.00491550597247,-0.0496044471937,-0.00087309652698
109.457,1789944746.41,0.0856190593219,-0.0170042187072,0.00586319812741,0.0104571903405,-0.0517125776794,-0.000675647837507
109.477,1789944746.43,0.0901557183469,-0.00553582434936,0.00596410288922,0.0165512055339,-0.0537701693496,-0.000468049383758
109.497,1789944746.45,0.094480935547,0.0058676247131,0.00600705570707,0.0222895817702,-0.0556336352606,-0.00026967021889
109.517,1789944746.47,0.0985872340197,0.0171833688195,0.00600521999456,0.0278542823248,-0.0572715102375,-7.76229554451e-05
109.537,1789944746.49,0.102468306365,0.0283895240604,0.00594926348963,0.0333750388746,-0.0588823136613,0.000116332524722
109.557,1789944746.51,0.106117984321,0.0394647060239,0.00583873150565,0.0389733620079,-0.060480852566,0.00031090359357
109.577,1789944746.53,0.109529794167,0.0503864723397,0.00568557191999,0.0443231885524,-0.0618531779488,0.000494387104463
109.597,1789944746.55,0.112698447879,0.0611336167964,0.00548912302471,0.0494904814903,-0.0631562710095,0.000675280293532
109.617,1789944746.57,0.115618397065,0.0716855025422,0.00525400966791,0.0543754325103,-0.064123491311,0.000831901765219
109.637,1789944746.59,0.118286062842,0.0820237391329,0.00496370933045,0.0595484546981,-0.0651101975395,0.000993888335457
109.657,1789944746.61,0.120697651502,0.0921274328337,0.00464354917127,0.0643421973326,-0.0658987305165,0.00113889535805
109.677,1789944746.63,0.122850063129,0.101977795735,0.00428806054169,0.0690190296045,-0.066578023972,0.00127282330527
109.697,1789944746.65,0.124740611757,0.111556304476,0.00390172944661,0.0734798992256,-0.0671145530247,0.00139348337029
109.717,1789944746.67,0.126367230886,0.12084550762,0.00348733757588,0.0777673302812,-0.067521444133,0.00150050219498
109.737,1789944746.69,0.12772834989,0.129828567347,0.00304860665511,0.0818658606744,-0.0677927437181,0.00159310280576
109.757,1789944746.71,0.128822948114,0.138489434699,0.00258931014029,0.0857794895042,-0.0679297641629,0.00167068939558
109.777,1789944746.73,0.129650535258,0.146812787307,0.00211340363017,0.0895014877969,-0.067931168086,0.00173279412246
109.797,1789944746.75,0.130211161495,0.154784074179,0.00162492353456,0.0930269731727,-0.0677971296238,0.001779086736
109.817,1789944746.77,0.13050541352,0.162389527471,0.00112796135468,0.0963489087378,-0.0675278405978,0.00180938525117
109.837,1789944746.79,0.130534413637,0.169616192498,0.000626624356817,0.0994605620104,-0.0671241355044,0.0018236451747
109.857,1789944746.81,0.130299814927,0.176451952091,0.000125002784721,0.102355257766,-0.0665872209336,0.00182195719959
109.877,1789944746.83,0.129803795414,0.182885551832,-0.00037286297742,0.105026973452,-0.0659187237482,0.0018045398285
109.897,1789944746.85,0.129049050367,0.188906621711,-0.000863013930861,0.107470395796,-0.0651206048008,0.00177173455332
109.917,1789944746.87,0.128038783383,0.194505694927,-0.00134160305041,0.109681021628,-0.0641951312824,0.00172400048633
109.937,1789944746.89,0.126776964505,0.199673744008,-0.00179430560607,0.111328343637,-0.0632064270984,0.00167093794503
109.957,1789944746.91,0.125266838848,0.204405325803,-0.00224945525596,0.113389735818,-0.0619725130121,0.00158614655427
109.977,1789944746.93,0.123513906814,0.208692148504,-0.00267195650652,0.114890926044,-0.0606795894789,0.00149730452717
109.997,1789944746.95,0.121523110696,0.212528452128,-0.00307003209061,0.116214888957,-0.0592584153096,0.00139497763004
110.017,1789944746.97,0.11930050169,0.215909234983,-0.00342376955741,0.1171817778,-0.0578195506132,0.00129157380394
110.037,1789944746.99,0.116850805512,0.218830083532,-0.00377720986145,0.117977740874,-0.0561112979643,0.00116151366494
110.057,1789944747.01,0.114181564603,0.22128885342,-0.00408239051097,0.118473157687,-0.0543803238669,0.00103109266198
110.077,1789944747.03,0.111299343767,0.223283388921,-0.0043536662395,0.118730961002,-0.0525326042418,0.000891852596797
110.097,1789944747.05,0.108211503216,0.224812798044,-0.0045867158797,0.118736698147,-0.0506067434476,0.000747291878588
110.117,1789944747.07,0.10492557319,0.225877119272,-0.00478148267101,0.118504019378,-0.0485894329314,0.000597448251656
110.137,1789944747.09,0.101449485257,0.226477323434,-0.0049367874732,0.118033505931,-0.0464886570564,0.00044376738766
110.157,1789944747.11,0.0977914767604,0.2266152996,-0.00505200245048,0.117329412215,-0.0443053338633,0.000287369078975
110.177,1789944747.13,0.0939601088736,0.226293836468,-0.00512671235862,0.116393807579,-0.0420444556141,0.0001295743109
110.197,1789944747.15,0.0899642387032,0.225516615871,-0.00516084183995,0.115229527793,-0.0397105369348,-2.83252134575e-05
110.217,1789944747.17,0.0858130046375,0.224288201157,-0.00515463326847,0.113839522447,-0.0373091298695,-0.000185021077446
110.237,1789944747.19,0.0815158036437,0.222614026699,-0.00510865132016,0.11222743988,-0.0348459506655,-0.000339233239657
110.257,1789944747.21,0.0770822696945,0.220500384135,-0.00502377366234,0.110397564184,-0.0323269821118,-0.000489716363564
110.277,1789944747.23,0.0725222507093,0.217954406538,-0.00490118076691,0.108354879089,-0.0297582529421,-0.000635275817132
110.297,1789944747.25,0.0678457856965,0.214984049861,-0.00474234245089,0.106104996852,-0.0271458052586,-0.000774776554051
110.317,1789944747.27,0.0630630818639,0.211598072138,-0.00454900226182,0.103654093421,-0.0244956402033,-0.000907152010701
110.337,1789944747.29,0.0581844919992,0.207806010619,-0.00432315976598,0.101008824786,-0.0218137098871,-0.00103141108381
110.357,1789944747.31,0.0532204920702,0.203618157183,-0.0040670509634,0.0981762543733,-0.0191059141226,-0.00114664444391
110.377,1789944747.33,0.0481816590437,0.199045532285,-0.00378312704538,0.0951637906115,-0.0163781062299,-0.00125203003942
110.397,1789944747.35,0.0430786488668,0.194099857656,-0.00347403167244,0.091979139039,-0.0136360970297,-0.00134683800139
110.417,1789944747.37,0.0379221745779,0.188793527891,-0.00314257701351,0.0886302659431,-0.0108856563383,-0.00143043488773
110.437,1789944747.39,0.0327229845198,0.183139581051,-0.00279171873896,0.0851253714906,-0.00813250979183,-0.0015022872438
110.457,1789944747.41,0.0274918406584,0.177151668319,-0.00242453019741,0.0814728686628,-0.00538233156832,-0.00156196440086
110.477,1789944747.43,0.0222394970195,0.170844022782,-0.00204417600975,0.0776813654257,-0.0026407340092,-0.00160914045654
110.497,1789944747.45,0.0169766782801,0.164231427351,-0.00165388528592,0.0737596479543,8.67447366068e-05,-0.00164359536975
110.517,1789944747.47,0.0117140585517,0.157329181867,-0.00125692470525,0.0697166637577,0.0027946537728,-0.00166521519508
110.537,1789944747.49,0.00646224040316,0.150153069432,-0.000856571667133,0.0655615038992,0.00547764228508,-0.00167399138542
110.557,1789944747.51,0.00123173416798,0.142719322,-0.000456087740216,0.0613033845178,0.00813047154072,-0.0016700192584
110.577,1789944747.53,-0.00396706241809,0.135044585304,-5.86926078266e-05,0.0569516275371,0.0107480256664,-0.00165349559403
110.597,1789944747.55,-0.00912388420931,0.127145883153,0.000332461275231,0.0525156412033,0.0133253209679,-0.00162471544461
110.617,1789944747.57,-0.0142286182331,0.119040581184,0.000714313127855,0.048004900755,0.0158575140854,-0.00158406820119
110.637,1789944747.59,-0.019271322831,0.110746350131,0.00108391721704,0.0434289294034,0.0183399088474,-0.00153203296301
110.657,1789944747.61,-0.0242422463235,0.102281128682,0.00143846495943,0.0387972802293,0.0207679621539,-0.0014691732781
110.677,1789944747.63,-0.0291318605552,0.0936630675511,0.00177505763112,0.0341118760378,0.0231449378293,-0.00139578642369
110.697,1789944747.65,-0.0339308112725,0.0849105687742,0.00209150386512,0.0293909861545,0.0254578978297,-0.00131297403141
110.717,1789944747.67,-0.0386302327503,0.0760418038205,0.0023974222377,0.0244262766569,0.0277915357047,-0.00121934983686
110.737,1789944747.69,-0.0432203636175,0.067077074961,0.00265494014209,0.0198791498893,0.0298774616112,-0.00112210958151
110.757,1789944747.71,-0.0476936162157,0.058033439714,0.00290848922839,0.0149146969453,0.0320367546469,-0.00101374059817
110.777,1789944747.73,-0.0520410061654,0.0489314498704,0.00311369452423,0.0104519150004,0.0340255968709,-0.000900358843364
110.797,1789944747.75,-0.0562548381405,0.0397877514496,0.00329754025706,0.00564766434304,0.0359025886243,-0.00078628810034
110.817,1789944747.77,-0.0603276653127,0.0306217809104,0.00345374104627,0.00101368888188,0.0376783247267,-0.000667857506246
110.837,1789944747.79,-0.0642530172838,0.0214511638733,0.00357976584004,-0.00383718210763,0.0396126092007,-0.000545332166667
110.857,1789944747.81,-0.0680224960456,0.0122952894172,0.00367451515829,-0.00861676071627,0.0411735644056,-0.000413789191381
110.877,1789944747.83,-0.0716304768351,0.00317334307906,0.00373067503789,-0.0131716283143,0.0428437101718,-0.00029097760659
110.897,1789944747.85,-0.0750697357165,-0.00589665853925,0.00375842758257,-0.0175884047246,0.0441389272349,-0.000163774527366
110.917,1789944747.87,-0.0783358745168,-0.0148978712351,0.0037505291202,-0.0221598773952,0.0456055906518,-3.35762832053e-05
110.937,1789944747.89,-0.0814227403896,-0.0238122411122,0.00371732164658,-0.0266892274001,0.0468457551905,9.09170199114e-05
110.957,1789944747.91,-0.0843255597605,-0.032621661893,0.00364944668953,-0.0310484086283,0.0480428983745,0.000211993709523
110.977,1789944747.93,-0.0870394704949,-0.041308541615,0.003554900085,-0.0350918983207,0.0490709955682,0.000324793790659
110.997,1789944747.95,-0.0895606209987,-0.0498579160616,0.00342524919443,-0.0394304170666,0.0501029529491,0.000440811826318
111.017,1789944747.97,-0.0918848504714,-0.0582520954537,0.00327126516247,-0.0434617035538,0.050977890912,0.000547325938734
111.037,1789944747.99,-0.0940087383053,-0.0664753841464,0.00309133559369,-0.0474195409845,0.0517545681025,0.000647718144908
111.057,1789944748.01,-0.0959292059905,-0.0745120942892,0.00288770548575,-0.0512208972439,0.0524108291986,0.000740770862192
111.077,1789944748.03,-0.0976436974316,-0.0823473482836,0.0026620580913,-0.0549002194273,0.0529563769444,0.000826087118627
111.097,1789944748.05,-0.0991500787707,-0.089966679058,0.00241649561097,-0.0584441119018,0.0533892705394,0.00090309052767
111.117,1789944748.07,-0.100446628997,-0.097356238943,0.00215395084644,-0.0618765809298,0.0536893315815,0.000972110055152
111.137,1789944748.09,-0.101532276761,-0.104502425559,0.00187456136062,-0.0651230680298,0.0539247635753,0.00103021528233
111.157,1789944748.11,-0.102406069045,-0.111392606964,0.00158294188884,-0.0682451281419,0.0540296081804,0.00107955826672
111.177,1789944748.13,-0.103067631295,-0.118014521725,0.00128082092865,-0.0712103499371,0.0540301095962,0.00111902094369
111.197,1789944748.15,-0.103516977154,-0.124356575437,0.000970869187042,-0.0740213155652,0.0539180570563,0.00114848479327
111.217,1789944748.17,-0.103754584152,-0.130407763261,0.000655612318492,-0.07666763113,0.053698511292,0.00116780958501
111.237,1789944748.19,-0.103781345976,-0.136157743417,0.000337649794377,-0.079144640787,0.0533716023782,0.00117696696924
111.257,1789944748.21,-0.103598581851,-0.141596842555,1.95611694923e-05,-0.0814466060441,0.0529393695516,0.00117602247764
111.277,1789944748.23,-0.103208023893,-0.146716081795,-0.000296100275231,-0.0835693373197,0.0524031886132,0.00116511341342
111.297,1789944748.25,-0.102611812742,-0.151507190281,-0.000606832804517,-0.0855091229597,0.0517647923015,0.00114445608148
111.317,1789944748.27,-0.10181248965,-0.15596261908,-0.00091020494059,-0.0872630029822,0.0510259405032,0.00111433820428
111.337,1789944748.29,-0.100812989287,-0.160075551221,-0.00120387456462,-0.0888285262878,0.0501885957851,0.00107511931316
111.357,1789944748.31,-0.0996166314496,-0.163839910093,-0.00148560667067,-0.0902037243975,0.049254895166,0.00102722707194
111.377,1789944748.33,-0.0982271122108,-0.167250365853,-0.00175329012127,-0.091387036379,0.0482271837972,0.000971154301665
111.397,1789944748.35,-0.0966484942431,-0.170302340365,-0.0020049531625,-0.0923772864734,0.0471080115192,0.000907454558281
111.417,1789944748.37,-0.0948851963865,-0.172992010672,-0.00223877762285,-0.0931736703156,0.0459001325856,0.000836737198996
111.437,1789944748.39,-0.0929419824604,-0.175316311112,-0.00245311168468,-0.0937757576923,0.0446064966309,0.000759661739244
111.457,1789944748.41,-0.0908239493687,-0.177272934043,-0.00264648113744,-0.0941835006452,0.0432302385433,0.000676931762182
111.477,1789944748.43,-0.0885365145421,-0.178860329179,-0.00281759904981,-0.0943972438125,0.0417746666213,0.000589288466131
111.497,1789944748.45,-0.0860854027714,-0.180077701486,-0.0029653738056,-0.0944177329843,0.0402432507278,0.000497503986759
111.517,1789944748.47,-0.0834766324787,-0.180925007624,-0.00308891544012,-0.0942461206487,0.038639610893,0.000402374560145
111.537,1789944748.49,-0.0807165014733,-0.181402950915,-0.00318754027934,-0.0938839672878,0.0369675062199,0.000304713608021
111.557,1789944748.51,-0.0778115722341,-0.181512974841,-0.00326077383764,-0.0933332388716,0.0352308242545,0.000205344804408
111.577,1789944748.53,-0.0747686567575,-0.181257255096,-0.00330835198627,-0.0925963011039,0.0334335705773,0.000105095158112
111.597,1789944748.55,-0.07159480101,-0.180638690193,-0.00333022040312,-0.0916759106909,0.031579858337,4.78817699744e-06
111.617,1789944748.57,-0.0682972690174,-0.179660890698,-0.0033265323239,-0.090575204825,0.0296738977277,-9.47628363643e-05
111.637,1789944748.59,-0.0648835266321,-0.178328167088,-0.00329764464434,-0.0892976891688,0.0277199851765,-0.000192761351605
111.657,1789944748.61,-0.0613612250098,-0.17664551631,-0.00324411241371,-0.0878472246155,0.0257224922747,-0.000288433904804
111.677,1789944748.63,-0.0577381838332,-0.17461860706,-0.00316668179375,-0.0862280135919,0.0236858545072,-0.00038103616475
111.697,1789944748.65,-0.0540223743203,-0.172253763844,-0.00306628156191,-0.0844445854859,0.0216145596618,-0.000469858652886
111.717,1789944748.67,-0.0502219020537,-0.169557949854,-0.00294401323768,-0.0825017817144,0.0195131362716,-0.000554232108677
111.737,1789944748.69,-0.0463449896667,-0.166538748706,-0.00280113994017,-0.0804047404181,0.0173861419991,-0.000633532432725
111.757,1789944748.71,-0.0423999594264,-0.16320434509,-0.00263907408565,-0.0781588805426,0.0152381519711,-0.000707185192581
111.777,1789944748.73,-0.0383952157461,-0.159563504372,-0.00245936403273,-0.0757698857457,0.0130737473984,-0.000774669641826
111.797,1789944748.75,-0.034339227669,-0.155625551202,-0.00226367980777,-0.0732436879065,0.0108975043595,-0.000835522228254
111.817,1789944748.77,-0.0302405113535,-0.151400347164,-0.00205379803359,-0.0705864504151,0.00871398289386,-0.000889339574244
111.837,1789944748.79,-0.0261076125991,-0.146898267526,-0.00183158620073,-0.0678045511771,0.00652771631795,-0.00093578090728
111.857,1789944748.81,-0.0219490894463,-0.142130177138,-0.00159898641327,-0.0649045656883,0.00434320109904,-0.00097456993381
111.877,1789944748.83,-0.0177734948832,-0.137107405527,-0.00135799875511,-0.0618932499167,0.00216488700429,-0.00100549614625
111.897,1789944748.85,-0.0135893596939,-0.131841721233,-0.00111066440755,-0.0587775233032,-2.83226523311e-06,-0.00102841556484
111.917,1789944748.87,-0.00940517547784,-0.126345305457,-0.00085904867036,-0.0555644519513,-0.00215562796546,-0.00104325092757
111.937,1789944748.89,-0.0052293778748,-0.120630725053,-0.000605224020368,-0.0522612318512,-0.0042892447986,-0.00104999131948
111.957,1789944748.91,-0.00107033002231,-0.114710904934,-0.000351253336553,-0.0488751725668,-0.00639950879561,-0.0010486912769
111.977,1789944748.93,0.00306369372146,-0.108599099932,-9.9173439354e-05,-0.0454136809564,-0.00848233487568,-0.00103946936616
111.997,1789944748.95,0.00716452376354,-0.102308866188,0.000149020937048,-0.0418842454993,-0.0105337337773,-0.00102250626928
112.017,1789944748.97,0.0112241109407,-0.0958540321025,0.000391392618558,-0.0382944206927,-0.012549818583,-0.000998042401972
112.037,1789944748.99,0.0152345418376,-0.0892486689271,0.000626076785186,-0.0346518120591,-0.0145268108026,-0.000966375096264
112.057,1789944749.01,0.0191880537303,-0.0825070610367,0.000851294983688,-0.0309640614242,-0.0164610459828,-0.000927855357058
112.077,1789944749.03,0.0230770491324,-0.075643675952,0.00106536825484,-0.0272388325089,-0.0183489788476,-0.000882884263906
112.097,1789944749.05,0.0268941099164,-0.0686731341639,0.00126672928831,-0.0234837970566,-0.0201871880917,-0.000831909023076
112.117,1789944749.07,0.0306320109902,-0.0616101788225,0.0014539335081,-0.0197066211526,-0.0219723807926,-0.000775418722787
112.137,1789944749.09,0.0342837335032,-0.0544696453484,0.00162566903233,-0.0159149520626,-0.0237013964214,-0.000713939818972
112.157,1789944749.11,0.0378424775613,-0.047266431025,0.00178076543249,-0.0121164052036,-0.0253712105377,-0.000648031415134
112.177,1789944749.13,0.0413016744314,-0.0400154646348,0.00191820124124,-0.00831855162189,-0.0269789382138,-0.00057828033517
112.197,1789944749.15,0.0446549982126,-0.0327316761958,0.00203711017153,-0.00452890557189,-0.0285218371707,-0.000505296093845
112.217,1789944749.17,0.0478963769571,-0.0254299668605,0.00213678600839,-0.000754912476998,-0.0299973106212,-0.000429705725466
112.237,1789944749.19,0.0510201663618,-0.0181250321414,0.00221903165422,0.00306830348046,-0.0314751897896,-0.000356803148628
112.257,1789944749.21,0.054020171403,-0.0108319850217,0.00228074354101,0.0068494921782,-0.0327337201932,-0.000273860825682
112.277,1789944749.23,0.0568918062415,-0.00356597972923,0.00231763243523,0.010454206724,-0.0340497354346,-0.000197250761791
112.297,1789944749.25,0.0596296735876,0.00365929041802,0.00233557678619,0.0141931258076,-0.0352157095322,-0.000110602575234
112.317,1789944749.27,0.0622291519525,0.0108285495237,0.00233577980447,0.0176646322141,-0.0362542789624,-3.4398497853e-05
112.337,1789944749.29,0.064686267068,0.0179283121488,0.00231122316289,0.0210812271734,-0.0372738643597,4.38368899483e-05
112.357,1789944749.31,0.0669970956356,0.0249456551309,0.00226905142463,0.0246786664951,-0.0382536675198,0.000122069987974
112.377,1789944749.33,0.0691575781627,0.0318657132108,0.00221190158569,0.027949125634,-0.0390664047064,0.000193044665771
112.397,1789944749.35,0.0711647054085,0.0386762559451,0.00212955384294,0.031381461316,-0.0398956412013,0.000265414092578
112.417,1789944749.37,0.0730151810858,0.045363962745,0.00202709289355,0.0349138464157,-0.0406475557056,0.000336094600362
112.437,1789944749.39,0.0747059579429,0.0519141467174,0.00191339996329,0.0380451759269,-0.0412477883819,0.000398226848337
112.457,1789944749.41,0.0762346795094,0.0583144544333,0.00178949670305,0.0408928256681,-0.0417263160675,0.000454003892857
112.477,1789944749.43,0.077599490036,0.0645540959743,0.00164835430566,0.0437337637988,-0.0421332351543,0.000506632756281
112.497,1789944749.45,0.0787988206251,0.0706218912098,0.00149465748828,0.0464805876867,-0.042456281559,0.000554122348127
112.517,1789944749.47,0.0798314187535,0.0765071061264,0.00132954235004,0.0491581581666,-0.0427010715309,0.000596190634938
112.537,1789944749.49,0.0806963300598,0.0821992036982,0.00115474252054,0.0517437251626,-0.0428646379391,0.00063247025357
112.557,1789944749.51,0.0813929221044,0.0876880342161,0.00097179994621,0.0542281254627,-0.0429460222756,0.000662750705267
112.577,1789944749.53,0.0819209508874,0.092963676673,0.000789355771976,0.0564839769947,-0.042946816014,0.000686914599189
112.597,1789944749.55,0.0822802736819,0.0980173707049,0.000593273925327,0.0586775215463,-0.0428543453617,0.000706051311938
112.617,1789944749.57,0.0824714162151,0.102840828749,0.000397471704213,0.0608619423154,-0.0426951915321,0.000717001298906
112.637,1789944749.59,0.0824949304016,0.107425235624,0.000197501478965,0.0628759892317,-0.0424411001768,0.000722434946431
112.657,1789944749.61,0.0823518618165,0.111762759791,-2.49179496097e-06,0.0647556031929,-0.0421028518343,0.000721454032157
112.677,1789944749.63,0.0820435485799,0.115846011652,-0.000201147070284,0.0664747045696,-0.0416782602572,0.000714385072746
112.697,1789944749.65,0.0815716804861,0.119668288903,-0.000396696093327,0.0680370671203,-0.0411706235126,0.000701262581622
112.717,1789944749.67,0.0809382684544,0.123223492881,-0.000587609795723,0.0694401606557,-0.0405816303339,0.000682274067327
112.737,1789944749.69,0.0801456433378,0.126506158602,-0.000772398208583,0.0706861097461,-0.0399137032514,0.000657617090334
112.757,1789944749.71,0.0791964442323,0.129511436001,-0.000949653272355,0.0717761453891,-0.0391690226528,0.000627545658367
112.777,1789944749.73,0.078093610328,0.132235086504,-0.0011180445464,0.0727117008413,-0.0383498441316,0.000592355393518
112.797,1789944749.75,0.0768402706243,0.134673365886,-0.0012777546843,0.0734496830344,-0.0374144130791,0.000554648881368
112.817,1789944749.77,0.0754403651458,0.136823693491,-0.00142336844768,0.0741223073488,-0.0364969745784,0.000508017000028
112.837,1789944749.79,0.073897208869,0.138683129296,-0.00155942418212,0.0745590412319,-0.0354289363667,0.000461703659789
112.857,1789944749.81,0.0722153014655,0.140250321972,-0.0016795080663,0.0749318191623,-0.0343848900028,0.000407514304234
112.877,1789944749.83,0.070398531778,0.141523589223,-0.00178698753033,0.0751038095761,-0.0332302526442,0.000352498423538
112.897,1789944749.85,0.0684515074734,0.142502358521,-0.00187967618207,0.0751286060061,-0.0320210423081,0.000294769893713
112.917,1789944749.87,0.0663789243724,0.143186364785,-0.00195923787373,0.0749286905451,-0.0307382157316,0.000235849217171
112.937,1789944749.89,0.0641858594613,0.143576666751,-0.00202050962564,0.0746325289069,-0.0293937059482,0.000173866238139
112.957,1789944749.91,0.0618776228543,0.143674393654,-0.00206650941922,0.0742138999866,-0.0280212564449,0.000112416439933
112.977,1789944749.93,0.0594595302938,0.143481231085,-0.00209520292225,0.0736673813213,-0.0265725248874,5.0265100843e-05
112.997,1789944749.95,0.0569373262007,0.142999227585,-0.00210844819631,0.0729548332716,-0.0251038140293,-1.26099785944e-05
113.017,1789944749.97,0.05431663808,0.142231148116,-0.00210552346399,0.0720683099214,-0.023539830864,-8.01445527043e-05
113.037,1789944749.99,0.0516037589567,0.141180525976,-0.00208634534131,0.071049984558,-0.0219916872553,-0.000141422499948
113.057,1789944750.01,0.0488048229389,0.139851412456,-0.0020527981978,0.0699361551438,-0.0204724482606,-0.000196331469256
113.077,1789944750.03,0.0459256283459,0.138248085037,-0.00200366365031,0.0686555150372,-0.0188755760949,-0.000253606215576
113.097,1789944750.05,0.0429723244054,0.136375483684,-0.0019379052211,0.0671847751821,-0.0171776785825,-0.000312794087269
113.117,1789944750.07,0.0399517184611,0.13423946973,-0.00186018951145,0.0656371627495,-0.0155018565766,-0.000365693436663
113.137,1789944750.09,0.0368703730614,0.131846068467,-0.0017692381306,0.0639596469865,-0.0138158858985,-0.000414517825683
113.157,1789944750.11,0.0337348873752,0.129201867,-0.00166657853718,0.0621804167623,-0.0121186667802,-0.000459724420594
113.177,1789944750.13,0.0305518989604,0.126313807639,-0.00155289162175,0.0602899033597,-0.0104098266856,-0.000500995150345
113.197,1789944750.15,0.0273280971849,0.123189284811,-0.00142924379874,0.0582931187357,-0.00869068099523,-0.000538139421257
113.217,1789944750.17,0.0240702143635,0.119836103585,-0.00129672717213,0.0561916306817,-0.00696365282874,-0.000570914599049
113.237,1789944750.19,0.0207850157927,0.116262483901,-0.00115651241032,0.0539897602092,-0.00523202865668,-0.000599111738673
113.257,1789944750.21,0.0174792864292,0.112477040083,-0.00100981661091,0.0516921206509,-0.00349957273885,-0.000622549868213
113.277,1789944750.23,0.0141598158092,0.10848876402,-0.000857895581794,0.0493041278348,-0.00177025947411,-0.000641087483336
113.297,1789944750.25,0.0108335336282,0.104307183978,-0.000707776268768,0.0469492487586,-0.000124894401307,-0.000652917959467
113.317,1789944750.27,0.00750651877518,0.0999411053389,-0.000543518013632,0.0442801497171,0.00166314295006,-0.00066310351694
113.337,1789944750.29,0.00418606008782,0.0954012550464,-0.000383511156476,0.0416485920074,0.00336457241938,-0.000666589340382
113.357,1789944750.31,0.000878836233937,0.0906981560774,-0.000228264775852,0.0390925312971,0.005018158453,-0.000662563858893
113.377,1789944750.33,-0.00240882472991,0.0858412258562,-6.44828421404e-05,0.0361841346101,0.00671428613362,-0.000658587018919
113.397,1789944750.35,-0.00567013969511,0.0808422991971,9.18133181984e-05,0.0333711431624,0.00834685600499,-0.00064720232854
113.417,1789944750.37,-0.00889874256596,0.0757122904852,0.000244625130272,0.0304940289426,0.00995371209886,-0.000631275683281
113.437,1789944750.39,-0.0120883101082,0.0704625553757,0.000392157531187,0.0276044089011,0.0115221850944,-0.000610529254997
113.457,1789944750.41,-0.015232827138,0.0651045031445,0.000531553349368,0.0247462864949,0.0131212521861,-0.000589498961864
113.477,1789944750.43,-0.0183256980505,0.05964906238,0.000668067235337,0.0217322971279,0.0145537643959,-0.00055630406259
113.497,1789944750.45,-0.0213615384741,0.0541082601276,0.000794482240895,0.0187531544638,0.0160086872469,-0.00052325304867
113.517,1789944750.47,-0.0243345699285,0.0484937360114,0.000912053117984,0.0157451797577,0.0174146181142,-0.000486490890565
113.537,1789944750.49,-0.0272393035103,0.0428173333217,0.00101969169055,0.0127343850808,0.0187896103472,-0.000447016033651
113.557,1789944750.51,-0.0300703171484,0.0370908588125,0.00111681433773,0.00971653132668,0.0201202100621,-0.000404803161841
113.577,1789944750.53,-0.0328223821276,0.0313261688138,0.00120277550612,0.00669912154206,0.0214045875949,-0.000360229066983
113.597,1789944750.55,-0.0354904453542,0.0255351146484,0.00127704331462,0.00368653989791,0.0226378489507,-0.000313635246489
113.617,1789944750.57,-0.0380696576392,0.0197295335051,0.00133917527619,0.000684954414832,0.0238172272111,-0.000265411369603
113.637,1789944750.59,-0.0405553813776,0.0139212204596,0.0013888318511,-0.00229969470317,0.0249401428576,-0.00021595673637
113.657,1789944750.61,-0.0429432016426,0.00812190559783,0.0014257769574,-0.00526124396175,0.0260046787382,-0.000165679470063
113.677,1789944750.63,-0.0452289332148,0.00234322888629,0.00144987940738,-0.00819364903539,0.0270092060214,-0.000114989588304
113.697,1789944750.65,-0.0474086270479,-0.00340328389605,0.00146111267524,-0.0110909830438,0.0279523411551,-6.42952273072e-05
113.717,1789944750.67,-0.0494785756533,-0.00910624487162,0.00145955385818,-0.0139475003786,0.0288328367502,-1.39991068281e-05
113.737,1789944750.69,-0.0514353180644,-0.0147544269521,0.00144538175676,-0.0167576392456,0.0296495448829,3.55045847828e-05
113.757,1789944750.71,-0.0532756444231,-0.0203367859845,0.00141887414206,-0.0195160224299,0.0304013951364,8.38331089087e-05
113.777,1789944750.73,-0.0549966529154,-0.0258423304578,0.00137960488893,-0.0221443967141,0.0311153266722,0.000132286554856
113.797,1789944750.75,-0.0565954112058,-0.0312611082846,0.00133043696898,-0.0248569044214,0.0317066339605,0.000175508029984
113.817,1789944750.77,-0.0580696908986,-0.0365821754517,0.00126954488114,-0.0274341759495,0.0322565279614,0.000218098130849
113.837,1789944750.79,-0.0594173089458,-0.0417954862126,0.00119838096794,-0.0299491661199,0.0327346277568,0.000258002971348
113.857,1789944750.81,-0.0606364042017,-0.0468911228188,0.00111754678312,-0.0323741182025,0.0331492456938,0.000295298461228
113.877,1789944750.83,-0.061725343406,-0.0518595849086,0.0010278729703,-0.0347167818009,0.0334953208349,0.000329532717614
113.897,1789944750.85,-0.0626827717929,-0.0566916744784,0.000930192972167,-0.0369720627908,0.0337729085251,0.000360485757372
113.917,1789944750.87,-0.063507602205,-0.0613785450043,0.000825400591815,-0.0391386465837,0.0339808315347,0.000387922468536
113.937,1789944750.89,-0.0641990234115,-0.0659116965378,0.000714431322531,-0.0412132162316,0.0341188936362,0.000411664945594
113.957,1789944750.91,-0.0647564993526,-0.0702829925483,0.000598258296513,-0.0431926589254,0.0341870385623,0.000431566561151
113.977,1789944750.93,-0.0651797696036,-0.0744846711523,0.000477883498896,-0.0450735352431,0.0341855543153,0.00044751875309
113.997,1789944750.95,-0.0654688478539,-0.0785093592205,0.000354329632824,-0.0468524933573,0.0341149159257,0.000459447288196
114.017,1789944750.97,-0.0656240198887,-0.0823500854475,0.00022863165144,-0.0485263074594,0.0339757712763,0.000467312185159
114.037,1789944750.99,-0.0656458408351,-0.0860002930173,0.000101828355568,-0.050091991698,0.0337688979338,0.000471106531432
114.057,1789944751.01,-0.065535131945,-0.08945385116,-2.5045954481e-05,-0.0515468361042,0.0334951894937,0.000470855784033
114.077,1789944751.03,-0.0652929769282,-0.0927050655738,-0.000150969689543,-0.0528884294279,0.0331556465807,0.000466616926481
114.097,1789944751.05,-0.0649207178783,-0.0957486876148,-0.000274941988645,-0.054114659253,0.0327513761934,0.000458477631211
114.117,1789944751.07,-0.0644200216249,-0.0985799885218,-0.000397280609923,-0.0552634214683,0.0323232804402,0.000448979252336
114.137,1789944751.09,-0.0637924639957,-0.101194373908,-0.00051434131612,-0.0562498621457,0.0317894354167,0.000433195318389
114.157,1789944751.11,-0.0630401818712,-0.103588019341,-0.000626594440882,-0.0571131611739,0.0311916998824,0.000413823031313
114.177,1789944751.13,-0.0621653768344,-0.105757522047,-0.000736599306151,-0.0578535764934,0.0304653577689,0.000387422793412
114.197,1789944751.15,-0.0611713040114,-0.107700091915,-0.00083334761758,-0.0584624998382,0.0298068606758,0.000365040728468
114.217,1789944751.17,-0.0600601016277,-0.109413236897,-0.000929619202976,-0.0589581964126,0.0289784703735,0.000333300198021
114.237,1789944751.19,-0.0588353723813,-0.11089524079,-0.00101303453433,-0.0593789876706,0.0281738761032,0.000302110499058
114.257,1789944751.21,-0.0575002102171,-0.112144153069,-0.00108806465206,-0.0595758628827,0.0273440819491,0.000272048297446
114.277,1789944751.23,-0.056057699484,-0.113159502978,-0.00115763206772,-0.0597600203951,0.0264013183841,0.000234652536632
114.297,1789944751.25,-0.0545116756338,-0.113940299715,-0.00121771904434,-0.0597212056184,0.0254348912165,0.000199057323974
114.317,1789944751.27,-0.0528660302125,-0.114486974364,-0.00126423975911,-0.0596185626487,0.0244721620026,0.000163426479848
114.337,1789944751.29,-0.0511242422836,-0.114799778189,-0.00130528019647,-0.0593978541149,0.0233649744942,0.000123381374225
114.357,1789944751.31,-0.0492910323843,-0.114879659484,-0.00133245698472,-0.0590493976235,0.0223286859545,8.49715979313e-05
114.377,1789944751.33,-0.0473701369039,-0.114727986172,-0.00135227452394,-0.0586187334561,0.0211657429334,4.28333093499e-05
114.397,1789944751.35,-0.0453662781295,-0.114346328062,-0.00136175850767,-0.0580129460428,0.0199903383338,3.66761384626e-06
114.417,1789944751.37,-0.0432841744838,-0.113737283711,-0.00135964054134,-0.0573633350304,0.018846528533,-3.34265119009e-05
114.437,1789944751.39,-0.0411280331786,-0.112903194578,-0.00134758099008,-0.0565453897277,0.0175707532831,-7.54515515594e-05
114.457,1789944751.41,-0.0389030197683,-0.111847309255,-0.00132669408726,-0.055612686044,0.0162965126162,-0.000112715541671
114.477,1789944751.43,-0.0366141251666,-0.110573343989,-0.00129558445014,-0.0545910178115,0.0150052784792,-0.000149663313815
114.497,1789944751.45,-0.0342665480649,-0.109085393672,-0.00125634562626,-0.0535297172153,0.0137667840053,-0.000182598109113
114.517,1789944751.47,-0.0318648072277,-0.107387344834,-0.00120635581783,-0.0522533001038,0.0123809382396,-0.000218307422752
114.537,1789944751.49,-0.0294145881482,-0.105484398384,-0.00114914632686,-0.0509351996063,0.0110408249536,-0.000249873688335
114.557,1789944751.51,-0.0269210698451,-0.103381658671,-0.00108426560005,-0.0495167060545,0.00968003382446,-0.000279374889425
114.577,1789944751.53,-0.0243896170891,-0.10108470735,-0.00101244645047,-0.0480172015438,0.00831923455945,-0.000306210398856
114.597,1789944751.55,-0.0218255453826,-0.0985994007088,-0.0009342852515,-0.0464311041029,0.00695101859033,-0.000330419886811
114.617,1789944751.57,-0.0192342184608,-0.0959319509136,-0.000850487757312,-0.0447625768865,0.00557867512807,-0.000351835132741
114.637,1789944751.59,-0.0166210124256,-0.0930888898632,-0.000761789380679,-0.0430138381712,0.00420313190633,-0.00037034827362
114.657,1789944751.61,-0.0139913194405,-0.0900770670961,-0.000668959973656,-0.0411888161485,0.0028270462862,-0.00038585026854
114.677,1789944751.63,-0.0113505343784,-0.0869036319298,-0.000572792876399,-0.0392916298358,0.00145311732295,-0.000398257203708
114.697,1789944751.65,-0.00870404478624,-0.0835760179294,-0.000474098619711,-0.0373268270666,8.43615624767e-05,-0.000407507384235
114.717,1789944751.67,-0.00605721855419,-0.0801019247543,-0.000373697863873,-0.0352990953948,-0.00127620039063,-0.000413565055262
114.737,1789944751.69,-0.00341539204126,-0.0764892998754,-0.000272414612361,-0.033213216147,-0.00262558665009,-0.000416420695008
114.757,1789944751.71,-0.000783858299478,-0.0727463198684,-0.000171069448766,-0.0310739956784,-0.00396092300491,-0.000416091321268
114.777,1789944751.73,0.00183214419211,-0.0688813716786,-7.0472915792e-05,-0.0288862477129,-0.00527945567311,-0.000412620044765
114.797,1789944751.75,0.0044274423125,-0.0649030338528,2.85809272206e-05,-0.0266547864977,-0.00657855225453,-0.000406075310249
114.817,1789944751.77,0.00699693859982,-0.0608200577624,0.000125320714032,-0.0243844309442,-0.00785569071329,-0.000396549847393
114.837,1789944751.79,0.00953562113114,-0.0566413487814,0.000219003698861,-0.0220800101937,-0.00910844689459,-0.000384159435849
114.857,1789944751.81,0.0120385730346,-0.0523759473946,0.000308921367162,-0.0197463678051,-0.0103344832758,-0.000369041523998
114.877,1789944751.83,0.0145009816808,-0.0480330102136,0.000394404686517,-0.0173883626174,-0.0115315415181,-0.000351353730125
114.897,1789944751.85,0.0169181475833,-0.0436217908987,0.000474828962596,-0.0150108660567,-0.0126974386968,-0.000331272234393
114.917,1789944751.87,0.0192854930182,-0.0391516209982,0.000549618276419,-0.0126187563801,-0.0138300668437,-0.00030899008645
114.937,1789944751.89,0.0215985703648,-0.0346318907326,0.000618249468223,-0.0102169106806,-0.0149273947858,-0.000284715405174
114.957,1789944751.91,0.0238530701535,-0.0300720297565,0.000680255648179,-0.00781019567646,-0.0159874714369,-0.000258669516782
114.977,1789944751.93,0.0260448348302,-0.0254816203761,0.000734752309594,-0.00547039837613,-0.0170120809858,-0.000235395070995
114.997,1789944751.95,0.0281698249279,-0.0208695127963,0.000782825471988,-0.00300148126204,-0.0179884864686,-0.000202202474675
115.017,1789944751.97,0.0302242160336,-0.0162456710922,0.000822777960408,-0.000603940266214,-0.0189256805965,-0.000172112601614
115.037,1789944751.99,0.0322043236648,-0.0116194376582,0.000854874811463,0.00178613271301,-0.0198183254149,-0.000141019106637
115.057,1789944752.01,0.0341066426632,-0.0070002330412,0.000878908635934,0.00414520741034,-0.0206659538195,-0.000109757889062
115.077,1789944752.03,0.0359278421357,-0.00239730490775,0.000894825780813,0.00647889021971,-0.0214666144261,-7.8243889093e-05
115.097,1789944752.05,0.0376647766764,0.00218017984419,0.000902607446022,0.008782350553,-0.0222190311023,-4.6737664575e-05
115.117,1789944752.07,0.0393144902913,0.0067231774211,0.000902303775002,0.0110533809244,-0.0229218933358,-1.54634169687e-05
115.137,1789944752.09,0.0408742220062,0.0112227683728,0.000894027238805,0.0132881219849,-0.0235740909301,1.53326197016e-05
115.157,1789944752.11,0.0423414101306,0.0156701758394,0.000877952853788,0.0154827039489,-0.0241746261548,4.54106350724e-05
115.177,1789944752.13,0.0437136962531,0.0200567803546,0.000854315719523,0.0176329386354,-0.0247226320597,7.45379566279e-05
115.197,1789944752.15,0.0449889286556,0.0243741369942,0.000823408464158,0.0197346363307,-0.0252173564494,0.00010249266227
115.217,1789944752.17,0.0461651652906,0.0286139920465,0.000785578167098,0.0217836632874,-0.0256581600064,0.000129065239876
115.237,1789944752.19,0.0472406763033,0.0327682994992,0.000741222905384,0.0237760314738,-0.0260445123519,0.000154060071831
115.257,1789944752.21,0.0482139461191,0.0368292368302,0.000690787944784,0.0257079309022,-0.0263759911893,0.000177296722207
115.277,1789944752.23,0.0490836750994,0.0407892200495,0.000634761581949,0.027575746894,-0.0266522819523,0.000198611125767
115.297,1789944752.25,0.0498487807635,0.0446409179237,0.000573670701793,0.029376060671,-0.02687317835,0.000217856678829
115.317,1789944752.27,0.0505083985768,0.0483772653987,0.000508076057941,0.0311056442136,-0.0270385828387,0.000234905211636
115.337,1789944752.29,0.0510618823017,0.0519914762497,0.000438567348774,0.0327614532867,-0.0271485071287,0.000249647826934
115.357,1789944752.31,0.0515088039104,0.05547705499,0.000365758106899,0.0343406218024,-0.0272030723389,0.000261995559429
115.377,1789944752.33,0.0518489530601,0.058827808065,0.000290280469129,0.0358404586372,-0.0272025088375,0.000271879872031
115.397,1789944752.35,0.0520823361311,0.0620378543457,0.000212779851297,0.0372584471546,-0.0271471556891,0.000279252978959
115.417,1789944752.37,0.0522091550005,0.0651016146745,0.000133604826511,0.038582854259,-0.0270280596916,0.000284615333282
115.437,1789944752.39,0.0522299218481,0.0680139161282,5.37788643422e-05,0.0398228600043,-0.0268688061851,0.000286729361682
115.457,1789944752.41,0.052145256753,0.070769951501,-2.53106290565e-05,0.0409995571513,-0.0266580934519,0.000286119902861
115.477,1789944752.43,0.0519560150312,0.0733650473338,-0.000106052104887,0.0420811295696,-0.0264168705186,0.000285585459412
115.497,1789944752.45,0.0516629980712,0.0757950427311,-0.000185165603248,0.0430974433395,-0.0260538013359,0.000277385556084
115.517,1789944752.47,0.0512678019876,0.0780558469369,-0.000261072818598,0.0439756944877,-0.0256776875824,0.000269625040885
115.537,1789944752.49,0.0507718562303,0.080144061613,-0.000334379392947,0.0447539621719,-0.0252513514409,0.000259556052474
115.557,1789944752.51,0.0501768528593,0.0820566414605,-0.000404596958043,0.0454308075389,-0.0247841634399,0.000247632825765
115.577,1789944752.53,0.0494846967982,0.0837908914167,-0.000470072186451,0.0459757502121,-0.0243088596148,0.000236373317237
115.597,1789944752.55,0.0486970457595,0.0853448458202,-0.000533973776108,0.0465021198151,-0.02371388184,0.000217908638542
115.617,1789944752.57,0.0478164489942,0.0867162684175,-0.000590400375376,0.046865820033,-0.0231220444132,0.000202509779034
115.637,1789944752.59,0.0468450836665,0.0879039069791,-0.000645674565534,0.0472097318427,-0.0224564271509,0.000180785989932
115.657,1789944752.61,0.0457856666753,0.0889062997857,-0.000693844938292,0.0474203904554,-0.0217675859911,0.000160097399525
115.677,1789944752.63,0.044640868436,0.0897226608773,-0.000736494414709,0.0475373639554,-0.0210385219495,0.000138111565705
115.697,1789944752.65,0.0434136204146,0.0903524816875,-0.000772366250388,0.0475268274286,-0.0203043541463,0.00011744906794
115.717,1789944752.67,0.0421066350708,0.0907959230205,-0.000803765515879,0.0474691271707,-0.0194742638193,9.1768167298e-05
115.737,1789944752.69,0.0407233083102,0.0910531326602,-0.000828136976658,0.0472929729733,-0.018637062689,6.7473203104e-05
115.757,1789944752.71,0.0392668856497,0.0911248296713,-0.000846168185446,0.0470248095646,-0.0177646679022,4.26542727351e-05
115.777,1789944752.73,0.0377408039974,0.0910120591164,-0.00085771513439,0.0466598516978,-0.016866434142,1.78204963514e-05
115.797,1789944752.75,0.0361485796819,0.0907162609695,-0.000862813081232,0.0462029703308,-0.0159402751126,-7.009118658e-06
115.817,1789944752.77,0.0344938460808,0.0902392287666,-0.000861499593783,0.0456556248884,-0.0149883459859,-3.16317170076e-05
115.837,1789944752.79,0.032780335757,0.0895831111882,-0.000853866670075,0.0450201075267,-0.0140120013918,-5.58702325337e-05
115.857,1789944752.81,0.0310118779297,0.0887504009421,-0.000840052890172,0.0442983173271,-0.0130132855848,-7.95340100719e-05
115.877,1789944752.83,0.0291923893753,0.0877439282983,-0.000820244783262,0.0434922761704,-0.0119943248343,-0.000102438351391
115.897,1789944752.85,0.0273258662733,0.0865668531241,-0.000794674600486,0.0426040652307,-0.0109574027199,-0.000124404572755
115.917,1789944752.87,0.0254163750947,0.0852226569723,-0.000763618056053,0.0416359136606,-0.00990484541549,-0.000145263650929
115.937,1789944752.89,0.023468043492,0.0837151344551,-0.000727391550927,0.040590208125,-0.00883899707668,-0.000164857760076
115.957,1789944752.91,0.021485051116,0.0820483840108,-0.000686349099775,0.0394695034333,-0.00776219156963,-0.000183041743426
115.977,1789944752.93,0.0194716205092,0.0802267979867,-0.000640878992739,0.0382765162479,-0.00667674363536,-0.000199684116139
115.997,1789944752.95,0.0174320080834,0.078255052083,-0.000591400214643,0.0370141145118,-0.00558494534882,-0.000214667911026
116.017,1789944752.97,0.0153704951928,0.0761380942029,-0.000538358672459,0.0356853037435,-0.00448906681302,-0.000227891312952
116.037,1789944752.99,0.0132913792906,0.0738811327622,-0.000482223255015,0.0342932135071,-0.00339135762335,-0.000239268204704
116.057,1789944753.01,0.0111989651618,0.0714896245141,-0.000423481755554,0.0328410845521,-0.00229404761207,-0.000248728559648
116.077,1789944753.03,0.00909755622591,0.0689692619379,-0.000362636701818,0.0313322577199,-0.00119934652315,-0.000256218745977
116.097,1789944753.05,0.00699144591001,0.066325960231,-0.00030020112124,0.0297701639049,-0.000109442200481,-0.000261701716806
116.117,1789944753.07,0.00488490910071,0.0635658439439,-0.000236694277223,0.0281583153945,0.000973502304638,-0.000265157051353
116.137,1789944753.09,0.0027821936841,0.0606952332887,-0.000172637408121,0.0265002976273,0.00204735229735,-0.000266580912708
116.157,1789944753.11,0.000687512189246,0.0577206301494,-0.000108549515235,0.0247997616278,0.00311000568418,-0.000265985844687
116.177,1789944753.13,-0.00139496644652,0.0546487038263,-4.49432135056e-05,0.0230604164393,0.00415939707513,-0.000263400461003
116.197,1789944753.15,-0.00346112497759,0.0514862765381,1.76793038421e-05,0.0212860216884,0.00519350210495,-0.000258868999857
116.217,1789944753.17,-0.00550690579387,0.0482403087135,7.88301678259e-05,0.0194803800097,0.0062103414948,-0.000252450762821
116.237,1789944753.19,-0.00752831869642,0.0449178840992,0.000138039566434,0.0176473294648,0.00720798480106,-0.000244219447839
116.257,1789944753.21,-0.00952144848601,0.0415261947149,0.000194859288745,0.0157907358342,0.00818455414004,-0.000234262351655
116.277,1789944753.23,-0.0114824623527,0.0380725256859,0.000248866043481,0.0139144849016,0.00913822747487,-0.000222679504764
116.297,1789944753.25,-0.0134076170514,0.0345642399817,0.000299664538841,0.0120224747278,0.0100672418073,-0.000209582688128
116.317,1789944753.27,-0.0152932658506,0.0310087630954,0.000346890289001,0.0101186079447,0.0109698961733,-0.000195094393152
116.337,1789944753.29,-0.0171358652418,0.0274135676906,0.000390212151927,0.00820678411904,0.0118445543507,-0.000179346686916
116.357,1789944753.31,-0.0189319813996,0.023786158249,0.000429334546903,0.00629089215091,0.0126896475598,-0.000162480038289
116.377,1789944753.33,-0.0206782963788,0.0201340557504,0.000463999376615,0.00437480285573,0.0135036769195,-0.000144642079934
116.397,1789944753.35,-0.0223716140395,0.0164647824139,0.000493987607084,0.00246236154294,0.014285215696,-0.000125986334282
116.417,1789944753.37,-0.0240088656914,0.0127858465307,0.000519120526877,0.000557380780078,0.0150329116055,-0.000106670908899
116.437,1789944753.39,-0.0255871684198,0.00910467106302,0.000538296640007,-0.00136606437738,0.0157751852785,-8.52541593999e-05
116.457,1789944753.41,-0.027103463358,0.00542896243661,0.000554312162025,-0.00321513428768,0.0164217293574,-6.67091528646e-05
116.477,1789944753.43,-0.0285553909224,0.00176578854342,0.000563250092076,-0.00510355598984,0.0170888165369,-4.4775597683e-05
116.497,1789944753.45,-0.0299401456649,-0.00187723720404,0.00056907106727,-0.00690556253104,0.0176532668191,-2.62626589403e-05
116.517,1789944753.47,-0.0312556889839,-0.0054932689325,0.00056735283121,-0.00875755262844,0.0182332408409,-5.03792943027e-06
116.537,1789944753.49,-0.0324996583284,-0.00907483169722,0.000562300979593,-0.0105265823965,0.0187608700367,1.53846213184e-05
116.557,1789944753.51,-0.0336699622574,-0.0126151747287,0.000552801342575,-0.0123278356536,0.0192298594714,3.36100189644e-05
116.577,1789944753.53,-0.034764785477,-0.0161070222297,0.000537565718285,-0.0140329596685,0.019661564334,5.22204270983e-05
116.597,1789944753.55,-0.0357824321501,-0.0195437587397,0.000517666867047,-0.0156954562253,0.0200507808782,7.00907320497e-05
116.617,1789944753.57,-0.0367214100665,-0.0229187645144,0.00049302649849,-0.01726251054,0.0204164687514,8.84998735684e-05
116.637,1789944753.59,-0.0375801984594,-0.0262261431046,0.000464877961352,-0.0188783145203,0.0207057501055,0.000103274685039
116.657,1789944753.61,-0.0383577755048,-0.0294592707126,0.000432617678323,-0.0203658863981,0.0209897117266,0.00011961182235
116.677,1789944753.63,-0.0390528958238,-0.0326125848786,0.000396817536348,-0.0218936922702,0.021186612586,0.000131782393821
116.697,1789944753.65,-0.0396648891706,-0.0356798840895,0.000357826820298,-0.0233263732166,0.0213620469632,0.000144104338159
116.717,1789944753.67,-0.04019303664,-0.038655608964,0.000316002414594,-0.0247064739921,0.0214929931634,0.000154989239695
116.737,1789944753.69,-0.0406368337962,-0.0415343268749,0.000271716378094,-0.0260220374205,0.0215836997573,0.000164547719733
116.757,1789944753.71,-0.0409959202182,-0.0443108878205,0.000225355315255,-0.0272766082861,0.0216309388612,0.000172595852847
116.777,1789944753.73,-0.0412701119402,-0.0469803708581,0.000177317621157,-0.0284681045383,0.021634559705,0.00017908497315
116.797,1789944753.75,-0.0414593958146,-0.049538104675,0.000128010156645,-0.0295954322782,0.0215941915026,0.00018396943376
116.817,1789944753.77,-0.0415639324868,-0.051979668626,7.7844864705e-05,-0.0306567651192,0.0215100769201,0.000187229639055
116.837,1789944753.79,-0.0415840546231,-0.054300901317,2.72353508216e-05,-0.0316503193246,0.021382657787,0.000188860824132
116.857,1789944753.81,-0.0415202651217,-0.0564979074819,-2.34064650854e-05,-0.032574316003,0.0212125681082,0.000188873186058
116.877,1789944753.83,-0.0413732344142,-0.0585670651701,-7.36736388147e-05,-0.0334271243505,0.0210005427933,0.000187290056233
116.897,1789944753.85,-0.0411437921781,-0.0605050384831,-0.000123067933295,-0.0342103592701,0.0207443226537,0.000184291545705
116.917,1789944753.87,-0.0408329611701,-0.0623087409938,-0.000171500225319,-0.0349135763849,0.0204539627747,0.000179491884808
116.937,1789944753.89,-0.0404418712781,-0.0639754334026,-0.000218302881349,-0.035544620693,0.0201214809142,0.000173376993587
116.957,1789944753.91,-0.0399718332793,-0.0655026399631,-0.000263217103569,-0.0360997369453,0.0197507403228,0.000165874504037
116.977,1789944753.93,-0.0394243033064,-0.0668881886447,-0.000305898135933,-0.0365789146262,0.0193420990951,0.000157074964814
116.997,1789944753.95,-0.0388008879236,-0.0681302033294,-0.00034603717341,-0.0369812786149,0.0188970131391,0.000147058320067
117.017,1789944753.97,-0.0381033358349,-0.0692271099265,-0.000383344290506,-0.0373064899257,0.0184166307251,0.000135921196681
117.037,1789944753.99,-0.0373335341385,-0.0701776367835,-0.000417556235888,-0.0375543128368,0.0179022205718,0.000123767731258
117.057,1789944754.01,-0.0364935031131,-0.0709808157681,-0.000448437606781,-0.0377247300394,0.0173550526723,0.000110709119164
117.077,1789944754.03,-0.035585391312,-0.07163598218,-0.000475782695032,-0.03781789115,0.0167764456331,9.68623082117e-05
117.097,1789944754.05,-0.0346114703732,-0.0721427741175,-0.000499416760191,-0.0378341140555,0.0161677612472,8.23489620847e-05
117.117,1789944754.07,-0.0335741296866,-0.0725011311676,-0.000519197055721,-0.0377738733505,0.0155304113562,6.72944653638e-05
117.137,1789944754.09,-0.0324758708572,-0.0727112925037,-0.000535013572476,-0.0376377959197,0.0148658575358,5.18268812275e-05
117.157,1789944754.11,-0.0313193019753,-0.0727737943951,-0.000546789502863,-0.037426656649,0.014175609984,3.60759115117e-05
117.177,1789944754.13,-0.0301071316968,-0.0726894671487,-0.000554481432579,-0.0371413755214,0.0134612244608,2.017183424e-05
117.197,1789944754.15,-0.0288421631487,-0.0724594314908,-0.000558079258751,-0.0367830150967,0.0127242986301,4.24444287925e-06
117.217,1789944754.17,-0.0275272876716,-0.0720850943999,-0.000557605845234,-0.0363527779879,0.0119664678683,-1.15779920968e-05
117.237,1789944754.19,-0.0261654784189,-0.0715681443973,-0.000553116414131,-0.035852003969,0.0111894009567,-2.71697476835e-05
117.257,1789944754.21,-0.0247597838288,-0.0709105463095,-0.000544697679738,-0.0352821668992,0.0103947957747,-4.24086267952e-05
117.277,1789944754.23,-0.0233133209829,-0.0701145355109,-0.000532466752884,-0.034644871037,0.00958437522359,-5.717689982e-05
117.297,1789944754.25,-0.0218292688722,-0.0691826116612,-0.000516569803466,-0.033941847008,0.00875988308925,-7.13622011107e-05
117.317,1789944754.27,-0.0203108615799,-0.0681175319553,-0.000497180508257,-0.0331749474903,0.00792308017635,-8.48583518008e-05
117.337,1789944754.29,-0.0187613814018,-0.066922303898,-0.000474498304755,-0.0323461424887,0.00707574041451,-9.75661440386e-05
117.357,1789944754.31,-0.0171841519138,-0.0656001776227,-0.000448746451684,-0.0314575143761,0.0062196470758,-0.000109394042302
117.377,1789944754.33,-0.0155825310038,-0.064154637775,-0.000420169930619,-0.030511252698,0.00535658899185,-0.000120258814537
117.397,1789944754.35,-0.0139599038818,-0.0625893949756,-0.000389033193209,-0.0295096489148,0.00448835688525,-0.000130086093148
117.417,1789944754.37,-0.0123196760807,-0.0609083768872,-0.000355617785221,-0.0284550907908,0.00361673957458,-0.000138810855478
117.437,1789944754.39,-0.0106652664638,-0.0591157189028,-0.000320219869052,-0.0273500567798,0.00274352045495,-0.000146377820867
117.457,1789944754.41,-0.00900010025139,-0.057215754478,-0.00028314764472,-0.0261971102212,0.00187047369716,-0.000152741764404
117.477,1789944754.43,-0.00732760208185,-0.055213005128,-0.000244718728459,-0.0249988934855,0.000999360861739,-0.000157867743126
117.497,1789944754.45,-0.0056511891186,-0.0531121701134,-0.000205257475772,-0.0237581220015,0.000131927237627,-0.000161731247294
117.517,1789944754.47,-0.00397426421891,-0.0509181158338,-0.000165092288756,-0.0224775781282,-0.000730101458022,-0.000164318247519
117.537,1789944754.49,-0.0023002091756,-0.0486358649562,-0.000124552926474,-0.021160105066,-0.00158502260564,-0.000165625171495
117.557,1789944754.51,-0.000632378047085,-0.0462705852984,-8.39678422048e-05,-0.0198086006719,-0.0024311598116,-0.000165658792103
117.577,1789944754.53,0.0010259094147,-0.0438275784926,-4.36615586738e-05,-0.0184260111678,-0.0032668661746,-0.000164436034001
117.597,1789944754.55,0.00267137422285,-0.0413122684533,-3.95211960485e-06,-0.017015324959,-0.00409052737814,-0.00016198369897
117.617,1789944754.57,0.00430078449002,-0.0387301896723,3.48513842431e-05,-0.0155795662566,-0.00490056462187,-0.000158338119956
117.637,1789944754.59,0.00591103004886,-0.0360869121827,7.36779073569e-05,-0.0140840046868,-0.00573321492613,-0.000155878677857
117.657,1789944754.61,0.00749864931103,-0.0333884825836,0.000108561908052,-0.012645103233,-0.00647361273265,-0.000147656787593
117.677,1789944754.63,0.00906091175467,-0.0306403875705,0.000142865325298,-0.0111564225124,-0.00722981890372,-0.000140608943282
117.697,1789944754.65,0.0105947969045,-0.027848516628,0.000175135748592,-0.00965694286117,-0.00796455451874,-0.000132535152723
117.717,1789944754.67,0.0120974359829,-0.0250187399074,0.000205243505129,-0.00814179723552,-0.00868443326569,-0.000123771485782
117.737,1789944754.69,0.0135659942425,-0.0221570128316,0.000232908965904,-0.00661894040499,-0.00938330057361,-0.000114227080316
117.757,1789944754.71,0.0149976645481,-0.0192694539029,0.000256945075341,-0.00516818094807,-0.0100265088504,-0.000104330777189
117.777,1789944754.73,0.0163900940811,-0.016361374301,0.000280176045549,-0.00356434866374,-0.0107111310605,-9.31166095757e-05
117.797,1789944754.75,0.0177404443093,-0.0134394015463,0.000299509911849,-0.00203227283944,-0.0113398329913,-8.17096216519e-05
117.817,1789944754.77,0.0190462902428,-0.010509455471,0.00031580843738,-0.000502556707476,-0.0119428309515,-6.98652615035e-05
117.837,1789944754.79,0.0203053024647,-0.00757743651498,0.000329477352113,0.00108073394017,-0.012539743414,-5.72660995822e-05
117.857,1789944754.81,0.0215150026874,-0.00464992043503,0.00033877439392,0.00249939632204,-0.0130512186,-4.53095548319e-05
117.877,1789944754.83,0.0226735576577,-0.00173200322749,0.000345716951938,0.00404113428134,-0.0135808359993,-3.23579080706e-05
117.897,1789944754.85,0.0237787679672,0.00116992682193,0.000348935419637,0.00548911263739,-0.0140530534238,-1.98406874898e-05
117.917,1789944754.87,0.024828824287,0.0040503059866,0.000348934915847,0.0069201400044,-0.0144955023991,-7.41006008209e-06
117.937,1789944754.89,0.0258220018764,0.00690347940381,0.000346056645315,0.00831107833207,-0.0149139237772,5.42012644168e-06
117.957,1789944754.91,0.0267566120057,0.00972405662594,0.000339422929147,0.00969930337376,-0.0152811984682,1.67474579921e-05
117.977,1789944754.93,0.0276312613577,0.0125065442914,0.00033008733902,0.0110536892452,-0.0156256632883,2.82682816784e-05
117.997,1789944754.95,0.0284445844428,0.0152456402687,0.00031785426956,0.0123814523123,-0.0159378381713,3.93157756671e-05
118.017,1789944754.97,0.0291953590433,0.0179361281463,0.000302882943437,0.0136775773838,-0.0162187059051,4.98652185726e-05
118.037,1789944754.99,0.0298824801408,0.0205729212658,0.000285313954629,0.0149399329756,-0.016466356545,5.97986535038e-05
118.057,1789944755.01,0.0305049753311,0.023151063748,0.000265322750703,0.0161654134634,-0.0166800146966,6.90431470356e-05
118.077,1789944755.03,0.0310620057235,0.0256657453229,0.000243101463583,0.0173513130469,-0.0168589535683,7.75297524214e-05
118.097,1789944755.05,0.0315528609187,0.028112213616,0.000219702088788,0.0184390746633,-0.0169965621281,8.50050875077e-05
118.117,1789944755.07,0.0319770249676,0.0304864767844,0.000192816122611,0.0195944257066,-0.0171113166321,9.20009431077e-05
118.137,1789944755.09,0.0323340281837,0.0327837536294,0.000165170889792,0.0206536435918,-0.017185235051,9.78923322123e-05
118.157,1789944755.11,0.0326235871921,0.0349999594874,0.000136195726666,0.0216658982876,-0.0172240874155,0.000102836198544
118.177,1789944755.13,0.0328455489299,0.0371311046932,0.00010619767366,0.0226195842556,-0.0172269641308,0.000106802901228
118.197,1789944755.15,0.0329999047945,0.0391734610699,7.53891792009e-05,0.0235196944595,-0.0171948560231,0.00010977682952
118.217,1789944755.17,0.0330867824148,0.0411234997797,4.40285280761e-05,0.0243654948552,-0.0171281649785,0.000111745767867
118.237,1789944755.19,0.0331064452952,0.0429779065149,1.23741511365e-05,0.0251569937511,-0.0170274196119,0.00011270480566
118.257,1789944755.21,0.0330592903947,0.0447335783691,-1.93139655375e-05,0.0258933371372,-0.0168930964556,0.000112658441674
118.277,1789944755.23,0.0329458463894,0.0463876285563,-5.07786919812e-05,0.0265735342749,-0.0167257014692,0.000111619792189
118.297,1789944755.25,0.0327667716786,0.0479373903132,-8.1767859739e-05,0.0271964812235,-0.0165257735102,0.000109610333003
118.317,1789944755.27,0.0325228522886,0.0493804215114,-0.000112036367652,0.0277611240755,-0.0162939030298,0.000106659282519
118.337,1789944755.29,0.0322149995533,0.0507145088756,-0.000141348075101,0.0282665216235,-0.0160307387646,0.000102803105818
118.357,1789944755.31,0.0318442475609,0.0519376717176,-0.000169477580453,0.0287118869206,-0.0157369916099,9.80850343259e-05
118.377,1789944755.33,0.0314117503503,0.0530481650083,-0.000196211895,0.029096599774,-0.0154134346744,9.2554601832e-05
118.397,1789944755.35,0.0309187788614,0.0540444817703,-0.000221351979261,0.0294202059467,-0.0150609014407,8.62671814275e-05
118.417,1789944755.37,0.0303667176486,0.0549253548071,-0.000244714171114,0.0296824090484,-0.0146802828203,7.9283480182e-05
118.437,1789944755.39,0.0297570613694,0.0556897578118,-0.000266131456738,0.0298830606128,-0.0142725239273,7.16690222769e-05
118.457,1789944755.41,0.029091411063,0.0563369058994,-0.000285454604279,0.0300221507035,-0.0138386206944,6.34935807182e-05
118.477,1789944755.43,0.0283714702322,0.056866255603,-0.000302553131688,0.0300998005541,-0.0133796167907,5.48305772841e-05
118.497,1789944755.45,0.02759904074,0.0572775043633,-0.000317316119771,0.0301162571435,-0.0128966005287,4.57564558917e-05
118.517,1789944755.47,0.0267760185348,0.0575705895321,-0.000329652849551,0.030071889381,-0.0123907021373,3.63500323975e-05
118.537,1789944755.49,0.0259043892131,0.0577456869039,-0.000339493280021,0.0299671855192,-0.0118630909283,2.66918346808e-05
118.557,1789944755.51,0.0249862234312,0.0578032087859,-0.000346788337018,0.0298027512108,-0.0113149727211,1.68634221994e-05
118.577,1789944755.53,0.0240236721767,0.0577438016124,-0.000351510047854,0.0295793076676,-0.0107475870751,6.9467245307e-06
118.597,1789944755.55,0.0230189619093,0.0575683431104,-0.000353651489153,0.0292976899145,-0.0101622045887,-2.97663547148e-06
118.617,1789944755.57,0.0219743895814,0.0572779390233,-0.000353226578212,0.0289588447469,-0.00956012413801,-1.28259880153e-05
118.637,1789944755.59,0.0208923175507,0.0568739194004,-0.000350269689039,0.0285638283386,-0.00894267007691,-2.25222674896e-05
118.657,1789944755.61,0.0197751683934,0.0563578344613,-0.000344835117802,0.0281138036464,-0.00831118932486,-3.19886188276e-05
118.677,1789944755.63,0.0186254196301,0.0557314500446,-0.000336996387218,0.0276100374184,-0.00766704848448,-4.11509926819e-05
118.697,1789944755.65,0.0174455983769,0.0549967426533,-0.000326845413145,0.0270538969465,-0.00701163091253,-4.99387137567e-05
118.717,1789944755.67,0.0162382759304,0.0541558941086,-0.000314491527102,0.0264468465694,-0.00634633370487,-5.8284994583e-05
118.737,1789944755.69,0.0150060622993,0.0532112858261,-0.000300060375798,0.0257904440639,-0.0056725647858,-6.61274383414e-05
118.757,1789944755.71,0.0137516006954,0.052165492727,-0.000283692701805,0.0250863367037,-0.00499173986264,-7.34084716508e-05
118.777,1789944755.73,0.0124775619924,0.0510212768013,-0.000265543020888,0.0243362572474,-0.00430527955689,-8.00757600628e-05
118.797,1789944755.75,0.0111866391661,0.0497815803347,-0.000245778199759,0.023542019787,-0.00361460631696,-8.60825476738e-05
118.817,1789944755.77,0.00988154172699,0.0484495188202,-0.000224575962951,0.0227055154484,-0.00292114157372,-9.13879810494e-05
118.837,1789944755.79,0.00856496717746,0.0470283488962,-0.000202554123535,0.0218154333501,-0.0022130240125,-9.52461538289e-05
118.857,1789944755.81,0.00723973776447,0.0455216097087,-0.000179054396746,0.0209001162671,-0.00151798354856,-9.90377341794e-05
118.877,1789944755.83,0.00590856215114,0.0439328721815,-0.000154677492392,0.0199502628883,-0.000826020860762,-0.000102087556915
118.897,1789944755.85,0.00457415528757,0.0422658626759,-0.000129631589388,0.0189681663645,-0.000138663648165,-0.000104377176327
118.917,1789944755.87,0.00323917699868,0.0405243722966,-0.00010278780817,0.0179169024385,0.000564328291269,-0.000106801421319
118.937,1789944755.89,0.00190647853893,0.0387126982067,-7.83594178003e-05,0.0169123023144,0.00122489883663,-0.000106402833106
118.957,1789944755.91,0.000578518774835,0.03683457031,-5.17542996769e-05,0.0158158533227,0.00192307482244,-0.000107956194926
118.977,1789944755.93,-0.000741822431958,0.0348944070605,-2.58573911499e-05,0.0147095601558,0.00257160335983,-0.000106160348712
118.997,1789944755.95,-0.00205208627613,0.0328965426251,-7.33203026127e-07,0.0135909282779,0.0032222980424,-0.000104293214443
119.017,1789944755.97,-0.00334969891963,0.0308453598445,2.37426538215e-05,0.0124562097862,0.00386117212783,-0.000101605812791
119.037,1789944756,-0.00463216084434,0.0287453051304,4.74282734086e-05,0.0113047026228,0.0044907361268,-9.82502151705e-05
119.057,1789944756.02,-0.00589694645848,0.026600991249,6.93128402116e-05,0.0101958336773,0.00507792222515,-9.43153378234e-05
119.077,1789944756.04,-0.00714190590421,0.0244164808822,9.1798325638e-05,0.00895504909408,0.00571317523856,-8.95513191952e-05
119.097,1789944756.05,-0.00836440132981,0.0221969100486,0.000112206208094,0.00775371062516,0.00630697682049,-8.42887567639e-05
119.117,1789944756.08,-0.00956214379238,0.0199469162756,0.000131201433632,0.00654318498213,0.00688467186203,-7.84761120252e-05
119.137,1789944756.1,-0.0107328570749,0.0176712673544,0.000148604232472,0.00533464766653,0.00744064707008,-7.216150139e-05
119.157,1789944756.12,-0.0118743655434,0.0153746944825,0.000164335395516,0.00412456554618,0.00797706638137,-6.53995564802e-05
119.177,1789944756.14,-0.0129845648803,0.0130619453558,0.000178292726228,0.00291464458722,0.00849343226844,-5.82490966264e-05
119.197,1789944756.16,-0.0140614297963,0.0107377664562,0.000190390042101,0.00170623095808,0.00898947240574,-5.07719597573e-05
119.217,1789944756.18,-0.0151030138659,0.00840690008115,0.000200555163945,0.00050148655166,0.00946451295138,-4.30310107211e-05
119.237,1789944756.2,-0.0161074528023,0.00607407464215,0.000208732103329,-0.00069722138029,0.00991779175606,-3.50901118422e-05
119.257,1789944756.22,-0.0170729675237,0.00374399523511,0.00021488136337,-0.00188738433236,0.0103484918317,-2.70136928672e-05
119.277,1789944756.24,-0.0179978675123,0.0014213335143,0.000218980150444,-0.00306648908856,0.0107558151848,-1.8866436982e-05
119.297,1789944756.26,-0.0188805540164,-0.00088928229162,0.000221022374,-0.00423207212534,0.0111390136697,-1.07128619249e-05
119.317,1789944756.28,-0.0197195230276,-0.00318327712117,0.000221018496112,-0.00538175044556,0.0114974072647,-2.6168463942e-06
119.337,1789944756.3,-0.020513367968,-0.00545613845975,0.00021899525319,-0.00651322958545,0.0118303893735,5.35886066046e-06
119.357,1789944756.31,-0.0212607820735,-0.00770342535369,0.000214995238819,-0.00762430203631,0.0121374261659,1.31531509495e-05
119.377,1789944756.34,-0.0219605604878,-0.00992077707262,0.000209076358905,-0.00871284149786,0.0124180530929,2.07070508719e-05
119.397,1789944756.36,-0.0226116020801,-0.0121039214527,0.000201311179065,-0.00977679719758,0.0126718707436,2.79641820737e-05
119.417,1789944756.38,-0.0232129110093,-0.0142486829452,0.000191786143783,-0.0108141899118,0.01289854142,3.48712080056e-05
119.437,1789944756.4,-0.0237635980448,-0.0163509903855,0.000180600712783,-0.0118231100928,0.0130977864733,4.13782247964e-05
119.457,1789944756.42,-0.0242628816579,-0.0184068844926,0.00016786638307,-0.0128017180079,0.0132693846723,4.74391335547e-05
119.477,1789944756.44,-0.0247100888867,-0.0204125250927,0.000153705647499,-0.0137482453347,0.0134131713089,5.30119569294e-05
119.497,1789944756.46,-0.0251046559801,-0.0223641980637,0.000138250862168,-0.0146609976585,0.0135290377217,5.80591335439e-05
119.517,1789944756.48,-0.0254461288209,-0.0242583219874,0.000121643059453,-0.0155383574229,0.0136169311345,6.25477532327e-05
119.537,1789944756.5,-0.0257341631279,-0.0260914544978,0.000104030703969,-0.0163787870314,0.0136768545094,6.64497651972e-05
119.557,1789944756.52,-0.0259685244396,-0.0278602983125,8.55684080196e-05,-0.0171808318504,0.0137088664567,6.9742143867e-05
119.577,1789944756.54,-0.0261490878773,-0.0295617069369,6.64156063956e-05,-0.0179431229328,0.0137130808582,7.24070033498e-05
119.597,1789944756.56,-0.0262758376912,-0.0311926900281,4.67352212062e-05,-0.0186643795955,0.0136896665905,7.44316762741e-05
119.617,1789944756.58,-0.0263488665885,-0.0327504184105,2.66923093751e-05,-0.0193434116434,0.0136388468706,7.5808750134e-05
119.637,1789944756.6,-0.0263683748495,-0.0342322287339,6.45270922343e-06,-0.0199791212738,0.0135608985783,7.65360623056e-05
119.657,1789944756.62,-0.0263346692303,-0.0356356277664,-1.38182975334e-05,-0.0205705049146,0.0134561514911,7.66166435933e-05
119.677,1789944756.64,-0.0262481616599,-0.0369582963165,-3.39573039201e-05,-0.0211166546516,0.0133249872199,7.60586341038e-05
119.697,1789944756.66,-0.0261093677319,-0.0381980927778,-5.38040645803e-05,-0.0216167594647,0.0131678382888,7.48751516819e-05
119.717,1789944756.68,-0.0259189049974,-0.0393530562929,-7.32027383575e-05,-0.0220701063944,0.0129851868359,7.30841237465e-05
119.737,1789944756.7,-0.0256774910629,-0.0404214095309,-9.20030846921e-05,-0.0224760812819,0.0127775634396,7.07080780278e-05
119.757,1789944756.72,-0.0253859414992,-0.0414015610779,-0.000110061589173,-0.0228341695187,0.012545545739,6.77739110594e-05
119.777,1789944756.74,-0.0250451675654,-0.0422921074359,-0.000127242535776,-0.0231439564023,0.0122897569653,6.43126124955e-05
119.797,1789944756.76,-0.0246561737554,-0.0430918346308,-0.000143418989408,-0.023405127455,0.0120108644995,6.03589646209e-05
119.817,1789944756.78,-0.0242200586732,-0.0437997227804,-0.000158548301505,-0.023619766171,0.0117118749634,5.60878828339e-05
119.837,1789944756.8,-0.0237379870521,-0.0444149224012,-0.000172333032652,-0.0237818841346,0.0113876671965,5.11915514449e-05
119.857,1789944756.82,-0.0232112368641,-0.0449368037919,-0.000184788922541,-0.0238947186832,0.0110422812982,4.59152173093e-05
119.877,1789944756.84,-0.0226411357506,-0.0453649290503,-0.000196388935037,-0.0239620764249,0.0106597415053,4.00256467374e-05
119.897,1789944756.86,-0.0220292456102,-0.0456990278674,-0.000205951153468,-0.0239764978721,0.0102757775014,3.42283505216e-05
119.917,1789944756.88,-0.0213770474418,-0.0459390495338,-0.000213946075601,-0.0239425006953,0.00987636432065,2.82506273396e-05
119.937,1789944756.9,-0.0206861345505,-0.0460851307571,-0.000219830853493,-0.0238603666616,0.00947780673017,2.2206925782e-05
119.957,1789944756.92,-0.0199579993599,-0.0461376036095,-0.000224861535739,-0.0237396985699,0.00903956417911,1.5436016894e-05
119.977,1789944756.94,-0.0191944213694,-0.0460969109062,-0.000227830827671,-0.0235584399545,0.0085974418202,9.49214528765e-06
119.997,1789944756.96,-0.0183970758535,-0.0459637878164,-0.000229869806933,-0.0233344436907,0.00811734229045,3.23965170468e-06
120.017,1789944756.98,-0.0175679130355,-0.0457391164063,-0.00022982175066,-0.023066746273,0.00763856891905,-3.06423273386e-06
120.037,1789944757,-0.0167087871818,-0.0454239461573,-0.000228129131855,-0.0227563619498,0.00714805888472,-9.27679909917e-06
120.057,1789944757.02,-0.0158216261014,-0.045019492142,-0.000224853156793,-0.022402507018,0.00664858499447,-1.53784819296e-05
120.077,1789944757.04,-0.014908386418,-0.0445271416283,-0.000220069668482,-0.0220054630297,0.00613974258014,-2.1333315735e-05
120.097,1789944757.06,-0.0139710802037,-0.0439484700394,-0.000213448666623,-0.0215760776704,0.00563209980965,-2.75202801858e-05
120.117,1789944757.08,-0.0130116429507,-0.0432851138468,-0.00020611268995,-0.021088856366,0.0050933311759,-3.24405544302e-05
120.137,1789944757.1,-0.0120322440495,-0.0425390293532,-0.000197142325551,-0.0205692593518,0.00455725408655,-3.75355994416e-05
120.157,1789944757.12,-0.0110349893495,-0.0417122592195,-0.000186620268785,-0.0200213737646,0.00402697819768,-4.29205975006e-05
120.177,1789944757.14,-0.0100219478081,-0.0408069505957,-0.00017592454998,-0.0194487045073,0.00349760682166,-4.64088299023e-05
120.197,1789944757.16,-0.00899511825915,-0.0398252518645,-0.000163239645012,-0.0187874263815,0.00292117322868,-5.07203531693e-05
120.217,1789944757.18,-0.0079568829212,-0.0387699120226,-0.000149684652946,-0.0181355338002,0.00237265727915,-5.51673097806e-05
120.237,1789944757.2,-0.00690934176734,-0.0376433884127,-0.000135416850993,-0.0174338103363,0.00182165063199,-5.80489159082e-05
120.257,1789944757.22,-0.00585463677696,-0.0364484562303,-0.00012097593282,-0.0166971217867,0.00125648780901,-5.99429701086e-05
120.277,1789944757.24,-0.00479502799719,-0.035188032043,-0.000105658091455,-0.0159418417089,0.000704349038993,-6.19919853902e-05
120.297,1789944757.26,-0.00373266425981,-0.0338650651141,-8.9904343418e-05,-0.0151616960406,0.000155898920547,-6.36021730284e-05
120.317,1789944757.28,-0.00266969743302,-0.0324826146148,-7.38405478632e-05,-0.0143575273201,-0.000387819016921,-6.47520390812e-05
120.337,1789944757.3,-0.00160825772051,-0.0310438327322,-5.76132580005e-05,-0.0135296451577,-0.000927280626749,-6.54009253098e-05
120.357,1789944757.32,-0.000550461614955,-0.0295519661893,-4.13669864247e-05,-0.0126790305933,-0.00146143383842,-6.55650784851e-05
120.377,1789944757.34,0.00050159720806,-0.028010354155,-2.51954822713e-05,-0.0118085008068,-0.00199052892254,-6.51863040327e-05
120.397,1789944757.36,0.00154584082018,-0.0264224106285,-9.26168690997e-06,-0.0109189317329,-0.00251240805352,-6.4333782782e-05
120.417,1789944757.38,0.00258022173757,-0.0247916269813,6.32221780205e-06,-0.0100126884497,-0.00302625518843,-6.30023052812e-05
120.437,1789944757.4,0.00360272333108,-0.0231215594663,2.14366075422e-05,-0.00909181337127,-0.00353091082991,-6.12103150944e-05
120.457,1789944757.42,0.00461136521092,-0.0214158219353,3.59681168333e-05,-0.00815841752511,-0.00402534097149,-5.89777931461e-05
120.477,1789944757.44,0.00560420708746,-0.0196780773132,4.98090218089e-05,-0.00721455863905,-0.00450854158934,-5.63290065039e-05
120.497,1789944757.46,0.00657935276974,-0.0179120295853,6.28585099703e-05,-0.0062622679104,-0.00497956801757,-5.32912925185e-05
120.517,1789944757.48,0.00753495385332,-0.0161214158288,7.50233931519e-05,-0.00530354854631,-0.00543752517897,-4.98948292239e-05
120.537,1789944757.5,0.00846921322775,-0.014309998372,8.62187818934e-05,-0.00434038364827,-0.00588156486747,-4.61722862295e-05
120.557,1789944757.52,0.00938038839813,-0.0124815570214,9.63686704312e-05,-0.003374740364,-0.00631088123,-4.21585031706e-05
120.577,1789944757.54,0.0102667946436,-0.0106398813485,0.000105406428863,-0.00240857222547,-0.00672470803808,-3.78901780381e-05
120.597,1789944757.56,0.0111268080236,-0.00878876302279,0.000113275218868,-0.00144381922302,-0.00712231711317,-3.3405536512e-05
120.617,1789944757.58,0.0119588682378,-0.00693198819421,0.00011992832529,-0.000482406107716,-0.00750301784402,-2.87440079879e-05
120.637,1789944757.6,0.0127614813388,-0.00507332993149,0.000125329399272,0.000473760378511,-0.00786615755553,-2.39458942562e-05
120.657,1789944757.62,0.0135332222991,-0.00321654073002,0.000129452613139,0.00142279500455,-0.00821112227352,-1.90520360178e-05
120.677,1789944757.64,0.0142727374247,-0.00136534510211,0.000132282736133,0.00236283788851,-0.00853733766546,-1.41034746829e-05
120.697,1789944757.66,0.0149787466145,0.000476567732905,0.000133815113847,0.00329205821468,-0.0088442701582,-9.14113367705e-06
120.717,1789944757.68,0.0156500454587,0.00230555104498,0.00013405557399,0.00420865814013,-0.009131427858,-4.20549052336e-06
120.737,1789944757.7,0.0162855071736,0.00411800765974,0.000133020240839,0.00511087631084,-0.00939836143985,6.6374932561e-07
120.757,1789944757.72,0.0168840843681,0.00591039688046,0.000130735274245,0.00599699135176,-0.00964466484603,5.42794847254e-06
120.777,1789944757.74,0.0174448106409,0.0076792412541,0.000127236528358,0.00686532515843,-0.00986997600051,1.00498353398e-05
120.797,1789944757.76,0.0179668020031,0.00942113316393,0.000122569141699,0.00771424602985,-0.0100739771834,1.44937903155e-05
120.817,1789944757.78,0.0184492581269,0.0111327412416,0.000116787050702,0.00854217164994,-0.010256395439,1.87261050776e-05
120.837,1789944757.8,0.0188914634182,0.0128108165826,0.000109952447138,0.00934757190943,-0.0104170028901,2.27152275424e-05
120.857,1789944757.82,0.0192927879099,0.0144521987563,0.000102135169496,0.0101289717614,-0.0105556168246,2.64319918316e-05
120.877,1789944757.84,0.0196526879794,0.0160538215981,9.34120449344e-05,0.0108849536455,-0.0106720998693,2.98498159355e-05
120.897,1789944757.86,0.019970706886,0.0176127187752,8.38661813395e-05,0.011614160063,-0.010766359896,3.29448815428e-05
120.917,1789944757.88,0.0202464751308,0.0191260291149,7.35862214123e-05,0.0123152959923,-0.0108383499952,3.5696300805e-05
120.937,1789944757.9,0.0204797106379,0.0205910016857,6.2665555989e-05,0.0129871309151,-0.0108880682304,3.80862280368e-05
120.957,1789944757.92,0.0206702192054,0.0220050466685,5.0791172726e-05,0.0136598726502,-0.0109164323002,4.01265724299e-05
120.977,1789944757.94,0.0208178884137,0.0233653774037,3.92946747683e-05,0.0142382597021,-0.0109209032848,4.17260181902e-05
120.997,1789944757.96,0.0209227074788,0.0246698776222,2.71652603362e-05,0.0148140004287,-0.0109070523906,4.27911592975e-05
121.017,1789944757.98,0.020984711531,0.0259162667454,1.41425305772e-05,0.015377494741,-0.0108630947645,4.37589418473e-05
121.037,1789944758,0.0210041005435,0.027102241482,2.14825436933e-06,0.0158654197811,-0.0108031271709,4.43206412801e-05
121.057,1789944758.02,0.020981100481,0.028225976502,-1.06103045392e-05,0.0163327277842,-0.0107244664523,4.42188344607e-05
121.077,1789944758.04,0.0209160132238,0.0292856214408,-2.31972383807e-05,0.0167680178263,-0.0106216600668,4.38989059377e-05
121.097,1789944758.06,0.0208092443388,0.0302794735664,-3.55240465567e-05,0.0171732488697,-0.0104957431052,4.32902027565e-05
121.117,1789944758.08,0.0206613004613,0.0312059260894,-4.77176058975e-05,0.0175378822978,-0.0103550184656,4.20013019826e-05
121.137,1789944758.1,0.0204727214073,0.0320635588697,-5.94678873066e-05,0.0178669836547,-0.0101918759066,4.04907049522e-05
121.157,1789944758.12,0.020244148822,0.0328510733773,-7.08200324512e-05,0.0181555533728,-0.0100071634789,3.87507361982e-05
121.177,1789944758.14,0.0199763174954,0.0335673487839,-8.14892646049e-05,0.0184093954544,-0.00980715082977,3.64674413698e-05
121.197,1789944758.16,0.0196700032399,0.034211379285,-9.15912677694e-05,0.0186222921792,-0.00958688142184,3.39875787698e-05
121.217,1789944758.18,0.0193260666027,0.0347823303292,-0.000101061280015,0.0187936721001,-0.00934376650946,3.14986713649e-05
121.237,1789944758.2,0.0189454854861,0.0352795412803,-0.000109622892835,0.0189298465695,-0.00909294646235,2.82251784368e-05
121.257,1789944758.22,0.0185292125463,0.0357024628537,-0.000117527275578,0.0190215977351,-0.00881574039797,2.52785424125e-05
121.277,1789944758.24,0.0180783702182,0.0360507565878,-0.000124333877912,0.0190808447358,-0.00853342788704,2.1533599136e-05
121.297,1789944758.26,0.0175940385774,0.0363241735365,-0.00013031513282,0.0190981511283,-0.00823047532615,1.79184946665e-05
121.317,1789944758.28,0.0170774072701,0.0365226433068,-0.000135512376943,0.0190711564299,-0.00790706691423,1.44838379711e-05
121.337,1789944758.3,0.0165297618664,0.0366462924432,-0.000139521954939,0.0190115363986,-0.0075734966721,1.07135043053e-05
121.357,1789944758.32,0.0159523996031,0.0366953376963,-0.000142356982777,0.0189086311424,-0.00722307412451,6.48553994488e-06
121.377,1789944758.34,0.015346719071,0.0366702083104,-0.000144503167224,0.0187795476141,-0.00687180790007,2.83599191531e-06
121.397,1789944758.36,0.0147140563803,0.0365713820809,-0.000145349013188,0.0186058029367,-0.0064936144494,-1.7888234636e-06
121.417,1789944758.38,0.0140559432541,0.0363995512018,-0.000145110767922,0.0183937787157,-0.00611849713095,-5.52770980869e-06
121.437,1789944758.4,0.0133738182483,0.0361555597266,-0.000144070673182,0.018152386558,-0.0057277575753,-9.58329738607e-06
121.457,1789944758.42,0.012669248119,0.0358403521063,-0.000142187378029,0.0178810609314,-0.00534325866599,-1.26201217447e-05
121.477,1789944758.44,0.0119436797084,0.0354549639518,-0.000138849479419,0.0175604496911,-0.00492715434057,-1.69351203696e-05
121.497,1789944758.46,0.0111988005931,0.0350006865218,-0.000134812043721,0.0172127043781,-0.00451346468104,-2.04506567735e-05
121.517,1789944758.48,0.0104362170591,0.0344788750697,-0.000129896058914,0.0168329457257,-0.00409343660625,-2.37791653085e-05
121.537,1789944758.5,0.00965757917257,0.0338910211398,-0.000124157015919,0.0164227393131,-0.00366884858165,-2.68729092396e-05
121.557,1789944758.52,0.00886455089454,0.0332387330794,-0.000117640947767,0.0159824469234,-0.00323961591014,-2.97441359756e-05
121.577,1789944758.54,0.00805883359666,0.0325237595975,-0.000110907622191,0.0155283591618,-0.0028184534899,-3.165968375e-05
121.597,1789944758.56,0.00724202349158,0.0317478135541,-0.000102522883189,0.0150152705072,-0.00237021685984,-3.47506444635e-05
121.617,1789944758.58,0.00641593546277,0.0309129769198,-9.40262283017e-05,0.0144881787288,-0.00192995384697,-3.6909714828e-05
121.637,1789944758.6,0.00558228039528,0.0300212975341,-8.50324037568e-05,0.0139360033442,-0.00148904274566,-3.87621228982e-05
121.657,1789944758.62,0.00474279035823,0.0290749445638,-7.56308179752e-05,0.0133611669646,-0.00104932019566,-4.02716355755e-05
121.677,1789944758.64,0.003899188545,0.0280761707838,-6.5882000733e-05,0.0127635993152,-0.000610630862231,-4.14645391112e-05
121.697,1789944758.66,0.00305321247834,0.0270273496688,-5.65501199974e-05,0.0121652191523,-0.000184937352572,-4.16722603187e-05
121.717,1789944758.68,0.00220647852402,0.0259307343197,-4.56636116718e-05,0.0115044187698,0.000261062437025,-4.28925857834e-05
121.737,1789944758.7,0.00136079014344,0.0247890119992,-3.53173200081e-05,0.0108421370007,0.0006942758207,-4.31789421669e-05
121.757,1789944758.72,0.000517831259077,0.0236047534643,-2.49651858833e-05,0.0101631264695,0.00112289680976,-4.31281318222e-05
121.777,1789944758.74,-0.000320714387132,0.0223806266108,-1.47059138856e-05,0.0094704513594,0.00154522181816,-4.27214235252e-05
121.797,1789944758.76,-0.00115319172165,0.0211193457357,-4.59373343995e-06,0.00876375238829,0.00196142933958,-4.19983611925e-05
121.817,1789944758.78,-0.00197796808733,0.0198236830519,5.29518938266e-06,0.00804410570488,0.00237094966114,-4.09717179302e-05
121.837,1789944758.8,-0.00279343694915,0.0184964618069,1.48865458289e-05,0.00731272016351,0.00277317113916,-3.96551815425e-05
121.857,1789944758.82,-0.00359802013341,0.0171405518382,2.41081633153e-05,0.00657106769987,0.00316736896908,-3.80625188106e-05
121.877,1789944758.84,-0.00439017084306,0.0157588634823,3.28915514341e-05,0.0058207231607,0.00355279124064,-3.62091098362e-05
121.897,1789944758.86,-0.00516837666083,0.0143543413002,4.11725071518e-05,0.0050633126155,0.0039286858768,-3.4112066077e-05
121.917,1789944758.88,-0.00593116254078,0.0129299576187,4.8891631625e-05,0.00430047149804,0.00429432246584,-3.17902235592e-05
121.937,1789944758.9,-0.00667709369486,0.011488706079,5.59947645994e-05,0.00353382541544,0.00464900177934,-2.92640314144e-05
121.957,1789944758.92,-0.00740477834247,0.0100335952442,6.24333516947e-05,0.00276498144602,0.00499205974052,-2.65553698206e-05
121.977,1789944758.94,-0.00811287031878,0.00856764229036,6.81647715966e-05,0.00199552587512,0.0053228679833,-2.36873564491e-05
121.997,1789944758.96,-0.00880007153888,0.00709386678527,7.31526006325e-05,0.00122702425629,0.00564083308934,-2.06841440401e-05
122.017,1789944758.98,-0.00946512448994,0.00561531696786,7.6654667706e-05,0.000482959561327,0.00593928197423,-1.7194428923e-05
122.037,1789944759,-0.0101068893854,0.00413480905822,8.0784436339e-05,-0.000300994010966,0.00623603993315,-1.43729330814e-05
122.057,1789944759.02,-0.0107241705058,0.00265552330055,8.34314498603e-05,-0.00106080668699,0.00651318864737,-1.11474643911e-05
122.077,1789944759.04,-0.0113158896784,0.00118041061824,8.52404424568e-05,-0.0018125291429,0.00677515351934,-7.87942092877e-06
122.097,1789944759.06,-0.0118810179713,-0.000287575382427,8.61909436238e-05,-0.00255308200178,0.0070210550169,-4.58173511549e-06
122.117,1789944759.08,-0.0124185917018,-0.00174553265645,8.63138291256e-05,-0.00328303397006,0.00725105633357,-1.299582681e-06
122.137,1789944759.1,-0.0129277087101,-0.00319059770581,8.56214401094e-05,-0.0040014889933,0.0074649382771,1.93910486839e-06
122.157,1789944759.12,-0.0134075300393,-0.00461995193874,8.41315561316e-05,-0.00470744805053,0.00766247858815,5.10792433568e-06
122.177,1789944759.14,-0.0138572807218,-0.0060308252821,8.18668785338e-05,-0.00539967207616,0.00784341351137,8.1826549015e-06
122.197,1789944759.16,-0.0142762509108,-0.00742050138653,7.88558237927e-05,-0.00607685184554,0.00800748476112,1.11404368456e-05
122.217,1789944759.18,-0.0146637969241,-0.0087863228723,7.51323256521e-05,-0.0067376640051,0.0081544548642,1.3959762897e-05
122.237,1789944759.2,-0.0150193422,-0.0101256966113,7.07355604179e-05,-0.00738081662352,0.00828411936265,1.66205146616e-05
122.257,1789944759.22,-0.0153423781102,-0.0114360988362,6.57095794052e-05,-0.0080050700527,0.00839631230165,1.91040664512e-05
122.277,1789944759.24,-0.0156324646143,-0.0127150800203,6.01028971159e-05,-0.00860924605534,0.00849090808776,2.13934017385e-05
122.297,1789944759.26,-0.0158892307525,-0.0139602695026,5.39680541033e-05,-0.0091922296584,0.0085678216459,2.347322713e-05
122.317,1789944759.28,-0.0161123749755,-0.0151693798571,4.7361143974e-05,-0.00975296795603,0.00862700731997,2.53300765454e-05
122.337,1789944759.3,-0.0163016653215,-0.0163402110161,4.03413183335e-05,-0.0102904681612,0.00866845781776,2.69523994505e-05
122.357,1789944759.32,-0.0164569394403,-0.0174706541597,3.29702757676e-05,-0.0108037958251,0.0086922029724,2.83306397916e-05
122.377,1789944759.34,-0.0165781044737,-0.0185586953747,2.53117359706e-05,-0.0112920739288,0.00869830880959,2.94572825863e-05
122.397,1789944759.36,-0.0166651367925,-0.0196024190909,1.74308975329e-05,-0.0117544825644,0.00868687670673,3.03268987507e-05
122.417,1789944759.38,-0.0167180815965,-0.0206000112938,9.39390564096e-06,-0.0121902593845,0.00865804269778,3.0936158607e-05
122.437,1789944759.4,-0.0167370523774,-0.0215497625106,1.26730163625e-06,-0.0125987001985,0.00861197691339,3.12838334613e-05
122.457,1789944759.42,-0.0167222302486,-0.0224500705701,-6.88251024459e-06,-0.0129791599361,0.00854888290538,3.13707793629e-05
122.477,1789944759.44,-0.0166738631437,-0.0232994431289,-1.49897954521e-05,-0.0133310536058,0.00846899708711,3.11999068887e-05
122.497,1789944759.46,-0.0165922648858,-0.0240964999621,-2.29900036647e-05,-0.0136538570698,0.0083725880342,3.07761272355e-05
122.517,1789944759.48,-0.0164778086784,-0.0248399900321,-3.12074572184e-05,-0.0139587035609,0.00825647467037,2.98967179938e-05
122.537,1789944759.5,-0.0163309627089,-0.0255286811768,-3.87743911414e-05,-0.0142213059461,0.00812762706092,2.8951945691e-05
122.557,1789944759.52,-0.0161522271864,-0.0261615617753,-4.60298583747e-05,-0.0144515291417,0.00798366387255,2.78111310842e-05
122.577,1789944759.54,-0.0159421625509,-0.0267377313595,-5.29190583478e-05,-0.0146504939472,0.00782147281343,2.66607253524e-05
122.597,1789944759.56,-0.0157014156812,-0.0272564107257,-5.94465015015e-05,-0.0148181839348,0.0076478262872,2.51380477462e-05
122.617,1789944759.58,-0.0154306653243,-0.0277169425896,-6.55884257707e-05,-0.0149540996757,0.00746205305507,2.33285142966e-05
122.637,1789944759.6,-0.0151306390262,-0.02811880438,-7.11007441699e-05,-0.0150644606418,0.00726379291163,2.12748673118e-05
122.657,1789944759.62,-0.014802116405,-0.0284615442026,-7.59781665034e-05,-0.0151367284023,0.00705523524479,1.95645566434e-05
122.677,1789944759.64,-0.0144458855038,-0.028744904072,-8.07488545409e-05,-0.0151876329629,0.00681672370705,1.7290313955e-05
122.697,1789944759.66,-0.0140629271285,-0.0289686650937,-8.4704631719e-05,-0.015204674606,0.00657490062323,1.49826303565e-05
122.717,1789944759.68,-0.0136541754032,-0.0291327661462,-8.80399896765e-05,-0.01519108093,0.00632253407289,1.25744332844e-05
122.737,1789944759.7,-0.013220621168,-0.0292372602567,-9.07348080303e-05,-0.0151467258593,0.00606026819726,1.00989188532e-05
122.757,1789944759.72,-0.0127632917202,-0.0292823224379,-9.27838074853e-05,-0.0150721469176,0.00578774449546,7.5721379875e-06
122.777,1789944759.74,-0.0122832559702,-0.0292682458432,-9.4179464383e-05,-0.0149677319077,0.0055052856709,5.01417392723e-06
122.797,1789944759.76,-0.0117816220669,-0.0291954406529,-9.49190762451e-05,-0.014833916565,0.00521337879554,2.44511377547e-06
122.817,1789944759.78,-0.0112595354717,-0.0290644323169,-9.50048882675e-05,-0.0146711644033,0.00491265660811,-1.14680114648e-07
122.837,1789944759.8,-0.0107181763127,-0.0288758597761,-9.44442981564e-05,-0.0144799850961,0.00460381493186,-2.64503642167e-06
122.857,1789944759.82,-0.0101587565899,-0.0286304734725,-9.32497737056e-05,-0.0142609385619,0.00428757728277,-5.12622476091e-06
122.877,1789944759.84,-0.00958251729881,-0.0283291331611,-9.1438701856e-05,-0.0140146374294,0.00396467388365,-7.53918004277e-06
122.897,1789944759.86,-0.00899072555242,-0.0279728055109,-8.90331843311e-05,-0.0137417469749,0.0036358331173,-9.86566138393e-06
122.917,1789944759.88,-0.00838467172352,-0.0275625614957,-8.60598006087e-05,-0.0134429836836,0.00330177916619,-1.20883966045e-05
122.937,1789944759.9,-0.00776566660737,-0.0270995735859,-8.25493359094e-05,-0.0131191131746,0.00296323234547,-1.41912023395e-05
122.957,1789944759.92,-0.00713503860366,-0.0265851127447,-7.85364740791e-05,-0.012770947943,0.00262091053694,-1.61590886585e-05
122.977,1789944759.94,-0.00649413090562,-0.0260205452426,-7.40594754488e-05,-0.0123993448799,0.00227553008778,-1.79783611225e-05
122.997,1789944759.96,-0.00584429869473,-0.0254073292979,-6.91598156274e-05,-0.0120052029776,0.00192780639196,-1.96366989363e-05
123.017,1789944759.98,-0.00518690633865,-0.0247470115507,-6.38818163268e-05,-0.0115894610026,0.00157845372819,-2.11232435269e-05
123.037,1789944760,-0.0045233245907,-0.0240412233836,-5.82722482674e-05,-0.011153095083,0.00122818458487,-2.24286576005e-05
123.057,1789944760.02,-0.00385492779761,-0.0232916770939,-5.23799267447e-05,-0.0106971165695,0.000877708687499,-2.35451791023e-05
123.077,1789944760.04,-0.00318309111576,-0.0225001619284,-4.62552918866e-05,-0.0102225695982,0.000527731680558,-2.44666636611e-05
123.097,1789944760.06,-0.00250918774404,-0.0216685399897,-3.99499855705e-05,-0.00973052881103,0.000178953861882,-2.51886133679e-05
123.117,1789944760.08,-0.0018345861771,-0.0207987420224,-3.35164169257e-05,-0.00922209704525,-0.000167931303891,-2.57081954258e-05
123.137,1789944760.1,-0.00116064748477,-0.019892763088,-2.70073362631e-05,-0.0086984028265,-0.000512238544218,-2.60242306618e-05
123.157,1789944760.12,-0.000488722624754,-0.0189526581398,-2.04754053534e-05,-0.00816059801071,-0.000853292137927,-2.61371944103e-05
123.177,1789944760.14,0.00017985020945,-0.0179805375044,-1.39727779717e-05,-0.00760985530763,-0.00119042729879,-2.60491858631e-05
123.197,1789944760.16,0.000843748195893,-0.0169785622827,-7.55068692463e-06,-0.00704736580382,-0.00152299142572,-2.57638862166e-05
123.217,1789944760.18,0.00150166644514,-0.0159489396771,-1.2590434345e-06,-0.00647433640471,-0.00185034535354,-2.52865135372e-05
123.237,1789944760.2,0.00215232050832,-0.0148939182566,4.85394175214e-06,-0.0058919873751,-0.00217186457792,-2.46237590289e-05
123.257,1789944760.22,0.00279444882765,-0.0138157831693,1.07421239767e-05,-0.00530154971426,-0.00248694039444,-2.3783711778e-05
123.277,1789944760.24,0.00342681512567,-0.0127168513122,1.63617720193e-05,-0.00470426272022,-0.00279498102395,-2.27757758905e-05
123.297,1789944760.26,0.00404821072758,-0.0115994664677,2.16718828566e-05,-0.00410137137619,-0.00309541268317,-2.16105789964e-05
123.317,1789944760.28,0.0046574568136,-0.010465994418,2.66344764889e-05,-0.00349412382688,-0.00338768064765,-2.0299869407e-05
123.337,1789944760.3,0.00525340659667,-0.00931881804617,3.12148596378e-05,-0.0028837689121,-0.00367125017836,-1.88564041118e-05
123.357,1789944760.32,0.00583494742143,-0.00816033243428,3.53818657046e-05,-0.00227155355299,-0.00394560750573,-1.72938387665e-05
123.377,1789944760.34,0.00640100278149,-0.00699293996921,3.9108053575e-05,-0.00165872037343,-0.00421026068515,-1.56266000483e-05
123.397,1789944760.36,0.00695053425082,-0.00581904546381,4.23698837036e-05,-0.00104650518886,-0.00446474049243,-1.38697627558e-05
123.417,1789944760.38,0.00748254332604,-0.00464105130604,4.51478518547e-05,-0.000436134553144,-0.00470860114737,-1.2038918219e-05
123.437,1789944760.4,0.00799607317727,-0.00346135264342,4.7426598679e-05,0.00017117653519,-0.00494142110822,-1.01500427393e-05
123.457,1789944760.42,0.0084902237064,-0.00228231958474,4.95349784717e-05,0.000784701539065,-0.00517327799313,-8.83323798676e-06
123.477,1789944760.44,0.00896403779639,-0.00110640591614,5.04458675489e-05,0.00137180897564,-0.00537235404615,-6.26254828976e-06
123.497,1789944760.46,0.00941679105371,6.41539939257e-05,5.16532074239e-05,0.00197642464174,-0.00557191348807,-4.48237089599e-06
123.517,1789944760.48,0.00984767710202,0.0012269399887,5.13837392267e-05,0.00257231719578,-0.00576103618772,-2.18810146482e-06
123.537,1789944760.5,0.0102559463427,0.00237957118784,5.1309049532e-05,0.00312409969042,-0.00593258917008,-8.18422272585e-07
123.557,1789944760.52,0.0106409367372,0.00351998680879,5.03451611261e-05,0.0036969789882,-0.0060939288946,1.93410887144e-06
123.577,1789944760.54,0.0110019984889,0.00464587089722,4.88657341772e-05,0.00425147230775,-0.00623285382652,3.53288110435e-06
123.597,1789944760.56,0.0113386097578,0.00575505730032,4.70713000741e-05,0.00478926115244,-0.00636261118711,5.28363507694e-06
123.617,1789944760.58,0.0116502477782,0.00684540988176,4.49074870413e-05,0.00528699479185,-0.00647406522626,6.88726887828e-06
123.637,1789944760.6,0.0119365004344,0.00791509355593,4.22001229782e-05,0.0058230562441,-0.00658405664603,8.51626271301e-06
123.657,1789944760.62,0.012196908246,0.00896188130137,3.91552133728e-05,0.00632361536221,-0.00667592962532,9.99024617246e-06
123.677,1789944760.64,0.0124311216096,0.00998382458061,3.60426130505e-05,0.00678851698899,-0.00675554823889,1.09783450321e-05
123.697,1789944760.66,0.0126388173268,0.0109791771388,3.20043595489e-05,0.00727085617834,-0.00681639668785,1.25814044311e-05
123.717,1789944760.68,0.0128197687009,0.0119459641495,2.79429073445e-05,0.00772048915065,-0.00686470125811,1.37120715191e-05
123.737,1789944760.7,0.0129737823621,0.0128824329271,2.40487102967e-05,0.00813734692941,-0.0068979118916,1.46337871536e-05
123.757,1789944760.72,0.0131007318978,0.0137870030073,1.91054885632e-05,0.00855938340238,-0.00691958117634,1.54941633684e-05
123.777,1789944760.74,0.0132005282867,0.0146579611962,1.43681756548e-05,0.00895091851392,-0.00692636688534,1.61529136096e-05
123.797,1789944760.76,0.0132731462052,0.0154937904068,9.50486877753e-06,0.00932098741156,-0.00691912320888,1.66538319317e-05
123.817,1789944760.78,0.0133186141723,0.0162930384457,4.5546150877e-06,0.00966901130339,-0.00689790996773,1.69957166927e-05
123.837,1789944760.8,0.0133370157929,0.0170543420027,-4.53615704845e-07,0.00999538823978,-0.00686293256686,1.71791155879e-05
123.857,1789944760.82,0.0133284885908,0.0177764212312,-5.47955627323e-06,0.0102998377816,-0.00681437324523,1.72044508743e-05
123.877,1789944760.84,0.0132932233687,0.0184580820337,-1.04823657451e-05,0.0105819572074,-0.00675243118662,1.70733764876e-05
123.897,1789944760.86,0.0132314634216,0.0190982177221,-1.54214449909e-05,0.0108412780027,-0.0066773216625,1.67888190597e-05
123.917,1789944760.88,0.0131435037008,0.0196958110208,-2.02571575206e-05,0.0110773500186,-0.00658928078828,1.63549460289e-05
123.937,1789944760.9,0.0130296898903,0.0202499358901,-2.49511960196e-05,0.011289774444,-0.00648856728095,1.57770953822e-05
123.957,1789944760.92,0.0128904173928,0.0207597591184,-2.94668929146e-05,0.0114782184007,-0.00637546313488,1.50617013676e-05
123.977,1789944760.94,0.0127261302232,0.0212245416277,-3.37694930114e-05,0.0116424173234,-0.00625027367406,1.4216236103e-05
123.997,1789944760.96,0.0125373198103,0.0216436395048,-3.78264074133e-05,0.0117821723676,-0.00611332700592,1.32491307177e-05
124.017,1789944760.98,0.0123245314329,0.0220164963573,-4.14985532847e-05,0.0118904316436,-0.00597103475695,1.233581694e-05
124.037,1789944761,0.0120882962684,0.0223427177867,-4.50850746068e-05,0.0119878761501,-0.00580556842977,1.09878779535e-05
124.057,1789944761.02,0.0118292932949,0.0226218893211,-4.82420930983e-05,0.0120549382709,-0.00563445056544,9.69785875984e-06
124.077,1789944761.04,0.0115481851727,0.0228537580657,-5.1044711795e-05,0.0120966537483,-0.00545370004833,8.33739901612e-06
124.097,1789944761.06,0.0112456816016,0.023038160368,-5.34747655713e-05,0.0121130506594,-0.00526378786685,6.91800846748e-06
124.117,1789944761.08,0.0109225269364,0.0231750333587,-5.55200801012e-05,0.0121047971866,-0.005064684025,5.44471626728e-06
124.137,1789944761.1,0.0105795022545,0.0232644101228,-5.71688260632e-05,0.0120722470291,-0.00485669246835,3.92876545023e-06
124.157,1789944761.12,0.010217423637,0.0233064189016,-5.84122679235e-05,0.0120157114863,-0.00464021096308,2.38242189372e-06
124.177,1789944761.14,0.00983714058786,0.0233012818919,-5.92449206947e-05,0.0119354770857,-0.004415713901,8.18557391031e-07
124.197,1789944761.16,0.00943953409872,0.0232493142042,-5.96646539343e-05,0.0118318470918,-0.00418371402973,-7.49800149126e-07
124.217,1789944761.18,0.00902551460448,0.0231509227106,-5.96726832675e-05,0.0117051598429,-0.00394474468825,-2.30969332287e-06
124.237,1789944761.2,0.00859601987438,0.0230066047352,-5.92735227506e-05,0.0115557980774,-0.00369934951505,-3.84838155912e-06
124.257,1789944761.22,0.00815201287124,0.0228169465618,-5.84749081258e-05,0.0113841919797,-0.0034480778118,-5.35345994533e-06
124.277,1789944761.24,0.00769447959598,0.0225826217471,-5.72876911927e-05,0.0111908187328,-0.00319148273817,-6.81296001448e-06
124.297,1789944761.26,0.00722442691936,0.0223043892473,-5.5725715076e-05,0.0109762005091,-0.0029301208177,-8.21542923425e-06
124.317,1789944761.28,0.00674288040029,0.0219830913681,-5.38056636793e-05,0.0107409020244,-0.00266455182055,-9.55002178243e-06
124.337,1789944761.3,0.00625088209283,0.0216196515475,-5.15468933844e-05,0.0104855280077,-0.00239533852429,-1.08065755334e-05
124.357,1789944761.32,0.00574948833998,0.0212150719822,-4.89712415681e-05,0.0102107208463,-0.00212304636699,-1.19756680377e-05
124.377,1789944761.34,0.00523976755657,0.0207704311077,-4.61028212813e-05,0.00991715850007,-0.00184824280969,-1.30486964804e-05
124.397,1789944761.36,0.0047227980052,0.0202868809379,-4.296779773e-05,0.00960555245134,-0.0015714964028,-1.40179325154e-05
124.417,1789944761.38,0.0041996655652,0.0197656442756,-3.95941543037e-05,0.00927664596783,-0.00129337595291,-1.48765648513e-05
124.437,1789944761.4,0.00367145381405,0.0192080037552,-3.62328598395e-05,0.00892439080947,-0.00100762718792,-1.52373718132e-05
124.457,1789944761.42,0.00313929536795,0.0186153536656,-3.21885860994e-05,0.00855368985092,-0.000719433945034,-1.64044813068e-05
124.477,1789944761.44,0.00260433726876,0.0179891650393,-2.82669570488e-05,0.00817851899432,-0.000441694094289,-1.69455360066e-05
124.497,1789944761.46,0.00206766341764,0.0173309047852,-2.45392466021e-05,0.00780151153554,-0.000175998639922,-1.67339745918e-05
124.517,1789944761.48,0.00153028624345,0.0166420190741,-2.04701845458e-05,0.00740163787709,9.61257171818e-05,-1.69699976701e-05
124.537,1789944761.5,0.000993283666716,0.0159240929382,-1.62970041101e-05,0.0069883140138,0.000369672271316,-1.70604607776e-05
124.557,1789944761.52,0.000457733763197,0.0151787454334,-1.21441091777e-05,0.00656068462935,0.000640905731845,-1.71271872398e-05
124.577,1789944761.54,-7.52930735145e-05,0.0144076702506,-7.70485070784e-06,0.00613143379101,0.000903499285322,-1.74096423984e-05
124.597,1789944761.56,-0.000604800452314,0.013612498826,-3.44261639159e-06,0.00566168135587,0.00118278958767,-1.71857107728e-05
124.617,1789944761.58,-0.00112964345143,0.0127951623666,4.42555964665e-07,0.00520776648917,0.00144948078826,-1.69998059281e-05
124.637,1789944761.6,-0.00164877398504,0.0119574070083,3.985281736e-06,0.00475653350461,0.00169583002937,-1.58794936323e-05
124.657,1789944761.62,-0.00216126557811,0.0111009780399,7.75979212781e-06,0.00429157277852,0.00194674985941,-1.51279628322e-05
124.677,1789944761.64,-0.00266611999122,0.0102276909965,1.17458134222e-05,0.00380178662346,0.00219630148814,-1.48298452623e-05
124.697,1789944761.66,-0.00316234672594,0.00933951907458,1.51390982205e-05,0.00332131867766,0.00243624539961,-1.4029175006e-05
124.717,1789944761.68,-0.00364901046607,0.00843832463078,1.82777551734e-05,0.00283982969665,0.00266911214551,-1.30976516379e-05
124.737,1789944761.7,-0.00412519228477,0.00752601000018,2.07102074958e-05,0.00237076971669,0.00288974341526,-1.17585619751e-05
124.757,1789944761.72,-0.00459004952613,0.00660435558538,2.37779253379e-05,0.00187219962405,0.00311352474021,-1.09549132746e-05
124.777,1789944761.74,-0.00504267924643,0.00567538203054,2.61502425598e-05,0.00138368667399,0.00332566791418,-9.81193753531e-06
124.797,1789944761.76,-0.00548225677387,0.00474098616906,2.82056509202e-05,0.000896647693282,0.00352932692095,-8.59548687621e-06
124.817,1789944761.78,-0.00590798301117,0.00380307919997,2.99402115325e-05,0.000411806359184,0.00372423443871,-7.32221765725e-06
124.837,1789944761.8,-0.00631884803107,0.00286420412443,3.03827656615e-05,0.000290707475206,0.00377242430218,-6.72116792715e-06
124.857,1789944761.82,-0.00671530352683,0.00192316262907,3.21254292235e-05,-0.000430339384739,0.00404176487183,-4.91496168489e-06
124.877,1789944761.84,-0.00709589285417,0.000983828011469,3.32937466627e-05,-0.0010958210004,0.00428212999623,-3.28989583258e-06
124.897,1789944761.86,-0.00745956919334,4.90831622699e-05,3.37834575566e-05,-0.00161384937458,0.00445853185235,-1.91164258712e-06
124.917,1789944761.88,-0.00780571340962,-0.00087922978418,3.38942698011e-05,-0.00207543241018,0.00460580261029,-5.63000076101e-07
124.937,1789944761.9,-0.00813376819994,-0.00179935322933,3.36611719506e-05,-0.00250923124697,0.00473499073071,7.64394525223e-07
124.957,1789944761.92,-0.00844324020899,-0.00270962028361,3.31027816966e-05,-0.00293261164804,0.00485284672229,2.06365549816e-06
124.977,1789944761.94,-0.00873367390578,-0.00360836765399,3.20232945168e-05,-0.0033378700124,0.00496352109158,3.67665287545e-06
124.997,1789944761.96,-0.00900449900069,-0.00449351451707,3.15214287629e-05,-0.00345641434554,0.00498862366959,3.9019315436e-06
125.017,1789944761.98,-0.00925596562755,-0.00536596978953,2.97670936748e-05,-0.00407867570945,0.00512988515035,5.44248457514e-06
125.037,1789944762,-0.0094871716325,-0.0062217671023,2.86783128768e-05,-0.00428609584052,0.00517697261517,6.18897827344e-06
125.057,1789944762.02,-0.00969811666307,-0.0070609691523,2.70765776173e-05,-0.00464792067363,0.00525145643695,7.11726762493e-06
125.077,1789944762.04,-0.00988849814355,-0.00788212313528,2.50276250591e-05,-0.00508451943758,0.00533413988893,8.16385367582e-06
125.097,1789944762.06,-0.0100579560041,-0.00868336626029,2.27112542731e-05,-0.00553571421575,0.00541029606907,9.1446442933e-06
125.117,1789944762.08,-0.0102061897571,-0.00946292665843,2.01436531267e-05,-0.00599509691651,0.0054778672771,1.00547327865e-05
125.137,1789944762.1,-0.0103329229103,-0.0102189513721,1.73679527791e-05,-0.00643525798769,0.00553074918416,1.08727445966e-05
125.157,1789944762.12,-0.0104379439033,-0.0109496926402,1.44152434845e-05,-0.0068446700297,0.00556675606892,1.15901091507e-05
125.177,1789944762.14,-0.0105211099283,-0.0116535327893,1.13141682211e-05,-0.00721650251152,0.00558499897526,1.22026435397e-05
125.197,1789944762.16,-0.0105823501549,-0.0123290111382,8.0931998967e-06,-0.00754930036448,0.00558588069966,1.27063216078e-05
125.217,1789944762.18,-0.0106216634106,-0.012974827292,4.78084910779e-06,-0.00784538444985,0.00557063233473,1.30973995609e-05
125.237,1789944762.2,-0.0106391124327,-0.0135898284814,1.4060205842e-06,-0.00810902724626,0.00554083844861,1.33724728862e-05
125.257,1789944762.22,-0.0106348170687,-0.0141729904542,-2.00213208664e-06,-0.00834517727422,0.00549812113681,1.3528984939e-05
125.277,1789944762.24,-0.0106089474782,-0.0147233961292,-5.41446681536e-06,-0.00855842494845,0.00544390737117,1.35657157545e-05
125.297,1789944762.26,-0.0105617183123,-0.0152402164514,-8.80216674534e-06,-0.00875239950472,0.00537931193698,1.34830755114e-05
125.317,1789944762.28,-0.0104933842846,-0.0157226956703,-1.21370570639e-05,-0.00892951343771,0.0053051081587,1.32831820661e-05
125.337,1789944762.3,-0.0104042371991,-0.0161701418964,-1.53918805773e-05,-0.00909097956384,0.00522176218494,1.29697672778e-05
125.357,1789944762.32,-0.010294604252,-0.0165819227023,-1.85405423702e-05,-0.00923700755172,0.00512950416994,1.25479483965e-05
125.377,1789944762.34,-0.0101648472881,-0.0169574648263,-2.15583077334e-05,-0.00936708974576,0.00502841362306,1.2023959719e-05
125.397,1789944762.36,-0.0100153626394,-0.017296256725,-2.44219710966e-05,-0.00948030417624,0.00491850088324,1.14048753643e-05
125.417,1789944762.38,-0.00984658121112,-0.0175978526886,-2.71099954283e-05,-0.00957558362383,0.00479977423566,1.06983613995e-05
125.437,1789944762.4,-0.00965896853617,-0.017861877412,-2.96026352469e-05,-0.00965192217193,0.00467228707683,9.91250098669e-06
125.457,1789944762.42,-0.00945302461872,-0.0180880301904,-3.18820440926e-05,-0.00970850935465,0.00453616481251,9.05565339521e-06
125.477,1789944762.44,-0.00922928345872,-0.018276088223,-3.39323761111e-05,-0.00974479620689,0.0043916141781,8.13637936474e-06
125.497,1789944762.46,-0.00898831223608,-0.0184259087859,-3.57398691236e-05,-0.00976050611286,0.00423891932192,7.16339050581e-06
125.517,1789944762.48,-0.00873071017354,-0.0185374302681,-3.72929179433e-05,-0.00975560735565,0.00407842956911,6.14551502996e-06
125.537,1789944762.5,-0.00845710713779,-0.0186106722041,-3.85821420403e-05,-0.00973026404561,0.0039105433059,5.09168585584e-06
125.557,1789944762.52,-0.00816816204744,-0.0186457345266,-3.96004194814e-05,-0.00968478021692,0.00373569174801,4.01090176622e-06
125.577,1789944762.54,-0.00786456115572,-0.0186427962757,-4.03429241259e-05,-0.0096195471052,0.00355432454755,2.91220231364e-06
125.597,1789944762.56,-0.00754701626811,-0.0186021139863,-4.08071284359e-05,-0.00953500089737,0.00336689906824,1.8046187619e-06
125.617,1789944762.58,-0.00721626293549,-0.0185240199213,-4.09927951712e-05,-0.00943159293014,0.0031738732273,6.97117137314e-07
125.637,1789944762.6,-0.00687305343182,-0.0184089176294,-4.08073890297e-05,-0.00930686000592,0.00297023721481,-7.23902377543e-07
125.657,1789944762.62,-0.00651820307663,-0.0182573047422,-4.04245697904e-05,-0.00916646287161,0.00276726470272,-1.81083532927e-06
125.677,1789944762.64,-0.00615249279798,-0.0180697237827,-3.99051737931e-05,-0.00900458746065,0.00255533083716,-2.60382269794e-06
125.697,1789944762.66,-0.00577678058841,-0.0178468318172,-3.90309146185e-05,-0.00883882321945,0.00235588235495,-3.52552153714e-06
125.717,1789944762.68,-0.00539179642596,-0.0175892358597,-3.78844870261e-05,-0.00863894526298,0.00213239518117,-4.52123332387e-06
125.737,1789944762.7,-0.00499847152139,-0.0172977661194,-3.65144417766e-05,-0.00843262180597,0.00191766897538,-5.43848371723e-06
125.757,1789944762.72,-0.00459762124359,-0.0169732105405,-3.49118976518e-05,-0.0082094620698,0.00169822163058,-6.3024080034e-06
125.777,1789944762.74,-0.00419011777959,-0.0166164540054,-3.29417357365e-05,-0.00797759095699,0.00148338762571,-7.401659097e-06
125.797,1789944762.76,-0.00377678115119,-0.0162283837881,-3.11180409294e-05,-0.00772118032914,0.00125664356187,-7.849805888e-06
125.817,1789944762.78,-0.0033585271762,-0.0158100320633,-2.89646097272e-05,-0.007455815267,0.00103405008549,-8.52753299493e-06
125.837,1789944762.8,-0.0029362158101,-0.0153624279386,-2.6663645585e-05,-0.00717629577105,0.000809135655042,-9.07964413571e-06
125.857,1789944762.82,-0.00251074451774,-0.0148866837922,-2.43224209022e-05,-0.00689872251068,0.000596231962976,-9.56634155143e-06
125.877,1789944762.84,-0.00208290201776,-0.0143838313965,-2.17005900002e-05,-0.00657994008778,0.000360806836746,-1.00392149555e-05
125.897,1789944762.86,-0.00165366915461,-0.013855194741,-1.90724581248e-05,-0.00626438085009,0.000137261887183,-1.03930776393e-05
125.917,1789944762.88,-0.00122389612217,-0.0133019771624,-1.6372792155e-05,-0.00593518885636,-8.74890354301e-05,-1.06662075539e-05
125.937,1789944762.9,-0.000794471303316,-0.0127254788578,-1.36360169951e-05,-0.0055981871705,-0.000309059964335,-1.08482060593e-05
125.957,1789944762.92,-0.000366262619868,-0.0121270202655,-1.08815579168e-05,-0.00525268432524,-0.000528091170231,-1.09413835326e-05
125.977,1789944762.94,5.98708940704e-05,-0.0115079566101,-8.13064532375e-06,-0.00489932681941,-0.000744222312043,-1.09467637835e-05
125.997,1789944762.96,0.000483081519765,-0.0108696740238,-5.40493711257e-06,-0.00453862730689,-0.000957217071004,-1.08661079926e-05
126.017,1789944762.98,0.000902528787656,-0.0102135950916,-2.47628001314e-06,-0.00417881852031,-0.00116153274937,-1.10003148409e-05
126.037,1789944763,0.00131743226837,-0.00954110005771,-1.1314319607e-07,-0.00379751554907,-0.00137276521996,-1.04569349959e-05
126.057,1789944763.02,0.00172693661866,-0.00885372450417,2.41248182134e-06,-0.00341844941042,-0.00157470566043,-1.01343951251e-05
126.077,1789944763.04,0.00213026219674,-0.00815293715633,4.81247929332e-06,-0.00303320440414,-0.00177333784351,-9.7088315013e-06
126.097,1789944763.06,0.00252662658412,-0.0074402541706,7.10394930338e-06,-0.00264528499466,-0.00196643278659,-9.23677820207e-06
126.117,1789944763.08,0.00291527283308,-0.00671719671274,9.26033980553e-06,-0.00225478407837,-0.00215412713723,-8.70847542586e-06
126.137,1789944763.1,0.00329546466448,-0.00598529683635,1.12630231953e-05,-0.00186249108528,-0.00233608859183,-8.12486354412e-06
126.157,1789944763.12,0.00366648826557,-0.00524609366637,1.30974253303e-05,-0.00146911300907,-0.00251205353392,-7.49029092934e-06
126.177,1789944763.14,0.00402765338134,-0.00450113054177,1.47506228541e-05,-0.00107536118229,-0.0026817670139,-6.80959261427e-06
126.197,1789944763.16,0.00437829423178,-0.00375195234451,1.62117979936e-05,-0.000681981183896,-0.00284496213823,-6.08869621067e-06
126.217,1789944763.18,0.00471777059151,-0.00300010252851,1.74719592017e-05,-0.000289733004479,-0.00300137328353,-5.33400393767e-06
126.237,1789944763.2,0.00504546882797,-0.00224712014323,1.85239298858e-05,0.000100607518609,-0.00315073473118,-4.55225407518e-06
126.257,1789944763.22,0.00536080295305,-0.00149453677565,1.9362344261e-05,0.000488258058116,-0.00329278655276,-3.7503776745e-06
126.277,1789944763.24,0.00566321565153,-0.000743873468616,1.99836449732e-05,0.000872437291552,-0.00342727901295,-2.93540158923e-06
126.297,1789944763.26,0.00595217926717,3.36235524549e-06,2.03860824057e-05,0.00125237179971,-0.00355397677958,-2.11437145259e-06
126.317,1789944763.28,0.00622719673173,0.000745679936782,2.05696985802e-05,0.00162730204183,-0.00367266205366,-1.29428046832e-06
126.337,1789944763.3,0.00648780242312,0.00148160816605,2.05363043325e-05,0.001996486337,-0.00378313676923,-4.82014322851e-07
126.357,1789944763.32,0.00673356294381,0.00220969849576,2.02894403604e-05,0.00235920370668,-0.003885223673,3.15707047082e-07
126.377,1789944763.34,0.00696407781714,0.00292852777073,1.98343281025e-05,0.00271475538461,-0.00397876668137,1.09238497518e-06
126.397,1789944763.36,0.00717898009843,0.0036367009696,1.91778046153e-05,0.00306246565375,-0.00406363063575,1.84178851846e-06
126.417,1789944763.38,0.00737793690466,0.00433285385464,1.83282433571e-05,0.003401682032,-0.00413970088298,2.55800306595e-06
126.437,1789944763.4,0.00756064986244,0.00501565553024,1.72954737885e-05,0.00373177545521,-0.00420688253258,3.23547479984e-06
126.457,1789944763.42,0.0077268554792,0.00568381090969,1.60906761779e-05,0.00405214036636,-0.00426509991056,3.86905280364e-06
126.477,1789944763.44,0.00787632543898,0.00633606308956,1.47262769809e-05,0.00436219503695,-0.00431429606386,4.45401804486e-06
126.497,1789944763.46,0.00800886682468,0.00697119563157,1.32158309264e-05,0.0046613819925,-0.00435443238161,4.98612442128e-06
126.517,1789944763.48,0.00812432226956,0.0075880347491,1.15738961112e-05,0.00494916876304,-0.00438548836246,5.46161915254e-06
126.537,1789944763.5,0.00822257003632,0.00818545139621,9.81590409264e-06,0.00522504864686,-0.00440746148107,5.87727081997e-06
126.557,1789944763.52,0.00830352402777,0.00876236325532,7.9580238154e-06,0.00548854164098,-0.00442036717204,6.23038800714e-06
126.577,1789944763.54,0.00836713372518,0.00931773662072,6.01701687932e-06,0.00573919545227,-0.0044242387107,6.51882977556e-06
126.597,1789944763.56,0.00841338405791,0.00985058817291,4.01010276796e-06,0.00597658629035,-0.00441912721508,6.74102246705e-06
126.617,1789944763.58,0.00844229520261,0.0103599866407,1.95480419817e-06,0.00620031981367,-0.00440510149067,6.89595299501e-06
126.637,1789944763.6,0.00845392231272,0.0108450543491,-1.31192457062e-07,0.00641003187507,-0.00438224798873,6.98318648474e-06
126.657,1789944763.62,0.00844835517897,0.0113049686462,-2.23018525455e-06,0.00660538911357,-0.00435067039809,7.00284697776e-06
126.677,1789944763.64,0.00842571782227,0.0117389632114,-4.32459926411e-06,0.00678608953697,-0.00431048955622,6.95561543682e-06
126.697,1789944763.66,0.00838616870143,0.0121463299316,-6.3707006682e-06,0.0069526770719,-0.0042626571667,6.79620947494e-06
126.717,1789944763.68,0.00832989008644,0.0125264181503,-8.51088525478e-06,0.00710984956424,-0.00420195383117,6.64621725119e-06
126.737,1789944763.7,0.00825713531314,0.0128785913489,-1.03860976605e-05,0.00724116438931,-0.0041395939883,6.59263993402e-06
126.757,1789944763.72,0.00816813249368,0.0132023582477,-1.22974451961e-05,0.00735997360633,-0.00406587774851,6.29177350507e-06
126.777,1789944763.74,0.00806318003409,0.0134972423102,-1.41441929431e-05,0.00745938018383,-0.00398603009971,5.801540353e-06
126.797,1789944763.76,0.00794258391767,0.0137628676758,-1.59296399462e-05,0.00755095319185,-0.00389365887941,5.33258214281e-06
126.817,1789944763.78,0.0078067222688,0.0139988534811,-1.74497251663e-05,0.00761905690388,-0.00380053084625,5.01738912731e-06
126.837,1789944763.8,0.00765594209443,0.014204954234,-1.90176915745e-05,0.00767764656402,-0.00369477661297,4.35035017148e-06
126.857,1789944763.82,0.00749067370333,0.0143809246999,-2.03561277814e-05,0.00771707814415,-0.00358574359825,3.81580314515e-06
126.877,1789944763.84,0.00731133735983,0.0145266179199,-2.1555601477e-05,0.00774138584421,-0.0034698068822,3.23316413417e-06
126.897,1789944763.86,0.00711838948954,0.0146419370909,-2.25955220219e-05,0.00774955887759,-0.00334817885099,2.63805920386e-06
126.917,1789944763.88,0.00691230657043,0.0147268509831,-2.34744442208e-05,0.00774213506971,-0.00322060862045,2.02267196026e-06
126.937,1789944763.9,0.00669358904572,0.0147813889084,-2.41878040291e-05,0.00771919377248,-0.00308733854389,1.39068322433e-06
126.957,1789944763.92,0.00646275969238,0.0148056411174,-2.47320042064e-05,0.00768092157163,-0.0029485661155,7.46007953272e-07
126.977,1789944763.94,0.00622036887184,0.0147997602289,-2.50786109e-05,0.00763026495328,-0.00281181480393,1.35552079767e-07
126.997,1789944763.96,0.00596692633214,0.0147639346919,-2.53043813808e-05,0.00755904803545,-0.00265569531659,-5.61496340391e-07
127.017,1789944763.98,0.00570308073726,0.0146984580062,-2.53315722834e-05,0.0074758213375,-0.00250225505827,-1.21362472626e-06
127.037,1789944764,0.00542941657757,0.0146036499952,-2.51899624101e-05,0.00737745005092,-0.00234311863552,-1.86278935065e-06
127.057,1789944764.02,0.005146562888,0.0144798984904,-2.4878492823e-05,0.00726527766775,-0.00218146670536,-2.49354375558e-06
127.077,1789944764.04,0.00485515260948,0.0143276431816,-2.44028751144e-05,0.00713922906226,-0.00201670318346,-3.10417914901e-06
127.097,1789944764.06,0.00455583224835,0.0141473787407,-2.37688809366e-05,0.00699966453298,-0.00184927091553,-3.68985173599e-06
127.117,1789944764.08,0.00424925846195,0.0139396527591,-2.29834108372e-05,0.00684687323173,-0.00167933881309,-4.24635197651e-06
127.137,1789944764.1,0.00393609781958,0.0137050647726,-2.2054450257e-05,0.00668121271561,-0.00150717205715,-4.76952893779e-06
127.157,1789944764.12,0.00361702569505,0.0134442648293,-2.09910138074e-05,0.006503075517,-0.00133305366181,-5.25547496242e-06
127.177,1789944764.14,0.00329272517517,0.0131579519503,-1.98030813392e-05,0.00631289348221,-0.00115730446641,-5.70056238887e-06
127.197,1789944764.16,0.00296388578914,0.0128468724293,-1.85015174153e-05,0.00611113123344,-0.000980273368253,-6.10148837065e-06
127.217,1789944764.18,0.00263120212846,0.0125118180015,-1.70979731662e-05,0.0058982810625,-0.00080233011988,-6.4553209795e-06
127.237,1789944764.2,0.0022953723819,0.0121536239059,-1.56047856159e-05,0.00567485788081,-0.000623856456585,-6.75952393962e-06
127.257,1789944764.22,0.00195709682633,0.0117731668606,-1.40348668234e-05,0.00544139508052,-0.000445238427657,-7.01199164802e-06
127.277,1789944764.24,0.00161707630242,0.0113713629658,-1.24015974833e-05,0.0051984412376,-0.000266860109413,-7.21106226886e-06
127.297,1789944764.26,0.00127601070178,0.0109491655506,-1.07187077015e-05,0.0049465580209,-8.90994532853e-05,-7.35553056514e-06
127.317,1789944764.28,0.000934597481472,0.0105075629691,-9.00016156144e-06,0.00468631860525,8.76741880719e-05,-7.44465490149e-06
127.337,1789944764.3,0.000593530213651,0.0100475763518,-7.26004321264e-06,0.00441830677308,0.000263101154999,-7.47815797145e-06
127.357,1789944764.32,0.000253497176766,0.00957025731687,-5.51244067811e-06,0.00414311615656,0.000436831497533,-7.4562210732e-06
127.377,1789944764.34,-8.48200166538e-05,0.00907668564227,-3.77132833953e-06,0.00386134978723,0.000608524567091,-7.37947258225e-06
127.397,1789944764.36,-0.000420747753539,0.0085679669007,-2.05046011303e-06,0.00357361928538,0.000777848372037,-7.24898054055e-06
127.417,1789944764.38,-0.000753621720363,0.00804523006155,-3.63258053725e-07,0.00328054423582,0.000944479046461,-7.06623189934e-06
127.437,1789944764.4,-0.00108278817321,0.00750962506014,1.27729152883e-06,0.00298275112434,0.00110810050218,-6.83311657019e-06
127.457,1789944764.42,-0.00140760517586,0.00696232034011,2.85873488849e-06,0.00268087228519,0.00126840440017,-6.55190923711e-06
127.477,1789944764.44,-0.0017274438092,0.00640450037302,4.36924799019e-06,0.00237554461889,0.00142509043541,-6.22523974964e-06
127.497,1789944764.46,-0.00204168934978,0.00583736315842,5.79772022752e-06,0.00206740823762,0.00157786670066,-5.85607193234e-06
127.517,1789944764.48,-0.00234974241442,0.00526211771286,7.13383835377e-06,0.00175710510859,0.00172645037639,-5.44767755027e-06
127.537,1789944764.5,-0.00265102007116,0.00467998155079,8.36815558101e-06,0.001445277565,0.00187056837511,-5.00359821239e-06
127.557,1789944764.52,-0.00294495691014,0.00409217816315,9.49216162703e-06,0.00113256699979,0.00200995798529,-4.52762815266e-06
127.577,1789944764.54,-0.00323100607539,0.00349993450135,1.04983338761e-05,0.000819612361941,0.0021443676079,-4.02376343713e-06
127.597,1789944764.56,-0.00350864025247,0.00290447846938,1.1380189185e-05,0.000507048914513,0.00227355731792,-3.49618210986e-06
127.617,1789944764.58,-0.00377735260949,0.0023070364315,1.21323225225e-05,0.000195506915681,0.00239729932015,-2.94920397892e-06
127.637,1789944764.6,-0.00403665769132,0.00170883073842,1.27504335503e-05,-0.00011438967561,0.00251537848535,-2.3872461874e-06
127.657,1789944764.62,-0.00428609226414,0.00111107727939,1.32313534351e-05,-0.000422024364535,0.00262759272145,-1.81480284651e-06
127.677,1789944764.64,-0.00452521610778,0.000514983062966,1.35730486114e-05,-0.000726789332788,0.00273375317103,-1.2363933532e-06
127.697,1789944764.66,-0.00475361275707,-7.82561683945e-05,1.37746274122e-05,-0.00102808661167,0.00283368464591,-6.56532214966e-07
127.717,1789944764.68,-0.00497089018925,-0.000667458284133,1.38363330411e-05,-0.00132532915594,0.00292722574929,-7.96952698112e-08
127.737,1789944764.7,-0.00517668145677,-0.00125145706976,1.37595229265e-05,-0.00161794200658,0.00301422909183,4.8972048223e-07
127.757,1789944764.72,-0.0053706452658,-0.00182910448262,1.35466472182e-05,-0.00190536331338,0.00309456156273,1.04742722533e-06
127.777,1789944764.74,-0.00555246649878,-0.00239927285651,1.3201215331e-05,-0.00218704539656,0.00316810431013,1.58928240424e-06
127.797,1789944764.76,-0.00572185667983,-0.00296085705098,1.27277500408e-05,-0.00246245578963,0.00323475307674,2.11131755426e-06
127.817,1789944764.78,-0.00587855438444,-0.00351277654032,1.21317443582e-05,-0.00273107815201,0.00329441814749,2.60976742102e-06
127.837,1789944764.8,-0.00602232559091,-0.00405397743962,1.14195982147e-05,-0.00299241325962,0.00334702454472,3.08110043981e-06
127.857,1789944764.82,-0.00615296647412,-0.00458343698585,1.04685672255e-05,-0.00324998462238,0.00339651633546,3.75157365491e-06
127.877,1789944764.84,-0.00627027013839,-0.00510013535481,9.46348531104e-06,-0.00349788330734,0.00343194049097,3.98949957047e-06
127.897,1789944764.86,-0.00637411400868,-0.00560310130436,8.45463980566e-06,-0.00373437240303,0.00346285676911,4.34917738811e-06
127.917,1789944764.88,-0.00646437005065,-0.00609141465857,7.53991776065e-06,-0.00396589493312,0.00348608485292,4.61617862399e-06
127.937,1789944764.9,-0.00654094938897,-0.0065641516023,6.31472792822e-06,-0.00417958911351,0.00350429688446,4.77027261237e-06
127.957,1789944764.92,-0.0066037739182,-0.00702049405976,5.17357372411e-06,-0.00438780078876,0.00351093134904,5.13800059802e-06
127.977,1789944764.94,-0.00665282849566,-0.00745961281322,3.89166217153e-06,-0.00458258731426,0.00351279131209,5.34423571678e-06
127.997,1789944764.96,-0.00668810046706,-0.00788075135313,2.5725057246e-06,-0.00476762353054,0.00350720359203,5.52217191182e-06
128.017,1789944764.98,-0.00670961330595,-0.00828318268674,1.21648463035e-06,-0.004941832058,0.00349515484781,5.64360416152e-06
128.037,1789944765,-0.00671741374649,-0.00866622439516,-1.58575754498e-07,-0.00510554419674,0.00347629233979,5.71808331852e-06
128.057,1789944765.02,-0.00671157587357,-0.00902923419528,-1.54082994803e-06,-0.00525840628927,0.00345071604925,5.74538974538e-06
128.077,1789944765.04,-0.00669219991844,-0.00937161244357,-2.9184825184e-06,-0.00540016124398,0.0034183969523,5.72702158138e-06
128.097,1789944765.06,-0.00665941266763,-0.00969280289361,-4.28041274199e-06,-0.00553045606711,0.00337938987122,5.66413413593e-06
128.117,1789944765.08,-0.00661336716174,-0.00999229426339,-5.61588970604e-06,-0.00564896647965,0.00333376870497,5.55812422027e-06
128.137,1789944765.1,-0.0065542424334,-0.0102696215183,-6.91460123271e-06,-0.0057553988157,0.00328164738588,5.41061114181e-06
128.157,1789944765.12,-0.00648224304264,-0.0105243670629,-8.16668250219e-06,-0.00584951583247,0.00322316753271,5.22345836139e-06
128.177,1789944765.14,-0.00639759851518,-0.0107561616773,-9.36277636613e-06,-0.00593113968213,0.00315849503367,4.99877937215e-06
128.197,1789944765.16,-0.00630056268099,-0.0109646852117,-1.04940977987e-05,-0.0060001510715,0.00308781343547,4.73891878838e-06
128.217,1789944765.18,-0.00619141294726,-0.0111496670448,-1.15524839307e-05,-0.00605648273971,0.0030113194633,4.44645154518e-06
128.237,1789944765.2,-0.00607044952095,-0.0113108863314,-1.25304602368e-05,-0.0061001113286,0.00292921923746,4.12415090891e-06
128.257,1789944765.22,-0.00593799459639,-0.0114481720827,-1.34212888126e-05,-0.00613104935655,0.00284172619275,3.77498061083e-06
128.277,1789944765.24,-0.00579439151771,-0.0115614031033,-1.42190119424e-05,-0.00614933831468,0.00274905988079,3.40206621529e-06
128.297,1789944765.26,-0.00564000391616,-0.0116505078214,-1.49184924223e-05,-0.00615504390625,0.00265144551724,3.00867476845e-06
128.317,1789944765.28,-0.00547521482852,-0.011715464026,-1.55154447029e-05,-0.00614825289894,0.0025491142517,2.59818425267e-06
128.337,1789944765.3,-0.0053004257905,-0.0117562985231,-1.60064564533e-05,-0.0061290718026,0.0024423033043,2.17406606865e-06
128.357,1789944765.32,-0.0051160559083,-0.0117730867187,-1.63890097674e-05,-0.00609762659489,0.00233125636001,1.73984667471e-06
128.377,1789944765.34,-0.00492254090265,-0.011765952125,-1.66614817327e-05,-0.00605406321525,0.00221622367758,1.29907917356e-06
128.397,1789944765.36,-0.00472033212865,-0.0117350657901,-1.68231569841e-05,-0.00599854826941,0.00209746202679,8.55321336544e-07
128.417,1789944765.38,-0.00450989556792,-0.011680645645,-1.68742103284e-05,-0.00593126982354,0.00197523446372,4.121035599e-07
128.437,1789944765.4,-0.00429171079771,-0.0116029557689,-1.68157032823e-05,-0.00585243785759,0.00184980978631,-2.71073797435e-08
128.457,1789944765.42,-0.00406626993578,-0.0115023055648,-1.6649557247e-05,-0.00576228443852,0.00172146206738,-4.58921376018e-07
128.477,1789944765.44,-0.00383407656479,-0.011379048851,-1.63785301732e-05,-0.00566106358301,0.00159046986342,-8.80063803274e-07
128.497,1789944765.46,-0.00359564464001,-0.0112335828638,-1.60061815783e-05,-0.00554905075413,0.00145711563249,-1.28739551561e-06
128.517,1789944765.48,-0.00335149738029,-0.011066347177,-1.55368369279e-05,-0.00542654226622,0.00132168489419,-1.67793184558e-06
128.537,1789944765.5,-0.00310216614838,-0.0108778225396,-1.4975536302e-05,-0.00529385426144,0.00118446560155,-2.04887521791e-06
128.557,1789944765.52,-0.00284818932038,-0.0106685296344,-1.43279902763e-05,-0.00515132198319,0.00104574741728,-2.39762326573e-06
128.577,1789944765.54,-0.00259011115033,-0.010439027763,-1.36005242245e-05,-0.00499929861345,0.00090582111822,-2.72179238437e-06
128.597,1789944765.56,-0.00232848062855,-0.0101899134595,-1.28000147761e-05,-0.00483815433508,0.00076497790861,-3.01923847654e-06
128.617,1789944765.58,-0.00206385033961,-0.00992181903864,-1.1933833395e-05,-0.00466827539236,0.00062350887729,-3.28806108099e-06
128.637,1789944765.6,-0.00179677532056,-0.00963541107954,-1.10097753834e-05,-0.00449006308401,0.000481704420572,-3.52661756547e-06
128.657,1789944765.62,-0.00152781192154,-0.00933138885223,-1.00359941257e-05,-0.00430393284185,0.000339853662648,-3.73354192037e-06
128.677,1789944765.64,-0.00125751667141,-0.00901048268686,-9.02093035664e-06,-0.00411031325528,0.00019824384378,-3.90773922054e-06
128.697,1789944765.66,-0.000986445151708,-0.00867345229303,-7.97323903856e-06,-0.00390964519201,5.71598991935e-05,-4.04839719601e-06
128.717,1789944765.68,-0.000715150877825,-0.00832108503025,-6.90171980561e-06,-0.00370238079692,-8.31162421346e-05,-4.15498708511e-06
128.737,1789944765.7,-0.000444184193684,-0.00795419413339,-5.81523777099e-06,-0.00348898251815,-0.000222306058245,-4.22726691553e-06
128.757,1789944765.72,-0.000174091178847,-0.00757361689943,-4.72265961978e-06,-0.0032699222606,-0.000360135129142,-4.26527283889e-06
128.777,1789944765.74,9.45874278463e-05,-0.0071802128354,-3.63277675246e-06,-0.00304568015418,-0.000496333474599,-4.26932016518e-06
128.797,1789944765.76,0.000361317287823,-0.00677486177504,-2.55423521705e-06,-0.00281674377913,-0.000630636244185,-4.23999547315e-06
128.817,1789944765.78,0.00062557150137,-0.00635846196576,-1.49546963793e-06,-0.00258360699377,-0.000762784121667,-4.17814847064e-06
128.837,1789944765.8,0.000886831625533,-0.00593192813111,-4.64640063637e-07,-0.00234676891552,-0.000892523867069,-4.08487781792e-06
128.857,1789944765.82,0.00114458866693,-0.00549618951255,5.30436409997e-07,-0.00210673292573,-0.00101960874816,-3.96152470447e-06
128.877,1789944765.84,0.00139834405061,-0.00505218789436,1.4823365037e-06,-0.00186400555989,-0.00114379903329,-3.80965414234e-06
128.897,1789944765.86,0.00164761055976,-0.00460087561642,2.38409187491e-06,-0.00161909553692,-0.00126486241967,-3.63103744792e-06
128.917,1789944765.88,0.0018919159995,-0.00414320782105,3.26331395753e-06,-0.00136017533356,-0.00138844316317,-3.4222993486e-06
128.937,1789944765.9,0.00213075977479,-0.00368023600674,4.16501592677e-06,-0.0011200472866,-0.00150143787039,-3.47578683705e-06
128.957,1789944765.92,0.00236371436336,-0.0032128525404,4.75639451608e-06,-0.000863998591504,-0.0016125613319,-2.94770206712e-06
128.977,1789944765.94,0.00259033471565,-0.00274210865049,5.36525476522e-06,-0.000630715586395,-0.00171209518431,-2.69042512838e-06
128.997,1789944765.96,0.00281025086834,-0.00226885859912,5.94048194975e-06,-0.000371692633014,-0.00181807296034,-2.36756444983e-06
129.017,1789944765.98,0.00302302187081,-0.0017941816383,6.41928013812e-06,-0.000127543313612,-0.00191430537832,-2.07238945442e-06
129.037,1789944766,0.00322828398124,-0.00131900525561,6.94009285245e-06,0.000110699525907,-0.00200727750981,-2.0302284154e-06
129.057,1789944766.02,0.00342566970086,-0.000844248540572,7.13310900156e-06,0.000360641477492,-0.00209541638423,-1.46304127758e-06
129.077,1789944766.04,0.00361483354646,-0.000370925413175,7.36182445424e-06,0.000600857854451,-0.00217873097224,-1.15294004801e-06
129.097,1789944766.06,0.00379544904892,0.000100040788202,7.49285022772e-06,0.000840086722828,-0.00225718630552,-8.10247455845e-07
129.117,1789944766.08,0.00396720849746,0.000567706692708,7.54887731468e-06,0.00107472739641,-0.00233068175473,-4.97675659749e-07
129.137,1789944766.1,0.00412982379415,0.00103115047903,7.63696130334e-06,0.00129805916432,-0.00239940081915,-4.14880471369e-07
129.157,1789944766.12,0.00428302431377,0.00148951956662,7.40968147754e-06,0.00153284910589,-0.00246233808329,1.08060841704e-07
129.177,1789944766.14,0.00442656402621,0.00194185366053,7.39949479917e-06,0.00174984992655,-0.00251868512475,3.10041029646e-07
129.197,1789944766.16,0.00456022564742,0.00238733805187,6.9362523249e-06,0.00197507140545,-0.00257266470052,7.03517752775e-07
129.217,1789944766.18,0.00468379047977,0.00282505730847,6.59009707814e-06,0.00218774015031,-0.0026196256566,9.71498489639e-07
129.237,1789944766.2,0.0047970775796,0.00325419097517,6.33114951097e-06,0.00239056935727,-0.00266020823677,1.16971189072e-06
129.257,1789944766.22,0.00489992996844,0.00367395523145,5.67288418894e-06,0.00259638938011,-0.00269709480542,1.46600215779e-06
129.277,1789944766.24,0.00499219826196,0.0040835196051,5.12901736533e-06,0.00279020014292,-0.00272711476587,1.67895743289e-06
129.297,1789944766.26,0.00507376742065,0.00448213687706,4.51398994544e-06,0.0029780601877,-0.00275158970742,1.87773967715e-06
129.317,1789944766.28,0.00514454080194,0.00486906684926,3.86445997173e-06,0.00315751628116,-0.00277005500363,2.04782184433e-06
129.337,1789944766.3,0.00520444743357,0.00524360633511,3.24095462314e-06,0.00332728514389,-0.00278490260647,2.31993105239e-06
129.357,1789944766.32,0.00525342242877,0.00560509561577,2.44220404154e-06,0.00349332353046,-0.00278970368547,2.31712993573e-06
129.377,1789944766.34,0.00529145733035,0.00595287377343,1.68168164541e-06,0.00364920824252,-0.00279095304173,2.41461207069e-06
129.397,1789944766.36,0.00531854194214,0.00628633465292,8.90070046808e-07,0.00379732605286,-0.00278606159009,2.4715547121e-06
129.417,1789944766.38,0.00533469706094,0.00660489579937,8.70146769414e-08,0.00393648614676,-0.00277607394911,2.51755179434e-06
129.437,1789944766.4,0.00533996126228,0.00690801198084,-7.26394857748e-07,0.00406688873968,-0.00276059786965,2.53876151868e-06
129.457,1789944766.42,0.00533439544974,0.00719517151929,-1.54287933821e-06,0.00418820317823,-0.00273979139355,2.53636601876e-06
129.477,1789944766.44,0.0053180811386,0.00746589867125,-2.35605345346e-06,0.00430030965285,-0.00271361858224,2.50890679705e-06
129.497,1789944766.46,0.00529112103547,0.00771975369015,-3.15915365962e-06,0.00440301936217,-0.00268214710606,2.45664857247e-06
129.517,1789944766.48,0.00525363861123,0.00795633373137,-3.94558899304e-06,0.00449618779214,-0.002645438499,2.37999487575e-06
129.537,1789944766.5,0.00520577792146,0.00817527336352,-4.70894331078e-06,0.00457967640421,-0.00260358987165,2.27976904627e-06
129.557,1789944766.52,0.00514770323352,0.00837624517716,-5.43902770965e-06,0.00465349602194,-0.00255683875212,2.14989668161e-06
129.577,1789944766.54,0.00507959768036,0.0085589593122,-6.14213737934e-06,0.00471717955922,-0.00250494288876,2.01301684864e-06
129.597,1789944766.56,0.0050016655002,0.00872316660463,-6.80067869632e-06,0.00477103008021,-0.00244841903218,1.84922374997e-06
129.617,1789944766.58,0.00491412819944,0.00886865557733,-7.4140132035e-06,0.00481484678623,-0.00238726756756,1.66808313494e-06
129.637,1789944766.6,0.00481722583964,0.00899525452565,-7.97676775773e-06,0.004848662201,-0.00232170724897,1.46967698866e-06
129.657,1789944766.62,0.00471121564691,0.00910283085652,-8.48513315871e-06,0.00487244729945,-0.00225187966744,1.25662264866e-06
129.677,1789944766.64,0.00459637162981,0.00919129137501,-8.93543952948e-06,0.00488622595373,-0.00217796358499,1.03082044122e-06
129.697,1789944766.66,0.00447298381477,0.00926058212654,-9.32458589066e-06,0.00489003082441,-0.00210013126772,7.94398494602e-07
129.717,1789944766.68,0.00434135759529,0.00931068829231,-9.64998315519e-06,0.00488392001618,-0.00201856571365,5.49474748396e-07
129.737,1789944766.7,0.0042018130059,0.00934163395168,-9.90959382529e-06,0.0048679700934,-0.00193345411897,2.98207559617e-07
129.757,1789944766.72,0.00405468399142,0.00935348178472,-1.01019426031e-05,0.00484227813,-0.00184499050673,4.27850369506e-08
129.777,1789944766.74,0.00390031764517,0.00934633268941,-1.02261191907e-05,0.00480696013381,-0.00175337439075,-2.14604289237e-07
129.797,1789944766.76,0.0037390734262,0.00932032532661,-1.02817817297e-05,0.00476215104535,-0.00165881087293,-4.71773475249e-07
129.817,1789944766.78,0.00357132235493,0.00927563558989,-1.02691493546e-05,0.00470800394473,-0.00156151000755,-7.26563843769e-07
129.837,1789944766.8,0.00339744618902,0.00921247600512,-1.01889954988e-05,0.00464468974912,-0.00146168633503,-9.76854463289e-07
129.857,1789944766.82,0.00321783658086,0.0091310950598,-1.00426334847e-05,0.00457239664897,-0.00135955828679,-1.22058704581e-06
129.877,1789944766.84,0.00303289422151,0.00903177646382,-9.83190075108e-06,0.0044913296655,-0.0012553476689,-1.45577061017e-06
129.897,1789944766.86,0.00284302796945,0.00891483834639,-9.55913330983e-06,0.00440171013513,-0.00114927907026,-1.68051119017e-06
129.917,1789944766.88,0.00264865396995,0.0087806323867,-9.22714659386e-06,0.00430377516577,-0.00104157936068,-1.89301297719e-06
129.937,1789944766.9,0.00245019476495,0.00862954288347,-8.83919977093e-06,0.00419777713488,-0.000932477217837,-2.09159656508e-06
129.957,1789944766.92,0.00224807839594,0.00846198576607,-8.39896942464e-06,0.00408398306224,-0.000822202564375,-2.27472103926e-06
129.977,1789944766.94,0.00204273750146,0.00827840754546,-7.91050944592e-06,0.00396267399404,-0.000710986157738,-2.44097241502e-06
129.997,1789944766.96,0.00183460841305,0.0080792842126,-7.37822094953e-06,0.00383414432401,-0.000599059109103,-2.58909772311e-06
130.017,1789944766.98,0.0016241294035,0.00786511917851,-6.90209550481e-06,0.00369576551916,-0.000483716688641,-2.55108863703e-06
130.037,1789944767,0.00141175939001,0.00763646157662,-6.18157957931e-06,0.00354954536522,-0.000368363098307,-2.83556602269e-06
130.057,1789944767.02,0.00119795192183,0.00739388966478,-5.67674998171e-06,0.00340498523339,-0.000258556240344,-2.75693494155e-06
130.077,1789944767.05,0.000983126155328,0.00713795414131,-5.00091820166e-06,0.0032517701301,-0.000146478827566,-2.82394346983e-06
130.097,1789944767.06,0.000767729586786,0.00686926483828,-4.22463322868e-06,0.00309688450262,-3.89956579244e-05,-3.04635362489e-06
130.117,1789944767.08,0.000552171964268,0.00658841716258,-3.50070976224e-06,0.00292463297419,7.7107688638e-05,-3.0939586379e-06
130.137,1789944767.1,0.000336930386491,0.00629611546862,-2.94503860283e-06,0.00275983767941,0.000184137989868,-2.95383764302e-06
130.157,1789944767.12,0.000122403944144,0.00599297574568,-2.09805926719e-06,0.00258015719981,0.00029667794512,-3.089320675e-06
130.177,1789944767.14,-9.09493490765e-05,0.00567972967582,-1.54359575372e-06,0.0024083308898,0.000401973770266,-2.84699472573e-06
130.197,1789944767.16,-0.000302729975266,0.00535702374646,-8.76406588774e-07,0.00222556943353,0.000507919121642,-2.83337913979e-06
130.217,1789944767.18,-0.000512517959363,0.00502559048471,-5.22821384206e-08,0.00203644343403,0.00061463478259,-2.8935906669e-06
130.237,1789944767.2,-0.000719889068407,0.00468617810708,6.04850074297e-07,0.00184774803332,0.000717463462232,-2.80607874119e-06
130.257,1789944767.22,-0.000924444767457,0.00433951907779,1.23852157488e-06,0.00165675090043,0.00081830143768,-2.69309885145e-06
130.277,1789944767.24,-0.00112578856246,0.00398636383029,1.82693224389e-06,0.00146461326725,0.00091634029675,-2.54359744674e-06
130.297,1789944767.26,-0.0013235369909,0.00362746530428,2.33395561836e-06,0.00127234316618,0.00101331563238,-2.45781873113e-06
130.317,1789944767.28,-0.00151730614427,0.00326357430111,2.84703330221e-06,0.0010774717685,0.00110619681057,-2.27489698118e-06
130.337,1789944767.31,-0.00170674243197,0.00289543913593,3.36716216479e-06,0.000879970438798,0.00119463485025,-1.99013884592e-06
130.357,1789944767.33,-0.00189151958018,0.00252380665807,3.72410111181e-06,0.000659825206407,0.00129340735307,-1.55813939735e-06
130.377,1789944767.35,-0.00207120040414,0.00214962234899,4.21885215984e-06,0.000465925773081,0.00137343314789,-1.52467427869e-06
130.397,1789944767.37,-0.00224549406517,0.00177361154715,4.54877126839e-06,0.000269747272126,0.00145369720829,-1.30046808583e-06
130.417,1789944767.39,-0.00241407867314,0.00139656620749,4.71601175026e-06,8.57304054499e-05,0.00152764305052,-9.16591692597e-07
130.437,1789944767.41,-0.00257666791413,0.00101917968507,4.89427164022e-06,-0.000105489625556,0.00159801784774,-7.66518677832e-07
130.457,1789944767.43,-0.00273298739058,0.000642208654816,5.16134357479e-06,-0.000294384304334,0.00166597701793,-3.58439726694e-07
130.477,1789944767.45,-0.00288276838826,0.00026640049001,5.33438604534e-06,-0.000479198682531,0.00172972861616,-4.18392804985e-07
130.497,1789944767.47,-0.00302576462062,-0.000107529435423,5.40695686969e-06,-0.000667556568486,0.00179190482651,-1.93500777699e-07
130.517,1789944767.49,-0.00316173104339,-0.000478840301998,5.41511431431e-06,-0.000854497930942,0.0018505937755,9.97638467031e-09
130.537,1789944767.51,-0.00329043754216,-0.000846799428658,5.36341195704e-06,-0.00104014343316,0.00190577443701,2.45531459768e-07
130.557,1789944767.53,-0.00341166679716,-0.00121067637439,5.25722359615e-06,-0.00122276610563,0.00195680082145,4.7764520726e-07
130.577,1789944767.55,-0.0035252184466,-0.00156975422799,5.09890067504e-06,-0.00140172088354,0.00200346058533,7.06891935828e-07
130.597,1789944767.57,-0.00363090924718,-0.00192333032475,4.89079743031e-06,-0.00157627132627,0.00204553915524,9.27478756168e-07
130.617,1789944767.59,-0.00372857413877,-0.0022707197929,4.63523120892e-06,-0.00174601837349,0.00208296568603,1.1376835903e-06
130.637,1789944767.61,-0.00381806860304,-0.00261124490313,4.26527502135e-06,-0.00190514243435,0.002116768929,1.47098351653e-06
130.657,1789944767.63,-0.00389925542121,-0.00294430678966,3.99236417303e-06,-0.00206996420673,0.00214380187934,1.52003270022e-06
130.677,1789944767.65,-0.00397203475277,-0.0032692408914,3.56072311922e-06,-0.00222229623286,0.00216881304426,1.60015992917e-06
130.697,1789944767.67,-0.00403630023197,-0.00358545316493,3.09340243406e-06,-0.00237003296122,0.00218556360538,1.84476044861e-06
130.717,1789944767.69,-0.00409199585904,-0.00389236092001,2.70541470368e-06,-0.00251090506547,0.00220166512187,2.0743175075e-06
130.737,1789944767.71,-0.00413905259754,-0.00418942466431,2.23570376974e-06,-0.00265108282363,0.00221103055716,2.01247231284e-06
130.757,1789944767.73,-0.00417743257758,-0.00447608257488,1.7011493633e-06,-0.00278040366138,0.00221498047224,2.19733450185e-06
130.777,1789944767.75,-0.00420712627552,-0.0047518289194,1.24635527351e-06,-0.00290357516861,0.00221722597099,2.36071561146e-06
130.797,1789944767.77,-0.00422811767464,-0.0050161855955,6.68232215569e-07,-0.00302250027381,0.00221181304312,2.33637914924e-06
130.817,1789944767.79,-0.00424043288271,-0.00526868346482,1.36294015193e-07,-0.00313317768552,0.00220393499084,2.37844704338e-06
130.837,1789944767.81,-0.00424410137936,-0.00550888866406,-4.07466636105e-07,-0.00323697100199,0.00219133291951,2.39347101134e-06
130.857,1789944767.83,-0.00423917379855,-0.00573639319584,-9.48970664942e-07,-0.00333314065866,0.00217481142916,2.40090275742e-06
130.877,1789944767.85,-0.00422571545197,-0.00595082152557,-1.47135899373e-06,-0.00342241048217,0.00215450447669,2.35992963463e-06
130.897,1789944767.87,-0.00420380214528,-0.00615182421125,-1.97382000074e-06,-0.00350449006812,0.00212820828658,2.40534908031e-06
130.917,1789944767.89,-0.00417353988537,-0.00633907682151,-2.50399151336e-06,-0.00357777180711,0.00209885525799,2.36868293296e-06
130.937,1789944767.91,-0.00413504342384,-0.00651229210681,-3.02181183645e-06,-0.00364320088403,0.00206527314089,2.31902759468e-06
130.957,1789944767.93,-0.00408845011662,-0.0066712085503,-3.51233202738e-06,-0.00369838069968,0.00203026490843,2.26633926966e-06
130.977,1789944767.95,-0.00403388839922,-0.00681561848195,-4.03418705829e-06,-0.00374937439575,0.00198769766383,2.10342070504e-06
130.997,1789944767.97,-0.00397152927899,-0.00694531831418,-4.48686856958e-06,-0.00379130309788,0.00194272321565,1.99976707824e-06
131.017,1789944767.99,-0.00390154619054,-0.00706014663641,-4.88306833461e-06,-0.00382683264511,0.00189269775718,1.92803690845e-06
131.037,1789944768.01,-0.0038241388696,-0.00715996066288,-5.27099472123e-06,-0.0038533616895,0.00184033511547,1.80354945076e-06
131.057,1789944768.03,-0.00373951209196,-0.00724465705286,-5.62363034589e-06,-0.00387202474615,0.00178458523371,1.66787692603e-06
131.077,1789944768.05,-0.00364788510938,-0.00731416212764,-5.94111541494e-06,-0.00388248134781,0.00172590860696,1.5171894109e-06
131.097,1789944768.07,-0.00354948772959,-0.00736843533128,-6.21916526249e-06,-0.00388500692509,0.00166416969457,1.35753437876e-06
131.117,1789944768.09,-0.00344456219522,-0.00740746681273,-6.4561396116e-06,-0.00387962900379,0.00159951202116,1.19034097239e-06
131.137,1789944768.11,-0.00333336208454,-0.00743127785183,-6.65052287367e-06,-0.00386647214911,0.00153200977844,1.01761513559e-06
131.157,1789944768.13,-0.00321615223449,-0.00743992015634,-6.80137288411e-06,-0.00384561876371,0.00146180675703,8.4085338096e-07
131.177,1789944768.15,-0.00309320807819,-0.00743347563303,-6.90810344545e-06,-0.00381717011128,0.00138905234348,6.61546113208e-07
131.197,1789944768.17,-0.002964815085,-0.00741205596168,-6.97050658357e-06,-0.00378122735521,0.00131391821253,4.81118488621e-07
131.217,1789944768.19,-0.00283126806264,-0.00737580221944,-6.98872907835e-06,-0.00373790468011,0.00123658266072,3.00971261735e-07
131.237,1789944768.21,-0.00269287045773,-0.00732488443095,-6.96326539438e-06,-0.00368732831111,0.00115722970619,1.2247251869e-07
131.257,1789944768.23,-0.00254993362581,-0.00725950107897,-6.89494933797e-06,-0.00362963964725,0.00107604437046,-5.30484127707e-08
131.277,1789944768.25,-0.00240277610537,-0.00717987855007,-6.78493923235e-06,-0.00356499535852,0.0009932115534,-2.24305652944e-07
131.297,1789944768.27,-0.00225172289093,-0.00708627052089,-6.63470893996e-06,-0.00349356734408,0.000908915056848,-3.90072210088e-07
131.317,1789944768.29,-0.00209710471297,-0.00697895728269,-6.44602801973e-06,-0.00341554213998,0.000823337636374,-5.49183009557e-07
131.337,1789944768.31,-0.00193925732193,-0.00685824500896,-6.22094827881e-06,-0.00333111988041,0.000736661260812,-7.00545022669e-07
131.357,1789944768.33,-0.0017785207755,-0.0067244649694,-5.96177816724e-06,-0.00324051333919,0.000649067577834,-8.43144508715e-07
131.377,1789944768.35,-0.00161523872707,-0.00657797269411,-5.67106735426e-06,-0.003143946902,0.000560738200506,-9.76052741219e-07
131.397,1789944768.37,-0.00144975771434,-0.00641914709304,-5.35157815249e-06,-0.00304165568463,0.000471854830722,-1.09843414545e-06
131.417,1789944768.39,-0.00128242644664,-0.00624838953257,-5.00626218311e-06,-0.00293388470608,0.000382599276756,-1.20954518731e-06
131.437,1789944768.41,-0.00111359509226,-0.00606612287451,-4.63823685696e-06,-0.00282088826218,0.00029315326778,-1.30874819052e-06
131.457,1789944768.43,-0.000943614565676,-0.005872790478,-4.25075389963e-06,-0.00270292928237,0.000203698088875,-1.39551157161e-06
131.477,1789944768.45,-0.000772835815551,-0.00566885516853,-3.84717543396e-06,-0.00258027873405,0.000114414185889,-1.46940571887e-06
131.497,1789944768.47,-0.000601609117957,-0.00545479817415,-3.4309420574e-06,-0.00245321514946,2.54807819752e-05,-1.53011779762e-06
131.517,1789944768.49,-0.000430283372092,-0.00523111803353,-3.00554674319e-06,-0.00232202402255,-6.2924662919e-05,-1.57744226349e-06
131.537,1789944768.51,-0.000259205404235,-0.0049983294757,-2.57450692724e-06,-0.00218699722848,-0.000150626781577,-1.61128553387e-06
131.557,1789944768.53,-8.87192800299e-05,-0.00475696227503,-2.14133152577e-06,-0.00204843253515,-0.000237452747328,-1.6316661488e-06
131.577,1789944768.55,8.08343738221e-05,-0.0045075600827,-1.70949752214e-06,-0.00190663286126,-0.000323232698971,-1.63871086229e-06
131.597,1789944768.57,0.000249119036411,-0.00425067923918,-1.28242008365e-06,-0.0017619057678,-0.00040779996373,-1.63265056346e-06
131.617,1789944768.59,0.000415809360696,-0.00398688119413,-7.65905174111e-07,-0.0016115584323,-0.000493995592316,-1.7878831336e-06
131.637,1789944768.61,0.000580557207689,-0.00371676138325,-3.25150697067e-07,-0.00146089581139,-0.000574631732153,-1.69769640364e-06
131.657,1789944768.63,0.000743052311295,-0.00344091448869,3.34208746211e-08,-0.00131036212013,-0.000655543059745,-1.71040384e-06
131.677,1789944768.65,0.000902966870157,-0.00315993529779,3.03093793113e-07,-0.00116081505575,-0.000729950950164,-1.46208927424e-06
131.697,1789944768.67,0.00106002834847,-0.00287438799331,6.88223663898e-07,-0.00100035816974,-0.000810123321117,-1.32732110956e-06
131.717,1789944768.69,0.00121390490077,-0.00258492870879,1.06554760974e-06,-0.000849338409541,-0.000881787258563,-1.45568333747e-06
131.737,1789944768.71,0.00136432313763,-0.00229213597113,1.37273857883e-06,-0.000692963536079,-0.000953579061904,-1.37112931021e-06
131.757,1789944768.73,0.00151099910199,-0.0019966176316,1.56941475977e-06,-0.00053252909859,-0.00102256087878,-1.11939572608e-06
131.777,1789944768.75,0.00165366299696,-0.00169901234098,1.8147256124e-06,-0.000375914557297,-0.00108897880989,-1.00586618341e-06
131.797,1789944768.77,0.0017920536745,-0.00139993413416,2.03057816597e-06,-0.000219675781603,-0.00115274731494,-8.88319857951e-07
131.817,1789944768.79,0.00192591792981,-0.00110000511379,2.34347894931e-06,-6.85994356556e-05,-0.00121233820171,-8.70347610798e-07
131.837,1789944768.81,0.00205502908987,-0.000799798917081,2.38236051266e-06,8.90600504439e-05,-0.00127219078634,-6.7857067223e-07
131.857,1789944768.83,0.00217914788731,-0.000499945267,2.50820849663e-06,0.000241956895518,-0.00132771464518,-5.70456977254e-07
131.877,1789944768.85,0.00229805482653,-0.000201048853035,2.71009536899e-06,0.000390685761115,-0.00137928481283,-5.24668000677e-07
131.897,1789944768.87,0.00241155258213,9.63217517481e-05,2.64918449487e-06,0.000544423065346,-0.0014300223139,-3.40309477478e-07
131.917,1789944768.89,0.00251943639369,0.000391545734902,2.7915111699e-06,0.000689027534391,-0.00147516403553,-2.92711998493e-07
131.937,1789944768.91,0.00262153527722,0.000684075406853,2.65418919063e-06,0.000839307826346,-0.00151950007297,-1.09812669423e-07
131.957,1789944768.93,0.00271767121241,0.000973307904703,2.61201724296e-06,0.000982665928651,-0.00155908498026,-6.1584022168e-10
131.977,1789944768.95,0.00280769016203,0.00125868464991,2.52836217541e-06,0.00112387298642,-0.00159547608611,1.12347657919e-07
131.997,1789944768.97,0.00289144542033,0.00153963466553,2.42828237753e-06,0.00125425494317,-0.00162662438146,2.10493673295e-07
132.017,1789944768.99,0.0029688222823,0.00181567966012,2.29276977318e-06,0.00139459534852,-0.00165721592322,3.10073411853e-07
132.037,1789944769.01,0.00303969626753,0.00208624865367,2.13312547748e-06,0.00152456578567,-0.00168279087241,4.00387755731e-07
132.057,1789944769.03,0.00310396825952,0.00235083698237,1.9469651925e-06,0.00165202742553,-0.0017051255449,4.84700572875e-07
132.077,1789944769.05,0.00316154883234,0.00260893357934,1.8361294761e-06,0.00177083331805,-0.00172316032544,5.39214311052e-07
132.097,1789944769.07,0.00321236963292,0.00286008910796,1.50438940566e-06,0.00189140388218,-0.001738436554,6.31795109859e-07
132.117,1789944769.09,0.00325636952357,0.00310382099796,1.25118032311e-06,0.00200414322133,-0.00174965979914,6.9385391329e-07
132.137,1789944769.11,0.00329350488417,0.00333968969846,9.72622239887e-07,0.0021127776612,-0.0017573815997,7.49582844982e-07
132.157,1789944769.13,0.00332374518181,0.00356726699027,6.8824716012e-07,0.0022158155191,-0.0017614310035,7.93769252175e-07
132.177,1789944769.15,0.003347074722,0.00378614980685,3.91958325836e-07,0.00231378993894,-0.00176192024502,8.28487328008e-07
132.197,1789944769.17,0.00336349159114,0.00399595360288,8.71209492233e-08,0.00240639978448,-0.00175884978508,8.53262652888e-07
132.217,1789944769.19,0.00337300790119,0.00419631531675,-2.24304058497e-07,0.00249363077849,-0.00175226484791,8.68200794244e-07
132.237,1789944769.21,0.00337564951818,0.004386892744,-5.39557535441e-07,0.00257532546316,-0.00174219636859,8.73243277353e-07
132.257,1789944769.23,0.00337145598245,0.00456736544426,-8.55941939382e-07,0.00265136556521,-0.00172868657405,8.68441671541e-07
132.277,1789944769.25,0.00336048032971,0.00473743511483,-1.17071694637e-06,0.00272161436788,-0.00171178090772,8.53915776061e-07
132.297,1789944769.27,0.0033427889206,0.00489682618095,-1.48119155197e-06,0.00278595091121,-0.00169153252606,8.29864942813e-07
132.317,1789944769.29,0.00331846122997,0.00504528626181,-1.7847446578e-06,0.00284426474388,-0.00166800120204,7.96570534261e-07
132.337,1789944769.31,0.0032875896142,0.00518258661541,-2.07884579738e-06,0.00289646307558,-0.00164125404229,7.54392283931e-07
132.357,1789944769.33,0.00325027904674,0.00530852250068,-2.36107660653e-06,0.00294247012203,-0.00161136486313,7.03763902508e-07
132.377,1789944769.35,0.00320664682904,0.00542291347599,-2.62915339945e-06,0.00298222765673,-0.00157841415066,6.45187353655e-07
132.397,1789944769.37,0.00315682227314,0.00552560362471,-2.88093670707e-06,0.00301569384952,-0.00154248835843,5.79230136417e-07
132.417,1789944769.39,0.00310094636356,0.00561646171804,-3.11445004777e-06,0.00304284230668,-0.00150367978521,5.0651846145e-07
132.437,1789944769.41,0.0030391713937,0.00569538131646,-3.32789456901e-06,0.00306366088867,-0.00146208593686,4.27728692246e-07
132.457,1789944769.43,0.00297166058335,0.00576228081565,-3.51965940195e-06,0.00307815085763,-0.00141780940172,3.43587639334e-07
132.477,1789944769.45,0.00289858767626,0.00581710344037,-3.68833286277e-06,0.00308632616984,-0.00137095735859,2.54859226578e-07
132.497,1789944769.47,0.00282013651935,0.00585981718923,-3.83271137744e-06,0.00308821312615,-0.00132164148446,1.62340485109e-07
132.517,1789944769.49,0.00273650062455,0.00589041473115,-3.95180390212e-06,0.00308385000115,-0.00126997754526,6.68557051652e-08
132.537,1789944769.51,0.00264788271441,0.00590891325489,-4.04484182261e-06,0.00307328702285,-0.00121608526067,-3.07548260878e-08
132.557,1789944769.53,0.00255449425278,0.00591535427179,-4.11127812462e-06,0.00305658616626,-0.00116008801137,-1.29635964554e-07
132.577,1789944769.55,0.00245655496062,0.0059098033735,-4.15079386323e-06,0.00303382119893,-0.00110211258785,-2.28933959138e-07
132.597,1789944769.57,0.00235429231804,0.00589234994181,-4.16328798587e-06,0.00300507743347,-0.00104228896624,-3.27789901682e-07
132.617,1789944769.59,0.00224794105508,0.0058631068141,-4.14888849337e-06,0.00297045169659,-0.000980749979426,-4.25365314844e-07
132.637,1789944769.61,0.00213774263025,0.00582220990374,-4.10793862405e-06,0.00293005203314,-0.000917631065543,-5.2082893867e-07
132.657,1789944769.63,0.00202394469894,0.005769817776,-4.04099491697e-06,0.00288399749254,-0.000853069997205,-6.13384376333e-07
132.677,1789944769.65,0.00190680057327,0.00570611118085,-3.94881959916e-06,0.00283241783924,-0.00078720657407,-7.02252449342e-07
132.697,1789944769.67,0.00178656867312,0.00563129254377,-3.83237237005e-06,0.00277545319569,-0.000720182324323,-7.86702102409e-07
132.717,1789944769.69,0.00166351197142,0.00554558541565,-3.6928007736e-06,0.00271325368095,-0.00065214016075,-8.66034625474e-07
132.737,1789944769.71,0.00153789743293,0.00544923388435,-3.5314248076e-06,0.00264597905407,-0.000583224222903,-9.3960835039e-07
132.757,1789944769.73,0.00140999544901,0.00534250194717,-3.34972877343e-06,0.00257379831489,-0.000513579342262,-1.00682145812e-06
132.777,1789944769.75,0.00128007926934,0.00522567284787,-3.14934503733e-06,0.00249688923246,-0.000443351006852,-1.06713732503e-06
132.797,1789944769.77,0.00114842443121,0.00509904837934,-2.93203951793e-06,0.00241543802263,-0.000372684860762,-1.12007672125e-06
132.817,1789944769.79,0.00101530818773,0.00496294815292,-2.69969399696e-06,0.00232963882292,-0.000301726475126,-1.16522367984e-06
132.837,1789944769.81,0.000881008937415,0.0048177088362,-2.45429434794e-06,0.00223969330338,-0.000230621121235,-1.202226298e-06
132.857,1789944769.83,0.00074580565358,0.00466368336259,-2.19790568222e-06,0.00214581015273,-0.000159513370566,-1.2308037035e-06
132.877,1789944769.85,0.000609977317369,0.00450124011155,-1.93266226394e-06,0.00204820468744,-8.8546858202e-05,-1.25074206067e-06
132.897,1789944769.87,0.000473802354716,0.00433076206463,-1.66074420886e-06,0.00194709833976,-1.78640196618e-05,-1.26190165243e-06
132.917,1789944769.89,0.000337558076467,0.00415264593617,-1.38436259406e-06,0.00184271810946,5.23942409968e-05,-1.26421016003e-06
132.937,1789944769.91,0.000201520126924,0.00396730128267,-1.10574021926e-06,0.00173529619737,0.000122088761902,-1.25766713074e-06
132.957,1789944769.93,6.59619366348e-05,0.00377514959209,-8.27091672997e-07,0.00162506936179,0.000191082457439,-1.24234599066e-06
132.977,1789944769.95,-6.88458143726e-05,0.00357662335456,-5.50608562084e-07,0.00151227858137,0.000259240532307,-1.21838188481e-06
132.997,1789944769.97,-0.000202635726422,0.0033721651172,-2.78440669294e-07,0.00139716834415,0.000326430760101,-1.18598440743e-06
133.017,1789944769.99,-0.000335144197798,0.00316222652457,-1.26787410215e-08,0.00127998627405,0.000392523737628,-1.1454253462e-06
133.037,1789944770.01,-0.000466111933551,0.00294726734747,2.44659887677e-07,0.0011609825829,0.000457393136632,-1.09703626979e-06
133.057,1789944770.03,-0.000595284440074,0.00272775450091,4.91648089524e-07,0.00104040949407,0.000520915874753,-1.04121017242e-06
133.077,1789944770.05,-0.000722412508989,0.00250416105461,7.26463411618e-07,0.000918520782455,0.000582972455978,-9.7839233614e-07
133.097,1789944770.07,-0.000847252684905,0.00227696523774,9.47400698499e-07,0.000795571206426,0.000643447084003,-9.09083730147e-07
133.117,1789944770.09,-0.000969567720693,0.00204664943866,1.15288412956e-06,0.000671816025087,0.00070222790331,-8.33825213931e-07
133.137,1789944770.11,-0.00108912701532,0.00181369920408,1.3414795594e-06,0.000547510451044,0.000759207259405,-7.53204340388e-07
133.157,1789944770.13,-0.00120570703709,0.00157860223722,1.51190271226e-06,0.000422909142747,0.000814281776287,-6.67843272272e-07
133.177,1789944770.15,-0.00131909172848,0.0013418473992,1.66302849189e-06,0.000298265695694,0.000867352644689,-5.78395106332e-07
133.197,1789944770.17,-0.00142907289438,0.00110392371371,1.79389888104e-06,0.000173832152931,0.000918325744227,-4.85537818217e-07
133.217,1789944770.19,-0.00153545057075,0.000865319378261,1.90372666732e-06,4.9858464567e-05,0.000967111760722,-3.89973036065e-07
133.237,1789944770.21,-0.00163803337517,0.000626520783584,1.99190066432e-06,-7.34079375682e-05,0.00101362642936,-2.92412003866e-07
133.257,1789944770.23,-0.00173663883796,0.000388011542826,2.05798874229e-06,-0.000195722721335,0.00105779060181,-1.93578386243e-07
133.277,1789944770.25,-0.00183109371164,0.000150271532857,2.10173951315e-06,-0.000316845029636,0.0010995303884,-9.41962583853e-08
133.297,1789944770.27,-0.00192123426165,-8.62240504208e-05,2.12307952325e-06,-0.000436537959319,0.00113877729212,5.01090859475e-09
133.317,1789944770.29,-0.00200690653463,-0.000321005621843,2.12211463104e-06,-0.000554569106013,0.00117546828569,1.03332656626e-07
133.337,1789944770.31,-0.00208796660581,-0.000553610118551,2.09912768315e-06,-0.000670710874957,0.00120954591082,2.00064512861e-07
133.357,1789944770.33,-0.00216428080419,-0.000783581892945,2.05456683187e-06,-0.000784740998287,0.00124095835758,2.9453057139e-07
133.377,1789944770.35,-0.00223572868795,-0.00101048515328,1.98689679533e-06,-0.000901914701833,0.00127097098528,3.89354267778e-07
133.397,1789944770.37,-0.00230218862929,-0.00123384484372,1.90042355182e-06,-0.00101094124079,0.00129678135852,4.7714695822e-07
133.417,1789944770.39,-0.00236355919772,-0.00145323107791,1.71348733434e-06,-0.00111450019989,0.00131928046157,5.88472737559e-07
133.437,1789944770.41,-0.00241975230797,-0.00166823777984,1.67549074161e-06,-0.00121397351709,0.001338756971,6.3674938598e-07
133.457,1789944770.43,-0.00247069471977,-0.00187849252427,1.531798787e-06,-0.0013178461295,0.00135672032894,7.12192077985e-07
133.477,1789944770.45,-0.0025163135494,-0.00208357362829,1.38258512529e-06,-0.00141417841409,0.00137112536383,7.76832780129e-07
133.497,1789944770.47,-0.00255655284166,-0.00228310618154,1.21198978887e-06,-0.00150773102908,0.0013828327262,8.38569951231e-07
133.517,1789944770.49,-0.00259136597464,-0.00247671647737,9.62466412683e-07,-0.00159484463465,0.00139144495509,9.02239768646e-07
133.537,1789944770.51,-0.00262072014997,-0.00266407422415,8.34194153883e-07,-0.00168237119747,0.00139751870017,9.42667618745e-07
133.557,1789944770.53,-0.00264459101116,-0.00284482902187,6.31115911965e-07,-0.00176398007205,0.00140062226509,9.84350161124e-07
133.577,1789944770.55,-0.00266296657679,-0.00301866272068,4.25062877608e-07,-0.00184201742427,0.00140094180028,1.01801193476e-06
133.597,1789944770.57,-0.00267584551583,-0.00318526783961,2.07488627881e-07,-0.00191552885049,0.00139842968048,1.04524492295e-06
133.617,1789944770.59,-0.00268323775246,-0.00334435665843,-1.43431645703e-08,-0.00198478875446,0.00139313022454,1.06503470004e-06
133.637,1789944770.61,-0.00268516408945,-0.00349565732426,-2.38966436705e-07,-0.00204958628387,0.00138505888469,1.07743087476e-06
133.657,1789944770.63,-0.00268165622603,-0.0036389157541,-4.64121713513e-07,-0.0021098798356,0.00137424951381,1.08235215705e-06
133.677,1789944770.65,-0.00267275659734,-0.00377389540564,-6.88033307733e-07,-0.00216555769147,0.00136073734597,1.07987654457e-06
133.697,1789944770.67,-0.00265851824745,-0.00390037787755,-9.08936261101e-07,-0.00221653664918,0.00134456566995,1.07013068258e-06
133.717,1789944770.69,-0.00263900465491,-0.00401816318568,-1.12515250977e-06,-0.00226273144328,0.00132578309592,1.05330907676e-06
133.737,1789944770.71,-0.00261428954357,-0.00412707012424,-1.33506383453e-06,-0.00230407095717,0.0013044442053,1.02965337243e-06
133.757,1789944770.73,-0.00258445666652,-0.00422693653949,-1.53712650585e-06,-0.00234049490441,0.00128060874014,9.99454787647e-07
133.777,1789944770.75,-0.00254959957258,-0.00431761956945,-1.72987969726e-06,-0.00237195633294,0.00125434142361,9.63049278148e-07
133.797,1789944770.77,-0.00250982135082,-0.00439899582722,-1.91195036267e-06,-0.00239842075485,0.00122571153123,9.20815311048e-07
133.817,1789944770.79,-0.00246523435963,-0.00447096153528,-2.08207122086e-06,-0.00241986597572,0.00119479265815,8.73165677232e-07
133.837,1789944770.81,-0.00241595993664,-0.00453343261176,-2.23908320702e-06,-0.00243628136059,0.0011616624503,8.20548605047e-07
133.857,1789944770.83,-0.00236212809494,-0.00458634471028,-2.38194662484e-06,-0.00244766721676,0.00112640240391,7.63443061637e-07
133.877,1789944770.85,-0.00230387720273,-0.00462965321858,-2.5097459234e-06,-0.00245403434602,0.00108909771382,7.02352060552e-07
133.897,1789944770.87,-0.00224135364931,-0.00466333321513,-2.62169529926e-06,-0.0024554035451,0.0010498370602,6.37800137089e-07
133.917,1789944770.89,-0.00217471231089,-0.00468737856457,-2.72968437061e-06,-0.00245141919627,0.00100909868263,5.48396459593e-07
133.937,1789944770.91,-0.00210411117424,-0.0047018068569,-2.79559160259e-06,-0.00244328022124,0.000965818984811,5.0050595242e-07
133.957,1789944770.93,-0.00202972134114,-0.00470664878344,-2.85646886753e-06,-0.00242989242024,0.000921239891837,4.29307743507e-07
133.977,1789944770.95,-0.00195171741477,-0.00470195725989,-2.89885997522e-06,-0.00241175472144,0.000875022234501,3.5884027846e-07
133.997,1789944770.97,-0.00187028099408,-0.00468780325825,-2.92463053374e-06,-0.00238878455424,0.000827420127484,2.85370851804e-07
134.017,1789944770.99,-0.00178559873795,-0.00466427708301,-2.9328026961e-06,-0.00236113484458,0.000778463511425,2.11708893824e-07
134.037,1789944771.01,-0.00169786276176,-0.00463148725309,-2.92362950963e-06,-0.00232888014502,0.000728271696697,1.38239588074e-07
134.057,1789944771.03,-0.00160726997883,-0.00458956040199,-2.89734930375e-06,-0.00229213286506,0.00067693665815,6.57496399926e-08
134.077,1789944771.05,-0.00151402181188,-0.00453864076272,-2.85442058468e-06,-0.0022509983974,0.000624567482228,-5.22350071925e-09
134.097,1789944771.07,-0.0014183237375,-0.00447888978341,-2.79542074783e-06,-0.00220559216385,0.000571272770751,-7.41543639907e-08
134.117,1789944771.09,-0.00132038486816,-0.0044104856643,-2.72105479113e-06,-0.00215603374505,0.000517166045063,-1.40566178796e-07
134.137,1789944771.11,-0.00122041750243,-0.00433362289464,-2.63214057019e-06,-0.00210244977195,0.000462362316654,-2.04013062146e-07
134.157,1789944771.13,-0.00111863667352,-0.00424851175522,-2.52959835146e-06,-0.00204497334563,0.000406978061513,-2.6408481107e-07
134.177,1789944771.15,-0.00101525969086,-0.00415537779689,-2.41444539164e-06,-0.00198374452775,0.000351130238347,-3.20405450242e-07
134.197,1789944771.17,-0.000910505681356,-0.00405446129214,-2.28778345272e-06,-0.00191891022694,0.000294935800965,-3.72634394574e-07
134.217,1789944771.19,-0.000804595129973,-0.00394601665817,-2.15078802225e-06,-0.00185062391658,0.000238511385712,-4.2047370255e-07
134.237,1789944771.21,-0.000697749421745,-0.00383031185505,-2.00470112851e-06,-0.00177904543664,0.000181972959168,-4.63660934877e-07
134.257,1789944771.23,-0.000590190387979,-0.00370762775838,-1.85081805439e-06,-0.0017043404347,0.000125435732009,-5.01981346991e-07
134.277,1789944771.25,-0.000482139852877,-0.00357825750914,-1.69047710044e-06,-0.0016266800572,6.9013897306e-05,-5.35259484688e-07
134.297,1789944771.27,-0.000373819186751,-0.00344250584231,-1.52504825845e-06,-0.00154624040025,1.2820587796e-05,-5.63362482496e-07
134.317,1789944771.29,-0.000265448862072,-0.00330068839515,-1.35591954667e-06,-0.00146320209798,-4.30323336343e-05,-5.8620750498e-07
134.337,1789944771.31,-0.000157248014131,-0.00315313099916,-1.18449014431e-06,-0.0013777498722,-9.84344655944e-05,-6.03746022526e-07
134.357,1789944771.33,-4.94301594361e-05,-0.00300016512283,-9.52218830107e-07,-0.00128822568024,-0.000155123285166,-7.22696082455e-07
134.377,1789944771.35,5.77730993568e-05,-0.00284215117768,-8.40299160089e-07,-0.00120036065462,-0.00020745262025,-6.22958941889e-07
134.397,1789944771.37,0.000164167002038,-0.00267942344947,-6.11087100418e-07,-0.00110702983177,-0.000262636455185,-7.29628225564e-07
134.417,1789944771.39,0.000269526652512,-0.00251235405408,-4.29719620874e-07,-0.00101363100796,-0.000314204822673,-6.82149434663e-07
134.437,1789944771.41,0.000373656419865,-0.00234130387144,-3.42178516235e-07,-0.000916766093175,-0.000366901084289,-5.96651883067e-07
134.457,1789944771.43,0.000476344412828,-0.00216666025179,-1.91858327994e-07,-0.00082130781051,-0.00041691053737,-5.70863389079e-07
134.477,1789944771.45,0.000577396192376,-0.00198879558359,-4.80880908831e-08,-0.000724984914895,-0.00046587499318,-5.47017454698e-07
134.497,1789944771.47,0.000676619095186,-0.00180808824639,9.38612202676e-08,-0.000628277198775,-0.000513361763044,-5.27210626666e-07
134.517,1789944771.49,0.00077382735646,-0.00162491676882,2.27517115975e-07,-0.00053085053123,-0.000559598400932,-5.05131166041e-07
134.537,1789944771.51,0.000868840893036,-0.00143966465115,3.72577391274e-07,-0.000433486297772,-0.000605126846069,-4.43545451348e-07
134.557,1789944771.53,0.000961477964622,-0.00125271058096,4.65497232469e-07,-0.000334379753037,-0.000647988372337,-4.52071473104e-07
134.577,1789944771.55,0.00105157267817,-0.00106444576626,5.67320261485e-07,-0.000235637221817,-0.000689967083761,-4.2171008428e-07
134.597,1789944771.57,0.00113895969522,-0.000875257100613,6.55819679353e-07,-0.000136792512217,-0.000730262629531,-3.91362547839e-07
134.617,1789944771.59,0.00122348125534,-0.000685532892051,7.33411878955e-07,-3.83251655976e-05,-0.000769000882325,-3.54847424786e-07
134.637,1789944771.61,0.00130498326612,-0.000495664367824,8.75725306843e-07,5.72429880078e-05,-0.000805070030605,-3.67847005686e-07
134.657,1789944771.63,0.00138332868796,-0.000306014677566,8.49690139895e-07,0.00015683836368,-0.00084111813358,-2.75498386092e-07
134.677,1789944771.65,0.00145837281366,-0.000116983197627,8.86302452586e-07,0.000253218076962,-0.000874378765244,-2.3242826886e-07
134.697,1789944771.67,0.00152998599057,7.10541697922e-05,9.04763556882e-07,0.000348815644794,-0.000905784402049,-1.84777570011e-07
134.717,1789944771.69,0.00159804447107,0.000257720930305,9.16038856384e-07,0.000442599935071,-0.000934957497085,-1.42255901302e-07
134.737,1789944771.71,0.00166243409489,0.000442649861835,9.14300222679e-07,0.000534821989643,-0.000962016743384,-1.00347406201e-07
134.757,1789944771.73,0.00172304869281,0.000625479063115,9.0006638825e-07,0.000625258292046,-0.000986905619116,-5.97435010615e-08
134.777,1789944771.75,0.00177979070765,0.000805853888328,8.7320485812e-07,0.00071383766593,-0.00100962945502,-2.0308777389e-08
134.797,1789944771.77,0.00183257102299,0.000983426837061,8.34154045314e-07,0.000800410639535,-0.00103016650499,1.762117371e-08
134.817,1789944771.79,0.00188130910421,0.00115785828901,7.83432821996e-07,0.000884837449824,-0.00104850067063,5.37508052415e-08
134.837,1789944771.81,0.00192593304504,0.0013288170106,7.21692754582e-07,0.000966962913607,-0.00106461178181,8.7757418992e-08
134.857,1789944771.83,0.00196637965707,0.00149598079146,6.4966110596e-07,0.00104663297183,-0.00107848168031,1.19330267627e-07
134.877,1789944771.85,0.00200259454216,0.00165903704934,5.68148524246e-07,0.00112369492731,-0.0010900944764,1.48193235167e-07
134.897,1789944771.87,0.00203453215718,0.00181768343694,4.78027271967e-07,0.00119800219615,-0.00109943845398,1.74088490617e-07
134.917,1789944771.89,0.00206215586149,0.00197162841891,3.80227441312e-07,0.00126941561957,-0.00110650656621,1.96796046077e-07
134.937,1789944771.91,0.00208543794555,0.00212059181938,2.75729875189e-07,0.00133780469469,-0.00111129712618,2.16123905894e-07
134.957,1789944771.93,0.00210435963742,0.0022643053342,1.6555407484e-07,0.00140304778793,-0.00111381366451,2.31920585184e-07
134.977,1789944771.95,0.00211891108856,0.00240251300734,5.07528866297e-08,0.00146503203213,-0.00111406502251,2.44062615001e-07
134.997,1789944771.97,0.00212909133935,0.00253497167288,-6.75978586149e-08,0.00152365308124,-0.00111206507837,2.52467850765e-07
135.017,1789944771.99,0.00213490826387,0.0026614513633,-1.88410164886e-07,0.00157881479205,-0.00110783248245,2.57082543853e-07
135.037,1789944772.01,0.00213637849641,0.00278173568642,-3.10588803649e-07,0.00163042896454,-0.00110139053892,2.57896334652e-07
135.057,1789944772.03,0.00213352733995,0.00289562217034,-4.33043081161e-07,0.00167841523965,-0.00109276683115,2.54927028756e-07
135.077,1789944772.05,0.00212638865747,0.00300292257873,-5.54693603694e-07,0.00172270102598,-0.00108199326193,2.48229732326e-07
135.097,1789944772.07,0.00211500474685,0.00310346319526,-6.74485264285e-07,0.00176322148242,-0.00106910574669,2.37892527906e-07
135.117,1789944772.09,0.00209942619974,0.0031970850777,-7.91388187139e-07,0.0017999196624,-0.00105414421298,2.24032286429e-07
135.137,1789944772.11,0.002079711745,0.0032836442819,-9.04413246505e-07,0.00183274649892,-0.00103715242346,2.06799979164e-07
135.157,1789944772.13,0.00205592807675,0.00336301205345,-1.0126131894e-06,0.00186166098721,-0.00101817792382,1.86374287242e-07
135.177,1789944772.15,0.00202814966796,0.00343507498919,-1.11509551461e-06,0.00188663017979,-0.000997271915251,1.62959452119e-07
135.197,1789944772.17,0.00199645856955,0.00349973516618,-1.21102420625e-06,0.00190762931596,-0.000974489134995,1.3678500707e-07
135.217,1789944772.19,0.00196094419563,0.00355691023882,-1.29962943247e-06,0.00192464173525,-0.000949887754587,1.08101357403e-07
135.237,1789944772.21,0.00192170309462,0.00360653350403,-1.38020889831e-06,0.0019376590037,-0.000923529218631,7.71844692092e-08
135.257,1789944772.23,0.00187883870935,0.00364855393464,-1.4521392503e-06,0.00194668076389,-0.000895478168562,4.43203069001e-08
135.277,1789944772.25,0.00183246112211,0.00368293618002,-1.51487076872e-06,0.00195171478376,-0.000865802187575,9.81586578059e-09
135.297,1789944772.27,0.00178268679035,0.00370966053636,-1.56794094221e-06,0.0019527768256,-0.000834571736975,-2.60153775265e-08
135.317,1789944772.29,0.00172963826975,0.00372872288388,-1.6109711355e-06,0.00194989055486,-0.000801859979327,-6.28421194265e-08
135.337,1789944772.31,0.00167344392721,0.00374013459429,-1.64366695247e-06,0.00194308751918,-0.000767742541531,-1.00335161465e-07
135.357,1789944772.33,0.0016142376438,0.00374392240723,-1.66582746891e-06,0.00193240688263,-0.00073229745511,-1.38158519299e-07
135.377,1789944772.35,0.00155215850944,0.00374012827555,-1.67733704455e-06,0.00191789549349,-0.000695604896409,-1.75972596789e-07
135.397,1789944772.37,0.0014873505072,0.00372880918239,-1.67817025553e-06,0.0018996074941,-0.000657747025092,-2.13441778648e-07
135.417,1789944772.39,0.00141996219174,0.00371003692827,-1.66839117245e-06,0.00187760443966,-0.000618807856259,-2.50235377143e-07
135.437,1789944772.41,0.00135014635895,0.00368389788905,-1.64814644054e-06,0.00185195485947,-0.000578872986548,-2.86030249987e-07
135.457,1789944772.43,0.00127805971088,0.00365049274796,-1.61767256821e-06,0.00182273426629,-0.000538029532126,-3.20512843027e-07
135.477,1789944772.45,0.0012038625132,0.00360993619807,-1.57728222528e-06,0.00179002487042,-0.000496365827446,-3.53380432284e-07
135.497,1789944772.47,0.00112771824895,0.00356235662079,-1.52736947069e-06,0.00175391536934,-0.000453971289524,-3.84349207164e-07
135.517,1789944772.49,0.00104979326749,0.00350789573677,-1.46839944038e-06,0.00171450078911,-0.000410936264052,-4.13145831224e-07
135.537,1789944772.51,0.000970256430519,0.00344670823379,-1.40090872851e-06,0.00167188215929,-0.000367351745402,-4.39521992627e-07
135.557,1789944772.53,0.000889278754387,0.00337896136958,-1.32549644136e-06,0.00162616634873,-0.000323309322373,-4.63248395815e-07
135.577,1789944772.55,0.000807033050867,0.00330483455319,-1.24281993322e-06,0.00157746577745,-0.000278900806887,-4.84116832349e-07
135.597,1789944772.57,0.000723693567443,0.00322451890329,-1.15358993135e-06,0.00152589815319,-0.000234218267797,-5.01944947181e-07
135.617,1789944772.59,0.000639435625385,0.00313821678617,-1.05856317889e-06,0.00147158621864,-0.000189353639973,-5.1657575749e-07
135.637,1789944772.61,0.000554435259447,0.00304614133497,-9.58532549973e-07,0.0014146574285,-0.000144398663397,-5.27876939159e-07
135.657,1789944772.63,0.000468868857785,0.00294851594827,-8.54328864341e-07,0.00135524373071,-9.9444688438e-05,-5.35745041233e-07
135.677,1789944772.65,0.000382908228532,0.00284556727412,-7.43018207826e-07,0.00129030355337,-5.23458457485e-05,-5.40717351009e-07
135.697,1789944772.67,0.00029674672019,0.00273756343684,-6.80555436572e-07,0.00122816357492,-8.55542090806e-06,-4.63802675527e-07
135.717,1789944772.69,0.000210549852485,0.00262473600227,-5.21409594473e-07,0.00116029897356,3.65700041902e-05,-5.38358074434e-07
135.737,1789944772.71,0.000124500135609,0.00250736358832,-4.57136198182e-07,0.00109502954831,7.92885193952e-05,-4.55132574226e-07
135.757,1789944772.73,3.87638498904e-05,0.00238569598209,-2.97176735164e-07,0.00102713292773,0.000121129412734,-5.31762701881e-07
135.777,1789944772.75,-4.65007248363e-05,0.0022599952476,-2.31212647631e-07,0.000955085985797,0.000165130580492,-4.40226622074e-07
135.797,1789944772.77,-0.000131118490028,0.00213054438192,-8.33541107044e-08,0.000880486208048,0.000208605270888,-5.36348013281e-07
135.817,1789944772.79,-0.000214915678486,0.00199763991315,3.77068219788e-08,0.000805634605605,0.000250065979581,-4.92782081117e-07
135.837,1789944772.81,-0.00029773113027,0.00186157614021,1.43456060698e-07,0.000730325975892,0.000290943382402,-4.75091702861e-07
135.857,1789944772.83,-0.000379405200274,0.00172264940432,2.25349985105e-07,0.000654928165335,0.000331286960513,-4.73154723987e-07
135.877,1789944772.85,-0.000459777491721,0.00158115260964,3.3337858881e-07,0.000577866299141,0.000369758648321,-4.12925014586e-07
135.897,1789944772.87,-0.000538698940523,0.001437389769,4.19623078717e-07,0.000500613312278,0.000407727651873,-3.77556244748e-07
135.917,1789944772.89,-0.000616020113423,0.00129166334164,5.00358589229e-07,0.000422713536347,0.000444623914661,-3.38485406107e-07
135.937,1789944772.91,-0.000691596502759,0.00114427920803,5.7308443917e-07,0.000344454095281,0.000480526918003,-3.00410215248e-07
135.957,1789944772.93,-0.000765287084583,0.000995544302859,6.38479570442e-07,0.000265914376471,0.000515279719854,-2.61033277466e-07
135.977,1789944772.95,-0.000836956724593,0.000845768075819,6.76532773443e-07,0.000187882394114,0.000549413905821,-2.55276462711e-07
135.997,1789944772.97,-0.000906468410696,0.000695253682339,7.45580153505e-07,0.00010871861531,0.000581033676287,-1.7926813914e-07
136.017,1789944772.99,-0.000973700376151,0.000544314089027,7.87176687327e-07,3.03700632631e-05,0.000611837617955,-1.35939549178e-07
136.037,1789944773.01,-0.00103853112967,0.000393256119513,8.21116658894e-07,-4.76307357817e-05,0.000641123056934,-8.9802470973e-08
136.057,1789944773.03,-0.0011008461023,0.000242386177291,8.44760422833e-07,-0.000124924547032,0.000669028179184,-4.66667670282e-08
136.077,1789944773.05,-0.00116053564325,9.20073775183e-05,8.59410808191e-07,-0.000201450363492,0.00069540631466,-3.71180142368e-09
136.097,1789944773.07,-0.00121749628418,-5.75800006876e-05,8.65000400918e-07,-0.000277046372638,0.000720223467087,3.8679540719e-08
136.117,1789944773.09,-0.00127163063266,-0.000206079384408,8.6168197336e-07,-0.000351586205577,0.00074342007777,8.05508291401e-08
136.137,1789944773.11,-0.00132284768734,-0.000353198318653,8.495782313e-07,-0.00042493051355,0.000764958153676,1.21662812079e-07
136.157,1789944773.13,-0.00137106295432,-0.000498649042115,8.28877077581e-07,-0.000496944341602,0.000784802753037,1.61779549114e-07
136.177,1789944773.15,-0.00141619859183,-0.000642149008974,7.99826873059e-07,-0.000567492346735,0.000802926375843,2.00644832095e-07
136.197,1789944773.17,-0.00145818351205,-0.000783421424307,7.62739508859e-07,-0.000636441882935,0.000819305655412,2.3800636348e-07
136.217,1789944773.19,-0.0014969534721,-0.000922195764753,7.17981111053e-07,-0.000703663348094,0.000833921255605,2.73625905683e-07
136.237,1789944773.21,-0.00153245114946,-0.00105820828897,6.65981138148e-07,-0.000769031172044,0.000846757165212,3.07278715074e-07
136.257,1789944773.23,-0.00156462620356,-0.00119120252997,6.07215340113e-07,-0.00083242436765,0.000857800523096,3.38750922116e-07
136.277,1789944773.25,-0.00159343532668,-0.00132092977114,5.42211421253e-07,-0.000893726951836,0.000867041626111,3.67857853303e-07
136.297,1789944773.27,-0.00161884228166,-0.00144714950067,4.7153905193e-07,-0.000952828147352,0.000874474029169,3.94423535161e-07
136.317,1789944773.29,-0.00164081792812,-0.00156962984623,3.95802946407e-07,-0.00100962266606,0.000880094634514,4.18298899937e-07
136.337,1789944773.31,-0.00165934023432,-0.00168814798813,3.15644634981e-07,-0.00106401073961,0.00088390380581,4.39357475819e-07
136.357,1789944773.33,-0.00167439427576,-0.00180249055053,2.31729502204e-07,-0.00111589823002,0.000885905449716,4.5749071586e-07
136.377,1789944773.35,-0.00168597222032,-0.0019124539707,1.44745745347e-07,-0.00116519679672,0.000886107117649,4.72613793016e-07
136.397,1789944773.37,-0.00169407329842,-0.00201784484502,5.53952883224e-08,-0.0012118238825,0.00088451989483,4.84669524875e-07
136.417,1789944773.39,-0.00169870473971,-0.00211848123281,-5.15832744738e-08,-0.0012561950254,0.000881650655712,5.21937242914e-07
136.437,1789944773.41,-0.00169987618434,-0.00221418742832,-1.41643489459e-07,-0.00129719725451,0.000876475280462,5.24437306344e-07
136.457,1789944773.43,-0.00169760775493,-0.00230480237815,-2.19299821146e-07,-0.00133490811392,0.00086915748028,5.01225348729e-07
136.477,1789944773.45,-0.00169192886719,-0.00239018107924,-3.37871189017e-07,-0.00137089819586,0.000860223307305,4.82626323042e-07
136.497,1789944773.47,-0.00168287616232,-0.00247017816546,-4.07199844346e-07,-0.00140243732838,0.000850406777103,5.06248135749e-07
136.517,1789944773.49,-0.00167048555346,-0.00254467399451,-5.05454198287e-07,-0.00143220413033,0.000838103886388,4.58200802682e-07
136.537,1789944773.51,-0.00165480603636,-0.00261354966639,-5.7423954939e-07,-0.00145850649296,0.000824116354164,4.76965835557e-07
136.557,1789944773.53,-0.00163589520603,-0.00267669977951,-6.55496347397e-07,-0.00148035829843,0.000809865710705,4.708136732e-07
136.577,1789944773.55,-0.00161380424164,-0.00273404364778,-7.34407261308e-07,-0.00150085205012,0.000792421222685,4.54030677271e-07
136.597,1789944773.57,-0.00158860516744,-0.00278549722951,-8.09504207078e-07,-0.00151729445656,0.000774396148619,4.37476269844e-07
136.617,1789944773.59,-0.00156036758427,-0.00283099725451,-8.79923157963e-07,-0.0015307222048,0.000754846590056,4.18188638013e-07
136.637,1789944773.61,-0.00152917047187,-0.00287048954091,-9.37231264118e-07,-0.0015403301104,0.000734976716779,3.89561938284e-07
136.657,1789944773.63,-0.00149508677228,-0.00290393951645,-1.00453686317e-06,-0.00154792818745,0.000711886893968,3.73882542478e-07
136.677,1789944773.65,-0.00145821089952,-0.00293131512526,-1.05813782156e-06,-0.00155188087483,0.000688360472896,3.4931230233e-07
136.697,1789944773.67,-0.00141863534486,-0.0029526016741,-1.10346234144e-06,-0.00155284937325,0.000664100044319,2.87672093181e-07
136.717,1789944773.69,-0.00137645524751,-0.00296779520605,-1.1440311073e-06,-0.00155070562343,0.000638881452208,2.97719562341e-07
136.737,1789944773.71,-0.00133176505168,-0.00297690343986,-1.17941176989e-06,-0.00154507623386,0.000610450477986,2.68508657099e-07
136.757,1789944773.73,-0.00128468150105,-0.00297994888587,-1.21290143533e-06,-0.00153634997413,0.000582358213116,2.29788770595e-07
136.777,1789944773.75,-0.00123531251871,-0.00297696671954,-1.22535825471e-06,-0.00152500450061,0.000552810223751,2.11474642566e-07
136.797,1789944773.77,-0.00118377573709,-0.00296800038343,-1.24257685682e-06,-0.00151034589776,0.000522939602306,1.71666347839e-07
136.817,1789944773.79,-0.00113018693482,-0.00295310845335,-1.24176466483e-06,-0.0014930990822,0.000491900871178,1.50749570134e-07
136.837,1789944773.81,-0.00107466865725,-0.00293235785692,-1.2395676188e-06,-0.00147277633501,0.000460289340265,1.19851565476e-07
136.857,1789944773.83,-0.00101734462724,-0.00290582859992,-1.23029567173e-06,-0.00144962842213,0.000427928100824,8.96697288118e-08
136.877,1789944773.85,-0.000958341897934,-0.00287361145774,-1.21472864256e-06,-0.0014236699055,0.00039492460578,5.91054081542e-08
136.897,1789944773.87,-0.000897789912359,-0.00283580837591,-1.19271128653e-06,-0.00139500101873,0.000361313407743,2.92264127873e-08
136.917,1789944773.89,-0.0008358205689,-0.00279253188152,-1.16452305897e-06,-0.00136369760161,0.000327169748537,2.24729663548e-10
136.937,1789944773.91,-0.000772567848359,-0.00274390485021,-1.13045782255e-06,-0.00132984695873,0.000292565709185,-2.76415618455e-08
136.957,1789944773.93,-0.000708171063875,-0.00269006393365,-1.09202570586e-06,-0.00129543529616,0.00025934064778,-5.25645986755e-08
136.977,1789944773.95,-0.000642751611323,-0.00263113449448,-1.04618666506e-06,-0.00125485383904,0.000222289986423,-7.92854247686e-08
136.997,1789944773.97,-0.000576462038965,-0.00256728351423,-9.96782253804e-07,-0.00121374952197,0.000186639798923,-1.02849864819e-07
137.017,1789944773.99,-0.000509440266949,-0.00249867017621,-9.43123141047e-07,-0.00117027177653,0.000150661610941,-1.24795792555e-07
137.037,1789944774.01,-0.000441828346499,-0.00242546604721,-8.85831324734e-07,-0.00112505626972,0.000114926827343,-1.44743100769e-07
137.057,1789944774.03,-0.000373766012258,-0.00234784804506,-8.25346884236e-07,-0.0010779174634,7.92408056597e-05,-1.62763674776e-07
137.077,1789944774.05,-0.000305393299666,-0.00226600116787,-7.62203381242e-07,-0.00102897149313,4.36841438527e-05,-1.78785216336e-07
137.097,1789944774.07,-0.000236849618539,-0.00218011737756,-6.96938179699e-07,-0.00097826571616,8.26950642773e-06,-1.92776860868e-07
137.117,1789944774.09,-0.000168273903574,-0.00209039563091,-6.30104018168e-07,-0.000925899970568,-2.69455632619e-05,-2.04705876971e-07
137.137,1789944774.11,-9.98043116821e-05,-0.00199704140336,-5.62254416982e-07,-0.000871979883889,-6.19016152151e-05,-2.14554901933e-07
137.157,1789944774.13,-3.15774909807e-05,-0.00190026680457,-4.85613427902e-07,-0.000816882262732,-9.67856644126e-05,-2.07617045635e-07
137.177,1789944774.15,3.6268365811e-05,-0.00180028674001,-4.25724618132e-07,-0.000759962471752,-0.00013075598314,-2.28028924141e-07
137.197,1789944774.17,0.000103601001151,-0.00169732563002,-3.58383223837e-07,-0.000702100177461,-0.000164490830145,-2.3226644122e-07
137.217,1789944774.19,0.000170287753253,-0.001591610253,-2.92530597219e-07,-0.000643162467357,-0.000197656694003,-2.35270572088e-07
137.237,1789944774.21,0.000236198610101,-0.00148337202044,-2.2774769035e-07,-0.000583351986625,-0.000230258156159,-2.35020508453e-07
137.257,1789944774.23,0.000301205580346,-0.00137284556526,-1.65074547277e-07,-0.000522759417676,-0.000262191338902,-2.32805216049e-07
137.277,1789944774.25,0.000365183369479,-0.00126026865756,-1.04965925679e-07,-0.000461515099708,-0.000293395725911,-2.28696665901e-07
137.297,1789944774.27,0.000428009528748,-0.00114588160404,-4.78960789151e-08,-0.000399739134592,-0.000323803872935,-2.22920002911e-07
137.317,1789944774.29,0.000489564747787,-0.00102992680679,5.73467907887e-09,-0.000337557774725,-0.000353357672318,-2.15598890612e-07
137.337,1789944774.31,0.000549733070424,-0.000912648257523,5.55554360021e-08,-0.00027509735441,-0.000382001887471,-2.06872299308e-07
137.357,1789944774.33,0.00060840211401,-0.000794291043744,1.01241623106e-07,-0.000212485367394,-0.000409685196479,-1.96874314334e-07
137.377,1789944774.35,0.000665463267406,-0.00067510084707,1.42504001731e-07,-0.000149849280584,-0.000436359035687,-1.85743384505e-07
137.397,1789944774.37,0.000720811881651,-0.000555323442904,1.79096183679e-07,-8.73160350922e-05,-0.000461977341029,-1.73628225205e-07
137.417,1789944774.39,0.000774347449584,-0.000435204201203,2.10814212388e-07,-2.5011624382e-05,-0.000486496346345,-1.60676824068e-07
137.437,1789944774.41,0.000825973777862,-0.000314987592818,2.37498490012e-07,3.69392715078e-05,-0.000509874492434,-1.47046774323e-07
137.457,1789944774.43,0.000875599149248,-0.000194916699268,2.59029299777e-07,9.84136936013e-05,-0.000532072549197,-1.32894032337e-07
137.477,1789944774.45,0.000923136477571,-7.52327311181e-05,2.75337438781e-07,0.000159290500504,-0.000553053689901,-1.18379775977e-07
137.497,1789944774.47,0.000968503451323,4.38254482004e-05,2.86392310606e-07,0.000219450691555,-0.000572783555273,-1.03664210113e-07
137.517,1789944774.49,0.00101162266923,0.000162021788378,2.92211325058e-07,0.00027877753361,-0.000591230514727,-8.89023258196e-08
137.537,1789944774.51,0.00105242176431,0.000279123510726,2.92852545895e-07,0.000337156818596,-0.000608365564139,-7.42546661877e-08
137.557,1789944774.53,0.00109083351739,0.00039490155605,2.8841752779e-07,0.000394476960486,-0.000624162642775,-5.98688606362e-08
137.577,1789944774.55,0.00112679595997,0.000509131022818,2.79047700875e-07,0.000450629297227,-0.000638598473776,-4.58932992266e-08
137.597,1789944774.57,0.00116025246479,0.000621591592456,2.6492445943e-07,0.000505508200059,-0.000651652700773,-3.24659443221e-08
137.617,1789944774.59,0.00119115182658,0.000732067945003,2.46265143772e-07,0.000559011269153,-0.000663307959256,-1.97230370942e-08
137.637,1789944774.61,0.00121944832916,0.000840350160146,2.23321893344e-07,0.000611039570356,-0.000673549789992,-7.78344069278e-09
137.657,1789944774.63,0.00124510180289,0.000946234105557,1.96378904398e-07,0.00066149774501,-0.000682366687078,3.23344100426e-09
137.677,1789944774.65,0.0012680776696,0.00104952181096,1.65750430936e-07,0.000710294242711,-0.000689750138147,1.32285325476e-08
137.697,1789944774.67,0.00128834697552,0.00115002182754,1.31775584251e-07,0.000757341435185,-0.000695694573949,2.21047016319e-08
137.717,1789944774.69,0.00130588641383,0.00124754957139,9.48187220102e-08,0.000802555805537,-0.000700197331762,2.97846861372e-08
137.737,1789944774.71,0.0013206783343,0.00134192765171,5.52629871055e-08,0.000845858032745,-0.000703258694748,3.61986837575e-08
137.757,1789944774.73,0.00133271074284,0.00143298618105,1.35063025103e-08,0.000887173232124,-0.000704881883095,4.12915155418e-08
137.777,1789944774.75,0.00134197728815,0.00152056307032,-3.00354339892e-08,0.000926430953468,-0.000705072916966,4.50192963988e-08
137.797,1789944774.77,0.00134847723859,0.00160450430415,-7.49442987865e-08,0.000963565396679,-0.000703840739984,4.73537612002e-08
137.817,1789944774.79,0.00135221614547,0.00168466489854,-1.09116099293e-07,0.000998875078152,-0.000701556705539,2.76168934342e-08
137.837,1789944774.81,0.00135320114077,0.00176090448195,-1.67141872965e-07,0.00103122461857,-0.000697156241646,4.77998763214e-08
137.857,1789944774.83,0.00135145156594,0.00183309820749,-2.05339183546e-07,0.00106187859147,-0.000691972530868,3.15291305903e-08
137.877,1789944774.85,0.00134698559744,0.00190112524051,-2.40238844943e-07,0.00109026258653,-0.000684671919806,5.62190952996e-08
137.897,1789944774.87,0.0013398337483,0.00196487340079,-2.87836640654e-07,0.00111587855648,-0.000676499407669,5.42255301311e-08
137.917,1789944774.89,0.00133002800988,0.00202424155362,-3.51748087085e-07,0.00113850187446,-0.000667272919136,3.62863426291e-08
137.937,1789944774.91,0.0013176028975,0.0020791445884,-3.97949892354e-07,0.00116014959861,-0.000656055807519,2.66340616324e-08
137.957,1789944774.93,0.0013026042448,0.00212949383949,-4.39623324869e-07,0.00117832005083,-0.000644091224259,1.67974393241e-08
137.977,1789944774.95,0.00128507975202,0.00217521792204,-4.763993842e-07,0.00119332351477,-0.000631604125015,8.20794706576e-09
137.997,1789944774.97,0.00126507504402,0.00221626134244,-5.12675465415e-07,0.00120710874043,-0.000616643483075,-3.52034420277e-09
138.017,1789944774.99,0.00124265160174,0.00225256733831,-5.44826020669e-07,0.00121777207839,-0.000601158608613,-1.4824522195e-08
138.037,1789944775.01,0.00121787021083,0.0022840946053,-5.67987372553e-07,0.00122582955719,-0.000584938683725,-1.65871778965e-09
138.057,1789944775.03,0.00119079346531,0.00231081197338,-5.95656990494e-07,0.00123155031064,-0.000567331119324,-1.27612791764e-08
138.077,1789944775.05,0.00116149165769,0.00233269686954,-6.20727673627e-07,0.00123477336502,-0.0005491350196,-5.27806112257e-08
138.097,1789944775.07,0.00113003316994,0.00234973629393,-6.3222822926e-07,0.00123531938403,-0.000528654867999,-5.61103626581e-08
138.117,1789944775.09,0.00109650186584,0.00236192930734,-6.57495862062e-07,0.00123388561244,-0.000508178331844,-5.57081909459e-08
138.137,1789944775.11,0.00106097534361,0.00236928019262,-6.65741651875e-07,0.00122959911757,-0.00048595982159,-1.01645355257e-07
138.157,1789944775.13,0.00102354533484,0.00237180720324,-6.71969148448e-07,0.00122335612822,-0.000464699009008,-1.16701497659e-07
138.177,1789944775.15,0.000984288905362,0.00236953224238,-6.68767438113e-07,0.00121365183357,-0.000440547860817,-1.24059555763e-07
138.197,1789944775.17,0.000943305009878,0.00236249612733,-6.71922667897e-07,0.0012022778202,-0.000416486358949,-1.46547163015e-07
138.217,1789944775.19,0.000900687206006,0.00235074230678,-6.65752843254e-07,0.00118837231839,-0.000391808160206,-1.5930000504e-07
138.237,1789944775.21,0.000856532811908,0.00233432557508,-6.52446949182e-07,0.0011721512165,-0.00036677061592,-1.65949731182e-07
138.257,1789944775.23,0.000810939310106,0.00231330993389,-6.4126288708e-07,0.00115385961261,-0.000340991733372,-1.82748594533e-07
138.277,1789944775.25,0.000764008233288,0.00228776680519,-6.23105971812e-07,0.0011332819376,-0.00031479001573,-1.93391870733e-07
138.297,1789944775.27,0.000715843537221,0.00225777823735,-6.21240338472e-07,0.00111117139886,-0.000288771089854,-1.64377050317e-07
138.317,1789944775.29,0.00066654653575,0.00222343038247,-5.76658996871e-07,0.00108703334954,-0.000262343182348,-2.11694850648e-07
138.337,1789944775.31,0.000616216777015,0.00218481389372,-5.46387608963e-07,0.00105880168614,-0.000233417738468,-2.22002531764e-07
138.357,1789944775.33,0.000564972793046,0.00214204441594,-5.13223003549e-07,0.00102974879859,-0.000205373985236,-2.32198287149e-07
138.377,1789944775.35,0.000512923303171,0.00209523469055,-4.78573862509e-07,0.000998807814815,-0.000177089530325,-2.38020414456e-07
138.397,1789944775.37,0.000460179739425,0.00204450657599,-4.4157798335e-07,0.000966291061735,-0.000148870805144,-2.42288772319e-07
138.417,1789944775.39,0.000406852479951,0.00198998734526,-4.02479034994e-07,0.000932092621204,-0.000120587692753,-2.45017040584e-07
138.437,1789944775.41,0.000353052466057,0.00193181116911,-3.61508995835e-07,0.000896272089869,-9.22784518397e-05,-2.46435308913e-07
138.457,1789944775.43,0.000298890698465,0.00187011854253,-3.18979915844e-07,0.000858868942417,-6.39569080167e-05,-2.46547335019e-07
138.477,1789944775.45,0.000244478286121,0.0018050562283,-2.7522528789e-07,0.000819956524998,-3.56685120086e-05,-2.45344166822e-07
138.497,1789944775.47,0.000189926220422,0.00173677692434,-2.30592727415e-07,0.000779617760611,-7.46514049794e-06,-2.42804009598e-07
138.517,1789944775.49,0.000135345173794,0.00166543893949,-1.85432320649e-07,0.000737946017737,2.05936993132e-05,-2.3891140373e-07
138.537,1789944775.51,8.0845255752e-05,0.00159120581701,-1.40097858642e-07,0.000695039249178,4.84468207693e-05,-2.33661859987e-07
138.557,1789944775.53,2.65357683382e-05,0.00151424594614,-9.49426229521e-08,0.000650998004282,7.6033214913e-05,-2.27058186733e-07
138.577,1789944775.55,-2.74750350614e-05,0.00143473216497,-5.03140372724e-08,0.000605923570365,0.000103293757145,-2.19122673131e-07
138.597,1789944775.57,-8.10801834655e-05,0.00135284136155,-6.55254936404e-09,0.000559917362469,0.000130171760539,-2.09882760257e-07
138.617,1789944775.59,-0.000134174210476,0.00126875407643,3.60100323768e-08,0.000513080625032,0.000156613057132,-1.99383941979e-07
138.637,1789944775.61,-0.000186653365747,0.00118265410566,7.70545679255e-08,0.000465514423286,0.000182565924291,-1.87676146563e-07
138.657,1789944775.63,-0.000238415818213,0.00109472810421,1.16278754253e-07,0.00041731988212,0.000207980794734,-1.74827080599e-07
138.677,1789944775.65,-0.00028936184927,0.0010051651912,1.53393316132e-07,0.000368598167373,0.000232809959943,-1.60908168938e-07
138.697,1789944775.67,-0.000339394039485,0.000914156551994,1.88131947312e-07,0.000319450633347,0.000257007520473,-1.46000306585e-07
138.717,1789944775.69,-0.000388417448783,0.000821895041607,2.20247306747e-07,0.000269978725657,0.000280529143047,-1.30198087352e-07
138.737,1789944775.71,-0.000436339789598,0.000728574786617,2.49515213874e-07,0.000220283966269,0.000303332166537,-1.13593374786e-07
138.757,1789944775.73,-0.000483071594615,0.000634390786934,2.75736507029e-07,0.000170467701422,0.000325375545608,-9.62919254779e-08
138.777,1789944775.75,-0.000528526377694,0.000539538518092,2.98735515603e-07,0.00012063095673,0.000346619947943,-7.84037476399e-08
138.797,1789944775.77,-0.000572620788005,0.00044421353508,3.18366994427e-07,7.08742544318e-05,0.00036702783746,-6.00360975255e-08
138.817,1789944775.79,-0.000615274757496,0.000348611077352,3.34509467651e-07,2.12973169415e-05,0.000386563520932,-4.13099182961e-08
138.837,1789944775.81,-0.000656411641,0.00025292567802,3.47071116008e-07,-2.80010564913e-05,0.000405193300092,-2.23414543303e-08
138.857,1789944775.83,-0.000695958348391,0.000157350775913,3.55990086459e-07,-7.69232889378e-05,0.00042288545794,-3.24835870505e-09
138.877,1789944775.85,-0.000733845469066,6.20783324188e-05,3.61230631805e-07,-0.000125373172667,0.000439610398716,1.58454029416e-08
138.897,1789944775.87,-0.00077000738825,-3.27015452496e-05,3.62788506771e-07,-0.000173256072855,0.000455340649342,3.48235951171e-08
138.917,1789944775.89,-0.000804382394183,-0.000126800976254,3.60686605702e-07,-0.000220479112144,0.000470050932474,5.35687979447e-08
138.937,1789944775.91,-0.000836912778153,-0.000220034670277,3.54975364028e-07,-0.000266951365926,0.000483718184267,7.19620691199e-08
138.957,1789944775.93,-0.000867544924165,-0.000312220283612,3.4573163545e-07,-0.000312583998229,0.000496321631895,8.9892628514e-08
138.977,1789944775.95,-0.000896229390916,-0.000403178768844,3.33061847381e-07,-0.00035729046697,0.000507842744914,1.07251959523e-07
138.997,1789944775.97,-0.000922920984364,-0.000492734713624,3.17095053359e-07,-0.000400986663912,0.000518265329335,1.23937300365e-07
139.017,1789944775.99,-0.000947578821187,-0.000580716670876,2.97983521763e-07,-0.000443591016691,0.000527575481053,1.39849884e-07
139.037,1789944776.01,-0.000970166383242,-0.000666957478919,2.75904519756e-07,-0.000485024749443,0.00053576168031,1.54896657544e-07
139.057,1789944776.03,-0.000990651562767,-0.00075129457056,2.51053697766e-07,-0.000525211924164,0.00054281468434,1.68994758693e-07
139.077,1789944776.05,-0.00100900669899,-0.000833570270522,2.23646805821e-07,-0.000564079592759,0.000548727642745,1.82063720749e-07
139.097,1789944776.07,-0.00102520860435,-0.000913632082914,1.93916779892e-07,-0.000601557979996,0.000553496018862,1.94035604511e-07
139.117,1789944776.09,-0.00103923858257,-0.000991332963143,1.62109936088e-07,-0.000637580531381,0.000557117633138,2.04847328987e-07
139.137,1789944776.11,-0.00105108243746,-0.00106653158081,1.2848758713e-07,-0.000672084075302,0.000559592622127,2.14449765891e-07
139.157,1789944776.13,-0.00106073047193,-0.00113909256658,9.33206915734e-08,-0.000705008892783,0.000560923422131,2.22794913592e-07
139.177,1789944776.15,-0.00106817747843,-0.00120888674618,5.68889226085e-08,-0.000736298873693,0.000561114795555,2.29849518215e-07
139.197,1789944776.17,-0.00107342272051,-0.00127579136183,1.94763702852e-08,-0.000765901514724,0.000560173720534,2.35589387157e-07
139.217,1789944776.19,-0.00107646990535,-0.00133969027664,-1.8624766321e-08,-0.000793768105274,0.000558109461311,2.39998594476e-07
139.237,1789944776.21,-0.00107732714693,-0.00140047416696,-5.71264369107e-08,-0.000819853713496,0.000554933446315,2.43067656815e-07
139.257,1789944776.23,-0.00107600692194,-0.00145804069768,-9.57361449101e-08,-0.000844117297646,0.000550659297066,2.44802046733e-07
139.277,1789944776.25,-0.00107252601555,-0.00151229468424,-1.34168301117e-07,-0.00086652177102,0.000545302759286,2.45215124207e-07
139.297,1789944776.27,-0.00106690546016,-0.00156314823686,-1.72140060828e-07,-0.000887034039924,0.000538881640892,2.44322637009e-07
139.317,1789944776.29,-0.00105917046503,-0.00161052089153,-2.0937779551e-07,-0.000905624999706,0.000531415793733,2.42160033023e-07
139.337,1789944776.31,-0.00104935033877,-0.00165433972345,-2.45614699243e-07,-0.000922269654385,0.000522927046435,2.38760457223e-07
139.357,1789944776.33,-0.00103747840336,-0.00169453944525,-2.80598897322e-07,-0.000936947042355,0.000513439147756,2.34172871332e-07
139.377,1789944776.35,-0.00102359190116,-0.00173106248924,-3.14089200611e-07,-0.000949640369643,0.000502977715829,2.28448585548e-07
139.397,1789944776.37,-0.00100773189415,-0.00176385907313,-3.45859331907e-07,-0.000960336901947,0.000491570140678,2.21647764809e-07
139.417,1789944776.39,-0.000989943156615,-0.00179288725011,-3.75701196684e-07,-0.000969028026994,0.000479245548164,2.13838764655e-07
139.437,1789944776.41,-0.000970274060688,-0.00181811294266,-4.03421459022e-07,-0.000975709231404,0.000466034757899,2.05089810559e-07
139.457,1789944776.43,-0.000948776455693,-0.00183950995941,-4.28850082987e-07,-0.000980380084335,0.00045197013728,1.95483760524e-07
139.477,1789944776.45,-0.000925505540375,-0.00185705999839,-4.51833739477e-07,-0.000983044208557,0.000437085565302,1.85096001744e-07
139.497,1789944776.47,-0.000900519731097,-0.00187075263094,-4.72242456629e-07,-0.000983709250756,0.000421416393772,1.74018026394e-07
139.517,1789944776.49,-0.000873880522029,-0.00188058527297,-4.89965366084e-07,-0.000982386834422,0.000404999289788,1.62334115852e-07
139.537,1789944776.51,-0.000845652341734,-0.00188656313875,-5.0491742163e-07,-0.000979092527058,0.000387872182802,1.50137519783e-07
139.557,1789944776.53,-0.000815902404552,-0.00188869917977,-5.17033667768e-07,-0.000973845748787,0.00037007422504,1.37519669574e-07
139.577,1789944776.55,-0.000784699923155,-0.00188701337651,-5.15260407278e-07,-0.000966330468423,0.000351306406447,1.05029736671e-07
139.597,1789944776.57,-0.000752119589315,-0.00188153628121,-5.20585173793e-07,-0.000957221036524,0.000332257258905,9.00474011008e-08
139.617,1789944776.59,-0.000718234694988,-0.00187230292368,-5.36835654227e-07,-0.000946069428377,0.000312102789128,9.82966407243e-08
139.637,1789944776.61,-0.000683126308041,-0.00185935768211,-5.38468821469e-07,-0.000933282379095,0.000292100768339,8.75832687004e-08
139.657,1789944776.63,-0.000646872124658,-0.00184275050307,-5.36840379463e-07,-0.000918725082699,0.000271707620665,7.59812686586e-08
139.677,1789944776.65,-0.000609552200682,-0.00182253854066,-5.3165703806e-07,-0.000902444629741,0.000250986773845,6.27398639896e-08
139.697,1789944776.67,-0.0005712476485,-0.00179878563837,-5.23733829626e-07,-0.000884452654402,0.000229878031068,4.94139489028e-08
139.717,1789944776.69,-0.000532041264463,-0.00177156240295,-5.13237919635e-07,-0.000864788886508,0.000208407091103,3.62392101027e-08
139.737,1789944776.71,-0.000492017281196,-0.00174094600486,-5.00349728257e-07,-0.000843498416446,0.000186607430194,2.34413781656e-08
139.757,1789944776.73,-0.000451261254772,-0.00170702000815,-4.85220627181e-07,-0.000820634906425,0.000164530606405,1.11207918828e-08
139.777,1789944776.75,-0.000409859835977,-0.00166987415235,-4.68008695421e-07,-0.000796256577312,0.000142232547907,-6.41011265036e-10
139.797,1789944776.77,-0.000367900546174,-0.00162960412129,-4.48886023843e-07,-0.000770425079408,0.000119770728176,-1.178993637e-08
139.817,1789944776.79,-0.000325471544859,-0.0015863113002,-4.28033121163e-07,-0.000743204421822,9.72008929975e-05,-2.2272923393e-08
139.837,1789944776.81,-0.000282661409971,-0.00154010252319,-4.05643537589e-07,-0.000714660510503,7.45762156188e-05,-3.20478099571e-08
139.857,1789944776.83,-0.000239558929118,-0.00149108981491,-3.81918697906e-07,-0.000684860787606,5.19470668248e-05,-4.10814963748e-08
139.877,1789944776.85,-0.000196252902557,-0.00143939012545,-3.57067316452e-07,-0.000653874234149,2.93614644882e-05,-4.93434420783e-08
139.897,1789944776.87,-0.000152831956439,-0.00138512506066,-3.31304410225e-07,-0.000621771361346,6.86550729573e-06,-5.6811240627e-08
139.917,1789944776.89,-0.000109384362491,-0.00132842060492,-3.04847327111e-07,-0.000588624173336,-1.54960662235e-05,-6.34677371402e-08
139.937,1789944776.91,-6.59978640771e-05,-0.00126940683953,-2.77915919851e-07,-0.000554506166742,-3.76794670076e-05,-6.93068324916e-08
139.957,1789944776.93,-2.27595042292e-05,-0.00120821765395,-2.50730814604e-07,-0.000519492243487,-5.9641801077e-05,-7.43209590507e-08
139.977,1789944776.95,2.02445417681e-05,-0.00114499045247,-2.23508498161e-07,-0.000483658637808,-8.13407707296e-05,-7.8515176931e-08
139.997,1789944776.97,6.29291322071e-05,-0.0010798658545,-1.96465407199e-07,-0.000447082728646,-0.000102734780764,-8.18996580095e-08
140.017,1789944776.99,0.000105210322649,-0.00101298739176,-1.69809573228e-07,-0.000409842945939,-0.000123783011816,-8.44871971184e-08
140.037,1789944777.01,0.000147005525389,-0.000944501199593,-1.4374390701e-07,-0.000372018598235,-0.000144445448596,-8.63020460177e-08
140.057,1789944777.03,0.000188233667155,-0.000874555706482,-1.18460818586e-07,-0.000333689660291,-0.000164683030046,-8.73696711916e-08
140.077,1789944777.05,0.00022881534203,-0.000803301319906,-9.41467760012e-08,-0.000294936624635,-0.000184457739132,-8.77232963787e-08
140.097,1789944777.07,0.000268672960716,-0.000730890110262,-7.09721881567e-08,-0.000255840348627,-0.000203732708654,-8.73991187457e-08
140.117,1789944777.09,0.000307730895729,-0.000657475494055,-4.9098940282e-08,-0.000216481834486,-0.000222472308323,-8.64397498371e-08
140.137,1789944777.11,0.000345916417673,-0.000583210120925,3.89122798424e-09,-0.000175938948177,-0.000241086898777,-1.10517935921e-07
140.157,1789944777.13,0.000383154230301,-0.000508258168598,-9.83039000568e-09,-0.000137302948705,-0.000258209062916,-8.27932725611e-08
140.177,1789944777.15,0.000419379192289,-0.000432766660845,6.00372184981e-09,-9.77462247374e-05,-0.000275096447664,-7.88756552921e-08
140.197,1789944777.17,0.000454524433905,-0.000356892193647,1.93836878113e-08,-5.8301326872e-05,-0.000291296747688,-7.38590505656e-08
140.217,1789944777.19,0.000488526568336,-0.000280789154471,3.28906201931e-08,-1.88359741086e-05,-0.000306875366739,-7.0491296139e-08
140.237,1789944777.21,0.000521324365913,-0.000204612646555,4.46103109733e-08,2.04425718662e-05,-0.000321748341066,-6.70250070956e-08
140.257,1789944777.23,0.000552859467327,-0.000128516812032,5.44533716766e-08,5.94485775111e-05,-0.000335886838051,-6.34663498977e-08
140.277,1789944777.25,0.000583076380184,-5.26547562843e-05,6.22609128929e-08,9.807842743e-05,-0.00034925525841,-5.97156158881e-08
140.297,1789944777.27,0.0006119226511,2.28219294445e-05,6.80055387637e-08,0.000136249622981,-0.000361828482894,-5.58063742746e-08
140.317,1789944777.29,0.000639348950808,9.77634628505e-05,7.1680905292e-08,0.000173884909073,-0.000373584895914,-5.1785422519e-08
140.337,1789944777.31,0.000665310214888,0.00017202322917,9.24216707684e-08,0.000211502083346,-0.000385095421659,-8.15936062749e-08
140.357,1789944777.33,0.000689759316506,0.000245451662559,9.13866346177e-08,0.000247835082535,-0.000395146550592,-7.63515208491e-08
140.377,1789944777.35,0.000712657608453,0.000317906986718,8.74258997369e-08,0.000283360961309,-0.000404267588537,-6.90492804852e-08
140.397,1789944777.37,0.000733968352667,0.000389248854558,6.37312044343e-08,0.00031747841932,-0.000411909717594,-2.96428098587e-08
140.417,1789944777.39,0.000753664112401,0.000459348313036,5.57312930635e-08,0.00035294338937,-0.000419557268314,-2.15350470953e-08
140.437,1789944777.41,0.000771713043938,0.000528060008607,4.71468538386e-08,0.000385856063998,-0.000426016313447,-1.62057954648e-08
140.457,1789944777.43,0.000788090932773,0.00059525643557,4.87285027656e-08,0.000417370632709,-0.000431971983665,4.86888341045e-09
140.477,1789944777.45,0.000802772592979,0.000660815367767,2.78566405371e-08,0.000448283763744,-0.000436352220974,-1.2397580978e-08
140.497,1789944777.47,0.000815742397055,0.00072461448497,1.58063650812e-08,0.000477831140899,-0.000440126465987,-1.2461686103e-08
140.517,1789944777.49,0.000826985103419,0.000786538354614,2.44486015858e-09,0.000506292689297,-0.000442988068142,-1.30714007898e-08
140.537,1789944777.51,0.000836489606246,0.000846475250065,-1.13767821752e-08,0.000533587419564,-0.000444995296042,-1.25889022956e-08
140.557,1789944777.53,0.000844248482744,0.000904316438781,-1.51304445577e-08,0.000558747268182,-0.000446399913636,-3.06702238868e-08
140.577,1789944777.55,0.000850254740205,0.000959968002253,-4.14371268899e-08,0.000584564740535,-0.000446326045939,-1.21199831135e-08
140.597,1789944777.57,0.000854509989316,0.00101332430491,-5.78898931037e-08,0.000608244242401,-0.000445609668709,-1.12907099657e-08
140.617,1789944777.59,0.000857016663567,0.00106429366052,-7.48607103201e-08,0.00063059809706,-0.000443989262785,-1.06182773732e-08
140.637,1789944777.61,0.000857781228208,0.00111278802755,-9.14440914938e-08,0.000651411000549,-0.000441523753662,-1.17098451566e-08
140.657,1789944777.63,0.000856813302989,0.00115872595477,-1.08036386821e-07,0.000670753114124,-0.000438189872923,-1.3383927944e-08
140.677,1789944777.65,0.00085412647093,0.00120203108359,-1.15525153936e-07,0.000688325605927,-0.000434273284,3.48173755673e-10
140.697,1789944777.67,0.000849734695779,0.00124263591657,-1.40674013274e-07,0.000704950835594,-0.000428953353546,-1.82120522708e-08
140.717,1789944777.69,0.000843660121289,0.00128047399254,-1.56837540042e-07,0.000719813766102,-0.000423041907727,-2.21555611444e-08
140.737,1789944777.71,0.000835925591786,0.00131548737442,-1.7251242135e-07,0.000733148339464,-0.000416304344112,-2.66706911712e-08
140.757,1789944777.73,0.000826557650978,0.00134762366184,-1.86947591198e-07,0.000744887855406,-0.000408809181084,-3.03558882109e-08
140.777,1789944777.75,0.000815585658724,0.00137683686823,-2.00467738821e-07,0.00075504902617,-0.000400545299626,-3.42144428881e-08
140.797,1789944777.77,0.000803042847733,0.00140308641094,-2.13275029048e-07,0.000763213475421,-0.000391978724458,-3.65666584181e-08
140.817,1789944777.79,0.00078896056251,0.00142634236024,-2.24338003377e-07,0.000770607048311,-0.000381785614326,-4.25768993981e-08
140.837,1789944777.81,0.000773380841853,0.00144657386155,-2.34475814327e-07,0.000776044961123,-0.000371278894443,-4.72201516093e-08
140.857,1789944777.83,0.000756344336381,0.00146376013335,-2.43292109215e-07,0.000779899644899,-0.000360076351967,-5.2083376853e-08
140.877,1789944777.85,0.000737895165067,0.00147788593072,-2.50722241844e-07,0.000782100643333,-0.000348284262076,-5.69685041098e-08
140.897,1789944777.87,0.000718079507817,0.00148894272915,-2.56678443966e-07,0.000782700926741,-0.000335878948483,-6.19405917599e-08
140.917,1789944777.89,0.000696946040566,0.00149692820248,-2.61101468532e-07,0.000781713979108,-0.000322884511361,-6.69573533157e-08
140.937,1789944777.91,0.000674545741559,0.00150184626173,-2.6394538954e-07,0.000779161255948,-0.000309320918375,-7.19789334004e-08
140.957,1789944777.93,0.000650931836164,0.00150370694864,-2.6517958608e-07,0.000775060330842,-0.000295216637454,-7.6956585737e-08
140.977,1789944777.95,0.000626159674908,0.00150252637619,-2.64788256604e-07,0.000769430238146,-0.000280602853612,-8.18387405016e-08
140.997,1789944777.97,0.000600286610373,0.00149832665492,-2.6276891075e-07,0.000762291379681,-0.000265513225131,-8.65753980152e-08
141.017,1789944777.99,0.000573371863015,0.00149113581441,-2.59134025984e-07,0.000753666674399,-0.000249982651541,-9.11148134605e-08
141.037,1789944778.01,0.000545476382616,0.00148098771459,-2.53908720868e-07,0.000743581865472,-0.000234046597873,-9.54107572074e-08
141.057,1789944778.03,0.000516662709634,0.00146792194459,-2.47132222379e-07,0.000732065713131,-0.00021774096354,-9.94132358704e-08
141.077,1789944778.05,0.000486994833227,0.00145198371055,-2.38857511519e-07,0.000719149956288,-0.000201101752062,-1.03076767508e-07
141.097,1789944778.07,0.000456538050693,0.00143322371098,-2.29147635645e-07,0.000704869223068,-0.000184165130133,-1.06362754385e-07
141.117,1789944778.09,0.000425358825213,0.00141169800003,-2.18079140796e-07,0.000689260933236,-0.0001669673866,-1.09227836737e-07
141.137,1789944778.11,0.000393524643942,0.00138746784132,-2.05739817094e-07,0.000672365013358,-0.000149544927812,-1.11637713564e-07
141.157,1789944778.13,0.000361103875156,0.0013605995507,-1.92225576479e-07,0.000654223864076,-0.000131934269835,-1.13557961138e-07
141.177,1789944778.15,0.000328165625012,0.00133116432978,-1.776423337e-07,0.000634882135908,-0.000114172094808,-1.14962670356e-07
141.197,1789944778.17,0.000294779593875,0.00129923809052,-1.6210523664e-07,0.00061438662384,-9.62950451149e-05,-1.15822695673e-07
141.217,1789944778.19,0.000261015932205,0.0012649012719,-1.45736091786e-07,0.00059278612537,-7.83398750644e-05,-1.16120699911e-07
141.237,1789944778.21,0.000226945096661,0.00122823864822,-1.28662024297e-07,0.0005701313498,-6.03431551327e-05,-1.15837740113e-07
141.257,1789944778.23,0.000192637706562,0.00118933912987,-1.11016016145e-07,0.000546474797021,-4.23414185054e-05,-1.14959942665e-07
141.277,1789944778.25,0.000158164400474,0.00114829555763,-9.29349374673e-08,0.000521870602163,-2.4370912458e-05,-1.13484637497e-07
141.297,1789944778.27,0.000123594768449,0.00110520356287,-9.21945880599e-08,0.000495831136565,-5.92434755192e-06,-8.02196333654e-08
141.317,1789944778.29,8.90039155658e-05,0.00106016806274,-5.60243235733e-08,0.000470044186395,1.13321279299e-05,-1.08737347643e-07
141.337,1789944778.31,5.44570109203e-05,0.00101328770672,-3.66804622852e-08,0.000442999686367,2.89317002673e-05,-1.07287036385e-07
141.357,1789944778.33,2.00231414991e-05,0.000964668214368,-3.9833957915e-08,0.000414558081606,4.67806118836e-05,-8.06162764772e-08
141.377,1789944778.35,-1.42256535694e-05,0.000914424502599,8.38708124136e-10,0.000386769055463,6.36309414403e-05,-1.01204951637e-07
141.397,1789944778.37,-4.82251742323e-05,0.000862662489819,1.94920467056e-08,0.000357752820293,8.06449452949e-05,-9.7384776269e-08
141.417,1789944778.39,-8.19080277027e-05,0.00080949704514,3.77842563952e-08,0.000328212318532,9.73848798423e-05,-9.32029677615e-08
141.437,1789944778.41,-0.000115208651261,0.000755043883599,5.41344460165e-08,0.000298101373465,0.000113882489704,-8.67008732485e-08
141.457,1789944778.43,-0.000148062205599,0.000699421332234,6.95993408681e-08,0.00026756895426,0.000130051563369,-7.95500729152e-08
141.477,1789944778.45,-0.000180406561107,0.000642746582591,8.46574480137e-08,0.000235137199772,0.000146634333824,-7.15661553214e-08
141.497,1789944778.47,-0.000212174373334,0.000585152395305,9.14362943545e-08,0.000204188080053,0.000162217934149,-7.54445163522e-08
141.517,1789944778.49,-0.000243304275035,0.000526758786056,9.16504710749e-08,0.000173811497465,0.000176693474844,-2.29721252512e-08
141.537,1789944778.51,-0.000273740643707,0.000467682337002,9.65500913207e-08,0.000142502761546,0.00019076063314,-2.60425907607e-08
141.557,1789944778.53,-0.000303429612817,0.000408046224126,1.25946840395e-07,0.000110621082506,0.000205136643521,-5.16551952539e-08
141.577,1789944778.55,-0.000332312353503,0.00034797669032,1.44220569469e-07,7.89218595781e-05,0.000218315575453,-3.31090177216e-08
141.597,1789944778.57,-0.000360338488575,0.000287600026948,1.34954729685e-07,4.85421914089e-05,0.000231119106523,6.40805318468e-09
141.617,1789944778.59,-0.000387457290152,0.000227031388131,1.33684146882e-07,1.70827442047e-05,0.000243227573001,2.67014843849e-09
141.637,1789944778.61,-0.000413621575534,0.000166395841287,1.46569091378e-07,-1.4338340599e-05,0.000254806845804,2.3882274243e-08
141.657,1789944778.63,-0.000438786796052,0.000105817504138,1.43311860489e-07,-4.5171947131e-05,0.000266356594008,1.51827467674e-08
141.677,1789944778.65,-0.000462905991138,4.54177749023e-05,1.71434429013e-07,-7.51719582831e-05,0.000276857710772,5.62053463326e-09
141.697,1789944778.67,-0.00048593995573,-1.46903849065e-05,1.72993258379e-07,-0.000107096633887,0.000287507151555,1.24154699216e-08
141.717,1789944778.7,-0.00050784474548,-7.43756749571e-05,1.7189651369e-07,-0.000137191022054,0.000296973729305,2.11868355227e-08
141.737,1789944778.71,-0.000528583977285,-0.000133522030042,1.67902734017e-07,-0.000166707142965,0.000305723493938,3.11193870629e-08
141.757,1789944778.74,-0.000548123265751,-0.00019201341928,1.62352821039e-07,-0.000195479698721,0.000313712767172,4.09989135592e-08
141.777,1789944778.76,-0.00056643141638,-0.000249737321554,1.55418916049e-07,-0.000223643504961,0.000321003881755,5.05520757802e-08
141.797,1789944778.78,-0.000583479864022,-0.000306583310583,1.47231265933e-07,-0.000251186462279,0.000327604927024,5.96366356712e-08
141.817,1789944778.79,-0.000599242740871,-0.000362443377896,1.37855639497e-07,-0.000278088296913,0.000333520107856,6.82002655453e-08
141.837,1789944778.82,-0.000613697094191,-0.000417210435002,1.15129343939e-07,-0.000303397782179,0.000338888692039,9.8250230795e-08
141.857,1789944778.84,-0.000626821137841,-0.000470789692954,1.15816198259e-07,-0.000329773293304,0.000343266945872,8.36488236759e-08
141.877,1789944778.86,-0.000638598365759,-0.000523073429823,1.03915102101e-07,-0.000354559429887,0.000347063131296,8.90743617252e-08
141.897,1789944778.88,-0.000649013686823,-0.000573965601492,9.11289342172e-08,-0.000378491769993,0.000350143180931,9.38969220847e-08
141.917,1789944778.9,-0.000658055414803,-0.000623370658409,6.73598024932e-08,-0.000400581279151,0.000352732579761,1.17282550496e-07
141.937,1789944778.92,-0.000665712313026,-0.000671206173834,6.19245478415e-08,-0.000423310566414,0.000354183193497,1.04892413241e-07
141.957,1789944778.94,-0.000671979666838,-0.000717379218457,4.68004714975e-08,-0.000444325204184,0.000355095774209,1.08505046692e-07
141.977,1789944778.96,-0.000676853612875,-0.000761808477913,3.11994544406e-08,-0.000464315503361,0.000355285686438,1.11473342081e-07
141.997,1789944778.98,-0.000680333471775,-0.000804415305926,1.47312800846e-08,-0.000483138032557,0.000354785794999,1.14980304406e-07
142.017,1789944779,-0.000682421168943,-0.000845126032266,-2.03434085774e-09,-0.000500850309378,0.000353578897389,1.17976138321e-07
142.037,1789944779.02,-0.000683121443322,-0.000883871192341,-1.89588049214e-08,-0.000517435967725,0.000351668891417,1.20389638229e-07
142.057,1789944779.04,-0.000682441791022,-0.000920585748393,-3.59020217738e-08,-0.000532883922581,0.000349060285564,1.22140692516e-07
142.077,1789944779.06,-0.000680392455662,-0.000955209102471,-5.2746370414e-08,-0.000547172962318,0.00034576216805,1.23229252441e-07
142.097,1789944779.08,-0.000676986388397,-0.000987685197868,-6.93781529131e-08,-0.000560281034584,0.00034178579874,1.23662751629e-07
142.117,1789944779.1,-0.000672239202523,-0.0010179626078,-8.56923860908e-08,-0.00057218634214,0.000337144345798,1.23461726946e-07
142.137,1789944779.12,-0.000666169121438,-0.00104599462467,-1.01581449396e-07,-0.000582869388755,0.000331852306885,1.22649548872e-07
142.157,1789944779.14,-0.000658796920817,-0.00107173933847,-1.16944750592e-07,-0.000592313720357,0.000325925267371,1.21253067187e-07
142.177,1789944779.16,-0.000650145867271,-0.00109515970137,-1.31689490252e-07,-0.000600506230106,0.000319379807794,1.19298700159e-07
142.197,1789944779.18,-0.000640241654061,-0.00111622357969,-1.45722969916e-07,-0.000607437176663,0.000312233436924,1.1681954704e-07
142.217,1789944779.2,-0.000629112331436,-0.00113490379086,-1.58961046039e-07,-0.000613100017921,0.000304504638333,1.138441965e-07
142.237,1789944779.22,-0.000616788234736,-0.00115117812976,-1.71328711712e-07,-0.000617491248411,0.000296212834325,1.1040916512e-07
142.257,1789944779.24,-0.000603301908192,-0.00116502938156,-1.82754607414e-07,-0.000620610183312,0.000287378341925,1.06547389386e-07
142.277,1789944779.26,-0.000588688025281,-0.00117644532372,-1.93177980681e-07,-0.000622458861193,0.000278022474873,1.02297070108e-07
142.297,1789944779.28,-0.000572983304787,-0.00118541871898,-2.02545147143e-07,-0.000623041899562,0.000268167388894,9.76943894086e-08
142.317,1789944779.3,-0.000556226424535,-0.00119194729578,-2.10810528246e-07,-0.000622366420036,0.000257836140047,9.27799336213e-08
142.337,1789944779.32,-0.000538457930085,-0.001196033721,-2.17939080555e-07,-0.000620442040761,0.000247052580045,8.75895388603e-08
142.357,1789944779.34,-0.000519720142025,-0.00119768556224,-2.23902849943e-07,-0.000617280764596,0.000235841334593,8.21656897914e-08
142.377,1789944779.36,-0.000500057058401,-0.00119691523994,-2.28683116923e-07,-0.000612897019804,0.000224227718231,7.65486919437e-08
142.397,1789944779.38,-0.00047951425629,-0.00119373997199,-2.32272691033e-07,-0.000607307539072,0.000212237733102,7.07749801944e-08
142.417,1789944779.4,-0.000458138788944,-0.00118818170658,-2.34670065845e-07,-0.000600531408778,0.000199897930081,6.48898054148e-08
142.437,1789944779.42,-0.000435979082241,-0.00118026704862,-2.35885372829e-07,-0.000592589930815,0.000187235434944,5.89265958755e-08
142.457,1789944779.44,-0.000413084827724,-0.00117002717523,-2.35934083707e-07,-0.000583506636795,0.000174277830093,5.29257467751e-08
142.477,1789944779.46,-0.000389506390134,-0.00115749725991,-2.25034264858e-07,-0.000573004935685,0.000160750863536,2.95268256456e-08
142.497,1789944779.48,-0.000365298335756,-0.00114272000647,-2.32653168629e-07,-0.000562019756019,0.000147590053101,4.09751211249e-08
142.517,1789944779.5,-0.000340510873634,-0.00112573709995,-2.29891225514e-07,-0.000549712034082,0.000133955232213,3.6217102465e-08
142.537,1789944779.52,-0.000315197387964,-0.00110659672799,-2.14769241582e-07,-0.000536028150553,0.000119789976835,1.14450907997e-08
142.557,1789944779.54,-0.000289414512532,-0.00108535364457,-2.09053688039e-07,-0.000521643995497,0.000105765663242,4.93774443718e-09
142.577,1789944779.56,-0.000263217469533,-0.00106206449469,-2.15251805157e-07,-0.000506715275503,9.20318223316e-05,2.15483727908e-08
142.597,1789944779.58,-0.00023665831937,-0.00103678604076,-1.96820569293e-07,-0.000490156640084,7.74953507873e-05,-3.59318684166e-09
142.617,1789944779.6,-0.000209795801815,-0.00100958496538,-1.89109965968e-07,-0.000473041025606,6.32196949536e-05,-8.44898511004e-09
142.637,1789944779.62,-0.000182685387887,-0.000980527895059,-1.80923459488e-07,-0.000455081402273,4.89068615748e-05,-1.27595171189e-08
142.657,1789944779.64,-0.000155382754283,-0.000949684627588,-1.84114961716e-07,-0.000435881393141,3.42713972956e-05,1.17249763833e-08
142.677,1789944779.66,-0.000127946535872,-0.000917131877458,-1.7753636016e-07,-0.000416313653066,2.00815299778e-05,6.25596865981e-09
142.697,1789944779.68,-0.000100432117453,-0.000882946931921,-1.54154271959e-07,-0.000396740652023,6.19780568462e-06,-2.23399591755e-08
142.717,1789944779.7,-7.28938401402e-05,-0.000847205309282,-1.57669756371e-07,-0.000376439729928,-7.42161246932e-06,-2.466851212e-09
142.737,1789944779.72,-4.53827331439e-05,-0.000809984321658,-1.43905275195e-07,-0.000354009795308,-2.22238326365e-05,-3.61754659604e-10
142.757,1789944779.74,-1.7960291354e-05,-0.000771375647507,-1.36414387919e-07,-0.000331711566377,-3.61146531106e-05,-8.90203740505e-09
142.777,1789944779.76,9.32034801213e-06,-0.000731465897555,-1.25303667948e-07,-0.000309042295083,-4.98980740505e-05,-1.34056131744e-08
142.797,1789944779.78,3.64037757162e-05,-0.000690345884419,-1.14596088321e-07,-0.00028718868498,-6.27414384205e-05,-1.73303301997e-08
142.817,1789944779.8,6.32425272538e-05,-0.00064809641035,-8.4089590961e-08,-0.000263202969119,-7.63846841578e-05,-3.98873672154e-08
142.837,1789944779.82,8.97809858174e-05,-0.000604815120343,-7.25893607404e-08,-0.000239268370599,-8.95444622161e-05,-4.27724060815e-08
142.857,1789944779.84,0.000115968005898,-0.000560595075083,-6.27801311945e-08,-0.000214920238208,-0.00010248860799,-4.3507670008e-08
142.877,1789944779.86,0.000141752124003,-0.000515533105068,-7.44474929415e-08,-0.000190974255054,-0.000114794919551,-2.47539904039e-08
142.897,1789944779.88,0.000167087113999,-0.000469719060434,-6.62653621396e-08,-0.000164960879929,-0.000127699528634,-2.41106782576e-08
142.917,1789944779.9,0.000191919845993,-0.00042326000527,-5.7652108754e-08,-0.000139945374909,-0.00013967042589,-2.4646873451e-08
142.937,1789944779.92,0.000216204245653,-0.000376252343161,-4.85218117746e-08,-0.000114923513754,-0.000151222349169,-2.62239682814e-08
142.957,1789944779.94,0.000239894940358,-0.000328794367718,-3.98907765645e-08,-8.9994164981e-05,-0.00016231337044,-2.77128068099e-08
142.977,1789944779.96,0.000262948564553,-0.000280983608232,-3.19039016126e-08,-6.50616097206e-05,-0.000172998667741,-2.89613856508e-08
142.997,1789944779.98,0.000285323230413,-0.000232917830292,-2.46565190586e-08,-4.01407913602e-05,-0.000183277555532,-2.99019862228e-08
143.017,1789944780,0.000306978629898,-0.000184694780309,-1.81844394135e-08,-1.52608101436e-05,-0.00019314240496,-3.05511945658e-08
143.037,1789944780.02,0.000327876058348,-0.000136412086505,-1.25137972805e-08,9.52838513964e-06,-0.000202575674039,-3.09323206689e-08
143.057,1789944780.04,0.000347978497114,-8.81670338839e-05,-7.65867031446e-09,3.41704187039e-05,-0.000211557223542,-3.10867934394e-08
143.077,1789944780.06,0.000367250699029,-4.00563341517e-05,-3.62603642825e-09,5.86071773196e-05,-0.000220066832609,-3.10481899543e-08
143.097,1789944780.08,0.000385659269189,7.82410876438e-06,-4.18857572222e-10,8.27821579164e-05,-0.000228085838039,-3.08496447929e-08
143.117,1789944780.1,0.000403172740639,5.53794229996e-05,1.96925388544e-09,0.000106641762956,-0.000235597793731,-3.05255018192e-08
143.137,1789944780.12,0.000419761638269,0.000102515979136,3.54821379734e-09,0.000130135564432,-0.000242588532202,-3.01088108197e-08
143.157,1789944780.14,0.000435398534886,0.000149141587531,4.33573919379e-09,0.000153216060058,-0.000249046022573,-2.9627607783e-08
143.177,1789944780.16,0.000450058096704,0.000195165683419,4.35469601535e-09,0.000175838198329,-0.000254960061658,-2.91096509717e-08
143.197,1789944780.18,0.000463717123729,0.000240499503061,3.63359583987e-09,0.000197959004235,-0.000260322052445,-2.85835160322e-08
143.217,1789944780.2,0.000476354582783,0.000285056251391,2.20689010423e-09,0.000219537228717,-0.000265124827915,-2.80702321261e-08
143.237,1789944780.22,0.000487951635121,0.000328751263321,1.12853717596e-10,0.000240533223662,-0.000269362430148,-2.75949299364e-08
143.257,1789944780.24,0.000498491660217,0.000371502158815,-2.60115544974e-09,0.000260908770296,-0.000273030191243,-2.71752244347e-08
143.277,1789944780.26,0.000507960273038,0.000413228993244,-5.89037562897e-09,0.000280627128317,-0.00027612450384,-2.68306818913e-08
143.297,1789944780.28,0.000516345339483,0.00045385440093,-9.70008885126e-09,0.000299653073399,-0.000278642978813,-2.65784902068e-08
143.317,1789944780.3,0.000523636984392,0.000493303733269,-1.39743779828e-08,0.000317952874459,-0.000280584304074,-2.64289570287e-08
143.337,1789944780.32,0.000529827597406,0.000531505192027,-1.86545743758e-08,0.000335494493767,-0.000281948362863,-2.63996822521e-08
143.357,1789944780.34,0.000534911833497,0.000568389953499,-2.36795918268e-08,0.000352247529166,-0.00028273613698,-2.64935629536e-08
143.377,1789944780.36,0.000538886608671,0.000603892289648,-2.89840407111e-08,0.000368183387635,-0.000282949801277,-2.6723838122e-08
143.397,1789944780.38,0.000541751091991,0.000637949678602,-3.45047832642e-08,0.000383275273238,-0.0002825925892,-2.7092085849e-08
143.417,1789944780.4,0.000543506692349,0.000670502910869,-4.0175090081e-08,0.000397498234556,-0.000281668928821,-2.76026518618e-08
143.437,1789944780.42,0.000544157041434,0.000701496187048,-4.59296511504e-08,0.000410829270535,-0.000280184332204,-2.82568992218e-08
143.457,1789944780.44,0.000543707971773,0.000730877207737,-5.1700471236e-08,0.000423247304337,-0.000278145412607,-2.90540671866e-08
143.477,1789944780.46,0.000542167491232,0.000758597256299,-5.7424453828e-08,0.000434733225172,-0.000275559839537,-2.99881322095e-08
143.497,1789944780.48,0.000539545752579,0.000784611274332,-6.3036684391e-08,0.000445269945273,-0.000272436358429,-3.10569594152e-08
143.517,1789944780.5,0.000535855018983,0.000808877927884,-6.8474597917e-08,0.000454842380047,-0.00026878472154,-3.22526752842e-08
143.537,1789944780.52,0.000531109626157,0.000831359667296,-7.36804419476e-08,0.000463437502925,-0.000264615695813,-3.35667885699e-08
143.557,1789944780.54,0.000525325940009,0.000852022777943,-7.85946487195e-08,0.000471044317706,-0.00025994101772,-3.49866917142e-08
143.577,1789944780.56,0.000518522310206,0.000870837423347,-8.31645868803e-08,0.000477653912848,-0.000254773366658,-3.65036761454e-08
143.597,1789944780.58,0.000510719020841,0.000887777680449,-8.73402881805e-08,0.000483259429632,-0.000249126318883,-3.81015053536e-08
143.617,1789944780.6,0.000501938236874,0.00090282156606,-9.10764095275e-08,0.000487856062368,-0.000243014344522,-3.97650385803e-08
143.637,1789944780.62,0.000492203947503,0.000915951055752,-9.43289196877e-08,0.000491441080439,-0.000236452737117,-4.14820061588e-08
143.657,1789944780.64,0.000481541906169,0.000927152095312,-9.70632211171e-08,0.000494013829253,-0.000229457618484,-4.32305119218e-08
143.677,1789944780.66,0.000469979567017,0.000936414601836,-9.92454521317e-08,0.000495575640032,-0.000222045894762,-4.49979873015e-08
143.697,1789944780.68,0.000457546018757,0.000943732459994,-1.00849977108e-07,0.000496129911427,-0.000214235125647,-4.6762353307e-08
143.717,1789944780.7,0.000444271915904,0.000949103507437,-1.01852964198e-07,0.000495682050928,-0.000206043648197,-4.85050131438e-08
143.737,1789944780.72,0.000430189406415,0.000952529514439,-1.02240947204e-07,0.000494239415343,-0.000197490388124,-5.0208119323e-08
143.757,1789944780.74,0.000415332057748,0.000954016154552,-1.02002010325e-07,0.000491811364812,-0.000188594908924,-5.18520151387e-08
143.777,1789944780.76,0.00039973477987,0.000953572968083,-1.0113014035e-07,0.000488409122537,-0.000179377318306,-5.3416849571e-08
143.797,1789944780.78,0.000383433746686,0.000951213317491,-9.96266685676e-08,0.00048404585033,-0.000169858269654,-5.48851015117e-08
143.817,1789944780.8,0.000366466314361,0.000946954336648,-9.7497572641e-08,0.000478736534801,-0.000160058841493,-5.62358428579e-08
143.837,1789944780.82,0.000348870939431,0.000940816871186,-9.47543050638e-08,0.000472497973908,-0.000150000584012,-5.74528115265e-08
143.857,1789944780.84,0.000330687093407,0.000932825412859,-9.14125900673e-08,0.000465348730809,-0.000139705416981,-5.85166658531e-08
143.877,1789944780.86,0.000311955177507,0.000923008026859,-8.74956252659e-08,0.000457309091794,-0.000129195590836,-5.94150045889e-08
143.897,1789944780.88,0.000292716434666,0.000911396271792,-8.30283997099e-08,0.000448400967971,-0.000118493630639,-6.01285605178e-08
143.917,1789944780.9,0.000273012861646,0.000898025114172,-7.80430090941e-08,0.000438647908356,-0.000107622336246,-6.06435475301e-08
143.937,1789944780.92,0.000252887119326,0.000882932835475,-7.25747725724e-08,0.00042807501786,-9.66046789296e-05,-6.09482819237e-08
143.957,1789944780.94,0.000232382442676,0.000866160933863,-6.66632393394e-08,0.000416708849242,-8.54637776912e-05,-6.10297053555e-08
143.977,1789944780.96,0.000211542549829,0.000847754020257,-6.03503678307e-08,0.000404577423219,-7.42228463917e-05,-6.0879076556e-08
143.997,1789944780.98,0.000190411551404,0.000827759707741,-5.36843117322e-08,0.000391710109986,-6.29051625605e-05,-6.04867974934e-08
144.017,1789944781,0.000169033858578,0.000806228496652,-4.67134964677e-08,0.000378137534671,-5.1534002259e-05,-5.9847703982e-08
144.037,1789944781.02,0.000147453238284,0.000783212566365,-3.92341141874e-08,0.000363164478644,-3.95620721045e-05,-5.89378756968e-08
144.057,1789944781.04,0.000125718903038,0.000758773662105,-4.27913580906e-08,0.000348676091458,-2.83946179452e-05,-3.88299040529e-08
144.077,1789944781.06,0.000103873512687,0.000732966732543,-2.4510989492e-08,0.000333616952787,-1.74133273831e-05,-5.64103911951e-08
144.097,1789944781.08,8.19585718298e-05,0.000705849148829,-1.59441402332e-08,0.000316873486157,-5.61040760091e-06,-5.61689224662e-08
144.117,1789944781.1,6.00229222871e-05,0.000677490303091,-1.94559421804e-08,0.000300765309121,5.43863223159e-06,-3.52123954687e-08
144.137,1789944781.12,3.81081020944e-05,0.000647949973543,-2.06055409523e-10,0.000283235708609,1.68030724229e-05,-5.3004948492e-08
144.157,1789944781.14,1.6259766757e-05,0.000617299342679,7.96200702256e-09,0.000265736761747,2.78368704538e-05,-5.19144990242e-08
144.177,1789944781.16,-5.47919823815e-06,0.000585606227104,1.57419849806e-08,0.000247836139143,3.87414395712e-05,-5.00354332654e-08
144.197,1789944781.18,-2.70659884408e-05,0.00055294092147,2.28256112837e-08,0.000229591592167,4.9489426671e-05,-4.68067741881e-08
144.217,1789944781.2,-4.84584775857e-05,0.000519374915846,2.96170455637e-08,0.000210990453958,6.00829508404e-05,-4.32228406685e-08
144.237,1789944781.22,-6.96151025764e-05,0.000484981188911,3.61037171265e-08,0.000192064306735,7.05033273967e-05,-3.94102723153e-08
144.257,1789944781.24,-9.04949740709e-05,0.000449834005021,4.22604817353e-08,0.000172851018337,8.07295510875e-05,-3.54520460527e-08
144.277,1789944781.26,-0.000111057960462,0.000414008767762,4.80447251018e-08,0.000153395175041,9.07386202467e-05,-3.13716766423e-08
144.297,1789944781.28,-0.00013126478179,0.000377581834088,5.34129299808e-08,0.000133742786905,0.000100508030858,-2.71863636043e-08
144.317,1789944781.3,-0.000151076396782,0.000340631817503,5.81379036833e-08,0.000114932463102,0.000109546526446,-2.30902933552e-08
144.337,1789944781.32,-0.000170459586549,0.00030322778873,6.27408078887e-08,9.40286493141e-05,0.000119245393688,-1.85456959879e-08
144.357,1789944781.34,-0.000189374043156,0.000265456533209,6.66422789122e-08,7.39043386826e-05,0.000128246808827,-1.41048537266e-08
144.377,1789944781.36,-0.000207785115881,0.000227395611053,6.99832101679e-08,5.3808112948e-05,0.0001369096832,-9.61629149155e-09
144.397,1789944781.38,-0.000225658736768,0.000189124045971,7.2734450984e-08,3.38544000665e-05,0.000145183674756,-5.09932820029e-09
144.417,1789944781.4,-0.000242962530524,0.000150719951682,7.48824881722e-08,1.39929561335e-05,0.000153097082619,-5.65148395503e-10
144.437,1789944781.42,-0.000259665470484,0.000112261218524,7.64139133769e-08,-5.75958302871e-06,0.000160647094164,3.96964985008e-09
144.457,1789944781.44,-0.000275737951561,7.38253192845e-05,7.73193026373e-08,-2.53809877821e-05,0.000167828895223,8.48317034985e-09
144.477,1789944781.46,-0.000291151801825,3.54892363021e-05,7.75912733723e-08,-4.48373192863e-05,0.000174632663902,1.29586755641e-08
144.497,1789944781.48,-0.000305880328318,-2.67068663974e-06,7.72305009495e-08,-6.40903091311e-05,0.000181047050485,1.73751236915e-08
144.517,1789944781.5,-0.000319898364028,-4.05788993556e-05,7.62413129963e-08,-8.30999961094e-05,0.000187060507966,2.17131868548e-08
144.537,1789944781.52,-0.000333182314524,-7.8160805775e-05,7.46311249156e-08,-0.000101826647519,0.000192662053541,2.59546395587e-08
144.557,1789944781.54,-0.000345710202338,-0.000115342922095,7.24145595521e-08,-0.000120231776378,0.000197841850857,3.00799538848e-08
144.577,1789944781.56,-0.000357461705844,-0.000152053027442,6.96071433955e-08,-0.000138278398739,0.000202591225291,3.40697060632e-08
144.597,1789944781.58,-0.000368418192683,-0.000188220309751,6.62316226264e-08,-0.000155931272838,0.000206902798369,3.79060411276e-08
144.617,1789944781.6,-0.000378562749466,-0.000223775503504,6.23132495255e-08,-0.00017315661393,0.000210770365421,4.15757431693e-08
144.637,1789944781.62,-0.00038788033643,-0.000258650155226,4.99437834397e-08,-0.000189343131546,0.00021427666999,5.9270630296e-08
144.657,1789944781.64,-0.000396356781249,-0.000292783526017,5.29708257907e-08,-0.000206198210671,0.000217154027605,4.83264538228e-08
144.677,1789944781.66,-0.000403981218764,-0.000326106710551,4.80938090826e-08,-0.000222041796636,0.00021964972268,5.02819010536e-08
144.697,1789944781.68,-0.000410743737239,-0.000358558369037,4.26526896009e-08,-0.00023730850541,0.000221691482131,5.23664336261e-08
144.717,1789944781.7,-0.000416636345244,-0.000390078506188,3.64991638343e-08,-0.000251928591063,0.000223284664782,5.50228503368e-08
144.737,1789944781.72,-0.000421652781165,-0.000420609868336,2.99868196222e-08,-0.00026592924648,0.000224421037805,5.75490893234e-08
144.757,1789944781.74,-0.000425788587481,-0.000450097551065,2.31848280313e-08,-0.000279299617201,0.000225099277018,5.98597648746e-08
144.777,1789944781.76,-0.000429041105803,-0.000478489117444,1.61590043744e-08,-0.000292026668057,0.000225319516243,6.18934749803e-08
144.797,1789944781.78,-0.000431409477019,-0.00050573464046,8.95824859545e-09,-0.00030409161187,0.000225083883006,6.36407139323e-08
144.817,1789944781.8,-0.000432894631287,-0.00053178678615,1.63147814328e-09,-0.000315474271319,0.000224395801147,6.5090873728e-08
144.837,1789944781.82,-0.000433499274998,-0.000556600895091,-5.77253264182e-09,-0.00032615463254,0.000223259836405,6.62483751552e-08
144.857,1789944781.84,-0.000433227871715,-0.000580135063443,-1.32064676096e-08,-0.000336113910422,0.000221681411632,6.71124530234e-08
144.877,1789944781.86,-0.000432086621084,-0.000602350217397,-2.06206572741e-08,-0.00034533516792,0.000219666843869,6.76863016114e-08
144.897,1789944781.88,-0.000430083434133,-0.000623210180322,-2.796978988e-08,-0.000353803420441,0.000217223125881,6.79789046321e-08
144.917,1789944781.9,-0.000427227905495,-0.000642681731095,-3.52066107495e-08,-0.000361505737391,0.000214358088592,6.79922561836e-08
144.937,1789944781.92,-0.000423531282773,-0.000660734655051,-4.22870943921e-08,-0.000368431125841,0.000211080270136,6.77357635287e-08
144.957,1789944781.94,-0.000419006433346,-0.000677341786859,-4.91671754369e-08,-0.000374570451177,0.000207398984315,6.72179309373e-08
144.977,1789944781.96,-0.00041366780744,-0.000692479045683,-5.58075098524e-08,-0.000379916394619,0.000203324210862,6.64471768162e-08
144.997,1789944781.98,-0.000407531399261,-0.000706125464338,-6.21687939374e-08,-0.000384463295927,0.000198866723539,6.54350560369e-08
145.017,1789944782,-0.000400614704441,-0.000718263211335,-6.82124134938e-08,-0.000388207208138,0.000194037949717,6.4193279835e-08
145.037,1789944782.02,-0.000392936675721,-0.000728877605939,-7.39095734436e-08,-0.000391145856744,0.000188849964843,6.27352586083e-08
145.057,1789944782.04,-0.000384517674944,-0.000737957127092,-7.92264460951e-08,-0.000393278530814,0.000183315560858,6.10713203733e-08
145.077,1789944782.06,-0.000375379422935,-0.000745493416771,-8.41370563261e-08,-0.000394606190486,0.000177448060727,5.9219311794e-08
145.097,1789944782.08,-0.000365544948011,-0.00075148127529,-8.86181309677e-08,-0.000395131380898,0.000171261468502,5.71925082793e-08
145.117,1789944782.1,-0.00035503852984,-0.000755918652048,-9.2648038767e-08,-0.0003948582129,0.00016477023723,5.50069398201e-08
145.137,1789944782.12,-0.000343885643702,-0.000758806629087,-9.62121031342e-08,-0.000393792445156,0.000157989431165,5.26760695742e-08
145.157,1789944782.14,-0.000332112740859,-0.000760149238749,-9.55340636765e-08,-0.000391825402692,0.000150818667195,4.35522178798e-08
145.177,1789944782.16,-0.000319748320837,-0.000759954567593,-9.77089965382e-08,-0.000389184937451,0.000143492908214,4.02452034337e-08
145.197,1789944782.18,-0.000306820644184,-0.000758232770115,-1.04363981545e-07,-0.000385754380235,0.000135704092039,4.54095623103e-08
145.217,1789944782.2,-0.000293361320663,-0.000754997569178,-1.02709687637e-07,-0.000381713146046,0.00012814132098,3.24024496537e-08
145.237,1789944782.22,-0.000279399047076,-0.000750264395317,-1.02167190759e-07,-0.00037680754378,0.00012025659243,3.1876252884e-08
145.257,1789944782.24,-0.000264964579539,-0.000744052610654,-1.08353623225e-07,-0.000371088552598,0.000111893970314,3.91538340485e-08
145.277,1789944782.26,-0.00025009152477,-0.000736384944253,-1.08876592753e-07,-0.000364746881072,0.00010355980103,3.74116701819e-08
145.297,1789944782.28,-0.000234812276757,-0.000727286142792,-1.0910901839e-07,-0.000357717003124,9.51087656161e-05,3.38688437204e-08
145.317,1789944782.3,-0.000219159921328,-0.000716783857928,-1.07705459486e-07,-0.000350055605357,8.65071211794e-05,3.14801128945e-08
145.337,1789944782.32,-0.000203168240223,-0.000704908067496,-1.06297910464e-07,-0.000341729668152,7.77938188216e-05,2.82522163264e-08
145.357,1789944782.34,-0.000186872005381,-0.00069169209693,-1.04529860468e-07,-0.000333226823728,6.94141519725e-05,2.52167674952e-08
145.377,1789944782.36,-0.000170302034798,-0.000677167203972,-1.01987525995e-07,-0.000323199510379,6.00459531638e-05,2.24818348351e-08
145.397,1789944782.38,-0.000153497271961,-0.000661374903274,-9.98389468016e-08,-0.000312942598319,5.09983227394e-05,1.87534556181e-08
145.417,1789944782.4,-0.000136492532916,-0.000644354841663,-9.70392040574e-08,-0.000302162470311,4.1923549201e-05,1.57152448747e-08
145.437,1789944782.42,-0.000119323764422,-0.000626149797152,-8.5666111388e-08,-0.000291210165605,3.30636429883e-05,-1.83413041786e-09
145.457,1789944782.44,-0.000102024754069,-0.000606801217963,-9.05631339974e-08,-0.000279129615981,2.38146579132e-05,1.01062162165e-08
145.477,1789944782.46,-8.46327171413e-05,-0.000586358005902,-8.74962297729e-08,-0.000266828949891,1.47401957667e-05,8.7377876586e-09
145.497,1789944782.48,-6.71829675854e-05,-0.000564867965865,-8.39830764329e-08,-0.000254089393804,5.70399840872e-06,6.94229714453e-09
145.517,1789944782.5,-4.97109818792e-05,-0.000542381123067,-7.99819410106e-08,-0.000240950499965,-3.26908578978e-06,4.51905757541e-09
145.537,1789944782.52,-3.2251936178e-05,-0.000518948985512,-7.5812298235e-08,-0.000227415411722,-1.21771273047e-05,2.1089038616e-09
145.557,1789944782.54,-1.48407775046e-05,-0.000494624655995,-7.15394410806e-08,-0.000213507506647,-2.10061066535e-05,-1.994285112e-10
145.577,1789944782.56,2.48785441115e-06,-0.000469462705832,-6.72112242591e-08,-0.000199253914181,-2.97403667997e-05,-2.364390433e-09
145.597,1789944782.58,1.969979178e-05,-0.000443519173189,-6.04169616696e-08,-0.000184760980613,-3.84379592607e-05,-4.48140945128e-11
145.617,1789944782.6,3.67605567651e-05,-0.000416850583465,-5.85313430863e-08,-0.000169834870991,-4.68550539636e-05,-6.24023893524e-09
145.637,1789944782.62,5.36374839774e-05,-0.000389515874806,-5.44046089274e-08,-0.000154722670529,-5.51883145953e-05,-8.31572828039e-09
145.657,1789944782.64,7.02977659202e-05,-0.000361574242586,-5.02806283712e-08,-0.000139400193098,-6.33636084677e-05,-1.00869356373e-08
145.677,1789944782.66,8.67093326253e-05,-0.000333085823463,-4.61677747834e-08,-0.000123903604784,-7.13679813744e-05,-1.14956038672e-08
145.697,1789944782.68,0.000102840764473,-0.000304111414834,-4.21765582982e-08,-0.000108259524556,-7.9179724221e-05,-1.27403469626e-08
145.717,1789944782.7,0.000118661407063,-0.000274712401646,-3.83429520135e-08,-9.24988813033e-05,-8.6782317211e-05,-1.38509057229e-08
145.737,1789944782.72,0.000134141428878,-0.000244950626518,-3.46945647418e-08,-7.66531460537e-05,-9.41605776471e-05,-1.48471759326e-08
145.757,1789944782.74,0.000149251880613,-0.000214888267167,-3.12543746111e-08,-6.07545838728e-05,-0.000101300807033,-1.57402478233e-08
145.777,1789944782.76,0.000163964747827,-0.000184587708771,-2.80415608968e-08,-4.48355439843e-05,-0.000108190274752,-1.65371167793e-08
145.797,1789944782.78,0.000178253000345,-0.000154111416553,-2.50737904887e-08,-2.89284077905e-05,-0.000114816964016,-1.72456962402e-08
145.817,1789944782.8,0.000192090639675,-0.000123521808876,-2.23647816807e-08,-1.30652747102e-05,-0.000121169492561,-1.78719816975e-08
145.837,1789944782.82,0.000205452742803,-9.28811306669e-05,-1.99273836701e-08,2.7220852413e-06,-0.00012723705758,-1.8425098958e-08
145.857,1789944782.84,0.000218315505018,-6.22513294354e-05,-1.77695370802e-08,1.84022631112e-05,-0.000133009467908,-1.89119686919e-08
145.877,1789944782.86,0.000230656280045,-3.16939310757e-05,-1.58991603241e-08,3.39443557201e-05,-0.000138477088741,-1.93415896157e-08
145.897,1789944782.88,0.000242453617191,-1.26991993568e-06,-1.43193115542e-08,4.93179511856e-05,-0.000143630960003,-1.97194589471e-08
145.917,1789944782.9,0.000253687297154,2.89603819315e-05,-1.30317485452e-08,6.44932132684e-05,-0.000148462764387,-2.00572059243e-08
145.937,1789944782.92,0.000264338364566,5.89374305849e-05,-1.20344759723e-08,7.94408867719e-05,-0.0001529648684,-2.03592393562e-08
145.957,1789944782.94,0.000274389157584,8.86025758733e-05,-1.13247194371e-08,9.41323940755e-05,-0.00015713033897,-2.06361173562e-08
145.977,1789944782.96,0.000283823335563,0.000117898172853,-1.08937087221e-08,0.00010853981718,-0.00016095297577,-2.08923853282e-08
145.997,1789944782.98,0.000292625903128,0.000146767691944,-1.07345452747e-08,0.000122636058807,-0.000164427291294,-2.11377812847e-08
146.017,1789944783,0.000300783231674,0.000175155824753,-1.08343118777e-08,0.000136394752305,-0.000167548538473,-2.13777466042e-08
146.037,1789944783.02,0.000308283078196,0.000203008587776,-1.11809444431e-08,0.000149790411526,-0.000170312728972,-2.16192200297e-08
146.057,1789944783.04,0.000315114600581,0.000230273422172,-1.17583253128e-08,0.000162798455327,-0.000172716581672,-2.18673933011e-08
146.077,1789944783.06,0.000321268371061,0.000256899290727,-1.25488316267e-08,0.000175395209529,-0.00017475761524,-2.21273904621e-08
146.097,1789944783.08,0.000326736385102,0.000282836770125,-1.35338694914e-08,0.000187558003973,-0.000176434042023,-2.24040792224e-08
146.117,1789944783.1,0.000331512069265,0.000308038140076,-1.46925100026e-08,0.000199265176409,-0.000177744847375,-2.27045344057e-08
146.137,1789944783.12,0.000335590284449,0.000332457468578,-1.60029967842e-08,0.000210496119897,-0.000178689755514,-2.30266141979e-08
146.157,1789944783.14,0.000338967327719,0.000356050692521,-1.74425646391e-08,0.000221231324943,-0.000179269221255,-2.337655377e-08
146.177,1789944783.16,0.000341640929589,0.000378775694108,-1.89873689178e-08,0.000231452408234,-0.000179484438899,-2.37567689026e-08
146.197,1789944783.18,0.000343610394606,0.00040059251756,-1.68743543169e-08,0.000241257276849,-0.000179452485477,-3.07875858414e-08
146.217,1789944783.2,0.000344875470529,0.000421462314198,-1.89279234967e-08,0.000250387864548,-0.000178934003944,-3.05641630371e-08
146.237,1789944783.22,0.000345438290803,0.00044134935783,-2.42531471217e-08,0.000258844732832,-0.000177947699873,-2.45048139495e-08
146.257,1789944783.24,0.000345302971082,0.000460221284672,-2.63850301456e-08,0.000267209687906,-0.000176636138677,-2.41978177695e-08
146.277,1789944783.26,0.00034447476911,0.000478043632739,-2.22996258606e-08,0.000274408570847,-0.000175092781829,-2.20855658885e-08
146.297,1789944783.28,0.000342959530426,0.000494789432297,-2.44705155187e-08,0.000281151051782,-0.000173199472532,-2.23056236938e-08
146.317,1789944783.3,0.000340764787252,0.000510431768589,-3.16464284202e-08,0.00028714209479,-0.000171032974351,-2.61043983272e-08
146.337,1789944783.32,0.00033789877094,0.000524947853227,-2.93191213698e-08,0.000292841154073,-0.000168417914873,-2.34396654754e-08
146.357,1789944783.34,0.000334371929728,0.00053831474342,-3.51627085962e-08,0.000297929915008,-0.000165449772546,-2.81885234134e-08
146.377,1789944783.36,0.000330196280372,0.000550512038627,-3.6217190232e-08,0.000302053301675,-0.000162412629949,-2.97581685022e-08
146.397,1789944783.38,0.000325382974552,0.000561524532643,-3.48113990567e-08,0.000305814483186,-0.000158824540425,-2.49930544351e-08
146.417,1789944783.4,0.00031994663411,0.0005713368603,-3.57093323421e-08,0.000308859499358,-0.000154999938673,-2.57696505193e-08
146.437,1789944783.42,0.000313902044933,0.000579937351421,-3.92640421643e-08,0.000311350125208,-0.000150807281515,-3.1705566865e-08
146.457,1789944783.44,0.000307266086603,0.000587315908761,-3.86500839013e-08,0.000313071997045,-0.000146543711192,-2.6481032765e-08
146.477,1789944783.46,0.000300055081254,0.000593465992338,-4.17297259218e-08,0.000314127528999,-0.000141996081505,-3.09000688294e-08
146.497,1789944783.48,0.000292286564195,0.000598383705037,-4.02376212614e-08,0.000314694079978,-0.000136918340081,-3.46755572677e-08
146.517,1789944783.5,0.000283981180433,0.000602066460498,-3.98896158847e-08,0.000314550105349,-0.000131760608881,-3.55476340777e-08
146.537,1789944783.52,0.000275158898403,0.000604514967632,-3.93372481033e-08,0.000313768460327,-0.000126396755555,-3.59429286006e-08
146.557,1789944783.54,0.000265841110875,0.000605732401374,-3.86404855271e-08,0.000312436547204,-0.000121112605163,-3.61064232063e-08
146.577,1789944783.56,0.000256047270962,0.000605723654351,-3.76672359558e-08,0.000310327922218,-0.000115059137704,-3.62490876165e-08
146.597,1789944783.58,0.000245802476778,0.00060449739431,-3.6497414586e-08,0.00030767785496,-0.000109039572563,-3.63309021818e-08
146.617,1789944783.6,0.000235129937684,0.000602063911266,-3.51060330362e-08,0.000304437663368,-0.000102861715037,-3.63693440991e-08
146.637,1789944783.62,0.000224054310947,0.000598436178945,-3.35548562556e-08,0.000300817267319,-9.68599370651e-05,-3.63458523729e-08
146.657,1789944783.64,0.000212597691654,0.000593627508728,-3.16719494646e-08,0.000296221351847,-9.00714230518e-05,-3.62886668606e-08
146.677,1789944783.66,0.000200788261021,0.000587656872717,-2.90266948682e-08,0.000291205368016,-8.34226469988e-05,-3.50734602844e-08
146.697,1789944783.68,0.00018865155717,0.000580543748971,-2.74102678786e-08,0.000285693153043,-7.66380872588e-05,-3.59485642648e-08
146.717,1789944783.7,0.000176214310111,0.000572309692557,-2.50433344626e-08,0.000279647088809,-6.97875089089e-05,-3.57551878786e-08
146.737,1789944783.72,0.000163503325296,0.000562978428914,-2.24830566965e-08,0.000273080685039,-6.28477564162e-05,-3.54168550257e-08
146.757,1789944783.74,0.000150545821759,0.000552575719325,-1.97472137601e-08,0.000266005381207,-5.5826419228e-05,-3.49362787469e-08
146.777,1789944783.76,0.000137369341824,0.000541129330787,-1.68709964013e-08,0.000258437778411,-4.87335534818e-05,-3.43472901033e-08
146.797,1789944783.78,0.000124001699154,0.000528668980161,-1.43199151245e-08,0.000250410085485,-4.15696060568e-05,-3.44420108973e-08
146.817,1789944783.8,0.000110471066738,0.000515226113367,-1.07809296444e-08,0.000241901137499,-3.43911547966e-05,-3.28584141126e-08
146.837,1789944783.82,9.68055484381e-05,0.000500834190576,-7.57585357625e-09,0.000232970349167,-2.71754148754e-05,-3.1883823444e-08
146.857,1789944783.84,8.30334800562e-05,0.00048552824128,-4.33189513539e-09,0.000223629163743,-1.9948131677e-05,-3.08411447629e-08
146.877,1789944783.86,6.91832212755e-05,0.000469344925171,-1.06777801907e-09,0.000213899574323,-1.27246623314e-05,-2.97270915747e-08
146.897,1789944783.88,5.5283118986e-05,0.000452322422697,2.20786965623e-09,0.000203802843225,-5.52117179459e-06,-2.8512046017e-08
146.917,1789944783.9,4.13614395721e-05,0.000434500355677,5.47337311079e-09,0.000193361441899,1.64728419882e-06,-2.71899811007e-08
146.937,1789944783.92,2.74463111303e-05,0.000415919698477,8.70680328295e-09,0.000182598506846,8.76616314003e-06,-2.57621755744e-08
146.957,1789944783.94,1.35656665139e-05,0.00039662268677,1.18848303623e-08,0.000171537718644,1.58213102134e-05,-2.42324934773e-08
146.977,1789944783.96,-2.52811829114e-07,0.000376652725046,1.49871640481e-08,0.000160203269638,2.27989883064e-05,-2.26006424563e-08
146.997,1789944783.98,-1.39817456808e-05,0.000356054290979,1.79906194714e-08,0.000148619735596,2.96856897867e-05,-2.0874933957e-08
147.017,1789944784,-2.7594114107e-05,0.000334872839296,2.08727579192e-08,0.000136812032515,3.64682154035e-05,-1.90577246719e-08
147.037,1789944784.02,-4.10633048144e-05,0.000313154704447,2.36152280541e-08,0.000124805379729,4.3133653117e-05,-1.71568075112e-08
147.057,1789944784.04,-5.43631656061e-05,0.000290947000826,2.61975258121e-08,0.000112625206419,4.96693997251e-05,-1.51777390555e-08
147.077,1789944784.06,-6.74680526964e-05,0.000268297523246,2.86008633191e-08,0.000100297105819,5.60631702549e-05,-1.3127694053e-08
147.097,1789944784.08,-8.03528798378e-05,0.000245254647177,3.08096214048e-08,8.7846831588e-05,6.23030425625e-05,-1.10148258115e-08
147.117,1789944784.1,-9.29931647638e-05,0.000221867226557,3.28062911736e-08,7.53001944698e-05,6.83774699188e-05,-8.84592412695e-09
147.137,1789944784.12,-0.000105365074405,0.000198184493583,3.45783590179e-08,6.26830411971e-05,7.42753161526e-05,-6.62909040809e-09
147.157,1789944784.14,-0.00011744546903,0.000174255956598,3.61117171777e-08,5.00211956931e-05,7.99858716622e-05,-4.37549453416e-09
147.177,1789944784.16,-0.000129211943397,0.000150131298827,3.7395871644e-08,3.73403634044e-05,8.54988350306e-05,-2.09219994172e-09
147.197,1789944784.18,-0.000140642868058,0.00012586027828,3.84224626842e-08,2.46662023325e-05,9.08044289319e-05,2.10112009944e-10
147.217,1789944784.2,-0.000151717427464,0.000101492625779,3.91832259686e-08,1.20241158358e-05,9.58933017273e-05,2.52311575515e-09
147.237,1789944784.22,-0.000162415656198,7.70779465316e-05,3.96726458342e-08,-5.60688505017e-07,0.000100756634078,4.83515751246e-09
147.257,1789944784.24,-0.000172718474206,5.26656201629e-05,3.98880913743e-08,-1.30632727494e-05,0.000105386103325,7.1398923093e-09
147.277,1789944784.26,-0.000182607719036,2.83047039047e-05,3.98268231826e-08,-2.5459033861e-05,0.000109773900345,9.42459795291e-09
147.297,1789944784.28,-0.000192066404233,4.04360758202e-06,3.28619794412e-08,-3.7927946481e-05,0.000114116944529,2.34159900724e-08
147.317,1789944784.3,-0.000201076628765,-2.00678814817e-05,3.88807660372e-08,-4.98330858884e-05,0.000117795446969,1.38834825211e-08
147.337,1789944784.32,-0.000209624938924,-4.39840287187e-05,3.84663778942e-08,-6.17282440728e-05,0.000121380361592,1.4986907233e-08
147.357,1789944784.34,-0.000217696962354,-6.76578530171e-05,3.75240831259e-08,-7.34426796795e-05,0.000124718176274,1.66272971831e-08
147.377,1789944784.36,-0.000225279818202,-9.10436041079e-05,3.01982634337e-08,-8.51371076695e-05,0.000127986885368,2.91850969999e-08
147.397,1789944784.38,-0.000232360079309,-0.000114094792947,2.8703307491e-08,-9.64036952239e-05,0.000130795930056,3.09306932946e-08
147.417,1789944784.4,-0.000238926845733,-0.000136767333516,3.28581395751e-08,-0.000107203485337,0.000133123537302,2.19668117521e-08
147.437,1789944784.42,-0.000244971546027,-0.000159019410687,3.1273304057e-08,-0.000117876920798,0.000135327277992,2.25927352561e-08
147.457,1789944784.44,-0.00025048538446,-0.000180809465853,2.89524867023e-08,-0.000128794280011,0.000137372279481,2.41801686008e-08
147.477,1789944784.46,-0.000255460012885,-0.000202093021267,2.63057617575e-08,-0.000138874204524,0.000139041608599,2.61080107128e-08
147.497,1789944784.48,-0.000259889146991,-0.000222831267226,2.01411941645e-08,-0.000148411873956,0.000140508187133,2.21011642505e-08
147.517,1789944784.5,-0.00026376655942,-0.000242986805073,2.05999310543e-08,-0.000157301184722,0.000141422124077,2.96638876161e-08
147.537,1789944784.52,-0.000267089344996,-0.000262525812326,1.77217278123e-08,-0.000166220658156,0.000142194876374,3.17934257784e-08
147.557,1789944784.54,-0.000269854348419,-0.000281413037689,1.11902658254e-08,-0.000175173653675,0.000142821503136,2.77380088671e-08
147.577,1789944784.56,-0.000272058708408,-0.00029961200958,7.84198378972e-09,-0.000183221211485,0.000143034477213,4.07488384826e-08
147.597,1789944784.58,-0.000273701703261,-0.000317092179778,8.06386377841e-09,-0.000190909121124,0.000142850122371,3.62535983986e-08
147.617,1789944784.6,-0.000274784464415,-0.000333823459472,2.14154684957e-09,-0.000198354025185,0.00014255992181,4.1726964246e-08
147.637,1789944784.62,-0.00027530761621,-0.000349776128262,1.49819727124e-09,-0.000205208222619,0.000141832353434,3.72237687487e-08
147.657,1789944784.64,-0.000275274489134,-0.000364923739043,-4.0634448148e-09,-0.00021174740646,0.000140971849481,4.11747107633e-08
147.677,1789944784.66,-0.000274688027939,-0.000379240199195,-5.36891259069e-09,-0.00021768443279,0.000139707312632,3.75146919747e-08
147.697,1789944784.68,-0.000273553431522,-0.000392702838852,-8.92069264875e-09,-0.000223466603263,0.000138152661444,3.74613797637e-08
147.717,1789944784.7,-0.000271877016639,-0.000405287728122,-1.22348751039e-08,-0.000228226294444,0.000136491036138,3.7547602737e-08
147.737,1789944784.72,-0.000269664905313,-0.00041697763778,-1.83899363261e-08,-0.000232852621303,0.000134481209603,3.31480754997e-08
147.757,1789944784.74,-0.000266925152671,-0.000427753557338,-2.1701165087e-08,-0.000236846649405,0.000132212996284,3.32704731894e-08
147.777,1789944784.76,-0.000263666646512,-0.000437600101065,-2.46631763899e-08,-0.000240335156478,0.000129686952764,3.37731614216e-08
147.797,1789944784.78,-0.000259899237736,-0.000446503660793,-2.51653159274e-08,-0.000243386179659,0.000126846549456,3.83009638934e-08
147.817,1789944784.8,-0.000255634298038,-0.000454452068224,-2.79306425878e-08,-0.000245862642304,0.000123843781455,3.84294616259e-08
147.837,1789944784.82,-0.000250883672476,-0.000461435634625,-3.06165439528e-08,-0.000247732108105,0.000120790034801,3.79995398011e-08
147.857,1789944784.84,-0.000245658639575,-0.000467447431166,-3.34882478025e-08,-0.000249276997045,0.000117192814417,3.71597878625e-08
147.877,1789944784.86,-0.000239974081873,-0.000472480975375,-3.60690960484e-08,-0.000250245213541,0.000113513048762,3.62225743226e-08
147.897,1789944784.88,-0.000233844197597,-0.000476532608179,-3.8456237701e-08,-0.000250700950036,0.000109645073439,3.5196036839e-08
147.917,1789944784.9,-0.000227284334537,-0.000479600496133,-3.88148386645e-08,-0.000250603427081,0.000105745742278,3.11197309111e-08
147.937,1789944784.92,-0.000220309129804,-0.000481685223192,-4.26165597985e-08,-0.000250092652677,0.000101356775468,3.29324438194e-08
147.957,1789944784.94,-0.000212936526249,-0.000482788591275,-4.45183794727e-08,-0.000249050141284,9.69124497309e-05,3.19930029572e-08
147.977,1789944784.96,-0.000205183740399,-0.000482914760746,-4.61136434754e-08,-0.000247511183759,9.23173719955e-05,3.08095638152e-08
147.997,1789944784.98,-0.000197069069993,-0.000482069894833,-4.73625910621e-08,-0.000245590043107,8.78170760124e-05,2.95320530757e-08
148.017,1789944785,-0.000188609144371,-0.000480261087947,-4.85325721085e-08,-0.000242973665863,8.26945676123e-05,2.80325802024e-08
148.037,1789944785.02,-0.000179825198824,-0.000477499126363,-4.94163318251e-08,-0.00023997336793,7.76295066436e-05,2.65643699198e-08
148.057,1789944785.04,-0.000170736757734,-0.000473795630882,-5.00816816955e-08,-0.000236524386309,7.24676938433e-05,2.50731334763e-08
148.077,1789944785.06,-0.000161364075242,-0.000469164139293,-5.05335004148e-08,-0.000232633665949,6.72142829499e-05,2.35643651763e-08
148.097,1789944785.08,-0.000151727731658,-0.000463619906622,-5.07781941827e-08,-0.00022830383666,6.18636496282e-05,2.20412392466e-08
148.117,1789944785.1,-0.000141848712139,-0.000457179921802,-5.08218042425e-08,-0.000223543396444,5.64215860231e-05,2.05110354447e-08
148.137,1789944785.12,-0.000131748367014,-0.000449862865969,-5.06705928238e-08,-0.000218363396913,5.08975628717e-05,1.89744321232e-08
148.157,1789944785.14,-0.000121448371729,-0.00044168906842,-5.03347448382e-08,-0.000212776670259,4.53031642878e-05,1.74409547724e-08
148.177,1789944785.16,-0.000110970679788,-0.000432680455304,-4.98213427762e-08,-0.00020679721592,3.96508510866e-05,1.59127765779e-08
148.197,1789944785.18,-0.000100337471323,-0.000422860493507,-4.91405883761e-08,-0.000200439880657,3.39532320571e-05,1.43981554703e-08
148.217,1789944785.2,-8.95711044502e-05,-0.000412254132588,-4.8303992423e-08,-0.000193720161327,2.82227834266e-05,1.28992056928e-08
148.237,1789944785.22,-7.86940653101e-05,-0.000400887743756,-4.73240291848e-08,-0.000186654129202,2.24718113577e-05,1.14214392185e-08
148.257,1789944785.24,-6.7736601385e-05,-0.000388799026152,-4.66415183247e-08,-0.000184866227893,2.10329710511e-05,1.11888860974e-08
148.277,1789944785.26,-5.66843506937e-05,-0.000375969030211,-4.51225633571e-08,-0.000173410880087,1.23899697732e-05,8.95287107861e-09
148.297,1789944785.28,-4.55837148708e-05,-0.000362458916774,-4.36112009648e-08,-0.000162462019362,4.37960641524e-06,7.02810881327e-09
148.317,1789944785.3,-3.44693706764e-05,-0.000348315863219,-4.21625463057e-08,-0.000153448229441,-1.89992025071e-06,5.58741160987e-09
148.337,1789944785.32,-2.33709908921e-05,-0.000333583438073,-4.1388842636e-08,-0.00015123589498,-3.42316053486e-06,5.36780755143e-09
148.357,1789944785.34,-1.22819220418e-05,-0.000318251667888,-4.01249590447e-08,-0.00014496072821,-7.5368740549e-06,4.44179464984e-09
148.377,1789944785.36,-1.21976370779e-06,-0.000302347170722,-3.8576933689e-08,-0.000136549393423,-1.28803114955e-05,3.18851182167e-09
148.397,1789944785.38,9.79312781941e-06,-0.000285904936007,-3.69300457939e-08,-0.000126754833636,-1.8920868407e-05,1.86673583113e-09
148.417,1789944785.4,2.07416295549e-05,-0.000268948410857,-3.42103212548e-08,-0.000107250236185,-3.04170160799e-05,-5.99347265814e-10
148.437,1789944785.42,3.15654409082e-05,-0.000251579741125,-3.20992391101e-08,-9.29678478986e-05,-3.85254534026e-05,-2.2445354895e-09
148.457,1789944785.44,4.22261040943e-05,-0.000233867816033,-3.13581324594e-08,-9.00895000997e-05,-4.01255990183e-05,-2.42879532141e-09
148.477,1789944785.46,5.27377471822e-05,-0.000215785925878,-2.90746430577e-08,-7.72243452492e-05,-4.66728208989e-05,-3.9541190183e-09
148.497,1789944785.48,6.30593860088e-05,-0.000197415163162,-2.81087377601e-08,-7.2935968444e-05,-4.88552345723e-05,-4.34960086058e-09
148.517,1789944785.5,7.31912319443e-05,-0.000178754406528,-2.67977379048e-08,-6.55618767509e-05,-5.24060284949e-05,-5.03396771296e-09
148.537,1789944785.52,8.31194776615e-05,-0.000159832395096,-2.52346079006e-08,-5.62476069687e-05,-5.67693654688e-05,-5.91328103845e-09
148.557,1789944785.54,9.28256829611e-05,-0.000140688285802,-2.36892016391e-08,-4.59974978369e-05,-6.14342374599e-05,-6.78951110791e-09
148.577,1789944785.56,0.000102291613979,-0.000121362137207,-2.21679255604e-08,-3.48427467122e-05,-6.63812667268e-05,-7.6657606985e-09
148.597,1789944785.58,0.000111503703791,-0.000101883325584,-1.97461824273e-08,-1.46761765658e-05,-7.49046384429e-05,-9.21908233871e-09
148.617,1789944785.6,0.000120411710028,-8.23716019363e-05,-1.90146256369e-08,-8.89840550045e-06,-7.73296155829e-05,-9.54274938886e-09
148.637,1789944785.62,0.000129017427333,-6.28221269597e-05,-1.80551230316e-08,-4.44844935665e-07,-8.06744315522e-05,-1.00539259221e-08
148.657,1789944785.64,0.000137307578813,-4.32683987889e-05,-1.69470270693e-08,8.90237566313e-06,-8.41957769517e-05,-1.06781058735e-08
148.677,1789944785.66,0.00014526732695,-2.37495645648e-05,-1.59206977239e-08,1.83693828446e-05,-8.75743610334e-05,-1.12760770896e-08
148.697,1789944785.68,0.000152883830355,-4.30178177044e-06,-1.49646657841e-08,2.83278487842e-05,-9.09688905317e-05,-1.186927042e-08
148.717,1789944785.7,0.000160143508712,1.50352080424e-05,-1.41040367703e-08,3.84135391629e-05,-9.42381861679e-05,-1.24400455209e-08
148.737,1789944785.72,0.000167033472716,3.42216439354e-05,-1.33502171761e-08,4.85116308805e-05,-9.73452311326e-05,-1.29827530011e-08
148.757,1789944785.74,0.000173541455201,5.32176821217e-05,-1.27042051027e-08,5.84793632889e-05,-0.000100241526716,-1.34969457083e-08
148.777,1789944785.76,0.000179656038324,7.19840517904e-05,-1.21677413085e-08,6.82134222189e-05,-0.000102893700756,-1.39844015305e-08
148.797,1789944785.78,0.000185366790668,9.04824742405e-05,-1.1736503757e-08,7.76494827098e-05,-0.000105283066395,-1.44475292309e-08
148.817,1789944785.8,0.000190664329698,0.000108675893405,-1.14094707895e-08,8.6752671789e-05,-0.000107401466649,-1.48884756547e-08
148.837,1789944785.82,0.000195540352359,0.000126528603646,-1.11801041287e-08,9.55122932642e-05,-0.000109249554049,-1.53088891438e-08
148.857,1789944785.84,0.000199987624281,0.000144006274254,-1.10440212356e-08,0.000103932586942,-0.000110833127598,-1.57126690885e-08
148.877,1789944785.86,0.000203999953657,0.000161075918448,-1.09941967278e-08,0.000112024950876,-0.000112160566878,-1.61031377256e-08
148.897,1789944785.88,0.000207572152901,0.000177705837593,-1.10232599824e-08,0.00011980184516,-0.000113240530661,-1.64796190591e-08
148.917,1789944785.9,0.000210700002695,0.000193865563719,-1.11231224996e-08,0.000127272590208,-0.000114080594147,-1.68482024291e-08
148.937,1789944785.92,0.000213380220992,0.000209525819236,-1.12861654555e-08,0.000134441197763,-0.000114686580587,-1.72074038575e-08
148.957,1789944785.94,0.000215610430946,0.000224658311276,-5.99713076262e-09,0.000141136208381,-0.000115054538739,-1.8004656285e-08
148.977,1789944785.96,0.000217389227123,0.00023923749883,-1.17635791073e-08,0.00014785928916,-0.00011521005344,-1.79059128255e-08
148.997,1789944785.98,0.000218715962163,0.000253236142039,-1.20613595509e-08,0.000154091091977,-0.000115130823048,-1.82476312588e-08
149.017,1789944786,0.000219590966007,0.000266630181734,-1.27968562647e-08,0.000160019236677,-0.000114826518128,-1.85414686291e-08
149.037,1789944786.02,0.000220015427524,0.000279396262541,-1.32736694169e-08,0.000165576551792,-0.000114295102767,-1.88577376849e-08
149.057,1789944786.04,0.000219991432269,0.000291512585426,-1.36171457653e-08,0.000170759478857,-0.000113537798607,-1.91836835853e-08
149.077,1789944786.06,0.000219521951594,0.000302958821043,-1.39239182838e-08,0.00017555987021,-0.000112556218711,-1.95080001303e-08
149.097,1789944786.08,0.00021861083776,0.000313716134474,-1.41951337466e-08,0.000179968841881,-0.000111352703337,-1.98279547488e-08
149.117,1789944786.1,0.000217262814411,0.00032376723227,-1.4438298118e-08,0.000183980878546,-0.000109930491781,-2.0141345905e-08
149.137,1789944786.12,0.000215483464185,0.000333096378197,-1.4650156642e-08,0.00018759110539,-0.000108293612508,-2.04457112615e-08
149.157,1789944786.14,0.000213279212318,0.000341689412892,-1.48239917896e-08,0.00019079571206,-0.000106446787001,-2.07371369045e-08
149.177,1789944786.16,0.000210657308127,0.000349533769069,-1.49527690374e-08,0.00019359179188,-0.000104395333194,-2.10155235184e-08
149.197,1789944786.18,0.000207625804132,0.00035661848142,-1.50289884228e-08,0.000195977040802,-0.000102145022736,-2.12793026445e-08
149.217,1789944786.2,0.000204193525657,0.000362934189723,-1.52941473096e-08,0.000197942228734,-9.96944090581e-05,-2.10830621785e-08
149.237,1789944786.22,0.000200370106948,0.000368473204217,-1.54857144108e-08,0.0001994941841,-9.70578194056e-05,-2.08786901934e-08
149.257,1789944786.24,0.000196165895788,0.000373229440289,-1.56010865012e-08,0.000200632499587,-9.4241929139e-05,-2.06563969338e-08
149.277,1789944786.26,0.000191591901843,0.00037719848341,-1.41312399447e-08,0.000201404827831,-9.1209594546e-05,-1.7835653766e-08
149.297,1789944786.28,0.000186660243621,0.000380377162286,-1.43231615263e-08,0.000201712357427,-8.81424687875e-05,-2.24198335359e-08
149.317,1789944786.3,0.000181382461512,0.000382764392727,-1.38627992507e-08,0.00020161802801,-8.46775284181e-05,-2.27216681747e-08
149.337,1789944786.32,0.000175772817245,0.000384360508875,-1.34302407735e-08,0.000201097529117,-8.12328925042e-05,-2.32868069812e-08
149.357,1789944786.34,0.000169844638654,0.000385167641868,-1.29188756249e-08,0.000200223833554,-7.78155808562e-05,-2.34355958076e-08
149.377,1789944786.36,0.000163610773233,0.000385189061603,-1.34171353294e-08,0.000198887183548,-7.4023752247e-05,-1.80761947e-08
149.397,1789944786.38,0.000157086731906,0.000384430154258,-1.38577410759e-08,0.000197159491945,-7.02309589242e-05,-1.9279672034e-08
149.417,1789944786.4,0.000150286935152,0.000382897687662,-1.07363455218e-08,0.000195036202776,-6.61349184348e-05,-2.31445990327e-08
149.437,1789944786.42,0.000143227947376,0.000380600038883,-9.74536201521e-09,0.000192556486782,-6.20570227262e-05,-2.34783754899e-08
149.457,1789944786.44,0.000135925518425,0.000377546893143,-8.04225280997e-09,0.000189695544982,-5.78874043358e-05,-2.28650725759e-08
149.477,1789944786.46,0.000128395998336,0.000373749545299,-7.4453830097e-09,0.000186510408902,-5.36188582876e-05,-2.35871412091e-08
149.497,1789944786.48,0.000120656192406,0.000369220409825,-6.31374191485e-09,0.000182958138702,-4.92921853919e-05,-2.32014457216e-08
149.517,1789944786.5,0.000112723030229,0.00036397346105,-5.17332703349e-09,0.000179064312747,-4.48932599e-05,-2.2791798072e-08
149.537,1789944786.52,0.000104613774918,0.000358023967645,-3.94694245624e-09,0.000174831218845,-4.0432883844e-05,-2.22385850946e-08
149.557,1789944786.54,9.63459210612e-05,0.000351388541891,-2.65409660242e-09,0.000170269639128,-3.5916428036e-05,-2.16127771883e-08
149.577,1789944786.56,8.79371883322e-05,0.000344085084756,-1.30673025037e-09,0.000165390315602,-3.135239576e-05,-2.09383977406e-08
149.597,1789944786.58,7.94054847118e-05,0.000336132744928,8.55860231954e-11,0.000160205332343,-2.67501761624e-05,-2.02227095591e-08
149.617,1789944786.6,7.07688691726e-05,0.000327551870981,1.51310298234e-09,0.000154727702902,-2.2119955656e-05,-1.94716234466e-08
149.637,1789944786.62,6.20455112555e-05,0.000318363959905,2.96735659223e-09,0.000148971087532,-1.74722988326e-05,-1.8682053864e-08
149.657,1789944786.64,5.325364895e-05,0.000308591603034,4.43674065514e-09,0.000142949669663,-1.28178598262e-05,-1.78567583092e-08
149.677,1789944786.66,4.44115467379e-05,0.00029825843067,5.91364962746e-09,0.000136677927499,-8.16710713257e-06,-1.69920674732e-08
149.697,1789944786.68,3.55374538239e-05,0.000287389054628,7.38550762952e-09,0.000130170662097,-3.53024883275e-06,-1.60869447534e-08
149.717,1789944786.7,2.66495646426e-05,0.000276009010379,8.84460057357e-09,0.000123442833599,1.08289392968e-06,-1.51408018247e-08
149.737,1789944786.72,1.77659795992e-05,0.000264144698431,1.02788669191e-08,0.000116509630596,5.66285493626e-06,-1.41545144577e-08
149.757,1789944786.74,8.9046688668e-06,0.000251823324794,1.16795960228e-08,0.000109386446517,1.02005212045e-05,-1.31275593871e-08
149.777,1789944786.76,8.34359254477e-08,0.00023907284034,1.30364531339e-08,0.000102088875799,1.46870283492e-05,-1.20601182447e-08
149.797,1789944786.78,-8.68011649312e-06,0.000225921880338,1.43394402569e-08,9.46327454398e-05,1.91138167576e-05,-1.09540413702e-08
149.817,1789944786.8,-1.73686203554e-05,0.000212399701387,1.55805029549e-08,8.70340409623e-05,2.3472479866e-05,-9.8128181791e-09
149.837,1789944786.82,-2.59649749007e-05,0.000198536120016,1.67502123617e-08,7.93090314416e-05,2.7754839664e-05,-8.63661227318e-09
149.857,1789944786.84,-3.44523785418e-05,0.000184361447645,1.78397408701e-08,7.1474062571e-05,3.19528617499e-05,-7.43015408247e-09
149.877,1789944786.86,-4.28143610953e-05,0.000169906427291,1.88415448929e-08,6.35456951897e-05,3.60587054299e-05,-6.19574787011e-09
149.897,1789944786.88,-5.10348137751e-05,0.000155202168116,1.97488154833e-08,5.55405595844e-05,4.00647211303e-05,-4.93634997667e-09
149.917,1789944786.9,-5.90980195446e-05,0.000140280080476,2.05538306292e-08,4.74753793962e-05,4.39634647986e-05,-3.65647075842e-09
149.937,1789944786.92,-6.69886822362e-05,0.000125171810102,2.12504657673e-08,3.93668629313e-05,4.77477399904e-05,-2.36043518343e-09
149.957,1789944786.94,-7.46919550779e-05,0.000109909172547,2.18352476314e-08,3.12317667296e-05,5.14106282894e-05,-1.05158890114e-09
149.977,1789944786.96,-8.21934674929e-05,9.45240875387e-05,2.2300975945e-08,2.30867303514e-05,5.49454403955e-05,2.65024889899e-10
149.997,1789944786.98,-8.94793513384e-05,7.90485134046e-05,2.26462650488e-08,1.49483496819e-05,5.83458465928e-05,1.58524253869e-09
150.017,1789944787,-9.65362664509e-05,6.35143824696e-05,2.28661024998e-08,6.83306383781e-06,6.16058306817e-05,2.90393740477e-09
150.037,1789944787.02,-0.000103351423062,4.79535360795e-05,2.29597143087e-08,-1.24283080392e-06,6.47196542733e-05,4.21688202349e-09
150.057,1789944787.04,-0.000109912605537,3.23976607618e-05,2.29241701288e-08,-9.26321164026e-06,6.76819998179e-05,5.51903684297e-09
150.077,1789944787.06,-0.000116208192237,1.68782250961e-05,2.27609651656e-08,-1.72122498635e-05,7.04878120699e-05,6.80570728727e-09
150.097,1789944787.08,-0.00012222717601,1.42641747803e-06,2.24687322958e-08,-2.5074260331e-05,7.31324903319e-05,8.07375202508e-09
150.117,1789944787.1,-0.000127959181929,-1.39269150185e-05,2.2049874248e-08,-3.28339365952e-05,7.5611675234e-05,9.31546336218e-09
150.137,1789944787.12,-0.000133394484466,-2.91513275517e-05,2.15053594496e-08,-4.04762092765e-05,7.79214894489e-05,1.05286589192e-08
150.157,1789944787.14,-0.000138524022744,-4.42168358179e-05,2.08383876063e-08,-4.79864013632e-05,8.0058354698e-05,1.17077078805e-08
150.177,1789944787.16,-0.000143339414446,-5.90939738645e-05,2.00523158925e-08,-5.5350157352e-05,8.20190686008e-05,1.28501960872e-08
150.197,1789944787.18,-0.00014783296846,-7.37538505452e-05,1.91523408001e-08,-6.25535421848e-05,8.38008443542e-05,1.39500015696e-08
150.217,1789944787.2,-0.000151997695691,-8.81682041736e-05,1.81416678304e-08,-6.9583003254e-05,8.5401226758e-05,1.50035845418e-08
150.237,1789944787.22,-0.000155827319246,-0.00010230945563,1.70284333889e-08,-7.64254692386e-05,8.6818184466e-05,1.60084099051e-08
150.257,1789944787.24,-0.000159316281245,-0.000116150759585,1.58160551584e-08,-8.30682795609e-05,8.80500405099e-05,1.69600068368e-08
150.277,1789944787.26,-0.00016245975071,-0.000129666054168,1.45145722784e-08,-8.94993296354e-05,8.90955172271e-05,1.78544971978e-08
150.297,1789944787.28,-0.000165253627646,-0.000142830108753,1.31282920689e-08,-9.57069431884e-05,8.99537180434e-05,1.86926374472e-08
150.317,1789944787.3,-0.000167694546946,-0.000155618569367,1.16675656743e-08,-0.000101680046629,9.06241324932e-05,1.94670362923e-08
150.337,1789944787.32,-0.000169779880425,-0.000168008002285,1.01396115454e-08,-0.000107408078818,9.11066333357e-05,2.01776737057e-08
150.357,1789944787.34,-0.00017150773693,-0.000179975935692,8.55243282598e-09,-0.000112881028047,9.14014780933e-05,2.08237056375e-08
150.377,1789944787.36,-0.000172876962029,-0.000191500898424,6.91614544304e-09,-0.000118089492989,9.15092894894e-05,2.14011404497e-08
150.397,1789944787.38,-0.00017388713476,-0.000202562457483,5.23874544844e-09,-0.000123024668061,9.14310955116e-05,2.19106774738e-08
150.417,1789944787.4,-0.000174538564085,-0.000213141252063,3.53106463607e-09,-0.000127678351169,9.116824201e-05,2.23489954088e-08
150.437,1789944787.42,-0.000174832263952,-0.000223219200626,1.72524412349e-09,-0.000132258265639,9.06984055605e-05,2.27307279927e-08
150.457,1789944787.44,-0.000174770169394,-0.000232777539238,5.79584020902e-11,-0.000136111528713,9.00959783749e-05,2.30147909164e-08
150.477,1789944787.46,-0.000174354509308,-0.000241802298897,-4.73251111027e-09,-0.000139970877364,8.92702865076e-05,2.20364638474e-08
150.497,1789944787.48,-0.000173588620591,-0.000250277606232,-3.49851963514e-09,-0.000143458565436,8.82652320065e-05,2.3398247602e-08
150.517,1789944787.5,-0.000172476537322,-0.000258189773166,-5.93196635023e-09,-0.000146448922503,8.71885731486e-05,2.48800738475e-08
150.537,1789944787.52,-0.000171022185405,-0.000265527625181,-8.3050881126e-09,-0.000149318240868,8.58302764616e-05,2.07165725462e-08
150.557,1789944787.54,-0.00016923116833,-0.000272279409297,-9.84497920592e-09,-0.000151779776349,8.43436601098e-05,2.08169143667e-08
150.577,1789944787.56,-0.000167109222528,-0.000278435700924,-1.13574213553e-08,-0.000153947762767,8.26819732291e-05,2.06262312875e-08
150.597,1789944787.58,-0.000164662862435,-0.000283987981842,-1.12702012592e-08,-0.00015583207946,8.08231300647e-05,2.3426656667e-08
150.617,1789944787.6,-0.000161899511955,-0.000288928744764,-1.26539370048e-08,-0.000157349622656,7.8860991879e-05,2.35302137882e-08
150.637,1789944787.62,-0.000158826775865,-0.000293252133652,-1.39861790068e-08,-0.000158543276066,7.67552900535e-05,2.35807006121e-08
150.657,1789944787.64,-0.000155452933151,-0.000296953451253,-1.53927345978e-08,-0.00015940273668,7.45204615895e-05,2.32525626627e-08
150.677,1789944787.66,-0.000151786740196,-0.000300029339901,-1.67633969458e-08,-0.000159935128218,7.21532858646e-05,2.2773998818e-08
150.697,1789944787.68,-0.000147837481066,-0.000302477715762,-1.80655250635e-08,-0.000160142044113,6.96569591797e-05,2.21929661169e-08
150.717,1789944787.7,-0.000143614946968,-0.000304297772722,-1.92855235252e-08,-0.000160026209585,6.70346227055e-05,2.15507345129e-08
150.737,1789944787.72,-0.000139129425753,-0.000305489968468,-2.04125570474e-08,-0.000159589977789,6.42910814655e-05,2.08654816509e-08
150.757,1789944787.74,-0.000134391682172,-0.000306056017793,-2.14420755915e-08,-0.000158835933421,6.14322028988e-05,2.01467694769e-08
150.777,1789944787.76,-0.000129412934946,-0.00030599888188,-2.23713007468e-08,-0.000157767077131,5.84647238931e-05,1.94013407988e-08
150.797,1789944787.78,-0.000124204828994,-0.000305322756461,-2.31987591735e-08,-0.000156386938419,5.53959672104e-05,1.8632393506e-08
150.817,1789944787.8,-0.000118779407329,-0.000304033059319,-2.39232139686e-08,-0.000154699805892,5.22335243304e-05,1.78432551528e-08
150.837,1789944787.82,-0.000113149080119,-0.00030213641246,-2.45450838836e-08,-0.000152710587105,4.89851730627e-05,1.70338155534e-08
150.857,1789944787.84,-0.000107326594409,-0.00029964062356,-2.50657918867e-08,-0.000150425038862,4.56586508662e-05,1.62091526564e-08
150.877,1789944787.86,-0.000101325003522,-0.000296554663124,-2.54848400292e-08,-0.000147849565556,4.2261640103e-05,1.53698108259e-08
150.897,1789944787.88,-9.51576371069e-05,-0.000292888639292,-2.58055912866e-08,-0.00014499124107,3.88017502063e-05,1.45164814357e-08
150.917,1789944787.9,-8.88380708601e-05,-0.000288653770001,-2.60294062303e-08,-0.000141857755096,3.52864637187e-05,1.36537126803e-08
150.937,1789944787.92,-8.23800978774e-05,-0.000283862353031,-2.61597070657e-08,-0.000138457373137,3.17233082814e-05,1.27831354058e-08
150.957,1789944787.94,-7.57976986076e-05,-0.000278527732862,-2.61983074367e-08,-0.000134798807265,2.81196751301e-05,1.19050567788e-08
150.977,1789944787.96,-6.91050122549e-05,-0.000272664267114,-2.61513286712e-08,-0.00013089126061,2.44830210991e-05,1.10240929919e-08
150.997,1789944787.98,-6.23163074317e-05,-0.000266287290216,-2.60212965493e-08,-0.00012674436343,2.08208164085e-05,1.01428664122e-08
151.017,1789944788,-5.54459530671e-05,-0.000259413075308,-2.58119519462e-08,-0.000122368115368,1.71405026713e-05,9.26216680835e-09
151.037,1789944788.02,-4.85083891851e-05,-0.000252058795378,-2.55313935811e-08,-0.000117772916228,1.3449610584e-05,8.38548862642e-09
151.057,1789944788.04,-4.15180968455e-05,-0.000244242482271,-2.51812173441e-08,-0.000112969501067,9.75559880071e-06,7.51351990631e-09
151.077,1789944788.06,-3.44895697835e-05,-0.000235982984803,-2.47687588889e-08,-0.000107968973608,6.06598873095e-06,6.65042862586e-09
151.097,1789944788.08,-2.74372841491e-05,-0.000227299924691,-2.42986644467e-08,-0.00010278268868,2.38816199814e-06,5.79626763621e-09
151.117,1789944788.1,-2.03756699924e-05,-0.000218213652625,-2.37777588189e-08,-9.74223981607e-05,-1.27045599334e-06,4.95374725696e-09
151.137,1789944788.12,-1.33190816552e-05,-0.000208745201824,-2.32117478026e-08,-9.1900023026e-05,-4.90260666646e-06,4.12614821051e-09
151.157,1789944788.14,-6.2817698339e-06,-0.000198916241206,-2.26045618391e-08,-8.62278337695e-05,-8.50105331796e-06,3.31025916067e-09
151.177,1789944788.16,7.22147255162e-07,-0.000188749027342,-2.19650655099e-08,-8.04182569573e-05,-1.20587402708e-05,2.51288642101e-09
151.197,1789944788.18,7.6787113963e-06,-0.000178266356034,-2.12978069932e-08,-7.44839428379e-05,-1.55687237374e-05,1.73319476596e-09
151.217,1789944788.2,1.45741515712e-05,-0.000167491512026,-2.06087953817e-08,-6.84377446298e-05,-1.90241816931e-05,9.70035313629e-10
151.237,1789944788.22,2.13949107369e-05,-0.000156448218877,-1.99037785199e-08,-6.22926132058e-05,-2.24184794361e-05,2.26420973081e-10
151.257,1789944788.24,2.8127672114e-05,-0.000145160588495,-1.91881051906e-08,-5.6061632024e-05,-2.57451606568e-05,-4.96235521192e-10
151.277,1789944788.26,3.47593841311e-05,-0.00013365306912,-1.84675590162e-08,-4.97580027589e-05,-2.89979210263e-05,-1.19826744362e-09
151.297,1789944788.28,4.12772851409e-05,-0.000121950394123,-1.77472214763e-08,-4.3394946799e-05,-3.21706727215e-05,-1.88003169677e-09
151.317,1789944788.3,4.76689278996e-05,-0.000110077529706,-1.70314332852e-08,-3.69857306121e-05,-3.52575111204e-05,-2.54059687566e-09
151.337,1789944788.32,5.39222782241e-05,-9.80595471427e-05,-1.2488056393e-08,-3.04254169498e-05,-3.8370994964e-05,-9.97853461733e-09
151.357,1789944788.34,6.00247193041e-05,-8.59225879848e-05,-1.5633898367e-08,-2.40819434046e-05,-4.11509542751e-05,-3.79647550129e-09
151.377,1789944788.36,6.59659199061e-05,-7.36909665496e-05,-1.49614474851e-08,-1.76142838842e-05,-4.39464396797e-05,-4.38015599567e-09
151.397,1789944788.38,7.17346220422e-05,-6.13903501281e-05,-1.46362527599e-08,-1.11784788967e-05,-4.66094964338e-05,-4.20703763412e-09
151.417,1789944788.4,7.73204522679e-05,-4.90459153889e-05,-1.40675669988e-08,-4.7419128597e-06,-4.91810708965e-05,-4.61466124585e-09
151.437,1789944788.42,8.27132996461e-05,-3.66829390544e-05,-1.34676727496e-08,1.66647739731e-06,-5.16406520111e-05,-5.13430662627e-09
151.457,1789944788.44,8.79035148396e-05,-2.43265643693e-05,-1.28688469605e-08,8.03495544076e-06,-5.39850354605e-05,-5.71569757167e-09
151.477,1789944788.46,9.2881895803e-05,-1.20017830612e-05,-1.2290903493e-08,1.43475568808e-05,-5.62068987435e-05,-6.31104918039e-09
151.497,1789944788.48,9.76397232207e-05,2.66634737887e-07,-1.17441090755e-08,2.05901939795e-05,-5.83008688454e-05,-6.89319468533e-09
151.517,1789944788.5,0.000102168780556,1.24541944271e-05,-1.12328471952e-08,2.674936161e-05,-6.02622225495e-05,-7.45213511357e-09
151.537,1789944788.52,0.000106461372564,2.45367299883e-05,-1.0758441179e-08,3.28124739211e-05,-6.20871729588e-05,-7.98414732695e-09
151.557,1789944788.54,0.000110510340187,3.64904534478e-05,-1.03219772381e-08,3.87676753503e-05,-6.37727367518e-05,-8.48521758752e-09
151.577,1789944788.56,0.000114309131328,4.8292059988e-05,-6.93352747717e-09,4.46958454222e-05,-6.54086165798e-05,-1.42541637347e-08
151.597,1789944788.58,0.000117851016693,5.99179796039e-05,-9.5587647337e-09,5.03101197642e-05,-6.67168055535e-05,-9.40799841512e-09
151.617,1789944788.6,0.000121131313573,7.13466340349e-05,-9.23096490348e-09,5.58760459958e-05,-6.79716373564e-05,-9.81946383994e-09
151.637,1789944788.62,0.000124144874231,8.25559609596e-05,-9.19035102878e-09,6.1272376497e-05,-6.90606401558e-05,-9.63719125344e-09
151.657,1789944788.64,0.000126887485975,9.35248478443e-05,-8.97105468866e-09,6.65250133746e-05,-7.00184213237e-05,-9.9017843825e-09
151.677,1789944788.66,0.000129355375216,0.000104232670137,-8.73559986608e-09,7.16121208939e-05,-7.08317050444e-05,-1.02471889404e-08
151.697,1789944788.68,0.000131545352657,0.000114659470385,-8.50390893742e-09,7.65254222575e-05,-7.15007703505e-05,-1.06399176885e-08
151.717,1789944788.7,0.000133454790944,0.000124785969148,-8.28686780742e-09,8.12535609782e-05,-7.2022658602e-05,-1.10407981117e-08
151.737,1789944788.72,0.00013508164172,0.000134593615217,-8.08947781784e-09,8.57868659094e-05,-7.23959411679e-05,-1.1429555335e-08
151.757,1789944788.74,0.000136424439993,0.000144064622216,-7.90959245932e-09,9.01163511365e-05,-7.26197635837e-05,-1.17974162568e-08
151.777,1789944788.76,0.00013748230839,0.000153182004495,-7.74557340709e-09,9.42339855969e-05,-7.26940558321e-05,-1.21429905615e-08
151.797,1789944788.78,0.000138254987194,0.000161929639116,-6.05909682297e-09,9.81799233206e-05,-7.26667389992e-05,-1.51826239128e-08
151.817,1789944788.8,0.000138742451835,0.000170291913115,-6.06952534971e-09,0.000101848477158,-7.24396987367e-05,-1.52113442453e-08
151.837,1789944788.82,0.000138945667933,0.000178254630641,-7.30304475936e-09,0.000105418149081,-7.20089591049e-05,-1.30444552142e-08
151.857,1789944788.84,0.000138866467141,0.000185803402591,-7.30800870401e-09,0.000108601133555,-7.14782727091e-05,-1.29745460337e-08
151.877,1789944788.86,0.000138506834112,0.000192926053911,-7.31285299178e-09,0.00011154208232,-7.08057833243e-05,-1.28764557326e-08
151.897,1789944788.88,0.000137869433232,0.00019961100401,-7.18762892244e-09,0.000114208461736,-7.00083260021e-05,-1.30389194594e-08
151.917,1789944788.9,0.00013695738195,0.000205847841749,-7.02663592269e-09,0.000116626995297,-6.90802174876e-05,-1.32492133647e-08
151.937,1789944788.92,0.000135774321536,0.000211627089738,-6.83860890445e-09,0.000118798531528,-6.80234096721e-05,-1.34834165563e-08
151.957,1789944788.94,0.000134324394302,0.000216940241925,-6.63268143377e-09,0.000120727127646,-6.68377529329e-05,-1.37056408651e-08
151.977,1789944788.96,0.000132612250927,0.000221779736049,-6.40877577642e-09,0.000122411240115,-6.55249011172e-05,-1.39109833581e-08
151.997,1789944788.98,0.000130643041105,0.000226138965798,-6.16596669953e-09,0.000123848126611,-6.4087041824e-05,-1.40864253437e-08
152.017,1789944789,0.000128422406764,0.000230012292058,-5.90333290838e-09,0.000125033923683,-6.2527365399e-05,-1.4233426837e-08
152.037,1789944789.02,0.000125956467994,0.000233395060379,-5.61622009671e-09,0.000125964853236,-6.08496617469e-05,-1.43498361983e-08
152.057,1789944789.04,0.000123251808816,0.000236283616416,-5.30613479434e-09,0.000126637916142,-5.90583064579e-05,-1.44360387382e-08
152.077,1789944789.06,0.00012031545917,0.000238675318314,-4.96873438713e-09,0.000127051139697,-5.71580442275e-05,-1.44929518719e-08
152.097,1789944789.08,0.000117154876285,0.000240568545317,-4.60459054124e-09,0.000127203858625,-5.51538428111e-05,-1.45189860347e-08
152.117,1789944789.1,0.000113777925255,0.000241962699276,-4.21093876695e-09,0.000127096624407,-5.30508074743e-05,-1.45166538414e-08
152.137,1789944789.12,0.000110192858481,0.000242858203452,-3.78861472039e-09,0.000126731054991,-5.0854130083e-05,-1.4482384208e-08
152.157,1789944789.14,0.000106408295964,0.000243256495106,-3.33685685546e-09,0.000126109718903,-4.85690707562e-05,-1.44214145886e-08
152.177,1789944789.16,0.000102433203724,0.000243160015206,-2.85535058538e-09,0.000125235890644,-4.62009166417e-05,-1.4328878741e-08
152.197,1789944789.18,9.82768739653e-05,0.000242572195706,-2.34609996449e-09,0.000124113457503,-4.375506756e-05,-1.42086246256e-08
152.217,1789944789.2,9.3948903573e-05,0.000241497443632,-1.80833675684e-09,0.000122746733064,-4.12369092467e-05,-1.40561524971e-08
152.237,1789944789.22,8.94591727704e-05,0.000239941124435,-1.24471267841e-09,0.000121140445847,-3.86519873463e-05,-1.38742669582e-08
152.257,1789944789.24,8.48178239149e-05,0.000237909543351,-6.55706680261e-10,0.000119299668151,-3.60058986749e-05,-1.36627545165e-08
152.277,1789944789.26,8.0035239085e-05,0.000235409924943,-4.29821380301e-11,0.000117229789842,-3.33043488439e-05,-1.34198540417e-08
152.297,1789944789.28,7.51220180061e-05,0.000232450392951,5.89073234035e-10,0.000114936561112,-3.05530994985e-05,-1.31485435332e-08
152.317,1789944789.3,7.00889554958e-05,0.00022903994691,1.2406692463e-09,0.000112426068606,-2.77580321977e-05,-1.28434496327e-08
152.337,1789944789.32,6.49470179084e-05,0.000225188438546,1.90704941204e-09,0.000109704760015,-2.49250403828e-05,-1.25111115791e-08
152.357,1789944789.34,5.97073206312e-05,0.000220906546966,2.58592684901e-09,0.000106779472672,-2.20601492666e-05,-1.21468020902e-08
152.377,1789944789.36,5.43811040608e-05,0.000216205751082,3.27443827335e-09,0.000103657364766,-1.91693109195e-05,-1.17534588423e-08
152.397,1789944789.38,4.89797103081e-05,0.000211098302354,3.96823587633e-09,0.000100346000235,-1.62586046553e-05,-1.13289650063e-08
152.417,1789944789.4,4.3514559294e-05,0.000205597194141,4.66417872501e-09,9.68532845013e-05,-1.33339990052e-05,-1.08765979696e-08
152.437,1789944789.42,3.79971257543e-05,0.000199716132018,5.35888132155e-09,9.31874365406e-05,-1.04015715081e-05,-1.03956380357e-08
152.457,1789944789.44,3.24389146184e-05,0.000193469500046,6.04789620463e-09,8.93569969504e-05,-7.46724970337e-06,-9.8865223041e-09
152.477,1789944789.46,2.68514384217e-05,0.000186872328373,6.72730629488e-09,8.53707859865e-05,-4.53705764438e-06,-9.34998306062e-09
152.497,1789944789.48,2.12461933472e-05,0.000179940258083,7.39398673994e-09,8.12379219129e-05,-1.61685271262e-06,-8.78918914969e-09
152.517,1789944789.5,1.56346364305e-05,0.000172689505588,8.04255058527e-09,7.6967697139e-05,1.28751432186e-06,-8.20219488426e-09
152.537,1789944789.52,1.0028162282e-05,0.000165136826081,8.67058053391e-09,7.25696790728e-05,4.17024593761e-06,-7.59187440686e-09
152.557,1789944789.54,4.43808082197e-06,0.000157299475923,9.27253069627e-09,6.8053631497e-05,7.02569958889e-06,-6.95910931297e-09
152.577,1789944789.56,-1.12440524122e-06,0.000149195174762,9.84680699702e-09,6.34294418904e-05,9.84823979495e-06,-6.30662167617e-09
152.597,1789944789.58,-6.64822251668e-06,0.000140842065995,1.03871109991e-08,5.87071788646e-05,1.26323768018e-05,-5.63462712885e-09
152.617,1789944789.6,-1.21224921285e-05,0.000132258633921,7.82648372554e-09,5.38026155358e-05,1.54671841416e-05,4.84825942522e-10
152.637,1789944789.62,-1.75358031842e-05,0.000123464411419,1.13569776893e-08,4.90093607855e-05,1.80640698763e-05,-4.2400426582e-09
152.657,1789944789.64,-2.28784138539e-05,0.000114477758759,1.17804958218e-08,4.40549161574e-05,2.07008488868e-05,-3.53384178369e-09
152.677,1789944789.66,-2.81397444094e-05,0.000105318350112,1.24345457536e-08,3.90649749743e-05,2.32572626432e-05,-3.43356558077e-09
152.697,1789944789.68,-3.33098734178e-05,9.60056556747e-05,9.72132715692e-09,3.39154231397e-05,2.58631176529e-05,2.66447690509e-09
152.717,1789944789.7,-3.83782634759e-05,8.65601941271e-05,1.30732043362e-08,2.89171316084e-05,2.82134407917e-05,-2.04119221924e-09
152.737,1789944789.72,-4.33361883395e-05,7.70010816791e-05,1.02289868679e-08,2.37007183097e-05,3.06836247401e-05,4.15211340767e-09
152.757,1789944789.74,-4.81734281584e-05,6.73493137803e-05,1.3692061851e-08,1.86773265322e-05,3.28687155009e-05,-1.03699684878e-09
152.777,1789944789.76,-5.28819158582e-05,5.76240942462e-05,1.38077815191e-08,1.35373364544e-05,3.50846767793e-05,-2.91903002558e-10
152.797,1789944789.78,-5.74526987759e-05,4.78458487479e-05,1.4111629148e-08,8.42320126065e-06,3.71955674346e-05,-9.69093575711e-11
152.817,1789944789.8,-6.18776027919e-05,3.80345348823e-05,1.11780874769e-08,3.21378303279e-06,3.93290733737e-05,5.86167933376e-09
152.837,1789944789.82,-6.61479951183e-05,2.821085453e-05,1.1113197911e-08,-1.87977548373e-06,4.1280806225e-05,6.64769311788e-09
152.857,1789944789.84,-7.02564145444e-05,1.83945959037e-05,1.09679602004e-08,-6.93981849089e-06,4.31398609409e-05,7.48315465109e-09
152.877,1789944789.86,-7.41954891232e-05,8.60569054871e-06,1.37889478647e-08,-1.18466475715e-05,4.47933774941e-05,2.81858308269e-09
152.897,1789944789.88,-7.79590183335e-05,-1.13697394553e-06,1.37683815046e-08,-1.70255852463e-05,4.65085051957e-05,3.05158398576e-09
152.917,1789944789.9,-8.15398622015e-05,-1.08122000089e-05,9.74891758989e-09,-2.17645843676e-05,4.7992163403e-05,5.42416850125e-09
152.937,1789944789.92,-8.49325399324e-05,-2.04023375708e-05,1.32680926886e-08,-2.66917507498e-05,4.94664993848e-05,4.08084938609e-09
152.957,1789944789.94,-8.81310521088e-05,-2.98873460016e-05,1.13955366863e-08,-3.13158767378e-05,5.08207174773e-05,2.57362835634e-09
152.977,1789944789.96,-9.11300813007e-05,-3.92495997754e-05,1.25436945819e-08,-3.59587965638e-05,5.19926569765e-05,5.67398563251e-09
152.997,1789944789.98,-9.39251961738e-05,-4.84705994894e-05,1.19292970438e-08,-4.04284750881e-05,5.30846678967e-05,6.58374746601e-09
153.017,1789944790,-9.65120260552e-05,-5.75329730711e-05,1.13855505104e-08,-4.48065061673e-05,5.40548241158e-05,7.74591375509e-09
153.037,1789944790.02,-9.88867922996e-05,-6.64195102248e-05,1.06492289225e-08,-4.9060898368e-05,5.49188156045e-05,8.60441896599e-09
153.057,1789944790.04,-0.000101046096071,-7.51135443018e-05,9.86841367397e-09,-5.3199156373e-05,5.56687382085e-05,9.38563300138e-09
153.077,1789944790.06,-0.000102986998714,-8.35988361066e-05,9.04732384807e-09,-5.72100916327e-05,5.6305202999e-05,1.00688047119e-08
153.097,1789944790.08,-0.000104707000899,-9.18596526279e-05,8.19935917844e-09,-6.10873181564e-05,5.68255571612e-05,1.06814317581e-08
153.117,1789944790.1,-0.000106204051968,-9.98806932135e-05,7.36885160393e-09,-6.46351234343e-05,5.72088941727e-05,1.12053815421e-08
153.137,1789944790.12,-0.000107476727823,-0.00010764858968,5.11360365299e-09,-6.83630842339e-05,5.75548039721e-05,9.36769942774e-09
153.157,1789944790.14,-0.000108523452083,-0.000115147960297,5.54367491899e-09,-7.18277454223e-05,5.76804599887e-05,1.21647113932e-08
153.177,1789944790.16,-0.000109343994437,-0.000122365425548,3.30087699484e-09,-7.50060889777e-05,5.77730864888e-05,1.49684152015e-08
153.197,1789944790.18,-0.00010993775421,-0.000129288862502,3.83467412441e-09,-7.8224002213e-05,5.76541957111e-05,1.3192653569e-08
153.217,1789944790.2,-0.000110305422582,-0.000135905097564,2.91664384045e-09,-8.11289718271e-05,5.74670526401e-05,1.35028575375e-08
153.237,1789944790.22,-0.000110447621527,-0.000142203042556,2.11544602249e-09,-8.38675188099e-05,5.71543798803e-05,1.34620234893e-08
153.257,1789944790.24,-0.000110365611599,-0.00014817188039,1.18288614014e-09,-8.63864770395e-05,5.67388623921e-05,1.3615785456e-08
153.277,1789944790.26,-0.000110061009201,-0.000153801774261,2.46006943678e-10,-8.87110705465e-05,5.62119434332e-05,1.37368780657e-08
153.297,1789944790.28,-0.000109535885064,-0.000159083603852,-6.95255530535e-10,-9.0835532068e-05,5.55773626661e-05,1.38517527691e-08
153.317,1789944790.3,-0.000108792726385,-0.000164009047575,-1.62684150091e-09,-9.27642439346e-05,5.48347159515e-05,1.39332626545e-08
153.337,1789944790.32,-0.000107834447345,-0.00016857054318,-2.54268438015e-09,-9.44958187514e-05,5.39859188597e-05,1.39809370052e-08
153.357,1789944790.34,-0.00010666437811,-0.000172761301358,-3.43934747511e-09,-9.60294267884e-05,5.30327590401e-05,1.3989085959e-08
153.377,1789944790.36,-0.000105286258863,-0.000176575307075,-4.31274558973e-09,-9.73629915023e-05,5.19777632591e-05,1.39608725292e-08
153.397,1789944790.38,-0.000103704229765,-0.000180007329621,-5.16128670235e-09,-9.84943631411e-05,5.08237511745e-05,1.38936592724e-08
153.417,1789944790.4,-0.000101922819502,-0.000183052930578,-5.97950303657e-09,-9.94215786923e-05,4.95738603919e-05,1.37904900755e-08
153.437,1789944790.42,-9.99469330423e-05,-0.000185708472885,-6.7677234863e-09,-0.000100143059096,4.82314269422e-05,1.36517807282e-08
153.457,1789944790.44,-9.77818380683e-05,-0.000187971126812,-7.52220292322e-09,-0.000100657818084,4.68000102797e-05,1.34784400064e-08
153.477,1789944790.46,-9.5433151821e-05,-0.000189838873963,-8.24043717146e-09,-0.000100965564562,4.52832074197e-05,1.32737200476e-08
153.497,1789944790.48,-9.29068256107e-05,-0.000191310508541,-8.92111808064e-09,-0.000101066661191,4.36847718033e-05,1.30363599824e-08
153.517,1789944790.5,-9.02091319478e-05,-0.000192385635845,-9.5624716358e-09,-0.000100962107692,4.2008532079e-05,1.27709443717e-08
153.537,1789944790.52,-8.73466475164e-05,-0.000193064668081,-1.01626744685e-08,-0.000100653481336,4.02584106057e-05,1.24762919093e-08
153.557,1789944790.54,-8.43262391893e-05,-0.000193348818438,-1.07202256529e-08,-0.000100142813058,3.8438430504e-05,1.21563857173e-08
153.577,1789944790.56,-8.11550480264e-05,-0.000193240092659,-1.12347355118e-08,-9.94326415869e-05,3.65527152275e-05,1.18119385722e-08
153.597,1789944790.58,-7.78404723811e-05,-0.000192741279025,-1.17040363176e-08,-9.85257985875e-05,3.4605449507e-05,1.1443374285e-08
153.617,1789944790.6,-7.43901528028e-05,-0.000191855937763,-1.21297090605e-08,-9.74255760562e-05,3.26009858679e-05,1.10544422974e-08
153.637,1789944790.62,-7.08119533979e-05,-0.000190588387207,-1.25087665741e-08,-9.61355148408e-05,3.05436955032e-05,1.0645578597e-08
153.657,1789944790.64,-6.71139459491e-05,-0.000188943690605,-1.28432827144e-08,-9.46595442132e-05,2.84380869077e-05,1.02192430242e-08
153.677,1789944790.66,-6.33043917548e-05,-0.000186927640496,-1.31329027259e-08,-9.30018753339e-05,2.62887322121e-05,9.77702469691e-09
153.697,1789944790.68,-5.9391723575e-05,-0.000184546742107,-1.33772195781e-08,-9.11670473232e-05,2.41002290101e-05,9.32017711188e-09
153.717,1789944790.7,-5.53845277279e-05,-0.000181808195653,-1.35773597498e-08,-8.91599205648e-05,2.18772800531e-05,8.84922623332e-09
153.737,1789944790.72,-5.12915257938e-05,-0.00017871987717,-1.37348744546e-08,-8.69856585579e-05,1.96246175354e-05,8.36779390046e-09
153.757,1789944790.74,-4.71215555415e-05,-0.00017529031867,-1.38498696334e-08,-8.46497330993e-05,1.73469678933e-05,7.8773413467e-09
153.777,1789944790.76,-4.28835530319e-05,-0.000171528685806,-1.39247427673e-08,-8.2157902594e-05,1.50491330348e-05,7.37865146569e-09
153.797,1789944790.78,-3.85865334845e-05,-0.000167444756307,-1.39586762364e-08,-7.95162120849e-05,1.27358674361e-05,6.87411067897e-09
153.817,1789944790.8,-3.4239572171e-05,-0.000163048895533,-1.39560309534e-08,-7.67309748945e-05,1.04119908976e-05,6.36294401672e-09
153.837,1789944790.82,-2.98517865626e-05,-0.000158352032033,-1.39170866642e-08,-7.3808768443e-05,8.08221635475e-06,5.8479853868e-09
153.857,1789944790.84,-2.54323166589e-05,-0.000153365631769,-1.38440714673e-08,-7.07563878114e-05,5.75135678739e-06,5.33208508169e-09
153.877,1789944790.86,-2.09903070545e-05,-0.000148101670867,-1.37387514476e-08,-6.7580869601e-05,3.42408816622e-06,4.81533248682e-09
153.897,1789944790.88,-1.65348881232e-05,-0.000142572609042,-1.3603918421e-08,-6.42894215561e-05,1.10511508459e-06,4.29837530901e-09
153.917,1789944790.9,-1.20751574063e-05,-0.00013679136066,-1.3441066943e-08,-6.08894777144e-05,-1.20093609409e-06,3.78286415227e-09
153.937,1789944790.92,-7.62016197558e-06,-0.000130771265245,-1.32536120609e-08,-5.73886190076e-05,-3.48948371333e-06,3.2701885508e-09
153.957,1789944790.94,-3.17888014072e-06,-0.00012452605855,-1.30416141107e-08,-5.37945843388e-05,-5.75601593003e-06,2.76113167663e-09
153.977,1789944790.96,1.23979634136e-06,-0.000118069841708,-1.28096512229e-08,-5.01152707041e-05,-7.99609286333e-06,2.25636015695e-09
153.997,1789944790.98,5.62707947967e-06,-0.000111417050165,-1.25598380795e-08,-4.6358643161e-05,-1.02053577457e-05,1.75704612326e-09
154.017,1789944791,9.97430202034e-06,-0.000104582422925,-1.22930444858e-08,-4.25328388552e-05,-1.23795445707e-05,1.26431481065e-09
154.037,1789944791.02,1.42729346641e-05,-9.75809699491e-05,-1.20126748245e-08,-3.8646021668e-05,-1.45144880836e-05,7.7865019049e-10
154.057,1789944791.04,1.85146020949e-05,-9.04279408841e-05,-1.17205191922e-08,-3.47064711979e-05,-1.66061245841e-05,3.00577411227e-10
154.077,1789944791.06,2.26910986128e-05,-8.31387916644e-05,-1.14197136331e-08,-3.07224738045e-05,-1.86504954535e-05,-1.69621992375e-10
154.097,1789944791.08,2.67944256566e-05,-7.5729131755e-05,-8.66486705407e-09,-2.6627032896e-05,-2.07191547174e-05,-4.96344177252e-09
154.117,1789944791.1,3.08162777071e-05,-6.82152038399e-05,-7.50426705082e-09,-2.2553147333e-05,-2.26309338678e-05,-3.87612729174e-09
154.137,1789944791.12,3.47493805768e-05,-6.06128930617e-05,-7.17306184963e-09,-1.84858843534e-05,-2.45092714512e-05,-4.22226011571e-09
154.157,1789944791.14,3.85862964284e-05,-5.29381009214e-05,-1.03956121295e-08,-1.43253606529e-05,-2.63519584447e-05,-1.40008851989e-09
154.177,1789944791.16,4.23197245814e-05,-4.52073780825e-05,-1.04103853392e-08,-1.02710864982e-05,-2.80890875308e-05,-1.44279483465e-09
154.197,1789944791.19,4.59429415942e-05,-3.74364031984e-05,-1.0428896383e-08,-6.22393087582e-06,-2.97578908965e-05,-1.48588391518e-09
154.217,1789944791.21,4.94493917007e-05,-2.96410838373e-05,-1.00951307907e-08,-2.21247670822e-06,-3.13489923089e-05,-1.93301746771e-09
154.237,1789944791.22,5.28328488299e-05,-2.18371163838e-05,-9.73201566348e-09,1.78225959429e-06,-3.28697181304e-05,-2.41721846526e-09
154.257,1789944791.25,5.60873568127e-05,-1.40401804754e-05,-8.31704593413e-09,5.72128271905e-06,-3.43490516544e-05,-1.13154079717e-09
154.277,1789944791.27,5.9207030273e-05,-6.26563512951e-06,-8.95516752157e-09,9.69678712153e-06,-3.56917837155e-05,-3.45084180194e-09
154.297,1789944791.29,6.21867447526e-05,1.47077875677e-06,-8.58276031968e-09,1.36055317322e-05,-3.69891670093e-05,-3.94443060624e-09
154.317,1789944791.31,6.50213312319e-05,9.153804403e-06,-8.32824455805e-09,1.74777938094e-05,-3.81990909564e-05,-4.63861040749e-09
154.337,1789944791.33,6.77060653418e-05,1.67682241935e-05,-7.986997419e-09,2.12877248663e-05,-3.93340030389e-05,-5.07405982588e-09
154.357,1789944791.35,7.02364825268e-05,2.42990999809e-05,-7.6620113329e-09,2.50333339013e-05,-4.0383276341e-05,-5.48317005099e-09
154.377,1789944791.37,7.26084687015e-05,3.17317325658e-05,-7.34114530823e-09,2.87033534102e-05,-4.13464555289e-05,-5.83693235841e-09
154.397,1789944791.39,7.48182301446e-05,3.90516748002e-05,-7.05231860244e-09,3.21118977831e-05,-4.21759597876e-05,-6.14557874091e-09
154.417,1789944791.41,7.68626312717e-05,4.62460398498e-05,-6.74129555602e-09,3.57895161388e-05,-4.30012653156e-05,-6.46920503036e-09
154.437,1789944791.43,7.8738235242e-05,5.32995831799e-05,-6.46053409162e-09,3.91925539148e-05,-4.36900519533e-05,-6.756679697e-09
154.457,1789944791.45,8.04424502875e-05,6.01994058376e-05,-6.19132355245e-09,4.2537939054e-05,-4.42958225272e-05,-7.03061076489e-09
154.477,1789944791.47,8.19728689389e-05,6.69322520745e-05,-5.93346085632e-09,4.57307280456e-05,-4.47964181523e-05,-7.28752882281e-09
154.497,1789944791.49,8.33275443903e-05,7.34856639934e-05,-5.68672336145e-09,4.8809668108e-05,-4.52024694235e-05,-7.52997681857e-09
154.517,1789944791.51,8.45048813326e-05,7.98475475299e-05,-5.4480940077e-09,5.17582679685e-05,-4.55112961639e-05,-7.7578974364e-09
154.537,1789944791.53,8.55036730207e-05,8.60063531561e-05,-5.21674504015e-09,5.45825326692e-05,-4.572581166e-05,-7.97379442529e-09
154.557,1789944791.55,8.63230795788e-05,9.19510026884e-05,-4.99125365264e-09,5.72777044163e-05,-4.58463683472e-05,-8.17503932341e-09
154.577,1789944791.57,8.69626298017e-05,9.76709284669e-05,-4.77070051364e-09,5.98420848995e-05,-4.58741569986e-05,-8.36240235095e-09
154.597,1789944791.59,8.74222159523e-05,0.000103156071931,-4.55347233302e-09,6.22715179758e-05,-4.58098074626e-05,-8.53863220593e-09
154.617,1789944791.61,8.77020913189e-05,0.000108396903821,-4.33832300167e-09,6.4562078624e-05,-4.56540854403e-05,-8.69965273218e-09
154.637,1789944791.63,8.78028674679e-05,0.000113384438742,-4.1241342449e-09,6.67094318909e-05,-4.54077395529e-05,-8.84699824051e-09
154.657,1789944791.65,8.77255114407e-05,0.00011811025289,-3.9097005649e-09,6.87095035175e-05,-4.50716985325e-05,-8.98150402589e-09
154.677,1789944791.67,8.74713421209e-05,0.000122566500531,-3.69393240627e-09,7.0558534315e-05,-4.46470089201e-05,-9.10340933998e-09
154.697,1789944791.69,8.70420261902e-05,0.000126745928369,-3.47507023329e-09,7.22531938727e-05,-4.41349547316e-05,-9.20882391496e-09
154.717,1789944791.71,8.64395729705e-05,0.000130641889145,-3.25282496967e-09,7.37906850938e-05,-4.35370122985e-05,-9.30226850953e-09
154.737,1789944791.73,8.56663292884e-05,0.000134248352568,-3.02580824987e-09,7.51686851987e-05,-4.28548959852e-05,-9.38042151854e-09
154.757,1789944791.75,8.47249715051e-05,0.000137559913949,-2.79267890066e-09,7.63853794626e-05,-4.20905210867e-05,-9.44383881188e-09
154.777,1789944791.77,8.36184992976e-05,0.000140571801925,-2.55448807407e-09,7.74393554415e-05,-4.1245933687e-05,-9.49323375219e-09
154.797,1789944791.79,8.2350226678e-05,0.000143279883529,-2.30775655286e-09,7.83296316048e-05,-4.03234239923e-05,-9.52630111525e-09
154.817,1789944791.81,8.09237735952e-05,0.000145680667636,-2.05477727423e-09,7.90555566535e-05,-3.93253519837e-05,-9.5448150162e-09
154.837,1789944791.83,7.93430562153e-05,0.000147771308262,-1.79189145286e-09,7.9616817654e-05,-3.8254273583e-05,-9.5468607156e-09
154.857,1789944791.85,7.76122770251e-05,0.000149549605369,-1.52188234554e-09,8.00134405135e-05,-3.71128612705e-05,-9.53513028456e-09
154.877,1789944791.87,7.57358827317e-05,0.000151013972563,-1.72747734859e-09,8.02307882225e-05,-3.58889146075e-05,-8.64453894013e-09
154.897,1789944791.89,7.37187434773e-05,0.000152163627175,-9.53126819121e-10,8.03143576307e-05,-3.46302068405e-05,-9.46020498783e-09
154.917,1789944791.91,7.15656087581e-05,0.00015299817554,-6.38802878177e-10,8.02076654707e-05,-3.32253884073e-05,-9.39913691215e-09
154.937,1789944791.93,6.92822395085e-05,0.000153518083252,-6.3020904188e-10,7.99582800219e-05,-3.186852755e-05,-7.34499960527e-09
154.957,1789944791.95,6.68738711527e-05,0.00015372427654,-8.15464531282e-10,7.9527394334e-05,-3.04300438521e-05,-7.86518263251e-09
154.977,1789944791.97,6.43462173572e-05,0.000153618550729,3.3606190315e-10,7.89826612699e-05,-2.897198779e-05,-9.22524346784e-09
154.997,1789944791.99,6.17048148106e-05,0.000153202924377,-6.51893127302e-12,7.82333280987e-05,-2.73909041549e-05,-7.06860909536e-09
155.017,1789944792.01,5.89559050259e-05,0.000152480326062,1.36925141663e-09,7.73186214717e-05,-2.57667618911e-05,-8.95169343906e-09
155.037,1789944792.03,5.61059146305e-05,0.000151454401533,1.66813084771e-09,7.62778969186e-05,-2.41220889702e-05,-8.87378649822e-09
155.057,1789944792.05,5.3161315275e-05,0.000150129245041,2.0312662059e-09,7.509497774e-05,-2.24472192571e-05,-9.01377919407e-09
155.077,1789944792.07,5.012867015e-05,0.000148509509883,2.19318520821e-09,7.37792287154e-05,-2.07418990529e-05,-9.08316871061e-09
155.097,1789944792.09,4.70146727671e-05,0.00014660033977,2.5143287767e-09,7.2320419786e-05,-1.90126385854e-05,-8.85092608309e-09
155.117,1789944792.11,4.38261046219e-05,0.000144407457083,2.85325729571e-09,7.07252555345e-05,-1.72571257843e-05,-8.53001989948e-09
155.137,1789944792.13,4.05699452963e-05,0.000141937219495,1.66705703377e-09,6.90432691882e-05,-1.55213469762e-05,-5.63831675177e-09
155.157,1789944792.15,3.72527988476e-05,0.000139196014312,3.5211406383e-09,6.71382618868e-05,-1.36743257517e-05,-7.86208323609e-09
155.177,1789944792.17,3.38822291077e-05,0.000136191667283,3.85110459793e-09,6.52597505663e-05,-1.19454610263e-05,-7.51840508652e-09
155.197,1789944792.19,3.04645714344e-05,0.000132931040066,4.35962421834e-09,6.30398009335e-05,-1.00075103332e-05,-7.46100844873e-09
155.217,1789944792.21,2.70077083233e-05,0.000129423159676,4.70050429505e-09,6.08205436685e-05,-8.16127517613e-06,-7.09023050618e-09
155.237,1789944792.23,2.35188128237e-05,0.000125676654087,5.03628441629e-09,5.84686594145e-05,-6.28865101559e-06,-6.70911134884e-09
155.257,1789944792.25,2.00053017674e-05,0.000121700831054,5.34782046518e-09,5.60412113254e-05,-4.43913006909e-06,-6.28393798035e-09
155.277,1789944792.27,1.64743953035e-05,0.000117505173619,5.64994794338e-09,5.35171381429e-05,-2.59315446389e-06,-5.85141647757e-09
155.297,1789944792.29,1.29333428784e-05,0.000113099593465,5.94075888298e-09,5.0907594042e-05,-7.59390610285e-07,-5.41064296518e-09
155.317,1789944792.31,9.38932994957e-06,0.000108494319341,6.2202222937e-09,4.82119936142e-05,1.06412636421e-06,-4.96852977099e-09
155.337,1789944792.33,5.84951024949e-06,0.000103699926922,6.48602916953e-09,4.54360436239e-05,2.8739522438e-06,-4.5226696647e-09
155.357,1789944792.35,2.32098179439e-06,9.87273054514e-05,6.73736807056e-09,4.25844085919e-05,4.66783082133e-06,-4.07629505815e-09
155.377,1789944792.37,-1.18921775433e-06,9.3587643323e-05,6.97229788049e-09,3.96633714903e-05,6.44220541309e-06,-3.62726145432e-09
155.397,1789944792.39,-4.67412724494e-06,8.82924011624e-05,7.18915320156e-09,3.66794021367e-05,8.19353192314e-06,-3.17585010517e-09
155.417,1789944792.41,-8.12687543796e-06,8.28532870819e-05,7.38641411007e-09,3.36394225984e-05,9.91803625436e-06,-2.72224516574e-09
155.437,1789944792.43,-1.15406964371e-05,7.72822291146e-05,7.56230453665e-09,3.05504088766e-05,1.16119905051e-05,-2.26656040158e-09
155.457,1789944792.45,-1.49089442801e-05,7.15913470659e-05,7.71561846569e-09,2.74193793412e-05,1.32718360586e-05,-1.80979997632e-09
155.477,1789944792.47,-1.82251068151e-05,6.57929255009e-05,7.84566704472e-09,2.4253248816e-05,1.48941338246e-05,-1.35200463701e-09
155.497,1789944792.49,-2.14828197834e-05,5.98993867889e-05,7.94986337828e-09,2.10588781598e-05,1.64756520838e-05,-8.93341861266e-10
155.517,1789944792.51,-2.46758787108e-05,5.3923263264e-05,8.02952949741e-09,1.78430020974e-05,1.80134185007e-05,-4.36034735995e-10
155.537,1789944792.53,-2.77982509343e-05,4.78771719123e-05,8.08189220822e-09,1.46123039652e-05,1.95045238208e-05,2.095602787e-11
155.557,1789944792.55,-3.08440872366e-05,4.17737874204e-05,8.1072834277e-09,1.13733580577e-05,2.09463312393e-05,4.76867752269e-10
155.577,1789944792.57,-3.38077317258e-05,3.56258168991e-05,8.1040125779e-09,8.13273941107e-06,2.23362523446e-05,9.28225230382e-10
155.597,1789944792.59,-3.66837318686e-05,2.94459738278e-05,8.07307470511e-09,4.89692402675e-06,2.367189521e-05,1.37703381217e-09
155.617,1789944792.61,-3.94668484382e-05,2.32469528903e-05,8.01356532082e-09,1.67238896278e-06,2.49509344332e-05,1.81969652572e-09
155.637,1789944792.63,-4.21520641715e-05,1.70414043088e-05,7.92545078453e-09,-1.53448180913e-06,2.6171212249e-05,2.25642483674e-09
155.657,1789944792.65,-4.47345922431e-05,1.08419092343e-05,7.80833278336e-09,-4.71735035842e-06,2.73306439474e-05,2.68755307512e-09
155.677,1789944792.67,-4.72098845994e-05,4.66095426389e-06,7.6629679226e-09,-7.86993585903e-06,2.84273250335e-05,3.1092110985e-09
155.697,1789944792.69,-4.95736395961e-05,-1.48909268163e-06,7.48963714859e-09,-1.0986094944e-05,2.94594273818e-05,3.52217511704e-09
155.717,1789944792.71,-5.18218084456e-05,-7.59600655309e-06,7.28872794263e-09,-1.4059745389e-05,3.04252883524e-05,3.92368197231e-09
155.737,1789944792.73,-5.39506028481e-05,-1.36477292913e-05,7.06119090094e-09,-1.70849555771e-05,3.13234035246e-05,4.31596070146e-09
155.757,1789944792.75,-5.59564997486e-05,-1.96323927778e-05,6.80757342617e-09,-2.00559315101e-05,3.21523603332e-05,4.69423376944e-09
155.777,1789944792.77,-5.78362479597e-05,-2.55383420266e-05,6.52857113803e-09,-2.2967002034e-05,3.29109666201e-05,5.06014706616e-09
155.797,1789944792.79,-5.95868718217e-05,-3.13541567977e-05,6.225445722e-09,-2.58126883788e-05,3.35981196108e-05,5.41176025527e-09
155.817,1789944792.81,-6.12056763293e-05,-3.70686735775e-05,5.89922270468e-09,-2.85876423818e-05,3.42128883361e-05,5.74854198079e-09
155.837,1789944792.83,-6.26902503853e-05,-4.26710063976e-05,5.55183741985e-09,-3.1286727765e-05,3.47545362072e-05,6.06784505875e-09
155.857,1789944792.85,-6.40384697621e-05,-4.81505670047e-05,5.18397816783e-09,-3.3904985136e-05,3.52224055175e-05,6.37261250461e-09
155.877,1789944792.87,-6.5248499554e-05,-5.34970842598e-05,4.79770781409e-09,-3.643765181e-05,3.56160523283e-05,6.65899858452e-09
155.897,1789944792.89,-6.63187963684e-05,-5.87006229707e-05,4.39336998444e-09,-3.88801713759e-05,3.59351726906e-05,6.92697393526e-09
155.917,1789944792.91,-6.72481088862e-05,-6.3751601439e-05,3.97445559406e-09,-4.12281903209e-05,3.61795910306e-05,7.17723166931e-09
155.937,1789944792.93,-6.80354789591e-05,-6.86408089941e-05,3.54099959228e-09,-4.34775883432e-05,3.634931784e-05,7.40748035277e-09
155.957,1789944792.95,-6.86802415872e-05,-7.3359421721e-05,3.09613421059e-09,-4.56244541101e-05,3.64444808937e-05,7.61852179662e-09
155.977,1789944792.97,-6.91820241249e-05,-7.78990182938e-05,2.64071777087e-09,-4.76651463569e-05,3.64653789748e-05,7.80782201088e-09
155.997,1789944792.99,-6.95407454315e-05,-8.22515935156e-05,2.17683326981e-09,-4.95961955205e-05,3.64124622915e-05,7.97822718799e-09
156.017,1789944793.01,-6.97566137986e-05,-8.64095728869e-05,1.70757449578e-09,-5.14144550108e-05,3.62863313971e-05,8.12850459024e-09
156.037,1789944793.03,-6.98301247921e-05,-9.03658239378e-05,1.23201147658e-09,-5.3116933847e-05,3.60876905714e-05,8.25677278453e-09
156.057,1789944793.05,-6.97620587322e-05,-9.41136688554e-05,7.54806347771e-10,-5.47010023285e-05,3.58174295747e-05,8.36396128123e-09
156.077,1789944793.07,-6.95534762015e-05,-9.76468942425e-05,2.76881967535e-10,-5.6164205574e-05,3.54765517857e-05,8.45073315152e-09
156.097,1789944793.09,-6.92057156944e-05,-0.000100959760745,-2.00858480334e-10,-5.75043732493e-05,3.50662133266e-05,8.51505789237e-09
156.117,1789944793.11,-6.87203875564e-05,-0.000104047012234,-6.7447191666e-10,-5.87196082776e-05,3.45877209017e-05,8.56074747402e-09
156.137,1789944793.13,-6.80993698491e-05,-0.000106903881989,-1.14448059567e-09,-5.98082743367e-05,3.40424261233e-05,8.58322694264e-09
156.157,1789944793.15,-6.73448023741e-05,-0.000109526100561,-1.60765684394e-09,-6.07689734214e-05,3.34319301804e-05,8.58612860789e-09
156.177,1789944793.17,-6.64590810076e-05,-0.000111909900213,-2.06220307995e-09,-6.16006350799e-05,3.27578351172e-05,8.56806241392e-09
156.197,1789944793.19,-6.54448511166e-05,-0.000114052019357,-2.50864500102e-09,-6.23023900595e-05,3.20219745217e-05,8.53135849461e-09
156.217,1789944793.21,-6.43050001489e-05,-0.000115949706418,-2.94257921045e-09,-6.28736686368e-05,3.12261955868e-05,8.47459241226e-09
156.237,1789944793.23,-6.30426507506e-05,-0.000117600721368,-3.36404315799e-09,-6.33142025136e-05,3.03725279556e-05,8.39750790008e-09
156.257,1789944793.25,-6.16611526504e-05,-0.000119003337349,-3.77196153154e-09,-6.36239058356e-05,2.94630359387e-05,8.30324641599e-09
156.277,1789944793.27,-6.01640493723e-05,-0.000120156315387,-3.78040156726e-09,-6.37911978208e-05,2.84881192741e-05,7.50915161878e-09
156.297,1789944793.29,-5.85552221032e-05,-0.000121059056519,-4.54104096698e-09,-6.38520878006e-05,2.74855692491e-05,8.05972570191e-09
156.317,1789944793.31,-5.68385343005e-05,-0.000121711252856,-4.37707191692e-09,-6.37557964594e-05,2.64062429966e-05,6.98723723256e-09
156.337,1789944793.33,-5.50181837013e-05,-0.000122113333981,-5.295877149e-09,-6.35497158568e-05,2.52579292888e-05,7.82848208768e-09
156.357,1789944793.35,-5.30988474784e-05,-0.000122266086813,-4.94192453675e-09,-6.32103821009e-05,2.41417423458e-05,6.49438497946e-09
156.377,1789944793.37,-5.1084843328e-05,-0.000122170907262,-5.95572111083e-09,-6.27735865709e-05,2.29717997748e-05,7.5871167187e-09
156.397,1789944793.39,-4.89807326703e-05,-0.00012182944885,-6.23481084997e-09,-6.21921284492e-05,2.17517690794e-05,7.38185998496e-09
156.417,1789944793.41,-4.67912141904e-05,-0.000121243961401,-5.89407671573e-09,-6.14691050403e-05,2.04541327655e-05,5.41574190772e-09
156.437,1789944793.43,-4.45214781327e-05,-0.000120417308873,-5.86306558411e-09,-6.06329279911e-05,1.91542406197e-05,5.40584445901e-09
156.457,1789944793.45,-4.21765913315e-05,-0.000119352797534,-6.15274988958e-09,-5.96893473631e-05,1.78114792267e-05,4.83498797474e-09
156.477,1789944793.47,-3.97617785298e-05,-0.000118054059539,-7.26325828241e-09,-5.86009476269e-05,1.64184531162e-05,6.72803305439e-09
156.497,1789944793.49,-3.72825837013e-05,-0.000116525432778,-7.56564448051e-09,-5.74283201786e-05,1.50363529716e-05,6.55716438897e-09
156.517,1789944793.51,-3.47444877845e-05,-0.000114771585366,-6.61976779682e-09,-5.61855464035e-05,1.36682203923e-05,4.54693973682e-09
156.537,1789944793.53,-3.21527034677e-05,-0.000112797237087,-7.84400672452e-09,-5.47747479685e-05,1.2220646408e-05,6.23296267166e-09
156.557,1789944793.55,-2.95130028214e-05,-0.000110608018187,-7.93391927831e-09,-5.32966766316e-05,1.07916695844e-05,5.90135952645e-09
156.577,1789944793.57,-2.68309663031e-05,-0.000108209702087,-8.09127907935e-09,-5.17136036422e-05,9.34263179534e-06,5.73896700493e-09
156.597,1789944793.59,-2.41122994037e-05,-0.000105608521888,-8.13080995271e-09,-5.00426850806e-05,7.88945781922e-06,5.34510321119e-09
156.617,1789944793.61,-2.13626918165e-05,-0.000102811022077,-8.15215517595e-09,-4.82803992237e-05,6.42767963625e-06,4.94662374564e-09
156.637,1789944793.63,-1.85878810148e-05,-9.98241202404e-05,-8.14827738344e-09,-4.64322997151e-05,4.96188162082e-06,4.52733321058e-09
156.657,1789944793.65,-1.57936160651e-05,-9.66550656003e-05,-8.12947293299e-09,-4.45012870952e-05,3.49389404116e-06,4.11579298582e-09
156.677,1789944793.67,-1.29856574607e-05,-9.3311435593e-05,-8.09573810576e-09,-4.24920488669e-05,2.027168028e-06,3.7116447898e-09
156.697,1789944793.69,-1.0169759699e-05,-8.98011141062e-05,-8.04905671425e-09,-4.04091105134e-05,5.64793353006e-07,3.3162292254e-09
156.717,1789944793.71,-7.35173770708e-06,-8.61323921871e-05,-6.19728791303e-09,-3.83126575271e-05,-8.53908506669e-07,8.65076801577e-10
156.737,1789944793.73,-4.53696528098e-06,-8.23132575489e-05,-7.57701294305e-09,-3.60526025455e-05,-2.34417363012e-06,3.16258962657e-09
156.757,1789944793.75,-1.73144784651e-06,-7.83526944339e-05,-7.8535151525e-09,-3.37666817238e-05,-3.76435527738e-06,2.21828481608e-09
156.777,1789944793.77,1.05922675698e-06,-7.42597907356e-05,-6.00001050521e-09,-3.14856926527e-05,-5.15048346315e-06,1.01498387115e-10
156.797,1789944793.79,3.82975196674e-06,-7.00432449661e-05,-7.85419407461e-09,-2.904797663e-05,-6.57590111661e-06,1.67737016175e-09
156.817,1789944793.81,6.57445082404e-06,-6.57127891055e-05,-7.75725364907e-09,-2.66279718448e-05,-7.94700183433e-06,1.35621713006e-09
156.837,1789944793.83,9.28796343944e-06,-6.12778745539e-05,-7.79154770962e-09,-2.41609617289e-05,-9.29826626109e-06,1.22299180316e-09
156.857,1789944793.85,1.19649688399e-05,-5.67482173784e-05,-7.64175574829e-09,-2.16751591314e-05,-1.06146117722e-05,8.75564492589e-10
156.877,1789944793.87,1.46003140917e-05,-5.21335489053e-05,-7.48093575822e-09,-1.91624276796e-05,-1.19005622119e-05,5.28843511165e-10
156.897,1789944793.89,1.71889527964e-05,-4.74437304653e-05,-7.29933622146e-09,-1.66296899596e-05,-1.31527290763e-05,1.64801596414e-10
156.917,1789944793.91,1.97259752112e-05,-4.26886939762e-05,-7.11301930764e-09,-1.40790535885e-05,-1.437048744e-05,-1.9001096521e-10
156.937,1789944793.93,2.22066043261e-05,-3.787844644e-05,-6.9252296804e-09,-1.15155719127e-05,-1.55516779066e-05,-5.38354774401e-10
156.957,1789944793.95,2.46262066063e-05,-3.30230445162e-05,-6.73498968635e-09,-8.9439841493e-06,-1.66945168019e-05,-8.71901939656e-10
156.977,1789944793.97,2.69802988587e-05,-2.81325780905e-05,-6.54480722124e-09,-6.36971892246e-06,-1.77968317847e-05,-1.19601092117e-09
156.997,1789944793.99,2.92645974784e-05,-2.32171884173e-05,-5.72746067683e-09,-3.81757894855e-06,-1.88758616839e-05,-3.95099329089e-10
157.017,1789944794.01,3.14747780301e-05,-1.82867978318e-05,-6.16393505862e-09,-1.23516474438e-06,-1.98716818408e-05,-1.80647836312e-09
157.037,1789944794.03,3.36069918635e-05,-1.33515965627e-05,-5.9798472402e-09,1.31464463554e-06,-2.08397783619e-05,-2.10813569174e-09
157.057,1789944794.05,3.56574269155e-05,-8.42157489801e-06,-5.84726357819e-09,3.84924737771e-06,-2.17556320721e-05,-2.51551549957e-09
157.077,1789944794.07,3.76225034991e-05,-3.50668994649e-06,-5.65866629785e-09,6.35522584936e-06,-2.26258765331e-05,-2.78521356171e-09
157.097,1789944794.09,3.94988012429e-05,1.38323295386e-06,-5.46905685863e-09,8.83171487897e-06,-2.34448916389e-05,-3.04307339369e-09
157.117,1789944794.11,4.12831085031e-05,6.23847679514e-06,-5.27569960818e-09,1.12730391133e-05,-2.42121444318e-05,-3.27288931021e-09
157.137,1789944794.13,4.29724141669e-05,1.10494652504e-05,-5.08355455277e-09,1.36755115633e-05,-2.49254591674e-05,-3.49555934175e-09
157.157,1789944794.15,4.45639199346e-05,1.58067731097e-05,-4.89202251998e-09,1.60346216731e-05,-2.5583667691e-05,-3.70638707404e-09
157.177,1789944794.17,4.60550438525e-05,2.05011457329e-05,-4.70256721542e-09,1.83461466169e-05,-2.61856096986e-05,-3.91156879853e-09
157.197,1789944794.19,4.74434248051e-05,2.51235145821e-05,-4.51342815438e-09,2.06057960878e-05,-2.67304225842e-05,-4.10831003783e-09
157.217,1789944794.21,4.8726926127e-05,2.96650151117e-05,-4.32760189832e-09,2.28093215866e-05,-2.72174262601e-05,-4.29672285162e-09
157.237,1789944794.23,4.99036376024e-05,3.41170023196e-05,-4.14209078495e-09,2.4952644415e-05,-2.76460673431e-05,-4.47871312489e-09
157.257,1789944794.25,5.09718786171e-05,3.84710678085e-05,-3.95849222263e-09,2.70317324378e-05,-2.80159571462e-05,-4.65154326652e-09
157.277,1789944794.27,5.19302569542e-05,4.27191137177e-05,-2.87721316098e-09,2.90704344107e-05,-2.83544303262e-05,-6.40819774232e-09
157.297,1789944794.29,5.27773106535e-05,4.68530072382e-05,-3.593751178e-09,3.0982067128e-05,-2.85783412189e-05,-4.97341706334e-09
157.317,1789944794.31,5.35123053519e-05,5.08653926929e-05,-2.64199344408e-09,3.28694389059e-05,-2.87938385482e-05,-6.48235644311e-09
157.337,1789944794.33,5.41342543223e-05,5.47487238294e-05,-3.32237656512e-09,3.4624685915e-05,-2.88963827072e-05,-5.05566073745e-09
157.357,1789944794.35,5.46428548801e-05,5.84962139454e-05,-3.14939521825e-09,3.63278908988e-05,-2.89692958399e-05,-5.16361424803e-09
157.377,1789944794.37,5.50377904005e-05,6.21011507247e-05,-3.03866472338e-09,3.79420359891e-05,-2.89786909856e-05,-5.12582091462e-09
157.397,1789944794.39,5.53190426987e-05,6.5557220106e-05,-2.84954270872e-09,3.94757638689e-05,-2.89362836968e-05,-5.25725543705e-09
157.417,1789944794.41,5.54867684193e-05,6.88583952401e-05,-2.65833596431e-09,4.09200777803e-05,-2.88360432685e-05,-5.38416388702e-09
157.437,1789944794.43,5.55413626595e-05,7.19990117706e-05,-2.46018642136e-09,4.22734886761e-05,-2.86793864801e-05,-5.52070648699e-09
157.457,1789944794.45,5.54834382396e-05,7.49737584737e-05,-2.2607152219e-09,4.35323383159e-05,-2.84655028522e-05,-5.64504296405e-09
157.477,1789944794.47,5.53138548769e-05,7.77777172373e-05,-1.75374926315e-09,4.47041223305e-05,-2.82045552273e-05,-6.30479479009e-09
157.497,1789944794.49,5.50335901089e-05,8.04062450947e-05,-1.86322253422e-09,4.57583152066e-05,-2.78686832965e-05,-5.85363556627e-09
157.517,1789944794.51,5.46439944125e-05,8.28552390508e-05,-1.66769194828e-09,4.67217724171e-05,-2.74872730265e-05,-5.92860461286e-09
157.537,1789944794.53,5.41465640538e-05,8.51209197703e-05,-1.37553608417e-09,4.75858543366e-05,-2.70540701483e-05,-6.145486523e-09
157.557,1789944794.55,5.35429918091e-05,8.71998904064e-05,-1.23768031502e-09,4.83443188278e-05,-2.65652144942e-05,-6.08503621316e-09
157.577,1789944794.57,5.28351969069e-05,8.90891774229e-05,-1.0950814955e-09,4.9000162864e-05,-2.60258194088e-05,-6.01969069993e-09
157.597,1789944794.59,5.20252616578e-05,9.0786231961e-05,-4.50488713532e-10,4.95636346548e-05,-2.54208285379e-05,-5.24683355152e-09
157.617,1789944794.61,5.11156395863e-05,9.22887905683e-05,-8.24747592959e-10,5.00010122506e-05,-2.48007477979e-05,-5.81028156602e-09
157.637,1789944794.63,5.01086851462e-05,9.35952024061e-05,-2.87081332992e-10,5.03583562092e-05,-2.41076326229e-05,-5.02516057789e-09
157.657,1789944794.65,4.90071272963e-05,9.47040292735e-05,-3.12235664374e-10,5.06009055549e-05,-2.33678479759e-05,-6.14120946494e-09
157.677,1789944794.67,4.78139014336e-05,9.56143198699e-05,-9.27358596816e-11,5.07360115933e-05,-2.26011192893e-05,-6.17256663886e-09
157.697,1789944794.69,4.653201457e-05,9.63255416488e-05,1.04554339705e-10,5.07655566067e-05,-2.17972380031e-05,-6.25405027336e-09
157.717,1789944794.71,4.51646670445e-05,9.68375926287e-05,1.87246663455e-10,5.06967201055e-05,-2.09798273088e-05,-4.95219903969e-09
157.737,1789944794.73,4.37149546803e-05,9.71507256757e-05,5.39870091397e-10,5.051878739e-05,-2.00822214324e-05,-6.1298941334e-09
157.757,1789944794.75,4.21864701913e-05,9.72656542862e-05,7.61271251679e-10,5.02454951986e-05,-1.91699108708e-05,-6.05571515199e-09
157.777,1789944794.77,4.0582774044e-05,9.71834485897e-05,9.92294157017e-10,4.98732980547e-05,-1.8219433203e-05,-6.08339735264e-09
157.797,1789944794.79,3.89076746814e-05,9.69055891324e-05,5.73507340594e-10,4.94130433041e-05,-1.72722077249e-05,-4.85894757759e-09
157.817,1789944794.81,3.71647322073e-05,9.64338413151e-05,1.43124142061e-09,4.88407302928e-05,-1.62339227961e-05,-5.83413324363e-09
157.837,1789944794.83,3.535813282e-05,9.57704701504e-05,1.78443326509e-09,4.81780616776e-05,-1.52029976772e-05,-5.47447513532e-09
157.857,1789944794.85,3.34918754994e-05,9.49180879537e-05,1.92632858746e-09,4.74290241017e-05,-1.41341763414e-05,-5.65829194008e-09
157.877,1789944794.87,3.15701873442e-05,9.38796264979e-05,2.13791134865e-09,4.6587062272e-05,-1.30536731802e-05,-5.49300200681e-09
157.897,1789944794.89,2.95972943175e-05,9.26583906527e-05,2.33653724165e-09,4.56571740849e-05,-1.1953242368e-05,-5.33668389038e-09
157.917,1789944794.91,2.75775185912e-05,9.1258027688e-05,2.53766619346e-09,4.4640503556e-05,-1.08378829243e-05,-5.13689249931e-09
157.937,1789944794.93,2.55152329826e-05,8.96825282692e-05,2.73638148143e-09,4.35400650768e-05,-9.70784345724e-06,-4.92765158948e-09
157.957,1789944794.95,2.34148685995e-05,8.79362133472e-05,2.88849596403e-09,4.23598218069e-05,-8.56426633305e-06,-4.78634191266e-09
157.977,1789944794.97,2.12809181732e-05,8.60237085307e-05,3.1230149087e-09,4.10988711173e-05,-7.41303319164e-06,-4.48705170456e-09
157.997,1789944794.99,1.91178942198e-05,8.39499664761e-05,3.31011223323e-09,3.97642271395e-05,-6.25263760513e-06,-4.25951411989e-09
158.017,1789944795.01,1.69303510355e-05,8.17202236916e-05,3.49426383343e-09,3.83576816215e-05,-5.08699609047e-06,-4.01952967004e-09
158.037,1789944795.03,1.47228612724e-05,7.93400003492e-05,3.66924510309e-09,3.68831025086e-05,-3.91808325372e-06,-3.78497756505e-09
158.057,1789944795.05,1.25001352195e-05,7.68152509624e-05,3.82968929772e-09,3.54232681542e-05,-2.80703193434e-06,-3.55536462767e-09
158.077,1789944795.07,1.0266247994e-05,7.41513161965e-05,3.99551693438e-09,3.37430184221e-05,-1.58106468271e-06,-3.30054407955e-09
158.097,1789944795.09,8.02620352157e-06,7.13550533224e-05,4.14586150964e-09,3.20816012411e-05,-4.15611339454e-07,-3.05157949004e-09
158.117,1789944795.11,5.78452546602e-06,6.84329145578e-05,4.28863442736e-09,3.03520905435e-05,7.53469792834e-07,-2.79876746781e-09
158.137,1789944795.13,3.54583767575e-06,6.53917368164e-05,4.42015076697e-09,2.85893378059e-05,1.90106774936e-06,-2.54307148214e-09
158.157,1789944795.15,1.31462388893e-06,6.22384109123e-05,4.5406399033e-09,2.67816193937e-05,3.03633673683e-06,-2.28239025578e-09
158.177,1789944795.17,-9.04659244072e-07,5.89800338216e-05,4.65124860564e-09,2.49352624014e-05,4.15533134474e-06,-2.01854251468e-09
158.197,1789944795.19,-3.10762582394e-06,5.56238440834e-05,4.74874617481e-09,2.30506844864e-05,5.25852969865e-06,-1.75277186662e-09
158.217,1789944795.21,-5.28994814051e-06,5.21772355856e-05,4.83409861731e-09,2.11314927086e-05,6.34413268874e-06,-1.48255435204e-09
158.237,1789944795.23,-7.4473682404e-06,4.86477374059e-05,4.90718994311e-09,1.91810085061e-05,7.41065922436e-06,-1.21219921386e-09
158.257,1789944795.25,-9.57570164596e-06,4.50430024892e-05,4.96671652905e-09,1.72033637061e-05,8.45611481301e-06,-9.38264562668e-10
158.277,1789944795.27,-1.16708468013e-05,4.13707908623e-05,5.01288052865e-09,1.52027988728e-05,9.4784428162e-06,-6.63781319467e-10
158.297,1789944795.29,-1.37287922866e-05,3.76389522926e-05,5.04431910529e-09,1.31837865512e-05,1.04755666456e-05,-3.90380101972e-10
158.317,1789944795.31,-1.57456260382e-05,3.3855409296e-05,5.06170561512e-09,1.11508099576e-05,1.14454221882e-05,-1.14204798082e-10
158.337,1789944795.33,-1.77175426332e-05,3.00281386446e-05,5.06412954559e-09,9.10828116643e-06,1.23860357507e-05,1.58643411249e-10
158.357,1789944795.35,-1.96408517717e-05,2.61651549346e-05,5.05265407239e-09,7.06060420484e-06,1.32955871568e-05,4.32628906607e-10
158.377,1789944795.37,-2.15119850976e-05,2.22744922197e-05,5.02553703907e-09,5.01203794954e-06,1.41723506888e-05,7.01900281018e-10
158.397,1789944795.39,-2.33275025608e-05,1.83641883969e-05,4.98353037622e-09,2.96679042472e-06,1.50146940251e-05,9.71650522046e-10
158.417,1789944795.41,-2.50841001025e-05,1.44422679998e-05,4.92664994411e-09,9.2898431489e-07,1.58211849644e-05,1.23452223317e-09
158.437,1789944795.43,-2.67786134571e-05,1.05167262392e-05,4.85439308267e-09,-1.09731876573e-06,1.65903730675e-05,1.49679688746e-09
158.457,1789944795.45,-2.84080253211e-05,6.59551314409e-06,4.768151025e-09,-3.10813165959e-06,1.7321022876e-05,1.75371414087e-09
158.477,1789944795.47,-2.99694694746e-05,2.68651800067e-06,4.66692762718e-09,-5.09953031049e-06,1.80118781447e-05,2.00484456002e-09
158.497,1789944795.49,-3.14602356395e-05,-1.20244629063e-06,4.5508644217e-09,-7.06763142824e-06,1.86618562617e-05,2.25157421116e-09
158.517,1789944795.51,-3.28777745463e-05,-5.06365793858e-06,4.42196257625e-09,-9.00864673819e-06,1.92699241443e-05,2.49048360845e-09
158.537,1789944795.53,-3.42197003268e-05,-8.88950176983e-06,4.27931245004e-09,-1.09188272964e-05,1.98351156031e-05,2.72368954838e-09
158.557,1789944795.55,-3.54837964039e-05,-1.26724836415e-05,4.12220124139e-09,-1.27945365146e-05,2.03565869443e-05,2.94929091781e-09
158.577,1789944795.57,-3.66680171758e-05,-1.64052444083e-05,3.95341588698e-09,-1.46322125293e-05,2.08335751329e-05,3.16613634572e-09
158.597,1789944795.59,-3.77704914924e-05,-2.00805744633e-05,3.7723577242e-09,-1.64283911167e-05,2.12653917886e-05,3.37607194832e-09
158.617,1789944795.61,-3.87895258337e-05,-2.3691426845e-05,3.58006478735e-09,-1.81797179821e-05,2.16514709472e-05,3.57680536065e-09
158.637,1789944795.63,-3.97236058953e-05,-2.7230930777e-05,3.37679203228e-09,-1.98829359929e-05,2.19913281664e-05,3.76654438303e-09
158.657,1789944795.65,-4.05713986375e-05,-3.06924042156e-05,3.1634289919e-09,-2.15349163697e-05,2.22845733554e-05,3.94873974499e-09
158.677,1789944795.67,-4.13317542993e-05,-3.40693661347e-05,2.94037637129e-09,-2.31326640176e-05,2.25308951235e-05,4.1194887484e-09
158.697,1789944795.69,-4.20037067437e-05,-3.73555482943e-05,2.70938865868e-09,-2.4673306231e-05,2.27301441349e-05,4.27872555295e-09
158.717,1789944795.71,-4.25864747126e-05,-4.0544906743e-05,2.46986310904e-09,-2.61540893147e-05,2.2882185587e-05,4.42962118406e-09
158.737,1789944795.73,-4.30794691947e-05,-4.36317743968e-05,2.21309770196e-09,-2.76406047566e-05,2.29902870014e-05,4.57353379839e-09
158.757,1789944795.75,-4.34822503389e-05,-4.6609980234e-05,1.97210361005e-09,-2.89258506149e-05,2.30447997412e-05,4.69490811419e-09
158.777,1789944795.77,-4.37946164971e-05,-4.94747291442e-05,1.71556941901e-09,-3.0209409321e-05,2.30555289091e-05,4.80992032485e-09
158.797,1789944795.79,-4.40165229026e-05,-5.22209172585e-05,1.45483403257e-09,-3.14114920429e-05,2.30190614574e-05,4.91282620356e-09
158.817,1789944795.81,-4.414814054e-05,-5.48438973796e-05,7.95885730797e-10,-3.25688403045e-05,2.29491772653e-05,5.70265967882e-09
158.837,1789944795.83,-4.41897048813e-05,-5.73390693317e-05,5.75978816406e-10,-3.36404897647e-05,2.28199585923e-05,5.69806044767e-09
158.857,1789944795.85,-4.41417144251e-05,-5.97022231353e-05,6.60139030621e-10,-3.46306929994e-05,2.26359683982e-05,5.13713705164e-09
158.877,1789944795.87,-4.40049334579e-05,-6.19295117214e-05,1.84791554366e-10,-3.55602291848e-05,2.24230763942e-05,5.53649102801e-09
158.897,1789944795.89,-4.37801416941e-05,-6.40172885284e-05,-4.47933897335e-10,-3.64169017232e-05,2.21444507587e-05,4.64902902591e-09
158.917,1789944795.91,-4.34685093234e-05,-6.59621339105e-05,-2.21167060172e-10,-3.71685371089e-05,2.18518978531e-05,5.35793833653e-09
158.937,1789944795.93,-4.30711309989e-05,-6.77611441064e-05,-4.11602907821e-10,-3.78514244125e-05,2.15033566579e-05,5.26333908656e-09
158.957,1789944795.95,-4.25893440171e-05,-6.94116824397e-05,-5.38986249601e-10,-3.84761649784e-05,2.10942774078e-05,5.1554991379e-09
158.977,1789944795.97,-4.20248091948e-05,-7.09112289706e-05,-7.91478025688e-10,-3.89942303641e-05,2.06648181816e-05,5.13843114271e-09
158.997,1789944795.99,-4.13792266818e-05,-7.2257749187e-05,-1.33806885823e-09,-3.94203683699e-05,2.02102223736e-05,4.41689339893e-09
159.017,1789944796.01,-4.06543240174e-05,-7.34496112538e-05,-1.31120296256e-09,-3.97776772649e-05,1.96976952664e-05,5.11261279454e-09
159.037,1789944796.03,-3.98521701273e-05,-7.44853710532e-05,-1.87270830174e-09,-4.00351583867e-05,1.91703928887e-05,4.55926081669e-09
159.057,1789944796.05,-3.89747738945e-05,-7.53640759492e-05,-1.7880498605e-09,-4.02317418871e-05,1.85868578676e-05,5.14817852849e-09
159.077,1789944796.07,-3.80244655964e-05,-7.60849173676e-05,-2.02451956383e-09,-4.03370621418e-05,1.79801314397e-05,5.11783700248e-09
159.097,1789944796.09,-3.70036130313e-05,-7.66474947111e-05,-2.23144859251e-09,-4.03633762266e-05,1.7338789917e-05,5.11206955275e-09
159.117,1789944796.11,-3.5914775419e-05,-7.70517054856e-05,-2.35415679458e-09,-4.03104620777e-05,1.66853482757e-05,4.03392444272e-09
159.137,1789944796.13,-3.47604272376e-05,-7.72977454117e-05,-2.67354260358e-09,-4.01710483136e-05,1.59673633606e-05,4.93653485534e-09
159.157,1789944796.15,-3.35434610915e-05,-7.738616062e-05,-3.0726416683e-09,-3.99488700311e-05,1.52438019669e-05,4.51269706451e-09
159.177,1789944796.17,-3.22666703373e-05,-7.73178501139e-05,-3.08789870175e-09,-3.96590472656e-05,1.4479403691e-05,4.83076204005e-09
159.197,1789944796.19,-3.09330861249e-05,-7.70939324236e-05,-3.26898101239e-09,-3.9286376736e-05,1.36993972122e-05,4.71119077093e-09
159.217,1789944796.21,-2.95457661267e-05,-7.67158673855e-05,-3.54956641885e-09,-3.8834173382e-05,1.28997398002e-05,4.38827954197e-09
159.237,1789944796.23,-2.81078339005e-05,-7.61854455271e-05,-3.58829777939e-09,-3.83130368959e-05,1.2073480117e-05,4.44624459845e-09
159.257,1789944796.25,-2.66225420421e-05,-7.55047001629e-05,-3.73476815707e-09,-3.77142944512e-05,1.12317838303e-05,4.28490988969e-09
159.277,1789944796.27,-2.50931898582e-05,-7.46759850053e-05,-3.86512801833e-09,-3.70436088089e-05,1.0372452182e-05,4.13048253168e-09
159.297,1789944796.29,-2.35231510355e-05,-7.37019304012e-05,-3.99101479186e-09,-3.63016968858e-05,9.49828884275e-06,3.95099551998e-09
159.317,1789944796.31,-2.1915854385e-05,-7.25854494325e-05,-4.10814933558e-09,-3.54912003645e-05,8.61047029533e-06,3.76614313668e-09
159.337,1789944796.33,-2.02747836679e-05,-7.13297231135e-05,-4.21189860256e-09,-3.46142286171e-05,7.71093234822e-06,3.57532244029e-09
159.357,1789944796.35,-1.86034682361e-05,-6.99381933855e-05,-4.30576976942e-09,-3.36730941486e-05,6.80149269929e-06,3.38338775307e-09
159.377,1789944796.37,-1.69054767302e-05,-6.84145536415e-05,-4.38692345995e-09,-3.26702099948e-05,5.8840615146e-06,3.18799049416e-09
159.397,1789944796.39,-1.51844088536e-05,-6.67627397382e-05,-4.45707084984e-09,-3.16079868266e-05,4.96059288774e-06,2.99034093997e-09
159.417,1789944796.41,-1.34438882476e-05,-6.49869202414e-05,-4.51599341503e-09,-3.04889713918e-05,4.03302543322e-06,2.79204236576e-09
159.437,1789944796.43,-1.1687554378e-05,-6.30914861445e-05,-4.56331177666e-09,-2.93157538787e-05,3.10330200059e-06,2.59093076185e-09
159.457,1789944796.45,-9.91905524523e-06,-6.10810415277e-05,-4.60054503245e-09,-2.80910448822e-05,2.17334320572e-06,2.38828831736e-09
159.477,1789944796.47,-8.14203976509e-06,-5.89603923557e-05,-4.62753825383e-09,-2.68176397076e-05,1.24504854033e-06,2.18626344305e-09
159.497,1789944796.49,-6.36015015616e-06,-5.67345353778e-05,-4.64409992111e-09,-2.54984004126e-05,3.20294379017e-07,1.98166717639e-09
159.517,1789944796.51,-4.57701483042e-06,-5.44086475138e-05,-4.65068840281e-09,-2.41362765209e-05,-5.99081644609e-07,1.77643331197e-09
159.537,1789944796.53,-2.79624110902e-06,-5.19880735835e-05,-4.64885417095e-09,-2.2734286765e-05,-1.51124292944e-06,1.57070446414e-09
159.557,1789944796.55,-1.02140770021e-06,-4.94783150559e-05,-4.63701959955e-09,-2.1295535183e-05,-2.41441523692e-06,1.36679829943e-09
159.577,1789944796.57,7.43941548395e-07,-4.68850175444e-05,-4.6169133849e-09,-1.98231338124e-05,-3.30683041595e-06,1.16113253263e-09
159.597,1789944796.59,2.49630545549e-06,-4.4213958575e-05,-4.58849201882e-09,-1.83203169617e-05,-4.18675959722e-06,9.57088485287e-10
159.617,1789944796.61,4.23223156143e-06,-4.14710351347e-05,-4.55292811552e-09,-1.67902842673e-05,-5.05250725534e-06,7.51723197944e-10
159.637,1789944796.63,5.94832314464e-06,-3.86622505828e-05,-4.50918055787e-09,-1.52363109916e-05,-5.90243507926e-06,5.50786044779e-10
159.657,1789944796.65,7.64124561464e-06,-3.5793702747e-05,-4.45914666294e-09,-1.36616982109e-05,-6.73491517653e-06,3.49259231847e-10
159.677,1789944796.67,9.30773280529e-06,-3.28715699043e-05,-4.40136419294e-09,-1.20697547898e-05,-7.54838911711e-06,1.49440200197e-10
159.697,1789944796.69,1.0944593108e-05,-2.99020987095e-05,-4.33833283742e-09,-1.04637920159e-05,-8.34133733962e-06,-4.75770494226e-11
159.717,1789944796.71,1.25487155838e-05,-2.68915901713e-05,-4.26977308867e-09,-8.84718652646e-06,-9.11230366868e-06,-2.42992336348e-10
159.737,1789944796.73,1.41170754755e-05,-2.38463877169e-05,-4.19462311341e-09,-7.22320932365e-06,-9.85986248772e-06,-4.36237340964e-10
159.757,1789944796.75,1.56467399932e-05,-2.07728632194e-05,-4.11522861694e-09,-5.5952462496e-06,-1.05826366213e-05,-6.24760757091e-10
159.777,1789944796.77,1.71348733352e-05,-1.76774043191e-05,-4.03106233931e-09,-3.96656305633e-06,-1.12793778749e-05,-8.11470488412e-10
159.797,1789944796.79,1.85788004e-05,-1.4566343145e-05,-3.01893710999e-09,-2.31202759092e-06,-1.19772436523e-05,-2.62984113957e-09
159.817,1789944796.81,1.99756711794e-05,-1.14462327569e-05,-2.53745122487e-09,-6.79839275479e-07,-1.26052770059e-05,-2.06513592061e-09
159.837,1789944796.83,2.13231090952e-05,-8.32351565881e-06,-2.88928655793e-09,9.16611515206e-07,-1.32268424846e-05,-2.8685252665e-09
159.857,1789944796.85,2.26186495242e-05,-5.20433322419e-06,-3.35642255127e-09,2.5464007785e-06,-1.38142312903e-05,-5.48260079992e-10
159.877,1789944796.87,2.38599417204e-05,-2.09517632032e-06,-3.79160328678e-09,4.1322191373e-06,-1.43441515553e-05,-1.31229904025e-09
159.897,1789944796.89,2.50449027986e-05,9.9757838641e-07,-3.76273932583e-09,5.6104700125e-06,-1.48278352994e-05,-1.33923668508e-09
159.917,1789944796.91,2.61717534947e-05,4.06841560049e-06,-2.87596576459e-09,7.16332411341e-06,-1.53281194197e-05,-3.01100540124e-09
159.937,1789944796.93,2.72384416313e-05,7.11111143485e-06,-2.75234316968e-09,8.67028241509e-06,-1.57747444111e-05,-3.18710991144e-09
159.957,1789944796.95,2.82432102491e-05,1.01198250568e-05,-2.21416682553e-09,1.01796414731e-05,-1.61781929723e-05,-2.51689236767e-09
159.977,1789944796.97,2.91845310441e-05,1.30885360809e-05,-2.61406259639e-09,1.16304445723e-05,-1.6570294971e-05,-3.25772505438e-09
159.997,1789944796.99,3.00607915016e-05,1.60116380235e-05,-2.14238639973e-09,1.30767588808e-05,-1.69003407343e-05,-2.44186737201e-09
160.017,1789944797.01,3.08707791684e-05,1.88833674985e-05,-2.57562870462e-09,1.44572086119e-05,-1.72226294591e-05,-3.24467497705e-09
160.037,1789944797.03,3.16131705132e-05,2.16983691475e-05,-2.53334851739e-09,1.581406433e-05,-1.74926602951e-05,-3.22378575272e-09
160.057,1789944797.05,3.22868873454e-05,2.44512617331e-05,-3.1127145689e-09,1.71084527295e-05,-1.77088318788e-05,-2.20273034674e-09
160.077,1789944797.07,3.28911488078e-05,2.71371605123e-05,-3.00169847671e-09,1.84434614741e-05,-1.79125002558e-05,-2.24121018226e-09
160.097,1789944797.09,3.34251160156e-05,2.97506157239e-05,-2.87111156776e-09,1.9669525283e-05,-1.8069638268e-05,-2.32133192888e-09
160.117,1789944797.11,3.38881805346e-05,3.22868179223e-05,-1.77447699908e-09,2.08193305305e-05,-1.81897108565e-05,-2.63606421098e-09
160.137,1789944797.13,3.42798758826e-05,3.47413782505e-05,-2.49862775065e-09,2.19631473377e-05,-1.8275344524e-05,-2.69759879978e-09
160.157,1789944797.15,3.45998607309e-05,3.71097225659e-05,-2.3339590763e-09,2.30285200345e-05,-1.83215913293e-05,-2.87930421846e-09
160.177,1789944797.17,3.4847955553e-05,3.93877021604e-05,-2.22042260973e-09,2.4044347942e-05,-1.83305759076e-05,-3.03623350451e-09
160.197,1789944797.19,3.50241247528e-05,4.15713208929e-05,-2.0417560098e-09,2.50024343784e-05,-1.83020504329e-05,-3.18765605718e-09
160.217,1789944797.21,3.51284815472e-05,4.36568283725e-05,-1.86438120149e-09,2.59059542013e-05,-1.823671341e-05,-3.32257942592e-09
160.237,1789944797.23,3.51612826788e-05,4.56406794143e-05,-1.68501469199e-09,2.67529188956e-05,-1.81349129639e-05,-3.44115973669e-09
160.257,1789944797.25,3.51229283281e-05,4.75195518867e-05,-1.51020959624e-09,2.75423770281e-05,-1.7997231999e-05,-3.54503837626e-09
160.277,1789944797.27,3.50139588478e-05,4.92903481905e-05,-1.33728592749e-09,2.82726556791e-05,-1.78241754138e-05,-3.63256825693e-09
160.297,1789944797.29,3.48350542726e-05,5.09502026296e-05,-1.16975326797e-09,2.89422186126e-05,-1.7616351125e-05,-3.70918477188e-09
160.317,1789944797.31,3.45870299542e-05,5.24964881616e-05,-1.00348095702e-09,2.95497059933e-05,-1.73743780058e-05,-3.77062266298e-09
160.337,1789944797.33,3.42708360477e-05,5.39268210254e-05,-8.40812949707e-10,3.0093918082e-05,-1.70989712544e-05,-3.82115998981e-09
160.357,1789944797.35,3.38875533505e-05,5.52390663292e-05,-6.79745035495e-10,3.0573926703e-05,-1.67908793471e-05,-3.8595754427e-09
160.377,1789944797.37,3.34383912795e-05,5.64313412371e-05,-5.216269011e-10,3.0989048707e-05,-1.64509275475e-05,-3.88773608573e-09
160.397,1789944797.39,3.2924684071e-05,5.7502017348e-05,-3.6469186662e-10,3.13388020059e-05,-1.60799960619e-05,-3.90497722369e-09
160.417,1789944797.41,3.23478874198e-05,5.84497234229e-05,-2.10866344545e-10,3.16229037974e-05,-1.56790393518e-05,-3.91334817447e-09
160.437,1789944797.43,3.17095749762e-05,5.92733453024e-05,-5.6984125253e-11,3.18412310811e-05,-1.52490389565e-05,-3.91196028967e-09
160.457,1789944797.45,3.10114491755e-05,5.99720125991e-05,3.28249952867e-10,3.19865946728e-05,-1.47982857742e-05,-3.4871058265e-09
160.477,1789944797.47,3.02552424448e-05,6.05451921741e-05,2.4480340088e-10,3.20807792498e-05,-1.43062371853e-05,-3.88145509466e-09
160.497,1789944797.49,2.94429135269e-05,6.0992487652e-05,3.87442631152e-10,3.21028819825e-05,-1.37952104761e-05,-3.8671356651e-09
160.517,1789944797.51,2.85764604712e-05,6.1313820686e-05,5.17021883064e-10,3.20610059191e-05,-1.32587592827e-05,-3.87147652633e-09
160.537,1789944797.53,2.76581108729e-05,6.15093844656e-05,6.47749526917e-10,3.19689169056e-05,-1.27578948703e-05,-3.83234988655e-09
160.557,1789944797.55,2.66895400971e-05,6.15794653573e-05,8.07053454851e-10,3.17817694575e-05,-1.21201956816e-05,-3.77296014282e-09
160.577,1789944797.57,2.56734636633e-05,6.15248559001e-05,9.5100769225e-10,3.15459184207e-05,-1.1515898014e-05,-3.7078111692e-09
160.597,1789944797.59,2.46121970155e-05,6.13464677482e-05,1.09515880776e-09,3.12459974804e-05,-1.08849320847e-05,-3.63282612296e-09
160.617,1789944797.61,2.3508247707e-05,6.10454871723e-05,1.2340620698e-09,3.08879840353e-05,-1.02469189762e-05,-3.55331223661e-09
160.637,1789944797.63,2.23641022538e-05,6.06233150402e-05,1.37204544656e-09,3.04704356477e-05,-9.59363624913e-06,-3.46616284482e-09
160.657,1789944797.65,2.11823252712e-05,6.0081590999e-05,1.50585855935e-09,2.99948069721e-05,-8.92723467268e-06,-3.37252368945e-09
160.677,1789944797.67,1.99655280505e-05,5.94221805903e-05,1.63696366824e-09,2.94618375659e-05,-8.24705679263e-06,-3.27455318567e-09
160.697,1789944797.69,1.87163786894e-05,5.86471756762e-05,1.76519036374e-09,2.88728267192e-05,-7.55416903798e-06,-3.16958664322e-09
160.717,1789944797.71,1.74375956505e-05,5.77588879321e-05,1.88935054901e-09,2.82292137027e-05,-6.84972111159e-06,-3.05884031506e-09
160.737,1789944797.73,1.61319429638e-05,5.67598432004e-05,2.00955018331e-09,2.75326305348e-05,-6.13518629477e-06,-2.94375340967e-09
160.757,1789944797.75,1.48022249527e-05,5.5652775571e-05,2.12597068849e-09,2.67848519781e-05,-5.41228311718e-06,-2.82229605652e-09
160.777,1789944797.77,1.34512783899e-05,5.44406196932e-05,2.23837422142e-09,2.59877486971e-05,-4.68264634216e-06,-2.69633907367e-09
160.797,1789944797.79,1.20819667335e-05,5.31265038178e-05,2.34615801528e-09,2.51433110301e-05,-3.94802398655e-06,-2.56462785764e-09
160.817,1789944797.81,1.06971726206e-05,5.17137422137e-05,2.44804101612e-09,2.4253595427e-05,-3.21007933871e-06,-2.42824781023e-09
160.837,1789944797.83,9.299792018e-06,5.02058264588e-05,2.54576991984e-09,2.33206939102e-05,-2.47043010261e-06,-2.28958128848e-09
160.857,1789944797.85,7.89272712211e-06,4.86064172315e-05,2.63677499609e-09,2.23468195554e-05,-1.7306432572e-06,-2.14369948298e-09
160.877,1789944797.87,6.47883645686e-06,4.69192925318e-05,2.00242533262e-09,2.13119831548e-05,-9.70021031097e-07,-7.17982372709e-10
160.897,1789944797.89,5.06117265043e-06,4.51485809762e-05,2.06933524017e-09,2.02625266222e-05,-2.3408548354e-07,-5.44852624197e-10
160.917,1789944797.91,3.64257594493e-06,4.32983158072e-05,2.90070459081e-09,1.91483389329e-05,5.09159079165e-07,-1.73045620126e-09
160.937,1789944797.93,2.226044944e-06,4.13730278937e-05,2.1197814119e-09,1.80661158042e-05,1.2106991939e-06,-7.12902903316e-10
160.957,1789944797.95,8.14290517448e-07,3.93768973774e-05,3.14981494901e-09,1.6958132899e-05,1.90445990576e-06,-1.70733136059e-09
160.977,1789944797.97,-5.90036115081e-07,3.73141575424e-05,2.26422894012e-09,1.57696805549e-05,2.62417049948e-06,-5.6625351198e-10
160.997,1789944797.99,-1.98404902167e-06,3.51895714143e-05,2.34100168934e-09,1.45773861528e-05,3.32236177889e-06,-4.7851339976e-10
161.017,1789944798.01,-3.36505715403e-06,3.30077309452e-05,3.38058333801e-09,1.33275206576e-05,4.02984031407e-06,-1.30877940399e-09
161.037,1789944798.03,-4.73018880191e-06,3.07737122758e-05,2.4742237391e-09,1.21233337115e-05,4.68917097768e-06,-2.72033263955e-10
161.057,1789944798.05,-6.07692946737e-06,2.84921091303e-05,2.54227762292e-09,1.08737517572e-05,5.35057218083e-06,-1.77083967936e-10
161.077,1789944798.07,-7.40271086979e-06,2.61678142799e-05,3.31908486723e-09,9.59069047153e-06,6.01829552399e-06,-1.38239616794e-09
161.097,1789944798.09,-8.70477016637e-06,2.3806030815e-05,3.65249052044e-09,8.37042978562e-06,6.60949924267e-06,-8.19638207405e-10
161.117,1789944798.11,-9.98097655264e-06,2.1411312018e-05,2.93342649946e-09,7.06309517496e-06,7.24542183665e-06,6.92388754688e-10
161.137,1789944798.13,-1.12287005545e-05,1.89889016409e-05,2.61146953252e-09,5.76409547903e-06,7.82888321915e-06,4.6152436816e-10
161.157,1789944798.15,-1.24456892355e-05,1.65439492875e-05,3.62917510233e-09,4.49424092597e-06,8.39277399739e-06,-1.90367096179e-10
161.177,1789944798.17,-1.36297501344e-05,1.40813502507e-05,3.63957015827e-09,3.19564498626e-06,8.94714476058e-06,-1.12137099544e-10
161.197,1789944798.19,-1.47787291354e-05,1.16061625931e-05,2.58362387992e-09,1.86637895338e-06,9.49575610773e-06,7.82997660999e-10
161.217,1789944798.21,-1.58904505658e-05,9.12371571234e-06,2.82463496775e-09,5.79782075393e-07,1.00201006299e-05,1.53801386824e-09
