receive_sec,t_act,trajectory_id,piece,x_pos,x_vel,x_acc,x_jerk,x_ratio,y_pos,y_vel,y_acc,y_jerk,y_ratio,z_pos,z_vel,z_acc,z_jerk,z_ratio,yaw_pos,yaw_vel,yaw_acc,yaw_jerk,yaw_ratio
1789944660.09,0,,0,-9.94168721568,6.71784058151e-07,0.414236743392,-0.0690394665623,0,-8.82954309115,0.00124942899962,0.367481152465,-0.0612642119247,0,0.0249921562138,0.00500264063808,0.0389577799451,-0.00656244444415,0,1.57076329133,-6.70590056202e-08,-0.0654484481192,0.0109080756179,0
1789944660.12,0.0300020929426,,0,-9.94150107372,0.0123975689882,0.412165414895,-0.0690394665623,0.250017441667,-8.82934049182,0.0122470599693,0.365643097881,-0.0612642119247,0.250017441667,0.0251597498135,0.006168502063,0.0387608928765,-0.00656244444415,0.250017441667,1.57073388251,-0.00195874816721,-0.0651211830201,0.0109080756179,0.250017441667
1789944660.16,0.0699806362391,,0,-9.94067679348,0.0288201702356,0.409405317475,-0.0690394665623,0.583171983333,-8.82855932385,0.0268159802052,0.363193843828,-0.0612642119247,0.583171983333,0.0254372631226,0.00771286183793,0.038498535896,-0.00656244444415,0.583171983333,1.5706036497,-0.00455348121134,-0.0646850940282,0.0109080756179,0.583171983333
1789944660.19,0.100017048419,,0,-9.93962677106,0.0410860921753,0.407331619889,-0.0690394665623,0.833475383333,-8.82759031066,0.0376973828303,0.361353686963,-0.0612642119247,0.833475383333,0.0256862665653,0.00886625929739,0.0383014236372,-0.00656244444415,0.833475383333,1.57043774976,-0.0064914685316,-0.0643574546184,0.0109080756179,0.833475383333
1789944660.22,0.130009502172,,0,-9.9382116017,0.05327191532,0.405260956795,-0.0690394665623,1.08341250833,-8.8262974217,0.0485077119957,0.359516222843,-0.0612642119247,1.08341250833,0.0259693849118,0.0100120614075,0.0381045998175,-0.00656244444415,1.08341250833,1.57021415744,-0.00841680042786,-0.0640302946513,0.0109080756179,1.08341250833
1789944660.26,0.169994175434,,0,-9.93575831722,0.0694209504875,0.402500436714,-0.0690394665623,1.41661806667,-8.8240711172,0.062833874645,0.357066593731,-0.0612642119247,1.41661806667,0.0264001042482,0.0115304152109,0.0378422026617,-0.00656244444415,1.41661806667,1.56982654572,-0.0109683106658,-0.0635941388801,0.0109080756179,1.41661806667
1789944660.29,0.199996501207,,0,-9.93349468404,0.0814658304306,0.400429091579,-0.0690394665623,1.66663751667,-8.82202552509,0.0735191326651,0.355228524382,-0.0612642119247,1.66663751667,0.0267630457197,0.0126628160549,0.0376453140117,-0.00656244444415,1.66663751667,1.56946889809,-0.012871373863,-0.0632668711521,0.0109080756179,1.66663751667
1789944660.32,0.229987278581,,0,-9.93087168903,0.0934439593684,0.398358544679,-0.0690394665623,1.91656061667,-8.81966115047,0.0841451584101,0.353391163371,-0.0612642119247,1.91656061667,0.0271597138163,0.0137888768008,0.0374485012366,-0.00656244444415,1.91656061667,1.56905447211,-0.0147638905562,-0.0629397295433,0.0109080756179,1.91656061667
1789944660.36,0.26999014616,,0,-9.92681566747,0.109324201385,0.395596768494,-0.0690394665623,2.24991779167,-8.81601300365,0.0982327976162,0.350940419617,-0.0612642119247,2.24991779167,0.0277412014106,0.0152816732838,0.0371859846837,-0.00656244444415,2.24991779167,1.56841363164,-0.0172729320997,-0.0625033753106,0.0109080756179,2.24991779167
1789944660.39,0.29998755455,,0,-9.92335854446,0.121160026893,0.393525761653,-0.0690394665623,2.49989640833,-8.81290865123,0.108732545512,0.349102650463,-0.0612642119247,2.49989640833,0.0282163137036,0.0163942048103,0.0369891281896,-0.00656244444415,2.49989640833,1.56786741536,-0.019142965181,-0.0621761610322,0.0109080756179,2.49989640833
1789944660.42,0.329980045557,,0,-9.91954796939,0.13293178237,0.391455097868,-0.0690394665623,2.74983361667,-8.80949075236,0.119175439489,0.347265185731,-0.0612642119247,2.74983361667,0.0287246235561,0.0175006483261,0.0367923043043,-0.00656244444415,2.74983361667,1.56726535448,-0.021002875346,-0.061849000956,0.0109080756179,2.74983361667
1789944660.46,0.369996756315,,0,-9.91391578436,0.148541260266,0.388692363692,-0.0690394665623,3.083306425,-8.80444434976,0.133022806703,0.344813591875,-0.0612642119247,3.083306425,0.0294543307905,0.0189677019412,0.0365296966909,-0.00656244444415,3.083306425,1.56637548382,-0.0234691367862,-0.0614124953628,0.0109080756179,3.083306425
1789944660.49,0.399980098009,,0,-9.90928761438,0.160164521525,0.386622330031,-0.0690394665623,3.333167575,-8.80030116341,0.143333930894,0.342976686301,-0.0612642119247,3.333167575,0.0300394364359,0.0200600343635,0.036332932701,-0.00656244444415,3.333167575,1.56564424483,-0.025305585209,-0.0610854348446,0.0109080756179,3.333167575
1789944660.52,0.429991751909,,0,-9.9043070102,0.171736600221,0.384550342346,-0.0690394665623,3.58326458333,-8.79584529363,0.15359963378,0.341138046767,-0.0612642119247,3.58326458333,0.030657803931,0.021147489904,0.0361359829742,-0.00656244444415,3.58326458333,1.56485732206,-0.0271339469057,-0.0607580655952,0.0109080756179,3.58326458333
1789944660.56,0.470086544752,,0,-9.89711290608,0.187099577515,0.381782218397,-0.0690394665623,3.91738795833,-8.78941319877,0.167228253272,0.338681670136,-0.0612642119247,3.91738795833,0.0315346839003,0.0225910802237,0.0358728630439,-0.00656244444415,3.91738795833,1.56372067179,-0.0295612618228,-0.0603207084303,0.0109080756179,3.91738795833
1789944660.59,0.500017285347,,0,-9.89134218052,0.198495669001,0.379715817592,-0.0690394665623,4.16681060833,-8.78425650724,0.177337797126,0.336847988286,-0.0612642119247,4.16681060833,0.0322268901391,0.0236618412953,0.0356764443699,-0.00656244444415,4.16681060833,1.56280891166,-0.0313618179482,-0.0599942218951,0.0109080756179,4.16681060833
1789944660.62,0.529987335205,,0,-9.8852230313,0.209844770191,0.37764670043,-0.0690394665623,4.41656113333,-8.77879067793,0.187405638655,0.335011895995,-0.0612642119247,4.41656113333,0.0329520299453,0.0247281193715,0.0354797674965,-0.00656244444415,4.41656113333,1.5618421014,-0.0331549497158,-0.0596673061816,0.0109080756179,4.41656113333
1789944660.66,0.569994211197,,0,-9.87652631249,0.224897985468,0.374884646845,-0.0690394665623,4.74995179167,-8.77102571534,0.200759390814,0.332560906081,-0.0612642119247,4.74995179167,0.0339696483668,0.0261423023753,0.0352172245756,-0.00656244444415,4.74995179167,1.56046804148,-0.0355333229522,-0.0592309081203,0.0109080756179,4.74995179167
1789944660.69,0.599994421005,,0,-9.86961093381,0.236113538759,0.372813447728,-0.0690394665623,4.99995361667,-8.76485351075,0.210708721529,0.330722966307,-0.0612642119247,4.99995361667,0.034769741614,0.027195873682,0.0350203498051,-0.00656244444415,4.99995361667,1.5593754288,-0.0373053544617,-0.0589036634628,0.0109080756179,4.99995361667
1789944660.72,0.629985511303,,0,-9.86236227713,0.24726356852,0.370742879356,-0.0690394665623,5.24987930833,-8.75838566656,0.220599908952,0.328885586242,-0.0612642119247,5.24987930833,0.0356010956047,0.028243220555,0.0348235349891,-0.00656244444415,5.24987930833,1.55823015897,-0.0390670334052,-0.0585765184616,0.0109080756179,5.24987930833
1789944660.76,0.66998565197,,0,-9.85217584873,0.262038091127,0.367981293375,-0.0690394665623,5.583213525,-8.74929919044,0.233706355635,0.326435011271,-0.0612642119247,5.583213525,0.0367586163964,0.0296309156624,0.0345610365157,-0.00656244444415,5.583213525,1.55662072838,-0.041401373846,-0.0581401942806,0.0109080756179,5.583213525
1789944660.79,0.699990451336,,0,-9.84414809863,0.273048239759,0.365909773985,-0.0690394665623,5.83325400833,-8.74214019692,0.243473413969,0.324596787292,-0.0612642119247,5.83325400833,0.0376632157717,0.0306649605989,0.0343641313021,-0.00656244444415,5.83325400833,1.55535236359,-0.0431409518956,-0.0578128990207,0.0109080756179,5.83325400833
1789944660.82,0.7299913764,,0,-9.83579205252,0.28399478576,0.363838529164,-0.0690394665623,6.08326135,-8.73468997858,0.253184033043,0.32275880696,-0.0612642119247,6.08326135,0.0385986268392,0.0316929615394,0.0341672521872,-0.00656244444415,6.08326135,1.55403212878,-0.044870480877,-0.0574856471421,0.0109080756179,6.08326135
1789944660.86,0.769994795322,,0,-9.82414090225,0.298494334569,0.361076713558,-0.0690394665623,6.41662328333,-8.72430415063,0.26604647325,0.320308028224,-0.0612642119247,6.41662328333,0.039893722546,0.0330545180324,0.0339047318872,-0.00656244444415,6.41662328333,1.55219127552,-0.0471613760955,-0.0570492866809,0.0109080756179,6.41662328333
1789944660.89,0.799999535084,,0,-9.81502242334,0.309297280312,0.359005200312,-0.0690394665623,6.666663025,-8.71617757903,0.275629663984,0.318469809698,-0.0612642119247,6.666663025,0.0409007481594,0.0340688676417,0.0337078272575,-0.00656244444415,6.666663025,1.5507505781,-0.0488682165692,-0.0567219923917,0.0109080756179,6.666663025
1789944660.92,0.829982817173,,0,-9.80558762479,0.320030388836,0.356935172934,-0.0690394665623,6.91652341667,-8.70777043056,0.285150884837,0.316632909699,-0.0612642119247,6.91652341667,0.0419373655371,0.0350765879495,0.0335110638648,-0.00656244444415,6.91652341667,1.5492599029,-0.0505640229241,-0.0563949328662,0.0109080756179,6.91652341667
1789944660.96,0.870045185089,,0,-9.79248073813,0.334274665895,0.354169285932,-0.0690394665623,7.25037678333,-8.69609315985,0.297786795971,0.31417851809,-0.0612642119247,7.25037678333,0.0433694402123,0.0364138553793,0.0332481565643,-0.00656244444415,7.25037678333,1.54718904665,-0.0528145857981,-0.0559579291339,0.0109080756179,7.25037678333
1789944660.99,0.900002479553,,0,-9.78230816581,0.344853634315,0.352101051439,-0.0690394665623,7.50002076667,-8.68703157458,0.307171238748,0.312343209062,-0.0612642119247,7.50002076667,0.0444751898839,0.0374069349533,0.0330515635917,-0.00656244444415,7.50002076667,1.5455818049,-0.0544860383739,-0.0556311528802,0.0109080756179,7.50002076667
1789944661.02,0.929992139339,,0,-9.7718080931,0.355381982286,0.35003058062,-0.0690394665623,7.74993468333,-8.67767942824,0.316510758602,0.310505915564,-0.0612642119247,7.74993468333,0.045611844981,0.0383951893717,0.0328547580484,-0.00656244444415,7.74993468333,1.54392281884,-0.0561494930363,-0.0553040232921,0.0109080756179,7.74993468333
1789944661.06,0.969985544682,,0,-9.7573159696,0.369325676057,0.347269458792,-0.0690394665623,8.083212875,-8.66477342285,0.328879945451,0.308055752472,-0.0612642119247,8.083212875,0.0471736036414,0.039703914075,0.0325923036944,-0.00656244444415,8.083212875,1.54163309838,-0.0583525644477,-0.0548677724461,0.0109080756179,8.083212875
1789944661.09,1.00001144409,,0,-9.7460704052,0.379721631637,0.34519648688,-0.0690394665623,8.33342868333,-8.65475991937,0.338101979232,0.306216239555,-0.0612642119247,8.33342868333,0.0483804115373,0.0406795690281,0.0323952604134,-0.00656244444415,8.33342868333,1.53985632636,-0.0599951014195,-0.0545402476911,0.0109080756179,8.33342868333
1789944661.12,1.02998614311,,0,-9.7345335802,0.390037791803,0.343127046682,-0.0690394665623,8.5832182,-8.64448810939,0.347253209517,0.304379860609,-0.0612642119247,8.5832182,0.0496142949974,0.0416476604715,0.0321985528343,-0.00656244444415,8.5832182,1.53803353583,-0.0616250309007,-0.0542132809388,0.0109080756179,8.5832182
1789944661.16,1.0700160265,,0,-9.71864626015,0.403717795509,0.340363408503,-0.0690394665623,8.916800125,-8.63034440982,0.359388399397,0.301927464559,-0.0612642119247,8.916800125,0.0513071709287,0.0429313053109,0.0319358592923,-0.00656244444415,8.916800125,1.53552337754,-0.0637864398933,-0.0537766325152,0.0109080756179,8.916800125
1789944661.19,1.10000491142,,0,-9.70638648092,0.41389386413,0.338292993054,-0.0690394665623,9.16670735833,-8.61943126739,0.368415313838,0.300090220195,-0.0612642119247,9.16670735833,0.052608963152,0.0438860746708,0.0317390590121,-0.00656244444415,9.16670735833,1.53358636191,-0.0653942352354,-0.0534495116754,0.0109080756179,9.16670735833
1789944661.22,1.13001549244,,0,-9.69381324971,0.424015149773,0.336221077307,-0.0690394665623,9.41679568333,-8.60824004309,0.377393612721,0.298251644497,-0.0612642119247,9.41679568333,0.0539402736487,0.0448356276565,0.0315421161234,-0.00656244444415,9.41679568333,1.5315998216,-0.066993374994,-0.0531221537922,0.0109080756179,9.41679568333
1789944661.26,1.16999268532,,0,-9.67659435774,0.437401172403,0.333461069845,-0.0690394665623,9.74993936667,-8.59291520978,0.389267935274,0.295802470271,-0.0612642119247,9.74993936667,0.0557578134934,0.0460913504826,0.0312797676938,-0.00656244444415,9.74993936667,1.52887927801,-0.0691083356582,-0.0526860790134,0.0109080756179,9.74993936667
1789944661.29,1.19999349117,,0,-9.66332223531,0.447374188926,0.331389833309,-0.0690394665623,9.99994570833,-8.58110403334,0.398114664194,0.293964497292,-0.0612642119247,9.99994570833,0.0571546361597,0.0470268140675,0.0310828893664,-0.00656244444415,9.99994570833,1.5267823145,-0.0706840492397,-0.0523588284439,0.0109080756179,9.99994570833
1789944661.32,1.22998964787,,0,-9.6497539591,0.457283545654,0.329318915667,-0.0690394665623,10.2499135583,-8.56903015492,0.406904903193,0.292126807291,-0.0612642119247,10.2499135583,0.0585792133356,0.0479562284902,0.030886041351,-0.00656244444415,10.2499135583,1.52463855938,-0.072249704721,-0.0520316282587,0.0109080756179,10.2499135583
1789944661.36,1.26998758316,,0,-9.63120086241,0.470400401591,0.326557478466,-0.0690394665623,10.5832298167,-8.55252176842,0.418540370568,0.289676364345,-0.0612642119247,10.5832298167,0.060522000526,0.049186357441,0.0306235570197,-0.00656244444415,10.5832298167,1.52170721453,-0.0743221376721,-0.0515953275846,0.0109080756179,10.5832298167
1789944661.39,1.29998135567,,0,-9.61694521265,0.480164029171,0.324486726173,-0.0690394665623,10.8331777083,-8.53983814992,0.427201292748,0.287838821072,-0.0612642119247,10.8331777083,0.0620110290309,0.0501019207934,0.0304267247213,-0.00656244444415,10.8331777083,1.51945485597,-0.075864768286,-0.0512681535243,0.0109080756179,10.8331777083
1789944661.42,1.32999122143,,0,-9.6023897347,0.489870754462,0.322414858823,-0.0690394665623,11.0832601917,-8.52688854571,0.435811719319,0.286000288321,-0.0612642119247,11.0832601917,0.0635282540658,0.0510120686498,0.0302297864329,-0.00656244444415,11.0832601917,1.51715512525,-0.0773984084703,-0.0509408032876,0.0109080756179,11.0832601917
1789944661.46,1.36999690533,,0,-9.5825348456,0.502713937985,0.319652886912,-0.0690394665623,11.4166409917,-8.50922538292,0.44720433458,0.283549370883,-0.0612642119247,11.4166409917,0.0655931480645,0.0522161808451,0.0299672512755,-0.00656244444415,11.4166409917,1.5140181002,-0.0794276018147,-0.0505044181305,0.0109080756179,11.4166409917
1789944661.49,1.39998698235,,0,-9.56731499656,0.512269293715,0.317582390548,-0.0690394665623,11.6665579917,-8.49568646994,0.455680440963,0.281712054717,-0.0612642119247,11.6665579917,0.0671725602254,0.0531119487701,0.0297704433041,-0.00656244444415,11.6665579917,1.51161340039,-0.0809373259594,-0.0501772845064,0.0109080756179,11.6665579917
1789944661.52,1.42999756336,,0,-9.55179879657,0.521769035461,0.315510476183,-0.0690394665623,11.91664615,-8.48188465221,0.464107194494,0.279873480245,-0.0612642119247,11.91664615,0.068779857147,0.0540024218277,0.0295735005467,-0.00656244444415,11.91664615,1.5091618778,-0.0824382632235,-0.0498499268413,0.0109080756179,11.91664615
1789944661.56,1.46999645233,,0,-9.53067692264,0.534333895487,0.312748969805,-0.0690394665623,12.2499707583,-8.46309761672,0.475252831872,0.277422975912,-0.0612642119247,12.2499707583,0.0709634850475,0.0551800812054,0.0293110096398,-0.00656244444415,12.2499707583,1.50582467208,-0.0844234821006,-0.0494136152373,0.0109080756179,12.2499707583
1789944661.59,1.50001132488,,0,-9.51449839642,0.54368991566,0.310676759398,-0.0690394665623,12.50009465,-8.44870827817,0.48355204937,0.275584138739,-0.0612642119247,12.50009465,0.0726328813016,0.0560568912337,0.0291140387426,-0.00656244444415,12.50009465,1.50326850348,-0.0859017116896,-0.0490862107984,0.0109080756179,12.50009465
1789944661.62,1.52998840809,,0,-9.49806087596,0.552972079276,0.308607157372,-0.0690394665623,12.7499037,-8.43408924837,0.491785732,0.273747616189,-0.0612642119247,12.7499037,0.0743263553991,0.0569266966863,0.0289173157811,-0.00656244444415,12.7499037,1.50067141439,-0.0873682721137,-0.0487592184776,0.0109080756179,12.7499037
1789944661.66,1.56999802589,,0,-9.47569042658,0.565264064913,0.305844917104,-0.0690394665623,13.0833168917,-8.41419465722,0.502689225115,0.271296460617,-0.0612642119247,13.0833168917,0.0766270436839,0.0580784139608,0.0286547551154,-0.00656244444415,13.0833168917,1.49713693662,-0.0893103774701,-0.0483227909208,0.0109080756179,13.0833168917
1789944661.69,1.60001838207,,0,-9.45858346251,0.574414544066,0.30377232415,-0.0690394665623,13.3334869583,-8.39898174828,0.510806049135,0.26945728398,-0.0612642119247,13.3334869583,0.0783834639651,0.0589356842814,0.0284577478558,-0.00656244444415,13.3334869583,1.49443407699,-0.0907561320546,-0.0479953260402,0.0109080756179,13.3334869583
1789944661.72,1.63000380993,,0,-9.4412231986,0.583492220369,0.301702152893,-0.0690394665623,13.5833647167,-8.38354419787,0.518858273044,0.267620256307,-0.0612642119247,13.5833647167,0.0801634339445,0.0597860490576,0.0282609707869,-0.00656244444415,13.5833647167,1.49169119656,-0.0921903839574,-0.0476682437822,0.0109080756179,13.5833647167
1789944661.76,1.67008590698,,0,-9.41759398059,0.595529623678,0.298934904709,-0.0690394665623,13.9173823833,-8.36253293964,0.529535847455,0.265164656813,-0.0612642119247,13.9173823833,0.0825824168092,0.060913537146,0.0279979341012,-0.00656244444415,13.9173823833,1.48795783626,-0.0940922658968,-0.0472310249863,0.0109080756179,13.9173823833
1789944661.79,1.70000433922,,0,-9.39964318419,0.604442389141,0.296869351916,-0.0690394665623,14.166702675,-8.34657165312,0.537441739816,0.26333172747,-0.0612642119247,14.166702675,0.0844173558741,0.0617482544537,0.0278015960337,-0.00656244444415,14.166702675,1.48512165306,-0.095500462269,-0.046904672435,0.0109080756179,14.166702675
1789944661.82,1.73000013828,,0,-9.3813791889,0.613316172924,0.294798455745,-0.0690394665623,14.4166679333,-8.33033245075,0.545313032576,0.261494056523,-0.0612642119247,14.4166679333,0.0862820238019,0.0625792341505,0.0276047500592,-0.00656244444415,14.4166679333,1.48223598517,-0.0969024996266,-0.0465774756422,0.0109080756179,14.4166679333
1789944661.86,1.76999247074,,0,-9.35661627066,0.625050622426,0.292037410689,-0.0690394665623,14.7499368583,-8.30831568287,0.555721781319,0.259043961557,-0.0612642119247,14.7499368583,0.0888067148007,0.0636779628689,0.0273423030026,-0.00656244444415,14.7499368583,1.47832350284,-0.0987565155665,-0.046141236926,0.0109080756179,14.7499368583
1789944661.89,1.80000936985,,0,-9.33772292793,0.633785580595,0.289965059165,-0.0690394665623,15.0000777833,-8.29151820654,0.563469880872,0.25720499916,-0.0612642119247,15.0000777833,0.0907304188757,0.0644957379144,0.0271453186917,-0.00656244444415,15.0000777833,1.4753383995,-0.100136618799,-0.045813810191,0.0109080756179,15.0000777833
1789944661.92,1.82998657227,,0,-9.31859380522,0.642446913855,0.287895446092,-0.0690394665623,15.2498881667,-8.27451163962,0.571152651314,0.255368466808,-0.0612642119247,15.2498881667,0.0926759908838,0.0653065311885,0.0269485946803,-0.00656244444415,15.2498881667,1.47231604347,-0.101505089467,-0.0454868161248,0.0109080756179,15.2498881667
1789944661.96,1.86998713017,,0,-9.29266596554,0.653907667214,0.285133826973,-0.0690394665623,15.5832263833,-8.25146155163,0.581318526826,0.252917862431,-0.0612642119247,15.5832263833,0.0953097799059,0.0663792406582,0.0266860930569,-0.00656244444415,15.5832263833,1.46821950625,-0.103315862051,-0.045050486708,0.0109080756179,15.5832263833
1789944661.99,1.89999127388,,0,-9.27291798225,0.662431790954,0.283062355979,-0.0690394665623,15.833261025,-8.2339060105,0.588879537543,0.251079681398,-0.0612642119247,15.833261025,0.097313415591,0.0671769804655,0.0264891924435,-0.00656244444415,15.833261025,1.46509937167,-0.104662653932,-0.0447231990946,0.0109080756179,15.833261025
1789944662.02,1.93000626564,,0,-9.25290792657,0.670896796651,0.280990139359,-0.0690394665623,16.0833856667,-8.21611799406,0.596388086991,0.249240838711,-0.0612642119247,16.0833856667,0.0993416322214,0.0679690963923,0.0262922209557,-0.00656244444415,16.0833856667,1.46193783026,-0.1060001053,-0.044395793674,0.0109080756179,16.0833856667
1789944662.06,1.96996831894,,0,-9.22587392267,0.682070595969,0.278231184679,-0.0690394665623,16.416402275,-8.19208677519,0.606299329368,0.246792598703,-0.0612642119247,16.416402275,0.1020787368,0.0690145459586,0.0260299725968,-0.00656244444415,16.416402275,1.45766652164,-0.107765539811,-0.0439598852325,0.0109080756179,16.416402275
1789944662.09,1.99999678135,,0,-9.20526721943,0.690394340633,0.27615803147,-0.0690394665623,16.6666399667,-8.17376951036,0.613682525251,0.244952924906,-0.0612642119247,16.6666399667,0.104162847837,0.0697932288713,0.0258329120828,-0.00656244444415,16.6666399667,1.4544107113,-0.109080672264,-0.0436323318329,0.0109080756179,16.6666399667
1789944662.12,2.03003549576,,0,-9.18440435456,0.698658635179,0.274084172055,-0.0690394665623,16.9169629,-8.15522501617,0.621012965249,0.243112624438,-0.0612642119247,16.9169629,0.106270974547,0.0705662565766,0.0256357844417,-0.00656244444415,16.9169629,1.451114428,-0.110386411735,-0.0433046668546,0.0109080756179,16.9169629
1789944662.16,2.07008051872,,0,-9.15620763332,0.709578947105,0.271319494971,-0.0690394665623,17.250670225,-8.13016235603,0.630699259468,0.240659306484,-0.0612642119247,17.250670225,0.109117276191,0.0715875767199,0.025372992148,-0.00656244444415,17.250670225,1.44665941273,-0.112111795826,-0.0428678542864,0.0109080756179,17.250670225
1789944662.19,2.1000585556,,0,-9.13481419336,0.717681569794,0.269249822386,-0.0690394665623,17.5004877917,-8.11114732191,0.637886241475,0.238822721322,-0.0612642119247,17.5004877917,0.11127470802,0.0723452622271,0.0251762624797,-0.00656244444415,17.5004877917,1.4432792998,-0.113391991519,-0.0425408508174,0.0109080756179,17.5004877917
1789944662.22,2.13003253937,,0,-9.11318172054,0.725721065801,0.267180429342,-0.0690394665623,17.7502716167,-8.0919202726,0.645017206576,0.23698638422,-0.0612642119247,17.7502716167,0.113454469457,0.073096949009,0.0249795593827,-0.00656244444415,17.7502716167,1.43986142022,-0.114662213343,-0.0422138915153,0.0109080756179,17.7502716167
1789944662.26,2.16999959946,,0,-9.08396410838,0.736344347489,0.264421123251,-0.0690394665623,18.0833306417,-8.06595219104,0.654439930327,0.234537832377,-0.0612642119247,18.0833306417,0.11639582223,0.0740900678137,0.0247172776209,-0.00656244444415,18.0833306417,1.43524510653,-0.116340667345,-0.0417779275517,0.0109080756179,18.0833306417
1789944662.29,2.2000234127,,0,-9.06173747308,0.744252126641,0.262348304193,-0.0690394665623,18.333528,-8.04619806165,0.661454007417,0.232698455099,-0.0612642119247,18.333528,0.118631389682,0.0748292137572,0.0245202488692,-0.00656244444415,18.333528,1.43173335066,-0.117590078211,-0.0414504269472,0.0109080756179,18.333528
1789944662.32,2.22998285294,,0,-9.03932265881,0.752080954233,0.260279919608,-0.0690394665623,18.5831901,-8.0262771052,0.668398031192,0.230863012882,-0.0612642119247,18.5831901,0.120884206813,0.0755608818536,0.0243236416299,-0.00656244444415,18.5831901,1.42819186294,-0.118827014913,-0.0411236269793,0.0109080756179,18.5831901
1789944662.36,2.27002072334,,0,-9.00900296263,0.762446704319,0.257515717653,-0.0690394665623,18.916840075,-7.99933140072,0.677592219281,0.228410116549,-0.0612642119247,18.916840075,0.123928938874,0.0765294918098,0.0240608944989,-0.00656244444415,18.916840075,1.42340142252,-0.12046477952,-0.0406868894804,0.0109080756179,18.916840075
1789944662.39,2.29998683929,,0,-8.98604021788,0.770132408629,0.255446884864,-0.0690394665623,19.166556275,-7.97892443366,0.684409237704,0.226574276605,-0.0612642119247,19.166556275,0.126232990744,0.0772475528279,0.0238642446562,-0.00656244444415,19.166556275,1.41977336305,-0.121679103076,-0.0403600186973,0.0109080756179,19.166556275
1789944662.42,2.33000588417,,0,-8.96280678485,0.777769575477,0.25337438532,-0.0690394665623,19.4167150667,-7.95827730333,0.691183179447,0.224735182858,-0.0612642119247,19.4167150667,0.12856261225,0.0779609780481,0.0236672462755,-0.00656244444415,19.4167150667,1.41610253545,-0.122885757825,-0.0400325685754,0.0109080756179,19.4167150667
1789944662.46,2.36999845505,,0,-8.93149976561,0.78784749761,0.250613308506,-0.0690394665623,19.749987825,-7.93045593069,0.700121959603,0.22228505971,-0.0612642119247,19.749987825,0.131699341628,0.0789022478143,0.0234047962002,-0.00656244444415,19.749987825,1.41115610027,-0.124478046282,-0.0395963248415,0.0109080756179,19.749987825
1789944662.49,2.39998960495,,0,-8.90775905564,0.795332585264,0.248542747797,-0.0690394665623,19.9999125917,-7.90935889996,0.7067609523,0.220447686446,-0.0612642119247,19.9999125917,0.134076193049,0.0796012290789,0.0232079821126,-0.00656244444415,19.9999125917,1.40740512409,-0.125660672872,-0.0392691810511,0.0109080756179,19.9999125917
1789944662.52,2.43000125885,,0,-8.88377814341,0.802760686362,0.246470755279,-0.0690394665623,20.2500101833,-7.8880487916,0.713349374132,0.218609042623,-0.0612642119247,20.2500101833,0.136475584313,0.0802947849249,0.0230110319265,-0.00656244444415,20.2500101833,1.4036161965,-0.126834295718,-0.038941811038,0.0109080756179,20.2500101833
1789944662.56,2.47000908852,,0,-8.85146484107,0.81256621493,0.243708629893,-0.0690394665623,20.5834095083,-7.85933486501,0.722046436225,0.216157988995,-0.0612642119247,20.5834095083,0.139706357639,0.0812101563919,0.0227484821807,-0.00656244444415,20.5834095083,1.39851077091,-0.128383546623,-0.0385054016323,0.0109080756179,20.5834095083
1789944662.59,2.49999761581,,0,-8.82698785331,0.819843648255,0.241638233844,-0.0690394665623,20.8333144,-7.83758479091,0.72850116096,0.214320761845,-0.0612642119247,20.8333144,0.142151935011,0.0818894003754,0.0225516837446,-0.00656244444415,20.8333144,1.39464346454,-0.12953336431,-0.0381782838576,0.0109080756179,20.8333144
1789944662.62,2.52999138832,,0,-8.80228932203,0.827060219913,0.239567484312,-0.0690394665623,21.0832619583,-7.81563821217,0.734901877765,0.212483221023,-0.0612642119247,21.0832619583,0.144618216181,0.0825628571087,0.0223548517087,-0.00656244444415,21.0832619583,1.39074115479,-0.130673565995,-0.0378511102336,0.0109080756179,21.0832619583
1789944662.66,2.57002401352,,0,-8.76898879222,0.836595387893,0.236803660693,-0.0690394665623,21.4168662667,-7.78604863227,0.743359024836,0.210030660418,-0.0612642119247,21.4168662667,0.147941257961,0.0834525195951,0.0220921405399,-0.00656244444415,21.4168662667,1.38547974954,-0.132180100555,-0.037414432511,0.0109080756179,21.4168662667
1789944662.69,2.60003852844,,0,-8.74377230634,0.843671872533,0.234731464164,-0.0690394665623,21.6669884833,-7.76364262929,0.749635429101,0.208191835559,-0.0612642119247,21.6669884833,0.150455979075,0.0841126518266,0.0218951709618,-0.00656244444415,21.6669884833,1.38149560417,-0.133298168816,-0.0370870302646,0.0109080756179,21.6669884833
1789944662.72,2.63003253937,,0,-8.71836198087,0.850681340404,0.232660698063,-0.0690394665623,21.9169380417,-7.74106473096,0.755852366211,0.206354280034,-0.0612642119247,21.9169380417,0.152988668834,0.0847664225156,0.0216983373509,-0.00656244444415,21.9169380417,1.37748083258,-0.134405648582,-0.0367598540226,0.0109080756179,21.9169380417
1789944662.76,2.67001438141,,0,-8.68416506324,0.859928331887,0.229900382132,-0.0690394665623,22.2501189583,-7.71068018095,0.764053796634,0.203904832079,-0.0612642119247,22.2501189583,0.156395048252,0.0856287139914,0.0214359596003,-0.00656244444415,22.2501189583,1.37207780012,-0.135866651923,-0.0363237305066,0.0109080756179,22.2501189583
1789944662.79,2.69999551773,,0,-8.65828039569,0.866789984188,0.227830498563,-0.0690394665623,22.4999619917,-7.68768159195,0.770139566557,0.202068059694,-0.0612642119247,22.4999619917,0.158971901367,0.0862684396189,0.0212392098772,-0.00656244444415,22.4999619917,1.36798808358,-0.136950777173,-0.0359966937026,0.0109080756179,22.4999619917
1789944662.82,2.73002362251,,0,-8.63214996037,0.873600168648,0.225757376559,-0.0690394665623,22.7501959167,-7.66446496195,0.776179660089,0.200228413589,-0.0612642119247,22.7501959167,0.161571922122,0.086903253492,0.0210421523295,-0.00656244444415,22.7501959167,1.3638595363,-0.138026770623,-0.0356691452335,0.0109080756179,22.7501959167
1789944662.86,2.76998901367,,0,-8.59705642695,0.8825675655,0.222998171473,-0.0690394665623,23.08324275,-7.63328520491,0.784132985624,0.197779951375,-0.0612642119247,23.08324275,0.165061799506,0.0877389752212,0.0207798801685,-0.00656244444415,23.08324275,1.3583148406,-0.139443598661,-0.0352331972284,0.0109080756179,23.08324275
1789944662.89,2.80000734329,,0,-8.57046322821,0.889230451152,0.220925734893,-0.0690394665623,23.3333939417,-7.60965815635,0.790042370236,0.195940913501,-0.0612642119247,23.3333939417,0.167704893286,0.0883597919627,0.0205828877728,-0.00656244444415,23.3333939417,1.35411317777,-0.140496319241,-0.0349057570546,0.0109080756179,23.3333939417
1789944662.92,2.83000683784,,0,-8.54368755994,0.895827069647,0.21885457796,-0.0690394665623,23.583390675,-7.58586929951,0.795892952658,0.194103011159,-0.0612642119247,23.583390675,0.170364884935,0.0889743175046,0.0203860170119,-0.00656244444415,23.583390675,1.34988268517,-0.141538569763,-0.0345785190621,0.0109080756179,23.583390675
1789944662.96,2.87003874779,,0,-8.50765135231,0.904532896156,0.216090802807,-0.0690394665623,23.9169891333,-7.55385338559,0.803614159126,0.191650493561,-0.0612642119247,23.9169891333,0.173942952954,0.0897851484559,0.02012331045,-0.00656244444415,23.9169891333,1.34418904913,-0.142914070294,-0.0341418489969,0.0109080756179,23.9169891333
1789944662.99,2.8999979496,,0,-8.48045555586,0.910975831552,0.21402243203,-0.0690394665623,24.1666495667,-7.52969197245,0.809328370504,0.189815063597,-0.0612642119247,24.1666495667,0.176641850338,0.0903850827015,0.0199267045232,-0.00656244444415,24.1666495667,1.33989217724,-0.143932039243,-0.0338150512107,0.0109080756179,24.1666495667
1789944663.02,2.92999482155,,0,-8.45303324275,0.917364752574,0.211951470893,-0.0690394665623,24.4166226667,-7.50532961105,0.814994646726,0.187977335001,-0.0612642119247,24.4166226667,0.179362046622,0.0909798670493,0.0197298523734,-0.00656244444415,24.4166226667,1.33555951625,-0.144941474047,-0.0334878441534,0.0109080756179,24.4166226667
1789944663.06,2.96998405457,,0,-8.41617970233,0.925785348613,0.209190628605,-0.0690394665623,24.7498671167,-7.4725888692,0.822462749925,0.185527419968,-0.0612642119247,24.7498671167,0.183015976435,0.0917636035495,0.0194674245907,-0.00656244444415,24.7498671167,1.32973674351,-0.146271908824,-0.0330516374742,0.0109080756179,24.7498671167
1789944663.09,3.00000596046,,0,-8.38829186798,0.932034543895,0.207117929882,-0.0690394665623,25.00004995,-7.44781360866,0.828005033761,0.183688149473,-0.0612642119247,25.00004995,0.185779641398,0.0923450959815,0.0192704072773,-0.00656244444415,25.00004995,1.32533053123,-0.147259267285,-0.0327241558825,0.0109080756179,25.00004995
1789944663.12,3.02999854088,,0,-8.36024499091,0.938215472898,0.205047264786,-0.0690394665623,25.2499873167,-7.42289733817,0.833486742562,0.181850683577,-0.0612642119247,25.2499873167,0.188557938042,0.092920111743,0.0190735832673,-0.00656244444415,25.2499873167,1.32089919057,-0.148235839832,-0.0323969955991,0.0109080756179,25.2499873167
1789944663.16,3.07000398636,,0,-8.32254794604,0.946363227293,0.202285312275,-0.0690394665623,25.583365775,-7.38940848894,0.840712729986,0.179399783354,-0.0612642119247,25.583365775,0.192290438644,0.0936779069801,0.0188110499539,-0.00656244444415,25.583365775,1.31494314606,-0.149523166262,-0.0319606135071,0.0109080756179,25.583365775
1789944663.19,3.09999465942,,0,-8.29407520693,0.952398853102,0.200214771657,-0.0690394665623,25.8332881167,-7.36411453732,0.84606549989,0.177562427918,-0.0612642119247,25.8332881167,0.19510833308,0.0942391119129,0.018614237776,-0.00656244444415,25.8332881167,1.31044452018,-0.150476781242,-0.0316334728909,0.0109080756179,25.8332881167
1789944663.22,3.13000130653,,0,-8.26540691829,0.958375580028,0.198143116742,-0.0690394665623,26.0833449583,-7.33864713776,0.851366002447,0.175724083677,-0.0612642119247,26.0833449583,0.197944499908,0.0947947115708,0.0184173196803,-0.00656244444415,26.0833449583,1.30591499792,-0.151421090334,-0.0313061562184,0.0109080756179,26.0833449583
1789944663.26,3.17002654076,,0,-8.22688974629,0.966251001016,0.195379796766,-0.0690394665623,26.416888475,-7.30443092262,0.85835032471,0.173271969994,-0.0612642119247,26.416888475,0.201753361594,0.0955266123013,0.0181546563845,-0.00656244444415,26.416888475,1.29982937522,-0.152665388717,-0.0308695580702,0.0109080756179,26.416888475
1789944663.29,3.19999599457,,0,-8.19784444787,0.972075392745,0.193310732212,-0.0690394665623,26.66663265,-7.27862922533,0.863515652032,0.171435924386,-0.0612642119247,26.66663265,0.204624350835,0.0960677476038,0.0179579845117,-0.00656244444415,26.66663265,1.29524028629,-0.153585629202,-0.0305426506687,0.0109080756179,26.66663265
1789944663.32,3.23000097275,,0,-8.16859054144,0.977844618065,0.191239197632,-0.0690394665623,26.9166749667,-7.25264247438,0.868632022086,0.169597686929,-0.0612642119247,26.9166749667,0.207514925378,0.09660362423,0.0177610778543,-0.00656244444415,26.9166749667,1.29061823777,-0.154497153522,-0.0302153530089,0.0109080756179,26.9166749667
1789944663.36,3.27018284798,,0,-8.12914534882,0.985473217922,0.188465067802,-0.0690394665623,27.251523275,-7.21760302699,0.875397304026,0.167135980802,-0.0612642119247,27.251523275,0.21141089995,0.0973119984695,0.0174973870438,-0.00656244444415,27.251523275,1.28438598995,-0.15570245474,-0.0297770469288,0.0109080756179,27.251523275
1789944663.39,3.30000376701,,0,-8.09967398653,0.99106274982,0.186406236968,-0.0690394665623,27.5000322,-7.19142369592,0.880354236958,0.165309016388,-0.0612642119247,27.5000322,0.21432059914,0.0978308713122,0.0173016879221,-0.00656244444415,27.5000322,1.2797295839,-0.156585587915,-0.0294517564313,0.0109080756179,27.5000322
1789944663.42,3.33000516891,,0,-8.0698571755,0.996624120049,0.184334959008,-0.0690394665623,27.7500435417,-7.16493775057,0.885286161039,0.16347100665,-0.0612642119247,27.7500435417,0.217263415359,0.0983469921295,0.0171048056573,-0.00656244444415,27.7500435417,1.27501859775,-0.157464271612,-0.0291244993169,0.0109080756179,27.7500435417
1789944663.46,3.37000799179,,0,-8.02984269823,1.00394278979,0.181573189106,-0.0690394665623,28.0833999583,-7.12939371059,0.891776435961,0.161020268471,-0.0612642119247,28.0833999583,0.221211183191,0.0990259810534,0.0168422897015,-0.00656244444415,28.0833999583,1.26869640426,-0.15862060459,-0.0286881460768,0.0109080756179,28.0833999583
1789944663.49,3.4000043869,,0,-7.99964661968,1.00935827706,0.179502251511,-0.0690394665623,28.3333702167,-7.10257143397,0.896578906998,0.159182560765,-0.0612642119247,28.3333702167,0.224189156905,0.0995282372369,0.0166454397896,-0.00656244444415,28.3333702167,1.26392549471,-0.159476239119,-0.0283609427392,0.0109080756179,28.3333702167
1789944663.52,3.4299929142,,0,-7.96929714929,1.01471022343,0.177431866508,-0.0690394665623,28.583273775,-7.07561314134,0.901324993972,0.157345343418,-0.0612642119247,28.583273775,0.227181307355,0.100024456971,0.0164486424034,-0.00656244444415,28.583273775,1.25913034961,-0.160321834332,-0.0280338267098,0.0109080756179,28.583273775
1789944663.56,3.47002649307,,0,-7.92853308995,1.02175815427,0.174667960663,-0.0690394665623,28.9168880083,-7.03940432634,0.907575017498,0.154892709847,-0.0612642119247,28.9168880083,0.231198768183,0.10067769831,0.0161859234188,-0.00656244444415,28.9168880083,1.25268972387,-0.16143539119,-0.0275971359957,0.0109080756179,28.9168880083
1789944663.59,3.49998784065,,0,-7.89784190675,1.02696042766,0.172599455743,-0.0690394665623,29.1665646333,-7.01214304736,0.912188290561,0.153057160847,-0.0612642119247,29.1665646333,0.234222427753,0.101159702453,0.0159893047411,-0.00656244444415,29.1665646333,1.24784058893,-0.16225733842,-0.027270317015,0.0109080756179,29.1665646333
1789944663.62,3.52998685837,,0,-7.86695663587,1.0321071947,0.170528332018,-0.0690394665623,29.4165573583,-6.98470959894,0.916752304476,0.151219287973,-0.0612642119247,29.4165573583,0.237264295754,0.101636414708,0.0157924371368,-0.00656244444415,29.4165573583,1.24296078858,-0.163070515775,-0.0269430842692,0.0109080756179,29.4165573583
1789944663.66,3.57002401352,,0,-7.82549814654,1.03887931614,0.167764193786,-0.0690394665623,29.7501996417,-6.9478849746,0.922757580035,0.148766448187,-0.0612642119247,29.7501996417,0.241346107597,0.102263437991,0.015529696063,-0.00656244444415,29.7501996417,1.23641044451,-0.164140495389,-0.0265063568385,0.0109080756179,29.7501996417
1789944663.69,3.5999891758,,0,-7.79429277198,1.04387543008,0.16569540318,-0.0690394665623,29.99991075,-6.9201677209,0.927187910977,0.146930645676,-0.0612642119247,29.99991075,0.244417408363,0.102725844226,0.0153330502299,-0.00656244444415,29.99991075,1.23148006851,-0.164929869902,-0.0261794927202,0.0109080756179,29.99991075
1789944663.72,3.63000798225,,0,-7.76288272471,1.04881827157,0.163622933461,-0.0690394665623,30.2500659417,-6.89226889185,0.931570963503,0.145091578395,-0.0612642119247,30.2500659417,0.247507975608,0.103183164512,0.0151360546842,-0.00656244444415,30.2500659417,1.2265173547,-0.165710827495,-0.0258520473106,0.0109080756179,30.2500659417
1789944663.76,3.6699886322,,0,-7.72082027531,1.05530484112,0.160862692231,-0.0690394665623,30.5832378417,-6.85490879138,0.937322852016,0.142642196728,-0.0612642119247,30.5832378417,0.251645330545,0.103783068612,0.0148736840341,-0.00656244444415,30.5832378417,1.21987158633,-0.166735690571,-0.0254159355971,0.0109080756179,30.5832378417
1789944663.79,3.70004987717,,0,-7.68902393563,1.06010940777,0.158787267485,-0.0690394665623,30.8337497167,-6.82666735603,0.94158319781,0.140800507216,-0.0612642119247,30.8337497167,0.25477188836,0.104227227544,0.0146764076026,-0.00656244444415,30.8337497167,1.2148478392,-0.167494801057,-0.0250880233001,0.0109080756179,30.8337497167
1789944663.82,3.72999858856,,0,-7.65720431594,1.06483389192,0.156719636881,-0.0690394665623,31.0833208083,-6.79840545371,0.945772491785,0.138965734066,-0.0612642119247,31.0833208083,0.257899893077,0.104663821416,0.0144798720317,-0.00656244444415,31.0833208083,1.20982041389,-0.168241258695,-0.0247613424593,0.0109080756179,31.0833208083
1789944663.86,3.76999282837,,0,-7.61449233598,1.07104658119,0.153958445944,-0.0690394665623,31.4166073417,-6.76046937733,0.951281343108,0.136515509649,-0.0612642119247,31.4166073417,0.262097368817,0.105237686497,0.0142174111087,-0.00656244444415,31.4166073417,1.20307202118,-0.169222849324,-0.0243250806943,0.0109080756179,31.4166073417
1789944663.89,3.80001378059,,0,-7.58226951079,1.0756374379,0.151885820541,-0.0690394665623,31.666781325,-6.73184983494,0.955352051287,0.134676304217,-0.0612642119247,31.666781325,0.265263073715,0.10566154845,0.0140204007646,-0.00656244444415,31.666781325,1.19798089032,-0.169948194135,-0.023997610687,0.0109080756179,31.666781325
1789944663.92,3.83004426956,,0,-7.54989936579,1.08016751946,0.149812528355,-0.0690394665623,31.9170357917,-6.70309964953,0.959368827842,0.132836507095,-0.0612642119247,31.9170357917,0.268442439059,0.106079629485,0.0138233270405,-0.00656244444415,31.9170357917,1.19286648328,-0.170663936615,-0.0236700353294,0.0109080756179,31.9170357917
1789944663.96,3.86999750137,,0,-7.50662427669,1.08609792108,0.147054174112,-0.0690394665623,32.249979925,-6.66466433278,0.964627187145,0.130388799902,-0.0612642119247,32.249979925,0.272691632993,0.106626679259,0.0135611357551,-0.00656244444415,32.249979925,1.18602912061,-0.171600926448,-0.0232342217555,0.0109080756179,32.249979925
1789944663.99,3.90001678467,,0,-7.4739545883,1.09048125553,0.144981667733,-0.0690394665623,32.5001395417,-6.63564856701,0.968513744499,0.128549700089,-0.0612642119247,32.5001395417,0.275898556417,0.107030816209,0.0133641367247,-0.00656244444415,32.5001395417,1.1808673864,-0.172293483225,-0.0229067705536,0.0109080756179,32.5001395417
1789944664.02,3.93000435829,,0,-7.44118888813,1.09479785356,0.142911345694,-0.0690394665623,32.7500355,-6.60654772269,0.972341084605,0.126712538615,-0.0612642119247,32.7500355,0.279114123986,0.107428622817,0.0131673453235,-0.00656244444415,32.7500355,1.17569048255,-0.172975495802,-0.0225796644724,0.0109080756179,32.7500355
1789944664.06,3.97001004219,,0,-7.39727702618,1.10045988518,0.140149368328,-0.0690394665623,33.0834169583,-6.5675477185,0.977361292392,0.124261616337,-0.0612642119247,33.0834169583,0.283422356187,0.1079501412,0.0129048096477,-0.00656244444415,33.0834169583,1.16875251124,-0.173870083798,-0.0221432784536,0.0109080756179,33.0834169583
1789944664.09,3.99999070168,,0,-7.36422194602,1.10463061436,0.13807952639,-0.0690394665623,33.3332549667,-6.53819030852,0.981059192181,0.122424880895,-0.0612642119247,33.3332549667,0.286664532148,0.108334085359,0.0127080638817,-0.00656244444415,33.3332549667,1.16352988601,-0.174529049433,-0.0218162482271,0.0109080756179,33.3332549667
1789944664.12,4.03000068665,,0,-7.33101020708,1.10874328118,0.136007657728,-0.0690394665623,33.5833376083,-6.50869395193,0.98470556557,0.12058634698,-0.0612642119247,33.5833376083,0.289921321908,0.108712498248,0.0125111254686,-0.00656244444415,33.5833376083,1.15828250905,-0.175178841352,-0.0214888977832,0.0109080756179,33.5833376083
1789944664.16,4.05999135971,,0,-7.29769727471,1.11279120839,0.133937110206,-0.0690394665623,33.8332607833,-6.47910790788,0.98829449234,0.118748985417,-0.0612642119247,33.8332607833,0.293187291678,0.109084765387,0.0123143126345,-0.00656244444415,33.8332607833,1.15301914376,-0.175818404562,-0.0211617560762,0.0109080756179,33.8332607833
1789944664.19,4.09998464584,,0,-7.25308684856,1.11809256542,0.131176003014,-0.0690394665623,34.1665372083,-6.43948856365,0.992994646183,0.116298835313,-0.0612642119247,34.1665372083,0.297559715476,0.109572005635,0.0120518596716,-0.00656244444415,34.1665372083,1.14597080091,-0.17665600681,-0.0207255075427,0.0109080756179,34.1665372083
1789944664.22,4.1300110817,,0,-7.21945563358,1.12200019746,0.1291029903,-0.0690394665623,34.4167579417,-6.40962027131,0.996459074167,0.114459286189,-0.0612642119247,34.4167579417,0.300855181297,0.109930922338,0.0118548125123,-0.00656244444415,34.4167579417,1.14065714771,-0.177273403708,-0.0203979763411,0.0109080756179,34.4167579417
1789944664.26,4.17002105713,,0,-7.17446188413,1.12711034044,0.126340725869,-0.0690394665623,34.75017405,-6.36966105158,1.00098954682,0.112008109175,-0.0612642119247,34.75017405,0.305262928644,0.110399980029,0.0115922495497,-0.00656244444415,34.75017405,1.13354824065,-0.178080794579,-0.0199615449665,0.0109080756179,34.75017405
1789944664.29,4.2000079155,,0,-7.14060659233,1.13086789436,0.124270430824,-0.0690394665623,35.00006675,-6.33959416885,1.00432080265,0.110170971655,-0.0612642119247,35.00006675,0.308578689077,0.110744647688,0.0113954607145,-0.00656244444415,35.00006675,1.12819918382,-0.178674479482,-0.0196344431503,0.0109080756179,35.00006675
1789944664.32,4.22998046875,,0,-7.10665621759,1.1345615712,0.122201149831,-0.0690394665623,35.24983705,-6.30944301693,1.00759537679,0.108334733984,-0.0612642119247,35.24983705,0.311903065031,0.111083249729,0.0111987682683,-0.00656244444415,35.24983705,1.1228351041,-0.179258071955,-0.019307501552,0.0109080756179,35.24983705
1789944664.36,4.26999759674,,0,-7.06115694236,1.13939645991,0.11943837216,-0.0690394665623,35.5833151083,-6.26903561422,1.01188159366,0.105883101531,-0.0612642119247,35.5833151083,0.316357220908,0.111526140433,0.0109361565206,-0.00656244444415,35.5833151083,1.11564632514,-0.18002197329,-0.0188709890867,0.0109080756179,35.5833151083
1789944664.39,4.30002212524,,0,-7.02689369656,1.14295140987,0.117365501943,-0.0690394665623,35.8335186417,-6.23860700357,1.01503305899,0.104043678856,-0.0612642119247,35.8335186417,0.319710628719,0.111851534323,0.0107391229061,-0.00656244444415,35.8335186417,1.11023281251,-0.180583647238,-0.0185434803993,0.0109080756179,35.8335186417
1789944664.42,4.32998800278,,0,-6.99259172914,1.14643737709,0.115296671295,-0.0690394665623,36.0832345833,-6.20814417266,1.01812331654,0.102207840812,-0.0612642119247,36.0832345833,0.323067154265,0.112170395553,0.0105424732669,-0.00656244444415,36.0832345833,1.10481318195,-0.181134422073,-0.0182166099544,0.0109080756179,36.0832345833
1789944664.46,4.37002754211,,0,-6.94659758071,1.15099842696,0.112532384283,-0.0690394665623,36.416894825,-6.16729802872,1.02216653213,0.0997548690011,-0.0612642119247,36.416894825,0.327566750744,0.112587247796,0.010279718051,-0.00656244444415,36.416894825,1.09754621416,-0.181855057505,-0.0177798590168,0.0109080756179,36.416894825
1789944664.49,4.39999723434,,0,-6.91205200891,1.15434000924,0.110463276234,-0.0690394665623,36.66664425,-6.13661924339,1.02512866501,0.0979187847969,-0.0612642119247,36.66664425,0.330945569954,0.112892383054,0.0100830420438,-0.00656244444415,36.66664425,1.09208809466,-0.182383019854,-0.0174529447431,0.0109080756179,36.66664425
1789944664.52,4.43000507355,,0,-6.87736363374,1.15762366159,0.10839156878,-0.0690394665623,36.9167074333,-6.10581380108,1.02803938814,0.0960803939339,-0.0612642119247,36.9167074333,0.334337707505,0.113191996172,0.009886118954,-0.00656244444415,36.9167074333,1.08660741257,-0.182901829409,-0.0171256197696,0.0109080756179,36.9167074333
1789944664.56,4.4700756073,,0,-6.83089048454,1.16191156782,0.105625104332,-0.0690394665623,37.2506305,-6.06454299369,1.03184021837,0.0936254899112,-0.0612642119247,37.2506305,0.338881264256,0.113582872002,0.00962315676516,-0.00656244444415,37.2506305,1.07926476375,-0.18357930878,-0.0166885248022,0.0109080756179,37.2506305
1789944664.59,4.50000524521,,0,-6.79606770775,1.16504198312,0.103558767182,-0.0690394665623,37.5000454667,-6.0336185657,1.03461497017,0.0917918645462,-0.0612642119247,37.5000454667,0.342285057297,0.113867951826,0.00942674414169,-0.00656244444415,37.5000454667,1.0737628465,-0.184073907236,-0.0163620483242,0.0109080756179,37.5000454667
1789944664.62,4.53000640869,,0,-6.76106903727,1.1681177757,0.101487516976,-0.0690394665623,37.7500534583,-6.00253809113,1.03734124348,0.0899538794361,-0.0612642119247,37.7500534583,0.345705417823,0.114147809902,0.00922986451498,-0.00656244444415,37.7500534583,1.06823313846,-0.184559875429,-0.0160347955948,0.0109080756179,37.7500534583
1789944664.66,4.57000255585,,0,-6.71426838883,1.17212166442,0.098726204323,-0.0690394665623,38.0833546833,-5.96097714232,1.04089005014,0.0875035470101,-0.0612642119247,38.0833546833,0.350278202898,0.114511719976,0.00896739202231,-0.00656244444415,38.0833546833,1.0608387455,-0.185192480691,-0.0155985145989,0.0109080756179,38.0833546833
1789944664.69,4.59999895096,,0,-6.6790649223,1.17505202913,0.0966552729415,-0.0690394665623,38.3333241917,-5.92971515803,1.0434872742,0.0856658448181,-0.0612642119247,38.3333241917,0.353717140321,0.114777756545,0.00877054270097,-0.00656244444415,38.3333241917,1.05527668015,-0.185655471617,-0.015271312243,0.0109080756179,38.3333241917
1789944664.72,4.63007497787,,0,-6.64368069975,1.17792780415,0.0945788445687,-0.0690394665623,38.5839572083,-5.89829280712,1.04603604821,0.0838232647083,-0.0612642119247,38.5839572083,0.357173128765,0.11503857098,0.00857317087124,-0.00656244444415,38.5839572083,1.04968605576,-0.186109837501,-0.0149432413752,0.0109080756179,38.5839572083
1789944664.76,4.6699924469,,0,-6.59658629138,1.18164814,0.091822970085,-0.0690394665623,38.916602025,-5.85647165835,1.04933324404,0.081377758003,-0.0612642119247,38.916602025,0.361771927554,0.115375561193,0.00831121529576,-0.00656244444415,38.916602025,1.04224524941,-0.186697642067,-0.0145078195975,0.0109080756179,38.916602025
1789944664.79,4.7000041008,,0,-6.56108193299,1.18437281502,0.0897509755648,-0.0690394665623,39.1666998583,-5.82494296921,1.05174794168,0.0795391124034,-0.0612642119247,39.1666998583,0.365238262308,0.115622039813,0.00811426491934,-0.00656244444415,39.1666998583,1.03663564383,-0.1871281345,-0.0141804492682,0.0109080756179,39.1666998583
1789944664.82,4.73000907898,,0,-6.52550466726,1.18703472001,0.0876794423663,-0.0690394665623,39.4167420083,-5.79334968238,1.05410693917,0.0777008761713,-0.0612642119247,39.4167420083,0.368711131423,0.115862554707,0.00791735839317,-0.00656244444415,39.4167420083,1.03101451906,-0.187548709414,-0.0138531518266,0.0109080756179,39.4167420083
1789944664.86,4.77000713348,,0,-6.47795612134,1.19048650564,0.0849179941884,-0.0690394665623,39.7500595917,-5.75112589564,1.05716582062,0.0752504234837,-0.0612642119247,39.7500595917,0.37335167793,0.11617398462,0.00765487301842,-0.00656244444415,39.7500595917,1.02350196001,-0.188094083669,-0.0134168494181,0.0109080756179,39.7500595917
1789944664.89,4.80000209808,,0,-6.44220992519,1.19300254011,0.082847174858,-0.0690394665623,40.000015575,-5.71938292975,1.05939537667,0.0734128207235,-0.0612642119247,40.000015575,0.376839697802,0.116400638317,0.00745803434793,-0.00656244444415,40.000015575,1.01785414462,-0.188491611378,-0.0130896647661,0.0109080756179,40.000015575
1789944664.92,4.82998657227,,0,-6.40640143312,1.19545563386,0.0807770624227,-0.0690394665623,40.2498862333,-5.68758478499,1.06156908147,0.0715758452476,-0.0612642119247,40.2498862333,0.380333233456,0.116621313546,0.00726126287031,-0.00656244444415,40.2498862333,1.01219648661,-0.1888791946,-0.0127625918018,0.0109080756179,40.2498862333
1789944664.96,4.87004184723,,0,-6.35845277559,1.19863581602,0.0780116507581,-0.0690394665623,40.583682225,-5.64500632095,1.06438694158,0.0691218754428,-0.0612642119247,40.583682225,0.385010315552,0.11690690266,0.00699840075219,-0.00656244444415,40.583682225,1.00462071084,-0.189381656137,-0.0123256631716,0.0109080756179,40.583682225
1789944664.99,4.89999055862,,0,-6.32252036841,1.20094121121,0.075944000063,-0.0690394665623,40.8332557417,-5.61309846136,1.06642958541,0.0672870844649,-0.0612642119247,40.8332557417,0.388514648735,0.117113553485,0.00680186327165,-0.00656244444415,40.8332557417,0.998943474527,-0.189745903328,-0.0119989791565,0.0109080756179,40.8332557417
1789944665.02,4.92997837067,,0,-6.28647303829,1.20318755659,0.0738736635946,-0.0690394665623,41.0831534417,-5.58108868623,1.06841982559,0.0654499101867,-0.0612642119247,41.0831534417,0.392029646492,0.1173145752,0.00660507049889,-0.00656244444415,41.0831534417,0.993248080651,-0.190100820786,-0.0116718707955,0.0109080756179,41.0831534417
1789944665.06,4.97001123428,,0,-6.23824777543,1.20608959447,0.0711098296889,-0.0690394665623,41.4167589917,-5.53826520181,1.07099086854,0.0629973404529,-0.0612642119247,41.4167589917,0.396731284218,0.117573735247,0.00634235835231,-0.00656244444415,41.4167589917,0.98562860187,-0.190559336172,-0.0112351914476,0.0109080756179,41.4167589917
1789944665.09,4.99997329712,,0,-6.20207890414,1.20818922128,0.0690412459945,-0.0690394665623,41.666445125,-5.50614781054,1.0728509163,0.0611617215505,-0.0612642119247,41.666445125,0.400256885457,0.11776082143,0.0061457321869,-0.00656244444415,41.666445125,0.979914004765,-0.190891072436,-0.0109083600209,0.0109080756179,41.666445125
1789944665.12,5.03001594543,,0,-6.16575090289,1.21023224436,0.066967120295,-0.0690394665623,41.9168002,-5.4738892458,1.07466072673,0.0593211847859,-0.0612642119247,41.9168002,0.403797471555,0.117942493764,0.00594857923438,-0.00656244444415,41.9168002,0.974174265494,-0.191213865444,-0.0105806529701,0.0109080756179,41.9168002
1789944665.16,5.06998300552,,0,-6.11732878671,1.21285357949,0.0642078191755,-0.0690394665623,42.249858625,-5.43089154188,1.07698268661,0.056872637354,-0.0612642119247,42.249858625,0.408515961692,0.118174999396,0.00568629794509,-0.00656244444415,42.249858625,0.966523684329,-0.191628030445,-0.0101446897919,0.0109080756179,42.249858625
1789944665.19,5.09997797012,,0,-6.08092067265,1.21474843549,0.062136980514,-0.0690394665623,42.4998169417,-5.39856213975,1.07866102155,0.0550350174399,-0.0612642119247,42.4998169417,0.412063149027,0.118342607776,0.00548945743711,-0.00656244444415,42.4998169417,0.960771287413,-0.191927413398,-0.00981750208557,0.0109080756179,42.4998169417
1789944665.22,5.12997293472,,0,-6.04445666491,1.21658117616,0.0600661424739,-0.0690394665623,42.7497751833,-5.36618323234,1.08028423661,0.0531973980771,-0.0612642119247,42.7497751833,0.41561527416,0.118504311878,0.0052926169882,-0.00656244444415,42.7497751833,0.955010059421,-0.19221698227,-0.0094903144774,0.0109080756179,42.7497751833
1789944665.26,5.1699757576,,0,-5.9957425677,1.21892875641,0.057304363666,-0.0690394665623,43.083132675,-5.32292682067,1.08236326828,0.0507466519952,-0.0612642119247,43.083132675,0.420359954872,0.118710781185,0.0050301001859,-0.00656244444415,43.083132675,0.947313345919,-0.192587894637,-0.00905395983017,0.0109080756179,43.083132675
1789944665.29,5.19997310638,,0,-5.95915265621,1.22061666446,0.055233373532,-0.0690394665623,43.333109275,-5.29043640579,1.0838579616,0.0489088976673,-0.0612642119247,43.333109275,0.423923178566,0.118858717518,0.00483324527992,-0.00656244444415,43.333109275,0.94153222542,-0.192854580293,-0.00872674819151,0.0109080756179,43.333109275
1789944665.32,5.22997570038,,0,-5.92250661378,1.22224272832,0.0531620201813,-0.0690394665623,43.5831297167,-5.25789627139,1.0852977751,0.0470708210285,-0.0612642119247,43.5831297167,0.42749137743,0.11900077315,0.00463635584892,-0.00656244444415,43.5831297167,0.935742236358,-0.193111494708,-0.00839947916546,0.0109080756179,43.5831297167
1789944665.36,5.27004718781,,0,-5.87348761205,1.22431757939,0.0503955074062,-0.0690394665623,43.9170586167,-5.21436966198,1.08713478534,0.0446158741208,-0.0612642119247,43.9170586167,0.432263565078,0.119181290002,0.00437338906638,-0.00656244444415,43.9170586167,0.927997348639,-0.193439316498,-0.0079623765624,0.0109080756179,43.9170586167
1789944665.39,5.29998493195,,0,-5.83681199748,1.22579536955,0.0483286196663,-0.0690394665623,44.1665400417,-5.18180354977,1.08844303052,0.0427817601737,-0.0612642119247,44.1665400417,0.435833517767,0.119309278661,0.00417692410741,-0.00656244444415,44.1665400417,0.92220268724,-0.193672804012,-0.0076358130925,0.0109080756179,44.1665400417
1789944665.42,5.32998323441,,0,-5.8000184357,1.22721409492,0.0462575333603,-0.0690394665623,44.41652825,-5.14913282467,1.08969885649,0.0409439205048,-0.0612642119247,44.41652825,0.439414477216,0.119431627653,0.00398006005994,-0.00656244444415,44.41652825,0.916389390455,-0.19389695943,-0.00730858625889,0.0109080756179,44.41652825
1789944665.46,5.36998271942,,0,-5.7508945216,1.22900913215,0.0434960063393,-0.0690394665623,44.74985535,-5.10551358505,1.09128757315,0.0384933978534,-0.0612642119247,44.74985535,0.444194766921,0.119585577319,0.00371756719089,-0.00656244444415,44.74985535,0.908627926808,-0.194180571279,-0.00687227139341,0.0109080756179,44.74985535
1789944665.49,5.39998626709,,0,-5.71400026697,1.23028310344,0.0414245575761,-0.0690394665623,44.9998873083,-5.0727537221,1.09241494676,0.0366552365475,-0.0612642119247,44.9998873083,0.447784436642,0.119694164736,0.00352066869059,-0.00656244444415,44.9998873083,0.90279872078,-0.194381855887,-0.00654498729241,0.0109080756179,44.9998873083
1789944665.52,5.42997407913,,0,-5.6770888692,1.23149427947,0.0393542383676,-0.0690394665623,45.249782925,-5.03997875155,1.09348659884,0.0348180775852,-0.0612642119247,45.249782925,0.451375315779,0.119796790063,0.00332387755844,-0.00656244444415,45.249782925,0.89696680617,-0.194573218987,-0.00621788165842,0.0109080756179,45.249782925
1789944665.56,5.46999406815,,0,-5.62777358967,1.23301395227,0.0365912732545,-0.0690394665623,45.5832836083,-4.99619010023,1.09483096057,0.0323662788003,-0.0612642119247,45.5832836083,0.456172184808,0.119924556687,0.00306124799367,-0.00656244444415,45.5832836083,0.889175107218,-0.194813323896,-0.00578133957773,0.0109080756179,45.5832836083
1789944665.59,5.49999332428,,0,-5.59076811897,1.23408059184,0.0345201509789,-0.0690394665623,45.8332761583,-4.96333186189,1.09577435274,0.0305284072128,-0.0612642119247,45.8332761583,0.459771162248,0.120013438466,0.00286438052717,-0.00656244444415,45.8332761583,0.883328329298,-0.194981850574,-0.00545410706101,0.0109080756179,45.8332761583
1789944665.62,5.52998113632,,0,-5.55374521857,1.23508474133,0.0324497909681,-0.0690394665623,46.0831767,-4.93045825788,1.09666229364,0.0286912120434,-0.0612642119247,46.0831767,0.463371391491,0.120096384944,0.00266758551662,-0.00656244444415,46.0831767,0.877478797521,-0.195140503961,-0.00512699498036,0.0109080756179,46.0831767
1789944665.66,5.56998443604,,0,-5.50431231545,1.23632760441,0.0296879727387,-0.0690394665623,46.41653895,-4.88656565742,1.0977610218,0.0262404309796,-0.0612642119247,46.41653895,0.468177728044,0.120197846755,0.00240506496717,-0.00656244444415,46.41653895,0.869668514301,-0.195336873577,-0.00469063410462,0.0109080756179,46.41653895
1789944665.69,5.60000276566,,0,-5.46718690675,1.23718767878,0.027615531395,-0.0690394665623,46.6666907167,-4.853601288,1.09852111025,0.0244013888781,-0.0612642119247,46.6666907167,0.471786906499,0.120267085819,0.00220807211861,-0.00656244444415,46.6666907167,0.863802786445,-0.19547276343,-0.00436319317821,0.0109080756179,46.6666907167
1789944665.72,5.62997484207,,0,-5.43009394125,1.23798435927,0.025546287062,-0.0690394665623,46.9164565917,-4.82066583249,1.09922494907,0.0225651837384,-0.0612642119247,46.9164565917,0.475392502494,0.120330318375,0.00201138315716,-0.00656244444415,46.9164565917,0.857942184537,-0.195598637197,-0.00403625737206,0.0109080756179,46.9164565917
1789944665.76,5.67001771927,,0,-5.38050175862,1.23895195578,0.0227817490227,-0.0690394665623,47.2501471333,-4.77663228098,1.10007940721,0.0201119891709,-0.0612642119247,47.2501471333,0.480212415521,0.120405598706,0.00174860408021,-0.00656244444415,47.2501471333,0.850106735511,-0.195751515333,-0.00359946677268,0.0109080756179,47.2501471333
1789944665.79,5.70001173019,,0,-5.34333080059,1.23960421448,0.020710985062,-0.0690394665623,47.5000964333,-4.74362782045,1.10065508681,0.0182744355446,-0.0612642119247,47.5000964333,0.483824607974,0.120455094287,0.0015517706728,-0.00656244444415,47.5000964333,0.844233810956,-0.195854570793,-0.00327229086887,0.0109080756179,47.5000964333
1789944665.82,5.7300028801,,0,-5.30614436528,1.24019431545,0.0186403967376,-0.0690394665623,47.7500245333,-4.71060972098,1.10117560916,0.0164370377745,-0.0612642119247,47.7500245333,0.487437889906,0.120498682617,0.00135495396024,-0.00656244444415,47.7500245333,0.838358441026,-0.195947805475,-0.00294514271521,0.0109080756179,47.7500245333
1789944665.86,5.76999092102,,0,-5.25653740666,1.24088450793,0.0158796520719,-0.0690394665623,48.0832572,-4.66656351002,1.10178391034,0.0139872093692,-0.0612642119247,48.0832572,0.492257394959,0.120547617623,0.00109253545681,-0.00656244444415,48.0832572,0.830520657412,-0.196056854416,-0.00250895146005,0.0109080756179,48.0832572
1789944665.89,5.80001497269,,0,-5.21927440198,1.24133015936,0.0138068198958,-0.0690394665623,48.3334561417,-4.6334776619,1.10217624775,0.0121478204509,-0.0612642119247,48.3334561417,0.495877164143,0.120577461967,0.000895505458246,-0.00656244444415,48.3334561417,0.824633189693,-0.196127266406,-0.00218144878302,0.0109080756179,48.3334561417
1789944665.92,5.830037117,,0,-5.18200070468,1.24171355977,0.0117340852035,-0.0690394665623,48.5836433167,-4.60038242009,1.10251334502,0.0103085180377,-0.0612642119247,48.5836433167,0.499497570276,0.120601389721,0.000698484725857,-0.00656244444415,48.5836433167,0.81874403256,-0.196187842881,-0.0018539615082,0.0109080756179,48.5836433167
1789944665.96,5.86999607086,,0,-5.13237440638,1.24212732391,0.00897533536412,-0.0690394665623,48.9166352,-4.55631948222,1.10287635235,0.00786045980057,-0.0612642119247,48.9166352,0.504317172202,0.120624061285,0.000436255837689,-0.00656244444415,48.9166352,0.810903193309,-0.196253216785,-0.00141808543097,0.0109080756179,48.9166352
1789944665.99,5.89997434616,,0,-5.09513403394,1.24236536517,0.00690566153654,-0.0690394665623,49.1664529167,-4.523254059,1.1030844655,0.0060238735362,-0.0612642119247,49.1664529167,0.507933422073,0.120634190622,0.000239526051275,-0.00656244444415,49.1664529167,0.805019301419,-0.19629082685,-0.00109108176568,0.0109080756179,49.1664529167
1789944666.02,5.92998600006,,0,-5.05784608629,1.24254152246,0.00483368910897,-0.0690394665623,49.4165480833,-4.49014649101,1.10323766061,0.00418524754116,-0.0612642119247,49.4165480833,0.511553903738,0.12063842379,4.25777748346e-05,-0.00656244444415,49.4165480833,0.799127892754,-0.196318659391,-0.00076371492692,0.0109080756179,49.4165480833
1789944666.06,5.96999740601,,0,-5.00812655047,1.24267966303,0.0020712912932,-0.0690394665623,49.7499802917,-4.44600119855,1.10335607972,0.0017339521643,-0.0612642119247,49.7499802917,0.516380836085,0.120634874336,-0.000219997866335,-0.00656244444415,49.7499802917,0.791272322179,-0.196340485412,-0.000327262477886,0.0109080756179,49.7499802917
1789944666.09,5.99999570847,,0,-4.97084813147,1.24271073401,2.51312660737e-07,-0.0690394665623,49.9999629083,-4.41290231322,1.10338052961,-0.000103846396294,-0.0612642119247,49.9999629083,0.519999502161,0.120625322169,-0.0004168575104,-0.00656244444415,49.9999629083,0.785382419012,-0.196345394652,-4.29635940991e-08,0.0109080756179,49.9999629083
1789944666.12,6.03003454208,,0,-4.93351845543,1.24267959264,-0.00207363633876,-0.0690394665623,50.25028925,-4.37975801147,1.10334976923,-0.00194417192184,-0.0612642119247,50.25028925,0.523622767911,0.120609839305,-0.000613987835612,-0.00656244444415,50.25028925,0.77948441735,-0.196340474485,0.000327626476093,0.0109080756179,50.25028925
1789944666.16,6.07001829147,,0,-4.88383415408,1.24254149533,-0.00483407667853,-0.0690394665623,50.5834851833,-4.33564441947,1.10322306344,-0.0043937302745,-0.0612642119247,50.5834851833,0.52844461217,0.120580044286,-0.000876377411794,-0.00656244444415,50.5834851833,0.771634413726,-0.19631865556,0.000763769648459,0.0109080756179,50.5834851833
1789944666.19,6.1000084877,,0,-4.84657254681,1.2423654728,-0.00690458540037,-0.0690394665623,50.833403675,-4.3025607695,1.10306374358,-0.00623105740698,-0.0612642119247,50.833403675,0.532060410491,0.120550810361,-0.00107318655785,-0.00656244444415,50.833403675,0.765747166763,-0.196290844507,0.00109090522511,0.0109080756179,50.833403675
1789944666.22,6.12999248505,,0,-4.80932486447,1.24212741101,-0.00897466531809,-0.0690394665623,51.0832704083,-4.26948957362,1.102849372,-0.00806800402745,-0.0612642119247,51.0832704083,0.53567449505,0.120515681974,-0.00126995494456,-0.00656244444415,51.0832704083,0.759862119903,-0.196253231394,0.0014179730517,0.0109080756179,51.0832704083
1789944666.26,6.16998434067,,0,-4.75965760795,1.24171328662,-0.0117356922172,-0.0690394665623,51.4165371417,-4.22539151763,1.10247772453,-0.0105180828809,-0.0612642119247,51.4165371417,0.540493073652,0.120459646068,-0.00153240027527,-0.00656244444415,51.4165371417,0.752014809311,-0.196187800831,0.00185420889908,0.0109080756179,51.4165371417
1789944666.29,6.19998598099,,0,-4.72240996393,1.24133012766,-0.0138069783924,-0.0690394665623,51.666549475,-4.19232056356,1.10213459486,-0.0123560999096,-0.0612642119247,51.666549475,0.544106322131,0.1204107184,-0.00172928332101,-0.00656244444415,51.666549475,0.746129768498,-0.196127262701,0.00218146731157,0.0109080756179,51.666549475
1789944666.32,6.23004436493,,0,-4.68510384575,1.24088391968,-0.0158822093448,-0.0690394665623,51.9170379583,-4.1591977801,1.10173551084,-0.0141976174529,-0.0612642119247,51.9170379583,0.547724890992,0.120355773882,-0.00192654133171,-0.00656244444415,51.9170379583,0.740235488904,-0.196056762973,0.00250934898968,0.0109080756179,51.9170379583
1789944666.36,6.27001905441,,0,-4.6355135995,1.24019387578,-0.0186420250845,-0.0690394665623,52.2501585,-4.11516848831,1.10111901986,-0.0166466215483,-0.0612642119247,52.2501585,0.552534439532,0.120273518168,-0.00218887153745,-0.00656244444415,52.2501585,0.732400345742,-0.195947737767,0.00294539347669,0.0109080756179,52.2501585
1789944666.39,6.29997730255,,0,-4.59836820033,1.23960441139,-0.0207103286858,-0.0690394665623,52.499810825,-4.0821886022,1.10059282346,-0.0184819919018,-0.0612642119247,52.499810825,0.556136615483,0.120204998452,-0.00238547107903,-0.00656244444415,52.499810825,0.726531459369,-0.195854603857,0.0032721806494,0.0109080756179,52.499810825
1789944666.42,6.32999229431,,0,-4.56117109421,1.23895169167,-0.0227825493793,-0.0690394665623,52.7499359583,-4.04916289232,1.10001048967,-0.020320838203,-0.0612642119247,52.7499359583,0.559743466322,0.120130442442,-0.00258244295402,-0.00656244444415,52.7499359583,0.720654403416,-0.195751475754,0.0035995867136,0.0109080756179,52.7499359583
1789944666.46,6.36999034882,,0,-4.51163463953,1.23798521281,-0.0255439802283,-0.0690394665623,53.08325145,-4.00518173617,1.09914869353,-0.0227712755133,-0.0612642119247,53.08325145,0.564546291099,0.12002190086,-0.0028449266816,-0.00656244444415,53.08325145,0.712827759185,-0.195598774465,0.00403588638413,0.0109080756179,53.08325145
1789944666.49,6.40000104904,,0,-4.47449366556,1.23718753049,-0.0276159021189,-0.0690394665623,53.3333405167,-3.97220605802,1.09843772334,-0.0246098566629,-0.0612642119247,53.3333405167,0.568146920227,0.119933567448,-0.00304187015433,-0.00656244444415,53.3333405167,0.706959571974,-0.195472742606,0.00436324523818,0.0109080756179,53.3333405167
1789944666.52,6.42999267578,,0,-4.43740102416,1.23632823171,-0.0296865139167,-0.0690394665623,53.58327145,-3.93927337395,1.09767207795,-0.0264472752629,-0.0612642119247,53.58327145,0.571742535649,0.119839385086,-0.00323868909811,-0.00656244444415,53.58327145,0.701099021195,-0.195336975489,0.00469039710058,0.0109080756179,53.58327145
1789944666.56,6.47003269196,,0,-4.38792310311,1.23508424491,-0.0324508471158,-0.0690394665623,53.9169372667,-3.8953445514,1.09656402255,-0.0289002880594,-0.0612642119247,53.9169372667,0.576538226073,0.119704447871,-0.00350144870429,-0.00656244444415,53.9169372667,0.693281625129,-0.19514042859,0.0051271553357,0.0109080756179,53.9169372667
1789944666.59,6.50000715256,,0,-4.35091679793,1.23408052754,-0.0345202795814,-0.0690394665623,54.16672585,-3.86248870869,1.09567022482,-0.0307366601441,-0.0612642119247,54.16672585,0.580124720163,0.119596545134,-0.0036981555484,-0.00656244444415,54.16672585,0.687434715265,-0.194981843671,0.00545412086636,0.0109080756179,54.16672585
1789944666.62,6.52998304367,,0,-4.31393973048,1.23301472693,-0.036589811602,-0.0690394665623,54.41652645,-3.82965890361,1.09472133555,-0.0325731205718,-0.0612642119247,54.41652645,0.583708063834,0.119482740566,-0.00389487185555,-0.00656244444415,54.41652645,0.68159242489,-0.194813449744,0.00578110212647,0.0109080756179,54.41652645
1789944666.66,6.56998157501,,0,-4.26465119395,1.23149596822,-0.0393512756589,-0.0690394665623,54.74984595,-3.78589857717,1.0933694575,-0.0350235873502,-0.0612642119247,54.74984595,0.588483989486,0.119321702638,-0.00415735873966,-0.00656244444415,54.74984595,0.673804951127,-0.194573489519,0.00621740704378,0.0109080756179,54.74984595
1789944666.69,6.59998703003,,0,-4.22771743422,1.23028412989,-0.0414228468291,-0.0690394665623,54.9998926833,-3.75310740418,1.09229097426,-0.0368618572776,-0.0612642119247,54.9998926833,0.592062408663,0.119194004357,-0.00435426887517,-0.00656244444415,54.9998926833,0.667969503267,-0.194382021972,0.0065447104848,0.0109080756179,54.9998926833
1789944666.72,6.62998533249,,0,-4.19083019149,1.22901045919,-0.0434938999272,-0.0690394665623,55.2498768833,-3.72035760731,1.09115762302,-0.0386996674784,-0.0612642119247,55.2498768833,0.595636014103,0.119060431819,-0.0045511297661,-0.00656244444415,55.2498768833,0.66214140498,-0.194180785052,0.00687193207163,0.0109080756179,55.2498768833
1789944666.76,6.66998052597,,0,-4.14171110325,1.22721569018,-0.0462551523782,-0.0690394665623,55.5831708417,-3.67674806378,1.08956081939,-0.041149946482,-0.0612642119247,55.5831708417,0.600394158797,0.118873159418,-0.00481359653632,-0.00656244444415,55.5831708417,0.654380703641,-0.19389721584,0.00730820355569,0.0109080756179,55.5831708417
1789944666.79,6.70003461838,,0,-4.10484929541,1.22579434749,-0.0483300796949,-0.0690394665623,55.833622675,-3.64402102487,1.0882964212,-0.0429911945853,-0.0612642119247,55.833622675,0.603964595235,0.118725526744,-0.00501082568538,-0.00656244444415,55.833622675,0.648556624001,-0.19367264709,0.00763603726009,0.0109080756179,55.833622675
1789944666.82,6.72998380661,,0,-4.06816006096,1.2243159517,-0.0503977372249,-0.0690394665623,56.0831970167,-3.61144727582,1.08698140622,-0.0448259916283,-0.0612642119247,56.0831970167,0.607518020076,0.118572514869,-0.0052073638156,-0.00656244444415,56.0831970167,0.642759810555,-0.19343906408,0.00796272235503,0.0109080756179,56.0831970167
1789944666.86,6.7699971199,,0,-4.0192122241,1.22224410372,-0.0531602339742,-0.0690394665623,56.4166411667,-3.56799010367,1.08513872649,-0.0472773747968,-0.0612642119247,56.4166411667,0.612258258718,0.118358897622,-0.00546994886076,-0.00656244444415,56.4166411667,0.635026166523,-0.193111717034,0.00839919043533,0.0109080756179,56.4166411667
1789944666.89,6.79997730255,,0,-3.98259287358,1.22061930312,-0.0552300752225,-0.0690394665623,56.6664790917,-3.53547856914,1.08369379159,-0.0491141096269,-0.0612642119247,56.6664790917,0.615804235924,0.118191956269,-0.0056666945611,-0.00656244444415,56.6664790917,0.629240394569,-0.192855002405,0.00872622055271,0.0109080756179,56.6664790917
1789944666.92,6.8299779892,,0,-3.94599874197,1.21893129941,-0.0573012998146,-0.0690394665623,56.9164839917,-3.5029894961,1.08219276944,-0.050952072008,-0.0612642119247,56.9164839917,0.619347484464,0.118018998884,-0.00586357175314,-0.00656244444415,56.9164839917,0.62345860714,-0.192588301831,0.0090534692352,0.0109080756179,56.9164839917
1789944666.96,6.87006902695,,0,-3.89717768095,1.21657856575,-0.0600691427731,-0.0690394665623,57.25057345,-3.45964519729,1.08010082945,-0.0534081992933,-0.0612642119247,57.25057345,0.624074170233,0.117778650183,-0.0061266649743,-0.00656244444415,57.25057345,0.615744993385,-0.1922165755,0.00949078200415,0.0109080756179,57.25057345
1789944666.99,6.89997720718,,0,-3.86081910192,1.21475112393,-0.0621339933654,-0.0690394665623,57.4998089833,-3.42736541664,1.07847608238,-0.0552405055173,-0.0612642119247,57.4998089833,0.627593955772,0.117592477202,-0.00632293629522,-0.00656244444415,57.4998089833,0.61000042271,-0.191927844026,0.00981702360947,0.0109080756179,57.4998089833
1789944667.02,6.93000221252,,0,-3.82437412362,1.21285441035,-0.0642069257868,-0.0690394665623,57.750020025,-3.39500899836,1.07678985279,-0.0570799833912,-0.0612642119247,57.750020025,0.631121828384,0.117399670897,-0.00651997582245,-0.00656244444415,57.750020025,0.60424220115,-0.191628167777,0.010144542125,0.0109080756179,57.750020025
1789944667.06,6.96998691559,,0,-3.7759307545,1.2102319368,-0.0669674373753,-0.0690394665623,58.0832245583,-3.35200032855,1.07445856218,-0.0595296049685,-0.0612642119247,58.0832245583,0.635810718822,0.117133726738,-0.00678237217108,-0.00656244444415,58.0832245583,0.596588261825,-0.191213823168,0.0105806965545,0.0109080756179,58.0832245583
1789944667.09,6.99999380112,,0,-3.73964624419,1.20819138888,-0.0690390784134,-0.0690394665623,58.333279725,-3.31978653478,1.07264469888,-0.0613679368953,-0.0612642119247,58.333279725,0.639322423084,0.11692725627,-0.00697928894779,-0.00656244444415,58.333279725,0.590855393828,-0.190891421426,0.0109080110345,0.0109080756179,58.333279725
1789944667.12,7.03003787994,,0,-3.70337863202,1.20608600918,-0.0711133105027,-0.0690394665623,58.5836476417,-3.28758781038,1.07077330128,-0.063208568068,-0.0612642119247,58.5836476417,0.642832223518,0.116714607667,-0.00717645201303,-0.00656244444415,58.5836476417,0.585125195695,-0.190558776414,0.0112357348946,0.0109080756179,58.5836476417
1789944667.16,7.07001924515,,0,-3.65521528463,1.20318762457,-0.0738736000603,-0.0690394665623,58.916825375,-3.24482804403,1.06819717316,-0.0656579926196,-0.0612642119247,58.916825375,0.647492822825,0.11642243853,-0.00743882725684,-0.00656244444415,58.916825375,0.57751549914,-0.190100838497,0.0116718542437,0.0109080756179,58.916825375
1789944667.19,7.09997940063,,0,-3.61920086066,1.20094336209,-0.0759420447092,-0.0690394665623,59.166494725,-3.21285425535,1.06620254254,-0.067493488136,-0.0612642119247,59.166494725,0.650977508534,0.116196623577,-0.00763544020549,-0.00656244444415,59.166494725,0.571825304149,-0.189746250327,0.0119986637016,0.0109080756179,59.166494725
1789944667.22,7.12998485565,,0,-3.58320074318,1.19863362287,-0.0780135916466,-0.0690394665623,59.4165385333,-3.1808932326,1.06414980453,-0.0693317365597,-0.0612642119247,59.4165385333,0.654460551389,0.115964566096,-0.00783234803758,-0.00656244444415,59.4165385333,0.566137369546,-0.189381316984,0.0123259633139,0.0109080756179,59.4165385333
1789944667.26,7.16999006271,,0,-3.53531212117,1.19545741355,-0.0807755413272,-0.0690394665623,59.74991665,-3.13837765572,1.06132713794,-0.0717826342705,-0.0612642119247,59.74991665,0.659093419636,0.115645978717,-0.00809488108193,-0.00656244444415,59.74991665,0.558571078952,-0.188879483407,0.0127623449586,0.0109080756179,59.74991665
1789944667.29,7.19997644424,,0,-3.49950117472,1.19300419872,-0.0828457926699,-0.0690394665623,59.999804075,-3.10658472747,1.05914708455,-0.07361973301,-0.0612642119247,59.999804075,0.662557567828,0.115400291197,-0.00829166576319,-0.00656244444415,59.999804075,0.552913032927,-0.18849188125,0.01308943987,0.0109080756179,59.999804075
1789944667.32,7.22999286652,,0,-3.4637290101,1.19048635697,-0.0849181150585,-0.0690394665623,60.2499414833,-3.0748262921,1.05690967943,-0.0754586695534,-0.0612642119247,60.2499414833,0.666017714468,0.115148448156,-0.00848864730466,-0.00656244444415,60.2499414833,0.547261114338,-0.188094068191,0.0134168620018,0.0109080756179,60.2499414833
1789944667.36,7.27009105682,,0,-3.41606185268,1.18702580452,-0.0876864622122,-0.0690394665623,60.5840918,-3.03250760913,1.05383468292,-0.0779152442512,-0.0612642119247,60.5840918,0.670628046555,0.114802794332,-0.00875178845135,-0.00656244444415,60.5840918,0.539729814624,-0.187547309059,0.0138542544324,0.0109080756179,60.5840918
1789944667.39,7.29999876022,,0,-3.38060037614,1.18437244321,-0.0897512615773,-0.0690394665623,60.83332115,-3.00102514434,1.05147703185,-0.0797475050171,-0.0612642119247,60.83332115,0.674057570332,0.114538115105,-0.00894805490294,-0.00656244444415,60.83332115,0.534126984023,-0.187128084222,0.0141804879439,0.0109080756179,60.83332115
1789944667.42,7.33001661301,,0,-3.3450883696,1.1816471644,-0.0918237036113,-0.0690394665623,61.083473,-2.96949787955,1.04905555114,-0.0815865477313,-0.0612642119247,61.083473,0.677491739796,0.114266553718,-0.00914504781713,-0.00656244444415,61.083473,0.528516169798,-0.186697496588,0.0145079289794,0.0109080756179,61.083473
1789944667.46,7.37000274658,,0,-3.29791292545,1.17792028929,-0.0945843300125,-0.0690394665623,61.4166913917,-2.92761600417,1.04574423698,-0.084036271191,-0.0612642119247,61.4166913917,0.682053444945,0.113895631607,-0.0094074550791,-0.00656244444415,61.4166913917,0.521062559626,-0.186108659093,0.0149441015491,0.0109080756179,61.4166913917
1789944667.49,7.39998912811,,0,-3.26263435795,1.17505302151,-0.0966545640953,-0.0690394665623,61.6665767333,-2.8962961224,1.04319676149,-0.0858733546145,-0.0612642119247,61.6665767333,0.68546448784,0.113610587,-0.00960423811975,-0.00656244444415,61.6665767333,0.51548862822,-0.18565563753,0.0152711937334,0.0109080756179,61.6665767333
1789944667.52,7.43009376526,,0,-3.22730418709,1.1721120081,-0.098732956779,-0.0690394665623,61.91744685,-2.86493048626,1.04058383334,-0.0877176778137,-0.0612642119247,61.91744685,0.688880286102,0.113318483347,-0.00980179666415,-0.00656244444415,61.91744685,0.509906543603,-0.18519096433,0.0155995749577,0.0109080756179,61.91744685
1789944667.56,7.46999120712,,0,-3.18061892748,1.16811784078,-0.101487472704,-0.0690394665623,62.2499276833,-2.8234840488,1.03703533875,-0.0901619789618,-0.0612642119247,62.2499276833,0.693393562112,0.112922191068,-0.0100636231038,-0.00656244444415,62.2499276833,0.502530381436,-0.184559895286,0.0160347820863,0.0109080756179,62.2499276833
1789944667.59,7.49997186661,,0,-3.14564428869,1.16504418583,-0.103557298695,-0.0690394665623,62.4997637667,-2.79243418197,1.03430472011,-0.0919987002525,-0.0612642119247,62.4997637667,0.696774454497,0.112617531098,-0.0102603673539,-0.00656244444415,62.4997637667,0.497004470053,-0.184074265028,0.016361809793,0.0109080756179,62.4997637667
1789944667.62,7.52998685837,,0,-3.11072209045,1.16190478235,-0.10562953941,-0.0690394665623,62.7498913167,-2.76143092708,1.03151575393,-0.0938375643202,-0.0612642119247,62.7498913167,0.7001500527,0.112306606918,-0.010457341132,-0.00656244444415,62.7498913167,0.491486844152,-0.183578246657,0.0166892190205,0.0109080756179,62.7498913167
1789944667.66,7.57003307343,,0,-3.06427794649,1.15761938856,-0.108394290436,-0.0690394665623,63.0836075667,-2.72019879714,1.02770881549,-0.0962909478878,-0.0612642119247,63.0836075667,0.70463902212,0.111882570734,-0.0107201404541,-0.00656244444415,63.0836075667,0.484148777687,-0.182901164505,0.0171260432713,0.0109080756179,63.0836075667
1789944667.69,7.59999084473,,0,-3.02964677587,1.15434111633,-0.110462584302,-0.0690394665623,63.3332587167,-2.68945403924,1.02479662597,-0.0981263096031,-0.0612642119247,63.3332587167,0.707985975597,0.111558470422,-0.0109167390704,-0.00656244444415,63.3332587167,0.478677133469,-0.182383205193,0.017452828906,0.0109080756179,63.3332587167
1789944667.72,7.63001775742,,0,-2.99503560177,1.15099314408,-0.112535625323,-0.0690394665623,63.5834828667,-2.65872708797,1.02182257893,-0.0999658838456,-0.0612642119247,63.5834828667,0.711330779453,0.111227716214,-0.0111137889203,-0.00656244444415,63.5834828667,0.473208648651,-0.181854233439,0.01778036458,0.0109080756179,63.5834828667
1789944667.76,7.67002820969,,0,-2.94907502524,1.1464353193,-0.115297903493,-0.0690394665623,63.9169006333,-2.61792449891,1.01777389452,-0.102417073052,-0.0612642119247,63.9169006333,0.715772049472,0.110777799437,-0.0113763531888,-0.00656244444415,63.9169006333,0.465946984706,-0.181134107824,0.0182167981253,0.0109080756179,63.9169006333
1789944667.79,7.6999835968,,0,-2.91478483527,1.14295051816,-0.117366026487,-0.0690394665623,64.1665311583,-2.58748263314,1.01467843573,-0.104252283138,-0.0612642119247,64.1665311583,0.719085338261,0.110434068857,-0.011572935563,-0.00656244444415,64.1665311583,0.46052921463,-0.180583517422,0.0185435567625,0.0109080756179,64.1665311583
1789944667.82,7.73001813889,,0,-2.88051050966,1.13939438816,-0.119439569701,-0.0690394665623,64.416815925,-2.55705490358,1.01151967299,-0.106092303016,-0.0612642119247,64.416815925,0.722396884756,0.110083525488,-0.0117700331482,-0.00656244444415,64.416815925,0.455113951083,-0.180021657226,0.0188711717818,0.0109080756179,64.416815925
1789944667.86,7.77000570297,,0,-2.83504500002,1.13456307931,-0.122200297797,-0.0690394665623,64.7500465917,-2.51669205303,1.00722830674,-0.108542116718,-0.0612642119247,64.7500465917,0.726789389385,0.109607622447,-0.0120324500766,-0.00656244444415,64.7500465917,0.447930506545,-0.179258321762,0.019307360419,0.0109080756179,64.7500465917
1789944667.89,7.80000352859,,0,-2.80106587035,1.13086627315,-0.124271331495,-0.0690394665623,65.00002845,-2.48652650906,1.00394471464,-0.110379909704,-0.0612642119247,65.00002845,0.730071936101,0.109243722468,-0.0122293091235,-0.00656244444415,65.00002845,0.442561883265,-0.17867423506,0.0196345789407,0.0109080756179,65.00002845
1789944667.92,7.83008670807,,0,-2.76710238064,1.12709655806,-0.12634825709,-0.0690394665623,65.2507214833,-2.45637490028,1.00059641576,-0.112222931038,-0.0612642119247,65.2507214833,0.7333527694,0.10887285666,-0.012426728216,-0.00656244444415,65.2507214833,0.437195731059,-0.178078628915,0.0199627283684,0.0109080756179,65.2507214833
1789944667.96,7.86999750137,,0,-2.72222040952,1.12199891188,-0.129103677777,-0.0690394665623,65.583311525,-2.41653031937,0.996068715205,-0.114668035054,-0.0612642119247,65.583311525,0.737688006124,0.108371669365,-0.0126886406565,-0.00656244444415,65.583311525,0.430104484241,-0.17727321277,0.0203980784473,0.0109080756179,65.583311525
1789944667.99,7.90000581741,,0,-2.68860960062,1.11809364871,-0.131175432869,-0.0690394665623,65.8333804583,-2.38669192342,0.992600141519,-0.116506468189,-0.0612642119247,65.8333804583,0.740934310063,0.107987950457,-0.0128855682743,-0.00656244444415,65.8333804583,0.424794054779,-0.176656190342,0.0207254109475,0.0109080756179,65.8333804583
1789944668.02,7.92999839783,,0,-2.65513417033,1.11412827947,-0.133246118677,-0.0690394665623,66.083320325,-2.35697375996,0.989078232549,-0.118343952465,-0.0612642119247,66.083320325,0.744167344109,0.107598524711,-0.0130823942531,-0.00656244444415,66.083320325,0.41950501482,-0.176029671295,0.0210525745033,0.0109080756179,66.083320325
1789944668.06,7.97002077103,,0,-2.61065170962,1.10874017777,-0.136009233053,-0.0690394665623,66.416839025,-2.31748406467,0.984292776113,-0.120795883703,-0.0612642119247,66.416839025,0.748463130844,0.10706968214,-0.0133450380059,-0.00656244444415,66.416839025,0.412476889708,-0.175178363853,0.0214891401673,0.0109080756179,66.416839025
1789944668.09,7.99999713898,,0,-2.57747725188,1.10463211214,-0.138078777501,-0.0690394665623,66.666641125,-2.28803320353,0.980644242997,-0.122632355158,-0.0612642119247,66.666641125,0.751666653393,0.106666699491,-0.0135417554942,-0.00656244444415,66.666641125,0.407235402707,-0.174529299106,0.0218161233908,0.0109080756179,66.666641125
1789944668.12,8.03001976013,,0,-2.54437546705,1.10045546305,-0.140151546713,-0.0690394665623,66.9168324667,-2.25864690505,0.976934845468,-0.124471688203,-0.0612642119247,66.9168324667,0.754862970831,0.106257178272,-0.0137387795079,-0.00656244444415,66.9168324667,0.402005397855,-0.173869398334,0.0221436161197,0.0109080756179,66.9168324667
1789944668.16,8.07002353668,,0,-2.50046578175,1.0947936051,-0.142913398081,-0.0690394665623,67.2501987167,-2.21966590304,0.971906465227,-0.126922498674,-0.0612642119247,67.2501987167,0.759102614464,0.105702321831,-0.0140013032073,-0.00656244444415,67.2501987167,0.395067769916,-0.172974838038,0.0225799822313,0.0109080756179,67.2501987167
1789944668.19,8.09997844696,,0,-2.46773601469,1.09048170588,-0.144981453278,-0.0690394665623,67.4998210583,-2.19060997205,0.968077056602,-0.128757648599,-0.0612642119247,67.4998210583,0.762262582833,0.105279973075,-0.0141978791372,-0.00656244444415,67.4998210583,0.389896543002,-0.172293568058,0.0229067301568,0.0109080756179,67.4998210583
1789944668.22,8.13004112244,,0,-2.43501935971,1.08609202051,-0.147056944302,-0.0690394665623,67.7503409333,-2.16156572644,0.964178610925,-0.130599396924,-0.0612642119247,67.7503409333,0.765421104555,0.104850185572,-0.0143951618686,-0.00656244444415,67.7503409333,0.384727387764,-0.171600008047,0.0232346529256,0.0109080756179,67.7503409333
1789944668.26,8.16997814178,,0,-2.39176176093,1.08016390106,-0.149814195847,-0.0690394665623,68.0831519667,-2.12316381564,0.958913962598,-0.133046125606,-0.0612642119247,68.0831519667,0.769596990648,0.104270047812,-0.0146572483386,-0.00656244444415,68.0831519667,0.377892787968,-0.17066337905,0.0236702922758,0.0109080756179,68.0831519667
1789944668.29,8.19998168945,,0,-2.35942037167,1.07563781446,-0.151885649374,-0.0690394665623,68.3331845,-2.0944528153,0.954894483346,-0.134884291139,-0.0612642119247,68.3331845,0.772718872132,0.103827319271,-0.0148541472917,-0.00656244444415,68.3331845,0.372782923836,-0.169948267961,0.0239975771294,0.0109080756179,68.3331845
1789944668.32,8.23007488251,,0,-2.32712073715,1.07103592329,-0.153963225183,-0.0690394665623,68.5839560167,-2.06577892615,0.950807727438,-0.13672788946,-0.0612642119247,68.5839560167,0.775836548759,0.103377348271,-0.0150516281893,-0.00656244444415,68.5839560167,0.367679656854,-0.169221179926,0.0243258292894,0.0109080756179,68.5839560167
1789944668.36,8.27002811432,,0,-2.28445320718,1.06482952181,-0.156721562028,-0.0690394665623,68.91689805,-2.02790104002,0.945296135686,-0.139175581214,-0.0612642119247,68.91689805,0.779954705701,0.102770752271,-0.0153138178209,-0.00656244444415,68.91689805,0.360938286551,-0.168240583013,0.0247616401145,0.0109080756179,68.91689805
1789944668.39,8.30001735687,,0,-2.25259069501,1.06009853548,-0.1587919946,-0.0690394665623,69.16680735,-1.99961530352,0.941094834142,-0.141012840773,-0.0612642119247,69.16680735,0.783029793995,0.102308553454,-0.0155106197286,-0.00656244444415,69.16680735,0.355904083878,-0.167493098243,0.0250887636596,0.0109080756179,69.16680735
1789944668.42,8.33001327515,,0,-2.22086373884,1.0553043531,-0.160862901679,-0.0690394665623,69.416773925,-1.97144994762,0.936837452997,-0.1428505214,-0.0612642119247,69.416773925,0.786091632807,0.101840344765,-0.0157074667399,-0.00656244444415,69.416773925,0.350891298737,-0.166735628642,0.0254159621758,0.0109080756179,69.416773925
1789944668.46,8.37000274658,,0,-2.17879133907,1.04881621978,-0.163623799198,-0.0690394665623,69.7500250417,-1.93410056939,0.931075854309,-0.145300485444,-0.0612642119247,69.7500250417,0.790151612118,0.101206953699,-0.0159698997726,-0.00656244444415,69.7500250417,0.344243957613,-0.165710518753,0.0258521775815,0.0109080756179,69.7500250417
1789944668.49,8.40002155304,,0,-2.14738173062,1.04387341211,-0.165696243994,-0.0690394665623,70.000177225,-1.90621703149,0.926686583799,-0.147139530609,-0.0612642119247,70.000177225,0.793182444178,0.100724608367,-0.0161668929493,-0.00656244444415,70.000177225,0.339281312669,-0.164929566701,0.0261796190533,0.0109080756179,70.000177225
1789944668.52,8.43002319336,,0,-2.11613804297,1.03887107603,-0.167767584779,-0.0690394665623,70.25019615,-1.87848082803,0.922244490657,-0.148977596097,-0.0612642119247,70.25019615,0.796197105434,0.100236611317,-0.0163637811859,-0.00656244444415,70.25019615,0.334344882822,-0.164139209298,0.0265068860941,0.0109080756179,70.25019615
1789944668.56,8.47002124786,,0,-2.07472040247,1.03210551316,-0.170529012798,-0.0690394665623,70.5835113,-1.8417128832,0.91623670586,-0.151428030896,-0.0612642119247,70.5835113,0.800193191586,0.0995768463921,-0.0166262646445,-0.00656244444415,70.5835113,0.327800992131,-0.163070266184,0.0269431853174,0.0109080756179,70.5835113
1789944668.59,8.49999046326,,0,-2.04386603021,1.02696391023,-0.172598062716,-0.0690394665623,70.8332537083,-1.81432238092,0.911671033612,-0.153264063515,-0.0612642119247,70.8332537083,0.803169923109,0.0990756253696,-0.0168229351261,-0.00656244444415,70.8332537083,0.322926073206,-0.162257904942,0.0272700904064,0.0109080756179,70.8332537083
1789944668.62,8.53004360199,,0,-2.01308093279,1.0217456418,-0.174672906288,-0.0690394665623,71.0836954333,-1.78699341488,0.907037321234,-0.155105237305,-0.0612642119247,71.0836954333,0.806139816787,0.0985670820376,-0.0170201563149,-0.00656244444415,71.0836954333,0.318062099545,-0.161433430728,0.0275979108793,0.0109080756179,71.0836954333
1789944668.66,8.57000637054,,0,-1.97238895047,1.01471002831,-0.177431942434,-0.0690394665623,71.416721875,-1.75086983299,0.900789902639,-0.157553549605,-0.0612642119247,71.416721875,0.810065209268,0.0978816622933,-0.0172824124175,-0.00656244444415,71.416721875,0.31163286115,-0.160321820242,0.0280338321923,0.0109080756179,71.416721875
1789944668.69,8.59997749329,,0,-1.94205675106,1.00936115004,-0.179501146517,-0.0690394665623,71.6664828917,-1.72394300727,0.896040298259,-0.159389719028,-0.0612642119247,71.6664828917,0.812991060416,0.0973607380891,-0.017479097553,-0.00656244444415,71.6664828917,0.306840444315,-0.159476709977,0.028360761639,0.0109080756179,71.6664828917
1789944668.72,8.63004112244,,0,-1.91179359696,1.00393358018,-0.181576690839,-0.0690394665623,71.9170092,-1.69707751223,0.891220855016,-0.161231514649,-0.0612642119247,71.9170092,0.815910103107,0.0968322956881,-0.0176763853507,-0.00656244444415,71.9170092,0.302058936477,-0.158619166623,0.0286886928289,0.0109080756179,71.9170092
1789944668.76,8.6699848175,,0,-1.8718379656,0.996625585926,-0.184334409988,-0.0690394665623,72.249876675,-1.66160777563,0.884731733284,-0.163678658273,-0.0612642119247,72.249876675,0.819763810403,0.0961209931456,-0.0179385162681,-0.00656244444415,72.249876675,0.295746039812,-0.157464520608,0.0291244060595,0.0109080756179,72.249876675
1789944668.79,8.69997692108,,0,-1.84203032725,0.991065965738,-0.186405045881,-0.0690394665623,72.4998105167,-1.6351467394,0.879795118675,-0.165516098254,-0.0612642119247,72.4998105167,0.822638579524,0.0955800285343,-0.0181353375022,-0.00656244444415,72.4998105167,0.291036502399,-0.156586113609,0.0294515617288,0.0109080756179,72.4998105167
1789944668.82,8.73000335693,,0,-1.81235676506,0.985437816606,-0.188478035743,-0.0690394665623,72.7500284917,-1.60880476164,0.874797689332,-0.1673556271,-0.0612642119247,72.7500284917,0.82550027572,0.0950325357913,-0.0183323824894,-0.00656244444415,72.7500284917,0.286348148707,-0.155696879195,0.0297790893199,0.0109080756179,72.7500284917
1789944668.86,8.77000427246,,0,-1.77308968193,0.977843250562,-0.191239691315,-0.0690394665623,73.0833711083,-1.57394642504,0.868054263714,-0.169806263825,-0.0612642119247,73.0833711083,0.82928694629,0.0942939698215,-0.0185948875777,-0.00656244444415,73.0833711083,0.280144041054,-0.154496955502,0.0302154244962,0.0109080756179,73.0833711083
1789944668.89,8.80000972748,,0,-1.74383533072,0.972073913773,-0.193311260415,-0.0690394665623,73.3334175917,-1.5479766722,0.862931549471,-0.171644531915,-0.0612642119247,73.3334175917,0.832107890997,0.0937330652736,-0.0187917975163,-0.00656244444415,73.3334175917,0.275521921716,-0.153585413766,0.03054272761,0.0109080756179,73.3334175917
1789944668.92,8.8300409317,,0,-1.71473045577,0.966237450335,-0.19538458498,-0.0690394665623,73.5836759667,-1.52213964684,0.857749265766,-0.17348435777,-0.0612642119247,73.5836759667,0.834914285729,0.0931657695012,-0.0189888743183,-0.00656244444415,73.5836759667,0.270923419277,-0.152663266175,0.0308703080834,0.0109080756179,73.5836759667
1789944668.96,8.87004852295,,0,-1.67623078822,0.958365343914,-0.198146683303,-0.0690394665623,73.917072025,-1.48796271351,0.850759555821,-0.175935387382,-0.0612642119247,73.917072025,0.838626350912,0.0924008196677,-0.0192514214915,-0.00656244444415,73.917072025,0.264840561494,-0.151419491746,0.0313067132132,0.0109080756179,73.917072025
1789944668.99,8.89998817444,,0,-1.64762651215,0.952401902017,-0.200213720306,-0.0690394665623,74.1665714667,-1.46257015765,0.845464603504,-0.177769633783,-0.0612642119247,74.1665714667,0.841384167425,0.0918214921118,-0.0194479006385,-0.00656244444415,74.1665714667,0.260321152511,-0.150477281852,0.0316333002664,0.0109080756179,74.1665714667
1789944669.02,8.93008804321,,0,-1.61905046688,0.946344245195,-0.202291790713,-0.0690394665623,74.4174026833,-1.43720269546,0.840086030154,-0.179613671,-0.0612642119247,74.4174026833,0.844139131341,0.0912331424724,-0.0196454285494,-0.00656244444415,74.4174026833,0.255806203927,-0.14952018622,0.0319616305718,0.0109080756179,74.4174026833
1789944669.06,8.97001457214,,0,-1.58142817526,0.938212402361,-0.205048298634,-0.0690394665623,74.7501239583,-1.40380476968,0.832865843852,-0.182059739805,-0.0612642119247,74.7501239583,0.847766027944,0.0904435375346,-0.0199074443353,-0.00656244444415,74.7501239583,0.249861969492,-0.148235374039,0.0323971524311,0.0109080756179,74.7501239583
1789944669.09,9.00000095367,,0,-1.55338745268,0.932032789451,-0.207118514698,-0.0690394665623,75.000007125,-1.37891259677,0.827379061001,-0.183896807238,-0.0612642119247,75.000007125,0.850469086584,0.0898436429664,-0.0201042256632,-0.00656244444415,75.000007125,0.245431600644,-0.147259009627,0.0327242417684,0.0109080756179,75.000007125
1789944669.12,9.03008270264,,0,-1.52544389133,0.925770972297,-0.209195373186,-0.0690394665623,75.2506920583,-1.35410670659,0.821819321773,-0.185739769024,-0.0612642119247,75.2506920583,0.853162653985,0.0892358944865,-0.0203016383769,-0.00656244444415,75.2506920583,0.241016583043,-0.146269657136,0.0330523805935,0.0109080756179,75.2506920583
1789944669.16,9.0699968338,,0,-1.48865982687,0.91736610509,-0.211951030334,-0.0690394665623,75.5833106417,-1.32145302572,0.814356860502,-0.18818508287,-0.0612642119247,75.5833106417,0.856708194718,0.0884203427576,-0.0205635732938,-0.00656244444415,75.5833106417,0.235204786542,-0.144941707738,0.0334877680326,0.0109080756179,75.5833106417
1789944669.19,9.10003089905,,0,-1.46120425253,0.910969392498,-0.214024509134,-0.0690394665623,75.8335876333,-1.29708039914,0.808677422912,-0.190025045589,-0.0612642119247,75.8335876333,0.85935444025,0.0877997923987,-0.0207606647563,-0.00656244444415,75.8335876333,0.230866869749,-0.143931042079,0.0338153728746,0.0109080756179,75.8335876333
1789944669.22,9.1299905777,,0,-1.43400768208,0.904526163654,-0.216092953782,-0.0690394665623,76.0832569833,-1.27293772298,0.80295671534,-0.191860541105,-0.0612642119247,76.0832569833,0.861975603285,0.0871748509041,-0.0209572777049,-0.00656244444415,76.0832569833,0.226569874967,-0.142913026961,0.0341421823325,0.0109080756179,76.0832569833
1789944669.26,9.16997623444,,0,-1.39801342038,0.895830432397,-0.218853517151,-0.0690394665623,76.4164677667,-1.24098529101,0.795236139859,-0.19431020863,-0.0612642119247,76.4164677667,0.865444491909,0.0863316218976,-0.0212196789754,-0.00656244444415,76.4164677667,0.220882865458,-0.141539121718,0.0345783449431,0.0109080756179,76.4164677667
1789944669.29,9.1999874115,,0,-1.37122726451,0.88923126532,-0.220925480465,-0.0690394665623,76.6665618333,-1.21720701159,0.78937705058,-0.196148826539,-0.0612642119247,76.6665618333,0.86802582947,0.0856918366779,-0.0214166263856,-0.00656244444415,76.6665618333,0.216650715221,-0.140496468721,0.034905710342,0.0109080756179,76.6665618333
1789944669.32,9.23003578186,,0,-1.34460700296,0.88256155551,-0.223000032138,-0.0690394665623,76.916968325,-1.19357602633,0.78345535922,-0.197989741303,-0.0612642119247,76.916968325,0.870591066009,0.0850453304936,-0.0216138198284,-0.00656244444415,76.916968325,0.2124447759,-0.139442670135,0.0352334846955,0.0109080756179,76.916968325
1789944669.36,9.27000331879,,0,-1.30951253187,0.873593779519,-0.225759330427,-0.0690394665623,77.2500264083,-1.16242247168,0.775493378708,-0.200438286223,-0.0612642119247,77.2500264083,0.873972737844,0.0841762503161,-0.0218761008486,-0.00656244444415,77.2500264083,0.206899931207,-0.138025782455,0.0356694474265,0.0109080756179,77.2500264083
1789944669.39,9.29998207092,,0,-1.28342473942,0.866794694173,-0.227829071292,-0.0690394665623,77.4998522167,-1.13926422715,0.769456889393,-0.202274931975,-0.0612642119247,77.4998522167,0.876486405816,0.0835174755806,-0.0220728370071,-0.00656244444415,77.4998522167,0.202778120761,-0.136951542834,0.0359964616836,0.0109080756179,77.4998522167
1789944669.42,9.33004951477,,0,-1.25746562405,0.859913218837,-0.229904920561,-0.0690394665623,77.7504153333,-1.11622023698,0.763347279676,-0.204116998201,-0.0612642119247,77.7504153333,0.878987566389,0.082850832502,-0.0222701537911,-0.00656244444415,77.7504153333,0.198676640994,-0.135864285787,0.0363244410544,0.0109080756179,77.7504153333
1789944669.46,9.37000846863,,0,-1.2232889103,0.850671405558,-0.232663646099,-0.0690394665623,78.0834042833,-1.0858814997,0.755142124937,-0.206565034873,-0.0612642119247,78.0834042833,0.882280326684,0.0819557075736,-0.0225323803693,-0.00656244444415,78.0834042833,0.193276799821,-0.13440410085,0.036760313292,0.0109080756179,78.0834042833
1789944669.49,9.39999866486,,0,-1.19788245198,0.843662841955,-0.234734120232,-0.0690394665623,78.3333186,-1.06332816629,0.748919747792,-0.208402331312,-0.0612642119247,78.3333186,0.88472799312,0.0812770167643,-0.0227291862276,-0.00656244444415,78.3333186,0.189262638578,-0.133296764151,0.0370874434037,0.0109080756179,78.3333186
1789944669.52,9.4300661087,,0,-1.17262141524,0.836573589649,-0.236810015827,-0.0690394665623,78.5838873083,-1.04090394961,0.742625760968,-0.210244438646,-0.0612642119247,78.5838873083,0.887161545919,0.0805906234733,-0.0229265074149,-0.00656244444415,78.5838873083,0.185271453605,-0.132176678824,0.0374154300938,0.0109080756179,78.5838873083
1789944669.56,9.47001552582,,0,-1.13939048259,0.827058073209,-0.239568102957,-0.0690394665623,78.9167992,-1.01140489751,0.734177728599,-0.212691908808,-0.0612642119247,78.9167992,0.890362730557,0.0796694859503,-0.0231886733102,-0.00656244444415,78.9167992,0.180021043639,-0.130673249423,0.0378512014645,0.0109080756179,78.9167992
1789944669.59,9.50001239777,,0,-1.11468994014,0.819840871165,-0.241639027296,-0.0690394665623,79.1667678583,-0.98947828984,0.727770209285,-0.214529604751,-0.0612642119247,79.1667678583,0.892742053692,0.078970960604,-0.0233855219621,-0.00656244444415,79.1667678583,0.176118415456,-0.129532948334,0.0381784027077,0.0109080756179,79.1667678583
1789944669.62,9.53007316589,,0,-1.09015449632,0.812545856065,-0.243714397225,-0.0690394665623,79.4172731167,-0.96769826442,0.721293633555,-0.216371245619,-0.0612642119247,79.4172731167,0.895105374824,0.0782650120088,-0.023582793183,-0.00656244444415,79.4172731167,0.172241872474,-0.128380352963,0.0385063063438,0.0109080756179,79.4172731167
1789944669.66,9.57001399994,,0,-1.0578958117,0.802756614966,-0.246471895724,-0.0690394665623,79.7501139583,-0.939062383285,0.712602704404,-0.218818193443,-0.0612642119247,79.7501139583,0.898212469703,0.0773178595474,-0.0238449031269,-0.00656244444415,79.7501139583,0.167145075428,-0.1268336757,0.0389419847121,0.0109080756179,79.7501139583
1789944669.69,9.60001182556,,0,-1.0339257814,0.795331841937,-0.248542954276,-0.0690394665623,80.0000988167,-0.91778432885,0.706010990638,-0.220656008483,-0.0612642119247,80.0000988167,0.900521106571,0.0765996030374,-0.0240417645362,-0.00656244444415,80.0000988167,0.163357866462,-0.125660578877,0.0392692071607,0.0109080756179,80.0000988167
1789944669.72,9.62999629974,,0,-1.01019025816,0.787848390861,-0.250613062431,-0.0690394665623,80.2499689583,-0.896714468236,0.699367208603,-0.222492980161,-0.0612642119247,80.2499689583,0.902807063968,0.0758757747113,-0.024238535607,-0.00656244444415,80.2499689583,0.159607709065,-0.124478211058,0.0395962794487,0.0109080756179,80.2499689583
1789944669.76,9.66998767853,,0,-0.978884147997,0.777770786418,-0.253374055363,-0.0690394665623,80.5832315917,-0.868924285279,0.690420386446,-0.224943028872,-0.0612642119247,80.5832315917,0.905821998668,0.074901191198,-0.024500977709,-0.00656244444415,80.5832315917,0.154661416562,-0.122885973056,0.0400325099293,0.0109080756179,80.5832315917
1789944669.79,9.70000743866,,0,-0.955650587589,0.770133599333,-0.255446563053,-0.0690394665623,80.8333913667,-0.848300066263,0.683640178602,-0.226782129849,-0.0612642119247,80.8333913667,0.908059401359,0.0741627352336,-0.0246979768641,-0.00656244444415,80.8333913667,0.150990568121,-0.121679315304,0.0403599613384,0.0109080756179,80.8333913667
1789944669.82,9.73003864288,,0,-0.932637346491,0.762430861373,-0.257519965081,-0.0690394665623,81.0836590917,-0.827871444823,0.676801800903,-0.228622024442,-0.0612642119247,81.0836590917,0.91027549851,0.0734180430274,-0.024895061029,-0.00656244444415,81.0836590917,0.147354529617,-0.120462300667,0.0406875540507,0.0109080756179,81.0836590917
1789944669.86,9.7700252533,,0,-0.902357223532,0.752078416308,-0.260280592794,-0.0690394665623,81.4168776417,-0.800992119545,0.667611091344,-0.231071749065,-0.0612642119247,81.4168776417,0.913191236709,0.0724173371503,-0.0251574684157,-0.00656244444415,81.4168776417,0.142570340701,-0.118826638483,0.0411237268275,0.0109080756179,81.4168776417
1789944669.89,9.80000400543,,0,-0.879928341932,0.744244582855,-0.262350289405,-0.0690394665623,81.6666981083,-0.781082277908,0.660656387769,-0.232908355547,-0.0612642119247,81.6666981083,0.91535086259,0.0716602062302,-0.0253542003677,-0.00656244444415,81.6666981083,0.139026629636,-0.117588911062,0.0414507340925,0.0109080756179,81.6666981083
1789944669.92,9.83006191254,,0,-0.857676630697,0.736327657423,-0.264425480935,-0.0690394665623,81.9171818333,-0.761329729187,0.653627941786,-0.234749838108,-0.0612642119247,81.9171818333,0.917493345149,0.070895143945,-0.0255514546313,-0.00656244444415,81.9171818333,0.135510911075,-0.1163380553,0.0417786095421,0.0109080756179,81.9171818333
1789944669.96,9.87001514435,,0,-0.828469521657,0.725707821652,-0.26718385161,-0.0690394665623,82.25012795,-0.73540299801,0.64419995858,-0.237197559883,-0.0612642119247,82.25012795,0.920305393237,0.0698690352682,-0.0258136474785,-0.00656244444415,82.25012795,0.130896255856,-0.114660146005,0.0422144257122,0.0109080756179,82.25012795
1789944669.99,9.90000724792,,0,-0.806824319099,0.717663297604,-0.269254507593,-0.0690394665623,82.5000642167,-0.716188886058,0.63705829103,-0.239035017692,-0.0612642119247,82.5000642167,0.922389290209,0.0690918716721,-0.0260104706222,-0.00656244444415,82.5000642167,0.127476364253,-0.113389129958,0.0425415845558,0.0109080756179,82.5000642167
1789944670.02,9.93002223969,,0,-0.785405674981,0.709550686434,-0.271326686034,-0.0690394665623,82.75018425,-0.697175906301,0.629856202064,-0.240873826499,-0.0612642119247,82.75018425,0.924451296031,0.0683082269622,-0.026207438481,-0.00656244444415,82.75018425,0.124092268355,-0.112107356304,0.0428689839442,0.0109080756179,82.75018425
1789944670.06,9.97002029419,,0,-0.757242760139,0.698642903253,-0.274088134765,-0.0690394665623,83.0835019,-0.672176177929,0.620172695571,-0.243324279677,-0.0612642119247,83.0835019,0.927162462586,0.0672547292838,-0.0264699239082,-0.00656244444415,83.0835019,0.119642593385,-0.110383951986,0.0433052864399,0.0109080756179,83.0835019
1789944670.09,10.0000181198,,0,-0.736408288066,0.690389657331,-0.276159202292,-0.0690394665623,83.3334878417,-0.653681802547,0.612845811874,-0.245162102682,-0.0612642119247,83.3334878417,0.929168051353,0.0664577234534,-0.0266667861707,-0.00656244444415,83.3334878417,0.116350795309,-0.109079958367,0.0436325103065,0.0109080756179,83.3334878417
1789944670.12,10.0300445557,,0,-0.715803306334,0.682066522173,-0.278232195537,-0.0690394665623,83.583706225,-0.635391160137,0.605456906994,-0.24700163453,-0.0612642119247,83.583706225,0.931151474012,0.065654062777,-0.0268638314795,-0.00656244444415,83.583706225,0.113095256171,-0.107764922411,0.0439600384321,0.0109080756179,83.583706225
1789944670.16,10.0700845718,,0,-0.688717080912,0.670870741336,-0.280996541094,-0.0690394665623,83.9173735333,-0.611347271882,0.595517832898,-0.249454658292,-0.0612642119247,83.9173735333,0.933758663379,0.0645731724151,-0.0271265922603,-0.00656244444415,83.9173735333,0.10881569562,-0.105996015131,0.0443967986198,0.0109080756179,83.9173735333
1789944670.19,10.0999994278,,0,-0.668774371425,0.662433986457,-0.283061820491,-0.0690394665623,84.166660825,-0.593644557366,0.588028115828,-0.251287345028,-0.0612642119247,84.166660825,0.935678169186,0.0637587583627,-0.0273229043406,-0.00656244444415,84.166660825,0.105664793954,-0.104663027522,0.0447231079751,0.0109080756179,84.166660825
1789944670.22,10.1300020218,,0,-0.649027240766,0.653910279396,-0.285133194484,-0.0690394665623,84.4166837583,-0.576115471455,0.580461229981,-0.253125439985,-0.0612642119247,84.4166837583,0.937578780299,0.062936042398,-0.0275197957338,-0.00656244444415,84.4166837583,0.102544793286,-0.103316301671,0.0450503802627,0.0109080756179,84.4166837583
1789944670.26,10.1700029373,,0,-0.623099324359,0.642449564005,-0.287894810566,-0.0690394665623,84.7500216083,-0.553099866997,0.57028706249,-0.255576041667,-0.0612642119247,84.7500216083,0.940074169671,0.0618299855551,-0.0277822970684,-0.00656244444415,84.7500216083,0.0984482428605,-0.101505535346,0.0454867091996,0.0109080756179,84.7500216083
1789944670.29,10.2000160217,,0,-0.603947009761,0.633777675618,-0.289966941301,-0.0690394665623,85.0001358833,-0.536098825227,0.562588682421,-0.257414808141,-0.0612642119247,85.0001358833,0.941917374075,0.0609931798641,-0.0279792603925,-0.00656244444415,85.0001358833,0.0954222217446,-0.100135397188,0.0458141010506,0.0109080756179,85.0001358833
1789944670.32,10.2300205231,,0,-0.585062079488,0.625046480236,-0.292038389926,-0.0690394665623,85.250167825,-0.519335150412,0.554837675565,-0.259252969325,-0.0612642119247,85.250167825,0.943734779831,0.0601507409531,-0.0281761588797,-0.00656244444415,85.250167825,0.0924384467291,-0.0987558886626,0.0461413851298,0.0109080756179,85.250167825
1789944670.36,10.2699842453,,0,-0.560316621366,0.613320304005,-0.294797488277,-0.0690394665623,85.583201775,-0.497369258199,0.544427947344,-0.261701336824,-0.0612642119247,85.583201775,0.946116078227,0.0590194663253,-0.0284384208951,-0.00656244444415,85.583201775,0.0885287219571,-0.0969031801407,0.046577316271,0.0109080756179,85.583201775
1789944670.39,10.3000144958,,0,-0.542031495577,0.604436232133,-0.296870783777,-0.0690394665623,85.8334566417,-0.481138051368,0.536541278231,-0.263541136886,-0.0612642119247,85.8334566417,0.947875614251,0.0581624848136,-0.0286354949342,-0.00656244444415,85.8334566417,0.0856397146524,-0.0954995174844,0.0469048921521,0.0109080756179,85.8334566417
1789944670.42,10.329993248,,0,-0.524045051318,0.595505436408,-0.298940490743,-0.0690394665623,86.0832783583,-0.465171991311,0.528613152735,-0.265377752557,-0.0612642119247,86.0832783583,0.949606347399,0.0573010837037,-0.0288322278706,-0.00656244444415,86.0832783583,0.0827978983336,-0.0940884725676,0.0472319010533,0.0109080756179,86.0832783583
1789944670.46,10.3700180054,,0,-0.500450451704,0.583485206155,-0.301703757973,-0.0690394665623,86.4168155083,-0.444227752971,0.517942480699,-0.267829819434,-0.0612642119247,86.4168155083,0.951876628091,0.0561418330326,-0.0290948861526,-0.00656244444415,86.4168155083,0.0790700065243,-0.0921893041923,0.0476684908677,0.0109080756179,86.4168155083
1789944670.49,10.4000015259,,0,-0.483091361546,0.574407990849,-0.30377381352,-0.0690394665623,86.6666793,-0.428818611683,0.509884424932,-0.269666744428,-0.0612642119247,86.6666793,0.953546857525,0.0552665121209,-0.0292916522228,-0.00656244444415,86.6666793,0.0763273106919,-0.090755125321,0.0479955548437,0.0109080756179,86.6666793
1789944670.52,10.4300460815,,0,-0.465971055352,0.565250141025,-0.305848060177,-0.0690394665623,86.917048975,-0.413621446046,0.501754809425,-0.271507388528,-0.0612642119247,86.917048975,0.95519405465,0.0543835013073,-0.0294888166727,-0.00656244444415,86.917048975,0.0736223421694,-0.0893082063833,0.0483232810054,0.0109080756179,86.917048975
1789944670.56,10.4700565338,,0,-0.443600735368,0.552957789537,-0.308610354157,-0.0690394665623,87.25046865,-0.39376402743,0.490842664032,-0.273958591763,-0.0612642119247,87.25046865,0.95734628484,0.0531983904311,-0.0297513824439,-0.00656244444415,87.25046865,0.0700878836895,-0.0873660434838,0.0487597170487,0.0109080756179,87.25046865
1789944670.59,10.5000038147,,0,-0.427179617496,0.543684657527,-0.310677927873,-0.0690394665623,87.500032875,-0.379187541351,0.482610759528,-0.275793314432,-0.0612642119247,87.500032875,0.958926083783,0.052304461933,-0.0299479126074,-0.00656244444415,87.500032875,0.0674933852932,-0.0859009102277,0.0490863889012,0.0109080756179,87.500032875
1789944670.62,10.5299806595,,0,-0.411021487003,0.534340447332,-0.312747523479,-0.0690394665623,87.74984115,-0.364844513755,0.474315778645,-0.277629831284,-0.0612642119247,87.74984115,0.960480528911,0.0514037649941,-0.0301446349585,-0.00656244444415,87.74984115,0.0649404382901,-0.0844245467832,0.0494133802077,0.0109080756179,87.74984115
1789944670.66,10.5699968338,,0,-0.389890694677,0.521770411484,-0.315510175084,-0.0690394665623,88.0833039917,-0.346087441999,0.463157221287,-0.280081351868,-0.0612642119247,88.0833039917,0.962513273845,0.0501922570822,-0.0304072347232,-0.00656244444415,88.0833039917,0.0616018222929,-0.0824385103989,0.0498498727548,0.0109080756179,88.0833039917
1789944670.69,10.6000070572,,0,-0.37437459311,0.512270765474,-0.317582070601,-0.0690394665623,88.333389875,-0.332314351254,0.454724306373,-0.281919909615,-0.0612642119247,88.333389875,0.964005836619,0.0492767715342,-0.0306041756891,-0.00656244444415,88.333389875,0.0591503143645,-0.0809375884563,0.050177227442,0.0109080756179,88.333389875
1789944670.72,10.6300811768,,0,-0.35911243964,0.502688547183,-0.319658370837,-0.0690394665623,88.584007425,-0.318766693493,0.446218111862,-0.283762376018,-0.0612642119247,88.584007425,0.965473921717,0.048353410603,-0.030801535339,-0.00656244444415,88.584007425,0.0567389296441,-0.0794236202848,0.0505052780643,0.0109080756179,88.584007425
1789944670.76,10.6699914932,,0,-0.33930526568,0.489875878031,-0.322413761699,-0.0690394665623,88.9165938667,-0.301184605041,0.434844257614,-0.286207453567,-0.0612642119247,88.9165938667,0.967379123914,0.0471188833836,-0.0310634449445,-0.00656244444415,88.9165938667,0.0536094422658,-0.0773992484008,0.050940623431,0.0109080756179,88.9165938667
1789944670.79,10.6999940872,,0,-0.324752983147,0.480171449275,-0.324485147429,-0.0690394665623,89.1666182167,-0.288267100911,0.426229623442,-0.288045558939,-0.0612642119247,89.1666182167,0.968778817284,0.0461839355926,-0.0312603374533,-0.00656244444415,89.1666182167,0.0513102155,-0.0758659712591,0.0512678975729,0.0109080756179,89.1666182167
1789944670.82,10.7299871445,,0,-0.310497662847,0.470408252751,-0.326555818601,-0.0690394665623,89.4165563167,-0.275613210047,0.417562841032,-0.289883030226,-0.0612642119247,89.4165563167,0.970149902602,0.045243406033,-0.0314571620408,-0.00656244444415,89.4165563167,0.0490579080754,-0.0743234089463,0.0515950588163,0.0109080756179,89.4165563167
1789944670.86,10.7699985504,,0,-0.291938030297,0.457286983496,-0.329318194946,-0.0690394665623,89.7499859333,-0.259138566352,0.405915130827,-0.29233430655,-0.0612642119247,89.7499859333,0.971934911256,0.0439795031064,-0.031719735641,-0.00656244444415,89.7499859333,0.0461255293342,-0.0722502789618,0.0520315078729,0.0109080756179,89.7499859333
1789944670.89,10.7999925613,,0,-0.278370705555,0.447378429803,-0.331388949793,-0.0690394665623,89.9999341333,-0.247095407043,0.397119361308,-0.294171852089,-0.0612642119247,89.9999341333,0.973239725493,0.0430251563307,-0.0319165681822,-0.00656244444415,89.9999341333,0.0439819236056,-0.0706847505534,0.0523586823368,0.0109080756179,89.9999341333
1789944670.92,10.8300065994,,0,-0.265092518627,0.437400913724,-0.333461123402,-0.0690394665623,90.2500535833,-0.235308913842,0.38826239384,-0.296010656608,-0.0612642119247,90.2500535833,0.974516691148,0.0420642458705,-0.0321135355816,-0.00656244444415,90.2500535833,0.0418840009782,-0.0691083262481,0.0526860809617,0.0109080756179,90.2500535833
1789944670.96,10.8699865341,,0,-0.247872389591,0.42401389979,-0.336221333978,-0.0690394665623,90.5832217833,-0.220023338364,0.376378870501,-0.298460011074,-0.0612642119247,90.5832217833,0.976172692162,0.0407750960538,-0.032375903318,-0.00656244444415,90.5832217833,0.0391632606729,-0.0669932092205,0.053122187832,0.0109080756179,90.5832217833
1789944670.99,10.8999948502,,0,-0.235300304414,0.413893512394,-0.338293064837,-0.0690394665623,90.8332877917,-0.208863644797,0.367395122612,-0.300298422705,-0.0612642119247,90.8332877917,0.977381661618,0.0398006078451,-0.0325728286324,-0.00656244444415,90.8332877917,0.0371769004779,-0.0653942115783,0.0534495165034,0.0109080756179,90.8332877917
1789944671.02,10.9300098419,,0,-0.223029931432,0.403708501268,-0.340365293746,-0.0690394665623,91.0834139167,-0.197971777375,0.358354028195,-0.302137276297,-0.0612642119247,91.0834139167,0.978561580094,0.0388199739159,-0.0327698012883,-0.00656244444415,91.0834139167,0.0352382101072,-0.0637850035366,0.0537769238657,0.0109080756179,91.0834139167
1789944671.06,10.9700059891,,0,-0.207155979324,0.390039853742,-0.343126631806,-0.0690394665623,91.4167182083,-0.18388118613,0.346220587262,-0.304587631268,-0.0612642119247,91.4167182083,0.980087962509,0.0375040470264,-0.033032276196,-0.00656244444415,91.4167182083,0.0327301626217,-0.0616253890546,0.0542132088757,0.0109080756179,91.4167182083
1789944671.09,10.999997139,,0,-0.195612809084,0.379717994043,-0.3451972144,-0.0690394665623,91.6666456167,-0.173634844736,0.337058058699,-0.306425023953,-0.0612642119247,91.6666456167,0.981197871823,0.0365104150994,-0.0332290923639,-0.00656244444415,91.6666456167,0.030906368591,-0.0599945592558,0.054540356124,0.0109080756179,91.6666456167
1789944671.12,11.0299959183,,0,-0.184377611922,0.369331661674,-0.34726826881,-0.0690394665623,91.916629975,-0.163661885277,0.327838317694,-0.308262835318,-0.0612642119247,91.916629975,0.982278135,0.035510651969,-0.0334259533795,-0.00656244444415,91.916629975,0.0291312335894,-0.0583535429245,0.0548675779181,0.0109080756179,91.916629975
1789944671.16,11.0700035095,,0,-0.169879954975,0.355382802149,-0.350030418912,-0.0690394665623,92.2500322833,-0.15079300528,0.315456221135,-0.310713910879,-0.0612642119247,92.2500322833,0.983672033127,0.0341680850387,-0.0336885054746,-0.00656244444415,92.2500322833,0.026840637535,-0.0561496555965,0.055303991229,0.0109080756179,92.2500322833
1789944671.19,11.0999889374,,0,-0.159381337723,0.344855970244,-0.352100593414,-0.0690394665623,92.4999104333,-0.141473891529,0.30611180504,-0.312550941431,-0.0612642119247,92.4999104333,0.984681401531,0.0331549722458,-0.0338852828519,-0.00656244444415,92.4999104333,0.0251818804443,-0.0544864406643,0.0556310739996,0.0109080756179,92.4999104333
1789944671.22,11.1300029755,,0,-0.149189774371,0.334256968062,-0.354172735816,-0.0690394665623,92.7500261167,-0.132427342124,0.296703343549,-0.314389718259,-0.0612642119247,92.7500261167,0.985661218892,0.0321349875311,-0.034082247285,-0.00656244444415,92.7500261167,0.0235716371548,-0.0528118229959,0.0559584676941,0.0109080756179,92.7500261167
1789944671.26,11.1700391769,,0,-0.136092014034,0.320021938113,-0.356936807494,-0.0690394665623,93.0836603667,-0.120801115765,0.284067302307,-0.316842498987,-0.0612642119247,93.0836603667,0.98692039355,0.0307652074911,-0.0343449820327,-0.00656244444415,93.0836603667,0.0215022215053,-0.0505627214047,0.0563951846094,0.0109080756179,93.0836603667
1789944671.29,11.1999835968,,0,-0.126669375933,0.309302600496,-0.359004177198,-0.0690394665623,93.3331999667,-0.112437119475,0.274552064804,-0.318677040619,-0.0612642119247,93.3331999667,0.987826222321,0.0297338132886,-0.0345414928041,-0.00656244444415,93.3331999667,0.0200134666156,-0.0488690910163,0.0567218242286,0.0109080756179,93.3331999667
1789944671.32,11.2299995422,,0,-0.117547642997,0.298495942898,-0.361076406039,-0.0690394665623,93.5833260833,-0.104340227957,0.26495933401,-0.32051589415,-0.0612642119247,93.5833260833,0.988703097777,0.0286940896733,-0.0347384654534,-0.00656244444415,93.5833260833,0.0185722540412,-0.0471616642736,0.0570492315799,0.0109080756179,93.5833260833
1789944671.36,11.2700338364,,0,-0.105887605976,0.283985103723,-0.363840366355,-0.0690394665623,93.9169468917,-0.0939902246509,0.252078545464,-0.322968576058,-0.0612642119247,93.9169468917,0.989823942315,0.0272980936674,-0.0350011896158,-0.00656244444415,93.9169468917,0.0167299953287,-0.0448689854643,0.0574859309005,0.0109080756179,93.9169468917
1789944671.39,11.2999973297,,0,-0.0975420969142,0.273052233023,-0.365909020539,-0.0690394665623,94.1666415333,-0.086582360921,0.24237382113,-0.324804257511,-0.0612642119247,94.1666415333,0.990626143336,0.0262463946372,-0.0351978224815,-0.00656244444415,94.1666415333,0.0154114243195,-0.043141617344,0.0578127734645,0.0109080756179,94.1666415333
1789944671.42,11.3300523758,,0,-0.0895010170564,0.262023556276,-0.367984020347,-0.0690394665623,94.4171021167,-0.0794447284714,0.232584070903,-0.326645569942,-0.0612642119247,94.4171021167,0.991399058683,0.0251855505879,-0.0353950585211,-0.00656244444415,94.4171021167,0.0141409524158,-0.0413991120907,0.0581406186223,0.0109080756179,94.4171021167
1789944671.46,11.3700141907,,0,-0.0793246339803,0.247263111861,-0.370742964395,-0.0690394665623,94.7501174417,-0.0704117109813,0.219481795329,-0.329093800515,-0.0612642119247,94.7501174417,0.992377187758,0.0237658590147,-0.0356573058695,-0.00656244444415,94.7501174417,0.0125331075729,-0.0390669962321,0.058576525384,0.0109080756179,94.7501174417
1789944671.49,11.3999834061,,0,-0.0720811254086,0.236121186364,-0.372812031504,-0.0690394665623,94.999861925,-0.0639820513615,0.209591559417,-0.33092984839,-0.0612642119247,94.999861925,0.993073392374,0.0226942860964,-0.0358539779851,-0.00656244444415,94.999861925,0.0113886500759,-0.0373065979387,0.0589034331891,0.0109080756179,94.999861925
1789944671.52,11.4300718307,,0,-0.0651457210102,0.224872676571,-0.37488930775,-0.0690394665623,95.2505972833,-0.0578258835074,0.199606730405,-0.332773180886,-0.0612642119247,95.2505972833,0.993739964431,0.021612532396,-0.0360514304082,-0.00656244444415,95.2505972833,0.0102928723212,-0.035529359574,0.0592316380189,0.0109080756179,95.2505972833
1789944671.56,11.4699878693,,0,-0.0564689803195,0.209853401009,-0.377645122584,-0.0690394665623,95.5832349,-0.0501240364887,0.186274778077,-0.335218634658,-0.0612642119247,95.5832349,0.994573870942,0.0201682569058,-0.0363133803137,-0.00656244444415,95.5832349,0.00892196748442,-0.0331563489942,0.0596670503721,0.0109080756179,95.5832349
1789944671.59,11.500002861,,0,-0.0503407327044,0.198487438364,-0.379717314073,-0.0690394665623,95.8333565083,-0.0446843461067,0.176185731469,-0.337057455045,-0.0612642119247,95.8333565083,0.995162826468,0.0190753696016,-0.0365103494128,-0.00656244444415,95.8333565083,0.00795371862266,-0.0313605533511,0.0599944518221,0.0109080756179,95.8333565083
1789944671.62,11.5299835205,,0,-0.0445608415243,0.187072093315,-0.381787188461,-0.0690394665623,96.0831984333,-0.0395538755022,0.166052867417,-0.338894219282,-0.0612642119247,96.0831984333,0.995718287354,0.0179778023173,-0.0367070982631,-0.00656244444415,96.0831984333,0.00704050926683,-0.0295569554027,0.0603214871754,0.0109080756179,96.0831984333
1789944671.66,11.5700082779,,0,-0.0373799614837,0.171736053875,-0.384550440433,-0.0690394665623,96.4167337417,-0.0331798348818,0.152439814085,-0.341346272619,-0.0612642119247,96.4167337417,0.996408363771,0.0165033723972,-0.0369697550949,-0.00656244444415,96.4167337417,0.00590594693116,-0.0271338968649,0.0607580745791,0.0109080756179,96.4167337417
1789944671.69,11.600025177,,0,-0.0323985543544,0.160161994274,-0.386622781324,-0.0690394665623,96.6668733833,-0.0287581396453,0.142166106265,-0.343185225582,-0.0612642119247,96.6668733833,0.99688705693,0.0153907038423,-0.0371667383951,-0.00656244444415,96.6668733833,0.00511889619693,-0.0253052223853,0.0610854996343,0.0109080756179,96.6668733833
1789944671.72,11.629986763,,0,-0.0277736277331,0.148547007565,-0.388691342857,-0.0690394665623,96.9165568417,-0.0246528738023,0.131856086262,-0.345020824818,-0.0612642119247,96.9165568417,0.997331481305,0.0142741678425,-0.037363362454,-0.00656244444415,96.9165568417,0.00438816855329,-0.0234700815174,0.0614123275596,0.0109080756179,96.9165568417
1789944671.76,11.6700325012,,0,-0.0221373035665,0.132926061349,-0.391456106862,-0.0690394665623,97.2502746583,-0.0196498562945,0.1179902102,-0.347474219903,-0.0612642119247,97.2502746583,0.997873076673,0.0127726473998,-0.0376261630098,-0.00656244444415,97.2502746583,0.00349764245095,-0.0210020083699,0.0618491538611,0.0109080756179,97.2502746583
1789944671.79,11.6999807358,,0,-0.0183322931411,0.121171790237,-0.393523697907,-0.0690394665623,97.499840975,-0.0162723860636,0.107556593527,-0.349308957949,-0.0612642119247,97.499840975,0.998238688924,0.0116428777871,-0.0378226948204,-0.00656244444415,97.499840975,0.00289645965809,-0.0191448608892,0.0621758284516,0.0109080756179,97.499840975
1789944671.82,11.7299957275,,0,-0.0148728931711,0.109329068114,-0.395595919153,-0.0690394665623,97.749966175,-0.0132016949419,0.0970444802553,-0.35114780474,-0.0612642119247,97.749966175,0.99857108334,0.0105046726358,-0.0380196667479,-0.00656244444415,97.749966175,0.00234988251285,-0.0172737383543,0.062503234603,0.0109080756179,97.749966175
1789944671.86,11.7700223923,,0,-0.0108144278863,0.0934392751693,-0.398359356496,-0.0690394665623,98.0835238583,-0.00959925442064,0.0829400370985,-0.353600022572,-0.0612642119247,98.0835238583,0.998961026222,0.00897760537549,-0.0382823411998,-0.00656244444415,98.0835238583,0.00170865444181,-0.014763188047,0.062939851295,0.0109080756179,98.0835238583
1789944671.89,11.800028801,,0,-0.00819034240485,0.0814550689783,-0.400430946997,-0.0690394665623,98.333572925,-0.00727002328425,0.0723023747063,-0.355438309654,-0.0612642119247,98.333572925,0.999213143878,0.00782595547377,-0.0384792531728,-0.00656244444415,98.333572925,0.00129405504187,-0.0128697113572,0.0632671577902,0.0109080756179,98.333572925
1789944671.92,11.8300437927,,0,-0.00592612432133,0.0694048642048,-0.402503195928,-0.0690394665623,98.5837014667,-0.00526022465406,0.0616061455281,-0.357277181012,-0.0612642119247,98.5837014667,0.999430680206,0.00666802819856,-0.0386762277318,-0.00656244444415,98.5837014667,0.00093631385336,-0.0109658070446,0.0635945683159,0.0109080756179,98.5837014667
1789944671.96,11.8699836731,,0,-0.00347590886113,0.053274158544,-0.405260574643,-0.0690394665623,98.91652785,-0.00308533011101,0.0472879304826,-0.359724022542,-0.0612642119247,98.91652785,0.99966607907,0.00511809792001,-0.0389383262898,-0.00656244444415,98.91652785,0.000549185512078,-0.00841719308652,0.0640302277587,0.0109080756179,98.91652785
1789944671.99,11.8999948502,,0,-0.00205989377751,0.0410806307729,-0.407332545552,-0.0690394665623,99.1666228333,-0.00182842804954,0.0364645198239,-0.361562647189,-0.0612642119247,99.1666228333,0.999802115216,0.00394654896789,-0.0391352744219,-0.00656244444415,99.1666228333,0.000325458423773,-0.00649064407258,0.0643575943575,0.0109080756179,99.1666228333
1789944672.02,11.9299974442,,0,-0.00101099549056,0.0288283129911,-0.409403944331,-0.0690394665623,99.4166487583,-0.00089739172606,0.0255889409734,-0.36340076414,-0.0612642119247,99.4166487583,0.999902879896,0.00276941527289,-0.039332168171,-0.00656244444415,99.4166487583,0.000159734935081,-0.00455480637325,0.064684870561,0.0109080756179,99.4166487583
1789944672.06,11.9699792862,,0,-0.00018635050964,0.0124045004717,-0.412164253841,-0.0690394665623,99.7498289,-0.00016541052986,0.0110106244729,-0.365850206397,-0.0612642119247,99.7498289,0.999982098874,0.00119160645813,-0.0395945453113,-0.00656244444415,99.7498289,2.94429469179e-05,-0.00195988221137,0.0651209930626,0.0109080756179,99.7498289
1789944672.09,11.9999771118,,0,-1.08531850174e-10,9.48227776565e-06,-0.414235274973,-0.0690394665623,99.9998092417,-9.63318314007e-11,8.41676178975e-06,-0.367687988232,-0.0612642119247,99.9998092417,0.99999999999,9.10866729098e-07,-0.0397914031638,-0.00656244444415,99.9998092417,1.71471725707e-11,-1.4981778238e-06,0.065448209599,0.0109080756179,99.9998092417
1789944672.12,12.0299882889,,0,-3.5527136788e-15,0,0,0,100,0,0,0,0,100,1,0,0,0,100,-4.4408920985e-16,0,0,0,100
1789944672.2,0,,0,-0.0312010088966,-0.129236973968,0.817543581568,-0.200347239956,0,-0.0569700205402,-0.00132032024473,0.006001099548,-0.00145901487935,0,1.00036641338,-0.0049294864442,0.00243039196757,-0.000453551540511,0,-0.00780118799597,0.00340790930512,-0.000972593277936,0.000136651153699,0
1789944672.23,0.0299836043268,,0,-0.034709406748,-0.104814127892,0.811536449063,-0.200347239956,0.3747950625,-0.0570069175117,-0.00114104148559,0.00595735302217,-0.00145901487935,0.3747950625,1.00021970005,-0.00485681840662,0.00241679285733,-0.000453551540511,0.3747950625,-0.0076994431643,0.00337880887827,-0.000968495983721,0.000136651153699,0.3747950625
1789944672.27,0.0699851065874,,0,-0.0382549888002,-0.0725117392241,0.803522258142,-0.200347239956,0.8748138625,-0.057047810211,-0.000903905704524,0.00589899023264,-0.00145901487935,0.8748138625,1.00002734875,-0.00476050592599,0.00239865011357,-0.000453551540511,0.8748138625,-0.00756505912472,0.00334017691145,-0.00096302973205,0.000136651153699,0.8748138625
1789944672.3,0.0999908074737,,0,-0.040069933745,-0.0484916851137,0.797510699766,-0.200347239956,1.2498850625,-0.0570722835464,-0.000727559202932,0.00585521147571,-0.00145901487935,1.2498850625,0.999885584218,-0.00468873693558,0.00238504098392,-0.000453551540511,1.2498850625,-0.0074652677044,0.00331134205044,-0.000958929419074,0.000136651153699,1.2498850625
1789944672.33,0.129997089505,,0,-0.0411668610706,-0.0246515434289,0.791499022783,-0.200347239956,1.6249636625,-0.0570914855172,-0.000552522873044,0.00581143185504,-0.00145901487935,1.6249636625,0.999745964303,-0.00461737489268,0.00237143158578,-0.000453551540511,1.6249636625,-0.007366337705,0.00328262965692,-0.0009548290252,0.000136651153699,1.6249636625
1789944672.37,0.169977784157,,0,-0.0415219926909,0.00683301368918,0.783489001089,-0.200347239956,2.1247223375,-0.0571089466467,-0.000321343879811,0.00575309942761,-0.00145901487935,2.1247223375,0.999563248934,-0.00452292590318,0.00235329828042,-0.000453551540511,2.1247223375,-0.00723585756371,0.00324456414526,-0.00094936561724,0.000136651153699,2.1247223375
1789944672.4,0.200056493282,,0,-0.0409629507527,0.0303087182953,0.777462815561,-0.200347239956,2.50070615,-0.0571160163754,-0.00014895810546,0.00570921414946,-0.00145901487935,2.50070615,0.999428267671,-0.00445234690892,0.00233965603743,-0.000453551540511,2.50070615,-0.00713869411521,0.00321607027302,-0.0009452553275,0.000136651153699,2.50070615
1789944672.43,0.229993015528,,0,-0.0397081294986,0.053493478931,0.771465115203,-0.200347239956,2.874912725,-0.0571179239013,2.13021510154e-05,0.00566553631259,-0.00145901487935,2.874912725,0.999296026239,-0.00438250897057,0.00232607827995,-0.000453551540511,2.874912725,-0.00704283909966,0.00318783384541,-0.000941164466684,0.000136651153699,2.874912725
1789944672.47,0.269989401102,,0,-0.0369536605609,0.0841890374717,0.763451952064,-0.200347239956,3.3748674,-0.0571125558437,0.000246736059987,0.00560718100781,-0.00145901487935,3.3748674,0.99912259746,-0.00428983704919,0.00230793786291,-0.000453551540511,3.3748674,-0.00691608864279,0.00315029998051,-0.000935698916033,0.000136651153699,3.3748674
1789944672.5,0.300026059151,,0,-0.0340814149376,0.107030203661,0.757434191137,-0.200347239956,3.7503255875,-0.0571026219063,0.000414498859359,0.00556335708124,-0.00145901487935,3.7503255875,0.998994784167,-0.00422071891308,0.00229431469176,-0.000453551540511,3.7503255875,-0.00682188564602,0.00312225635837,-0.000931594372474,0.000136651153699,3.7503255875
1789944672.53,0.3299934268,,0,-0.0305347949918,0.129638557078,0.751430310467,-0.200347239956,4.1249177625,-0.0570877089398,0.000580562932291,0.00551963423668,-0.00145901487935,4.1249177625,0.998869328468,-0.00415216798115,0.00228072294312,-0.000453551540511,4.1249177625,-0.00672873751522,0.00309440028073,-0.000927499296244,0.000136651153699,4.1249177625
1789944672.57,0.369992673397,,0,-0.0247503669039,0.159534925965,0.743416573333,-0.200347239956,4.62490825,-0.0570600868869,0.000800176933825,0.00546127475181,-0.00145901487935,4.62490825,0.99870506458,-0.00406130362648,0.00226258122665,-0.000453551540511,4.62490825,-0.0066057043725,0.00305741033147,-0.000922033354087,0.000136651153699,4.62490825
1789944672.6,0.399989128113,,0,-0.019631323157,0.181744670498,0.737406861557,-0.200347239956,4.9998642375,-0.0570336339627,0.000963339544642,0.00541750944262,-0.00145901487935,4.9998642375,0.998584255653,-0.00399363820652,0.00224897627739,-0.000453551540511,4.9998642375,-0.0065144070306,0.00302981405591,-0.000917934300625,0.000136651153699,4.9998642375
1789944672.63,0.429996073246,,0,-0.0138466395305,0.203781787928,0.731395056153,-0.200347239956,5.37495085,-0.057002294666,0.00112524550583,0.00537372888673,-0.00145901487935,5.37495085,0.998465429299,-0.00392635752752,0.00223536658851,-0.000453551540511,5.37495085,-0.00642390426126,0.00300233118796,-0.000913833819158,0.000136651153699,5.37495085
1789944672.67,0.469995856285,,0,-0.00511243534827,0.23287716843,0.723381206424,-0.200347239956,5.8749483625,-0.056953001692,0.00133902639163,0.0053153685819,-0.00145901487935,5.8749483625,0.998310159217,-0.00383730614644,0.00221722461715,-0.000453551540511,5.8749483625,-0.00630454121339,0.00296588733688,-0.000908367800204,0.000136651153699,5.8749483625
1789944672.7,0.499995231628,,0,0.00219834037531,0.25448799929,0.717370914642,-0.200347239956,6.2499405375,-0.0569104464876,0.00149782759237,0.00527159904886,-0.00145901487935,6.2499405375,0.998196038104,-0.00377099488559,0.00220361835486,-0.000453551540511,6.2499405375,-0.00621597458349,0.00293869836196,-0.000904268351136,0.000136651153699,6.2499405375
1789944672.73,0.529974639416,,0,0.0101492028183,0.275904292928,0.711364631208,-0.200347239956,6.624682625,-0.0568631801589,0.00165521114105,0.00522785870633,-0.00145901487935,6.624682625,0.998083974292,-0.00370513561975,0.00219002116677,-0.000453551540511,6.624682625,-0.00612828001435,0.00291165037766,-0.000900171636049,0.000136651153699,6.624682625
1789944672.77,0.569984078407,,0,0.0217552157754,0.30420527447,0.703348840515,-0.200347239956,7.1248012375,-0.0567927873094,0.0018632073307,0.00516948426657,-0.00145901487935,7.1248012375,0.997937481716,-0.00361787700537,0.0021718748014,-0.000453551540511,7.1248012375,-0.00601250539096,0.00287574434329,-0.000894704293218,0.000136651153699,7.1248012375
1789944672.8,0.600076436996,,0,0.0312270095523,0.32527996783,0.697319925256,-0.200347239956,7.5009553625,-0.056734385077,0.00201810855294,0.00512557910934,-0.00145901487935,7.5009553625,0.997829592676,-0.00355272558854,0.00215822637877,-0.000453551540511,7.5009553625,-0.00592637202155,0.00284888247855,-0.000890592141606,0.000136651153699,7.5009553625
1789944672.83,0.62998265028,,0,0.0412658490049,0.346044583665,0.691328294818,-0.200347239956,7.874783225,-0.0566717454504,0.00217074283683,0.00508194547625,-0.00145901487935,7.874783225,0.997724307169,-0.00348838400051,0.00214466236254,-0.000453551540511,7.874783225,-0.0058415703456,0.00282230933522,-0.00088650542091,0.000136651153699,7.874783225
1789944672.87,0.669988572598,,0,0.0556607588446,0.373541463751,0.683313224774,-0.200347239956,8.374856875,-0.0565808517624,0.00237288304291,0.00502357628456,-0.00145901487935,8.374856875,0.997586462651,-0.00340294781779,0.00212651762859,-0.000453551540511,8.374856875,-0.00572936929817,0.00278695324823,-0.000881038569614,0.000136651153699,8.374856875
1789944672.9,0.70001912117,,0,0.067185624898,0.393971391003,0.677296688369,-0.200347239956,8.7502386625,-0.0565073341671,0.00252308587228,0.00497976127549,-0.00145901487935,8.7502386625,0.997485227116,-0.0033392918527,0.00211289722955,-0.000453551540511,8.7502386625,-0.00564607223705,0.00276055679987,-0.000876934861266,0.000136651153699,8.7502386625
1789944672.93,0.729989290237,,0,0.0792963015675,0.414180124263,0.671292243522,-0.200347239956,9.1248660375,-0.0564294869088,0.00267167501132,0.00493603432234,-0.00145901487935,9.1248660375,0.997386094785,-0.00327617161406,0.00209930420371,-0.000453551540511,9.1248660375,-0.00556373104899,0.00273433626634,-0.000872839400226,0.000136651153699,9.1248660375
1789944672.97,0.76999515295,,0,0.0964009965134,0.440875437612,0.663277175481,-0.200347239956,9.6249395625,-0.0563186697743,0.00286797786276,0.00487766514524,-0.00145901487935,9.6249395625,0.997256703747,-0.00319255004576,0.0020811594743,-0.000453551540511,9.6249395625,-0.00545503853361,0.00269952690936,-0.000867372550296,0.000136651153699,9.6249395625
1789944673,0.800017237663,,0,0.109935008087,0.46069811362,0.657262333213,-0.200347239956,10.00021565,-0.056230375491,0.00301375802629,0.0048338624736,-0.00145901487935,10.00021565,0.997161792587,-0.00313027369379,0.00206754291049,-0.000453551540511,10.00021565,-0.00537438337818,0.0026735481588,-0.000863269997471,0.000136651153699,10.00021565
1789944673.03,0.829993665218,,0,0.124039502168,0.480310484459,0.651256635995,-0.200347239956,10.3749211625,-0.0561378684784,0.00315800449362,0.00479012640015,-0.00145901487935,10.3749211625,0.99706888502,-0.00306849989348,0.00205394704949,-0.000453551540511,10.3749211625,-0.00529462716766,0.00264773179313,-0.000859173682225,0.000136651153699,10.3749211625
1789944673.07,0.86999642849,,0,0.143772159598,0.506202212721,0.643242204257,-0.200347239956,10.8749549875,-0.0560077226995,0.00334845514188,0.00473176185688,-0.00145901487935,10.8749549875,0.996947775262,-0.00298669934385,0.00203580376056,-0.000453551540511,10.8749549875,-0.00518939670521,0.00261347185663,-0.000853707266299,0.000136651153699,10.8749549875
1789944673.1,0.899990558624,,0,0.159243701369,0.525405584586,0.637232962296,-0.200347239956,11.2498816625,-0.0559051667887,0.00348972394111,0.00468799996908,-0.00145901487935,11.2498816625,0.996859105515,-0.00292584119144,0.00202219987488,-0.000453551540511,11.2498816625,-0.00511139128362,0.00258792711546,-0.000849608533284,0.000136651153699,11.2498816625
1789944673.13,0.929983198643,,0,0.175287743482,0.544427804217,0.631224009235,-0.200347239956,11.6247903125,-0.0557983985619,0.00362967344342,0.00464424018518,-0.00145901487935,11.6247903125,0.996772259169,-0.0028653939722,0.00200859664322,-0.000453551540511,11.6247903125,-0.00503415390584,0.00256250653146,-0.000845509997319,0.000136651153699,11.6247903125
1789944673.17,0.969989478588,,0,0.197571275536,0.569520401796,0.623208861055,-0.200347239956,12.1248688375,-0.0556494878334,0.00381430464739,0.00458587042447,-0.00145901487935,12.1248688375,0.996659227952,-0.00278540044368,0.00199045173239,-0.000453551540511,12.1248688375,-0.00493231270909,0.00252879017534,-0.000840043092729,0.000136651153699,12.1248688375
1789944673.2,1.00010037422,,0,0.215001618807,0.588194917329,0.61717623837,-0.200347239956,12.501254275,-0.0555325636561,0.00395172761811,0.00454193826818,-0.00145901487935,12.501254275,0.996576257489,-0.00272567188905,0.00197679491679,-0.000453551540511,12.501254275,-0.00485654892134,0.00250355772461,-0.000835928412387,0.000136651153699,12.501254275
1789944673.23,1.03000593185,,0,0.232866999715,0.606562320883,0.611184744569,-0.200347239956,12.8750736125,-0.0554123605613,0.00408690433751,0.00449830563013,-0.00145901487935,12.8750736125,0.996495626723,-0.00266675757079,0.00196323120988,-0.000453551540511,12.8750736125,-0.00478205185183,0.0024786199346,-0.000831841784888,0.000136651153699,12.8750736125
1789944673.27,1.06997776031,,0,0.257598537566,0.630832446297,0.60317649715,-0.200347239956,13.3747215875,-0.0552454214341,0.0042655443125,0.00443998612373,-0.00145901487935,13.3747215875,0.996390595068,-0.00258864594141,0.00194510192118,-0.000453551540511,13.3747215875,-0.00468363993951,0.00244547885658,-0.000826379587109,0.000136651153699,13.3747215875
1789944673.3,1.10000038147,,0,0.276808740331,0.648851115491,0.597161540483,-0.200347239956,13.7500048125,-0.0551153640236,0.0043981869486,0.00439618261899,-0.00145901487935,13.7500048125,0.996313751609,-0.00253045321826,0.00193148509839,-0.000453551540511,13.7500048125,-0.00461059198058,0.0024207303308,-0.000822276956257,0.000136651153699,13.7500048125
1789944673.33,1.13000631332,,0,0.296546072992,0.666679332843,0.591149927813,-0.200347239956,14.1250794,-0.0549814196714,0.00452944184129,0.00435240346667,-0.00145901487935,14.1250794,0.996238690385,-0.00247270131953,0.00191787584583,-0.000453551540511,14.1250794,-0.0045383251827,0.00239611863307,-0.000818176606248,0.000136651153699,14.1250794
1789944673.37,1.16999995708,,0,0.323679624589,0.690161330585,0.583137316831,-0.200347239956,14.624999625,-0.0547968056483,0.00470234336344,0.00429405218293,-0.00145901487935,14.624999625,0.996141327089,-0.00239636125104,0.00189973667878,-0.000453551540511,14.624999625,-0.00444314860493,0.00236350607646,-0.000812711432208,0.000136651153699,14.624999625
1789944673.4,1.19999063015,,0,0.344639357611,0.707559896532,0.577128773279,-0.200347239956,14.999882725,-0.0546538547642,0.00483046862354,0.00425029538126,-0.00145901487935,14.999882725,0.996070310972,-0.00233959088798,0.00188613437418,-0.000453551540511,14.999882725,-0.00437263040396,0.00233919378866,-0.000808613175558,0.000136651153699,14.999882725
1789944673.43,1.2299901247,,0,0.366124594152,0.724783314487,0.571118457456,-0.200347239956,15.3748764,-0.0545070371465,0.00495731879978,0.00420652567314,-0.00145901487935,15.3748764,0.99600097112,-0.00228321190245,0.00187252805746,-0.000453551540511,15.3748764,-0.00430281902268,0.0023149972935,-0.000804513710093,0.000136651153699,15.3748764
1789944673.47,1.26998066902,,0,0.395563638106,0.747462466597,0.563106456532,-0.200347239956,15.8747585625,-0.0543054430445,0.00512437350998,0.0041481788321,-0.00145901487935,15.8747585625,0.995911156649,-0.0022086911027,0.00185439027147,-0.000453551540511,15.8747585625,-0.00421088280548,0.00228293359864,-0.000799048952155,0.000136651153699,15.8747585625
1789944673.5,1.29999005795,,0,0.418247202503,0.764270747971,0.557094153464,-0.200347239956,16.249876225,-0.0541498023231,0.00524820095298,0.00410439465201,-0.00145901487935,16.249876225,0.995845708082,-0.00215324616547,0.00184077945597,-0.000453551540511,16.249876225,-0.00414273249046,0.00225901614024,-0.000794948131247,0.000136651153699,16.249876225
1789944673.53,1.32998180389,,0,0.441418665588,0.780888864359,0.551085391134,-0.200347239956,16.624772975,-0.0539905602441,0.00537064269504,0.00406063625709,-0.00145901487935,16.624772975,0.995781954339,-0.00209824197245,0.00182717665609,-0.000453551540511,16.624772975,-0.00407533758101,0.00223523572174,-0.000790849725375,0.000136651153699,16.624772975
1789944673.57,1.36997818947,,0,0.473089984396,0.802769995019,0.543072242019,-0.200347239956,17.124726775,-0.053772522036,0.005531886141,0.00400228105444,-0.00145901487935,17.124726775,0.99569948905,-0.00202552443363,0.0018090362708,-0.000453551540511,17.124726775,-0.00398656751922,0.00220371395643,-0.000785384184289,0.000136651153699,17.124726775
1789944673.6,1.40002310276,,0,0.497453394907,0.818996157489,0.537052815205,-0.200347239956,17.5002889,-0.053604516848,0.00565147602868,0.00395844499616,-0.00145901487935,17.5002889,0.995639446687,-0.00197137670368,0.00179540932837,-0.000453551540511,17.5002889,-0.00392071086505,0.00218017878969,-0.000781278504476,0.000136651153699,17.5002889
1789944673.63,1.42999184132,,0,0.522237913541,0.835000962369,0.531048669476,-0.200347239956,17.8748976125,-0.0534333784355,0.0057694502801,0.00391472022132,-0.00145901487935,17.8748976125,0.995581171311,-0.00191777429802,0.00178181697968,-0.000453551540511,17.8748976125,-0.00385572397651,0.00215682625567,-0.000777183247456,0.000136651153699,17.8748976125
1789944673.67,1.46998989582,,0,0.556059050492,0.856081651711,0.523035155128,-0.200347239956,18.3748742,-0.0531994953082,0.00592486465408,0.00385636235888,-0.00145901487935,18.3748742,0.995505884413,-0.00184686776343,0.00176367576756,-0.000453551540511,18.3748742,-0.00377007519699,0.00212584969212,-0.000771717457256,0.000136651153699,18.3748742
1789944673.7,1.50002813339,,0,0.582009295204,0.871702319436,0.517017077252,-0.200347239956,18.7503521625,-0.0530197896207,0.00604004474916,0.00381253612415,-0.00145901487935,18.7503521625,0.995451201392,-0.00179409467153,0.00175005187889,-0.000453551540511,18.7503521625,-0.00370656596149,0.00210273031012,-0.000767612697515,0.000136651153699,18.7503521625
1789944673.73,1.5300027132,,0,0.608369559771,0.887109679509,0.511011755284,-0.200347239956,19.1250342625,-0.0528370357039,0.00615366842847,0.00376880278343,-0.00145901487935,19.1250342625,0.995398208332,-0.00174184137478,0.0017364568674,-0.000453551540511,19.1250342625,-0.00364388175576,0.00207978283992,-0.000763516638216,0.000136651153699,19.1250342625
1789944673.77,1.56998348236,,0,0.644243137638,0.907380181134,0.503001725576,-0.200347239956,19.6247934375,-0.0525880109251,0.00630318184226,0.00371047029764,-0.00145901487935,19.6247934375,0.995329951232,-0.00167277904646,0.00171832354391,-0.000453551540511,19.6247934375,-0.00356133928081,0.00204936609994,-0.000758053224789,0.000136651153699,19.6247934375
1789944673.8,1.59998941422,,0,0.671695459242,0.922383022308,0.496990120919,-0.200347239956,19.999867525,-0.0523972143089,0.00641386112699,0.00366669120368,-0.00145901487935,19.999867525,0.995280529455,-0.00162142333448,0.00170471430949,-0.000453551540511,19.999867525,-0.00350018679467,0.00202668152754,-0.000753952880247,0.000136651153699,19.999867525
1789944673.83,1.62998235226,,0,0.699583125999,0.937199128887,0.490981107754,-0.200347239956,20.374779925,-0.0522032007441,0.00652317991694,0.00362293098207,-0.00145901487935,20.374779925,0.995232662841,-0.00157049785468,0.00169111094176,-0.000453551540511,20.374779925,-0.00343973905764,0.00200412968913,-0.000749854303287,0.000136651153699,20.374779925
1789944673.87,1.66997647285,,0,0.737456093655,0.956675245412,0.482968400405,-0.200347239956,20.8747061625,-0.051939430107,0.00666690890977,0.00356457899655,-0.00145901487935,20.8747061625,0.995171199848,-0.00150322613044,0.00167297155655,-0.000453551540511,20.8747061625,-0.00336018394593,0.00197424923055,-0.000744389063517,0.000136651153699,20.8747061625
1789944673.9,1.69998002052,,0,0.766376176229,0.971075806702,0.476957283594,-0.200347239956,21.2497498125,-0.0517378016927,0.00677320201762,0.00352080345529,-0.00145901487935,21.2497498125,0.995126848786,-0.00145323528744,0.00165936342653,-0.000453551540511,21.2497498125,-0.00330128401286,0.00195197646658,-0.000740289051721,0.000136651153699,21.2497498125
1789944673.93,1.7300195694,,0,0.795761138552,0.985312990034,0.470938944665,-0.200347239956,21.6252440625,-0.0515327558707,0.00687830704533,0.00347697531946,-0.00145901487935,21.6252440625,0.995083940901,-0.00140359340997,0.00164573894689,-0.000453551540511,21.6252440625,-0.00324298092913,0.00192980017922,-0.000736184113923,0.000136651153699,21.6252440625
1789944673.97,1.76997697353,,0,0.835505584028,1.00397058674,0.462933573631,-0.200347239956,22.124712575,-0.0512551558909,0.00701607348881,0.00341867676014,-0.00145901487935,22.124712575,0.995029165815,-0.00133819589752,0.00162761616983,-0.000453551540511,22.124712575,-0.00316645721805,0.00190049320511,-0.000730723878045,0.000136651153699,22.124712575
1789944674,1.80004453659,,0,0.865900813462,1.01779927635,0.456909634396,-0.200347239956,22.5005562375,-0.051042661426,0.00711820501415,0.00337480784046,-0.00145901487935,22.5005562375,0.994989663291,-0.0012894625773,0.00161397901206,-0.000453551540511,22.5005562375,-0.00310964383979,0.00187858394004,-0.000726615120438,0.000136651153699,22.5005562375
1789944674.03,1.8299741745,,0,0.896566952873,1.03138469328,0.450913309222,-0.200347239956,22.8746770125,-0.0508281109248,0.00721855839055,0.00333114001827,-0.00145901487935,22.8746770125,0.994951790974,-0.00124135987326,0.00160040436775,-0.000453551540511,22.8746770125,-0.00305374329215,0.00185689780009,-0.000722525197596,0.000136651153699,22.8746770125
1789944674.07,1.86998224258,,0,0.938189469967,1.04926455083,0.442897789799,-0.200347239956,23.3747787,-0.0505366594424,0.00735066340339,0.00327276755401,-0.00145901487935,23.3747787,0.994903402484,-0.00117769366809,0.00158225861649,-0.000453551540511,23.3747787,-0.00298002907108,0.00182810027983,-0.000717058039791,0.000136651153699,23.3747787
1789944674.1,1.90002369881,,0,0.969909735709,1.06247939077,0.436879089444,-0.200347239956,23.7502955,-0.0503143654198,0.00744832337172,0.00322893678612,-0.00145901487935,23.7502955,0.994868734914,-0.00113036515382,0.00156863331864,-0.000453551540511,23.7502955,-0.00292543343034,0.00180662055522,-0.000712952855475,0.000136651153699,23.7502955
1789944674.13,1.93000233173,,0,1.00195694114,1.07548644473,0.430872932629,-0.200347239956,24.1250296875,-0.0500896296965,0.00754446718572,0.00318519736569,-0.00145901487935,24.1250296875,0.994835550845,-0.00108354332021,0.0015550364172,-0.000453551540511,24.1250296875,-0.00287159299196,0.00178530853637,-0.00070885622675,0.000136651153699,24.1250296875
1789944674.17,1.96998238564,,0,1.04529711129,1.09255262786,0.422863049575,-0.200347239956,24.6247797125,-0.0497854718122,0.00767064533767,0.0031268659479,-0.00145901487935,24.6247797125,0.994793468736,-0.00102173543965,0.0015369034257,-0.000453551540511,24.6247797125,-0.00280078141578,0.00175707767465,-0.000703392913352,0.000136651153699,24.6247797125
1789944674.2,1.99999594688,,0,1.07827805284,1.10515401185,0.416849917471,-0.200347239956,24.9999491,-0.0495538467204,0.0077638365383,0.00308307573041,-0.00145901487935,24.9999491,0.994763493015,-0.000975811792921,0.00152329073341,-0.000453551540511,24.9999491,-0.00274836147244,0.00173602790416,-0.000699291526981,0.000136651153699,24.9999491
1789944674.23,2.02999687195,,0,1.11162042361,1.11756974629,0.41083930854,-0.200347239956,25.3749610625,-0.0493195432879,0.00785567516213,0.00303930388775,-0.00145901487935,25.3749610625,0.99473490121,-0.000930315724345,0.00150968375314,-0.000453551540511,25.3749610625,-0.00269659306021,0.00171510998607,-0.000695191861595,0.000136651153699,25.3749610625
1789944674.27,2.07000279427,,0,1.15665648404,1.13384543402,0.402824228679,-0.200347239956,25.875035325,-0.0490028530152,0.0079760978155,0.00298093462457,-0.00145901487935,25.875035325,0.99469888632,-0.00087028235421,0.00149153899697,-0.000453551540511,25.875035325,-0.00262853333175,0.00168740753487,-0.000689725003603,0.000136651153699,25.875035325
1789944674.3,2.10000371933,,0,1.19085316401,1.14584033278,0.396813645793,-0.200347239956,26.2500456625,-0.0487622285561,0.00806487172657,0.00293716297158,-0.00145901487935,26.2500456625,0.994673446318,-0.000825739060244,0.00147793207567,-0.000453551540511,26.2500456625,-0.0025782194886,0.00166677671077,-0.000685625355981,0.000136651153699,26.2500456625
1789944674.33,2.12999081612,,0,1.22539123336,1.1576495879,0.390805790835,-0.200347239956,26.6248858,-0.0485190715064,0.00815229305531,0.00289341118454,-0.00145901487935,26.6248858,0.994649347171,-0.000781623923464,0.00146433132993,-0.000453551540511,26.6248858,-0.00252854515795,0.00164627815915,-0.000681527569002,0.000136651153699,26.6248858
1789944674.37,2.16999197006,,0,1.27200899379,1.17312195592,0.382791684461,-0.200347239956,27.124899325,-0.0481906716733,0.00826686535831,0.00283504901071,-0.00145901487935,27.124899325,0.994619248058,-0.000723411946722,0.00144618877756,-0.000453551540511,27.124899325,-0.00246323604413,0.00161912564582,-0.000676061374997,0.000136651153699,27.124899325
1789944674.4,2.20001912117,,0,1.3074062581,1.18452580875,0.376775812408,-0.200347239956,27.5002396625,-0.0479411691253,0.00835133626954,0.00279123883973,-0.00145901487935,27.5002396625,0.994598175924,-0.00068019137684,0.0014325698825,-0.000453551540511,27.5002396625,-0.0024149223543,0.00159888700213,-0.000671958119786,0.000136651153699,27.5002396625
1789944674.43,2.2300131321,,0,1.34310334168,1.19573665147,0.370766624741,-0.200347239956,27.87516295,-0.0476894313073,0.00843440001679,0.00274747734733,-0.00145901487935,27.87516295,0.99457841671,-0.000637427086745,0.00141896611973,-0.000453551540511,27.87516295,-0.00236726719951,0.00157879385021,-0.000667859423803,0.000136651153699,27.87516295
1789944674.47,2.26998114586,,0,1.39118859957,1.21039544499,0.36275913824,-0.200347239956,28.37476345,-0.0473501459247,0.00854304595386,0.00268916338227,-0.00145901487935,28.37476345,0.994554068532,-0.000581076053757,0.00140083855362,-0.000453551540511,28.37476345,-0.00230469788372,0.00155220996434,-0.000662397745026,0.000136651153699,28.37476345
1789944674.5,2.30000925064,,0,1.42769719055,1.22119810849,0.356743079464,-0.200347239956,28.7501154375,-0.0470924081702,0.00862313878968,0.00264535185149,-0.00145901487935,28.7501154375,0.994537249402,-0.000539215932455,0.00138721923585,-0.000453551540511,28.7501154375,-0.00225838589826,0.00153238098804,-0.000658294362455,0.000136651153699,28.7501154375
1789944674.53,2.3299870491,,0,1.46446544886,1.23180246637,0.350737105366,-0.200347239956,29.124838225,-0.0468327231438,0.0087017850929,0.00260161376168,-0.00145901487935,29.124838225,0.994521706172,-0.000497833916293,0.00137362274804,-0.000453551540511,29.124838225,-0.00221274363332,0.0015127081583,-0.000654197858356,0.000136651153699,29.124838225
1789944674.57,2.36999511719,,0,1.51402605897,1.24567444027,0.342721597964,-0.200347239956,29.6249391625,-0.046482514914,0.00880470296818,0.00254324138496,-0.00145901487935,29.6249391625,0.994502883297,-0.000443240902112,0.00135547702399,-0.000453551540511,29.6249391625,-0.00215274520299,0.00148664432638,-0.00064873070875,0.000136651153699,29.6249391625
1789944674.6,2.39998626709,,0,1.55153858759,1.25586297528,0.336712940014,-0.200347239956,29.9998294,-0.0462173139101,0.00888032170513,0.00249948375019,-0.00145901487935,29.9998294,0.99449019753,-0.000402792472568,0.00134187446041,-0.000453551540511,29.9998294,-0.00210845007098,0.00146724955865,-0.000644632374073,0.000136651153699,29.9998294
1789944674.63,2.42998194695,,0,1.58935944651,1.2658727313,0.330703416965,-0.200347239956,30.3747736125,-0.0459498260215,0.00895463870107,0.00245571981539,-0.00145901487935,30.3747736125,0.994478717177,-0.000362746265013,0.0013282699384,-0.000453551540511,30.3747736125,-0.00206472851617,0.00144797493915,-0.000640533449336,0.000136651153699,30.3747736125
1789944674.67,2.46998357773,,0,1.64025886997,1.27894111714,0.3226892002,-0.200347239956,30.874794025,-0.045589676679,0.00905170419667,0.00239735683765,-0.00145901487935,30.874794025,0.994465264599,-0.000309976169271,0.00131012713613,-0.000453551540511,30.874794025,-0.00200731816487,0.00142246188503,-0.000635067180037,0.000136651153699,30.874794025
1789944674.7,2.49999761581,,0,1.67878960874,1.288536109,0.316675953697,-0.200347239956,31.24997055,-0.0453169244732,0.00912300158231,0.00235356578706,-0.00145901487935,31.24997055,0.994456549005,-0.000270858143962,0.00129651418486,-0.000453551540511,31.24997055,-0.00196490965386,0.00140346245214,-0.000630965715638,0.000136651153699,31.24997055
1789944674.73,2.52998518944,,0,1.71757112354,1.29794236076,0.310668032625,-0.200347239956,31.6248148125,-0.0450422964215,0.00919292322137,0.00230981351855,-0.00145901487935,31.6248148125,0.994449007543,-0.000232182800391,0.00128291328944,-0.000453551540511,31.6248148125,-0.00192310635065,0.00138460278383,-0.000626867883564,0.000136651153699,31.6248148125
1789944674.77,2.56997609138,,0,1.76972345494,1.31020608764,0.302655941344,-0.200347239956,32.1247026125,-0.0446728305391,0.00928412834111,0.00225146601949,-0.00145901487935,32.1247026125,0.994440743351,-0.00018124046265,0.0012647752989,-0.000453551540511,32.1247026125,-0.00186823448012,0.00135964296712,-0.000621403063997,0.000136651153699,32.1247026125
1789944674.8,2.60006070137,,0,1.80927639635,1.31922067367,0.296628596005,-0.200347239956,32.5007587875,-0.0443925099822,0.00935120229682,0.00220757229511,-0.00145901487935,32.5007587875,0.994435861124,-0.000143395587243,0.0012511304303,-0.000453551540511,32.5007587875,-0.00182761089804,0.00134101021026,-0.000617291983183,0.000136651153699,32.5007587875
1789944674.83,2.63001155853,,0,1.84892038268,1.32801510367,0.290628017259,-0.200347239956,32.87514495,-0.0441114494981,0.0094166666494,0.00216387349657,-0.00145901487935,32.87514495,0.994432125434,-0.00010612654416,0.00123754615664,-0.000453551540511,32.87514495,-0.00178772270554,0.00132258305599,-0.000613199159101,0.000136651153699,32.87514495
1789944674.87,2.66997909546,,0,1.9022278581,1.3394707697,0.282620633136,-0.200347239956,33.3747390625,-0.0437333758363,0.00950198600848,0.00210556027707,-0.00145901487935,33.3747390625,0.994428867423,-5.70271346358e-05,0.00121941882229,-0.000453551540511,33.3747390625,-0.00173535063803,0.00129818414432,-0.000607737550152,0.000136651153699,33.3747390625
1789944674.9,2.69998621941,,0,1.94254774515,1.34786117921,0.276608805893,-0.200347239956,33.7498270375,-0.0434473080045,0.00956451077094,0.00206177956214,-0.00145901487935,33.7498270375,0.994427703161,-2.06401816646e-05,0.00120580908398,-0.000453551540511,33.7498270375,-0.00169666897195,0.00128000926243,-0.00060363705379,0.000136651153699,33.7498270375
1789944674.93,2.73002719879,,0,1.98316268826,1.35608036878,0.270590183874,-0.200347239956,34.12533895,-0.0431590572428,0.00962579024341,0.00201794936472,-0.00145901487935,34.12533895,0.994427625157,1.53788165518e-05,0.00119218396347,-0.000453551540511,34.12533895,-0.00165848803521,0.00126193709109,-0.000599531922905,0.000136651153699,34.12533895
1789944674.97,2.76998758316,,0,2.03756632712,1.36673334086,0.262584196972,-0.200347239956,34.6248458875,-0.0427728096621,0.00970526370898,0.00195964632039,-0.00145901487935,34.6248458875,0.994429186747,6.26570234225e-05,0.00117405979219,-0.000453551540511,34.6248458875,-0.00160853755543,0.00123808856814,-0.000594071266962,0.000136651153699,34.6248458875
1789944675,2.79999351501,,0,2.0786937492,1.37452223379,0.256572590312,-0.200347239956,34.9999201,-0.0424807185102,0.00976340791642,0.00191586721184,-0.00145901487935,34.9999201,0.994431593323,9.76816085979e-05,0.00116045055324,-0.000453551540511,34.9999201,-0.00157165437045,0.00122032442049,-0.000589970921053,0.000136651153699,34.9999201
1789944675.03,2.82999491692,,0,2.12004572348,1.3821295727,0.250561919274,-0.200347239956,35.3749359375,-0.0421869482558,0.00982022974803,0.00187209491689,-0.00145901487935,35.3749359375,0.994435044101,0.000132292480053,0.00114684343237,-0.000453551540511,35.3749359375,-0.00153530798602,0.00120268604358,-0.000585871213305,0.000136651153699,35.3749359375
1789944675.07,2.87001442909,,0,2.17555641288,1.39199651006,0.242544115692,-0.200347239956,35.8751801375,-0.0417924636643,0.00989398176564,0.0018137058184,-0.00145901487935,35.8751801375,0.994441251911,0.000177825426339,0.00112869251017,-0.000453551540511,35.8751801375,-0.00148764474376,0.0011793491772,-0.00058040249754,0.000136651153699,35.8751801375
1789944675.1,2.89999365807,,0,2.21739535898,1.39917774219,0.236537878538,-0.200347239956,36.2499193375,-0.0414950421585,0.00994769945524,0.0017699658129,-0.00145901487935,36.2499193375,0.994447088132,0.000211458838199,0.00111509542686,-0.000453551540511,36.2499193375,-0.0014525490787,0.0011620106193,-0.000576305814019,0.000136651153699,36.2499193375
1789944675.13,2.92997694016,,0,2.25945273865,1.40617987084,0.230530808541,-0.200347239956,36.6247105,-0.0411959883279,0.0100001130332,0.00172621974228,-0.00145901487935,36.6247105,0.994453927561,0.000244689200173,0.00110149645813,-0.000453551540511,36.6247105,-0.00141796660877,0.00114479249777,-0.000572208562438,0.000136651153699,36.6247105
1789944675.17,2.96996927261,,0,2.3158714313,1.41523912891,0.22251844639,-0.200347239956,37.1246152,-0.0407946951519,0.0100679818952,0.00166787027064,-0.00145901487935,37.1246152,0.99446458929,0.000288377957758,0.00108335785438,-0.000453551540511,37.1246152,-0.00137263977235,0.00112201779705,-0.000566743558119,0.000136651153699,37.1246152
1789944675.2,3.00001764297,,0,2.35849671887,1.42183501476,0.216498323169,-0.200347239956,37.500220775,-0.0404914215714,0.010117440126,0.00162402914082,-0.00145901487935,37.500220775,0.994473741635,0.000320726419836,0.00106972933541,-0.000453551540511,37.500220775,-0.00133918012221,0.00110504972563,-0.000562637403306,0.000136651153699,37.500220775
1789944675.23,3.02999544144,,0,2.40121650372,1.42823512332,0.210492365098,-0.200347239956,37.8749425625,-0.0401874003734,0.0101654692714,0.00158029116774,-0.00145901487935,37.8749425625,0.994483834917,0.000352590695468,0.00105613288389,-0.000453551540511,37.8749425625,-0.00130630542326,0.00108824452796,-0.00055854091014,0.000136651153699,37.8749425625
1789944675.27,3.06997060776,,0,2.45847650172,1.43648951314,0.202483449521,-0.200347239956,38.374632225,-0.0397797868504,0.0102274759208,0.00152196679553,-0.00145901487935,38.374632225,0.99449876882,0.000394447399253,0.00103800208259,-0.000453551540511,38.374632225,-0.00126324748331,0.00106602594371,-0.00055307825663,0.000136651153699,38.374632225
1789944675.3,3.09999871254,,0,2.50170193381,1.44247938078,0.196467402966,-0.200347239956,38.74998345,-0.0394719956166,0.0102725199017,0.00147815535374,-0.00145901487935,38.74998345,0.994511079255,0.000425412146825,0.00102438279249,-0.000453551540511,38.74998345,-0.00123148548679,0.00104947966388,-0.000548974882395,0.000136651153699,38.74998345
1789944675.33,3.12997865677,,0,2.54503489748,1.44827944258,0.190460987303,-0.200347239956,39.1247337875,-0.0391633674606,0.0103161793564,0.00143441404827,-0.00145901487935,39.1247337875,0.994524291444,0.000455919344082,0.00101078530506,-0.000453551540511,39.1247337875,-0.0012002681543,0.00103308279325,-0.000544878077117,0.000136651153699,39.1247337875
1789944675.37,3.1700091362,,0,2.60316057163,1.45574315185,0.182441005746,-0.200347239956,39.625113875,-0.038749272924,0.0103724305474,0.00137600908883,-0.00145901487935,39.625113875,0.99454334709,0.000496018098145,0.000992629452295,-0.000453551540511,39.625113875,-0.00115934853412,0.00101138058925,-0.000539407875818,0.000136651153699,39.625113875
1789944675.4,3.19998550415,,0,2.6468796989,1.46112207624,0.176435300514,-0.200347239956,39.9998198875,-0.0384377322733,0.01041302293,0.00133227295702,-0.00145901487935,39.9998198875,0.994558659915,0.000525569857755,0.000979033573158,-0.000453551540511,39.9998198875,-0.00112927264272,0.00099527243595,-0.000535311555105,0.000136651153699,39.9998198875
1789944675.43,3.22999453545,,0,2.69080486328,1.46632649083,0.170423106035,-0.200347239956,40.374930775,-0.0381246559055,0.0104523459923,0.00128848956772,-0.00145901487935,40.374930775,0.994574870456,0.000554745331042,0.000965423003487,-0.000453551540511,40.374930775,-0.00109964605778,0.000979269869939,-0.000531210808262,0.000136651153699,40.374930775
1789944675.47,3.26998114586,,0,2.74957249688,1.47298097316,0.162411886064,-0.200347239956,40.8747642125,-0.0377056867856,0.0105027019715,0.00123014841392,-0.00145901487935,40.8747642125,0.994597819868,0.00059298678739,0.000947286985441,-0.000453551540511,40.8747642125,-0.00106091154116,0.000958137764093,-0.000525746582991,0.000136651153699,40.8747642125
1789944675.5,3.29998612404,,0,2.79384140114,1.47776394517,0.156400480352,-0.200347239956,41.2498258875,-0.037390006726,0.0105389557208,0.00118637076876,-0.00145901487935,41.2498258875,0.994616036774,0.000621205905534,0.000933678201402,-0.000453551540511,41.2498258875,-0.00103239872934,0.000942424285818,-0.000521646374143,0.000136651153699,41.2498258875
1789944675.53,3.33002281189,,0,2.83829831077,1.48237133363,0.150382695584,-0.200347239956,41.6252855625,-0.0370729219081,0.0105739323042,0.00114254666856,-0.00145901487935,41.6252855625,0.994635114933,0.000649045987791,0.000920054976282,-0.000453551540511,41.6252855625,-0.00100432604357,0.000926817355437,-0.000517541814322,0.000136651153699,41.6252855625
1789944675.57,3.37007927895,,0,2.8977952352,1.48823438967,0.142357511009,-0.200347239956,42.125990275,-0.0366484675024,0.0106185280798,0.00108410381851,-0.00145901487935,42.125990275,0.994661846626,0.000685536192034,0.000901887344787,-0.000453551540511,42.125990275,-0.000967614835762,0.000906196134709,-0.000512068064192,0.000136651153699,42.125990275
1789944675.6,3.4000377655,,0,2.94244358961,1.49240930916,0.136355394998,-0.200347239956,42.50047235,-0.0363298716664,0.0106503515313,0.00104039382495,-0.00145901487935,42.50047235,0.994682787004,0.000712351908768,0.000888299591026,-0.000453551540511,42.50047235,-0.000940695681223,0.000890916633088,-0.000507974191585,0.000136651153699,42.50047235
1789944675.63,3.42999577522,,0,2.98721354698,1.49640434608,0.130353383167,-0.200347239956,42.874947925,-0.0360103476147,0.0106808649757,0.000996684590078,-0.00145901487935,42.874947925,0.99470452426,0.000738760101035,0.000874712073112,-0.000453551540511,42.874947925,-0.00091423289688,0.000875760040037,-0.000503880390037,0.000136651153699,42.874947925
1789944675.67,3.46997094154,,0,3.04713440966,1.50145515155,0.122344491632,-0.200347239956,43.3746360875,-0.0355825986515,0.0107195417386,0.000938360392948,-0.00145901487935,43.3746360875,0.994734750302,0.000773364373734,0.000856581326242,-0.000453551540511,43.3746360875,-0.000879625489634,0.000855726579344,-0.000498417752925,0.000136651153699,43.3746360875
1789944675.7,3.50001955032,,0,3.0923054468,1.50504099016,0.116324326338,-0.200347239956,43.7502442875,-0.0352600737939,0.0107470795191,0.00089451895674,-0.00145901487935,43.7502442875,0.994758373524,0.000798898730572,0.000842952712023,-0.000453551540511,43.7502442875,-0.000854136454203,0.00084081148839,-0.000494311569416,0.000136651153699,43.7502442875
1789944675.73,3.52997136116,,0,3.13743546547,1.50843525008,0.110323559064,-0.200347239956,44.1246422125,-0.0349377843441,0.0107732175523,0.00085081878527,-0.00145901487935,44.1246422125,0.994782678087,0.000823943266925,0.000829368011571,-0.000453551540511,44.1246422125,-0.000829173722614,0.000826067246038,-0.000490218616744,0.000136651153699,44.1246422125
1789944675.77,3.56998825073,,0,3.19788470089,1.51268965306,0.102306265166,-0.200347239956,44.6248546125,-0.0345060069328,0.010806096557,0.000792433398515,-0.00145901487935,44.6248546125,0.994816309032,0.000856768930442,0.000811218243203,-0.000453551540511,44.6248546125,-0.000796508044923,0.000806559585395,-0.00048475024862,0.000136651153699,44.6248546125
1789944675.8,3.59998369217,,0,3.24330335156,1.5156682289,0.0962967964108,-0.200347239956,44.9997954375,-0.0341815252721,0.0108292094581,0.000748669859111,-0.00145901487935,44.9997954375,0.994842370937,0.000880897603646,0.0007976138441,-0.000453551540511,44.9997954375,-0.000772532529748,0.000792080846358,-0.000480651360915,0.000136651153699,44.9997954375
1789944675.83,3.62998104095,,0,3.28881174575,1.51846673366,0.0902869181462,-0.200347239956,45.3747618125,-0.0338563478417,0.010851011101,0.00070490333748,-0.00145901487935,45.3747618125,0.994869152317,0.000904619811794,0.000784008517939,-0.000453551540511,45.3747618125,-0.000748987874616,0.000777724080474,-0.000476552193896,0.000136651153699,45.3747618125
1789944675.87,3.66998004913,,0,3.34961925658,1.52191786496,0.0822731932335,-0.200347239956,45.8747515375,-0.0334217679796,0.0108780394911,0.000646543941616,-0.00145901487935,45.8747515375,0.99490595871,0.000935616681737,0.000765866829138,-0.000453551540511,45.8747515375,-0.00071825931925,0.000758771700874,-0.000471086260075,0.000136651153699,45.8747515375
1789944675.9,3.69998192787,,0,3.39531565458,1.52429604162,0.0762624158105,-0.200347239956,46.2497740125,-0.0330951228232,0.0108967803365,0.000602770871927,-0.00145901487935,46.2497740125,0.994934371532,0.000958389940981,0.000752259467437,-0.000453551540511,46.2497740125,-0.00069570620314,0.000744699766449,-0.000466986479765,0.000136651153699,46.2497740125
1789944675.93,3.72998309135,,0,3.44107984216,1.52649384481,0.0702517505819,-0.200347239956,46.6247894875,-0.03276794122,0.010914207598,0.000558998619286,-0.00145901487935,46.6247894875,0.994963460921,0.000980754541263,0.000738652359724,-0.000453551540511,46.6247894875,-0.000673573834462,0.000730751092021,-0.00046288677598,0.000136651153699,46.6247894875
1789944675.97,3.76997733116,,0,3.5021848341,1.5291432778,0.0622390173879,-0.200347239956,47.1247173375,-0.0323310043991,0.0109353974411,0.000500646445546,-0.00145901487935,47.1247173375,0.995003271357,0.00100993363563,0.000720512916004,-0.000453551540511,47.1247173375,-0.000644716754252,0.00071234758214,-0.000457421518583,0.000136651153699,47.1247173375
1789944676,3.8000125885,,0,3.54814014522,1.53092227186,0.0562215455623,-0.200347239956,47.5001574875,-0.0320023381873,0.0109497763644,0.000456824624333,-0.00145901487935,47.5001574875,0.995033927872,0.00103136981622,0.000706890399331,-0.000453551540511,47.5001574875,-0.000623526949675,0.000698670467313,-0.000453317172211,0.000136651153699,47.5001574875
1789944676.03,3.82997918129,,0,3.594040935,1.53251708185,0.0502178317819,-0.200347239956,47.87473925,-0.0316740126958,0.0109628107252,0.000413102995131,-0.00145901487935,47.87473925,0.995065149815,0.00105234923317,0.000693299028497,-0.000453551540511,47.87473925,-0.000602793137551,0.000685147475615,-0.000449222209811,0.000136651153699,47.87473925
1789944676.07,3.86998844147,,0,3.65539398187,1.53436591137,0.0422020715415,-0.200347239956,48.3748559625,-0.031235082844,0.0109781709453,0.000354728777135,-0.00145901487935,48.3748559625,0.995107803667,0.001079724657,0.000675152732066,-0.000453551540511,48.3748559625,-0.000575738928234,0.0006672837648,-0.000443754887752,0.000136651153699,48.3748559625
1789944676.1,3.89999818802,,0,3.70145785581,1.53554216625,0.0361897223944,-0.200347239956,48.7499765,-0.0309054786945,0.0109881592504,0.000310944261474,-0.00145901487935,48.7499765,0.99514050779,0.00109978152003,0.000661541812253,-0.000453551540511,48.7499765,-0.000555913183244,0.000654028371596,-0.000439654035414,0.000136651153699,48.7499765
1789944676.13,3.92998075485,,0,3.74751295632,1.5365371802,0.0301827667953,-0.200347239956,49.124760525,-0.0305758905608,0.0109968264051,0.000267199023953,-0.00145901487935,49.124760525,0.995173777547,0.00111941248111,0.000647943102501,-0.000453551540511,49.124760525,-0.000536500635021,0.000640907769084,-0.000435556861861,0.000136651153699,49.124760525
1789944676.17,3.96998906136,,0,3.80900903783,1.53758439452,0.022167237355,-0.200347239956,49.6248628375,-0.0301357292213,0.0110063488635,0.000208826486742,-0.00145901487935,49.6248628375,0.995219076934,0.00114497251889,0.000629797328561,-0.000453551540511,49.6248628375,-0.000511206208026,0.000623591295244,-0.000430089697224,0.000136651153699,49.6248628375
1789944676.2,3.99999666214,,0,3.85515750103,1.53815937993,0.0161552756794,-0.200347239956,49.9999592,-0.0298053664578,0.0110119583738,0.000165044792816,-0.00145901487935,49.9999592,0.995253716448,0.00116366709075,0.000616187285917,-0.000453551540511,49.9999592,-0.000492686686342,0.000610746813392,-0.000425989109169,0.000136651153699,49.9999592
1789944676.23,4.02998065948,,0,3.90128367078,1.5385537172,0.0101481113186,-0.200347239956,50.37475625,-0.0294751188619,0.0110162511916,0.000121298035001,-0.00145901487935,50.37475625,0.995288882514,0.00118193882758,0.000602588103565,-0.000453551540511,50.37475625,-0.000474565071758,0.000598035482954,-0.000421891793226,0.000136651153699,50.37475625
1789944676.27,4.0699801445,,0,3.96283090534,1.53879936262,0.00213433832242,-0.200347239956,50.874748975,-0.0290343937522,0.0110199358645,6.2938288973e-05,-0.00145901487935,50.874748975,0.995336636598,0.00120567917034,0.000584446305911,-0.000453551540511,50.874748975,-0.000450980046561,0.000581269374507,-0.000416425826609,0.000136651153699,50.874748975
1789944676.3,4.09999036789,,0,4.00901084679,1.53877319645,-0.00387814926462,-0.200347239956,51.24987815,-0.0287036600269,0.0110211676545,1.91527651327e-05,-0.00145901487935,51.24987815,0.995373080572,0.00122301436036,0.000570835072694,-0.000453551540511,51.24987815,-0.000433722863666,0.000568833831756,-0.000412324879845,0.000136651153699,51.24987815
1789944676.33,4.12999153137,,0,4.05517312992,1.53856668457,-0.00988879225463,-0.200347239956,51.6248922375,-0.0283730105233,0.011021085653,-2.46193255577e-05,-0.00145901487935,51.6248922375,0.995410027235,0.00123993594234,0.000557228015326,-0.000453551540511,51.6248922375,-0.000416842152775,0.000556525118309,-0.000408225191228,0.000136651153699,51.6248922375
1789944676.37,4.16997051239,,0,4.11667338948,1.53801123171,-0.0178984665469,-0.200347239956,52.1246292375,-0.0279324341939,0.0110189354137,-8.29492230588e-05,-0.00145901487935,52.1246292375,0.995460039068,0.00126185087925,0.00053909549643,-0.000453551540511,52.1246292375,-0.000394917638699,0.000540313905666,-0.000402762020221,0.000136651153699,52.1246292375
1789944676.4,4.20009803772,,0,4.16300144176,1.53738106125,-0.0239345133666,-0.200347239956,52.5012283125,-0.0276005008192,0.0110157741576,-0.000126906315377,-0.00145901487935,52.5012283125,0.995498298617,0.00127788686594,0.000525430929181,-0.000453551540511,52.5012283125,-0.000378821270419,0.0005282415399,-0.000398645004374,0.000136651153699,52.5012283125
1789944676.43,4.22997570038,,0,4.20892300645,1.53657653566,-0.0299203926364,-0.200347239956,52.87469735,-0.0272714399014,0.0110113313045,-0.000170498065992,-0.00145901487935,52.87469735,0.995536711212,0.00129338300551,0.000511879932597,-0.000453551540511,52.87469735,-0.000363216042728,0.000516392006558,-0.000394562206386,0.000136651153699,52.87469735
1789944676.47,4.26997375488,,0,4.2703566109,1.53521952577,-0.0379338406693,-0.200347239956,53.3746698,-0.0268311628619,0.0110033446743,-0.000228855445497,-0.00145901487935,53.3746698,0.995588848304,0.00131349427338,0.000493738870605,-0.000453551540511,53.3746698,-0.000342875658204,0.000500719696794,-0.000389096461418,0.000136651153699,53.3746698
1789944676.5,4.2999830246,,0,4.31640986222,1.53399093496,-0.0439461695813,-0.200347239956,53.749789075,-0.0265010671501,0.0109958198528,-0.000272639813798,-0.00145901487935,53.749789075,0.995628485946,0.00132810692271,0.000480127996601,-0.000453551540511,53.749789075,-0.000328023878724,0.000489104622336,-0.000384995622881,0.000136651153699,53.749789075
1789944676.53,4.32997846603,,0,4.36240213279,1.53258261462,-0.0499557004438,-0.200347239956,54.124733775,-0.0261713704144,0.0109869855015,-0.000316403805497,-0.00145901487935,54.124733775,0.995668537232,0.00134230460052,0.000466523456897,-0.000453551540511,54.124733775,-0.000313525486132,0.000477617931754,-0.000380896692815,0.000136651153699,54.124733775
1789944676.57,4.36998653412,,0,4.42367500373,1.53042366685,-0.0579711174894,-0.200347239956,54.624829075,-0.0257320760208,0.0109731592801,-0.0003747755242,-0.00145901487935,54.624829075,0.99572260817,0.00136060611601,0.0004483779374,-0.000453551540511,54.624829075,-0.00029472050258,0.000462488522685,-0.000375429604839,0.000136651153699,54.624829075
1789944676.6,4.3999838829,,0,4.46955701068,1.52859453254,-0.0639810478442,-0.200347239956,54.9997987,-0.0254030830928,0.0109612604747,-0.000418542425175,-0.00145901487935,54.9997987,0.995763622744,0.00137385229944,0.000434772493315,-0.000453551540511,54.9997987,-0.00028101527192,0.000451288029892,-0.00037133040229,0.000136651153699,54.9997987
1789944676.63,4.42997217178,,0,4.51536751088,1.52658575372,-0.0699891496298,-0.200347239956,55.3746542375,-0.0250745667149,0.0109480529881,-0.00046229600972,-0.00145901487935,55.3746542375,0.995805015894,0.0013866865086,0.000421171188795,-0.000453551540511,55.3746542375,-0.000267648202301,0.000440213854938,-0.000367232446956,0.000136651153699,55.3746542375
1789944676.67,4.46998071671,,0,4.57638545114,1.5236252629,-0.0780047011084,-0.200347239956,55.874757925,-0.024636939344,0.010928389617,-0.000520668707423,-0.00145901487935,55.874757925,0.995860827093,0.00140317385803,0.000403025364964,-0.000453551540511,55.874757925,-0.000250328445828,0.000425630877136,-0.000361765267287,0.000136651153699,55.874757925
1789944676.7,4.4999871254,,0,4.62206802771,1.52119442312,-0.0840164119492,-0.200347239956,56.2498386375,-0.0243092580624,0.0109121093544,-0.000564448574663,-0.00145901487935,56.2498386375,0.995903110766,0.00141506303525,0.000389415890166,-0.000453551540511,56.2498386375,-0.000237719020344,0.000414837102691,-0.00035766485032,0.000136651153699,56.2498386375
1789944676.73,4.52999067307,,0,4.66767045283,1.51858346022,-0.0900275285601,-0.200347239956,56.624882275,-0.0239821173165,0.0108945172172,-0.000608224114464,-0.00145901487935,56.624882275,0.995945740833,0.00142654272571,0.000375807760603,-0.000453551540511,56.624882275,-0.000225432830565,0.000404167415905,-0.00035356483866,0.000136651153699,56.624882275
1789944676.77,4.5699839592,,0,4.72832976614,1.51482271983,-0.0980401132967,-0.200347239956,57.1248008625,-0.0235469095599,0.0108690253821,-0.000666575207074,-0.00145901487935,57.1248008625,0.996003088964,0.00144120986542,0.000357668652963,-0.000453551540511,57.1248008625,-0.000209550069138,0.000390136410452,-0.000348099682521,0.000136651153699,57.1248008625
1789944676.8,4.6000957489,,0,4.77389795442,1.51177975989,-0.104072864204,-0.200347239956,57.5011943,-0.023219936005,0.0108482923744,-0.000710508297139,-0.00145901487935,57.5011943,0.996046646004,0.00145177417832,0.00034401154709,-0.000453551540511,57.5011943,-0.00019795967571,0.000379716566428,-0.000343984914722,0.000136651153699,57.5011943
1789944676.83,4.6299905777,,0,4.81904522324,1.50857897458,-0.110062246345,-0.200347239956,57.8748818875,-0.0228959502201,0.0108263997547,-0.00075412555717,-0.00145901487935,57.8748818875,0.996090198507,0.00146185573383,0.000330452620612,-0.000453551540511,57.8748818875,-0.00018676114943,0.000369494198345,-0.000339899727526,0.000136651153699,57.8748818875
1789944676.87,4.66997623444,,0,4.87927694663,1.50401787509,-0.118073305437,-0.200347239956,58.3747052875,-0.022463665606,0.0107950789992,-0.000812465539382,-0.00145901487935,58.3747052875,0.996148911426,0.00147470658505,0.000312316966767,-0.000453551540511,58.3747052875,-0.000172256873373,0.000356012255059,-0.000334435611985,0.000136651153699,58.3747052875
1789944676.9,4.69998502731,,0,4.92435624812,1.50038446111,-0.124085431798,-0.200347239956,58.749811925,-0.0221400935318,0.0107700411717,-0.000856248432618,-0.00145901487935,58.749811925,0.996193303784,0.00148387454414,0.000298706551304,-0.000453551540511,58.749811925,-0.000161723434756,0.000346037861627,-0.000330334911603,0.000136651153699,58.749811925
1789944676.93,4.72997093201,,0,4.96928975769,1.4965735921,-0.130092999658,-0.200347239956,59.12463415,-0.021817536971,0.010743709962,-0.000899998128889,-0.00145901487935,59.12463415,0.996237931169,0.00149262758775,0.000285106455499,-0.000453551540511,59.12463415,-0.000151495116004,0.000336193947031,-0.000326237320445,0.000136651153699,59.12463415
1789944676.97,4.76997518539,,0,5.02905313775,1.49120897864,-0.138107782405,-0.200347239956,59.624689875,-0.0213884764041,0.0107065385525,-0.000958365228352,-0.00145901487935,59.624689875,0.996297866223,0.00150367019486,0.000266962371945,-0.000453551540511,59.624689875,-0.000138305449305,0.000323252345139,-0.000320770665106,0.000136651153699,59.624689875
1789944677,4.79998350143,,0,5.07373884763,1.48697437831,-0.14411988252,-0.200347239956,59.999794875,-0.0210676283895,0.010677122621,-0.00100214793046,-0.00145901487935,59.999794875,0.996343107118,0.001511477096,0.000253352015897,-0.000453551540511,59.999794875,-0.000128748975829,0.000313688058173,-0.000316669982626,0.000136651153699,59.999794875
1789944677.03,4.82998561859,,0,5.11828561327,1.48256029243,-0.150130744289,-0.200347239956,60.3748226125,-0.0207477486187,0.0106463993055,-0.00104592161439,-0.00145901487935,60.3748226125,0.996388566769,0.00151887409028,0.000239744463251,-0.000453551540511,60.3748226125,-0.000119479545517,0.00030424875812,-0.000312570144786,0.000136651153699,60.3748226125
1789944677.07,4.86999416351,,0,5.17747793997,1.4763934827,-0.158146283547,-0.200347239956,60.8749255375,-0.0203226576383,0.0106033861363,-0.00110429422309,-0.00145901487935,60.8749255375,0.996449521272,0.00152810285223,0.000221598667087,-0.000453551540511,60.8749255375,-0.00010755579057,0.000291852744561,-0.000307102973452,0.000136651153699,60.8749255375
1789944677.1,4.89999389648,,0,5.22169715318,1.47155899637,-0.164156629422,-0.200347239956,61.2499210875,-0.0200050633149,0.0105696011616,-0.00114806415007,-0.00145901487935,61.2499210875,0.99649546149,0.00153454664001,0.000207992282336,-0.000453551540511,61.2499210875,-9.89378902826e-05,0.000282701256245,-0.000303003487489,0.000136651153699,61.2499210875
1789944677.13,4.92998695374,,0,5.26575931198,1.46654528288,-0.170165702491,-0.200347239956,61.624837225,-0.0196885691505,0.0105345106764,-0.00119182480792,-0.00145901487935,61.624837225,0.996541579109,0.00154058100614,0.000194388778998,-0.000453551540511,61.624837225,-9.0594425311e-05,0.00027367464999,-0.000298904869671,0.000136651153699,61.624837225
1789944677.17,4.96997737885,,0,5.32426879941,1.45958009267,-0.178177662946,-0.200347239956,62.1247168625,-0.0192682587127,0.0104856825101,-0.00125017135424,-0.00145901487935,62.1247168625,0.996603338117,0.00154799201897,0.000176251084625,-0.000453551540511,62.1247168625,-7.98876267481e-05,0.000261830601655,-0.000293440139337,0.000136651153699,62.1247168625
1789944677.2,5.00007963181,,0,5.36812359806,1.45412579859,-0.184208537,-0.200347239956,62.5009932,-0.0189531906218,0.0104473886847,-0.00129409077625,-0.00145901487935,62.5009932,0.99665001373,0.00155309205809,0.000162598227623,-0.000453551540511,62.5009932,-7.21383011919e-05,0.000253059347505,-0.000289326651686,0.000136651153699,62.5009932
1789944677.23,5.02998447418,,0,5.41152567041,1.44852749511,-0.190199880139,-0.200347239956,62.8748031375,-0.0186413487588,0.0104080367692,-0.00133772231712,-0.00145901487935,62.8748031375,0.996696529313,0.00155775171992,0.000149034861782,-0.000453551540511,62.8748031375,-6.46993761318e-05,0.00024446819664,-0.000285240126948,0.000136651153699,62.8748031375
1789944677.27,5.06997728348,,0,5.46930245423,1.44076060048,-0.198212376523,-0.200347239956,63.3747162125,-0.018226185026,0.0103533703729,-0.0013960727663,-0.00145901487935,63.3747162125,0.996758942901,0.00156334936292,0.000130895954159,-0.000453551540511,63.3747162125,-5.51490042119e-05,0.000233169858038,-0.000279775031073,0.000136651153699,63.3747162125
1789944677.3,5.09999656677,,0,5.51246266439,1.43472015998,-0.204226632375,-0.200347239956,63.7499557125,-0.0179160211578,0.0103108040456,-0.00143987116741,-0.00145901487935,63.7499557125,0.996805930269,0.00156707439053,0.000117280717896,-0.000453551540511,63.7499557125,-4.82748844571e-05,0.000224832818207,-0.000275672878225,0.000136651153699,63.7499557125
1789944677.33,5.1299738884,,0,5.55537926998,1.42850794303,-0.210232534147,-0.200347239956,64.1246739875,-0.017607582941,0.0102669847918,-0.00148360873051,-0.00145901487935,64.1246739875,0.996852957843,0.00157038637715,0.000103684393826,-0.000453551540511,64.1246739875,-4.16582201194e-05,0.000216630245634,-0.000271576423458,0.000136651153699,64.1246739875
1789944677.37,5.16998338699,,0,5.61236299117,1.41993625407,-0.218248360502,-0.200347239956,64.624794825,-0.0171980073332,0.0102064583244,-0.00154198342998,-0.00145901487935,64.624794825,0.996915866625,0.00157417173859,8.55379477224e-05,-0.000453551540511,64.624794825,-3.32068236247e-05,0.000205873937136,-0.000266109056304,0.000136651153699,64.624794825
1789944677.4,5.19999408722,,0,5.65487679662,1.41329629362,-0.224260880145,-0.200347239956,64.999926,-0.0168924074274,0.0101595256238,-0.00158576918726,-0.00145901487935,64.999926,0.996963144772,0.00157653453365,7.19266419372e-05,-0.000453551540511,64.999926,-2.71476623602e-05,0.000197949408946,-0.000262008087675,0.000136651153699,64.999926
1789944677.43,5.22996902466,,0,5.69713829234,1.40648413514,-0.230266229961,-0.200347239956,65.3746098375,-0.016588597566,0.010111337207,-0.00162950273078,-0.00145901487935,65.3746098375,0.99701043121,0.00157848675948,5.8331567401e-05,-0.000453551540511,65.3746098375,-2.13312783642e-05,0.00019015718266,-0.000257912009382,0.000136651153699,65.3746098375
1789944677.47,5.26997852325,,0,5.75322470183,1.39711092375,-0.238282040288,-0.200347239956,65.874729675,-0.0161853669415,0.0100449737042,-0.00168787731353,-0.00145901487935,65.874729675,0.997073627659,0.00158045756622,4.01851575819e-05,-0.000453551540511,65.874729675,-1.39281378838e-05,0.000179947603014,-0.000252444653159,0.000136651153699,65.874729675
1789944677.5,5.29998445511,,0,5.79503824863,1.38987083906,-0.244293660772,-0.200347239956,66.24980475,-0.0158847238187,0.00999367042783,-0.00173165652276,-0.00145901487935,66.24980475,0.997121066927,0.00158145918238,2.6575887336e-05,-0.000453551540511,66.24980475,-8.64165931242e-06,0.00017243426488,-0.000248344297822,0.000136651153699,66.24980475
1789944677.53,5.32997083664,,0,5.83660480509,1.38245526508,-0.250301362865,-0.200347239956,66.62463535,-0.0155858342383,0.0099410882359,-0.00177540719657,-0.00145901487935,66.62463535,0.99716849918,0.001582052185,1.29754876512e-05,-0.000453551540511,66.62463535,-3.58200808792e-06,0.000165048738982,-0.000244246615107,0.000136651153699,66.62463535
1789944677.57,5.36997556686,,0,5.89170683753,1.3722817657,-0.258316157632,-0.200347239956,67.124691825,-0.0151895820098,0.00986889645116,-0.00183377438357,-0.00145901487935,67.124691825,0.997231793959,0.00158220833993,-5.16862311511e-06,-0.000453551540511,67.124691825,2.82670383302e-06,0.000155387116492,-0.000238779951569,0.000136651153699,67.124691825
1789944677.6,5.39998960495,,0,5.93277746851,1.36443838157,-0.264329411948,-0.200347239956,67.4998688375,-0.0148942079153,0.0098132000749,-0.00187756549106,-0.00145901487935,67.4998688375,0.997279278243,0.00158184891712,-1.87815920738e-05,-0.000453551540511,67.4998688375,7.3835811231e-06,0.000148281887668,-0.000234678481841,0.000136651153699,67.4998688375
1789944677.63,5.4299864769,,0,5.97358690301,1.35641911369,-0.270339257957,-0.200347239956,67.8748332,-0.0146006911981,0.00975622203119,-0.00192133177779,-0.00145901487935,67.8748332,0.99732671871,0.0015810814635,-3.23868452137e-05,-0.000453551540511,67.8748332,1.17266445106e-05,0.000141303683613,-0.000230579336823,0.000136651153699,67.8748332
1789944677.67,5.46999454498,,0,6.02763602805,1.34544303763,-0.278354751134,-0.200347239956,68.37493325,-0.0142119174809,0.00967818570267,-0.00197970405092,-0.00145901487935,68.37493325,0.997389943863,0.00157942274401,-5.05325370606e-05,-0.000453551540511,68.37493325,1.71968440382e-05,0.000132188029261,-0.000225112196919,0.000136651153699,68.37493325
1789944677.7,5.49999237061,,0,6.0678699358,1.33700292416,-0.284364685496,-0.200347239956,68.749903125,-0.0139224925219,0.00961814290102,-0.00202347098107,-0.00145901487935,68.749903125,0.997437297962,0.00157770282428,-6.41379902168e-05,-0.000453551540511,68.749903125,2.10614969112e-05,0.000125496689013,-0.000221012991637,0.000136651153699,68.749903125
1789944677.73,5.52997636795,,0,6.10783016141,1.32838641698,-0.290371936006,-0.200347239956,69.12470555,-0.0136350164171,0.00955681488953,-0.00206721836626,-0.00145901487935,69.12470555,0.99748457324,0.00157557581516,-7.77373675964e-05,-0.000453551540511,69.12470555,2.47256768658e-05,0.000118931220835,-0.000216915616934,0.000136651153699,69.12470555
1789944677.77,5.57000207901,,0,6.16076489919,1.31660362062,-0.298390956097,-0.200347239956,69.62502565,-0.0132541705762,0.00947290451067,-0.00212561632389,-0.00145901487935,69.62502565,0.997547569503,0.00157210102379,-9.58910437647e-05,-0.000453551540511,69.62502565,2.93136769478e-05,0.000110358502324,-0.000211446071424,0.000136651153699,69.62502565
1789944677.8,5.59999227524,,0,6.20011478737,1.30756477207,-0.304399374832,-0.200347239956,69.9999009625,-0.0129710403835,0.00940850110382,-0.0021693722166,-0.00145901487935,69.9999009625,0.997594671691,0.0015690212865,-0.000109493065803,-0.000453551540511,69.9999009625,3.25288580411e-05,0.000104078681489,-0.000207347899908,0.000136651153699,69.9999009625
1789944677.83,5.62997293472,,0,6.23917929624,1.29834850469,-0.310406003264,-0.200347239956,70.374664575,-0.0126899448148,0.0093428052331,-0.00221311507155,-0.00145901487935,70.374664575,0.997641661411,0.00156553472419,-0.000123091034906,-0.000453551540511,70.374664575,3.55566750645e-05,9.79235811656e-05,-0.000203250949507,0.000136651153699,70.374664575
1789944677.87,5.67000293732,,0,6.29090114831,1.28576248344,-0.318425872225,-0.200347239956,70.8750376375,-0.0123177425022,0.0092530456255,-0.00227151921102,-0.00145901487935,70.8750376375,0.997704226055,0.00156024402626,-0.000141246632772,-0.000453551540511,70.8750376375,3.93151582267e-05,8.98969612787e-05,-0.000197780825005,0.000136651153699,70.8750376375
1789944677.9,5.70001316071,,0,6.32934267118,1.2761162862,-0.324438305518,-0.200347239956,71.250163425,-0.0120410874618,0.00918422019364,-0.00231530433947,-0.00145901487935,71.250163425,0.99775098343,0.00155580097077,-0.000154857743076,-0.000453551540511,71.250163425,4.19245261581e-05,8.40230805398e-05,-0.000193679915274,0.000136651153699,71.250163425
1789944677.93,5.72997665405,,0,6.36743340322,1.26630494752,-0.330441467342,-0.200347239956,71.62471075,-0.0117669393682,0.00911418993733,-0.00235902194909,-0.00145901487935,71.62471075,0.997797529566,0.00155095724075,-0.000168447864376,-0.000453551540511,71.62471075,4.43558427973e-05,7.82810416542e-05,-0.000189585329348,0.000136651153699,71.62471075
1789944677.97,5.7700343132,,0,6.41789116368,1.25290754681,-0.338466878509,-0.200347239956,72.1254296,-0.0114037559099,0.00901852282622,-0.00241746644929,-0.00145901487935,72.1254296,0.997859517043,0.00154384575378,-0.000186616008838,-0.000453551540511,72.1254296,4.73409454739e-05,7.07963612975e-05,-0.000184111424665,0.000136651153699,72.1254296
1789944678,5.80007600784,,0,6.45537716246,1.2426489735,-0.344485676834,-0.200347239956,72.5009525125,-0.0111339204422,0.00894523931385,-0.00246129793064,-0.00145901487935,72.5009525125,0.997905810738,0.00153803479902,-0.000200241528475,-0.000453551540511,72.5009525125,4.9385334083e-05,6.53269812589e-05,-0.000180006173526,0.000136651153699,72.5009525125
1789944678.03,5.82998943329,,0,6.49239379013,1.23225465873,-0.350478709903,-0.200347239956,72.8748678875,-0.0108674471363,0.00887096117852,-0.0025049417783,-0.00145901487935,72.8748678875,0.997951726715,0.00153184200886,-0.000213808720024,-0.000453551540511,72.8748678875,5.12595498268e-05,6.00035530058e-05,-0.000175918496136,0.000136651153699,72.8748678875
1789944678.07,5.8699798584,,0,6.54138966671,1.21807870238,-0.35849066034,-0.200347239956,73.3747469,-0.0105147130865,0.00876962110562,-0.00256328825167,-0.00145901487935,73.3747469,0.99801280977,0.00152292906386,-0.000231946391719,-0.000453551540511,73.3747469,5.35199010305e-05,5.3077783899e-05,-0.000170453772635,0.000136651153699,73.3747469
1789944678.1,5.89999628067,,0,6.57778961004,1.20722784665,-0.364504364235,-0.200347239956,73.7499519625,-0.0102526419056,0.00869202313238,-0.00260708263319,-0.00145901487935,73.7499519625,0.998058416092,0.00151576254555,-0.000245560378447,-0.000453551540511,73.7499519625,5.50369331186e-05,4.80229347162e-05,-0.000166351996261,0.000136651153699,73.7499519625
1789944678.13,5.92998552322,,0,6.61382893763,1.19620645579,-0.370512674582,-0.200347239956,74.1248205125,-0.00999315154044,0.00861318197298,-0.00265083773657,-0.00145901487935,74.1248205125,0.998103760565,0.00150819436138,-0.000259162155114,-0.000453551540511,74.1248205125,5.64029245079e-05,4.3095574102e-05,-0.000162253898674,0.000136651153699,74.1248205125
1789944678.17,5.96998548508,,0,6.66137868294,1.18122566003,-0.37852656999,-0.200347239956,74.624820875,-0.00965076024786,0.00850598117305,-0.00270919837405,-0.00145901487935,74.624820875,0.998163876215,0.0014974650259,-0.000277304229888,-0.000453551540511,74.624820875,5.79984030301e-05,3.67147345311e-05,-0.000156787848563,0.000136651153699,74.624820875
1789944678.2,5.99999570847,,0,6.69665604418,1.16977581784,-0.384539013301,-0.200347239956,74.9999472875,-0.00939672132524,0.00842402082428,-0.00275298357545,-0.00145901487935,74.9999472875,0.998208688395,0.00148893885881,-0.00029091536287,-0.000453551540511,74.9999472875,5.90302298067e-05,3.20710479634e-05,-0.000152686931999,0.000136651153699,74.9999472875
1789944678.23,6.0299706459,,0,6.7315461034,1.15815936187,-0.390544366923,-0.200347239956,75.3746313625,-0.00914545691433,0.00834084544502,-0.00279671714669,-0.00145901487935,75.3746313625,0.998253186203,0.00148001499607,-0.000304510446023,-0.000453551540511,75.3746313625,5.99235706614e-05,2.75556884642e-05,-0.000148590851109,0.000136651153699,75.3746313625
1789944678.27,6.0699839592,,0,6.77757313777,1.14237199501,-0.398560927952,-0.200347239956,75.8747980375,-0.00881396632371,0.00822777147751,-0.00285509719637,-0.00145901487935,75.8747980375,0.998312157923,0.00146746743471,-0.0003226585553,-0.000453551540511,75.8747980375,6.09086727514e-05,2.17194669288e-05,-0.000143122982855,0.000136651153699,75.8747980375
1789944678.3,6.10003566742,,0,6.81172250577,1.1303040854,-0.40458170751,-0.200347239956,76.2504445625,-0.00856800344987,0.00814131206774,-0.00289894310591,-0.00145901487935,76.2504445625,0.998356110098,0.00145756618695,-0.000336288560108,-0.000453551540511,76.2504445625,6.14973706379e-05,1.74800800743e-05,-0.000139016380373,0.000136651153699,76.2504445625
1789944678.33,6.13001060486,,0,6.84542071967,1.1180867402,-0.41058711723,-0.200347239956,76.6251321375,-0.00832527647258,0.00805376076759,-0.00294267708568,-0.00145901487935,76.6251321375,0.998399647539,0.00144728217709,-0.000349883770256,-0.000453551540511,76.6251321375,6.19594963602e-05,1.33744538366e-05,-0.000134920261221,0.000136651153699,76.6251321375
1789944678.37,6.17002487183,,0,6.88982947278,1.10149693896,-0.418603897037,-0.200347239956,77.1253124625,-0.00800538127801,0.00793484317914,-0.0030010587286,-0.00145901487935,77.1253124625,0.998457274753,0.00143291867586,-0.000368032374811,-0.000453551540511,77.1253124625,6.2388112566e-05,8.0850968184e-06,-0.000129452243743,0.000136651153699,77.1253124625
1789944678.4,6.20006418228,,0,6.92272757023,1.08883210653,-0.424622127378,-0.200347239956,77.5007999375,-0.00776838712059,0.00784403611723,-0.00304488607364,-0.00145901487935,77.5007999375,0.9985001501,0.00142165872292,-0.00038165660863,-0.000453551540511,77.5007999375,6.25731930451e-05,4.25813412423e-06,-0.000125347380011,0.000136651153699,77.5007999375
1789944678.43,6.22999095917,,0,6.95512215962,1.07603465922,-0.430617948479,-0.200347239956,77.8748892625,-0.00753500757618,0.00775225799544,-0.00308855022495,-0.00145901487935,77.8748892625,0.998542523349,0.00141003372177,-0.000395230111801,-0.000453551540511,77.8748892625,6.26451046159e-05,5.68039496251e-07,-0.000121257800983,0.000136651153699,77.8748892625
1789944678.47,6.26998519897,,0,6.99781071937,1.05865223036,-0.438630665645,-0.200347239956,78.3748161125,-0.00722744829584,0.00762756719023,-0.00314690228197,-0.00145901487935,78.3748161125,0.998598595519,0.00139386409511,-0.000413369519238,-0.000453551540511,78.3748161125,6.25723019854e-05,-4.17227400442e-06,-0.000115792554517,0.000136651153699,78.3748161125
1789944678.5,6.30001401901,,0,7.02940188672,1.04539044265,-0.44464681037,-0.200347239956,78.7501734625,-0.00699982861382,0.00753241234953,-0.00319071443867,-0.00145901487935,78.7501734625,0.998640262872,0.00138124670476,-0.000426989031585,-0.000453551540511,78.7501734625,6.23954251729e-05,-7.58775064499e-06,-0.000111689113323,0.000136651153699,78.7501734625
1789944678.53,6.32998895645,,0,7.06053683608,1.03197213628,-0.450652224297,-0.200347239956,79.1248613,-0.00677548433149,0.00743611513401,-0.00323444844907,-0.00145901487935,79.1248613,0.998681471918,0.00136824393847,-0.000440584251257,-0.000453551540511,79.1248613,6.21184190788e-05,-1.08742441484e-05,-0.000107592991302,0.000136651153699,79.1248613
1789944678.57,6.36998414993,,0,7.1014483486,1.01378790231,-0.458665182281,-0.200347239956,79.624803175,-0.00648067681865,0.00730558529569,-0.00329280225983,-0.00145901487935,79.624803175,0.998735838092,0.00135025986026,-0.000458724203863,-0.000453551540511,79.624803175,6.15989026002e-05,-1.50681679857e-05,-0.000102127580581,0.000136651153699,79.624803175
1789944678.6,6.40001058578,,0,7.13168085599,0.999925628562,-0.464680843168,-0.200347239956,80.0001303375,-0.00626280898109,0.00720605734258,-0.003336610893,-0.00145901487935,80.0001303375,0.998776172395,0.00133628167348,-0.000472342620883,-0.000453551540511,80.0001303375,6.11010420868e-05,-1.80730680252e-05,-9.80244693999e-05,0.000136651153699,80.0001303375
1789944678.63,6.42999505997,,0,7.16145333054,0.985902345053,-0.470688153983,-0.200347239956,80.374936525,-0.0060482454694,0.00710535487173,-0.00338035871736,-0.00145901487935,80.374936525,0.998816025754,0.00132191483125,-0.000485942134782,-0.000453551540511,80.374936525,6.05156788192e-05,-2.09508527655e-05,-9.3927053565e-05,0.000136651153699,80.374936525
1789944678.67,6.46999645233,,0,7.20051242115,0.966913707203,-0.478702392586,-0.200347239956,80.8749583,-0.00576673898438,0.00696896732088,-0.00343872185414,-0.00145901487935,80.8749583,0.998868511024,0.00130211342651,-0.000504084986489,-0.000453551540511,80.8749583,5.96039178271e-05,-2.4598768084e-05,-8.84607693708e-05,0.000136651153699,80.8749583
1789944678.7,6.49998235703,,0,7.22929009163,0.952469310205,-0.484709986291,-0.200347239956,81.2497821375,-0.00555932070605,0.00686519818718,-0.00348247173862,-0.00145901487935,81.2497821375,0.998907327413,0.00128679407451,-0.000517685140802,-0.000453551540511,81.2497821375,5.88271455644e-05,-2.71899092295e-05,-8.43631605845e-05,0.000136651153699,81.2497821375
1789944678.73,6.52998352051,,0,7.25764608396,0.937837365601,-0.490720603035,-0.200347239956,81.6247945875,-0.00535493170526,0.00676006396619,-0.00352624363818,-0.00145901487935,81.6247945875,0.998945697502,0.00127105889292,-0.000531292138755,-0.000453551540511,81.6247945875,5.79740702547e-05,-2.96593909704e-05,-8.0263489869e-05,0.000136651153699,81.6247945875
1789944678.77,6.56998443604,,0,7.29476547098,0.918047934522,-0.498734624863,-0.200347239956,82.1248028375,-0.00508736133657,0.00661784464292,-0.00358460519631,-0.00145901487935,82.1248028375,0.998996110811,0.00124944400351,-0.000549434499719,-0.000453551540511,82.1248028375,5.67249198143e-05,-3.27606590085e-05,-7.47973535312e-05,0.000136651153699,82.1248028375
1789944678.8,6.59998416901,,0,7.3220815263,0.902995767784,-0.504745030842,-0.200347239956,82.4998021375,-0.00489044599973,0.00650965013352,-0.00362837556098,-0.00145901487935,82.4998021375,0.999033344775,0.00123275690186,-0.000563041020536,-0.000453551540511,82.4998021375,5.57090581219e-05,-3.49430826362e-05,-7.06978265727e-05,0.000136651153699,82.4998021375
1789944678.83,6.62999010086,,0,7.34894882757,0.887760116387,-0.510756681378,-0.200347239956,82.8748790875,-0.00469675643108,0.00640011970424,-0.00367215498906,-0.00145901487935,82.8748790875,0.999070079556,0.0012156580232,-0.000576650358814,-0.000453551540511,82.8748790875,5.46293387623e-05,-3.70029343907e-05,-6.65974507372e-05,0.000136651153699,82.8748790875
1789944678.87,6.6699795723,,0,7.3840390446,0.867175221777,-0.518768388794,-0.200347239956,83.3747429375,-0.00444377302746,0.00625210692546,-0.00373049969264,-0.00145901487935,83.3747429375,0.999118226733,0.00119223564606,-0.000594787480351,-0.000453551540511,83.3747429375,5.30978318952e-05,-3.95568456459e-05,-6.11328929936e-05,0.000136651153699,83.3747429375
1789944678.9,6.69997644424,,0,7.40981736358,0.851523610231,-0.524778196537,-0.200347239956,83.7497049125,-0.00425791378661,0.00613954685931,-0.0037742657007,-0.00145901487935,83.7497049125,0.999153720536,0.00117418977419,-0.000608392646863,-0.000453551540511,83.7497049125,5.18843573777e-05,-4.13291659204e-05,-5.70337740755e-05,0.000136651153699,83.7497049125
1789944678.93,6.72999382019,,0,7.43514039895,0.835680975299,-0.53079206091,-0.200347239956,84.1249199875,-0.00407532868898,0.00602559663825,-0.00381806125089,-0.00145901487935,84.1249199875,0.999188690297,0.00115572319441,-0.000622006996886,-0.000453551540511,84.1249199875,5.06186926328e-05,-4.29795968898e-05,-5.29318882448e-05,0.000136651153699,84.1249199875
1789944678.97,6.76998233795,,0,7.46813177814,0.81429502921,-0.538803714232,-0.200347239956,84.6247804625,-0.00383744037551,0.00587175024484,-0.00387640556054,-0.00145901487935,84.6247804625,0.999234404162,0.00113048721862,-0.000640143995964,-0.000453551540511,84.6247804625,4.88591230071e-05,-4.49870216744e-05,-4.7467367397e-05,0.000136651153699,84.6247804625
1789944679,6.79999685287,,0,7.49232875033,0.798032921084,-0.544817014628,-0.200347239956,84.99996035,-0.00366295599929,0.00575474510592,-0.0039201970036,-0.00145901487935,84.99996035,0.999268044663,0.00111106939237,-0.00065375706924,-0.000453551540511,84.99996035,4.74880999508e-05,-4.63501737695e-05,-4.33658662392e-05,0.000136651153699,84.99996035
1789944679.03,6.82999849319,,0,7.51602513659,0.781597219933,-0.550827808079,-0.200347239956,85.374983825,-0.00349207371502,0.00563647519479,-0.00396397019001,-0.00145901487935,85.374983825,0.999301082562,0.00109125132879,-0.000667364467225,-0.000453551540511,85.374983825,4.60786056547e-05,-4.75897304794e-05,-3.92660749974e-05,0.000136651153699,85.374983825
1789944679.07,6.86999368668,,0,7.54684239718,0.759406647495,-0.558840687526,-0.200347239956,85.8749208,-0.00326982906003,0.00547676945586,-0.00402232342883,-0.00145901487935,85.8749208,0.99934418852,0.00106419736519,-0.000685504242039,-0.000453551540511,85.8749208,4.41453085028e-05,-4.90508821348e-05,-3.38007178445e-05,0.000136651153699,85.8749208
1789944679.1,6.89999485016,,0,7.5693732615,0.742550475866,-0.564851386613,-0.200347239956,86.2499383875,-0.00310733505236,0.0053554374753,-0.00406609592805,-0.00145901487935,86.2499383875,0.999375805391,0.00104342715609,-0.000699111426401,-0.000453551540511,86.2499383875,4.26591162911e-05,-5.00034524404e-05,-2.97009909654e-05,0.000136651153699,86.2499383875
1789944679.13,6.92999744415,,0,7.59139640185,0.725513431916,-0.570862276231,-0.200347239956,86.6249678625,-0.00294849589791,0.00523278834969,-0.00410986981479,-0.00145901487935,86.6249678625,0.999406793975,0.00102224803451,-0.000712719042091,-0.000453551540511,86.6249678625,4.11461423379e-05,-5.08330495181e-05,-2.5601134131e-05,0.000136651153699,86.6249678625
1789944679.17,6.97006702423,,0,7.62000695629,0.70247841391,-0.578890095772,-0.200347239956,87.125836975,-0.00274213551349,0.00506693652878,-0.00416833185381,-0.00145901487935,87.125836975,0.99944717795,0.000993325614457,-0.000730892638696,-0.000453551540511,87.125836975,3.90901990425e-05,-5.17491736026e-05,-2.0125586765e-05,0.000136651153699,87.125836975
1789944679.2,7.0000128746,,0,7.64078295021,0.6850531087,-0.584889704638,-0.200347239956,87.500162625,-0.00259227630814,0.00494145724884,-0.00421202358925,-0.00145901487935,87.500162625,0.999476594381,0.000971234900685,-0.000744474716713,-0.000453551540511,87.500162625,3.75321032463e-05,-5.22905834141e-05,-1.60334242104e-05,0.000136651153699,87.500162625
1789944679.23,7.02998876572,,0,7.66105416842,0.66743066857,-0.59089523697,-0.200347239956,87.87485785,-0.00244605195379,0.0048145437488,-0.00425575846193,-0.00145901487935,87.87485785,0.999505371242,0.000948715044393,-0.000758070204435,-0.000453551540511,87.87485785,3.59580708071e-05,-5.27098021085e-05,-1.19372214279e-05,0.000136651153699,87.87485785
1789944679.27,7.0699763298,,0,7.68726852542,0.643642040697,-0.598906631244,-0.200347239956,88.3747021625,-0.00225694820416,0.00464319993066,-0.00431410088508,-0.00145901487935,88.3747021625,0.999542697116,0.000918039062672,-0.000776206617071,-0.000453551540511,88.3747021625,3.38422476436e-05,-5.30778894336e-05,-6.47287727003e-06,0.000136651153699,88.3747021625
1789944679.3,7.0999879837,,0,7.70631478773,0.62557751964,-0.604919421756,-0.200347239956,88.7498502375,-0.00211954665509,0.00451306872397,-0.00435788861495,-0.00145901487935,88.7498502375,0.99956989755,0.000894539409808,-0.000789818536058,-0.000453551540511,88.7498502375,3.22469827632e-05,-5.32106108375e-05,-2.37172388949e-06,0.000136651153699,88.7498502375
1789944679.33,7.12997579575,,0,7.72480163155,0.607347190683,-0.610927408943,-0.200347239956,89.124698625,-0.00198617535448,0.00438172889644,-0.00440164136494,-0.00145901487935,89.124698625,0.999596365713,0.000870650500243,-0.000803419581146,-0.000453551540511,89.124698625,3.06508576013e-05,-5.32202904816e-05,1.72615327964e-06,0.000136651153699,89.124698625
1789944679.37,7.16999435425,,0,7.74861549848,0.582738283765,-0.618945031611,-0.200347239956,89.6249315375,-0.00181436473294,0.00420441292647,-0.00446002914593,-0.00145901487935,89.6249315375,0.999630559777,0.000838135567527,-0.000821570093793,-0.000453551540511,89.6249315375,2.85238961881e-05,-5.30417893915e-05,7.19474564856e-06,0.000136651153699,89.6249315375
1789944679.4,7.19999217987,,0,7.76581702996,0.564081095215,-0.624955026077,-0.200347239956,89.9999051625,-0.00169025451144,0.00406996499841,-0.00450379651379,-0.00145901487935,89.9999051625,0.99965533038,0.000813286128742,-0.000835175683014,-0.000453551540511,89.9999051625,2.69366064051e-05,-5.27644778335e-05,1.12939919256e-05,0.000136651153699,89.9999051625
1789944679.43,7.22996854782,,0,7.78244433165,0.545257331596,-0.630960666597,-0.200347239956,90.3746071375,-0.00157028263584,0.00393430296898,-0.00454753217434,-0.00145901487935,90.3746071375,0.999679332306,0.000788046996595,-0.000848771415654,-0.000453551540511,90.3746071375,2.53606177674e-05,-5.23645320302e-05,1.53902684998e-05,0.000136651153699,90.3746071375
1789944679.47,7.26998186111,,0,7.80375470306,0.519850043137,-0.63897724766,-0.200347239956,90.8747750625,-0.00141651371198,0.00375117259441,-0.00460591236992,-0.00145901487935,90.8747750625,0.999710180456,0.00075372165258,-0.000866919570285,-0.000453551540511,90.8747750625,2.32791125888e-05,-5.16393201712e-05,2.08581504193e-05,0.000136651153699,90.8747750625
1789944679.5,7.29997873306,,0,7.81906011008,0.500592699198,-0.644987003312,-0.200347239956,91.2497337875,-0.00130606968825,0.00361235401986,-0.00464967799863,-0.00145901487935,91.2497337875,0.999732397549,0.000727512874773,-0.000880524618874,-0.000453551540511,91.2497337875,2.17401023255e-05,-5.0952165049e-05,2.49572338082e-05,0.000136651153699,91.2497337875
1789944679.53,7.33000707626,,0,7.83380044206,0.481134400816,-0.651003123796,-0.200347239956,91.625089625,-0.0011996991469,0.00347207351421,-0.00469348997879,-0.00145901487935,91.625089625,0.99975384461,0.000700867584598,-0.000894144076341,-0.000453551540511,91.625089625,2.02219556802e-05,-5.01411278012e-05,2.90606584676e-05,0.000136651153699,91.625089625
1789944679.57,7.369972229,,0,7.85250688358,0.454957167668,-0.659009969586,-0.200347239956,92.12465015,-0.00106470199365,0.00328333376782,-0.00475179927792,-0.00145901487935,92.12465015,0.999781135789,0.000664771054188,-0.000912270191996,-0.000453551540511,92.12465015,1.82427348782e-05,-4.88705943449e-05,3.45219002343e-05,0.000136651153699,92.12465015
1789944679.6,7.39999055862,,0,7.8658661739,0.435084436677,-0.665024084994,-0.200347239956,92.4998808875,-0.000968288893144,0.00314003471112,-0.00479559665626,-0.00145901487935,92.4998808875,0.99980067812,0.000637181759399,-0.000925885110319,-0.000453551540511,92.4998808875,1.67918849897e-05,-4.77727313824e-05,3.86239572889e-05,0.000136651153699,92.4998808875
1789944679.63,7.42999315262,,0,7.87861968513,0.415041713866,-0.671035052747,-0.200347239956,92.8749152375,-0.000876244204229,0.00299549695615,-0.00483937111201,-0.00145901487935,92.8749152375,0.999819376557,0.000609198526171,-0.000939492902894,-0.000453551540511,92.8749152375,1.53765708331e-05,-4.65524022399e-05,4.27238674172e-05,0.000136651153699,92.8749152375
1789944679.67,7.4699921608,,0,7.89468193732,0.388040823698,-0.679048709341,-0.200347239956,93.3749007,-0.00076031464298,0.00280076059582,-0.00489773001035,-0.00145901487935,93.3749007,0.999842987402,0.000571257082552,-0.000957634437034,-0.000453551540511,93.3749007,1.35501634755e-05,-4.4734182665e-05,4.81897546399e-05,0.000136651153699,93.3749007
1789944679.7,7.50001096725,,0,7.90602357649,0.367566368801,-0.685062880847,-0.200347239956,93.7501349375,-0.000678452652251,0.00265307953978,-0.00494152779721,-0.00145901487935,93.7501349375,0.9998597023,0.000542305751084,-0.000971249482352,-0.000453551540511,93.7501349375,1.22296282939e-05,-4.32260171337e-05,5.22918499569e-05,0.000136651153699,93.7501349375
1789944679.73,7.52999210358,,0,7.91673497954,0.346937090899,-0.691069597432,-0.200347239956,94.12490405,-0.00060113677464,0.00250426923237,-0.00498527129413,-0.00145901487935,94.12490405,0.999875522894,0.000512982359618,-0.000984847651017,-0.000453551540511,94.12490405,1.09577623676e-05,-4.15968101978e-05,5.63888604844e-05,0.000136651153699,94.12490405
1789944679.77,7.57000303268,,0,7.93006091324,0.319126487485,-0.699085648376,-0.200347239956,94.6250389,-0.000504944933279,0.00230363675791,-0.00504364762915,-0.00145901487935,94.6250389,0.999895254578,0.000473214792066,-0.00100299460555,-0.000453551540511,94.6250389,9.34003542985e-06,-3.92312675567e-05,6.1856380825e-05,0.000136651153699,94.6250389
1789944679.8,7.59999418259,,0,7.93931662398,0.298069897514,-0.705094322153,-0.200347239956,94.999930125,-0.000438130761574,0.002151715043,-0.00508740537919,-0.00145901487935,94.999930125,0.999908993779,0.000442929702152,-0.00101659720496,-0.000453551540511,94.999930125,8.19187241436e-06,-3.7314657056e-05,6.59547262976e-05,0.000136651153699,94.999930125
1789944679.83,7.63002920151,,0,7.94795013762,0.276802222626,-0.711111695207,-0.200347239956,95.3753641125,-0.000375805827653,0.00199825817476,-0.00513122648111,-0.00145901487935,95.3753641125,0.999921836471,0.000412191919892,-0.00103021949803,-0.000453551540511,95.3753641125,7.10150260579e-06,-3.52720899517e-05,7.00590053e-05,0.000136651153699,95.3753641125
1789944679.87,7.67000675201,,0,7.95844570387,0.248213401293,-0.719121148316,-0.200347239956,95.8750873125,-0.000300035724493,0.00179195682147,-0.00518955476785,-0.00145901487935,95.8750873125,0.999937486928,0.000370643513546,-0.00104835151621,-0.000453551540511,95.8750873125,5.74884043168e-06,-3.236208121e-05,7.55220254448e-05,0.000136651153699,95.8750873125
1789944679.9,7.70003557205,,0,7.96557406934,0.226528902197,-0.725137287031,-0.200347239956,96.2504442875,-0.000248572177341,0.00163546416784,-0.00523336688078,-0.00145901487935,96.2504442875,0.999948142114,0.000338958542283,-0.00106197101495,-0.000453551540511,96.2504442875,4.81172013203e-06,-3.00326535392e-05,7.96254625395e-05,0.000136651153699,96.2504442875
1789944679.93,7.72998905182,,0,7.97203324866,0.204718467554,-0.731138431358,-0.200347239956,96.6248657375,-0.000201938237423,0.00147805085018,-0.00527706979812,-0.00145901487935,96.6248657375,0.999957816737,0.000306945095188,-0.00107555656898,-0.000453551540511,96.6248657375,3.94846362751e-06,-2.75862716253e-05,8.37186723884e-05,0.000136651153699,96.6248657375
1789944679.97,7.77000808716,,0,7.979638222,0.175298812584,-0.739156072258,-0.200347239956,97.1250997875,-0.00014702972216,0.0012657009455,-0.00533545771189,-0.00145901487935,97.1250997875,0.999969234192,0.000263539512703,-0.0010937071229,-0.000453551540511,97.1250997875,2.91299355187e-06,-2.41265338881e-05,8.91872771926e-05,0.000136651153699,97.1250997875
1789944680,7.80004501343,,0,7.9845693222,0.153006422981,-0.745173896896,-0.200347239956,97.50056195,-0.000111425364559,0.00110478177025,-0.00537928210242,-0.00145901487935,97.50056195,0.999976654691,0.000230483259805,-0.00110733043828,-0.000453551540511,97.50056195,2.22915597279e-06,-2.13859733665e-05,9.32918642067e-05,0.000136651153699,97.50056195
1789944680.03,7.82999134064,,0,7.98881629415,0.130601265684,-0.751173588104,-0.200347239956,97.8748927375,-8.07596335691e-05,0.00094303708235,-0.00542297443753,-0.00145901487935,97.8748927375,0.999983058298,0.000197119259416,-0.00112091270271,-0.000453551540511,97.8748927375,1.63116499216e-06,-1.85309382686e-05,9.73840829248e-05,0.000136651153699,97.8748927375
1789944680.07,7.86997509003,,0,7.99343562,0.100406512476,-0.7591841874,-0.200347239956,98.37468745,-4.74039992582e-05,0.000725040912714,-0.0054813110713,-0.00145901487935,98.37468745,0.999990039005,0.000151938616711,-0.00113904731565,-0.000453551540511,98.37468745,9.69530918597e-07,-1.45279431179e-05,0.000102847884851,0.000136651153699,98.37468745
1789944680.1,7.89998483658,,0,7.9961060456,0.0775332842374,-0.765196580423,-0.200347239956,98.749810725,-2.81204055166e-05,0.000559890535455,-0.00552509590648,-0.00145901487935,98.749810725,0.99999408371,0.000117551731554,-0.00115265833479,-0.000453551540511,98.749810725,5.80476869082e-07,-1.13799588311e-05,0.000106948767116,0.000136651153699,98.749810725
1789944680.13,7.92999076843,,0,7.99808713727,0.0544825146322,-0.771208222745,-0.200347239956,99.1248871625,-1.3814142145e-05,0.00039344704792,-0.00556887527474,-0.00145901487935,99.1248871625,0.999997090031,8.27607515986e-05,-0.00116626765447,-0.000453551540511,99.1248871625,2.87770388949e-07,-8.10932373558e-06,0.000111049137348,0.000136651153699,99.1248871625
1789944680.17,7.96998214722,,0,7.9996471232,0.0234809123499,-0.779220311422,-0.200347239956,99.6247748,-2.54844735942e-06,0.000169575408191,-0.00562722275483,-0.00145901487935,99.6247748,0.999999462288,3.57578508279e-05,-0.00118440563912,-0.000453551540511,99.6247748,5.37263496175e-08,-3.55908466815e-06,0.000116513955139,0.000136651153699,99.6247748
1789944680.2,8.00003910065,,0,8,0,0,0,100,1.38777878078e-17,0,0,0,100,1,0,0,0,100,1.73472347598e-18,0,0,0,100
1789944680.33,0,,0,8.00203953,-0.0060845437142,0.00285106591951,-0.000522624488808,0,0.00433316454399,0.0133121757548,0.742937677947,-0.186150424979,0,1.00653036259,-6.37168283876e-05,0.0931696369209,-0.0232904180793,0,-0.000843819053723,0.000391168357673,0.073514601676,-0.0183908744302,0
1789944680.36,0.0300323050469,,0,8.00185808051,-0.00599915532072,0.00283537030146,-0.000522624488808,0.3754038125,0.00506716184132,0.0355403584988,0.737347151608,-0.186150424979,0.3754038125,1.00657036057,0.00272387885216,0.0924701719816,-0.0232904180793,0.3754038125,-0.000799001537084,0.00259068757055,0.0729622813259,-0.0183908744302,0.3754038125
1789944680.39,0.0599927827716,,0,8.00167961317,-0.00591444083296,0.00281971222196,-0.000522624488808,0.7499097875,0.0064620661507,0.0575480844874,0.731769995895,-0.186150424979,0.7499097875,1.0066933669,0.00548387631367,0.0917723799231,-0.0232904180793,0.7499097875,-0.000688719156286,0.00476841829251,0.0724112819371,-0.0183908744302,0.7499097875
1789944680.43,0.0999942645431,,0,8.00144527714,-0.00580206629864,0.0027988064684,-0.000522624488808,1.2499283,0.00934754828139,0.0866710367068,0.724323703208,-0.186150424979,1.2499283,1.00698590495,0.00913627371127,0.0908407287068,-0.0232904180793,1.2499283,-0.000440238238402,0.00765026302207,0.071675619723,-0.0183908744302,1.2499283
1789944680.46,0.130001336336,,0,8.00127243185,-0.00571831761725,0.00278312404035,-0.000522624488808,1.6250166375,0.0122735528662,0.108322059437,0.718737874933,-0.186150424979,1.6250166375,1.00730085044,0.0118516519174,0.0901418515711,-0.0232904180793,1.6250166375,-0.000178489874152,0.00979275835236,0.0711237635218,-0.0183908744302,1.6250166375
1789944680.49,0.160020664334,,0,8.00110202345,-0.00563500558244,0.00276743520335,-0.000522624488808,2.0002582625,0.0158483181916,0.129814213213,0.713149763896,-0.186150424979,2.0002582625,1.0076971402,0.0145471557079,0.0894426888249,-0.0232904180793,2.0002582625,0.000147446202969,0.0119195595186,0.0705716817933,-0.0183908744302,2.0002582625
1789944680.53,0.19999088347,,0,8.00087899611,-0.00552480806031,0.00274654578651,-0.000522624488808,2.4998860375,0.0216047106196,0.158170268901,0.705709290084,-0.186150424979,2.4998860375,1.00834979302,0.0181035952334,0.0885117656438,-0.0232904180793,2.4998860375,0.000680051228912,0.0147256345048,0.0698365944595,-0.0183908744302,2.4998860375
1789944680.56,0.230020806193,,0,8.00071432263,-0.00544256516316,0.00273085141545,-0.000522624488808,2.875260025,0.0266719137171,0.179278726862,0.7001192079,-0.186150424979,2.875260025,1.00893324718,0.0207510947829,0.0878123562754,-0.0232904180793,2.875260025,0.00115366701552,0.0168145293708,0.0692843179901,-0.0183908744302,2.875260025
1789944680.59,0.26000392437,,0,8.00055236269,-0.00536092062847,0.00271518150164,-0.000522624488808,3.25004905,0.0323611126376,0.200186813025,0.694537836998,-0.186150424979,3.25004905,1.00959479627,0.0233735144756,0.0871140368287,-0.0232904180793,3.25004905,0.00168887935323,0.0188836229457,0.0687329021583,-0.0183908744302,3.25004905
1789944680.63,0.299994051456,,0,8.00034014433,-0.00525275809017,0.00269428168614,-0.000522624488808,3.7499255375,0.0409199787737,0.227812617001,0.687093659351,-0.186150424979,3.7499255375,1.01059891445,0.0268385920447,0.0861826502381,-0.0232904180793,3.7499255375,0.00249880081708,0.0216175544506,0.0679974489013,-0.0183908744302,3.7499255375
1789944680.66,0.330006629229,,0,8.00018370656,-0.00517213110507,0.0026785963732,-0.000522624488808,4.125082875,0.0480658376839,0.248350237231,0.681506803526,-0.186150424979,4.125082875,1.01144311983,0.0294146668482,0.0854836445393,-0.0232904180793,4.125082875,0.00317814122152,0.023650050962,0.0674454911825,-0.0183908744302,4.125082875
1789944680.69,0.35998108983,,0,8.00002987572,-0.00509207641663,0.00266293098846,-0.000522624488808,4.499763575,0.0558153214351,0.268694407826,0.675927045803,-0.186150424979,4.499763575,1.01236310609,0.0319665297423,0.0847855269273,-0.0232904180793,4.499763575,0.00391725489397,0.0256634310637,0.0668942347261,-0.0183908744302,4.499763575
1789944680.73,0.399995595217,,0,7.99982824511,-0.00498593895415,0.00264201842824,-0.000522624488808,4.9999448875,0.0671061412757,0.295592265616,0.668478328692,-0.186150424979,4.9999448875,1.01370985987,0.0353405347835,0.0838535723766,-0.0232904180793,4.9999448875,0.00499752220863,0.0283254473817,0.0661583329893,-0.0183908744302,4.9999448875
1789944680.76,0.429992586374,,0,7.99967986818,-0.00490692144034,0.00262634125726,-0.000522624488808,5.3749074875,0.0762729426541,0.315560864406,0.662894372905,-0.186150424979,5.3749074875,1.01480759198,0.0378454124672,0.0831549295192,-0.0232904180793,5.3749074875,0.00587688345793,0.0303017251829,0.0656066617819,-0.0183908744302,5.3749074875
1789944680.79,0.460001021624,,0,7.99953379939,-0.00482834440449,0.00261065812262,-0.000522624488808,5.750012725,0.0860400568294,0.335369461787,0.657308292955,-0.186150424979,5.750012725,1.01598060881,0.0403302738627,0.0824560208948,-0.0232904180793,5.750012725,0.00681564706542,0.0322621968397,0.0650547807162,-0.0183908744302,5.750012725
1789944680.83,0.500003278255,,0,7.99934273788,-0.00472433032116,0.00258975196089,-0.000522624488808,6.250041,0.0999795140745,0.361514343154,0.649861854884,-0.186150424979,6.250041,1.01765963479,0.0436100667722,0.0815243514887,-0.0232904180793,6.250041,0.00815806142438,0.0348498208586,0.0643191041388,-0.0183908744302,6.250041
1789944680.86,0.529982030392,,0,7.99920226988,-0.00464692771202,0.00257408434611,-0.000522624488808,6.6247750375,0.111108439701,0.380912722778,0.644281302857,-0.186150424979,6.6247750375,1.01900353826,0.0460435968963,0.0808261344965,-0.0232904180793,6.6247750375,0.00923163452342,0.0367697613067,0.0637677692085,-0.0183908744302,6.6247750375
1789944680.89,0.559977710247,,0,7.9990640377,-0.00456995137404,0.00255840786082,-0.000522624488808,6.9997212375,0.122823188022,0.400154645219,0.638697591299,-0.186150424979,6.9997212375,1.02042090456,0.0484575553744,0.0801275221961,-0.0232904180793,6.9997212375,0.0103631736453,0.0386742464074,0.06321612213,-0.0183908744302,6.9997212375
1789944680.93,0.600007176399,,0,7.99888314898,-0.00446795829548,0.00253748746228,-0.000522624488808,7.500090025,0.139350901683,0.425572252266,0.631246082304,-0.186150424979,7.500090025,1.02242458405,0.0516463604344,0.0791952183357,-0.0232904180793,7.500090025,0.011961735432,0.0411900219469,0.0624799445668,-0.0183908744302,7.500090025
1789944680.96,0.630002439022,,0,7.99875027072,-0.00439208089428,0.00252181122315,-0.000522624488808,7.8750303375,0.152399170185,0.444422879507,0.625662458423,-0.186150424979,7.8750303375,1.02400925,0.0540113614753,0.0784966170051,-0.0232904180793,7.8750303375,0.0132252637141,0.0430558486829,0.0619283061503,-0.0183908744302,7.8750303375
1789944680.99,0.660058021545,,0,7.9986194008,-0.00431652242852,0.00250610343683,-0.000522624488808,8.2507251875,0.16603831126,0.463143454174,0.620067597944,-0.186150424979,8.2507251875,1.02566794234,0.0563601038913,0.0777966097949,-0.0232904180793,8.2507251875,0.0145472204509,0.0449088337468,0.0613755576055,-0.0183908744302,8.2507251875
1789944681.03,0.700013935566,,0,7.99844892515,-0.00421680597597,0.00248522150241,-0.000522624488808,8.750174,0.185036609077,0.487770224022,0.612629789247,-0.186150424979,8.750174,1.02798171383,0.0594499465641,0.0768660200628,-0.0232904180793,8.750174,0.016390390276,0.0473464694162,0.0606407335739,-0.0183908744302,8.750174
1789944681.06,0.730022966862,,0,7.99832349948,-0.00414246216258,0.00246953803799,-0.000522624488808,9.125287125,0.199949141442,0.506070843761,0.607043591837,-0.186150424979,9.125287125,1.02980025593,0.061746135791,0.0761670967421,-0.0232904180793,9.125287125,0.0178384348067,0.0491579593347,0.0600888409036,-0.0183908744302,9.125287125
1789944681.09,0.760010540485,,0,7.99820038509,-0.00406864167943,0.00245386579432,-0.000522624488808,9.500131875,0.215397088197,0.524190913688,0.601461391076,-0.186150424979,9.500131875,1.03168601526,0.064019730686,0.0754686734667,-0.0232904180793,9.500131875,0.0193394979826,0.050951609216,0.0595373430853,-0.0183908744302,9.500131875
1789944681.13,0.800001263618,,0,7.99803963391,-0.00397092779813,0.00243296568041,-0.000522624488808,10.0000155,0.236838805463,0.5480949187,0.594017107137,-0.186150424979,10.0000155,1.03430630704,0.0670191513492,0.0745372735773,-0.0232904180793,10.0000155,0.0214244996648,0.0533178427951,0.0588018793271,-0.0183908744302,10.0000155
1789944681.16,0.830029606819,,0,7.99792148787,-0.00389810536767,0.0024172721053,-0.000522624488808,10.37537045,0.253564190639,0.56584837328,0.58842730846,-0.186150424979,10.37537045,1.03635228485,0.0692468855788,0.0738378996802,-0.0232904180793,10.37537045,0.0230519769295,0.0550752773454,0.058249630867,-0.0183908744302,10.37537045
1789944681.19,0.85999751091,,0,7.99780575308,-0.00382589956581,0.00240161016622,-0.000522624488808,10.7499687375,0.270784847464,0.583398693927,0.582848778027,-0.186150424979,10.7499687375,1.03846051747,0.071449191395,0.073139935622,-0.0232904180793,10.7499687375,0.0247285390073,0.0568126361308,0.0576984956616,-0.0183908744302,10.7499687375
1789944681.23,0.89999037981,,0,7.99765465935,-0.00373027019986,0.00238070890566,-0.000522624488808,11.2498797875,0.294580772346,0.606559630138,0.575404085674,-0.186150424979,11.2498797875,1.04137621952,0.0743556426504,0.0722084846335,-0.0232904180793,11.2498797875,0.0270465864839,0.0591054579096,0.0569629915538,-0.0183908744302,11.2498797875
1789944681.26,0.930027008057,,0,7.99754368614,-0.00365899745463,0.00236501102099,-0.000522624488808,11.6253378125,0.313058510802,0.623758864221,0.569812752001,-0.186150424979,11.6253378125,1.04364208139,0.0765140367467,0.0715089186836,-0.0232904180793,11.6253378125,0.0288475289024,0.0608081387719,0.0564105914425,-0.0183908744302,11.6253378125
1789944681.29,0.960000038147,,0,7.99743507485,-0.00358834563851,0.00234934637524,-0.000522624488808,12.0000008375,0.332009581131,0.640754268557,0.564233257495,-0.186150424979,12.0000008375,1.04596745651,0.0786469147091,0.0708108340043,-0.0232904180793,12.0000008375,0.0306953904288,0.0624906747718,0.0558593609908,-0.0183908744302,12.0000008375
1789944681.33,1.00000011921,,0,7.9972934148,-0.00349478979461,0.00232844137582,-0.000522624488808,12.5000013125,0.358089178076,0.663174699675,0.556787233422,-0.186150424979,12.5000013125,1.04916973643,0.0814607183902,0.0698792163961,-0.0232904180793,12.5000013125,0.0332395111982,0.0647103386065,0.0551237253148,-0.0183908744302,12.5000013125
1789944681.36,1.03002250195,,0,7.99718953991,-0.00342511998642,0.00231275094744,-0.000522624488808,12.875281,0.378249346185,0.6798068821,0.551198555557,-0.186150424979,12.875281,1.0516467682,0.0835481621019,0.0691799827306,-0.0232904180793,12.875281,0.0352070289979,0.0663569955164,0.054571587586,-0.0183908744302,12.875281
1789944681.39,1.05997407436,,0,7.99708798709,-0.00335608379036,0.00229709750153,-0.000522624488808,13.24967615,0.398857064376,0.696232669685,0.545623050254,-0.186150424979,13.24967615,1.05418009668,0.0856097671967,0.068482397165,-0.0232904180793,13.24967615,0.037218923682,0.0679832533159,0.0540207512508,-0.0183908744302,13.24967615
1789944681.43,1.10000836849,,0,7.99695546389,-0.003264539935,0.00227617460013,-0.000522624488808,13.7501048,0.42716550284,0.717927126413,0.538170649785,-0.186150424979,13.7501048,1.05766205392,0.0883327471865,0.0675499817668,-0.0232904180793,13.7501048,0.039983679154,0.0701311979088,0.0532844856137,-0.0183908744302,13.7501048
1789944681.46,1.13000035286,,0,7.99685857533,-0.00319650805694,0.00226050006842,-0.000522624488808,14.125004275,0.448938753029,0.733984195152,0.532587634057,-0.186150424979,14.125004275,1.06034160244,0.0903482283327,0.0668514565259,-0.0232904180793,14.125004275,0.0421109335686,0.0717210325062,0.0527329072802,-0.0183908744302,14.125004275
1789944681.49,1.15998160839,,0,7.99676375363,-0.00312897033089,0.00224483113401,-0.000522624488808,14.499769875,0.471183044022,0.749868174087,0.527006612,-0.186150424979,14.499769875,1.06308029603,0.09234205084,0.0661531807255,-0.0232904180793,14.499769875,0.0442848371793,0.0732937653264,0.052181525913,-0.0183908744302,14.499769875
1789944681.53,1.19999313354,,0,7.99664034988,-0.00303956940986,0.00222392009724,-0.000522624488808,14.99991475,0.501606324271,0.770805539922,0.519558437518,-0.186150424979,14.99991475,1.06682775288,0.0949703016509,0.0652212940664,-0.0232904180793,14.99991475,0.0472590103428,0.07536690992,0.0514456777855,-0.0183908744302,14.99991475
1789944681.56,1.23002767563,,0,7.99655005859,-0.00297301076419,0.00220822332262,-0.000522624488808,15.375346225,0.524990596193,0.786326266597,0.513967499228,-0.186150424979,15.375346225,1.0697094521,0.0969186869614,0.0645217775853,-0.0232904180793,15.375346225,0.0495457399701,0.0769037611065,0.0508933167364,-0.0183908744302,15.375346225
1789944681.59,1.25998580456,,0,7.99646198141,-0.00290709110484,0.00219256648383,-0.000522624488808,15.749822525,0.548777245924,0.801640224506,0.508390785437,-0.186150424979,15.749822525,1.0726418016,0.0988411856492,0.0638240408183,-0.0232904180793,15.749822525,0.0518723865011,0.0784201755877,0.0503423610076,-0.0183908744302,15.749822525
1789944681.63,1.30000114441,,0,7.99634740285,-0.00281977312979,0.00217165346266,-0.000522624488808,16.2500148625,0.581260227438,0.821834643598,0.500941904141,-0.186150424979,16.2500148625,1.0766478197,0.10137648267,0.0628920657255,-0.0232904180793,16.2500148625,0.0550505086595,0.080419920625,0.04960644305,-0.0183908744302,16.2500148625
1789944681.66,1.3299934864,,0,7.99626380563,-0.00275487520446,0.00215597872711,-0.000522624488808,16.6249192125,0.606133449906,0.836775342551,0.495358815815,-0.186150424979,16.6249192125,1.07971652071,0.10325228805,0.0621935314014,-0.0232904180793,16.6249192125,0.0574847197226,0.0818994626558,0.0490548575441,-0.0183908744302,16.6249192125
1789944681.69,1.35998868942,,0,7.99618214015,-0.00269044130995,0.00214030250418,-0.000522624488808,16.9998591375,0.631454691418,0.851549985477,0.489775197704,-0.186150424979,16.9998591375,1.08284146649,0.105107317759,0.0614949307927,-0.0232904180793,16.9998591375,0.059963294888,0.0833625993823,0.0485032196977,-0.0183908744302,16.9998591375
1789944681.73,1.39999985695,,0,7.99607620019,-0.00260522374383,0.00211939171357,-0.000522624488808,17.499998125,0.665916209982,0.870997436052,0.482327110899,-0.186150424979,17.499998125,1.08709590255,0.107549156059,0.0605630551034,-0.0232904180793,17.499998125,0.0633373535901,0.0852885465973,0.0477673802324,-0.0183908744302,17.499998125
1789944681.76,1.43001377583,,0,7.99599895955,-0.00254184795502,0.00210370572017,-0.000522624488808,17.8751717375,0.692274639723,0.885390103147,0.476740012706,-0.186150424979,17.8751717375,1.09035104465,0.109356398477,0.0598640190804,-0.0232904180793,17.8751717375,0.0659186269157,0.0867139478873,0.0472153985686,-0.0183908744302,17.8751717375
1789944681.79,1.46002662182,,0,7.99592361663,-0.00247894517927,0.00208802028128,-0.000522624488808,18.2503320875,0.719061578364,0.899614579805,0.471153112019,-0.186150424979,18.2503320875,1.09365999633,0.111142597332,0.0591650077685,-0.0232904180793,18.2503320875,0.0685423399573,0.0881227325509,0.0466634364176,-0.0183908744302,18.2503320875
1789944681.83,1.49998152256,,0,7.99582623169,-0.00239593567024,0.00206713886582,-0.000522624488808,18.7497684875,0.755379694071,0.918290876131,0.46371548817,-0.186150424979,18.7497684875,1.0981476668,0.113487939658,0.0582344411637,-0.0232904180793,18.7497684875,0.072100327113,0.0899724864967,0.0459286306481,-0.0183908744302,18.7497684875
1789944681.86,1.53002977371,,0,7.99575516864,-0.0023340575101,0.0020514348654,-0.000522624488808,19.1253727875,0.783181317523,0.932140720751,0.458121976165,-0.186150424979,19.1253727875,1.10158397616,0.115227273684,0.0575346026694,-0.0232904180793,19.1253727875,0.0748245027268,0.0913442632022,0.0453760153268,-0.0183908744302,19.1253727875
1789944681.89,1.56000375748,,0,7.99568612681,-0.00227280258721,0.00203576972211,-0.000522624488808,19.5000477125,0.81132626002,0.945788843592,0.452542304443,-0.186150424979,19.5000477125,1.10506353894,0.116941352994,0.0568364958176,-0.0232904180793,19.5000477125,0.0775827564008,0.0926961020618,0.0448247673669,-0.0183908744302,19.5000477125
1789944681.93,1.60003757477,,0,7.9955967638,-0.00219172191265,0.00201484710816,-0.000522624488808,20.0004694875,0.849550380826,0.963756633763,0.445090006356,-0.186150424979,20.0004694875,1.10979043577,0.119198066822,0.0559040932292,-0.0232904180793,20.0004694875,0.0813294519075,0.094475867702,0.0440885118448,-0.0183908744302,20.0004694875
1789944681.96,1.63002073765,,0,7.9955319524,-0.00213154538448,0.00199917718442,-0.000522624488808,20.37525875,0.878646061053,0.977018156613,0.439508631917,-0.186150424979,20.37525875,1.11338939216,0.12086377822,0.0552057733399,-0.0232904180793,20.37525875,0.0841818700883,0.0957895131746,0.0435370956637,-0.0183908744302,20.37525875
1789944681.99,1.66001236439,,0,7.99546892054,-0.00207182173881,0.00198350279434,-0.000522624488808,20.7501548375,0.908145316109,0.990116040662,0.433925666636,-0.186150424979,20.7501548375,1.11703902488,0.122509017614,0.0545072544108,-0.0232904180793,20.7501548375,0.087074257332,0.097086992813,0.0429855223141,-0.0183908744302,20.7501548375
1789944682.03,1.7000387907,,0,7.99538757623,-0.00199284785927,0.00196258400286,-0.000522624488808,21.2504851875,0.948121734376,1.00733541793,0.426474730054,-0.186150424979,21.2504851875,1.12198603777,0.124672091345,0.0535750221685,-0.0232904180793,21.2504851875,0.0909945401749,0.0987928175796,0.0422494013029,-0.0183908744302,21.2504851875
1789944682.06,1.73001694679,,0,7.99532871379,-0.00193424798039,0.00194691666612,-0.000522624488808,21.625212575,0.978510626785,1.0200367129,0.420894277059,-0.186150424979,21.625212575,1.12574745068,0.126267708136,0.0528768175668,-0.0232904180793,21.625212575,0.0939750721493,0.100051114336,0.0416980761566,-0.0183908744302,21.625212575
1789944682.09,1.76003360748,,0,7.99527152887,-0.00187604349673,0.00193122922714,-0.000522624488808,22.0004207625,1.00931749059,1.03258669048,0.415306663974,-0.186150424979,22.0004207625,1.12956130093,0.127844400998,0.0521777171225,-0.0232904180793,22.0004207625,0.0969969740083,0.101294466017,0.0411460436236,-0.0183908744302,22.0004207625
1789944682.13,1.80001449585,,0,7.99519806101,-0.00179924902723,0.00191033426055,-0.000522624488808,22.500181275,1.05093111926,1.04904222246,0.407864213431,-0.186150424979,22.500181275,1.13471408172,0.129911895521,0.0512465466205,-0.0232904180793,22.500181275,0.101079501371,0.102924820836,0.0404107609972,-0.0183908744302,22.500181275
1789944682.16,1.8300369978,,0,7.99514490165,-0.00174213156029,0.00189464376945,-0.000522624488808,22.8754624625,1.08260895883,1.06120343041,0.402275513228,-0.186150424979,22.8754624625,1.13863735145,0.131439948299,0.0505473101601,-0.0232904180793,22.8754624625,0.104187690468,0.104129764397,0.0398586210616,-0.0183908744302,22.8754624625
1789944682.19,1.86001348495,,0,7.99509352765,-0.00168557170055,0.00187897734886,-0.000522624488808,23.2501679375,1.1145999617,1.07317858123,0.396695386555,-0.186150424979,23.2501679375,1.14260005893,0.132944712376,0.0498491463866,-0.0232904180793,23.2501679375,0.107326955546,0.105316320981,0.0393073281545,-0.0183908744302,23.2501679375
1789944682.23,1.90000736713,,0,7.99502761211,-0.0016108419178,0.00185807552283,-0.000522624488808,23.7500925125,1.15783590525,1.08889512761,0.389250492787,-0.186150424979,23.7500925125,1.1479566642,0.134919750728,0.0489176701978,-0.0232904180793,23.7500925125,0.111570213203,0.106873668666,0.0385718041478,-0.0183908744302,23.7500925125
1789944682.26,1.93000781536,,0,7.99498011999,-0.00155533407039,0.0018423965718,-0.000522624488808,24.1250976875,1.19067753973,1.10048903354,0.383665902972,-0.186150424979,24.1250976875,1.15202622133,0.136376820109,0.0482189480132,-0.0232904180793,24.1250976875,0.114793742537,0.108022562637,0.0380200703011,-0.0183908744302,24.1250976875
1789944682.29,1.95997405052,,0,7.99493433744,-0.00150035913597,0.00182673551282,-0.000522624488808,24.499674925,1.22382641684,1.11190245575,0.378087686016,-0.186150424979,24.499674925,1.15613445871,0.137811300666,0.047521023176,-0.0232904180793,24.499674925,0.118047753983,0.109153621625,0.0374689660659,-0.0183908744302,24.499674925
1789944682.33,1.99998772144,,0,7.99487575931,-0.00142768305175,0.00180582336651,-0.000522624488808,24.9998463375,1.26861845252,1.12688212544,0.370639116336,-0.186150424979,24.9998463375,1.16168659474,0.139694148137,0.0465890870713,-0.0232904180793,24.9998463375,0.122445195029,0.110638171291,0.0367330788946,-0.0183908744302,24.9998463375
1789944682.36,2.03003954887,,0,7.9948336679,-0.00137365076718,0.00179011754945,-0.000522624488808,25.3754940875,1.30264983358,1.13793644812,0.365044957271,-0.186150424979,25.3754940875,1.16590559037,0.141083718069,0.0458891676195,-0.0232904180793,25.3754940875,0.125786577289,0.111733762657,0.0361803996466,-0.0183908744302,25.3754940875
1789944682.39,2.05997872353,,0,7.99479334189,-0.00132029036534,0.00177447060708,-0.000522624488808,25.7497336875,1.3368814762,1.1487821621,0.359471768425,-0.186150424979,25.7497336875,1.1701499818,0.14244716334,0.0451918718798,-0.0232904180793,25.7497336875,0.129147926143,0.112808731356,0.0356297921674,-0.0183908744302,25.7497336875
1789944682.43,2.1000316143,,0,7.99474187826,-0.00124963700577,0.00175353801884,-0.000522624488808,26.250394025,1.38317979343,1.1630307087,0.352015917657,-0.186150424979,26.250394025,1.17589139303,0.144238543985,0.0442590247937,-0.0232904180793,26.250394025,0.133694616969,0.114221053671,0.0348931856555,-0.0183908744302,26.250394025
1789944682.46,2.13001942635,,0,7.99470519026,-0.00119728689884,0.00173786555515,-0.000522624488808,26.6252440375,1.41821420328,1.1735032617,0.346433638527,-0.186150424979,26.6252440375,1.18023661458,0.145555311359,0.0435605917131,-0.0232904180793,26.6252440375,0.137135484756,0.115259161282,0.0343416800947,-0.0183908744302,26.6252440375
1789944682.49,2.15998697281,,0,7.99467008873,-0.00114544232394,0.00172220387842,-0.000522624488808,26.99983605,1.45353572032,1.18380137809,0.340855201541,-0.186150424979,26.99983605,1.18461797831,0.146850249441,0.0428626393467,-0.0232904180793,26.99983605,0.14060483531,0.116280032912,0.0337905541215,-0.0183908744302,26.99983605
1789944682.53,2.20000243187,,0,7.99462562653,-0.00107694590513,0.00170129080028,-0.000522624488808,27.50002975,1.50117702719,1.1972918323,0.333406299955,-0.186150424979,27.50002975,1.19052833184,0.148546772441,0.0419306617152,-0.0232904180793,27.50002975,0.145284695496,0.117617454594,0.0330546341593,-0.0183908744302,27.50002975
1789944682.56,2.22998833656,,0,7.99459409576,-0.00102616598267,0.00168561938916,-0.000522624488808,27.8748545875,1.53722806071,1.20720565982,0.327824395731,-0.186150424979,27.8748545875,1.19500139995,0.149793633818,0.0412322755414,-0.0232904180793,27.8748545875,0.148826349011,0.11860036226,0.0325031656377,-0.0183908744302,27.8748545875
1789944682.59,2.25999689102,,0,7.99456405857,-0.000975818222215,0.00166993616044,-0.000522624488808,28.249962075,1.57360137843,1.21695939493,0.322238282274,-0.186150424979,28.249962075,1.1995149573,0.151020469944,0.0405333627247,-0.0232904180793,28.249962075,0.152399931703,0.119567456085,0.0319512812617,-0.0183908744302,28.249962075
1789944682.63,2.30000138283,,0,7.9945263523,-0.000909431776314,0.00164902893099,-0.000522624488808,28.7500158875,1.62254085311,1.22970136106,0.314791463898,-0.186150424979,28.7500158875,1.2055886114,0.152623342604,0.0396016457363,-0.0232904180793,28.7500158875,0.157208514979,0.12083092902,0.0312155671118,-0.0183908744302,28.7500158875
1789944682.66,2.33002948761,,0,7.99449978481,-0.000860150052003,0.00163333546563,-0.000522624488808,29.1253682125,1.65960763673,1.23907005252,0.309201704312,-0.186150424979,29.1253682125,1.21018936266,0.153802007796,0.0389022767302,-0.0232904180793,29.1253682125,0.160850839011,0.121759984423,0.0306633225137,-0.0183908744302,29.1253682125
1789944682.69,2.35997748375,,0,7.99447475522,-0.000811469425414,0.00161768395187,-0.000522624488808,29.49971715,1.69685302607,1.24824652181,0.303626887208,-0.186150424979,29.49971715,1.21481275315,0.154956605546,0.0382047772693,-0.0232904180793,29.49971715,0.16451096497,0.122670039818,0.0301125541695,-0.0183908744302,29.49971715
1789944682.73,2.40000939369,,0,7.99444356114,-0.000747129122964,0.00159676226558,-0.000522624488808,30.0001167375,1.74706408917,1.26025214487,0.296174919538,-0.186150424979,30.0001167375,1.22104633453,0.156467355801,0.0372724160213,-0.0232904180793,30.0001167375,0.169445619879,0.123860768367,0.0293763312912,-0.0183908744302,30.0001167375
1789944682.76,2.4300134182,,0,7.99442186053,-0.00069945482551,0.00158108134582,-0.000522624488808,30.375169,1.78500940047,1.26905483972,0.290589628494,-0.186150424979,30.375169,1.22575768181,0.157575200508,0.0365736061017,-0.0232904180793,30.375169,0.173175101032,0.124733902928,0.028824528166,-0.0183908744302,30.375169
1789944682.79,2.45999789238,,0,7.99440159626,-0.000652282138345,0.00156541081479,-0.000522624488808,30.7499727875,1.82319091747,1.27768428714,0.285008037748,-0.186150424979,30.7499727875,1.23049880063,0.158661364872,0.035875259149,-0.0232904180793,30.7499727875,0.17692803501,0.125589919079,0.0282730906147,-0.0183908744302,30.7499727875
1789944682.83,2.49999475479,,0,7.99437675348,-0.00059008838944,0.00154450738639,-0.000522624488808,31.2499356875,1.87452048422,1.2889348645,0.277562573243,-0.186150424979,31.2499356875,1.23687323189,0.160077639191,0.0349437115518,-0.0232904180793,31.2499356875,0.181973678013,0.126706048273,0.0275375102216,-0.0183908744302,31.2499356875
1789944682.86,2.53000640869,,0,7.99435973717,-0.000543970547223,0.00152882256629,-0.000522624488808,31.6250812375,1.9133277,1.29718114091,0.271975892958,-0.186150424979,31.6250812375,1.24169305696,0.161115868596,0.0342447278158,-0.0232904180793,31.6250812375,0.185788653472,0.127524211907,0.0269855698453,-0.0183908744302,31.6250812375
1789944682.89,2.56001996994,,0,7.99434409693,-0.00049832059511,0.00151313676626,-0.000522624488808,32.000250225,1.95238233149,1.30526025134,0.266388863641,-0.186150424979,32.000250225,1.24654403021,0.162133183249,0.0335457004102,-0.0232904180793,32.000250225,0.189628175412,0.128325860467,0.0264335949862,-0.0183908744302,32.000250225
1789944682.93,2.60000061989,,0,7.99432537751,-0.000438242054067,0.00149224188381,-0.000522624488808,32.500008725,2.00477844646,1.31576188273,0.258946443068,-0.186150424979,32.500008725,1.2530527877,0.163455748823,0.0326145336579,-0.0232904180793,32.500008725,0.194779661142,0.129367995079,0.0256983153207,-0.0183908744302,32.500008725
1789944682.96,2.63001513481,,0,7.99431289375,-0.000393688760414,0.00147655563904,-0.000522624488808,32.87518835,2.04438600912,1.32345014912,0.253359255337,-0.186150424979,32.87518835,1.25797339467,0.164424162772,0.0319154864322,-0.0232904180793,32.87518835,0.198674052458,0.130131029999,0.0251463248109,-0.0183908744302,32.87518835
1789944682.99,2.66003894806,,0,7.99430173679,-0.000349592212828,0.00146086436191,-0.000522624488808,33.2504883375,2.08423462953,1.33097310539,0.247770275164,-0.186150424979,33.2504883375,1.26292434547,0.165371895842,0.0312162149431,-0.0232904180793,33.2504883375,0.202592357373,0.130877734091,0.0245941572154,-0.0183908744302,33.2504883375
1789944683.03,2.70001792908,,0,7.99428892236,-0.000291606067924,0.00143997039039,-0.000522624488808,33.75022505,2.13764154452,1.34072993406,0.240328179051,-0.186150424979,33.75022505,1.26956043671,0.166601274215,0.030285088786,-0.0232904180793,33.75022505,0.207844168809,0.131846285144,0.0238589096052,-0.0183908744302,33.75022505
1789944683.06,2.73001980782,,0,7.99428081939,-0.000248639721634,0.00142429076936,-0.000522624488808,34.12524625,2.17797303851,1.34785640987,0.234743350591,-0.186150424979,34.12524625,1.2745722825,0.167499396369,0.0295863367431,-0.0232904180793,34.12524625,0.211810435925,0.132553816067,0.0233071521814,-0.0183908744302,34.12524625
1789944683.09,2.76002144814,,0,7.99427399844,-0.000206143876493,0.0014086111802,-0.000522624488808,34.5002666875,2.21851574276,1.35481531737,0.229158533485,-0.186150424979,34.5002666875,1.27961074873,0.168376553015,0.0288875861209,-0.0232904180793,34.5002666875,0.215797673722,0.133244791944,0.0227553958794,-0.0183908744302,34.5002666875
1789944683.13,2.80000376701,,0,7.99426687664,-0.000150241891527,0.00138771537585,-0.000522624488808,35.0000472375,2.27286575326,1.36382884595,0.221715784543,-0.186150424979,35.0000472375,1.28636569652,0.169512933326,0.0279563782843,-0.0232904180793,35.0000472375,0.221143118584,0.134139908498,0.0220200837724,-0.0183908744302,35.0000472375
1789944683.16,2.82998919487,,0,7.99426299309,-0.000108865649922,0.00137204427411,-0.000522624488808,35.374864675,2.31385953845,1.37039339518,0.216133990521,-0.186150424979,35.374864675,1.29146107225,0.170340745886,0.0272580058984,-0.0232904180793,35.374864675,0.225175173479,0.13479192157,0.0214686261382,-0.0183908744302,35.374864675
1789944683.19,2.85999107361,,0,7.99426034206,-6.7936795414e-05,0.00135636449629,-0.000522624488808,35.749889625,2.355070511,1.37679406746,0.210549106215,-0.186150424979,35.749889625,1.29658379753,0.171148058387,0.0265592468684,-0.0232904180793,35.749889625,0.229228779563,0.135427746211,0.0209168631971,-0.0183908744302,35.749889625
1789944683.23,2.89999318123,,0,7.99425870407,-1.40976696091e-05,0.00133545848142,-0.000522624488808,36.2499143875,2.4103114712,1.38506751372,0.203102720452,-0.186150424979,36.2499143875,1.30345105995,0.172191846696,0.0256275840069,-0.0232904180793,36.2499143875,0.234662696643,0.136249748019,0.0201811917876,-0.0183908744302,36.2499143875
1789944683.26,2.93000626564,,0,7.99425888009,2.57482021217e-05,0.00131977289672,-0.000522624488808,36.625078225,2.45197228802,1.39107941649,0.197515767829,-0.186150424979,36.625078225,1.30863050981,0.172950520269,0.024928566197,-0.0232904180793,36.625078225,0.238760981515,0.136847165161,0.0196292245055,-0.0183908744302,36.625078225
1789944683.29,2.95999121666,,0,7.9942602431,6.50866517484e-05,0.00130410199933,-0.000522624488808,36.999890775,2.49377176672,1.39691824362,0.191934046591,-0.186150424979,36.999890775,1.31382753385,0.173687533213,0.0242302029177,-0.0232904180793,36.999890775,0.242873085997,0.137427479914,0.0190777740621,-0.0183908744302,36.999890775
1789944683.33,2.99999046326,,0,7.99426388419,0.000116831638936,0.00128319742429,-0.000522624488808,37.4998811,2.54979897106,1.40444654235,0.184488173672,-0.186150424979,37.4998811,1.32079403574,0.174638090962,0.0232986042213,-0.0232904180793,37.4998811,0.248385144296,0.13817586398,0.0183421533195,-0.0183908744302,37.4998811
1789944683.36,3.03003931046,,0,7.99426797179,0.000155154240004,0.00126749318346,-0.000522624488808,37.87549115,2.59208335818,1.40990615086,0.178894576038,-0.186150424979,37.87549115,1.3260521147,0.175327671338,0.0225987550134,-0.0232904180793,37.87549115,0.252545361432,0.138718720908,0.0177895295383,-0.0183908744302,37.87549115
1789944683.39,3.06000137329,,0,7.99427318712,0.000192896374042,0.00125183427142,-0.000522624488808,38.2500170375,2.634406531,1.41518264684,0.173317123788,-0.186150424979,38.2500170375,1.33131533417,0.175994322637,0.0219009258533,-0.0232904180793,38.2500170375,0.256709564211,0.139243477075,0.0172385008529,-0.0183908744302,38.2500170375
1789944683.43,3.09999132156,,0,7.99428189645,0.000242539370455,0.00123093450348,-0.000522624488808,38.7498923875,2.69113632513,1.42196475737,0.165872963081,-0.186150424979,38.7498923875,1.33837061582,0.176851518229,0.0209695413822,-0.0232904180793,38.7498923875,0.262291502661,0.139918139842,0.0165030492695,-0.0183908744302,38.7498923875
1789944683.46,3.13000655174,,0,7.99428972843,0.000279250636819,0.00121524785053,-0.000522624488808,39.125081775,2.73389069133,1.42685960708,0.160285629966,-0.186150424979,39.125081775,1.3436881817,0.177470430903,0.0202704759667,-0.0232904180793,39.125081775,0.266498517746,0.140405197103,0.0159510443964,-0.0183908744302,39.125081775
1789944683.49,3.15999674797,,0,7.99429864734,0.000315461032349,0.00119957428253,-0.000522624488808,39.4999582,2.77675361777,1.43158287891,0.1547029575,-0.186150424979,39.4999582,1.34901955116,0.178067871007,0.0195719936734,-0.0232904180793,39.4999582,0.270716376177,0.140875300303,0.0153994999757,-0.0183908744302,39.4999582
1789944683.53,3.1999938488,,0,7.99431221887,0.000363022653287,0.00117867074438,-0.000522624488808,39.999923725,2.83413474472,1.43762167073,0.147257453904,-0.186150424979,39.999923725,1.35615718194,0.178832067009,0.0186404411852,-0.0232904180793,39.999923725,0.276363121427,0.141476527159,0.0146639157205,-0.0183908744302,39.999923725
1789944683.56,3.2299952507,,0,7.9943236381,0.000398149077413,0.00116299134337,-0.000522624488808,40.3749396625,2.87733066152,1.44195580729,0.141672703813,-0.186150424979,40.3749396625,1.36153065605,0.179380822432,0.0179416989475,-0.0232904180793,40.3749396625,0.280614114178,0.141908186731,0.0141121660393,-0.0183908744302,40.3749396625
1789944683.59,3.26000022888,,0,7.99433610576,0.000432809444384,0.00114730996318,-0.000522624488808,40.7500029375,2.92065957105,1.44612290959,0.13608724877,-0.186150424979,40.7500029375,1.36692096038,0.179908679996,0.017242868509,-0.0232904180793,40.7500029375,0.284878347936,0.142323344461,0.0135603467118,-0.0183908744302,40.7500029375
1789944683.63,3.30002975464,,0,7.99435434451,0.000478316951764,0.00112638957561,-0.000522624488808,41.2503714625,2.97865416237,1.45142127172,0.128635743684,-0.186150424979,41.2503714625,1.37413617731,0.18058024328,0.0163105651377,-0.0232904180793,41.2503714625,0.290586145363,0.14285142372,0.0128241695348,-0.0183908744302,41.2503714625
1789944683.66,3.33000874519,,0,7.99436918776,0.000511850058551,0.00111072185107,-0.000522624488808,41.625108125,3.02222319233,1.45519398398,0.123055152565,-0.186150424979,41.625108125,1.37955700518,0.181058750646,0.0156123432546,-0.0232904180793,41.625108125,0.294874358813,0.143227614365,0.0122728307424,-0.0183908744302,41.625108125
1789944683.69,3.35999941826,,0,7.99438503576,0.000544926530918,0.00109504789006,-0.000522624488808,41.99999395,3.0659202243,1.45880079788,0.117472340114,-0.186150424979,41.99999395,1.38499403048,0.181516504033,0.0149138434469,-0.0232904180793,41.99999395,0.299175315731,0.143587416332,0.0117212724918,-0.0183908744302,41.99999395
1789944683.73,3.39999651909,,0,7.99440770153,0.000588307147055,0.00107414446741,-0.000522624488808,42.4999567125,3.12435988916,1.46335044337,0.110026877657,-0.186150424979,42.4999567125,1.39226583082,0.182094383784,0.0139822961059,-0.0232904180793,42.4999567125,0.304927564133,0.144041521806,0.010985692301,-0.0183908744302,42.4999567125
1789944683.76,3.42999410629,,0,7.99442583027,0.000620293757622,0.00105846698809,-0.000522624488808,42.8749266875,3.16830555419,1.46656723114,0.104442812041,-0.186150424979,42.8749266875,1.39773441119,0.182503340071,0.0132836395071,-0.0232904180793,42.8749266875,0.30925332383,0.144362791619,0.010434010243,-0.0183908744302,42.8749266875
1789944683.79,3.46000528336,,0,7.99444492038,0.00065182432175,0.00104278237181,-0.000522624488808,43.2500673625,3.21236527178,1.46961786035,0.0988562043547,-0.186150424979,43.2500673625,1.40321744248,0.182891510198,0.0125846648543,-0.0232904180793,43.2500673625,0.313590448214,0.144667647247,0.00988207703916,-0.0183908744302,43.2500673625
1789944683.83,3.49999451637,,0,7.99447181451,0.000693106466419,0.00102188304392,-0.000522624488808,43.7499321875,3.27121115196,1.47342219966,0.0914122003862,-0.186150424979,43.7499321875,1.41054093916,0.18337613844,0.0116532999937,-0.0232904180793,43.7499321875,0.319383295045,0.145048118719,0.00914664094087,-0.0183908744302,43.7499321875
1789944683.86,3.5299885273,,0,7.99449306074,0.000723521579494,0.0010062075281,-0.000522624488808,44.1248552,3.31544502459,1.47608026937,0.0858288341373,-0.186150424979,44.1248552,1.41604623099,0.183715189282,0.010954730897,-0.0232904180793,44.1248552,0.323737876846,0.145314189117,0.00859502797736,-0.0183908744302,44.1248552
1789944683.89,3.55998325348,,0,7.99451521298,0.00075346756568,0.000990531462476,-0.000522624488808,44.4997913625,3.3597576669,1.47857095689,0.0802452720582,-0.186150424979,44.4997913625,1.42156157163,0.184033298143,0.0102561372988,-0.0232904180793,44.4997913625,0.328100344129,0.145563722985,0.00804339566665,-0.0183908744302,44.4997913625
1789944683.93,3.59997868538,,0,7.99454613492,0.000792666301146,0.000969628867136,-0.000522624488808,44.9997343375,3.41895595659,1.48163151532,0.0728001042772,-0.186150424979,44.9997343375,1.42893001869,0.184424868762,0.00932462682654,-0.0232904180793,44.9997343375,0.333928466133,0.145870712774,0.00730784458861,-0.0183908744302,44.9997343375
1789944683.96,3.63000559807,,0,7.99457037104,0.000821545707308,0.000953936040948,-0.000522624488808,45.375071375,3.4634768303,1.48373356302,0.067210572354,-0.186150424979,45.375071375,1.43447183594,0.18469435945,0.00862528630462,-0.0232904180793,45.375071375,0.33831173209,0.146081854377,0.00675562248256,-0.0183908744302,45.375071375
1789944683.99,3.65997719765,,0,7.99459542011,0.000849901875415,0.000938272196378,-0.000522624488808,45.7497152375,3.50797591618,1.48566435664,0.0616313632163,-0.186150424979,45.7497152375,1.4400111741,0.184942411506,0.00792723732954,-0.0232904180793,45.7497152375,0.342692977439,0.146276070395,0.00620442022406,-0.0183908744302,45.7497152375
1789944684.03,3.70001459122,,0,7.99463019433,0.000887048896708,0.000917347714048,-0.000522624488808,46.2501817,3.56750533695,1.48798271273,0.0541783996418,-0.186150424979,46.2501817,1.44742187656,0.185241129704,0.00699475147783,-0.0232904180793,46.2501817,0.348554254921,0.14650973857,0.00546809895459,-0.0183908744302,46.2501817
1789944684.06,3.7299926281,,0,7.99465719633,0.00091431450052,0.000901680366848,-0.000522624488808,46.6249093375,3.6121359057,1.48952323817,0.048597942924,-0.186150424979,46.6249093375,1.45297811272,0.18544035437,0.00629654641037,-0.0232904180793,46.6249093375,0.352948729271,0.146665398518,0.00491677344045,-0.0183908744302,46.6249093375
1789944684.09,3.76001024246,,0,7.9946850456,0.00094114519647,0.000885992509251,-0.000522624488808,47.0001275375,3.65686865935,1.49089815959,0.0430101807328,-0.186150424979,47.0001275375,1.45854729215,0.185618867787,0.00559742731045,-0.0232904180793,47.0001275375,0.357353383637,0.146804702022,0.00436472617644,-0.0183908744302,47.0001275375
1789944684.13,3.80000472069,,0,7.99472338928,0.000976162061752,0.000865090390545,-0.000522624488808,47.5000591125,3.7165288385,1.49246945179,0.0355651827211,-0.186150424979,47.5000591125,1.46597525917,0.185824107004,0.00466593807903,-0.0232904180793,47.5000591125,0.363228062846,0.146964558503,0.00362919187088,-0.0183908744302,47.5000591125
1789944684.16,3.83003664017,,0,7.99475309295,0.00100190660517,0.000849395035377,-0.000522624488808,47.8754566375,3.7613655835,1.49345359293,0.0299747500159,-0.186150424979,47.8754566375,1.47155789094,0.185953730612,0.00396648485477,-0.0232904180793,47.8754566375,0.367643226946,0.147065256226,0.00307688077139,-0.0183908744302,47.8754566375
1789944684.19,3.86000156403,,0,7.99478349401,0.00102712404147,0.000833734626018,-0.000522624488808,48.2500183375,3.80612944722,1.49426821241,0.024396764445,-0.186150424979,48.2500183375,1.47713165889,0.186062129874,0.00326858896761,-0.0232904180793,48.2500183375,0.372051326829,0.147149198202,0.0025257993961,-0.0183908744302,48.2500183375
1789944684.23,3.90000391006,,0,7.99482524285,0.00106005722162,0.000812828428228,-0.000522624488808,48.750047475,3.86592119259,1.49509520216,0.0169503135292,-0.186150424979,48.750047475,1.4845769445,0.186174246546,0.00233691795447,-0.0232904180793,48.750047475,0.377939462434,0.147235521652,0.00179012154977,-0.0183908744302,48.750047475
1789944684.26,3.92999577522,,0,7.99485739927,0.00108420048195,0.000797153897032,-0.000522624488808,49.1249469375,3.91076881015,1.49551985245,0.0113672979877,-0.186150424979,49.1249469375,1.49016162082,0.186233860219,0.00163839273693,-0.0232904180793,49.1249469375,0.382356066298,0.147280939444,0.00123854323466,-0.0183908744302,49.1249469375
1789944684.29,3.95998978615,,0,7.99489027494,0.00110787518288,0.00078147832895,-0.000522624488808,49.4998712,3.95562962042,1.49577706866,0.00578391312379,-0.186150424979,49.4998712,1.49574814047,0.186272525619,0.00093982131119,-0.0232904180793,49.4998712,0.386774076517,0.147309815685,0.000686928432068,-0.0183908744302,49.4998712
1789944684.33,3.99998927116,,0,7.99493520898,0.00113871583236,0.000760573613323,-0.000522624488808,49.9998648875,4.01546258928,1.49585950568,-0.0016620098694,-0.186150424979,49.9998648875,1.50319945084,0.186291486133,8.21634967745e-06,-0.0232904180793,49.9998648875,0.39266674812,0.147322580148,-4.86972577474e-05,-0.0183908744302,49.9998648875
1789944684.36,4.02998781204,,0,7.9949697088,0.00116129686158,0.000744895578976,-0.000522624488808,50.3748481375,4.0603347846,1.49572588741,-0.0072462731772,-0.186150424979,50.3748481375,1.5087878447,0.186281252861,-0.000690464983543,-0.0232904180793,50.3748481375,0.397086123452,0.147312844141,-0.000600398846881,-0.0183908744302,50.3748481375
1789944684.39,4.05999565125,,0,7.99500488972,0.00118341418986,0.000729212800766,-0.000522624488808,50.74994485,4.10521403282,1.49542463224,-0.0128322261724,-0.186150424979,50.74994485,1.51437730779,0.186250047474,-0.00138935772389,-0.0232904180793,50.74994485,0.401506295394,0.147286547368,-0.00115226736998,-0.0183908744302,50.74994485
1789944684.43,4.09999608994,,0,7.99505280494,0.00121216510378,0.000708307451195,-0.000522624488808,51.2499537,4.16501982502,1.4947624085,-0.0202783749661,-0.186150424979,51.2499537,1.52182608158,0.186175839188,-0.00232099093668,-0.0232904180793,51.2499537,0.407396743541,0.147225742637,-0.00188791536793,-0.0183908744302,51.2499537
1789944684.46,4.13001537323,,0,7.99508950982,0.0012331923671,0.000692618740675,-0.000522624488808,51.6251923,4.20988125314,1.49406979585,-0.0258664409548,-0.186150424979,51.6251923,1.5274137597,0.186095671127,-0.00302014804656,-0.0232904180793,51.6251923,0.411815392505,0.147160782711,-0.00243999264584,-0.0183908744302,51.6251923
1789944684.49,4.15999317169,,0,7.99512678693,0.00125372063887,0.000676951670989,-0.000522624488808,51.9999133,4.25465754098,1.49321073687,-0.0314467988266,-0.186150424979,51.9999133,1.53299101456,0.185994668997,-0.00371834074681,-0.0232904180793,51.9999133,0.41622575242,0.147079373808,-0.00299130839443,-0.0183908744302,51.9999133
1789944684.53,4.19999551773,,0,7.99517747506,0.00128038230593,0.000656045337317,-0.000522624488808,52.4999456875,4.31436269268,1.49180384381,-0.0388932981415,-0.186150424979,52.4999456875,1.54042805969,0.185827290984,-0.00465001781545,-0.0232904180793,52.4999456875,0.422106718891,0.146944999117,-0.00372699102239,-0.0183908744302,52.4999456875
1789944684.56,4.23000383377,,0,7.99521618977,0.00129983359386,0.000640362433154,-0.000522624488808,52.8750454125,4.35911035996,1.49055292232,-0.044479295999,-0.186150424979,52.8750454125,1.54600216244,0.185677267089,-0.00534891616879,-0.0232904180793,52.8750454125,0.426514480328,0.146824879356,-0.00427886397769,-0.0183908744302,52.8750454125
1789944684.59,4.25999403,,0,7.99525545798,0.00131880331633,0.00062468869269,-0.000522624488808,53.2499259625,4.4037918641,1.48913525415,-0.0500620298949,-0.186150424979,53.2499259625,1.55156819594,0.185506376706,-0.00604740614793,-0.0232904180793,53.2499259625,0.430915816708,0.146688283704,-0.0048304144674,-0.0183908744302,53.2499259625
1789944684.63,4.30000686646,,0,7.99530872134,0.00134338042642,0.000603777081033,-0.000522624488808,53.7500845875,4.46333410885,1.48698312283,-0.057510409143,-0.186150424979,53.7500845875,1.55898571542,0.18524575956,-0.00697931842651,-0.0232904180793,53.7500845875,0.436781146391,0.146480283791,-0.00556628282481,-0.0183908744302,53.7500845875
1789944684.66,4.33000135422,,0,7.99534928444,0.00136125524801,0.000588101287699,-0.000522624488808,54.1250142375,4.50790852662,1.48517439796,-0.0630938742377,-0.186150424979,54.1250142375,1.56453880138,0.18502594253,-0.00767789989042,-0.0232904180793,54.1250142375,0.441172143914,0.146305053844,-0.00611790555387,-0.0183908744302,54.1250142375
1789944684.69,4.35998487473,,0,7.99539036178,0.00137865371839,0.000572431123554,-0.000522624488808,54.49980925,4.55241020567,1.48319894027,-0.0686753343063,-0.186150424979,54.49980925,1.5700829895,0.18478526221,-0.00837623049324,-0.0232904180793,54.49980925,0.445556063601,0.146113350157,-0.00666933019483,-0.0183908744302,54.49980925
1789944684.73,4.39999914169,,0,7.99544598067,0.00140114087957,0.000551518548177,-0.000522624488808,54.999990925,4.61170275212,1.48030190019,-0.0761240568157,-0.186150424979,54.999990925,1.5774701311,0.184431445373,-0.00930818571935,-0.0232904180793,54.999990925,0.451397185493,0.145831756624,-0.007405232465,-0.0183908744302,54.999990925
1789944684.76,4.42999696732,,0,7.99548825733,0.00141744997326,0.000535841063631,-0.000522624488808,55.374961025,4.6560731804,1.47793460624,-0.0817081242933,-0.186150424979,55.374961025,1.58299834051,0.18414174305,-0.010006842551,-0.0232904180793,55.374961025,0.4557683748,0.14560134279,-0.00795691470693,-0.0183908744302,55.374961025
1789944684.79,4.4599905014,,0,7.99553101072,0.00143328679966,0.000520165568716,-0.000522624488808,55.7498835375,4.70036446626,1.47540013594,-0.0872914830962,-0.186150424979,55.7498835375,1.58851684534,0.183831123449,-0.0107054107161,-0.0232904180793,55.7498835375,0.460131850661,0.1453544122,-0.00850852693481,-0.0183908744302,55.7498835375
1789944684.83,4.49998617172,,0,7.99558874628,0.0014536731001,0.000499262915887,-0.000522624488808,56.2498278875,4.75930210063,1.47175997805,-0.0947366713536,-0.186150424979,56.2498278875,1.59586046109,0.183384326493,-0.0116369237504,-0.0232904180793,56.2498278875,0.465938378621,0.144999399578,-0.00924408003584,-0.0183908744302,56.2498278875
1789944684.86,4.52999210358,,0,7.99563258715,0.00146841855959,0.000483581205922,-0.000522624488808,56.62489905,4.80341979286,1.46883353909,-0.100322243857,-0.186150424979,56.62489905,1.60135769143,0.183024667866,-0.0123357688851,-0.0232904180793,56.62489905,0.470284941869,0.144713745515,-0.009795910968,-0.0183908744302,56.62489905
1789944684.89,4.55998754501,,0,7.99567684835,0.00148268872509,0.000467904805299,-0.000522624488808,56.999843225,4.84743227035,1.46574057706,-0.105905925259,-0.186150424979,56.999843225,1.60684195987,0.182644172323,-0.0130343774125,-0.0232904180793,56.999843225,0.474621218373,0.144411638505,-0.0103475550673,-0.0183908744302,56.999843225
1789944684.93,4.59998512268,,0,7.99573652142,0.00150098585756,0.000447000948344,-0.000522624488808,57.499816375,4.9059720441,1.46135566319,-0.113351542407,-0.186150424979,57.499816375,1.61413665967,0.182104194891,-0.0139659441078,-0.0232904180793,57.499816375,0.480388900424,0.143983047409,-0.0110831505409,-0.0183908744302,57.499816375
1789944684.96,4.62999296188,,0,7.99578176159,0.00151416406368,0.000431318144003,-0.000522624488808,57.8749137125,4.94977222056,1.45787042306,-0.11893750471,-0.186150424979,57.8749137125,1.61959481074,0.181674621685,-0.0146648380127,-0.0232904180793,57.8749137125,0.484704440212,0.143642186398,-0.0116350199835,-0.0183908744302,57.8749137125
1789944684.99,4.65998315811,,0,7.99582736315,0.00152686431794,0.000415644576004,-0.000522624488808,58.2497901375,4.99343959729,1.45421976124,-0.124520177176,-0.186150424979,58.2497901375,1.62503655382,0.181224347739,-0.015363320306,-0.0232904180793,58.2497901375,0.489006970771,0.143284980383,-0.0121865644042,-0.0183908744302,58.2497901375
1789944685.03,4.6999912262,,0,7.99588877729,0.00154307523074,0.000394735320861,-0.000522624488808,58.7498924,5.05151864099,1.4490889542,-0.131967717072,-0.186150424979,58.7498924,1.63227446606,0.180591049283,-0.0162951275681,-0.0232904180793,58.7498924,0.494729592671,0.14278269939,-0.0129223498372,-0.0183908744302,58.7498924
1789944685.06,4.72998714447,,0,7.99593523843,0.00155468054914,0.000379058737319,-0.000522624488808,59.12484095,5.09492513866,1.44504672116,-0.137551463626,-0.186150424979,59.12484095,1.63768401866,0.180091784714,-0.0169937442471,-0.0232904180793,59.12484095,0.499006589773,0.14238680846,-0.0134740003732,-0.0183908744302,59.12484095
1789944685.09,4.75997638702,,0,7.99598203035,0.00156581325004,0.000363385583239,-0.000522624488808,59.499707475,5.1381984192,1.44083793795,-0.143133988661,-0.186150424979,59.499707475,1.64307710275,0.179571680617,-0.0176922080944,-0.0232904180793,59.499707475,0.503270531965,0.141974462321,-0.0140255302284,-0.0183908744302,59.499707475
1789944685.13,4.79999351501,,0,7.99604497438,0.00157993628902,0.000342471882129,-0.000522624488808,59.999916075,5.19573939057,1.43496114516,-0.150583112139,-0.186150424979,59.999916075,1.65024855234,0.178845049161,-0.0186242134881,-0.0232904180793,59.999916075,0.508940453524,0.141398482076,-0.0147614721125,-0.0183908744302,59.999916075
1789944685.16,4.82998609543,,0,7.99609251257,0.0015899728684,0.000326796979348,-0.000522624488808,60.374824425,5.23870913745,1.43036102912,-0.156166260033,-0.186150424979,60.374824425,1.655604111,0.178275983744,-0.0193227552651,-0.0232904180793,60.374824425,0.513174649139,0.140947474295,-0.0153130635035,-0.0183908744302,60.374824425
1789944685.19,4.85998058319,,0,7.9961403482,0.0015995399889,0.000311120945607,-0.000522624488808,60.749759825,5.28154148836,1.42559310955,-0.161749810757,-0.186150424979,60.749759825,1.66094267218,0.177685923868,-0.0200213474426,-0.0232904180793,60.749759825,0.51739537373,0.140479888485,-0.0158646946924,-0.0183908744302,60.749759825
1789944685.23,4.90000295639,,0,7.99620460893,0.00161157317502,0.000290204354384,-0.000522624488808,61.25003755,5.33846535402,1.41897043754,-0.169199963646,-0.186150424979,61.25003755,1.66803777324,0.176865972097,-0.0209534816323,-0.0232904180793,61.25003755,0.523004788096,0.139830219167,-0.016600738278,-0.0183908744302,61.25003755
1789944685.26,4.92998218536,,0,7.99625305083,0.00162003844266,0.000274536436478,-0.000522624488808,61.6247788375,5.38092822781,1.41381428842,-0.17478062364,-0.186150424979,61.6247788375,1.67333057116,0.176227335091,-0.0216517121329,-0.0232904180793,61.6247788375,0.527189257989,0.139324276126,-0.017152083875,-0.0183908744302,61.6247788375
1789944685.29,4.96000242233,,0,7.99630180626,0.00162804461462,0.000258847082085,-0.000522624488808,62.0000328375,5.42329178793,1.40848343696,-0.180368918966,-0.186150424979,62.0000328375,1.67861111066,0.175566848873,-0.0223508979365,-0.0232904180793,62.0000328375,0.531364005518,0.138801077971,-0.0177041838105,-0.0183908744302,62.0000328375
1789944685.33,4.9999961853,,0,7.99636711864,0.00163797881456,0.000237945581121,-0.000522624488808,62.4999496375,5.47947551881,1.40112100995,-0.187813696948,-0.186150424979,62.4999496375,1.68561449296,0.174654335589,-0.0232823596387,-0.0232904180793,62.4999496375,0.536900770072,0.138078320654,-0.018439696378,-0.0183908744302,62.4999496375
1789944685.36,5.02999305725,,0,7.99641635775,0.00164488132883,0.000222268426873,-0.000522624488808,62.8749118375,5.52141957557,1.39540341619,-0.193397646779,-0.186150424979,62.8749118375,1.69084301515,0.173945456631,-0.0239810017509,-0.0232904180793,62.8749118375,0.541034323218,0.137516911299,-0.0189913669969,-0.0183908744302,62.8749118375
1789944685.39,5.0600399971,,0,7.99646587981,0.00165132395128,0.00020656502381,-0.000522624488808,63.25050185,5.56325939784,1.38950832673,-0.198990946014,-0.186150424979,63.25050185,1.69605865851,0.173214380957,-0.0246808136243,-0.0232904180793,63.25050185,0.545157665314,0.136937971922,-0.0195439612975,-0.0183908744302,63.25050185
1789944685.43,5.0999879837,,0,7.99653200561,0.00165915873578,0.000185687394765,-0.000522624488808,63.7498476875,5.61860625947,1.38141057176,-0.206427221203,-0.186150424979,63.7498476875,1.70295822844,0.172209856421,-0.02561121149,-0.0232904180793,63.7498476875,0.550612228131,0.136142562037,-0.0202786338251,-0.0183908744302,63.7498476875
1789944685.46,5.12998390198,,0,7.99658185535,0.00166449353991,0.00017001061733,-0.000522624488808,64.124800875,5.65994969682,1.37513478142,-0.212011036819,-0.186150424979,64.124800875,1.70811225228,0.171431137918,-0.0263098368097,-0.0232904180793,64.124800875,0.554686789304,0.135526005139,-0.0208302911842,-0.0183908744302,64.124800875
1789944685.49,5.16003370285,,0,7.99663194689,0.00166936631095,0.000154306030523,-0.000522624488808,64.5004192,5.701175201,1.36867991881,-0.217604757686,-0.186150424979,64.5004192,1.7132516826,0.170630026093,-0.0270097014359,-0.0232904180793,64.5004192,0.55874978565,0.134891762804,-0.0213829271401,-0.0183908744302,64.5004192
1789944685.53,5.19997835159,,0,7.99669874674,0.00167511307217,0.000133429962034,-0.000522624488808,64.9997277125,5.75567110374,1.35983925746,-0.225040477029,-0.186150424979,64.9997277125,1.72004564912,0.169532551351,-0.0279400297565,-0.0232904180793,64.9997277125,0.564120739669,0.134022956568,-0.0221175447525,-0.0183908744302,64.9997277125
1789944685.56,5.22997713089,,0,7.99674905563,0.00167888063576,0.000117751912008,-0.000522624488808,65.3747113375,5.79636240314,1.35300457758,-0.230624745922,-0.186150424979,65.3747113375,1.72511872686,0.168683907287,-0.0286387117884,-0.0232904180793,65.3747113375,0.568131218022,0.133351184028,-0.0226692468934,-0.0183908744302,65.3747113375
1789944685.59,5.25998783112,,0,7.99679949077,0.00168217910956,0.000102067558086,-0.000522624488808,65.7498457375,5.83686239385,1.34599952778,-0.23621126016,-0.186150424979,65.7498457375,1.73016805619,0.167813949808,-0.0293376747494,-0.0232904180793,65.7498457375,0.572122896012,0.132662581055,-0.0232211708649,-0.0183908744302,65.7498457375
1789944685.63,5.29998731613,,0,7.99686685338,0.00168584368194,8.11627739948e-05,-0.000522624488808,66.2498410625,5.89051092054,1.33640224816,-0.243657207539,-0.186150424979,66.2498410625,1.7368568333,0.166621821804,-0.0302692827619,-0.0232904180793,66.2498410625,0.577410576885,0.131719030481,-0.023956798964,-0.0183908744302,66.2498410625
1789944685.66,5.33002233505,,0,7.99691752225,0.00168804568741,6.54656544463e-05,-0.000522624488808,66.6252807875,5.93053925628,1.3289999963,-0.249248268688,-0.186150424979,66.6252807875,1.74184759106,0.165702173226,-0.0309688146146,-0.0232904180793,66.6252807875,0.581355892504,0.130991188446,-0.024509172151,-0.0183908744302,66.6252807875
1789944685.69,5.36003065109,,0,7.99696820451,0.00168977488212,4.97826567341e-05,-0.000522624488808,67.00038275,5.97030703574,1.32143670187,-0.254834299867,-0.186150424979,67.00038275,1.74680595945,0.164762369787,-0.031667717137,-0.0232904180793,67.00038275,0.585275578701,0.130247432966,-0.0250610483983,-0.0183908744302,67.00038275
1789944685.73,5.39998149872,,0,7.99703574651,0.00169134666689,2.89033991912e-05,-0.000522624488808,67.4997675375,6.02289412232,1.31110731796,-0.2622711551,-0.186150424979,67.4997675375,1.75336282575,0.16347863318,-0.0325981875756,-0.0232904180793,67.4997675375,0.590458870653,0.129231547943,-0.0257957782319,-0.0183908744302,67.4997675375
1789944685.76,5.43000125885,,0,7.99708653151,0.00169197885303,1.32141806797e-05,-0.000522624488808,67.8750182875,6.0621346234,1.3031500424,-0.267859402027,-0.186150424979,67.8750182875,1.7582556703,0.162489538924,-0.0332973673238,-0.0232904180793,67.8750182875,0.594326702922,0.128448870168,-0.0263478733857,-0.0183908744302,67.8750182875
1789944685.79,5.45998477936,,0,7.99713726594,0.00169214013891,-2.45574305827e-06,-0.000522624488808,68.24980755,6.10108591731,1.29503510261,-0.273440776467,-0.186150424979,68.24980755,1.76311254545,0.161480710353,-0.033995687213,-0.0232904180793,68.24980755,0.598166077667,0.127650611571,-0.0268992895669,-0.0183908744302,68.24980755
1789944685.83,5.50000429153,,0,7.99720497727,0.00169162335015,-2.33709989759e-05,-0.000522624488808,68.7500533375,6.15269182941,1.2839430281,-0.280890453742,-0.186150424979,68.7500533375,1.76954747696,0.16010156375,-0.0349277618957,-0.0232904180793,68.7500533375,0.603252875072,0.1265593839,-0.0276352861638,-0.0183908744302,68.7500533375
1789944685.86,5.53001356125,,0,7.99725572886,0.00169068667523,-3.90546039778e-05,-0.000522624488808,69.125169825,6.19109476762,1.27542987712,-0.286476701227,-0.186150424979,69.125169825,1.7743361837,0.159042918201,-0.0356266914815,-0.0232904180793,69.125169825,0.607038309554,0.125721786746,-0.0281871837813,-0.0183908744302,69.125169825
1789944685.89,5.55997848511,,0,7.9973063705,0.00168928176838,-5.47150760519e-05,-0.000522624488808,69.499733025,6.22918364618,1.26676201407,-0.292054709136,-0.186150424979,69.499733025,1.77908581452,0.157964906109,-0.0363245901635,-0.0232904180793,69.499733025,0.610792832763,0.12486889958,-0.0287382673635,-0.0183908744302,69.499733025
1789944685.93,5.59998655319,,0,7.99737390573,0.00168667446901,-7.5624179634e-05,-0.000522624488808,69.9998316625,6.27962840003,1.254928542,-0.299502195048,-0.186150424979,69.9998316625,1.78537633755,0.156492996179,-0.0372563906713,-0.0232904180793,69.9998316625,0.615765378115,0.123704423607,-0.0294740474631,-0.0183908744302,69.9998316625
1789944685.96,5.62999105453,,0,7.99742447698,0.00168417016168,-9.13052091424e-05,-0.000522624488808,70.37488655,6.31714611319,1.24585836882,-0.305087525184,-0.186150424979,70.37488655,1.79005493946,0.155364657109,-0.0379552054819,-0.0232904180793,70.37488655,0.61946370401,0.122811794446,-0.0300258544503,-0.0183908744302,70.37488655
1789944685.99,5.65997409821,,0,7.99747493072,0.00168119760132,-0.000106975263014,-0.000522624488808,70.749678925,6.35436319686,1.23662713561,-0.310668945975,-0.186150424979,70.749678925,1.794696133,0.154216162295,-0.0386535311705,-0.0232904180793,70.749678925,0.623132438641,0.12190325081,-0.0305772752108,-0.0183908744302,70.749678925
1789944686.03,5.69999361038,,0,7.99754211966,0.00167649803556,-0.000127890278002,-0.000522624488808,71.24991895,6.4036012657,1.22404534895,-0.318118537434,-0.186150424979,71.24991895,1.80083653944,0.152650628595,-0.0395855951163,-0.0232904180793,71.24991895,0.627986227696,0.120664845828,-0.0313132633296,-0.0183908744302,71.24991895
1789944686.06,5.73000001907,,0,7.99759236565,0.00167242520667,-0.000143572432721,-0.000522624488808,71.62500075,6.44018658229,1.21441590682,-0.323704268352,-0.186150424979,71.62500075,1.80539913108,0.151452316433,-0.0402844600711,-0.0232904180793,71.62500075,0.631592782772,0.11971696351,-0.0318651099124,-0.0183908744302,71.62500075
1789944686.09,5.76000642776,,0,7.99764248189,0.00166788185511,-0.000159254441105,-0.000522624488808,72.00007905,6.47648010064,1.20461894841,-0.329289947148,-0.186150424979,72.00007905,1.80992540882,0.150233045223,-0.0409833185047,-0.0232904180793,72.00007905,0.635170613486,0.11875253126,-0.0324169513457,-0.0183908744302,72.00007905
1789944686.13,5.79999876022,,0,7.9977090513,0.00166109497571,-0.000180155365613,-0.000522624488808,72.4999820625,6.52439019772,1.19130104291,-0.336734519806,-0.186150424979,72.4999820625,1.81590054275,0.148575405366,-0.0419147545175,-0.0232904180793,72.4999820625,0.639893673779,0.117441397737,-0.0331524436281,-0.0183908744302,72.4999820625
1789944686.16,5.8300151825,,0,7.99775882843,0.00165545185676,-0.000195842845353,-0.000522624488808,72.875191225,6.55999662435,1.18110951158,-0.34232214741,-0.186150424979,72.875191225,1.82034130335,0.147306768988,-0.0426138567785,-0.0232904180793,72.875191225,0.643403862714,0.11643798456,-0.0337044775955,-0.0183908744302,72.875191225
1789944686.19,5.85998439789,,0,7.99780835016,0.00164934797416,-0.000211505312285,-0.000522624488808,73.2498021375,6.59523858476,1.17076690866,-0.347900865855,-0.186150424979,73.2498021375,1.82473668026,0.146019220776,-0.04331184436,-0.0232904180793,73.2498021375,0.646878159826,0.115419640622,-0.0342556313757,-0.0183908744302,73.2498021375
1789944686.23,5.90002298355,,0,7.99787421272,0.00164046067694,-0.000232430495978,-0.000522624488808,73.750285375,6.64183367148,1.1566882162,-0.355354079244,-0.186150424979,73.750285375,1.83054812841,0.144266404241,-0.0442443614674,-0.0232904180793,73.750285375,0.651471753218,0.114033349927,-0.0349919773257,-0.0183908744302,73.750285375
1789944686.26,5.9299826622,,0,7.99792325434,0.00163326249358,-0.000248088349703,-0.000522624488808,74.12478595,6.67632778563,1.14595824692,-0.360931154539,-0.186150424979,74.12478595,1.83485039516,0.142930388346,-0.0449421434645,-0.0232904180793,74.12478595,0.654872410723,0.112976734812,-0.0355429687696,-0.0183908744302,74.12478595
1789944686.29,5.95998477936,,0,7.99797214158,0.00162558411712,-0.000263768164109,-0.000522624488808,74.499811775,6.71054562134,1.13504578737,-0.366516051875,-0.186150424979,74.499811775,1.83911827053,0.14157154906,-0.0456409041248,-0.0232904180793,74.499811775,0.658245866863,0.111902095284,-0.0360947329981,-0.0183908744302,74.499811775
1789944686.33,6.0000038147,,0,7.9980369792,0.00161460985333,-0.000284683126312,-0.000522624488808,75.0000505375,6.75567365196,1.12022908187,-0.373965624533,-0.186150424979,75.0000505375,1.84474704026,0.139726390975,-0.0465729657183,-0.0232904180793,75.0000505375,0.662694988294,0.110442889764,-0.0368307192593,-0.0183908744302,75.0000505375
1789944686.36,6.03001308441,,0,7.99808530181,0.00160583141547,-0.000300366668599,-0.000522624488808,75.375165525,6.7891216032,1.10892285395,-0.379551849681,-0.186150424979,75.375165525,1.84891904174,0.138318286462,-0.0472718925092,-0.0232904180793,75.375165525,0.665992624127,0.109329348411,-0.0373826146699,-0.0183908744302,75.375165525
1789944686.39,6.05997991562,,0,7.99813328624,0.00159659572397,-0.000316028056834,-0.000522624488808,75.7497506375,6.82218122705,1.09746531373,-0.385130183911,-0.186150424979,75.7497506375,1.85304266964,0.136891241178,-0.0479698320193,-0.0232904180793,75.7497506375,0.66925200837,0.108200853146,-0.0379337304913,-0.0183908744302,75.7497506375
1789944686.43,6.09998321533,,0,7.99819689662,0.00158353545019,-0.00033693466802,-0.000522624488808,76.2497896625,6.86577312758,1.08190996041,-0.392576782072,-0.186150424979,76.2497896625,1.85848011632,0.134953662892,-0.0489015214552,-0.0232904180793,76.2497896625,0.673549832362,0.106668670501,-0.0386694228848,-0.0183908744302,76.2497896625
1789944686.46,6.12999343872,,0,7.99824426463,0.00157318866031,-0.000352618692166,-0.000522624488808,76.624916175,6.8980637591,1.07004485946,-0.39816317885,-0.186150424979,76.624916175,1.86250796662,0.133475634555,-0.0496004697199,-0.0232904180793,76.624916175,0.676733476245,0.105499914963,-0.0392213352518,-0.0183908744302,76.624916175
1789944686.49,6.16001272202,,0,7.99829132956,0.00156236777419,-0.000368307564701,-0.000522624488808,77.00015865,6.9300056171,1.05800836447,-0.403751302545,-0.186150424979,77.00015865,1.86649237073,0.131976164068,-0.0502996340498,-0.0232904180793,77.00015865,0.679882764828,0.10431422749,-0.0397734182308,-0.0183908744302,77.00015865
1789944686.53,6.19999456406,,0,7.99835349618,0.00154722438476,-0.000389203127605,-0.000522624488808,77.499933425,6.97198219545,1.04171680095,-0.411193965486,-0.186150424979,77.499933425,1.87172858778,0.129946469452,-0.0512308311262,-0.0232904180793,77.499933425,0.684021468414,0.102709307951,-0.0405087218413,-0.0183908744302,77.499933425
1789944686.56,6.22998666763,,0,7.99839972303,0.00153531637486,-0.000404877647825,-0.000522624488808,77.874832625,7.00303952425,1.02930057519,-0.416776977118,-0.186150424979,77.874832625,1.87560278777,0.128399482589,-0.0519293558547,-0.0232904180793,77.874832625,0.687083617587,0.101486101513,-0.0410602997702,-0.0183908744302,77.874832625
1789944686.59,6.25998067856,,0,7.99844558918,0.00152293729479,-0.000420553362243,-0.000522624488808,78.2497603875,7.03372427859,1.01671593901,-0.422360414104,-0.186150424979,78.2497603875,1.87943056628,0.126831425363,-0.0526279338017,-0.0232904180793,78.2497603875,0.690109061416,0.100246257102,-0.0416119197222,-0.0183908744302,78.2497603875
1789944686.63,6.29997968674,,0,7.99850616326,0.0015056974695,-0.000441457857845,-0.000522624488808,78.7497488125,7.07405211652,0.999673000105,-0.429806258728,-0.186150424979,78.7497488125,1.88446135703,0.124707725272,-0.053559528958,-0.0232904180793,78.7497488125,0.694085334722,0.098567106827,-0.0423475376695,-0.0183908744302,78.7497488125
1789944686.66,6.32998418808,,0,7.99855113987,0.0014922165002,-0.000457138939093,-0.000522624488808,79.1248049375,7.10385248629,0.986693089745,-0.435391607293,-0.186150424979,79.1248049375,1.88817893487,0.123090215096,-0.0542583460743,-0.0232904180793,79.1248049375,0.6970236456,0.0972882121856,-0.0428993464774,-0.0183908744302,79.1248049375
1789944686.69,6.35999059677,,0,7.99859570731,0.00147826427012,-0.000472820858108,-0.000522624488808,79.4998811,7.1332624469,0.973544886964,-0.440977254257,-0.186150424979,79.4998811,1.89184786027,0.121451649172,-0.0549572005252,-0.0232904180793,79.4998811,0.699923489385,0.09599269115,-0.0434511847659,-0.0183908744302,79.4998811
1789944686.73,6.39999866486,,0,7.99865446625,0.00145892920765,-0.000493730207846,-0.000522624488808,79.999985625,7.17185746699,0.955753126732,-0.448424827846,-0.186150424979,79.999985625,1.89666270908,0.119234261473,-0.0558890120029,-0.0232904180793,79.999985625,0.703729027947,0.094239561569,-0.0441869735276,-0.0183908744302,79.999985625
1789944686.76,6.42998552322,,0,7.99869799037,0.00144388890262,-0.000509401984288,-0.000522624488808,80.3748192,7.20031488723,0.942222658869,-0.454006862189,-0.186150424979,80.3748192,1.90021291704,0.117547863832,-0.0565874144566,-0.0232904180793,80.3748192,0.706535010947,0.0929062721191,-0.0447384549044,-0.0183908744302,80.3748192
1789944686.79,6.45997619629,,0,7.99874106202,0.00142837660095,-0.000525075803146,-0.000522624488808,80.749701625,7.22836769256,0.928523008221,-0.459589624007,-0.186150424979,80.749701625,1.90371269422,0.115840299542,-0.0572859079294,-0.0232904180793,80.749701625,0.70930112287,0.0915562685771,-0.0452900081527,-0.0183908744302,80.749701625
1789944686.83,6.49998140335,,0,7.99879777873,0.00140695264323,-0.000545983487803,-0.000522624488808,81.249766325,7.26514366569,0.909988085541,-0.467036604521,-0.186150424979,81.249766325,1.90830081667,0.113529929556,-0.0582176452037,-0.0232904180793,81.249766325,0.712927409879,0.0897297173225,-0.0460257383211,-0.0183908744302,81.249766325
1789944686.86,6.5299782753,,0,7.99883973493,0.00139033971221,-0.000561660589788,-0.000522624488808,81.624727275,7.29222950534,0.895894696182,-0.472620535736,-0.186150424979,81.624727275,1.91168006263,0.111773103567,-0.0589162849868,-0.0232904180793,81.624727275,0.715598231081,0.0883408147873,-0.0465774071009,-0.0183908744302,81.624727275
1789944686.89,6.55999469757,,0,7.9988812124,0.00137324530164,-0.000577347844277,-0.000522624488808,81.99993105,7.31890720161,0.881624516695,-0.47820808311,-0.186150424979,81.99993105,1.91500843174,0.109994162482,-0.0596153772096,-0.0232904180793,81.99993105,0.718228830144,0.0869344483792,-0.0471294331419,-0.0183908744302,81.99993105
1789944686.93,6.59997701645,,0,7.99893565143,0.0013497436302,-0.00059824378922,-0.000522624488808,82.4997149625,7.35377272274,0.862355668505,-0.485650882127,-0.186150424979,82.4997149625,1.91935839757,0.107591961732,-0.0605465913113,-0.0232904180793,82.4997149625,0.721666838364,0.0850353857946,-0.047864750196,-0.0183908744302,82.4997149625
1789944686.96,6.6300368309,,0,7.99897595184,0.00133152440665,-0.000613953789894,-0.000522624488808,82.875462775,7.37947472514,0.84767298586,-0.491246531325,-0.186150424979,82.875462775,1.92256513294,0.105761419262,-0.061246697203,-0.0232904180793,82.875462775,0.724201278796,0.0835882708467,-0.048417576663,-0.0183908744302,82.875462775
1789944686.99,6.65999317169,,0,7.99901556156,0.00131289812701,-0.000629609685346,-0.000522624488808,83.2499165125,7.40464661916,0.832873534065,-0.496822909115,-0.186150424979,83.2499165125,1.92570576851,0.103916244712,-0.0619443919308,-0.0232904180793,83.2499165125,0.726683467154,0.0821296076432,-0.0489684991963,-0.0183908744302,83.2499165125
1789944687.03,6.69999217987,,0,7.99906756692,0.00128729630092,-0.000650514133911,-0.000522624488808,83.7499038125,7.43756129074,0.812852209697,-0.504268736985,-0.186150424979,83.7499038125,1.92981251131,0.101419900582,-0.0628759849909,-0.0232904180793,83.7499038125,0.729929199052,0.0801562054752,-0.0497041154884,-0.0183908744302,83.7499038125
1789944687.06,6.72997665405,,0,7.99910587067,0.00126755623433,-0.000666184601179,-0.000522624488808,84.124706075,7.46170648048,0.797648445242,-0.509850305021,-0.186150424979,84.124706075,1.93282513496,0.0995241460297,-0.0635743291022,-0.0232904180793,84.124706075,0.732310191327,0.0786576011119,-0.050255550796,-0.0183908744302,84.124706075
1789944687.09,6.75998973846,,0,7.9991436119,0.00124732640076,-0.000681870321765,-0.000522624488808,84.4998731625,7.48541612007,0.782262278566,-0.515437306043,-0.186150424979,84.4998731625,1.93578345079,0.0976055763287,-0.0642733529676,-0.0232904180793,84.4998731625,0.734648252752,0.077140979552,-0.0508075228598,-0.0183908744302,84.4998731625
1789944687.13,6.79994821548,,0,7.99919290337,0.00121966259188,-0.000702753657869,-0.000522624488808,84.9993555,7.51626073949,0.761517519992,-0.522875613995,-0.186150424979,84.9993555,1.93963207177,0.0950187101889,-0.0652040051647,-0.0232904180793,84.9993555,0.737689939836,0.0750961004791,-0.0515423962157,-0.0183908744302,84.9993555
1789944687.16,6.82998275757,,0,7.99922921568,0.00119832021175,-0.000718450279879,-0.000522624488808,85.374783325,7.53889565703,0.745729396695,-0.528466497928,-0.186150424979,85.374783325,1.94245637123,0.0930498537458,-0.0659035148449,-0.0232904180793,85.374783325,0.739922063016,0.073539769715,-0.0520947518947,-0.0183908744302,85.374783325
1789944687.19,6.85997486115,,0,7.99926483072,0.00117653708188,-0.000734125056708,-0.000522624488808,85.7496886625,7.5610233646,0.729795678429,-0.534049600961,-0.186150424979,85.7496886625,1.94521741584,0.0910627719903,-0.0666020510089,-0.0232904180793,85.7496886625,0.74210418569,0.0719690499559,-0.0526463388535,-0.0183908744302,85.7496886625
1789944687.23,6.89998102188,,0,7.99931130587,0.00114674967181,-0.000755033018356,-0.000522624488808,86.2497599875,7.58979000792,0.708281684274,-0.541496680134,-0.186150424979,86.2497599875,1.94880690094,0.088379672268,-0.0675338006272,-0.0232904180793,86.2497599875,0.744941033002,0.0698481791044,-0.053382078769,-0.0183908744302,86.2497599875
1789944687.26,6.92999696732,,0,7.99934538452,0.00112385096686,-0.000770720251939,-0.000522624488808,86.6249632625,7.61080519973,0.691944119519,-0.547084220062,-0.186150424979,86.6249632625,1.9514292002,0.0863420679608,-0.0682328919184,-0.0232904180793,86.6249632625,0.747013483367,0.0682375637738,-0.0539341040743,-0.0183908744302,86.6249632625
1789944687.29,6.96000099182,,0,7.99937875535,0.00110049097842,-0.000786401113163,-0.000522624488808,87.000014125,7.63131924613,0.675445576416,-0.552669490257,-0.186150424979,87.000014125,1.95398899558,0.0842843200323,-0.0689316992295,-0.0232904180793,87.000014125,0.749036528215,0.0666110430551,-0.0544859051397,-0.0183908744302,87.000014125
1789944687.33,6.99998855591,,0,7.999422127,0.00106862687553,-0.000807299592312,-0.000522624488808,87.49985865,7.65788482357,0.653196843168,-0.560113191917,-0.186150424979,87.49985865,1.95730396079,0.0815092886867,-0.0698630262664,-0.0232904180793,87.49985865,0.751656383823,0.0644175809941,-0.0552213113712,-0.0183908744302,87.49985865
1789944687.36,7.03004789352,,0,7.99945388182,0.00104412411472,-0.000823009184294,-0.000522624488808,87.8755966875,7.6772654089,0.636276278905,-0.565708695546,-0.186150424979,87.8755966875,1.95972238434,0.0793987509933,-0.070563113945,-0.0232904180793,87.8755966875,0.753567683912,0.0627493727199,-0.0557741234565,-0.0183908744302,87.8755966875
1789944687.39,7.05999231339,,0,7.99948477656,0.00101924496385,-0.000838659063292,-0.000522624488808,88.249906525,7.69606410074,0.619252792875,-0.571282930372,-0.186150424979,88.249906525,1.96206822217,0.0772753114305,-0.0712605405535,-0.0232904180793,88.249906525,0.755421612153,0.0610709830138,-0.0563248342741,-0.0183908744302,88.249906525
1789944687.43,7.0999879837,,0,7.99952486532,0.000985284466892,-0.000859561631977,-0.000522624488808,88.7498488625,7.72037244999,0.596255224995,-0.578728088659,-0.186150424979,88.7498488625,1.96510163453,0.0744065904961,-0.072192049838,-0.0232904180793,88.7498488625,0.757818924176,0.0588035401631,-0.0570603844142,-0.0183908744302,88.7498488625
1789944687.46,7.12998056412,,0,7.99955402769,0.000959268827904,-0.000875236550438,-0.000522624488808,89.1247575875,7.73799461494,0.57881388129,-0.584311242138,-0.186150424979,89.1247575875,1.96730071359,0.0722308805605,-0.0728905923137,-0.0232904180793,89.1247575875,0.759556853624,0.0570838734203,-0.0576119763569,-0.0183908744302,89.1247575875
1789944687.49,7.15996265411,,0,7.99958239297,0.000932792384526,-0.000890905996497,-0.000522624488808,89.499535425,7.75508527933,0.561211260522,-0.589892446436,-0.186150424979,89.499535425,1.96943348971,0.070034990002,-0.0735888909155,-0.0232904180793,89.499535425,0.761242377983,0.0553482719767,-0.0581633757288,-0.0183908744302,89.499535425
1789944687.53,7.20000171661,,0,7.99961902124,0.000896702585263,-0.000911831300393,-0.000522624488808,90.0000215375,7.77708073128,0.537443412289,-0.597345702639,-0.186150424979,90.0000215375,1.9721783781,0.0670699039853,-0.0745214133797,-0.0232904180793,90.0000215375,0.763411643338,0.0530047337104,-0.0588997259087,-0.0183908744302,90.0000215375
1789944687.56,7.22998476028,,0,7.99964549475,0.000869128354329,-0.000927501081977,-0.000522624488808,90.3748074,7.7929254918,0.519449602288,-0.602927026446,-0.186150424979,90.3748074,1.97415572527,0.0648250694883,-0.075219726934,-0.0232904180793,90.3748074,0.764974320093,0.0512304844998,-0.0594511370876,-0.0183908744302,90.3748074
1789944687.59,7.26001310349,,0,7.99967117272,0.000841041396776,-0.000943194635659,-0.000522624488808,90.7501618375,7.80825103852,0.501260769384,-0.60851681749,-0.186150424979,90.7501618375,1.97606829747,0.0625558443155,-0.0759190998762,-0.0232904180793,90.7501618375,0.766485800667,0.0494369731051,-0.0600033847937,-0.0183908744302,90.7501618375
1789944687.63,7.29999399185,,0,7.99970403889,0.000802913946211,-0.000964089622108,-0.000522624488808,91.249922825,7.82780355379,0.476782954136,-0.615959275107,-0.186150424979,91.249922825,1.97850840981,0.0595019174443,-0.0768502712632,-0.0232904180793,91.249922825,0.768414181593,0.0470232864013,-0.060738668119,-0.0183908744302,91.249922825
1789944687.66,7.32998180389,,0,7.99972768076,0.000773767932667,-0.000979762032493,-0.000522624488808,91.6247715625,7.84182347809,0.458227929479,-0.62154153525,-0.186150424979,91.6247715625,1.9802580879,0.0571868670368,-0.0775487019683,-0.0232904180793,91.6247715625,0.769796918142,0.0451935921379,-0.0612901718039,-0.0183908744302,91.6247715625
1789944687.69,7.35999250412,,0,7.99975045859,0.00074412913789,-0.000995446412547,-0.000522624488808,91.9999065875,7.85529453203,0.439491141504,-0.627128058797,-0.186150424979,91.9999065875,1.98193928467,0.0548490800597,-0.0782476660937,-0.0232904180793,91.9999065875,0.771125530796,0.043345943073,-0.0618420966951,-0.0183908744302,91.9999065875
1789944687.73,7.40001344681,,0,7.99977943665,0.000703871772239,-0.00101636240118,-0.000522624488808,92.5001699,7.87237921582,0.414243731468,-0.634577997054,-0.186150424979,92.5001699,1.98407149036,0.0516988731647,-0.0791797734296,-0.0232904180793,92.5001699,0.772810559323,0.0408562283017,-0.062578119076,-0.0183908744302,92.5001699
1789944687.76,7.43005514145,,0,7.99980012091,0.000673103055189,-0.00103206274062,-0.000522624488808,92.8756866375,7.88453646341,0.395096160028,-0.640170205076,-0.186150424979,92.8756866375,1.98558875933,0.049309697157,-0.0798794487746,-0.0232904180793,92.8756866375,0.774009614211,0.0389679990955,-0.0631306055693,-0.0183908744302,92.8756866375
1789944687.79,7.46000242233,,0,7.99981981346,0.000641961110811,-0.00104771398106,-0.000522624488808,93.2500290375,7.89608066258,0.375841257791,-0.645744924824,-0.186150424979,93.2500290375,1.98702953211,0.0469070720293,-0.0805769360546,-0.0232904180793,93.2500290375,0.775148212607,0.0370691552096,-0.0636813642951,-0.0183908744302,93.2500290375
1789944687.83,7.50000905991,,0,7.99984465214,0.000599627347787,-0.00106862243502,-0.000522624488808,93.7501121375,7.91059805722,0.349858198041,-0.653192179351,-0.186150424979,93.7501121375,1.9888413953,0.0436648203833,-0.0815087076125,-0.0232904180793,93.7501121375,0.776580066957,0.0345067596937,-0.0644171215348,-0.0183908744302,93.7501121375
1789944687.86,7.52999305725,,0,7.99986214862,0.000567350906441,-0.00108429277686,-0.000522624488808,94.1249114,7.92079372658,0.33018924424,-0.658773702711,-0.186150424979,94.1249114,1.9901138944,0.0412103986328,-0.082207046134,-0.0232904180793,94.1249114,0.777585676299,0.0325670134865,-0.0649685524287,-0.0183908744302,94.1249114
1789944687.89,7.56000947952,,0,7.99987868776,0.000534568635218,-0.00109998020956,-0.000522624488808,94.5001194375,7.930407283,0.310331208528,-0.664361313562,-0.186150424979,94.5001194375,1.99131375301,0.0387323267568,-0.0829061462989,-0.0232904180793,94.5001194375,0.778533877524,0.0306085905636,-0.0655205847409,-0.0183908744302,94.5001194375
1789944687.93,7.60000228882,,0,7.99989918139,0.000490159462615,-0.0011208813959,-0.000522624488808,95.0000287125,7.94228499824,0.283612711618,-0.671805979481,-0.186150424979,95.0000287125,1.99279621582,0.0353980570643,-0.0838375939802,-0.0232904180793,95.0000287125,0.779705405479,0.0279735353616,-0.0662560862372,-0.0183908744302,95.0000287125
1789944687.96,7.62999916077,,0,7.99991337809,0.000456301151652,-0.00113655860764,-0.000522624488808,95.3749922875,7.95048946175,0.263376738457,-0.677389949788,-0.186150424979,95.3749922875,1.99382023002,0.0328726948954,-0.0845362386543,-0.0232904180793,95.3749922875,0.780514637843,0.0259777715588,-0.066807758879,-0.0183908744302,95.3749922875
1789944687.99,7.65999412537,,0,7.99992655113,0.000421975202878,-0.00115223462518,-0.000522624488808,95.7499273,7.95808383753,0.242974823054,-0.682973494742,-0.186150424979,95.7499273,1.99476810708,0.0303265701839,-0.0852348301098,-0.0232904180793,95.7499273,0.781263700143,0.0239656131007,-0.0673593894978,-0.0183908744302,95.7499273
1789944688.03,7.69999408722,,0,7.99994250268,0.000375468005699,-0.00117313947669,-0.000522624488808,96.2499242375,7.96725441325,0.215507132077,-0.690419466134,-0.186150424979,96.2499242375,1.995912727,0.0268985657558,-0.0861664411268,-0.0232904180793,96.2499242375,0.782168235778,0.0212565415045,-0.0680950199692,-0.0183908744302,96.2499242375
1789944688.06,7.73000240326,,0,7.99995323933,0.000340028598412,-0.00118882262596,-0.000522624488808,96.625029825,7.97340974547,0.19470490125,-0.696005551296,-0.186150424979,96.625029825,1.99668100956,0.0243023580831,-0.0868653504033,-0.0232904180793,96.625029825,0.782775368731,0.0192048351522,-0.0686469015499,-0.0183908744302,96.625029825
1789944688.09,7.76000356674,,0,7.99996290319,0.000304127458228,-0.00120450191618,-0.000522624488808,97.0000431125,7.97893703702,0.173740221229,-0.701590261923,-0.186150424979,97.0000431125,1.99737090914,0.0216858238022,-0.0875640877034,-0.0232904180793,97.0000431125,0.783320558138,0.0171370786541,-0.0691986473323,-0.0183908744302,97.0000431125
1789944688.13,7.79997682571,,0,7.99997409236,0.000255561687693,-0.00122539307492,-0.000522624488808,97.49971255,7.98531953933,0.145546440812,-0.709031356174,-0.186150424979,97.49971255,1.99816756199,0.0181669682204,-0.0884950885115,-0.0232904180793,97.49971255,0.78395010657,0.0143562694669,-0.0699337959628,-0.0183908744302,97.49971255
1789944688.16,7.83003902435,,0,7.99998121893,0.000218488017671,-0.00124110410674,-0.000522624488808,97.875485025,7.9893737042,0.124147570248,-0.714627372648,-0.186150424979,97.875485025,1.99867360124,0.0154961228339,-0.0891952403551,-0.0232904180793,97.875485025,0.784349998576,0.0122456237951,-0.070486658715,-0.0183908744302,97.875485025
1789944688.19,7.86001634598,,0,7.9999872087,0.00018104765286,-0.00125677122293,-0.000522624488808,98.2502071375,7.99277342968,0.102640992362,-0.720207747087,-0.186150424979,98.2502071375,1.99909795747,0.0128117833618,-0.0898934351282,-0.0232904180793,98.2502071375,0.784685340478,0.01012432739,-0.0710379761003,-0.0183908744302,98.2502071375
1789944688.23,7.89999103546,,0,7.99999343629,0.000130391237651,-0.0012776628949,-0.000522624488808,98.74988885,7.99629904113,0.0737022903261,-0.727649024138,-0.186150424979,98.74988885,1.9995380314,0.00919972629299,-0.0908244588075,-0.0232904180793,98.74988885,0.785033101933,0.0072699232119,-0.0717731427907,-0.0183908744302,98.74988885
1789944688.26,7.92998743057,,0,7.99999677041,9.18306641429e-05,-0.00129333981344,-0.000522624488808,99.1248454125,7.99818165013,0.0517915998962,-0.733232890014,-0.186150424979,99.1248454125,1.99977302491,0.00646482988351,-0.0915230904157,-0.0232904180793,99.1248454125,0.785218801204,0.00510870436349,-0.0723248051153,-0.0183908744302,99.1248454125
1789944688.29,7.95998764038,,0,7.99999894099,5.27950648774e-05,-0.00130901863748,-0.000522624488808,99.49984755,7.99940461073,0.0297107191667,-0.738817434596,-0.186150424979,99.49984755,1.99992568024,0.00370864071298,-0.0922218069407,-0.0232904180793,99.49984755,0.785339433915,0.00293067185465,-0.0728765344931,-0.0183908744302,99.49984755
1789944688.33,7.99998569489,,0,8,1.89846973732e-08,-0.00132992253049,-0.000522624488808,99.9998215625,7.99999999992,1.06529242139e-05,-0.746263064588,-0.186150424979,99.9998215625,1.99999999999,1.32976680456e-06,-0.0931533752431,-0.0232904180793,99.9998215625,0.78539816339,1.05081504709e-06,-0.0736121312356,-0.0183908744302,99.9998215625
1789944688.36,8.02998542786,,0,8,0,0,0,100,8,0,0,0,100,2,0,0,0,100,0.785398163397,0,0,0,100
1789944688.44,0,,0,8.0629056713,-0.0107492711908,-0.750522771089,0.187966607497,0,8.00297435503,0.118644497913,-0.0596010947411,0.0111926331255,0,1.99780518582,0.00957852202565,-0.00458349718337,0.000846545482542,0,0.788730747832,0.00283015439785,0.0719035708288,-0.0180643350321,0
1789944688.47,0.0299928877503,,0,8.06224653973,-0.033175071732,-0.744885109683,0.187966607497,0.3749111,8.00650608873,0.116861923251,-0.0592653953493,0.0111926331255,0.3749111,1.99809041557,0.00944143047285,-0.00455810683953,0.000846545482542,0.3749111,0.788847892372,0.0049786250475,0.0713617692514,-0.0180643350321,0.3749111
1789944688.5,0.0599835515022,,0,8.06091745266,-0.0554301384392,-0.739247866314,0.187966607497,0.7497944,8.00998425289,0.115089548243,-0.05892972085,0.0111926331255,0.7497944,1.99837152427,0.00930511053056,-0.0045327183784,0.000846545482542,0.7497944,0.789029216242,0.00711068799947,0.0708200078491,-0.0180643350321,0.7497944
1789944688.54,0.100020617247,,0,8.05810770843,-0.0848768004878,-0.73172223522,0.187966607497,1.2502577,8.01454498903,0.112739145946,-0.0584816006812,0.0111926331255,1.2502577,1.99874044973,0.00912431228677,-0.00449882518274,0.000846545482542,1.2502577,0.78937047514,0.00993163492431,0.0700967649113,-0.0180643350321,1.2502577
1789944688.57,0.130128204823,,0,8.05522148702,-0.106821997148,-0.726063014608,0.187966607497,1.6266025125,8.01791283755,0.110983479057,-0.058144617528,0.0111926331255,1.6266025125,1.99901312558,0.00898924720781,-0.00447333774267,0.000846545482542,1.6266025125,0.789701180706,0.0120338918733,0.0695528914088,-0.0180643350321,1.6266025125
1789944688.6,0.160003870726,,0,8.05170691835,-0.128429727961,-0.720447387023,0.187966607497,2.0000483375,8.021202644,0.109251364906,-0.0578102301591,0.0111926331255,2.0000483375,1.99927969273,0.00885598105789,-0.00444804663258,0.000846545482542,2.0000483375,0.790091660862,0.0141037691163,0.0690132073689,-0.0180643350321,2.0000483375
1789944688.64,0.200049564242,,0,8.04598819605,-0.157129831515,-0.712920132461,0.187966607497,2.5006196,8.02553145737,0.106945288293,-0.0573620133195,0.0111926331255,2.5006196,1.99963077919,0.00867853469719,-0.0044141461253,0.000846545482542,2.5006196,0.790711599632,0.0168529668744,0.0682898084094,-0.0180643350321,2.5006196
1789944688.67,0.230029314756,,0,8.04095794548,-0.178418530156,-0.707284939996,0.187966607497,2.8753665125,8.02871192288,0.105230619191,-0.057026460943,0.0111926331255,2.8753665125,1.99988897963,0.00854658011809,-0.00438876690083,0.000846545482542,2.8753665125,0.79124745524,0.0188921604809,0.067748244107,-0.0180643350321,2.8753665125
1789944688.7,0.26001983881,,0,8.03528985212,-0.199545830544,-0.701647726702,0.187966607497,3.2502478125,8.03184224685,0.103525400383,-0.0566907882345,0.0111926331255,3.2502478125,2.00014332599,0.00841533949114,-0.00436337857515,0.000846545482542,3.2502478125,0.791844426854,0.0209158406614,0.067206485595,-0.0180643350321,3.2502478125
1789944688.74,0.299999684095,,0,8.02675328526,-0.227447390693,-0.694132846922,0.187966607497,3.7499961375,8.0359359907,0.101267855361,-0.056243308262,0.0111926331255,3.7499961375,2.00047629196,0.00824156875518,-0.00432953380019,0.000846545482542,3.7499961375,0.792734158043,0.0235883100264,0.066484275901,-0.0180643350321,3.7499961375
1789944688.77,0.330022573471,,0,8.01961266967,-0.24820254726,-0.688489547081,0.187966607497,4.1252822,8.03895104624,0.0995843133568,-0.0559072731248,0.0111926331255,4.1252822,2.00072178019,0.00811196518668,-0.00430411806252,0.000846545482542,4.1252822,0.793472229273,0.0255762184385,0.0659419324478,-0.0180643350321,4.1252822
1789944688.8,0.360017687082,,0,8.01185892987,-0.268769317752,-0.682851465757,0.187966607497,4.500221225,8.04191299012,0.0979124029258,-0.0555715487287,0.0111926331255,4.500221225,2.00096316716,0.00798324346189,-0.0042787258275,0.000846545482542,4.500221225,0.794268974036,0.0275460284398,0.0654000905146,-0.0180643350321,4.500221225
1789944688.84,0.400015354156,,0,8.00056457345,-0.295931422817,-0.675333241299,0.187966607497,5.000191975,8.04578492445,0.095698624073,-0.0551238695944,0.0111926331255,5.000191975,2.00127906466,0.00781278159816,-0.00424486598911,0.000846545482542,5.000191975,0.795422872014,0.0301474292469,0.0646775593839,-0.0180643350321,5.000191975
1789944688.87,0.430009484291,,0,7.99138542903,-0.316102910671,-0.669695344559,0.187966607497,5.375118725,8.04863057667,0.0940502657285,-0.0547881561895,0.0111926331255,5.375118725,2.00151149669,0.00768584129006,-0.00421947458539,0.000846545482542,5.375118725,0.796356130518,0.0320792512425,0.0641357351899,-0.0180643350321,5.375118725
1789944688.9,0.460005193949,,0,7.98160326891,-0.336106332582,-0.664057154026,0.187966607497,5.7500650125,8.05142708324,0.0924118917097,-0.0544524252905,0.0111926331255,5.7500650125,2.00174014449,0.00755965601992,-0.00419408185852,0.000846545482542,5.7500650125,0.79734714177,0.0339949210847,0.0635938827614,-0.0180643350321,5.7500650125
1789944688.94,0.500010371208,,0,7.9676278952,-0.362521649607,-0.656537515119,0.187966607497,6.250129825,8.05508058427,0.0902424687902,-0.0540046619316,0.0111926331255,6.250129825,2.00203922283,0.00739254841124,-0.00416021564988,0.000846545482542,6.250129825,0.798757810412,0.0365245509147,0.0628712156966,-0.0180643350321,6.250129825
1789944688.97,0.53001087904,,0,7.9564574502,-0.382133529856,-0.650898418776,0.187966607497,6.62513635,8.05776365286,0.088627337602,-0.0536688770953,0.0111926331255,6.62513635,2.00225913479,0.00726812072883,-0.00413481884351,0.000846545482542,6.62513635,0.799881777744,0.0384025909707,0.062329276216,-0.0180643350321,6.62513635
1789944689,0.560025691986,,0,7.94469544689,-0.401585440167,-0.645256640713,0.187966607497,7.0003212125,8.06039965933,0.0870215192321,-0.0533329325737,0.0111926331255,7.0003212125,2.00247542721,0.00714439633484,-0.00410940995947,0.000846545482542,7.0003212125,0.801062417834,0.0402652540775,0.0617870790116,-0.0180643350321,7.0003212125
1789944689.04,0.599989950657,,0,7.92813310384,-0.427222531344,-0.637744696783,0.187966607497,7.4998743,8.06383493778,0.0848990468484,-0.0528856274189,0.0111926331255,7.4998743,2.00275767498,0.00698084288646,-0.00407557840671,0.000846545482542,7.4998743,0.802720737563,0.0427201025191,0.0610651514645,-0.0180643350321,7.4998743
1789944689.07,0.629997432232,,0,7.91502694383,-0.446275024901,-0.632104289749,0.187966607497,7.8749679875,8.06635878548,0.0833171208499,-0.0525497645364,0.0111926331255,7.8749679875,2.00296532147,0.00685892612364,-0.00405017569737,0.000846545482542,7.8749679875,0.804030072525,0.0445443817333,0.0605230860213,-0.0180643350321,7.8749679875
1789944689.1,0.659993648529,,0,7.90135684841,-0.465151203086,-0.626466001286,0.187966607497,8.2499207875,8.06883439341,0.0817458617588,-0.052214027806,0.0111926331255,8.2499207875,2.00316924505,0.00673781699575,-0.00402478252945,0.000846545482542,8.2499207875,0.805393383052,0.0463517188742,0.0599812241813,-0.0180643350321,8.2499207875
1789944689.14,0.700006842613,,0,7.88224518372,-0.490067614563,-0.618944863533,0.187966607497,8.750085275,8.07206362437,0.079665573561,-0.0517661751971,0.0111926331255,8.750085275,2.00343563348,0.00657745041451,-0.00399090957046,0.000846545482542,8.750085275,0.807295885429,0.0487372961565,0.0592584130714,-0.0180643350321,8.750085275
1789944689.17,0.729981839657,,0,7.8672781875,-0.508536045243,-0.613310563721,0.187966607497,9.124772825,8.07442839452,0.0781189105477,-0.0514306759744,0.0111926331255,9.124772825,2.00363100347,0.0064582031951,-0.00396553436624,0.000846545482542,9.124772825,0.808783326858,0.050505451915,0.0587169345566,-0.0180643350321,9.124772825
1789944689.2,0.759996175766,,0,7.85173939766,-0.52685950211,-0.607668866672,0.187966607497,9.4999523,8.07674996794,0.076580293334,-0.0510947362768,0.0111926331255,9.4999523,2.00382305991,0.00633956153716,-0.00394012584706,0.000846545482542,9.4999523,0.810325582084,0.0522596662758,0.0581747451379,-0.0180643350321,9.4999523
1789944689.24,0.80001193285,,0,7.83017222321,-0.55102532023,-0.600147246785,0.187966607497,10.00014885,8.07977359542,0.0745446616169,-0.0506468549588,0.0111926331255,10.00014885,2.00407359651,0.00618257231767,-0.00390625071668,0.000846545482542,10.00014885,0.812463173946,0.054573107989,0.057451887693,-0.0180643350321,10.00014885
1789944689.27,0.829999923706,,0,7.81337907732,-0.568938011413,-0.594510506415,0.187966607497,10.3749987,8.08198631731,0.0730308969905,-0.050311210411,0.0111926331255,10.3749987,2.00425724682,0.00606581235853,-0.0038808645209,0.000846545482542,10.3749987,0.814125463112,0.0562878520653,0.0569101746308,-0.0180643350321,10.3749987
1789944689.3,0.859998941422,,0,7.79604480458,-0.586688188093,-0.588871684879,0.187966607497,10.74998695,8.08415458731,0.07152664434,-0.0499754419383,0.0111926331255,10.74998695,2.00443747301,0.00594977099251,-0.00385546895218,0.000846545482542,10.74998695,0.815839572455,0.0579869753673,0.0563682615603,-0.0180643350321,10.74998695
1789944689.34,0.900009036064,,0,7.77210203309,-0.610098543975,-0.581351125312,0.187966607497,11.2501129875,8.08697649325,0.0695360813813,-0.0495276237579,0.0111926331255,11.2501129875,2.00467244695,0.00579619093758,-0.00382159859716,0.000846545482542,11.2501129875,0.818204560667,0.0602278154362,0.0556455060164,-0.0180643350321,11.2501129875
1789944689.37,0.930000841618,,0,7.75354344341,-0.627449786884,-0.575713663526,0.187966607497,11.6250108125,8.08903978234,0.068055691448,-0.0491919362527,0.0111926331255,11.6250108125,2.00484457033,0.00568195495532,-0.00379620915235,0.000846545482542,11.6250108125,0.820035848439,0.0618886012487,0.0551037236233,-0.0180643350321,11.6250108125
1789944689.4,0.959982514381,,0,7.73447356896,-0.644626137233,-0.570078118999,0.187966607497,11.9997811375,8.09105814364,0.0665858677303,-0.0488563629124,0.0111926331255,11.9997811375,2.00501322217,0.00556851891127,-0.0037708283423,0.000846545482542,11.9997811375,0.821916054505,0.0635325814852,0.0545621254864,-0.0180643350321,11.9997811375
1789944689.44,1.00002598763,,0,7.70820544813,-0.66730335199,-0.562551280784,0.187966607497,12.5003247125,8.09368542356,0.064638462232,-0.0484081708646,0.0111926331255,12.5003247125,2.00523319092,0.00541820050904,-0.00373692971012,0.000846545482542,12.5003247125,0.824503671887,0.0657029562863,0.0538387665394,-0.0180643350321,12.5003247125
1789944689.47,1.02999520302,,0,7.68795506528,-0.684078193107,-0.556918058209,0.187966607497,12.874940625,8.09560090242,0.0631927309166,-0.0480727357868,0.0111926331255,12.874940625,2.00539389607,0.00530658760789,-0.00371155935745,0.000846545482542,12.874940625,0.826496838522,0.0673083526713,0.0532973915513,-0.0180643350321,12.874940625
1789944689.5,1.05998730659,,0,7.66718847652,-0.70069680359,-0.551280541912,0.187966607497,13.249842075,8.0974746151,0.0617559618864,-0.0477370450358,0.0111926331255,13.249842075,2.00555138634,0.00519565083437,-0.00368616966713,0.000846545482542,13.249842075,0.82853944844,0.0688987295425,0.0527556039196,-0.0180643350321,13.249842075
1789944689.54,1.09999358654,,0,7.63871706362,-0.722601054295,-0.543760701506,0.187966607497,13.7499202875,8.09990715784,0.0598551383023,-0.0472892696785,0.0111926331255,13.7499202875,2.00575630406,0.0050488584316,-0.003652302551,0.000846545482542,13.7499202875,0.831337853632,0.0709948278015,0.0520329174897,-0.0180643350321,13.7499202875
1789944689.57,1.12999618053,,0,7.61679331259,-0.738830654505,-0.538121226785,0.187966607497,14.124951975,8.10168173033,0.0584413778698,-0.0469534623114,0.0111926331255,14.124951975,2.00590614261,0.00493966110633,-0.00362690404053,0.000846545482542,14.124951975,0.833491215898,0.0725478169051,0.0514909416457,-0.0180643350321,14.124951975
1789944689.6,1.16000175476,,0,7.59438284025,-0.754892699947,-0.532481171812,0.187966607497,14.50002225,8.10341421364,0.0570375486009,-0.0466176203926,0.0111926331255,14.50002225,2.00605273131,0.00483121468292,-0.00360150291677,0.000846545482542,14.50002225,0.835691156543,0.0740847026387,0.050948910037,-0.0180643350321,14.50002225
1789944689.64,1.1999912262,,0,7.56377135192,-0.776036026769,-0.524964493567,0.187966607497,14.999890175,8.10565795783,0.0551822857237,-0.046170033329,0.0111926331255,14.999890175,2.00624305819,0.00468786949838,-0.00356765004207,0.000846545482542,14.999890175,0.838694306933,0.0761076768797,0.0502265275035,-0.0180643350321,14.999890175
1789944689.67,1.22999894619,,0,7.54024871875,-0.791704420065,-0.519324031834,0.187966607497,15.3749875,8.10729311915,0.0538018645435,-0.0458341671894,0.0111926331255,15.3749875,2.00638212831,0.00458119336262,-0.00354224708639,0.000846545482542,15.3749875,0.841000662132,0.0776067305978,0.0496844568036,-0.0180643350321,15.3749875
1789944689.7,1.26000201702,,0,7.51626230893,-0.807201100697,-0.513684468394,0.187966607497,15.7500250875,8.10888675774,0.0524317393992,-0.0454983545393,0.0111926331255,15.7500250875,2.00651798737,0.00447529632033,-0.00351684817635,0.000846545482542,15.7500250875,0.843351378587,0.0790892831226,0.0491424724332,-0.0180643350321,15.7500250875
1789944689.74,1.30000734329,,0,7.48356086651,-0.827600831341,-0.506164792082,0.187966607497,16.2500923875,8.11094802057,0.0506205167716,-0.0450505889532,0.0111926331255,16.2500923875,2.00669421811,0.00433528087727,-0.00348298179925,0.000846545482542,16.2500923875,0.846554507527,0.0810407912444,0.0484198017735,-0.0180643350321,16.2500923875
1789944689.77,1.33001184464,,0,7.45850214639,-0.842703427478,-0.500524953646,0.187966607497,16.6251482625,8.11244663393,0.0492738359128,-0.0447147599284,0.0111926331255,16.6251482625,2.00682273192,0.00423115691337,-0.00345758165072,0.000846545482542,16.6251482625,0.849007807595,0.0824854703607,0.047877790975,-0.0180643350321,16.6251482625
1789944689.8,1.36002349854,,0,7.43298663426,-0.857640372359,-0.494883759595,0.187966607497,17.0002942875,8.11390533773,0.0479369113653,-0.0443788501823,0.0111926331255,17.0002942875,2.00694816275,0.00412777031458,-0.0034321753969,0.000846545482542,17.0002942875,0.851504815705,0.0839142281155,0.0473356498965,-0.0180643350321,17.0002942875
1789944689.84,1.40001034737,,0,7.39829870623,-0.877278911348,-0.487367578334,0.187966607497,17.5001291625,8.11578682057,0.0461712917959,-0.0439312927119,0.0111926331255,17.5001291625,2.00711048412,0.00399120542689,-0.00339832476046,0.000846545482542,17.5001291625,0.854897927339,0.085792586883,0.046613315125,-0.0180643350321,17.5001291625
1789944689.87,1.4300185442,,0,7.3717545056,-0.891819331351,-0.481727028069,0.187966607497,17.875232375,8.11715261101,0.0448580297317,-0.0435954213006,0.0111926331255,17.875232375,2.00722872697,0.0038896087793,-0.00337292140606,0.000846545482542,17.875232375,0.857493319518,0.0871832377968,0.0460712359169,-0.0180643350321,17.875232375
1789944689.9,1.45999288559,,0,7.34480729043,-0.906174317886,-0.47609286209,0.187966607497,18.249911025,8.11847766459,0.0435563159002,-0.043259930047,0.0111926331255,18.249911025,2.00734380382,0.00378888814104,-0.00334754680457,0.000846545482542,18.249911025,0.860127190804,0.0885560754502,0.0455297702638,-0.0180643350321,18.249911025
1789944689.94,1.50002241135,,0,7.3081541772,-0.92508147257,-0.468568656534,0.187966607497,18.750279525,8.12018666195,0.0418336107053,-0.0428118947632,0.0111926331255,18.750279525,2.00749279811,0.00365556581818,-0.00331366002911,0.000846545482542,18.750279525,0.863708328868,0.0903641357011,0.0448066643259,-0.0180643350321,18.750279525
1789944689.97,1.5299987793,,0,7.28021381316,-0.939043057283,-0.462934080036,0.187966607497,19.124985475,8.12142150127,0.0405552897585,-0.0424763790649,0.0111926331255,19.124985475,2.00760089408,0.00355661431612,-0.00328828357877,0.000846545482542,19.124985475,0.866437177505,0.0916991653915,0.0442651592204,-0.0180643350321,19.124985475
1789944690,1.56006097794,,0,7.25177584667,-0.952874905634,-0.457283403634,0.187966607497,19.5007620875,8.12262153668,0.0392834169398,-0.0421399046841,0.0111926331255,19.5007620875,2.00770633145,0.00345814403594,-0.00326283461927,0.000846545482542,19.5007620875,0.86921376976,0.0930217076629,0.0437221068504,-0.0180643350321,19.5007620875
1789944690.04,1.5999931097,,0,7.21336297323,-0.970985322738,-0.449777504898,0.187966607497,19.9999131625,8.1241567267,0.0376096063687,-0.0416929594955,0.0111926331255,19.9999131625,2.00784182993,0.00332852718196,-0.00322903029226,0.000846545482542,19.9999131625,0.872962987896,0.094753220157,0.0430007602703,-0.0180643350321,19.9999131625
1789944690.07,1.63000440598,,0,7.18402066497,-0.984399113642,-0.444136369117,0.187966607497,20.3750553125,8.12526671695,0.0363633839557,-0.0413570532191,0.0111926331255,20.3750553125,2.00794027324,0.00323200078699,-0.00320362430087,0.000846545482542,20.3750553125,0.875825945668,0.096035596855,0.0424586247917,-0.0180643350321,20.3750553125
1789944690.1,1.65998637676,,0,7.15430764743,-0.99763072062,-0.438500756922,0.187966607497,20.7498301375,8.12633842537,0.035128448003,-0.0410214758495,0.0111926331255,20.7498301375,2.00803573895,0.00313633025617,-0.00317824318606,0.000846545482542,20.7498301375,0.878724285887,0.0973004715577,0.0419170201517,-0.0180643350321,20.7498301375
1789944690.14,1.70003092289,,0,7.11400848663,-1.01503954234,-0.430973734123,0.187966607497,21.2503859875,8.12771235498,0.0334947388522,-0.0405732728104,0.0111926331255,21.2503859875,2.00815879243,0.0030097379416,-0.00314434372257,0.000846545482542,21.2503859875,0.882654046394,0.0989645327125,0.0411936434656,-0.0180643350321,21.2503859875
1789944690.17,1.7300041914,,0,7.08339165135,-1.02787281331,-0.425339754419,0.187966607497,21.62505225,8.12869812761,0.0322836516576,-0.0402377926488,0.0111926331255,21.62505225,2.00824759557,0.00291587184847,-0.00311896996002,0.000846545482542,21.62505225,0.885638763208,0.100191127699,0.0406521957143,-0.0180643350321,21.62505225
1789944690.2,1.760004282,,0,7.05236477464,-1.04054847553,-0.419700731758,0.187966607497,22.000053875,8.12964858456,0.0310815493758,-0.0399020122,0.0111926331255,22.000053875,2.00833367237,0.00282268329297,-0.00309357348549,0.000846545482542,22.000053875,0.88866272242,0.101402569834,0.040110263315,-0.0180643350321,22.000053875
1789944690.24,1.80003392696,,0,7.01037777549,-1.05719833655,-0.412176501579,0.187966607497,22.5004240125,8.13086091766,0.0294932547177,-0.0394539754499,0.0111926331255,22.5004240125,2.00844419381,0.00269952698918,-0.00305968659913,0.000846545482542,22.5004240125,0.892753770466,0.1029936952,0.0393871550107,-0.0180643350321,22.5004240125
1789944690.27,1.83000063896,,0,6.97851277637,-1.0694655198,-0.406543757567,0.187966607497,22.8750081,8.13172706924,0.0283159737251,-0.0391185688686,0.0111926331255,22.8750081,2.00852371979,0.00260821829708,-0.00303431840176,0.000846545482542,22.8750081,0.89585775832,0.104165888392,0.0388458260143,-0.0180643350321,22.8750081
1789944690.3,1.86002099514,,0,6.94622476773,-1.08158538147,-0.400900945688,0.187966607497,23.2502617125,8.13255954625,0.0271466664822,-0.0387825627875,0.0111926331255,23.2502617125,2.00860065578,0.00251750864265,-0.00300890486172,0.000846545482542,23.2502617125,0.899002271213,0.105323911366,0.0383035294561,-0.0180643350321,23.2502617125
1789944690.34,1.90003633499,,0,6.90262579815,-1.09747708166,-0.393379397416,0.187966607497,23.7504535,8.13361489909,0.0256037299068,-0.0383346857339,0.0111926331255,23.7504535,2.00869899482,0.00239778403858,-0.00297503005387,0.000846545482542,23.7504535,0.90324731708,0.106842177678,0.0375806788937,-0.0180643350321,23.7504535
1789944690.37,1.93001413345,,0,6.86954993594,-1.10918527033,-0.387744572238,0.187966607497,24.1251759875,8.13436526773,0.0244595696362,-0.0379991552278,0.0111926331255,24.1251759875,2.00876954213,0.00230897956746,-0.00294965248355,0.000846545482542,24.1251759875,0.906467015582,0.107960646793,0.037039149889,-0.0180643350321,24.1251759875
1789944690.4,1.95999801159,,0,6.83611869272,-1.12072690117,-0.382108585238,0.187966607497,24.4999757375,8.1350816319,0.023325235033,-0.03766355554,0.0111926331255,24.4999757375,2.0088374524,0.00222091778511,-0.00292426968074,0.000846545482542,24.4999757375,0.909720674119,0.109063107651,0.0364975092287,-0.0180643350321,24.4999757375
1789944690.44,1.99998390675,,0,6.79100200944,-1.13585557008,-0.374592581042,0.187966607497,24.9997988375,8.13598432094,0.0218281735977,-0.0372160086132,0.0111926331255,24.9997988375,2.00892392894,0.00210466513941,-0.00289041984175,0.000846545482542,24.9997988375,0.914110639832,0.110508050263,0.0357751914739,-0.0180643350321,24.9997988375
1789944690.47,2.03000235558,,0,6.75673756812,-1.14701553465,-0.36895013269,0.187966607497,25.375028275,8.13662284956,0.0207160530895,-0.0368800241786,0.0111926331255,25.375028275,2.00898580906,0.00201828090226,-0.00286500793893,0.000846545482542,25.375028275,0.917443946818,0.11157382376,0.035232929852,-0.0180643350321,25.375028275
1789944690.5,2.06002664566,,0,6.72213381909,-1.15800827007,-0.363306573079,0.187966607497,25.7503316125,8.13722826148,0.0196138022331,-0.0365439735732,0.0111926331255,25.7503316125,2.00904511895,0.00193264270095,-0.00283959103133,0.000846545482542,25.7503316125,0.920809668085,0.112623524546,0.0346905614339,-0.0180643350321,25.7503316125
1789944690.54,2.10000276566,,0,6.675552623,-1.17238173069,-0.355792361896,0.187966607497,26.250035475,8.13798326752,0.0181618525566,-0.0360965334129,0.0111926331255,26.250035475,2.0091201189,0.00181980276685,-0.00280574926754,0.000846545482542,26.250035475,0.925339468144,0.113995890795,0.0339684159947,-0.0180643350321,26.250035475
1789944690.57,2.12999796867,,0,6.64022778855,-1.18296917666,-0.350154297677,0.187966607497,26.6249733625,8.13851184513,0.0170841709344,-0.0357608100353,0.0111926331255,26.6249733625,2.00917344558,0.00173602504988,-0.00278035710955,0.000846545482542,26.6249733625,0.928773977897,0.115006648228,0.0334265757055,-0.0180643350321,26.6249733625
1789944690.6,2.1600048542,,0,6.60457365503,-1.1933916267,-0.344513986694,0.187966607497,27.0000606625,8.13900844012,0.0160161359101,-0.0354249528722,0.0111926331255,27.0000606625,2.00922429052,0.00165297604143,-0.0027549548328,0.000846545482542,27.0000606625,0.932239948167,0.116001546214,0.0328845194932,-0.0180643350321,27.0000606625
1789944690.64,2.20003008842,,0,6.55653394013,-1.20703031252,-0.3369905815,0.187966607497,27.5003759375,8.13962123342,0.0146072097091,-0.0349769652466,0.0111926331255,27.5003759375,2.00928825356,0.00154338645337,-0.00272107166193,0.000846545482542,27.5003759375,0.936909083558,0.117303286708,0.0321614904732,-0.0180643350321,27.5003759375
1789944690.67,2.22999811172,,0,6.52021126164,-1.21704481845,-0.331357611364,0.187966607497,27.8749750625,8.14004332546,0.0135640483852,-0.0346415452005,0.0111926331255,27.8749750625,2.00933328759,0.00146222169972,-0.00269570244616,0.000846545482542,27.8749750625,0.940438780959,0.118258988423,0.0316201397455,-0.0180643350321,27.8749750625
1789944690.7,2.2600312233,,0,6.48351103773,-1.22691174398,-0.325712390881,0.187966607497,28.25038885,8.14043512334,0.0125287030965,-0.034305395697,0.0111926331255,28.25038885,2.00937599072,0.00138164317713,-0.00267027805849,0.000846545482542,28.25038885,0.944004644262,0.119200492437,0.0310776117108,-0.0180643350321,28.25038885
1789944690.74,2.3000266552,,0,6.43418153746,-1.23978844591,-0.318194565664,0.187966607497,28.75033305,8.14090889669,0.011165592516,-0.0338577403359,0.0111926331255,28.75033305,2.00942912356,0.00127552106014,-0.00263642001817,0.000846545482542,28.75033305,0.948796795767,0.120429009932,0.0303551189488,-0.0180643350321,28.75033305
1789944690.77,2.32999610901,,0,6.3968837168,-1.24924014674,-0.312561311322,0.187966607497,29.124951075,8.14122836852,0.0101559213601,-0.0335223033667,0.0111926331255,29.124951075,2.00946617004,0.00119688919312,-0.00261104952243,0.000846545482542,29.124951075,0.952419536944,0.12133062351,0.0298137409077,-0.0180643350321,29.124951075
1789944690.8,2.36005163193,,0,6.35919673582,-1.25854946447,-0.306911862906,0.187966607497,29.500646025,8.14151852044,0.00915344392329,-0.0331859021073,0.0111926331255,29.500646025,2.00950096776,0.00111879490225,-0.00258560609341,0.000846545482542,29.500646025,0.956079585359,0.122218534154,0.029270806552,-0.0180643350321,29.500646025
1789944690.84,2.40003538132,,0,6.30863195359,-1.27067068347,-0.299396263778,0.187966607497,30.0004421875,8.14185810109,0.00783549580877,-0.0327383793005,0.0111926331255,30.0004421875,2.00954364353,0.00101608950631,-0.00255175807873,0.000846545482542,30.0004421875,0.960989538813,0.12337444941,0.0285485277258,-0.0180643350321,30.0004421875
1789944690.87,2.43002867699,,0,6.27038640984,-1.27956604438,-0.2937585082,0.187966607497,30.37535955,8.14207843872,0.00685859532849,-0.0324026743012,0.0111926331255,30.37535955,2.00957297552,0.000939934411207,-0.00252636731076,0.000846545482542,30.37535955,0.964702716608,0.124222591139,0.0280067170982,-0.0180643350321,30.37535955
1789944690.9,2.46004724503,,0,6.23184435904,-1.28829952034,-0.28811604857,0.187966607497,30.7505897375,8.14226977423,0.00589096127438,-0.0320666891951,0.0111926331255,30.7505897375,2.00960005642,0.000864478282115,-0.00250095535715,0.000846545482542,30.7505897375,0.968444218961,0.125055169462,0.0274644543925,-0.0180643350321,30.7505897375
1789944690.94,2.50003004074,,0,6.18010604716,-1.29966900535,-0.280600588725,0.187966607497,31.2503766375,8.1424798,0.00461778685514,-0.0316191746821,0.0111926331255,31.2503766375,2.00963263077,0.000765159363349,-0.00246710796976,0.000846545482542,31.2503766375,0.973466054198,0.126138840272,0.026742188952,-0.0180643350321,31.2503766375
1789944690.97,2.52998828888,,0,6.14104514575,-1.30799096153,-0.27496943585,0.187966607497,31.6248549125,8.14260400196,0.0036755540157,-0.0312838628465,0.0111926331255,31.6248549125,2.0096544503,0.00069162898262,-0.0024417469384,0.000846545482542,31.6248549125,0.977256874196,0.126931883427,0.0262010128702,-0.0180643350321,31.6248549125
1789944691,2.56001448631,,0,6.10164825505,-1.31616247266,-0.269325543163,0.187966607497,32.0001804,8.1427003126,0.00274126896185,-0.0309477924078,0.0111926331255,32.0001804,2.0096741203,0.000618694600869,-0.00241632853072,0.000846545482542,32.0001804,0.981079865309,0.127710452993,0.0256586124421,-0.0180643350321,32.0001804
1789944691.04,2.60003185272,,0,6.04876533797,-1.32678965216,-0.261803625725,0.187966607497,32.5003967375,8.14278535068,0.00151178350871,-0.0304998933718,0.0111926331255,32.5003967375,2.0096969531,0.000522677462802,-0.00238245206026,0.000846545482542,32.5003967375,0.986210845434,0.128722777588,0.0249357264013,-0.0180643350321,32.5003967375
1789944691.07,2.62999272346,,0,6.00889664083,-1.33454920256,-0.256171945604,0.187966607497,32.874910075,8.14281700615,0.000602997780411,-0.0301645501409,0.0111926331255,32.874910075,2.00971154754,0.000451676614352,-0.00235708865434,0.000846545482542,32.874910075,0.990078628195,0.129461770692,0.0243944996491,-0.0180643350321,32.874910075
1789944691.1,2.66000676155,,0,5.96872710953,-1.34215325233,-0.250530339154,0.187966607497,33.250083525,8.14282156828,-0.000297315941859,-0.0298286158381,0.0111926331255,33.250083525,2.00972404625,0.000381312545708,-0.0023316805432,0.000846545482542,33.250083525,0.993975184007,0.130185807707,0.0238523189374,-0.0180643350321,33.250083525
1789944691.14,2.69998884201,,0,5.91486676133,-1.35201974267,-0.243015039457,0.187966607497,33.749859775,8.14278595865,-0.00148098054879,-0.0293811108612,0.0111926331255,33.749859775,2.00973743727,0.000288763691457,-0.00229783387706,0.000846545482542,33.749859775,0.999199158343,0.131125034972,0.0231300688878,-0.0180643350321,33.749859775
1789944691.17,2.73002052307,,0,5.87415448765,-1.35923314809,-0.237370071224,0.187966607497,34.1252567875,8.14272828322,-0.00235829969286,-0.0290449763782,0.0111926331255,34.1252567875,2.00974507696,0.000220137446152,-0.00227241062545,0.000846545482542,34.1252567875,1.00314742309,0.1318115255,0.0225875650954,-0.0180643350321,34.1252567875
1789944691.2,2.76005864143,,0,5.83321943743,-1.36627849917,-0.231723907336,0.187966607497,34.5007333125,8.1426443914,-0.00322570674319,-0.0287087706989,0.0111926331255,34.5007333125,2.00975066811,0.000152260412793,-0.00224698198897,0.000846545482542,34.5007333125,1.00711690243,0.132481863913,0.0220449463959,-0.0180643350321,34.5007333125
1789944691.24,2.79997062683,,0,5.77850616782,-1.37537731708,-0.224221812857,0.187966607497,34.9996314,8.14249290019,-0.00436261212346,-0.0282620520381,0.0111926331255,34.9996314,2.00975496441,6.3253466092e-05,-0.00221319479519,0.000846545482542,34.9996314,1.0124218652,0.133347330599,0.0213239654199,-0.0180643350321,34.9996314
1789944691.27,2.83000087738,,0,5.73710270069,-1.382026044,-0.218577089545,0.187966607497,35.375012125,8.14234919571,-0.00520628757293,-0.0279259321391,0.0111926331255,35.375012125,2.0097558698,-2.82806786846e-06,-0.00218777264663,0.000846545482542,35.375012125,1.01643588035,0.133979553582,0.0207814851655,-0.0180643350321,35.375012125
1789944691.3,2.86005377769,,0,5.69547121746,-1.38850999542,-0.2129281836,0.187966607497,35.750671,8.14218017243,-0.00604048311362,-0.0275895631816,0.0111926331255,35.750671,2.00975480068,-6.81942794781e-05,-0.00216233166074,0.000846545482542,35.750671,1.02047163186,0.134595935988,0.0202386029434,-0.0180643350321,35.750671
1789944691.34,2.90000700951,,0,5.63982765114,-1.39686716589,-0.205418288882,0.187966607497,36.2500878125,8.1419169337,-0.00713384521883,-0.0271423800489,0.0111926331255,36.2500878125,2.00975035925,-0.00015391100484,-0.00212850933702,0.000846545482542,36.2500878125,1.02586515085,0.135390118098,0.0195168723337,-0.0180643350321,36.2500878125
1789944691.37,2.92999815941,,0,5.59784251035,-1.40294335434,-0.199780960929,0.187966607497,36.6249767375,8.14169082522,-0.00794284173149,-0.0268067005129,0.0111926331255,36.6249767375,2.00974478983,-0.000217366651188,-0.00210312049495,0.000846545482542,36.6249767375,1.02993434749,0.135967326705,0.0189751028024,-0.0180643350321,36.6249767375
1789944691.4,2.96000576019,,0,5.55565453843,-1.40885366105,-0.194140546376,0.187966607497,37.000070925,8.14144046145,-0.00874220552005,-0.0264708371826,0.0111926331255,37.000070925,2.00973732413,-0.000280094976197,-0.00207771775175,0.000846545482542,37.000070925,1.03402285354,0.136528589732,0.0184330366367,-0.0180643350321,37.000070925
1789944691.44,2.9999961853,,0,5.49916060471,-1.4164671283,-0.186623676217,0.187966607497,37.4999516125,8.14106980941,-0.00979183650955,-0.0260232386913,0.0111926331255,37.4999516125,2.00972447065,-0.000362506941237,-0.00204386401273,0.000846545482542,37.4999516125,1.03949724081,0.137251290682,0.0177106356594,-0.0180643350321,37.4999516125
1789944691.47,3.03000450134,,0,5.45657165929,-1.42198275506,-0.180983118621,0.187966607497,37.8750553125,8.14076430655,-0.0105677100882,-0.0256873668435,0.0111926331255,37.8750553125,2.009712676,-0.00042345866133,-0.00201846062531,0.000846545482542,37.8750553125,1.04362381101,0.137774623232,0.0171685557468,-0.0180643350321,37.8750553125
1789944691.5,3.06000232697,,0,5.41383446757,-1.42732730892,-0.175344500653,0.187966607497,38.250030025,8.14043578923,-0.0113332431223,-0.0253516104924,0.0111926331255,38.250030025,2.00969906872,-0.000483627502652,-0.00199306597339,0.000846545482542,38.250030025,1.04776441452,0.138281517318,0.0166266622399,-0.0180643350321,38.250030025
1789944691.54,3.10000085831,,0,5.35660516839,-1.43419047416,-0.167826106837,0.187966607497,38.7500120375,8.13996231536,-0.0123383175987,-0.0249039212736,0.0111926331255,38.7500120375,2.009678139,-0.000562670085906,-0.00195920537227,0.000846545482542,38.7500120375,1.05330858393,0.138932109453,0.0159041148332,-0.0180643350321,38.7500120375
1789944691.57,3.12999844551,,0,5.31350836749,-1.4391402679,-0.1621875774,0.187966607497,39.1249808625,8.13958104206,-0.0130803372791,-0.0245681701942,0.0111926331255,39.1249808625,2.00966038262,-0.000621060478684,-0.00193381111908,0.000846545482542,39.1249808625,1.05748327511,0.139401065634,0.0153622298347,-0.0180643350321,39.1249808625
1789944691.6,3.16004514694,,0,5.27019470799,-1.44392860802,-0.156539816548,0.187966607497,39.5005635875,8.1391769827,-0.0138134753534,-0.0242318694223,0.0111926331255,39.5005635875,2.00964085275,-0.000678782832349,-0.00190837529035,0.000846545482542,39.5005635875,1.06167865852,0.139854494452,0.0148194576606,-0.0180643350321,39.5005635875
1789944691.64,3.19998240471,,0,5.21240508725,-1.45003050054,-0.149032916138,0.187966607497,39.999781275,8.13860610215,-0.01477230747,-0.0237848645882,0.0111926331255,39.999781275,2.00961223098,-0.000754323289493,-0.00187456645209,0.000846545482542,39.999781275,1.06727571221,0.140431939001,0.0140980148157,-0.0180643350321,39.999781275
1789944691.67,3.23002576828,,0,5.16877500306,-1.45442310925,-0.143385782343,0.187966607497,40.3753223,8.13815161004,-0.0154818316356,-0.0234486011549,0.0111926331255,40.3753223,2.00958872647,-0.000810259372576,-0.00184913344743,0.000846545482542,40.3753223,1.07150102934,0.140847337212,0.0135553029042,-0.0180643350321,40.3753223
1789944691.7,3.26002192497,,0,5.12508411068,-1.45863958037,-0.137747490121,0.187966607497,40.75027535,8.13767671436,-0.0161801661735,-0.0231128642007,0.0111926331255,40.75027535,2.00956359364,-0.000865345580569,-0.00182374026258,0.000846545482542,40.75027535,1.07573193754,0.14124581847,0.0130134407029,-0.0180643350321,40.75027535
1789944691.74,3.3000254631,,0,5.06662516654,-1.4639995664,-0.130228162298,0.187966607497,41.250319475,8.13701107646,-0.0170958066429,-0.0226651193657,0.0111926331255,41.250319475,2.00952752654,-0.000937624272952,-0.00178987545498,0.000846545482542,41.250319475,1.08139248873,0.141751948017,0.0122908035345,-0.0180643350321,41.250319475
1789944691.77,3.33005213737,,0,5.02260834779,-1.46782514291,-0.124584160215,0.187966607497,41.6256522375,8.13648758024,-0.0177713179644,-0.0223290424128,0.0111926331255,41.6256522375,2.0094985698,-0.000990986563032,-0.00176445655461,0.000846545482542,41.6256522375,1.08565427992,0.142112855933,0.0117483925929,-0.0180643350321,41.6256522375
1789944691.8,3.36000037193,,0,4.97859453709,-1.47147192613,-0.118954890765,0.187966607497,42.0000052625,8.13594539719,-0.0184350142096,-0.0219938427274,0.0111926331255,42.0000052625,2.00946810402,-0.00104344930279,-0.00173910400564,0.000846545482542,42.0000052625,1.0899154978,0.142456598712,0.0112073975158,-0.0180643350321,42.0000052625
1789944691.84,3.40001511574,,0,4.91962075549,-1.47608139013,-0.111433457341,0.187966607497,42.5001894125,8.13519023652,-0.0193061312286,-0.0215459725125,0.0111926331255,42.5001894125,2.00942496741,-0.00111236134817,-0.00170522971503,0.000846545482542,42.5001894125,1.09562464005,0.142890597605,0.0104845579907,-0.0180643350321,42.5001894125
1789944691.87,3.43000125885,,0,4.87530943833,-1.47933834826,-0.105797054183,0.187966607497,42.8750168375,8.13460168266,-0.0199471808901,-0.0212103480442,0.0111926331255,42.8750168375,2.00939084908,-0.00116311410229,-0.00167984503796,0.000846545482542,42.8750168375,1.09991401776,0.143196868124,0.00994287733593,-0.0180643350321,42.8750168375
1789944691.9,3.46000957489,,0,4.83087031578,-1.48242849981,-0.100156507866,0.187966607497,43.2501197875,8.13399360345,-0.0205786265691,-0.0208744768679,0.0111926331255,43.2501197875,2.00935519354,-0.00121314213397,-0.00165444170133,0.000846545482542,43.2501197875,1.10421549857,0.143487102919,0.0094007985071,-0.0180643350321,43.2501197875
1789944691.94,3.49999070168,,0,4.7715229858,-1.48628264596,-0.0926413758341,0.187966607497,43.7498848875,8.13315428043,-0.0214042676754,-0.0204269818748,0.0111926331255,43.7498848875,2.00930537736,-0.00127861211155,-0.00162059579031,0.000846545482542,43.7498848875,1.10995960743,0.143848520307,0.0086785645708,-0.0180643350321,43.7498848875
1789944691.97,3.52999687195,,0,4.72688477148,-1.48897782183,-0.0870012550726,0.187966607497,44.1249595375,8.13250287917,-0.0220121604313,-0.0200911360387,0.0111926331255,44.1249595375,2.00926628562,-0.00132685856631,-0.00159519437027,0.000846545482542,44.1249595375,1.11427974768,0.144100796885,0.00813652663962,-0.0180643350321,44.1249595375
1789944692,3.55999493599,,0,4.68218000027,-1.49150311805,-0.0813626183075,0.187966607497,44.4999355,8.13183356719,-0.0226098198379,-0.0197553785683,0.0111926331255,44.4999355,2.00922576847,-0.00137433043323,-0.0015697996337,0.000846545482542,44.4999355,1.11860607417,0.144336749129,0.00759463132638,-0.0180643350321,44.4999355
1789944692.04,3.59997963905,,0,4.62247956226,-1.49460612439,-0.0738468178669,0.187966607497,44.99974505,8.13091384587,-0.0233907867012,-0.0193078437743,0.0111926331255,44.99974505,2.00916957033,-0.00143642178055,-0.00153595071236,0.000846545482542,44.99974505,1.12438322363,0.144625978209,0.0068723331533,-0.0180643350321,44.99974505
1789944692.07,3.63000798225,,0,4.57756642009,-1.49673888398,-0.0682024731198,0.187966607497,45.3751006,8.13020280243,-0.0239655249664,-0.0189717464173,0.0111926331255,45.3751006,2.00912574815,-0.00148216232231,-0.00151053026875,0.000846545482542,45.3751006,1.12872913362,0.144824199307,0.00632988928039,-0.0180643350321,45.3751006
1789944692.1,3.66000771523,,0,4.53263478299,-1.49870035756,-0.0625635218865,0.187966607497,45.750097475,8.1294753559,-0.024529636015,-0.0186359702217,0.0111926331255,45.750097475,2.00908060774,-0.00152709691363,-0.00148513411591,0.000846545482542,45.750097475,1.1330765905,0.145005965588,0.00578796374551,-0.0180643350321,45.750097475
1789944692.14,3.69999194145,,0,4.47266260008,-1.50105164953,-0.0550478475715,0.187966607497,46.2498986375,8.12847978298,-0.0252658313952,-0.0181884429378,0.0111926331255,46.2498986375,2.00901837001,-0.00158580195638,-0.00145128576261,0.000846545482542,46.2498986375,1.13887895675,0.145222952092,0.0050656776936,-0.0180643350321,46.2498986375
1789944692.17,3.72998142242,,0,4.42762299256,-1.50261797821,-0.0494108342739,0.187966607497,46.6247666375,8.12771394612,-0.0258062594737,-0.0178527821383,0.0111926331255,46.6247666375,2.00897016388,-0.00162894452635,-0.00142589833765,0.000846545482542,46.6247666375,1.14323630851,0.145366745701,0.00452393840202,-0.0180643350321,46.6247666375
1789944692.2,3.76000571251,,0,4.38248646245,-1.50401678344,-0.0437672616937,0.187966607497,47.0000708375,8.12693113401,-0.0263372325434,-0.0175167307606,0.0111926331255,47.0000708375,2.00892061703,-0.00167137461338,-0.00140048137164,0.000846545482542,47.0000708375,1.14760280611,0.145494431803,0.00398156873739,-0.0180643350321,47.0000708375
1789944692.24,3.79999232292,,0,4.32231276482,-1.50561661952,-0.0362510920866,0.187966607497,47.4999049375,8.12586410944,-0.0270287211262,-0.0170691739842,0.0111926331255,47.4999049375,2.0088526736,-0.00172669849401,-0.00136663078769,0.000846545482542,47.4999049375,1.15342364303,0.145639199829,0.00325923508596,-0.0180643350321,47.4999049375
1789944692.27,3.82999539375,,0,4.27712442086,-1.50661965626,-0.0306115476307,0.187966607497,47.8749412625,8.12504553702,-0.027535808288,-0.0167333624647,0.0111926331255,47.8749412625,2.00880025634,-0.0017673203698,-0.00134123196316,0.000846545482542,47.8749412625,1.15779462788,0.145728855828,0.00271725254004,-0.0180643350321,47.8749412625
1789944692.3,3.85998487473,,0,4.23192871501,-1.50745315575,-0.0249745211755,0.187966607497,48.2498101375,8.12421227719,-0.0280326004658,-0.0163977008816,0.0111926331255,48.2498101375,2.00874665594,-0.00180716258006,-0.00131584447894,0.000846545482542,48.2498101375,1.16216610556,0.145802221633,0.00217551198395,-0.0180643350321,48.2498101375
1789944692.34,3.9000222683,,0,4.17155627303,-1.50830241522,-0.017448835571,0.187966607497,48.7502770625,8.12307690309,-0.0286801501829,-0.015949577467,0.0111926331255,48.7502770625,2.00867325634,-0.00185916700943,-0.00128195103778,0.000846545482542,48.7502770625,1.16800519116,0.145874844905,0.0014522638075,-0.0180643350321,48.7502770625
1789944692.37,3.92998147011,,0,4.12636162585,-1.5087408143,-0.0118174907824,0.187966607497,49.1247681,8.12221055868,-0.0291529650657,-0.0156142542037,0.0111926331255,49.1247681,2.00861698551,-0.00189719343125,-0.0012565891421,0.000846545482542,49.1247681,1.17237606771,0.145910246787,0.000911069282062,-0.0180643350321,49.1247681
1789944692.4,3.95998644829,,0,4.08108744471,-1.50901078469,-0.00617756024316,0.187966607497,49.4998301,8.12132884678,-0.029616431788,-0.0152784196944,0.0111926331255,49.4998301,2.00855949846,-0.00193451626675,-0.00123118857875,0.000846545482542,49.4998301,1.17675442761,0.145929451746,0.000369049631996,-0.0180643350321,49.4998301
1789944692.44,4.00000953674,,0,4.02068919021,-1.50910748276,0.00134544928079,0.187966607497,50.0001190625,8.1201313876,-0.0302189573079,-0.0148304556293,0.0111926331255,50.0001190625,2.00848109605,-0.0019831142519,-0.00119730718986,0.000846545482542,50.0001190625,1.18259508169,0.145929754086,-0.000353941362522,-0.0180643350321,50.0001190625
1789944692.47,4.02999544144,,0,3.97543888533,-1.50898263366,0.00698177330478,0.187966607497,50.374941225,8.11921863172,-0.030658628075,-0.0144948358731,0.0111926331255,50.374941225,2.00842109636,-0.00201863584926,-0.00117192286919,0.000846545482542,50.374941225,1.18697065788,0.145911019638,-0.000895614412192,-0.0180643350321,50.374941225
1789944692.5,4.05998754501,,0,3.93018480568,-1.50868869095,0.0126193497503,0.187966607497,50.749846675,8.11829263572,-0.0310883293668,-0.0141591415404,0.0111926331255,50.749846675,2.00836002926,-0.00205340391752,-0.00114653290798,0.000846545482542,50.749846675,1.19134640074,0.145876033128,-0.00143740782453,-0.0180643350321,50.749846675
1789944692.54,4.10001373291,,0,3.86980996566,-1.50803301756,0.0201429241139,0.187966607497,51.2501732,8.11703706797,-0.0316460990883,-0.0137111438415,0.0111926331255,51.2501732,2.00827693009,-0.00209861706236,-0.00111264897522,0.000846545482542,51.2501732,1.19718390815,0.145804028917,-0.00216045310237,-0.0180643350321,51.2501732
1789944692.57,4.12998056412,,0,3.82462897737,-1.50734500155,0.0257756758325,0.187966607497,51.6247578,8.1160826305,-0.0320519522223,-0.0133757368013,0.0111926331255,51.6247578,2.00821354553,-0.0021315794541,-0.00108728074314,0.000846545482542,51.6247578,1.20155213259,0.145731176169,-0.00270178283935,-0.0180643350321,51.6247578
1789944692.6,4.15998268127,,0,3.77941800803,-1.5064870824,0.0314150563815,0.187966607497,51.999783225,8.11511503722,-0.0324482141647,-0.0130399350417,0.0111926331255,51.999783225,2.00814910828,-0.0021638190908,-0.00106188265679,0.000846545482542,51.999783225,1.20592306702,0.145641987135,-0.00324374963317,-0.0180643350321,51.999783225
1789944692.64,4.20002841949,,0,3.71911707681,-1.50507833249,0.0389422861317,0.187966607497,52.5003528375,8.11380529409,-0.0329614312636,-0.0125917196796,0.0111926331255,52.5003528375,2.00806161453,-0.00220566400569,-0.00102798226126,0.000846545482542,52.5003528375,1.211752589,0.145497604922,-0.00396714620814,-0.0180643350321,52.5003528375
1789944692.67,4.22999858856,,0,3.6740274686,-1.50382679427,0.0445757382139,0.187966607497,52.8749840125,8.1128118188,-0.0333337845404,-0.0122562709357,0.0111926331255,52.8749840125,2.0079950518,-0.00223609294539,-0.00100261087495,0.000846545482542,52.8749840125,1.21611136134,0.145370594622,-0.00450854325284,-0.0180643350321,52.8749840125
1789944692.7,4.25999832153,,0,3.62893432091,-1.50240496226,0.0502146424555,0.187966607497,53.2499777625,8.11180635715,-0.0336964300233,-0.0119204975382,0.0111926331255,53.2499777625,2.00792752278,-0.00226578983757,-0.00097721493375,0.000846545482542,53.2499777625,1.22047029643,0.145227211899,-0.00505046427163,-0.0180643350321,53.2499777625
1789944692.74,4.30000448227,,0,3.56887091507,-1.50024564215,0.0577344824865,0.187966607497,53.75005595,8.11044886925,-0.0341643675804,-0.0114727222033,0.0111926331255,53.75005595,2.00783610404,-0.00230420709919,-0.000943347819307,0.000846545482542,53.75005595,1.22627605889,0.145010705749,-0.00577315066534,-0.0180643350321,53.75005595
1789944692.77,4.32999563217,,0,3.52390371869,-1.49842958716,0.0633718064928,0.187966607497,54.1249446125,8.10941913318,-0.0345034133644,-0.0111370429023,0.0111926331255,54.1249446125,2.0077665779,-0.00233211841207,-0.000917958995011,0.000846545482542,54.1249446125,1.23062241086,0.144829438526,-0.00631491981727,-0.0180643350321,54.1249446125
1789944692.8,4.35997247696,,0,3.47901442241,-1.49644542643,0.0690065053575,0.187966607497,54.4996587,8.1083798662,-0.0348322409063,-0.0108015199176,0.0111926331255,54.4996587,2.00769625904,-0.00235925582065,-0.00089258199357,0.000846545482542,54.4996587,1.23496106285,0.144632018813,-0.0068564366827,-0.0180643350321,54.4996587
1789944692.84,4.39997339249,,0,3.41921274766,-1.49353473821,0.0765253040535,0.187966607497,54.9996676375,8.10697802953,-0.0352553549995,-0.0103538065899,0.0111926331255,54.9996676375,2.00760118206,-0.00239428247799,-0.000858719568988,0.000846545482542,54.9996676375,1.24074076897,0.144343304459,-0.00757902299998,-0.0180643350321,54.9996676375
1789944692.87,4.42999982834,,0,3.37440262279,-1.49115222499,0.0821692644089,0.187966607497,55.374997625,8.10591482125,-0.0355611969743,-0.0100177321218,0.0111926331255,55.374997625,2.00752890709,-0.0024196851182,-0.000833300856557,0.000846545482542,55.374997625,1.24507138055,0.144107590426,-0.00812142993133,-0.0180643350321,55.374997625
1789944692.9,4.46003627777,,0,3.32965182845,-1.48859937373,0.0878150875134,0.187966607497,55.7504514875,8.10484222581,-0.0358570437877,-0.0096815467347,0.0111926331255,55.7504514875,2.00745585661,-0.00244433253207,-0.000807873754861,0.000846545482542,55.7504514875,1.24939609559,0.143855504008,-0.00866401588023,-0.0180643350321,55.7504514875
1789944692.94,4.50002288818,,0,3.27020010077,-1.48493768031,0.0953312214068,0.187966607497,56.2502832125,8.103400806,-0.0362352272436,-0.00923399208491,0.0111926331255,56.2502832125,2.00735747937,-0.00247595982606,-0.000774023331755,0.000846545482542,56.2502832125,1.25514126012,0.143494618265,-0.00938634609944,-0.0180643350321,56.2502832125
1789944692.97,4.53000164032,,0,3.22572692606,-1.48199528509,0.100966261055,0.187966607497,56.6250199625,8.1023104131,-0.0365070229224,-0.008898448808,0.0111926331255,56.6250199625,2.0072829087,-0.00249878381427,-0.000748644795527,0.000846545482542,56.6250199625,1.25943877763,0.143205108017,-0.00992789571551,-0.0180643350321,56.6250199625
1789944693,4.56001472473,,0,3.18129393786,-1.47888031307,0.106607726342,0.187966607497,57.000184025,8.10121076588,-0.0367690520858,-0.00856252291092,0.0111926331255,57.000184025,2.00720757902,-0.00252087170523,-0.000723237320141,0.000846545482542,57.000184025,1.26373225758,0.142899004777,-0.0104700628609,-0.0180643350321,57.000184025
1789944693.04,4.60001087189,,0,3.12223169909,-1.47446607058,0.114125666218,0.187966607497,57.50013585,8.09973341616,-0.0371025676212,-0.00811486072231,0.0111926331255,57.50013585,2.00710618441,-0.00254912130479,-0.000689378763425,0.000846545482542,57.50013585,1.26943909997,0.142465793931,-0.0111925666422,-0.0180643350321,57.50013585
1789944693.07,4.6300110817,,0,3.07804952221,-1.47095768328,0.119764715194,0.187966607497,57.875139225,8.09861672773,-0.0373409788583,-0.00777907870654,0.0111926331255,57.875139225,2.00702940367,-0.0025694219015,-0.000663982170382,0.000846545482542,57.875139225,1.27370799422,0.142121884812,-0.0117345015705,-0.0180643350321,57.875139225
1789944693.1,4.66001939774,,0,3.03396334446,-1.46727911524,0.12540527467,0.187966607497,58.25024305,8.09749273609,-0.0375693763582,-0.00744320674676,0.0111926331255,58.25024305,2.00695200453,-0.00258896572521,-0.000638578774499,0.000846545482542,58.25024305,1.27796746642,0.141761618846,-0.0122765816639,-0.0180643350321,58.25024305
1789944693.14,4.6999745369,,0,2.97544001474,-1.46211848604,0.13291551769,0.187966607497,58.749683025,8.09598582198,-0.0378578370979,-0.00699600287409,0.0111926331255,58.749683025,2.00684806117,-0.00261380454643,-0.000604754882128,0.000846545482542,58.749683025,1.28362158865,0.141256686481,-0.0129983457468,-0.0180643350321,58.749683025
1789944693.17,4.7299952507,,0,2.93160740595,-1.45804361203,0.138558346298,0.187966607497,59.12493775,8.09484621339,-0.038062816219,-0.00665999579685,0.0111926331255,59.12493775,2.00676932508,-0.00263157805341,-0.000579341266748,0.000846545482542,59.12493775,1.28785622911,0.140858331231,-0.0135406439128,-0.0180643350321,59.12493775
1789944693.2,4.75998830795,,0,2.887939025,-1.45380324178,0.144196086462,0.187966607497,59.4998540875,8.09370163833,-0.0382575370797,-0.00632429171538,0.0111926331255,59.4998540875,2.00669013857,-0.00264857363838,-0.0005539505682,0.000846545482542,59.4998540875,1.29207486448,0.140444077217,-0.0140824530592,-0.0180643350321,59.4998540875
1789944693.24,4.80001401901,,0,2.82986685546,-1.44788110587,0.151719606316,0.187966607497,60.0001769875,8.09216540222,-0.0385017064421,-0.00587629726226,0.0111926331255,60.0001769875,2.00658369252,-0.00267006785937,-0.000520066880936,0.000846545482542,60.0001769875,1.29768478194,0.139865945177,-0.0148054930984,-0.0180643350321,60.0001769875
1789944693.27,4.82999229431,,0,2.78653099174,-1.44324836167,0.15735450856,0.187966607497,60.3749046,8.09100859979,-0.0386728379389,-0.00554076216717,0.0111926331255,60.3749046,2.00650341878,-0.00268527814076,-0.000494688963532,0.000846545482542,60.3749046,1.30187097857,0.139413985864,-0.0153470295094,-0.0180643350321,60.3749046
1789944693.3,4.85998916626,,0,2.74330960654,-1.43844364118,0.16299293048,0.187966607497,60.749866275,8.08984609074,-0.0388340081605,-0.00520501749001,0.0111926331255,60.749866275,2.00642264991,-0.00269973642535,-0.000469295194564,0.000846545482542,60.749866275,1.30604598468,0.138945494744,-0.0158889041751,-0.0180643350321,60.749866275
1789944693.34,4.90002632141,,0,2.68585120883,-1.43176723257,0.170518559506,0.187966607497,61.2503294375,8.08828723948,-0.0390334310186,-0.00475689744436,0.0111926331255,61.2503294375,2.00631419334,-0.00271784713028,-0.000435402008213,0.000846545482542,61.2503294375,1.31159602492,0.138294871591,-0.0166121469142,-0.0180643350321,61.2503294375
1789944693.37,4.92998456955,,0,2.64303551441,-1.42657446795,0.176149685877,0.187966607497,61.62480595,8.08711578676,-0.0391709160952,-0.00442158718688,0.0111926331255,61.62480595,2.00623258016,-0.00273051107369,-0.000410041096215,0.000846545482542,61.62480595,1.31573154385,0.137789096613,-0.0171533204489,-0.0180643350321,61.62480595
1789944693.4,4.9599905014,,0,2.60031010795,-1.42120433257,0.181789779948,0.187966607497,61.999878825,8.08593849082,-0.039298550846,-0.00408574294006,0.0111926331255,61.999878825,2.00615046813,-0.00274243360357,-0.000384639796379,0.000846545482542,61.999878825,1.31985821673,0.137266264885,-0.0176953558149,-0.0180643350321,61.999878825
1789944693.44,5.00006580353,,0,2.5435023826,-1.41376804144,0.189322668809,0.187966607497,62.500824775,8.08436041392,-0.0394533017372,-0.00363719060134,0.0111926331255,62.500824775,2.00604026345,-0.00275716850209,-0.000350713913901,0.000846545482542,62.500824775,1.32534485141,0.136542605338,-0.0184192962528,-0.0180643350321,62.500824775
1789944693.47,5.02998733521,,0,2.50128602113,-1.40801909552,0.194946896993,0.187966607497,62.87484255,8.08317833683,-0.0395571213174,-0.0033022911023,0.0111926331255,62.87484255,2.00595761183,-0.00276728340862,-0.000325384069276,0.000846545482542,62.87484255,1.32942207435,0.135983387379,-0.0189598068445,-0.0180643350321,62.87484255
1789944693.5,5.06000947952,,0,2.45910327111,-1.40208170455,0.200590017514,0.187966607497,63.2501166875,8.08198931793,-0.0396512184215,-0.0029662666429,0.0111926331255,63.2501166875,2.00587438982,-0.00277667056406,-0.000299969139211,0.000846545482542,63.2501166875,1.33349593236,0.135406036526,-0.0195021330644,-0.0180643350321,63.2501166875
1789944693.54,5.10001373291,,0,2.40317661018,-1.39390685421,0.208109473341,0.187966607497,63.750169325,8.08040084814,-0.0397609255863,-0.0025185141857,0.0111926331255,63.750169325,2.00576308031,-0.00278799321381,-0.000266103755106,0.000846545482542,63.750169325,1.33889694628,0.134611414569,-0.0202247825346,-0.0180643350321,63.750169325
1789944693.57,5.13000297546,,0,2.36146849701,-1.38758123366,0.213746494157,0.187966607497,64.125037825,8.07920735643,-0.0398314213639,-0.00218285293844,0.0111926331255,64.125037825,2.00567935399,-0.00279559284871,-0.000240716296288,0.000846545482542,64.125037825,1.34292469663,0.133996760607,-0.0207665225487,-0.0180643350321,64.125037825
1789944693.6,5.16004705429,,0,2.31987722346,-1.38107458471,0.219393776635,0.187966607497,64.5005887375,8.07800972372,-0.0398919516624,-0.00184658065175,0.0111926331255,64.5005887375,2.00559525818,-0.00280244288111,-0.000215282622013,0.000846545482542,64.5005887375,1.34694105103,0.133364696834,-0.0213092487491,-0.0180643350321,64.5005887375
1789944693.64,5.19998311996,,0,2.26489950668,-1.37216297057,0.226900420846,0.187966607497,64.9997893875,8.07641524293,-0.0399567713038,-0.00139959107324,0.0111926331255,64.9997893875,2.00548317699,-0.00281036534637,-0.000181474937602,0.000846545482542,64.9997893875,1.3522499258,0.13249928427,-0.0220306669723,-0.0180643350321,64.9997893875
1789944693.67,5.22999763489,,0,2.22381747457,-1.36526795043,0.232542185563,0.187966607497,65.3749733625,8.07521537172,-0.0399937380071,-0.0010636473463,0.0111926331255,65.3749733625,2.00539874673,-0.00281543094611,-0.000156066113669,0.000846545482542,65.3749733625,1.35621684951,0.131829903085,-0.0225728628942,-0.0180643350321,65.3749733625
1789944693.7,5.25999212265,,0,2.18297292845,-1.35820850325,0.238180076289,0.187966607497,65.7498997125,8.0740153671,-0.0400206064538,-0.000727934299527,0.0111926331255,65.7498997125,2.005314234,-0.00281973121413,-0.000130674737039,0.000846545482542,65.7498997125,1.36016073482,0.13114472444,-0.0231146865101,-0.0180643350321,65.7498997125
1789944693.74,5.30001783371,,0,2.12880246401,-1.34852460945,0.245703573586,0.187966607497,66.2502211125,8.07241305036,-0.0400407769208,-0.000279941189525,0.0111926331255,66.2502211125,2.00520127662,-0.0028242834562,-9.67911513596e-05,0.000846545482542,66.2502211125,1.3653911872,0.130205072602,-0.0238377243815,-0.0180643350321,66.2502211125
1789944693.77,5.32999372482,,0,2.08849057335,-1.34107499618,0.251338025651,0.187966607497,66.6249187875,8.07121271995,-0.0400441398188,5.55670992151e-05,0.0111926331255,66.6249187875,2.00511657674,-0.00282680451827,-7.14152614324e-05,0.000846545482542,66.6249187875,1.36928339946,0.12948240156,-0.0243792175285,-0.0180643350321,66.6249187875
1789944693.8,5.35999059677,,0,2.04837599975,-1.33345098895,0.256976498321,0.187966607497,66.9998838375,8.07001158307,-0.0400374372151,0.000391314798377,0.0111926331255,66.9998838375,2.00503175219,-0.00282856590197,-4.60212638973e-05,0.000846545482542,66.9998838375,1.37315645961,0.128742965763,-0.0249210970716,-0.0180643350321,66.9998838375
1789944693.84,5.40005540848,,0,1.9951597675,-1.32300440652,0.264507349624,0.187966607497,67.5006942875,8.06840792376,-0.0400127760944,0.000839745808958,0.0111926331255,67.5006942875,2.0049183983,-0.00282973030273,-1.21045579727e-05,0.000846545482542,67.5006942875,1.37829433023,0.127730007741,-0.0256448416921,-0.0180643350321,67.5006942875
1789944693.87,5.42998695374,,0,1.95567944189,-1.31500307593,0.270133492813,0.187966607497,67.8748394125,8.06721070313,-0.0399826274032,0.00117475933854,0.0111926331255,67.8748394125,2.00483369827,-0.00282971340105,1.3233911258e-05,0.000846545482542,67.8748394125,1.38210592665,0.126954324411,-0.0261855363232,-0.0180643350321,67.8748394125
1789944693.9,5.46001625061,,0,1.91631345815,-1.3068064043,0.275777999587,0.187966607497,68.2502057375,8.06601063277,-0.0399423036655,0.00151086634361,0.0111926331255,68.2502057375,2.00474873373,-0.00282893430579,3.86550845961e-05,0.000846545482542,68.2502057375,1.38590638885,0.126159846088,-0.0267279957675,-0.0180643350321,68.2502057375
1789944693.94,5.49999713898,,0,1.86428916406,-1.29563045058,0.283292988388,0.187966607497,68.7499613125,8.06441504838,-0.039872953201,0.00195835280789,0.0111926331255,68.7499613125,2.00463567159,-0.00282671228385,7.25003505474e-05,0.000846545482542,68.7499613125,1.39092876187,0.125076811554,-0.0274502159388,-0.0180643350321,68.7499613125
1789944693.97,5.52998495102,,0,1.82556398807,-1.28705053533,0.288929736088,0.187966607497,69.12481165,8.06322026805,-0.0398091933987,0.00229399779225,0.0111926331255,69.12481165,2.00455094047,-0.00282415749992,9.78865793346e-05,0.000846545482542,69.12481165,1.39466714474,0.124245511273,-0.0279919297055,-0.0180643350321,69.12481165
1789944694,5.55998182297,,0,1.78708720437,-1.27829894963,0.294568165526,0.187966607497,69.499773825,8.06202719515,-0.0397353447377,0.00262974291711,0.0111926331255,69.499773825,2.00446627214,-0.00282084033013,0.000123280382164,0.000846545482542,69.499773825,1.39838145901,0.123397710775,-0.0285338050938,-0.0180643350321,69.499773825
1789944694.04,5.60000896454,,0,1.7361586964,-1.26635768908,0.302091907556,0.187966607497,70.0001115,8.06043893422,-0.0396211177762,0.00307775059992,0.0111926331255,70.0001115,2.00435347013,-0.0028152276331,0.000157165070046,0.000846545482542,70.0001115,1.40329764995,0.122241116765,-0.029256866485,-0.0180643350321,70.0001115
1789944694.07,5.63000917435,,0,1.6983043632,-1.25721025149,0.307730964051,0.187966607497,70.375115375,8.05925172378,-0.0395237475151,0.0034135330634,0.0111926331255,70.375115375,2.00426908696,-0.00281013167894,0.000182561696951,0.000846545482542,70.375115375,1.40695167419,0.121355272582,-0.0297988021359,-0.0180643350321,70.375115375
1789944694.1,5.66000461578,,0,1.66073318315,-1.24789519476,0.313369088231,0.187966607497,70.75005725,8.0580677811,-0.0394163222725,0.00374926001142,0.0111926331255,70.75005725,2.00418488201,-0.00280427484956,0.000207954124991,0.000846545482542,70.75005725,1.41057828151,0.120453320651,-0.0303406481877,-0.0180643350321,70.75005725
1789944694.14,5.70002365112,,0,1.61104660791,-1.23520396137,0.320891323708,0.187966607497,71.2502947375,8.05649350116,-0.0392573180254,0.00419717798528,0.0111926331255,71.2502947375,2.0040728333,-0.00279527485376,0.00024183202781,0.000846545482542,71.2502947375,1.41537421429,0.119224653082,-0.0310635647933,-0.0180643350321,71.2502947375
1789944694.17,5.729991436,,0,1.57417538332,-1.22550320049,0.326524240838,0.187966607497,71.6248903375,8.05531898653,-0.0391265126453,0.00453259487498,0.0111926331255,71.6248903375,2.00398917788,-0.00278764759239,0.000267201004847,0.000846545482542,71.6248903375,1.41893306722,0.118285639679,-0.0316049104269,-0.0180643350321,71.6248903375
1789944694.2,5.75999879837,,0,1.53754894704,-1.21562039574,0.332164649564,0.187966607497,71.9999841375,8.05414698864,-0.0389854615815,0.00486845785826,0.0111926331255,71.9999841375,2.00390565164,-0.0027792484211,0.0002926037218,0.000846545482542,71.9999841375,1.42246821335,0.117329122185,-0.0321469760326,-0.0180643350321,71.9999841375
1789944694.24,5.7999830246,,0,1.48921079873,-1.20218878544,0.339680353954,0.187966607497,72.4997873,8.05259219503,-0.0387818528729,0.00531598693288,0.0111926331255,72.4997873,2.00379476839,-0.00276687217659,0.00032645221055,0.000846545482542,72.4997873,1.42713364087,0.11602930927,-0.0328692649748,-0.0180643350321,72.4997873
1789944694.27,5.82998991013,,0,1.45329047829,-1.19191136812,0.345320670388,0.187966607497,72.8748749625,8.05143091118,-0.0386172969439,0.00565184442058,0.0111926331255,72.8748749625,2.0037118936,-0.00275669519728,0.00035185451185,0.000846545482542,72.8748749625,1.43060045443,0.115034868057,-0.033411321711,-0.0180643350321,72.8748749625
1789944694.3,5.85998821259,,0,1.41769172261,-1.18146785968,0.3509592955,0.187966607497,73.24985015,8.05027506228,-0.0384427168118,0.00598760119697,0.0111926331255,73.24985015,2.00362936034,-0.00274575936529,0.000377249195933,0.000846545482542,73.24985015,1.43403615774,0.114024466852,-0.0339532159043,-0.0180643350321,73.24985015
1789944694.34,5.89998197556,,0,1.37072296992,-1.16728132244,0.358476802113,0.187966607497,73.7497731625,8.04874249831,-0.0381942982923,0.00643523758656,0.0111926331255,73.7497731625,2.00351985761,-0.00272999469309,0.000411105801361,0.000846545482542,73.7497731625,1.43856908734,0.112652100316,-0.0346756780473,-0.0180643350321,73.7497731625
1789944694.37,5.93000888824,,0,1.33583538474,-1.15643257636,0.364120888782,0.187966607497,74.12511155,8.04759858699,-0.0379960211775,0.0067713195761,0.0111926331255,74.12511155,2.00343807302,-0.00271726875672,0.00043652508267,0.000846545482542,74.12511155,1.44193598621,0.111602747641,-0.0352180971179,-0.0180643350321,74.12511155
1789944694.4,5.96000146866,,0,1.30131563539,-1.14542711758,0.369758487596,0.187966607497,74.5000184875,8.04646208515,-0.0377878978173,0.00710701524071,0.0111926331255,74.5000184875,2.00335677533,-0.00270379549775,0.000461915144616,0.000846545482542,74.5000184875,1.44526731625,0.11053834201,-0.0357598926799,-0.0180643350321,74.5000184875
1789944694.44,5.99999380112,,0,1.25580503443,-1.13048929887,0.377275710004,0.187966607497,74.9999226,8.04495666186,-0.0374947210531,0.00755463470704,0.0111926331255,74.9999226,2.00324902267,-0.00268464545866,0.000495770470067,0.000846545482542,74.9999226,1.44965921247,0.109093774691,-0.0364823275096,-0.0180643350321,74.9999226
1789944694.47,6.0299987793,,0,1.22205547172,-1.11908455942,0.382915632648,0.187966607497,75.374984075,8.04383508692,-0.0372630065218,0.00789046874618,0.0111926331255,75.374984075,2.00316869708,-0.00266938883599,0.000521170997854,0.000846545482542,75.374984075,1.45291605848,0.10799099383,-0.037024346401,-0.0180643350321,75.374984075
1789944694.5,6.06000471115,,0,1.18864953524,-1.10751020484,0.388555743824,0.187966607497,75.7500580875,8.0427205786,-0.0370212070667,0.00822631401152,0.0111926331255,75.7500580875,2.00308883804,-0.00265336952434,0.000546572374726,0.000846545482542,75.7500580875,1.45613967884,0.106871912057,-0.0375663834109,-0.0180643350321,75.7500580875
1789944694.54,6.10001516342,,0,1.14465060864,-1.09181347786,0.396076365232,0.187966607497,76.2501882375,8.04124604881,-0.0366831100853,0.00867413587424,0.0111926331255,76.2501882375,2.00298312216,-0.00263082334944,0.000580443008259,0.000846545482542,76.2501882375,1.46038540648,0.105354406587,-0.038289144898,-0.0180643350321,76.2501882375
1789944694.57,6.13000011444,,0,1.1120914693,-1.07985262282,0.401712546213,0.187966607497,76.6250008875,8.04015005507,-0.0364179843635,0.00900974711282,0.0111926331255,76.6250008875,2.00290450163,-0.00261303819395,0.000605826684712,0.000846545482542,76.6250008875,1.46352716555,0.104198185287,-0.0388308042007,-0.0180643350321,76.6250008875
1789944694.6,6.15998077393,,0,1.07989832553,-1.06772460396,0.407347879465,0.187966607497,76.9997571625,8.039062325,-0.0361428374821,0.00934530787262,0.0111926331255,76.9997571625,2.0028264375,-0.00259449475537,0.000631206543244,0.000846545482542,76.9997571625,1.46663354717,0.103025899896,-0.0393723820333,-0.0180643350321,76.9997571625
1789944694.64,6.20000839233,,0,1.03748790986,-1.05126874687,0.414871785214,0.187966607497,77.500105725,8.03762320997,-0.0357597979782,0.00979332530421,0.0111926331255,77.500105725,2.00272310008,-0.00256855071149,0.000665091968467,0.000846545482542,77.500105725,1.47072572111,0.101435435092,-0.0400954591586,-0.0180643350321,77.500105725
1789944694.67,6.22999238968,,0,1.00615425581,-1.03874483783,0.420507730673,0.187966607497,77.8749027125,8.03655544932,-0.0354611260395,0.0101289225184,0.0111926331255,77.8749027125,2.00264638805,-0.00254822822108,0.000690474584198,0.000846545482542,77.8749027125,1.47374903217,0.100225102356,-0.0406370958267,-0.0180643350321,77.8749027125
1789944694.7,6.26004123688,,0,0.975131758558,-1.02602415998,0.426155930239,0.187966607497,78.2505146125,8.03549450316,-0.0351517093975,0.010465249414,0.0111926331255,78.2505146125,2.00257013202,-0.00252709799376,0.000715912388768,0.000846545482542,78.2505146125,1.47674226335,0.0989958447131,-0.041179910163,-0.0180643350321,78.2505146125
1789944694.74,6.30000638962,,0,0.934468892899,-1.00884266857,0.433668041459,0.187966607497,78.750078825,8.03409813697,-0.034724525766,0.0109125645302,0.0111926331255,78.750078825,2.00246971694,-0.00249781040069,0.000749744694955,0.000846545482542,78.750078825,1.48066556714,0.0973356576739,-0.0419018537873,-0.0180643350321,78.750078825
1789944694.77,6.32998037338,,0,0.904425458082,-0.995759446259,0.439302160259,0.187966607497,79.1247543375,8.033062255,-0.0343924041372,0.0112480529744,0.0111926331255,79.1247543375,2.00239518807,-0.00247495723597,0.000775119083957,0.000846545482542,79.1247543375,1.48356420584,0.0960715749016,-0.0424433149062,-0.0180643350321,79.1247543375
1789944694.8,6.36002159119,,0,0.874710583642,-0.982477399335,0.444948930339,0.187966607497,79.500271175,8.03203418702,-0.0340494468968,0.01158429475,0.0111926331255,79.500271175,2.00232119061,-0.00245128961835,0.000800550450549,0.000846545482542,79.500271175,1.48643109156,0.0947883691773,-0.0429859918633,-0.0180643350321,79.500271175
1789944694.84,6.40000724792,,0,0.835783267751,-0.964535549962,0.452464902206,0.187966607497,80.000092125,8.03068207692,-0.0335772933455,0.0120318397517,0.0111926331255,80.000092125,2.00222382314,-0.00241860231598,0.000834400143933,0.000846545482542,80.000092125,1.49018671193,0.0930551041144,-0.043708306511,-0.0180643350321,80.000092125
1789944694.87,6.42998600006,,0,0.80707193957,-0.950886789694,0.458099890915,0.187966607497,80.3748254875,8.02968093125,-0.0332115652792,0.0123673799954,0.0111926331255,80.3748254875,2.00215169541,-0.00239320770632,0.000859778450748,0.000846545482542,80.3748254875,1.4929566582,0.091736669866,-0.0442498512316,-0.0180643350321,80.3748254875
1789944694.9,6.45998048782,,0,0.778757734456,-0.937061884227,0.463737804384,0.187966607497,80.74975335,8.02869038948,-0.0328355805041,0.0127030943965,0.0111926331255,80.74975335,2.00208030355,-0.00236703851566,0.00088516992981,0.000846545482542,80.74975335,1.49568824287,0.0904013038713,-0.0447916770333,-0.0180643350321,80.74975335
1789944694.94,6.49998044968,,0,0.741648031146,-0.91836188425,0.47125651436,0.187966607497,81.2497563875,8.02738724027,-0.0323184994261,0.0131508024413,0.0111926331255,81.2497563875,2.00198633861,-0.00233095425875,0.000919031954822,0.000846545482542,81.2497563875,1.49926829052,0.088595174262,-0.0455142548242,-0.0180643350321,81.2497563875
1789944694.97,6.52999734879,,0,0.714294678526,-0.904131477042,0.476898715724,0.187966607497,81.6249694,8.02642310958,-0.0319187088415,0.0134867721688,0.0111926331255,81.6249694,2.00191678811,-0.00230298626052,0.00094444274528,0.000846545482542,81.6249694,1.50190706938,0.0872208328204,-0.0460564927095,-0.0180643350321,81.6249694
1789944695,6.55997800827,,0,0.68740359412,-0.889749372377,0.482534036006,0.187966607497,81.9997248125,8.02547228427,-0.0315093394553,0.0138223321563,0.0111926331255,81.9997248125,2.00184817183,-0.00227429100937,0.000969822545401,0.000846545482542,81.9997248125,1.50450120819,0.0858319208763,-0.0465980692957,-0.0180643350321,81.9997248125
1789944695.04,6.60001516342,,0,0.652169318471,-0.870279431083,0.490059683642,0.187966607497,82.5001892125,8.0242219382,-0.0309469618944,0.01427045331,0.0111926331255,82.5001892125,2.00175790205,-0.0022347835817,0.00100371581556,0.000846545482542,82.5001892125,1.50790013289,0.0839517885674,-0.0473213138231,-0.0180643350321,82.5001892125
1789944695.07,6.62998914719,,0,0.626304628229,-0.855505988315,0.495693777818,0.187966607497,82.8748630875,8.02330079752,-0.030514192683,0.014605940288,0.0111926331255,82.8748630875,2.00169137153,-0.00220431801102,0.00102909009367,0.000846545482542,82.8748630875,1.5103951576,0.0825252689479,-0.0478627725756,-0.0180643350321,82.8748630875
1789944695.1,6.66003847122,,0,0.60082183152,-0.840525822434,0.501342062157,0.187966607497,83.250480625,8.0223905092,-0.03007023961,0.0149422722314,0.0111926331255,83.250480625,2.00162560154,-0.00217301226691,0.00105452828003,0.000846545482542,83.250480625,1.51285330173,0.0810788654603,-0.0484055950589,-0.0180643350321,83.250480625
1789944695.14,6.70001459122,,0,0.567623321479,-0.820333828135,0.508856271084,0.187966607497,83.7501843375,8.0212004712,-0.0294639593997,0.0153897122574,0.0111926331255,83.7501843375,2.00153958419,-0.0021301796972,0.00108837003366,0.000846545482542,83.7501843375,1.5160556636,0.0791293546698,-0.0491277402812,-0.0180643350321,83.7501843375
1789944695.17,6.73002910614,,0,0.543231492164,-0.804976111806,0.514497988622,0.187966607497,84.125365175,8.02032310866,-0.0289970038452,0.015725653175,0.0111926331255,84.125365175,2.00147614204,-0.00209713153778,0.00111377864511,0.000846545482542,84.125365175,1.51840847879,0.0776466749376,-0.0496699316689,-0.0180643350321,84.125365175
1789944695.2,6.7600736618,,0,0.519279564498,-0.789433517354,0.52014532373,0.187966607497,84.5009195875,8.01945906051,-0.0285194851814,0.0160619285956,0.0111926331255,84.5009195875,2.00141364159,-0.00206328670629,0.00113921255642,0.000846545482542,84.5009195875,1.52071882364,0.0761462209723,-0.0502126629274,-0.0180643350321,84.5009195875
1789944695.24,6.79999160767,,0,0.488183186732,-0.76852047863,0.527648617624,0.187966607497,84.9998974375,8.01833352892,-0.0278694039194,0.0165087186767,0.0111926331255,84.9998974375,2.00133219546,-0.00201713688946,0.001173005152,0.000846545482542,84.9998974375,1.52371824828,0.0741274280029,-0.0509337591718,-0.0180643350321,84.9998974375
1789944695.27,6.82998752594,,0,0.465368922461,-0.752608605073,0.533286851013,0.187966607497,85.374846575,8.01750503745,-0.0273691742144,0.0168444521276,0.0111926331255,85.374846575,2.00127222108,-0.00198157066572,0.00119839807189,0.000846545482542,85.374846575,1.52591877427,0.0725914957314,-0.051475615719,-0.0180643350321,85.374846575
1789944695.3,6.8600153923,,0,0.443011056761,-0.736510463616,0.538931063808,0.187966607497,85.75019335,8.01669084749,-0.0268583273474,0.0171805416274,0.0111926331255,85.75019335,2.00121326308,-0.00194520382726,0.00122381792123,0.000846545482542,85.75019335,1.52807524457,0.0710376552314,-0.0520180469108,-0.0180643350321,85.75019335
1789944695.34,6.89998865128,,0,0.414002987131,-0.714817524803,0.546444679513,0.187966607497,86.2498576125,8.01563108091,-0.0261626250488,0.0176279463295,0.0111926331255,86.2498576125,2.00113649393,-0.00189560765374,0.00125765700316,0.000846545482542,86.2498576125,1.53087309191,0.0689438984407,-0.0527401351221,-0.0180643350321,86.2498576125
1789944695.37,6.92999601364,,0,0.392800065483,-0.698335534447,0.552085061736,0.187966607497,86.62494965,8.0148539964,-0.0256286177068,0.0179638077346,0.0111926331255,86.62494965,2.00108018177,-0.00185748755104,0.00128305960075,0.000846545482542,86.62494965,1.53291809043,0.0673531731199,-0.0532821981807,-0.0180643350321,86.62494965
1789944695.4,6.95997714996,,0,0.372111959669,-0.681698768468,0.557720564721,0.187966607497,86.9997172125,8.0140937384,-0.0250850070687,0.0182993786014,0.0111926331255,86.9997172125,2.00102507215,-0.00181863914814,0.00130844022372,0.000846545482542,86.9997172125,1.53491340478,0.0657475790803,-0.0538237923254,-0.0180643350321,86.9997172125
1789944695.44,7.00002861023,,0,0.345258518458,-0.659210701059,0.56524882998,0.187966607497,87.5003556875,8.01310385359,-0.02434312024,0.0187476556237,0.0111926331255,87.5003556875,2.00095329219,-0.0017655557396,0.00134234528287,0.000846545482542,87.5003556875,1.5375033037,0.0635773897764,-0.0545472884168,-0.0180643350321,87.5003556875
1789944695.47,7.03002500534,,0,0.325739541748,-0.642170550529,0.57088720284,0.187966607497,87.8753141,8.01238212589,-0.0237757173769,0.0190833973796,0.0111926331255,87.8753141,2.00090093912,-0.00172490898612,0.00136773883089,0.000846545482542,87.8753141,1.53938579178,0.0619330254549,-0.0550891583677,-0.0180643350321,87.8753141
1789944695.5,7.06001138687,,0,0.306740861688,-0.624967367202,0.576523587013,0.187966607497,88.2501402625,8.01167781489,-0.0231984488321,0.0194190207174,0.0111926331255,88.2501402625,2.00084983455,-0.00168351524997,0.00139312342246,0.000846545482542,88.2501402625,1.54121807292,0.0602729954129,-0.055630837198,-0.0180643350321,88.2501402625
1789944695.54,7.09999036789,,0,0.282217869588,-0.601768161679,0.584038353449,0.187966607497,88.74988105,8.01076599631,-0.0224131458708,0.0198664939408,0.0111926331255,88.74988105,2.00078365121,-0.0016271426679,0.00142696768695,0.000846545482542,88.74988105,1.54358309193,0.0580344790537,-0.0563530359991,-0.0180643350321,88.74988105
1789944695.57,7.13000917435,,0,0.26441755535,-0.584151390258,0.589680869469,0.187966607497,89.1251149875,8.01010218402,-0.0218117362801,0.0202024824047,0.0111926331255,89.1251149875,2.00073545323,-0.00158392551068,0.00145237989452,0.000846545482542,89.1251149875,1.54529974046,0.0563346942305,-0.0568953041241,-0.0180643350321,89.1251149875
1789944695.6,7.16002082825,,0,0.247152685036,-0.566369514555,0.595322035137,0.187966607497,89.500259125,8.00945672895,-0.0212003882956,0.0205383904607,0.0111926331255,89.500259125,2.00068857509,-0.00153995612808,0.00147778602051,0.000846545482542,89.500259125,1.54696472693,0.0546190438461,-0.0574374424749,-0.0180643350321,89.500259125
1789944695.64,7.19999170303,,0,0.224991974661,-0.54242382837,0.602835221526,0.187966607497,89.9998948375,8.00862585717,-0.0203705101638,0.0209857695988,0.0111926331255,89.9998948375,2.00062821124,-0.00148021150447,0.00151162316894,0.000846545482542,89.9998948375,1.54910182163,0.0523087896288,-0.0581594894273,-0.0180643350321,89.9998948375
1789944695.67,7.22998809814,,0,0.208993109979,-0.524256192889,0.608473600025,0.187966607497,90.374853625,8.00802430089,-0.019735970688,0.0213215116904,0.0111926331255,90.374853625,2.00058449367,-0.00143448693148,0.00153701674236,0.000846545482542,90.374853625,1.55064466557,0.0505560695337,-0.0587013599202,-0.0180643350321,90.374853625
1789944695.7,7.25998783112,,0,0.193540402902,-0.505917788034,0.614112479455,0.187966607497,90.749845725,8.00744187889,-0.0190913023398,0.0216572836105,0.0111926331255,90.749845725,2.0005421554,-0.00138799647119,0.00156241257181,0.000846545482542,90.749845725,1.55213481993,0.048786937227,-0.0592432785545,-0.0180643350321,90.749845725
1789944695.74,7.30000162125,,0,0.173790192299,-0.481194138741,0.621633797656,0.187966607497,91.2500222125,8.00669541482,-0.0182157447874,0.0221051469643,0.0111926331255,91.2500222125,2.0004878758,-0.00132480019405,0.00159628634349,0.000846545482542,91.2500222125,1.55403936526,0.0464019079572,-0.0599661070061,-0.0180643350321,91.2500222125
1789944695.77,7.33000516891,,0,0.159633272318,-0.462458265346,0.627273477447,0.187966607497,91.6250675375,8.00615887653,-0.0175474723227,0.0224409665425,0.0111926331255,91.6250675375,2.0004488493,-0.00127652477805,0.00162168577754,0.000846545482542,91.6250675375,1.55540451816,0.044594576394,-0.0605081025583,-0.0180643350321,91.6250675375
1789944695.8,7.35999774933,,0,0.146046007658,-0.443560276685,0.632911049946,0.187966607497,91.999972725,8.00564272912,-0.0168693794028,0.0227766606402,0.0111926331255,91.999972725,2.00041129644,-0.00122750575235,0.00164707572097,0.000846545482542,91.999972725,1.5567147211,0.0427716674304,-0.0610498955913,-0.0180643350321,91.999972725
1789944695.84,7.4000005722,,0,0.128810681148,-0.418091547796,0.64043027589,0.187966607497,92.500010075,8.004986247,-0.0159492894762,0.0232243994088,0.0111926331255,92.500010075,2.00036351943,-0.00116094046448,0.00168094006975,0.000846545482542,92.500010075,1.55837667565,0.0403150355625,-0.0617725229688,-0.0180643350321,92.500010075
1789944695.87,7.43000650406,,0,0.116554768867,-0.39879048178,0.64607031357,0.187966607497,92.8750792,8.00451818534,-0.0152473905211,0.0235602402978,0.0111926331255,92.8750792,2.00032944531,-0.00111012188087,0.00170634111562,0.000846545482542,92.8750792,1.55955846044,0.0384533863235,-0.0623145529156,-0.0180643350321,92.8750792
1789944695.9,7.46000766754,,0,0.10488208492,-0.379322847634,0.651709582843,0.187966607497,93.250097225,8.00407139514,-0.0145355121692,0.0238960354313,0.0111926331255,93.250097225,2.00029691179,-0.00105854820477,0.00173173870082,0.000846545482542,93.250097225,1.56068399194,0.0365757301462,-0.0628565090153,-0.0180643350321,93.250097225
1789944695.94,7.49997806549,,0,0.0902430929367,-0.353123785395,0.65922263164,0.187966607497,93.7497237875,8.00350961631,-0.0135714439097,0.0243434063764,0.0111926331255,93.7497237875,2.00025599382,-0.000988654167285,0.00176557522957,0.000846545482542,93.7497237875,1.56209552607,0.0340489177346,-0.0635785427446,-0.0180643350321,93.7497237875
1789944695.97,7.52999591827,,0,0.0799408621281,-0.333250524678,0.664865021535,0.187966607497,94.1249493375,8.00311324628,-0.0128356597205,0.0246793873301,0.0111926331255,94.1249493375,2.00022711563,-0.000935273648501,0.00179098686912,0.000846545482542,94.1249493375,1.56308888177,0.0321322755087,-0.0641207987484,-0.0180643350321,94.1249493375
1789944696,7.55999231339,,0,0.0702444928059,-0.313222368006,0.670503352854,0.187966607497,94.4999049875,8.00273937548,-0.0120903301694,0.0250151266124,0.0111926331255,94.4999049875,2.0001998703,-0.000881169541483,0.00181638023005,0.000846545482542,94.4999049875,1.56402380723,0.0302007520188,-0.0646626647071,-0.0180643350321,94.4999049875
1789944696.04,7.5999917984,,0,0.0582541113721,-0.286252110796,0.678021947794,0.187966607497,94.999900375,8.00227589785,-0.0110807803942,0.0254628278073,0.0111926331255,94.999900375,2.00016608595,-0.000807837778634,0.00185024173698,0.000846545482542,94.999900375,1.56517990431,0.0275998180896,-0.0653852314427,-0.0180643350321,94.999900375
1789944696.07,7.62999773026,,0,0.0499709540154,-0.265822881642,0.683662041864,0.187966607497,95.37497325,8.00195492296,-0.010311708469,0.0257986720541,0.0111926331255,95.37497325,2.00014268286,-0.000751938646073,0.00187564303681,0.000846545482542,95.37497325,1.56597854363,0.0256297478399,-0.0659272668087,-0.0180643350321,95.37497325
1789944696.1,7.6599946022,,0,0.042305540429,-0.245230625321,0.689300442919,0.187966607497,95.7499335375,8.00165726176,-0.00953279465154,0.0261344154889,0.0111926331255,95.7499335375,2.00012097475,-0.0006952944491,0.00190103671181,0.000846545482542,95.7499335375,1.56671761239,0.0236440120574,-0.0664691394693,-0.0180643350321,95.7499335375
1789944696.14,7.69999933243,,0,0.0330487534744,-0.217505007347,0.696819977693,0.187966607497,96.249991425,8.00129693763,-0.00847834082356,0.026582172647,0.0111926331255,96.249991425,2.00009468997,-0.000618566783717,0.00193490245147,0.000846545482542,96.249991425,1.56761010199,0.0209704838456,-0.0671917965265,-0.0180643350321,96.249991425
1789944696.17,7.72999668121,,0,0.0268385007387,-0.196517548282,0.702458514272,0.187966607497,96.624960725,8.0010546186,-0.0076759050697,0.0269179241517,0.0111926331255,96.624960725,2.00007700886,-0.000560143579197,0.00196029673683,0.000846545482542,96.624960725,1.56820885238,0.018946767353,-0.0677336822115,-0.0180643350321,96.624960725
1789944696.2,7.7600235939,,0,0.0212552253455,-0.175340223718,0.708102551881,0.187966607497,97.00029585,8.00083632089,-0.00686259998444,0.0272540032199,0.0111926331255,97.00029585,2.00006107706,-0.000500900494889,0.00198571579719,0.000846545482542,97.00029585,1.56874714719,0.0169047974603,-0.0682760965672,-0.0180643350321,97.00029585
1789944696.24,7.79998779297,,0,0.0148153684248,-0.146891400394,0.71561447833,0.187966607497,97.499847775,8.00058394609,-0.0057644787374,0.0277013073338,0.0111926331255,97.499847775,2.00004265373,-0.000420867019851,0.00201954727122,0.000846545482542,97.499847775,1.56936801793,0.0141617754443,-0.0689980224344,-0.0180643350321,97.499847775
1789944696.27,7.83000802994,,0,0.0107289812514,-0.125323893215,0.72125725224,0.187966607497,97.8750988625,8.00042342869,-0.00492783964927,0.028037311154,0.0111926331255,97.8750988625,2.0000309331,-0.000359858579293,0.00204496064026,0.000846545482542,97.8750988625,1.5697619835,0.0120823089678,-0.0695403153436,-0.0180643350321,97.8750988625
1789944696.3,7.86001348495,,0,0.00729411258991,-0.103597637083,0.726897272816,0.187966607497,98.25016685,8.00028823846,-0.00408152930834,0.0283731510245,0.0111926331255,98.25016685,2.00002105976,-0.000298117553934,0.00207036160909,0.000846545482542,98.25016685,1.57009313267,0.00998758937913,-0.0700823436465,-0.0180643350321,98.25016685
1789944696.34,7.8999838829,,0,0.00373593712147,-0.0743931658598,0.734410359394,0.187966607497,98.749795925,8.00014788238,-0.00293850438602,0.0288205242193,0.0111926331255,98.749795925,2.00001080675,-0.000214688293538,0.002104198308,0.000846545482542,98.749795925,1.57043616489,0.0071719452224,-0.0708043810067,-0.0180643350321,98.749795925
1789944696.37,7.93001317978,,0,0.00183393109046,-0.052254442267,0.740054901694,0.187966607497,99.1251646125,8.00007268585,-0.0020679920045,0.0291566333398,0.0111926331255,99.1251646125,2.00000531234,-0.000151118586067,0.00212961964134,0.000846545482542,99.1251646125,1.5706195286,0.00503758047413,-0.0713468438652,-0.0180643350321,99.1251646125
1789944696.4,7.96001195908,,0,0.000600205359282,-0.0299691304289,0.745693667968,0.187966607497,99.5001491875,8.0000238184,-0.00118829271303,0.0294923985218,0.0111926331255,99.5001491875,2.00000174103,-8.68517106491e-05,0.00215501496118,0.000846545482542,99.5001491875,1.57073846508,0.00288913491814,-0.0718887516248,-0.0180643350321,99.5001491875
1789944696.44,7.99997377396,,0,2.59404941971e-10,-1.97679340479e-05,0.753205155703,0.187966607497,99.9996719375,8.00000000001,-7.85770664757e-07,0.0299396765121,0.0111926331255,99.9996719375,2,-5.74465143857e-08,0.00218884445937,0.000846545482542,99.9996719375,1.57079632677,1.90567234548e-06,-0.0726106353298,-0.0180643350321,99.9996719375
1789944696.47,8.02999210358,,0,0,0,0,0,100,8,0,0,0,100,2,0,0,0,100,1.57079632679,0,0,0,100
1789944696.54,0,,0,0.0313103061273,-0.0705933029379,0.0323613102695,-0.00588428685057,0,8.05583343467,0.0400154218062,-0.775242095403,0.192560041919,0,2.00021563786,0.0104434888221,0.0885080395399,-0.0224533689107,0,1.57429284044,-0.00357394590784,0.148721330437,-0.0370686467996,0
1789944696.58,0.0400076061487,,0,0.0285118731704,-0.0693033136069,0.0321258940396,-0.00588428685057,0.500095075,8.05681598149,0.00915394812222,-0.767538229115,0.192560041919,0.500095075,2.00070405056,0.0139665140689,0.0876097340032,-0.0224533689107,0.500095075,1.57426848211,0.00234637228779,0.147238302621,-0.0370686467996,0.500095075
1789944696.61,0.0699942111969,,0,0.0264481195183,-0.068342612741,0.0319494442659,-0.00588428685057,0.8749276125,8.05674625886,-0.0137753413972,-0.761764007584,0.192560041919,0.8749276125,2.00116214715,0.0165835373876,0.0869364337436,-0.0224533689107,0.8749276125,1.57440487333,0.00674488281875,0.146126739825,-0.0370686467996,0.8749276125
1789944696.64,0.100007332861,,0,0.0244113075254,-0.0673863603548,0.031772838435,-0.00588428685057,1.2500916625,8.0559905917,-0.0365515311654,-0.755984679169,0.192560041919,1.2500916625,2.00169892537,0.0191826584954,0.0862625379983,-0.0224533689107,1.2500916625,1.57467295589,0.0111139072919,0.145014193932,-0.0370686467996,1.2500916625
1789944696.68,0.13998092711,,0,0.0217429547282,-0.0661209870904,0.0315376223532,-0.00588428685057,1.7497615625,8.05392755617,-0.0666171095931,-0.748287362617,0.192560041919,1.7497615625,2.00253440505,0.0226129430092,0.0853649961904,-0.0224533689107,1.7497615625,1.57523268229,0.0168810297404,0.143532426969,-0.0370686467996,1.7497615625
1789944696.71,0.169981509447,,0,0.0197734527633,-0.0651774881594,0.0313610903348,-0.00588428685057,2.1247688125,8.05159312848,-0.0889795091088,-0.742510449675,0.192560041919,2.1247688125,2.00325112114,0.0251638379999,0.0846913821002,-0.0224533689107,2.1247688125,1.57580354825,0.0211704042622,0.142420346065,-0.0370686467996,2.1247688125
1789944696.74,0.199964746833,,0,0.0178332909135,-0.0642398260949,0.0311846603617,-0.00588428685057,2.4995592875,8.04859234332,-0.111155821424,-0.736736876109,0.192560041919,2.4995592875,2.00404358216,0.0276930671377,0.0840181573962,-0.0224533689107,2.4995592875,1.57650215654,0.0254239651384,0.141308908006,-0.0370686467996,2.4995592875
1789944696.78,0.240014433861,,0,0.0152854528572,-0.0629956094018,0.0309489965269,-0.00588428685057,3.00018035,8.04355179473,-0.140507470275,-0.729024907086,0.192560041919,3.00018035,2.00521982199,0.031039960529,0.0831189070442,-0.0224533689107,3.00018035,1.5776333096,0.0310536137583,0.139824320378,-0.0370686467996,3.00018035
1789944696.81,0.269990354776,,0,0.0134109789247,-0.062070528007,0.0307726095326,-0.00588428685057,3.374879525,8.03901328143,-0.162274159724,-0.723252739979,0.192560041919,3.374879525,2.00618751652,0.0335214395891,0.0824458463396,-0.0224533689107,3.374879525,1.57862682431,0.0352283242186,0.138713153068,-0.0370686467996,3.374879525
1789944696.84,0.299957156181,,0,0.0115647147209,-0.0611510135656,0.030596276309,-0.00588428685057,3.749464475,8.03382656475,-0.183861266727,-0.717482332485,0.192560041919,3.749464475,2.00722896451,0.0359819957853,0.081772990814,-0.0224533689107,3.749464475,1.57974462088,0.0393684689924,0.137602324492,-0.0370686467996,3.749464475
1789944696.88,0.339998990297,,0,0.00914058204941,-0.0599306002245,0.0303606587482,-0.00588428685057,4.2499872375,8.02589129851,-0.212436195531,-0.709771877755,0.192560041919,4.2499872375,2.00873506414,0.0392383349704,0.0808739170352,-0.0224533689107,4.2499872375,1.58143092159,0.0448485996792,0.136118028372,-0.0370686467996,4.2499872375
1789944696.91,0.369971752167,,0,0.00735790663858,-0.0590232500959,0.0301842903306,-0.00588428685057,4.62464695,8.01920604202,-0.233623534915,-0.704000318559,0.192560041919,4.62464695,2.00994737249,0.0416522651639,0.0802009272159,-0.0224533689107,4.62464695,1.58283613431,0.048911784358,0.135006978088,-0.0370686467996,4.62464695
1789944696.94,0.399979680777,,0,0.005600304461,-0.0581201312336,0.0300077150392,-0.00588428685057,4.999746125,8.01187938188,-0.254662432153,-0.69822198953,0.192560041919,4.999746125,2.0112332793,0.0440488199335,0.0795271480036,-0.0224533689107,4.999746125,1.58436449424,0.0529463751307,0.133894624581,-0.0370686467996,4.999746125
1789944696.98,0.440004527569,,0,0.00329802867874,-0.0569237905481,0.0297721974053,-0.00588428685057,5.5000566125,8.0011293453,-0.282454415457,-0.690514804854,0.192560041919,5.5000566125,2.01305978703,0.0472138962177,0.0786284555279,-0.0224533689107,5.5000566125,1.58659051702,0.0582757941637,0.132410957961,-0.0370686467996,5.5000566125
1789944697.01,0.469985574484,,0,0.00160474763956,-0.0560338333052,0.0295957802894,-0.00588428685057,5.874819775,7.99235159009,-0.303070233818,-0.684741652032,0.192560041919,5.874819775,2.01451054664,0.0495611688528,0.0779552798846,-0.0224533689107,5.874819775,1.58839702989,0.0622289542846,0.131299600897,-0.0370686467996,5.874819775
1789944697.04,0.500020384789,,0,-6.48945606065e-05,-0.0551475842157,0.029419046946,-0.00588428685057,6.2502547,7.98294095868,-0.323549455147,-0.67895815084,0.192560041919,6.2502547,2.01603416603,0.0518924121585,0.0772808975747,-0.0224533689107,6.2502547,1.59032511828,0.0661557911434,0.130186251726,-0.0370686467996,6.2502547
1789944697.08,0.539987385273,,0,-0.00224554424903,-0.0539764928319,0.0291838696534,-0.00588428685057,6.7498422,7.96946943584,-0.350531581602,-0.671262103645,0.192560041919,6.7498422,2.01816963391,0.054963164723,0.0763835037795,-0.0224533689107,6.7498422,1.59307274959,0.0713293390591,0.12870472912,-0.0370686467996,6.7498422
1789944697.11,0.569970488548,,0,-0.00385083510412,-0.0531041150123,0.0290074405159,-0.00588428685057,7.1246309,7.9586585512,-0.370571543302,-0.665488557422,0.192560041919,7.1246309,2.01985183274,0.0572432860169,0.0757102822639,-0.0224533689107,7.1246309,1.59526910936,0.0751716432098,0.127593296324,-0.0370686467996,7.1246309
1789944697.14,0.599999785423,,0,-0.00543246136801,-0.052235695444,0.0288307395949,-0.00588428685057,7.49999695,7.94723136736,-0.390468866922,-0.659706117236,0.192560041919,7.49999695,2.02160484247,0.0595066878334,0.0750360236721,-0.0224533689107,7.49999695,1.59758382182,0.0789864650691,0.126480151402,-0.0370686467996,7.49999695
1789944697.18,0.639967024326,,0,-0.00749721577221,-0.0510881089333,0.0285955606548,-0.00588428685057,7.99958795,7.93110053594,-0.416681729913,-0.652010016124,0.192560041919,7.99958795,2.02404285466,0.0624877402814,0.07413862359,-0.0224533689107,7.99958795,1.6008413202,0.0840119262728,0.124998618416,-0.0370686467996,7.99958795
1789944697.21,0.66998398304,,0,-0.00901786951316,-0.0502324080284,0.0284189322459,-0.00588428685057,8.3747999625,7.91830014833,-0.436166339112,-0.646229948856,0.192560041919,8.3747999625,2.02595184562,0.0647030410101,0.073464641691,-0.0224533689107,8.3747999625,1.60341924883,0.0877473051688,0.123885930291,-0.0370686467996,8.3747999625
1789944697.24,0.700003385544,,0,-0.0105130360004,-0.049381941077,0.0282422896911,-0.00588428685057,8.750042025,7.90491640097,-0.455478987898,-0.640449418673,0.192560041919,8.750042025,2.02792719037,0.0668982858391,0.0727906058142,-0.0224533689107,8.750042025,1.60610902074,0.0914495796956,0.122773153052,-0.0370686467996,8.750042025
1789944697.28,0.740027368069,,0,-0.0124669415567,-0.0482562842784,0.0280067768942,-0.00588428685057,9.2503422375,7.88617538491,-0.480958113241,-0.632742392282,0.192560041919,9.2503422375,2.030662791,0.0697936740116,0.0718919317952,-0.0224533689107,9.2503422375,1.60986714066,0.0963337639212,0.121289516903,-0.0370686467996,9.2503422375
1789944697.31,0.769969284534,,0,-0.0138992998148,-0.0474203450409,0.0278305899951,-0.00588428685057,9.62461635,7.8714917999,-0.499817324147,-0.626976773178,0.192560041919,9.62461635,2.03278467403,0.0719361921919,0.0712196346175,-0.0224533689107,9.62461635,1.61280576273,0.0999487896496,0.120179610112,-0.0370686467996,9.62461635
1789944697.34,0.799976348877,,0,-0.0153097409524,-0.0465878805304,0.0276540199524,-0.00588428685057,9.999704375,7.85621235558,-0.518544349809,-0.621198615913,0.192560041919,9.999704375,2.03497522914,0.074063173999,0.0705458754336,-0.0224533689107,9.999704375,1.61585886954,0.103538335535,0.119067289671,-0.0370686467996,9.999704375
1789944697.38,0.840001642704,,0,-0.0171523464757,-0.0454857334993,0.0274184996118,-0.00588428685057,10.5000206125,7.83496193308,-0.543253767191,-0.61349134266,0.192560041919,10.5000206125,2.03799589798,0.0768688083322,0.0696471726294,-0.0224533689107,10.5000206125,1.62009800059,0.108274346964,0.117583605999,-0.0370686467996,10.5000206125
1789944697.41,0.869971334934,,0,-0.0185032515508,-0.0446666529096,0.0272421495238,-0.00588428685057,10.8746413875,7.81840615217,-0.561553418519,-0.607720383288,0.192560041919,10.8746413875,2.04033080732,0.0789460269645,0.0689742527523,-0.0224533689107,10.8746413875,1.62339558553,0.111781640722,0.116472671184,-0.0370686467996,10.8746413875
1789944697.44,0.899991035461,,0,-0.01983188367,-0.0438515024577,0.0270655048449,-0.00588428685057,11.2498879625,7.80127550672,-0.579710251901,-0.601939783592,0.192560041919,11.2498879625,2.04273172342,0.0810064978254,0.0683002087699,-0.0224533689107,11.2498879625,1.62680355427,0.115261415562,0.115359880563,-0.0370686467996,11.2498879625
1789944697.48,0.939987897873,,0,-0.0215642208903,-0.0427736732693,0.0268301517004,-0.00588428685057,11.749849025,7.7776094791,-0.603631944161,-0.594237981739,0.192560041919,11.749849025,2.04602612321,0.0837203335235,0.0674021439557,-0.0224533689107,11.749849025,1.63150553008,0.11984580114,0.11387725016,-0.0370686467996,11.749849025
1789944697.51,0.969968318939,,0,-0.0228345618582,-0.0419719387397,0.0266537383563,-0.00588428685057,12.124604175,7.75924615154,-0.621360904779,-0.588464952348,0.192560041919,12.124604175,2.04856628383,0.0857309867431,0.066728982705,-0.0224533689107,12.124604175,1.63514956796,0.123243228902,0.112765916857,-0.0370686467996,12.124604175
1789944697.54,0.999983727932,,0,-0.0240823855031,-0.0411745673522,0.0264771192622,-0.00588428685057,12.4997964,7.74033155618,-0.638937161887,-0.582685189902,0.192560041919,12.4997964,2.05116948944,0.0877237680053,0.0660550363497,-0.0224533689107,12.4997964,1.63889938969,0.126611242525,0.111653287411,-0.0370686467996,12.4997964
1789944697.58,1.03997421265,,0,-0.0257078662388,-0.0401204405414,0.0262418039655,-0.00588428685057,12.9996770625,7.71431629648,-0.66208503208,-0.574984626596,0.192560041919,12.9996770625,2.05473018214,0.0903473847102,0.0651571159556,-0.0224533689107,12.9996770625,1.64405151552,0.131046667304,0.110170895434,-0.0370686467996,12.9996770625
1789944697.61,1.06998586655,,0,-0.0269001554226,-0.0393355306654,0.0260652068021,-0.00588428685057,13.3748227,7.694187955,-0.679254550686,-0.569205581821,0.192560041919,13.3748227,2.05747089864,0.0922927454687,0.0644832532841,-0.0224533689107,13.3748227,1.64803389077,0.134336383918,0.109058404143,-0.0370686467996,13.3748227
1789944697.64,1.09996271133,,0,-0.0280676280159,-0.038556820291,0.0258888140942,-0.00588428685057,13.7495340125,7.67357112209,-0.696231053683,-0.563433227738,0.192560041919,13.7495340125,2.0602664215,0.0942156653613,0.0638101707773,-0.0224533689107,13.7495340125,1.65210971412,0.137588962121,0.107947200839,-0.0370686467996,13.7495340125
1789944697.68,1.13999140263,,0,-0.0295903293769,-0.037525239008,0.0256532737647,-0.00588428685057,14.2498927125,7.64525256575,-0.718630281931,-0.555725300358,0.192560041919,14.2498927125,2.06408863312,0.0967519148119,0.062911391699,-0.0224533689107,14.2498927125,1.65770330632,0.141880250326,0.106463391245,-0.0370686467996,14.2498927125
1789944697.71,1.1699911356,,0,-0.0307045575846,-0.0367582966729,0.0254767469951,-0.00588428685057,14.6248888125,7.62344467681,-0.735215217339,-0.549948559179,0.192560041919,14.6248888125,2.06701936888,0.0986291331286,0.0622377976372,-0.0224533689107,14.6248888125,1.66200741029,0.145057438302,0.105351343407,-0.0370686467996,14.6248888125
1789944697.74,1.19998514652,,0,-0.0317956519797,-0.0359967943224,0.0253002537718,-0.00588428685057,14.99981365,7.60114612949,-0.751623749987,-0.544172915785,0.192560041919,14.99981365,2.07000554462,0.100485792856,0.0615643315819,-0.0224533689107,14.99981365,1.6664054836,0.148200670922,0.104239506897,-0.0370686467996,14.99981365
1789944697.78,1.23999905586,,0,-0.0332158364456,-0.0349891404927,0.0250647998707,-0.00588428685057,15.49998875,7.57063706358,-0.773244133445,-0.536467816727,0.192560041919,15.49998875,2.07407543015,0.102931253234,0.0606658822987,-0.0224533689107,15.49998875,1.67241864064,0.152342035694,0.102756241767,-0.0370686467996,15.49998875
1789944697.81,1.26999247074,,0,-0.0342540311745,-0.0342400092857,0.0248883102427,-0.00588428685057,15.87490595,7.54720442357,-0.789248000627,-0.530692290987,0.192560041919,15.87490595,2.07718987255,0.104740728297,0.0599924299625,-0.0224533689107,15.87490595,1.67703394579,0.155407368764,0.101644427906,-0.0370686467996,15.87490595
1789944697.84,1.30000925064,,0,-0.0352706219605,-0.0334955919844,0.0247116825987,-0.00588428685057,16.2501163375,7.52327548813,-0.805090952163,-0.524912248752,0.192560041919,16.2501163375,2.08036078297,0.106531395572,0.0593184509825,-0.0224533689107,16.2501163375,1.68174440675,0.158441712765,0.100531744599,-0.0370686467996,16.2501163375
1789944697.88,1.34000384808,,0,-0.0365905622273,-0.0325119652367,0.0244763431293,-0.00588428685057,16.75004835,7.49065846646,-0.825930580972,-0.517210894409,0.192560041919,16.75004835,2.08466866182,0.108885853168,0.05842043835,-0.0224533689107,16.75004835,1.68816122179,0.162432788903,0.0990492003438,-0.0370686467996,16.75004835
1789944697.91,1.36998093128,,0,-0.0375542044212,-0.0317808801897,0.0242999494799,-0.00588428685057,17.1247616625,7.46566796711,-0.841348525994,-0.511438509516,0.192560041919,17.1247616625,2.08795888833,0.110627037873,0.0577473522507,-0.0224533689107,17.1247616625,1.69307481765,0.165385337825,0.0979379911092,-0.0370686467996,17.1247616625
1789944697.94,1.39998042583,,0,-0.0384967079817,-0.0310545407794,0.024123423593,-0.00588428685057,17.4997558875,7.44019862627,-0.856604795645,-0.505661797221,0.192560041919,17.4997558875,2.09130353283,0.112349328056,0.0570737615568,-0.0224533689107,17.4997558875,1.69808020531,0.168306751933,0.096825948831,-0.0370686467996,17.4997558875
1789944697.98,1.43997716904,,0,-0.0397195559836,-0.0300943887819,0.0238880712134,-0.00588428685057,17.999715325,7.4055348038,-0.876675603621,-0.497960020402,0.192560041919,17.999715325,2.09584255353,0.114614133533,0.0561756996616,-0.0224533689107,17.999715325,1.70488898212,0.17214982558,0.0953433232467,-0.0370686467996,17.999715325
1789944698.01,1.4699985981,,0,-0.0406122917309,-0.0293798883582,0.0237114169843,-0.00588428685057,18.3749821875,7.37899228686,-0.89153825979,-0.49217910818,0.192560041919,18.3749821875,2.09930863824,0.116290485417,0.0555016192373,-0.0224533689107,18.3749821875,1.71009995053,0.174995456121,0.0942304724642,-0.0370686467996,18.3749821875
1789944698.04,1.50000870228,,0,-0.0414833353907,-0.0286709551813,0.0235348287239,-0.00588428685057,18.7501089125,7.35201633774,-0.906221912153,-0.486400354749,0.192560041919,18.7501089125,2.10282342322,0.117945985823,0.0548277905377,-0.0224533689107,18.7501089125,1.71539385372,0.177806633437,0.0931180372583,-0.0370686467996,18.7501089125
1789944698.08,1.54003083706,,0,-0.0426120223376,-0.0277337537764,0.0232993270129,-0.00588428685057,19.250385575,7.3153599102,-0.925534473284,-0.47869369114,0.192560041919,19.250385575,2.10758754404,0.120122328369,0.0539291588209,-0.0224533689107,19.250385575,1.72258423529,0.181503728164,0.0916344709459,-0.0370686467996,19.250385575
1789944698.11,1.5699890852,,0,-0.043432448955,-0.0270383863753,0.0231230438469,-0.00588428685057,19.6248641875,7.28741853031,-0.939788905996,-0.472924921755,0.192560041919,19.6248641875,2.11121030353,0.121727877755,0.053256494306,-0.0224533689107,19.6248641875,1.72806273124,0.184232305589,0.0905239577123,-0.0370686467996,19.6248641875
1789944698.14,1.59998416901,,0,-0.0442330893655,-0.0263474582035,0.0229465447864,-0.00588428685057,19.999801425,7.25901770291,-0.953887656076,-0.467149087341,0.192560041919,19.999801425,2.11488538508,0.12331520455,0.0525830059771,-0.0224533689107,19.999801425,1.7336293308,0.186930894492,0.08941208443,-0.0370686467996,19.999801425
1789944698.18,1.63998770714,,0,-0.0452687849904,-0.0254342218996,0.0227111520819,-0.00588428685057,20.499846525,7.22048702288,-0.972421229219,-0.459445990908,0.192560041919,20.499846525,2.11986027261,0.125400748572,0.0516847902089,-0.0224533689107,20.499846525,1.74117838809,0.1904780402,0.0879292048143,-0.0370686467996,20.499846525
1789944698.21,1.66997492313,,0,-0.0460213005919,-0.0247558242958,0.0225346989482,-0.00588428685057,20.8746862,7.19112114974,-0.98611213815,-0.453671659425,0.192560041919,20.8746862,2.12364382404,0.126940533991,0.0510114771285,-0.0224533689107,20.8746862,1.74692965395,0.193098121934,0.0868176208528,-0.0370686467996,20.8746862
1789944698.24,1.70000243187,,0,-0.0467545241904,-0.0240818157159,0.0223580083424,-0.00588428685057,21.2500303375,7.16130697873,-0.999647966834,-0.447889556797,0.192560041919,21.2500303375,2.12747843086,0.128462160133,0.0503372578975,-0.0224533689107,21.2500303375,1.75276688619,0.195688329214,0.0857045409119,-0.0370686467996,21.2500303375
1789944698.28,1.73998248577,,0,-0.0476995093992,-0.0231926451992,0.0221227545364,-0.00588428685057,21.749780375,7.12098514743,-1.01740069861,-0.440191005744,0.192560041919,21.749780375,2.13265433881,0.130456699115,0.049439572141,-0.0224533689107,21.749780375,1.76065860647,0.199085171743,0.0842225363016,-0.0370686467996,21.749780375
1789944698.31,1.76998722553,,0,-0.0483854669748,-0.0225315062916,0.0219461979923,-0.00588428685057,22.124839725,7.09026101413,-1.03052183936,-0.434413290211,0.192560041919,22.124839725,2.13659081296,0.131930013804,0.0487658644651,-0.0224533689107,22.124839725,1.76666985213,0.201595561549,0.0831103008957,-0.0370686467996,22.124839725
1789944698.34,1.80002725124,,0,-0.049052439267,-0.0218748961056,0.0217694336387,-0.00588428685057,22.500340525,7.05910893366,-1.04348475879,-0.428628774228,0.192560041919,22.500340525,2.14057590086,0.133384812472,0.048091363826,-0.0224533689107,22.500340525,1.77276312782,0.204075474832,0.0819967563735,-0.0370686467996,22.500340525
1789944698.38,1.84006202221,,0,-0.0499108127099,-0.0210080775399,0.0215338575916,-0.00588428685057,23.0007751,7.0169918255,-1.06049049553,-0.420919678009,0.192560041919,23.0007751,2.14595423049,0.135292145036,0.0471924484558,-0.0224533689107,23.0007751,1.78099855675,0.207328489298,0.0805127217729,-0.0370686467996,23.0007751
1789944698.41,1.87000226974,,0,-0.0505301757941,-0.0203659844425,0.0213576801839,-0.00588428685057,23.37502905,6.98505260537,-1.07300665612,-0.415154369505,0.192560041919,23.37502905,2.15002597181,0.136695038003,0.0465201874953,-0.0224533689107,23.37502905,1.78724195813,0.209722451045,0.079402874774,-0.0370686467996,23.37502905
1789944698.44,1.8999671936,,0,-0.0511308784276,-0.0197286453858,0.021181358105,-0.00588428685057,23.749590325,6.95271454697,-1.08536026674,-0.409384326719,0.192560041919,23.749590325,2.15414280967,0.138078930474,0.0458473744964,-0.0224533689107,23.749590325,1.79356175233,0.212085108523,0.0782921164054,-0.0370686467996,23.749590325
1789944698.48,1.93999910355,,0,-0.0519037432828,-0.0188854315319,0.0209457992636,-0.00588428685057,24.24998835,6.90893960605,-1.10159438203,-0.401675793546,0.192560041919,24.24998835,2.15970685984,0.139896294021,0.0449485247798,-0.0224533689107,24.24998835,1.802114247,0.215189584007,0.0768081901936,-0.0370686467996,24.24998835
1789944698.51,1.97000670433,,0,-0.0524610457255,-0.018259547803,0.0207692259845,-0.00588428685057,24.62508325,6.87570343286,-1.11356100948,-0.395897530372,0.192560041919,24.62508325,2.16392494671,0.141234981883,0.0442747532465,-0.0224533689107,24.62508325,1.80860598248,0.217477723506,0.0756958493644,-0.0370686467996,24.62508325
1789944698.54,1.99998545647,,0,-0.052999138692,-0.0176395553337,0.0205928220729,-0.00588428685057,24.9998183625,6.84214316243,-1.12534301628,-0.390124809654,0.192560041919,24.9998183625,2.16817879794,0.142552196508,0.0436016279885,-0.0224533689107,24.9998183625,1.81515955419,0.219730337582,0.0745845754821,-0.0370686467996,24.9998183625
1789944698.58,2.03998303413,,0,-0.0536882694814,-0.0168205982089,0.0203574645682,-0.00588428685057,25.4997886875,6.79682210415,-1.14079305276,-0.382422865115,0.192560041919,25.4997886875,2.17391518508,0.144278197554,0.0427035465364,-0.0224533689107,25.4997886875,1.8240075113,0.22268389214,0.0731019176111,-0.0370686467996,25.4997886875
1789944698.61,2.06998205185,,0,-0.0541837359761,-0.0162125434514,0.0201809421589,-0.00588428685057,25.874775525,6.76242830205,-1.15217869009,-0.376646266623,0.192560041919,25.874775525,2.1782624933,0.145549155677,0.0420299691124,-0.0224533689107,25.874775525,1.83072052034,0.224860192972,0.0719898972404,-0.0370686467996,25.874775525
1789944698.64,2.09998488426,,0,-0.0546611020412,-0.0156097058231,0.0200043967007,-0.00588428685057,26.249811325,6.72769098509,-1.16339248824,-0.370868913874,0.192560041919,26.249811325,2.18264820085,0.146800069178,0.0413563037387,-0.0224533689107,26.249811325,1.83749920491,0.227003411992,0.0708777316718,-0.0370686467996,26.249811325
1789944698.68,2.13999390602,,0,-0.0552696828202,-0.0148140595031,0.0197689722799,-0.00588428685057,26.7499238,6.68085004408,-1.17807646452,-0.363164779542,0.192560041919,26.7499238,2.18855438479,0.148436722675,0.0404579669468,-0.0224533689107,26.7499238,1.846637716,0.229809490756,0.0693946522562,-0.0370686467996,26.7499238
1789944698.71,2.16998672485,,0,-0.0557051321243,-0.0142237800349,0.0195924862531,-0.00588428685057,27.12483335,6.64535379528,-1.18888216982,-0.357389371649,0.192560041919,27.12483335,2.19302450872,0.149640069787,0.0397845283521,-0.0224533689107,27.12483335,1.85356138367,0.231874155339,0.0682828610809,-0.0370686467996,27.12483335
1789944698.74,2.19999885559,,0,-0.0561232201666,-0.0136384187932,0.0194158865536,-0.00588428685057,27.499984375,6.60951287889,-1.19952144712,-0.351610243881,0.192560041919,27.499984375,2.19753333506,0.150823974158,0.0391106560032,-0.0224533689107,27.499984375,1.86055099486,0.233906771835,0.0671703538135,-0.0370686467996,27.499984375
1789944698.78,2.24000620842,,0,-0.056653384052,-0.0128663460437,0.0191804706827,-0.00588428685057,28.0000786875,6.56124363144,-1.21343440362,-0.343906389338,0.192560041919,28.0000786875,2.20359849269,0.152370726016,0.0382123518361,-0.0224533689107,28.0000786875,1.8699623915,0.236564426682,0.0656873282586,-0.0370686467996,28.0000786875
1789944698.81,2.27000975609,,0,-0.0570308127896,-0.0122935132435,0.0190039214527,-0.00588428685057,28.3751225,6.52468241902,-1.22366612843,-0.338128913158,0.192560041919,28.3751225,2.20818724703,0.153507124128,0.0375386720697,-0.0224533689107,28.3751225,1.87708955279,0.238518591975,0.064575138929,-0.0370686467996,28.3751225
1789944698.84,2.30001020432,,0,-0.057391097463,-0.0117260362052,0.0188273905582,-0.00588428685057,28.7501273625,6.48782066376,-1.23372347309,-0.332352036994,0.192560041919,28.7501273625,2.21280931226,0.154623194615,0.036865062268,-0.0224533689107,28.7501273625,1.88427409609,0.240439189939,0.0634630651053,-0.0370686467996,28.7501273625
1789944698.88,2.34011483192,,0,-0.0578462880236,-0.010975703152,0.0185914035348,-0.00588428685057,29.251434975,6.43807746226,-1.24689746676,-0.324629491804,0.192560041919,29.251434975,2.21903982015,0.156083596752,0.0359645786871,-0.0224533689107,29.251434975,1.89396745363,0.242954541122,0.0619764415193,-0.0370686467996,29.251434975
1789944698.91,2.36998438835,,0,-0.0581658603785,-0.0104230104721,0.0184156422874,-0.00588428685057,29.624804875,6.40068918293,-1.25650811691,-0.318877801917,0.192560041919,29.624804875,2.22371791743,0.157147827679,0.0352939057187,-0.0224533689107,29.624804875,1.90125188946,0.244789215959,0.0608692161634,-0.0370686467996,29.624804875
1789944698.94,2.40002179146,,0,-0.0584706583803,-0.00987250883595,0.0182388942039,-0.00588428685057,30.0002711125,6.36280409064,-1.26599947717,-0.313093818362,0.192560041919,30.0002711125,2.22845403408,0.158197832122,0.0346194671632,-0.0224533689107,30.0002711125,1.9086319882,0.246600840409,0.0597557741359,-0.0370686467996,30.0002711125
1789944698.98,2.44003033638,,0,-0.0588511098491,-0.00914750410089,0.018003471613,-0.00588428685057,30.5003797,6.31190458526,-1.2783718348,-0.305389743916,0.192560041919,30.5003797,2.23481078957,0.15956494105,0.0337211373544,-0.0224533689107,30.5003797,1.91854559377,0.248961922674,0.0582727062486,-0.0370686467996,30.5003797
1789944699.01,2.46998810768,,0,-0.0591170955735,-0.00861080216264,0.0178271919776,-0.00588428685057,30.8748508125,6.27347134425,-1.287434198,-0.299621090067,0.192560041919,30.8748508125,2.23960601758,0.16056507286,0.0330484863115,-0.0224533689107,30.8748508125,1.92602990032,0.250691004413,0.0571622152561,-0.0370686467996,30.8748508125
1789944699.04,2.49998950958,,0,-0.0593674360881,-0.00807860766225,0.0176506544809,-0.00588428685057,31.2498697,6.23471239658,-1.29633662268,-0.293843997851,0.192560041919,31.2498697,2.24443798464,0.161546472352,0.0323748513172,-0.0224533689107,31.2498697,1.933576568,0.252389274671,0.0560500998414,-0.0370686467996,31.2498697
1789944699.08,2.54000782967,,0,-0.0596766564948,-0.00737697291315,0.0174151762365,-0.00588428685057,31.7500965125,6.18260217789,-1.30794152657,-0.286138102172,0.192560041919,31.7500965125,2.25092845835,0.162824074851,0.0314763091444,-0.0224533689107,31.7500965125,1.94372120343,0.254602613866,0.0545666813588,-0.0370686467996,31.7500965125
1789944699.11,2.57000184059,,0,-0.0598901154026,-0.00685726593588,0.0172386818952,-0.00588428685057,32.125023725,6.14324370209,-1.31643738507,-0.280362422192,0.192560041919,32.125023725,2.25582629033,0.163758080745,0.030802838823,-0.0224533689107,32.125023725,1.95138217805,0.256222622149,0.0534548378056,-0.0370686467996,32.125023725
1789944699.14,2.6000084877,,0,-0.0600881447652,-0.00634263958662,0.0170621140356,-0.00588428685057,32.5001071125,6.10361644648,-1.32476343748,-0.274584336366,0.192560041919,32.5001071125,2.26075389152,0.164672262885,0.0301290879693,-0.0224533689107,32.5001071125,1.95909446444,0.25780993557,0.0523425311166,-0.0370686467996,32.5001071125
1789944699.18,2.64002799988,,0,-0.0603283730181,-0.00566453690879,0.0168266287183,-0.00588428685057,33.00034895,6.05038245572,-1.33559792622,-0.26687820923,0.192560041919,33.00034895,2.26736785469,0.165860029236,0.0292305188075,-0.0224533689107,33.00034895,1.96945336828,0.259874965874,0.0508590680776,-0.0370686467996,33.00034895
1789944699.21,2.66998004913,,0,-0.0604905167271,-0.00516318222414,0.0166503815111,-0.00588428685057,33.374751175,6.01025953866,-1.34350513387,-0.261110616579,0.192560041919,33.374751175,2.27234873508,0.166725475109,0.0285579915052,-0.0224533689107,33.374751175,1.97725983717,0.261381677982,0.0497487813704,-0.0370686467996,33.374751175
1789944699.24,2.69996881485,,0,-0.0606378936303,-0.00466650359431,0.0164739189449,-0.00588428685057,33.7496108875,5.96985291647,-1.35124893473,-0.255335976423,0.192560041919,33.7496108875,2.27736136873,0.16757179789,0.027884642432,-0.0224533689107,33.7496108875,1.98512055761,0.262856914679,0.0486371379878,-0.0370686467996,33.7496108875
1789944699.28,2.73997354507,,0,-0.0608114563824,-0.00401217745773,0.0162385196382,-0.00588428685057,34.2496700125,5.91559430528,-1.36130949705,-0.247632663937,0.192560041919,34.2496700125,2.28408710666,0.168669348538,0.0269864014712,-0.0224533689107,34.2496700125,1.99567460088,0.264772968321,0.0471542167811,-0.0370686467996,34.2496700125
1789944699.31,2.76996922493,,0,-0.0609245251498,-0.00352774128964,0.0160620172237,-0.00588428685057,34.624614375,5.87465054406,-1.36865074845,-0.241856719764,0.192560041919,34.624614375,2.28915847566,0.169468719448,0.0263129003438,-0.0224533689107,34.624614375,2.00363765779,0.266170709,0.0460423223697,-0.0370686467996,34.624614375
1789944699.34,2.79997634888,,0,-0.0610231779456,-0.00304841413603,0.0158854461807,-0.00588428685057,34.999704525,5.83347313018,-1.37582150063,-0.236078529763,0.192560041919,34.999704525,2.29425550483,0.170248187352,0.0256391373428,-0.0224533689107,34.999704525,2.01164526077,0.267535621816,0.0449299956266,-0.0370686467996,34.999704525
1789944699.38,2.84001064301,,0,-0.0611325517557,-0.00241716745627,0.0156498730757,-0.00588428685057,35.50013285,5.77820599897,-1.38511841921,-0.228369529824,0.192560041919,35.50013285,2.3010915724,0.171256637913,0.0247402331992,-0.0224533689107,35.50013285,2.0223914622,0.269304655465,0.0434459795604,-0.0370686467996,35.50013285
1789944699.41,2.86997509003,,0,-0.0611979813356,-0.00195087035735,0.0154735540685,-0.00588428685057,35.8746876,5.73660012535,-1.39187492421,-0.222599587555,0.192560041919,35.8746876,2.30623417738,0.171987883625,0.0240674319209,-0.0224533689107,35.8746876,2.03048034731,0.270589846003,0.0423352405416,-0.0370686467996,35.8746876
1789944699.44,2.90000247955,,0,-0.0612496118823,-0.00148888991232,0.0152968632273,-0.00588428685057,36.2500322375,5.69470601714,-1.39847223777,-0.216817477225,0.192560041919,36.2500322375,2.31140930471,0.17270044755,0.0233932117917,-0.0224533689107,36.2500322375,2.03862442175,0.271844358879,0.041222159118,-0.0370686467996,36.2500322375
1789944699.48,2.94002223015,,0,-0.061297010128,-0.000881425981976,0.0150613757857,-0.00588428685057,36.7502785875,5.6385679986,-1.40699501002,-0.209111280575,0.192560041919,36.7502785875,2.31833921935,0.173618656655,0.0224946345243,-0.0224533689107,36.7502785875,2.04953616786,0.273464373503,0.0397386826971,-0.0370686467996,36.7502785875
1789944699.51,2.96999740601,,0,-0.0613166909879,-0.00043260370367,0.0148849938696,-0.00588428685057,37.124966975,5.59630014389,-1.41317662744,-0.203339279646,0.192560041919,37.124966975,2.32355345589,0.174282847691,0.021821593197,-0.0224533689107,37.124966975,2.05775096818,0.274638890158,0.0386275473774,-0.0370686467996,37.124966975
1789944699.54,3.00000429153,,0,-0.0613229972526,1.1399833398e-05,0.0147084245978,-0.00588428685057,37.5000533625,5.55380440088,-1.41919151916,-0.197561147606,0.192560041919,37.5000533625,2.32879286892,0.174927537624,0.0211478369545,-0.0224533689107,37.5000533625,2.06600925639,0.275781294957,0.037515231792,-0.0370686467996,37.5000533625
1789944699.58,3.03996300697,,0,-0.0613108618822,0.000594430806265,0.0144732964861,-0.00588428685057,37.9995363875,5.49693976039,-1.42693206468,-0.189866709828,0.192560041919,37.9995363875,2.33579938031,0.175754650901,0.0202506308245,-0.0224533689107,37.9995363875,2.07705865841,0.277250759048,0.0360340190051,-0.0370686467996,37.9995363875
1789944699.61,3.07001686096,,0,-0.0612864870187,0.00102675394591,0.0142964500644,-0.00588428685057,38.375211525,5.45396985169,-1.43255135656,-0.18407950821,0.192560041919,38.375211525,2.34109055656,0.176353123152,0.0195758170283,-0.0224533689107,38.375211525,2.08540726181,0.278316984843,0.0349199574864,-0.0370686467996,38.375211525
1789944699.64,3.09998202324,,0,-0.0612493282769,0.00145250576975,0.0141201272206,-0.00588428685057,38.749774425,5.41096162516,-1.43798085478,-0.178309440392,0.192560041919,38.749774425,2.34638367145,0.17692963266,0.0189030011103,-0.0224533689107,38.749774425,2.09376255031,0.27934672046,0.0338091942989,-0.0370686467996,38.749774425
1789944699.68,3.13999652863,,0,-0.0611799653085,0.00201280625698,0.0138846697889,-0.00588428685057,39.249957025,5.35328068941,-1.44496167657,-0.170604225798,0.192560041919,39.249957025,2.35347833503,0.177668053022,0.0180045383551,-0.0224533689107,39.249957025,2.10496717111,0.280669905535,0.0323259069281,-0.0370686467996,39.249957025
1789944699.71,3.16996836662,,0,-0.0611134278169,0.00242631246651,0.0137083068555,-0.00588428685057,39.6246050875,5.30989675822,-1.44998851053,-0.164832846068,0.192560041919,39.6246050875,2.35881136046,0.178197597195,0.0173315694624,-0.0224533689107,39.6246050875,2.11339371904,0.281622123011,0.0312148911919,-0.0370686467996,39.6246050875
1789944699.74,3.20000123978,,0,-0.0610344030499,0.00283535825884,0.0135315849511,-0.00588428685057,40.0000157125,5.26627600284,-1.45485206878,-0.159049719213,0.192560041919,40.0000157125,2.36417085709,0.178707987465,0.0166572308019,-0.0224533689107,40.0000157125,2.12186554414,0.282542877714,0.0301016140828,-0.0370686467996,40.0000157125
1789944699.78,3.24000453949,,0,-0.0609102151338,0.00337195793202,0.0132961941355,-0.00588428685057,40.5000568,5.20795193178,-1.461060507,-0.151346684592,0.192560041919,40.5000568,2.37133285241,0.179356365802,0.0157590222412,-0.0224533689107,40.5000568,2.13319187772,0.28371738143,0.0286187463662,-0.0370686467996,40.5000568
1789944699.81,3.26998329163,,0,-0.0608031797418,0.00376791674415,0.0131197907005,-0.00588428685057,40.8747909,5.16408405147,-1.46551115891,-0.145573979471,0.192560041919,40.8747909,2.3767167088,0.179818711551,0.015085898802,-0.0224533689107,40.8747909,2.14171005765,0.284558677799,0.0275074754865,-0.0370686467996,40.8747909
1789944699.84,3.30002212524,,0,-0.0606841028072,0.00415936669756,0.0129430328902,-0.00588428685057,41.2502778,5.1199968235,-1.46979717151,-0.139789677615,0.192560041919,41.2502778,2.38212497931,0.18026174587,0.014411423131,-0.0224533689107,41.2502778,2.15027014518,0.285368249299,0.0263939721846,-0.0370686467996,41.2502778
1789944699.88,3.33998250961,,0,-0.0605076223593,0.00467187500473,0.0127078955226,-0.00588428685057,41.7497804875,5.06115385098,-1.47522945533,-0.132094936939,0.192560041919,41.7497804875,2.38933954486,0.180819702456,0.0135141816819,-0.0224533689107,41.7497804875,2.16169420075,0.286393362146,0.0249127010887,-0.0370686467996,41.7497804875
1789944699.91,3.36998605728,,0,-0.0603617555759,0.00505050974343,0.01253134541,-0.00588428685057,42.124826175,5.01683298498,-1.47910611311,-0.126317431875,0.192560041919,42.124826175,2.39477077861,0.181215070823,0.0128404985475,-0.0224533689107,42.124826175,2.17029809496,0.287124149279,0.0238005061988,-0.0370686467996,42.124826175
1789944699.94,3.4000222683,,0,-0.0602044315952,0.00542424876236,0.0123546041052,-0.00588428685057,42.5002780125,4.97235022609,-1.48281334111,-0.12053367015,0.192560041919,42.5002780125,2.40021947187,0.181590621546,0.0121660858583,-0.0224533689107,42.5002780125,2.17893276676,0.287822303669,0.0226871068744,-0.0370686467996,42.5002780125
1789944699.98,3.43999457359,,0,-0.0599778048993,0.00591338904068,0.0121193959907,-0.00588428685057,42.9999309875,4.91298461488,-1.48747750738,-0.112836614325,0.192560041919,42.9999309875,2.40748753577,0.182058989455,0.0112685744523,-0.0224533689107,42.9999309875,2.19045539831,0.288699544337,0.0212053901022,-0.0370686467996,42.9999309875
1789944700.01,3.46998357773,,0,-0.0597950450149,0.0062741915836,0.01194293213,-0.00588428685057,43.37479345,4.8683267827,-1.4907747758,-0.107061931805,0.192560041919,43.37479345,2.41295226847,0.182386826095,0.0105952204394,-0.0224533689107,43.37479345,2.19912257688,0.289318804059,0.0200937385646,-0.0370686467996,43.37479345
1789944700.04,3.49997520447,,0,-0.0596015262356,0.00662973434535,0.0117664521699,-0.00588428685057,43.7496901125,4.82356857815,-1.49389914441,-0.101286722441,0.192560041919,43.7496901125,2.41842702973,0.182694496669,0.00992180499404,-0.0224533689107,43.7496901125,2.20780861973,0.289904778402,0.0189819856071,-0.0370686467996,43.7496901125
1789944700.08,3.54005527496,,0,-0.0593264177664,0.00709660910764,0.0115306091173,-0.00588428685057,44.2506918875,4.76361360025,-1.49780406469,-0.0935688886178,0.192560041919,44.2506918875,2.42575717943,0.183074129277,0.00902187077972,-0.0224533689107,44.2506918875,2.21944289313,0.290635805214,0.0174962689796,-0.0370686467996,44.2506918875
1789944700.11,3.56998133659,,0,-0.0591089076588,0.00743903932485,0.011354515902,-0.00588428685057,44.6247669875,4.7187492654,-1.50051798289,-0.0878063352628,0.192560041919,44.6247669875,2.43123979683,0.183334063618,0.00834993108207,-0.0224533689107,44.6247669875,2.22814813152,0.291142799991,0.0163869523589,-0.0370686467996,44.6247669875
1789944700.14,3.59998822212,,0,-0.0588806001533,0.0077771034419,0.0111779469891,-0.00588428685057,44.9998526125,4.67368478358,-1.50306608283,-0.082028214969,0.192560041919,44.9998526125,2.43674473266,0.183574510116,0.00767617620918,-0.0224533689107,44.9998526125,2.23689162042,0.291617832303,0.0152746390347,-0.0370686467996,44.9998526125
1789944700.18,3.63997936249,,0,-0.0585607095441,0.0082194165466,0.0109426278617,-0.00588428685057,45.4997414125,4.61351197076,-1.50619250218,-0.0743275263063,0.192560041919,45.4997414125,2.44409197885,0.183863534171,0.00677824119792,-0.0224533689107,45.4997414125,2.24856555862,0.292199040252,0.0137922229254,-0.0370686467996,45.4997414125
1789944700.21,3.66997528076,,0,-0.0583092630119,0.00854500503489,0.0107661224403,-0.00588428685057,45.8746921625,4.56829955767,-1.50833540586,-0.0685514837353,0.192560041919,45.8746921625,2.44961010886,0.184056753339,0.00610472859687,-0.0224533689107,45.8746921625,2.25733641669,0.292596076089,0.0126803095719,-0.0370686467996,45.8746921625
1789944700.24,3.69998669624,,0,-0.0580479933421,0.00886546171179,0.0105895266362,-0.00588428685057,46.2498349125,4.52300226616,-1.51030601523,-0.0627724834421,0.192560041919,46.2498349125,2.45513656145,0.184229853203,0.00543087111208,-0.0224533689107,46.2498349125,2.26612318391,0.292959936592,0.011567826844,-0.0370686467996,46.2498349125
1789944700.28,3.73998522758,,0,-0.0576849809937,0.0092843186465,0.0103541646535,-0.00588428685057,46.74981475,4.46254430146,-1.5126627777,-0.0550703923646,0.192560041919,46.74981475,2.46250956329,0.184429118041,0.00453277257294,-0.0224533689107,46.74981475,2.27784996699,0.293392978481,0.0100851407637,-0.0370686467996,46.74981475
1789944700.31,3.77000141144,,0,-0.057401662673,0.00959246103265,0.0101775404342,-0.00588428685057,47.1250178625,4.41711589827,-1.5142290384,-0.0492904621989,0.192560041919,47.1250178625,2.46804737437,0.184555059907,0.00385880666082,-0.0224533689107,47.1250178625,2.28666089984,0.293678997612,0.00897247903129,-0.0370686467996,47.1250178625
1789944700.34,3.79996681213,,0,-0.0571096775762,0.00989479349809,0.0100012152956,-0.00588428685057,47.4995856375,4.37172012005,-1.51561959552,-0.0435203192825,0.192560041919,47.4995856375,2.4735792764,0.184660609939,0.00318598198609,-0.0224533689107,47.4995856375,2.29546497702,0.293931219272,0.00786170138697,-0.0370686467996,47.4995856375
1789944700.38,3.8400156498,,0,-0.0567054459432,0.0102906107876,0.00976555694492,-0.00588428685057,48.00019505,4.31098860555,-1.51720810626,-0.035808529726,0.192560041919,48.00019505,2.48097701818,0.184770198036,0.00228675256057,-0.0224533689107,48.00019505,2.30724246367,0.294216343359,0.00637714830725,-0.0370686467996,48.00019505
1789944700.41,3.86996626854,,0,-0.0563928816073,0.0105804564754,0.00958931864658,-0.00588428685057,48.37457835,4.26553201671,-1.51819422825,-0.0300412286106,0.192560041919,48.37457835,2.48651193341,0.184828616983,0.00161425925266,-0.0224533689107,48.37457835,2.31605713281,0.294390717114,0.00526691772202,-0.0370686467996,48.37457835
1789944700.44,3.89999842644,,0,-0.0560708290103,0.0108657914675,0.00941260039638,-0.00588428685057,48.7499812125,4.21992458168,-1.51900959501,-0.0242582213355,0.192560041919,48.7499812125,2.49206337537,0.184866971049,0.000939934535714,-0.0224533689107,48.7499812125,2.3249005501,0.294532177642,0.00415366363261,-0.0370686467996,48.7499812125
1789944700.48,3.94008636475,,0,-0.0556277430492,0.0112383940305,0.00917671212898,-0.00588428685057,49.2510790375,4.15901336498,-1.51982732912,-0.0165389078804,0.192560041919,49.2510790375,2.49947480451,0.18488660932,3.98277897092e-05,-0.0224533689107,49.2510790375,2.33671064432,0.294668903703,0.00266766216966,-0.0370686467996,49.2510790375
1789944700.51,3.96999073029,,0,-0.0552875879345,0.0115101875429,0.00900074571999,-0.00588428685057,49.6248847625,4.11355721554,-1.52023581522,-0.0107805041944,0.192560041919,49.6248847625,2.50500365609,0.184877760587,-0.000631628037839,-0.0224533689107,49.6248847625,2.34552358577,0.294732103882,0.00155914437832,-0.0370686467996,49.6248847625
1789944700.54,3.99999213219,,0,-0.0549382418456,0.0117775744275,0.00882420881763,-0.00588428685057,49.9999023875,4.06794401251,-1.52047258539,-0.00500343142714,0.192560041919,49.9999023875,2.51054986427,0.18484870589,-0.00130526076441,-0.0224533689107,49.9999023875,2.35436649931,0.294762197953,0.000447032707543,-0.0370686467996,49.9999023875
1789944700.58,4.03997278214,,0,-0.0544603758819,0.0121256698771,0.00858895071028,-0.00588428685057,50.4996615625,4.00715245464,-1.52051872657,0.00269526038787,0.192560041919,50.4996615625,2.51793896885,0.184778575211,-0.00220296293423,-0.0224533689107,50.4996615625,2.36615127079,0.294750444291,-0.00103499899989,-0.0370686467996,50.4996615625
1789944700.61,4.06999206543,,0,-0.0540925297243,0.0123808518522,0.00841230922061,-0.00588428685057,50.8749013625,3.96150980581,-1.52035105418,0.0084757557173,0.192560041919,50.8749013625,2.52348477706,0.184702327119,-0.00287699474698,-0.0224533689107,50.8749013625,2.37499880514,0.294702672234,-0.0021477695288,-0.0370686467996,50.8749013625
1789944700.64,4.0999994278,,0,-0.0537172547749,0.0126306321019,0.00823573853067,-0.00588428685057,51.2499907625,3.91589308368,-1.52001002755,0.0142539341643,0.192560041919,51.2499907625,2.52902577149,0.184605887866,-0.00355075640079,-0.0224533689107,51.2499907625,2.38384085913,0.294621534942,-0.00326009404775,-0.0370686467996,51.2499907625
1789944700.68,4.13996124268,,0,-0.0532059989689,0.0129550483393,0.0080005920247,-0.00588428685057,51.7495128625,3.85516422506,-1.51928666144,0.0219489738856,0.192560041919,51.7495128625,2.53639987516,0.184446064988,-0.00444803272002,-0.0224533689107,51.7495128625,2.3956114592,0.294461657564,-0.00474142271123,-0.0370686467996,51.7495128625
1789944700.71,4.16997098923,,0,-0.052813643034,0.0131924956836,0.00782400512355,-0.00588428685057,52.1246367,3.80958132458,-1.51854126552,0.0277276828355,0.192560041919,52.1246367,2.54193298034,0.184302469249,-0.00512185623287,-0.0224533689107,52.1246367,2.40444592414,0.294302675999,-0.0058538493543,-0.0370686467996,52.1246367
1789944700.74,4.19999933243,,0,-0.0524139921635,0.0134247853313,0.00764730922188,-0.00588428685057,52.4999920875,3.76399528307,-1.51762183037,0.0335099587676,0.192560041919,52.4999920875,2.54746488378,0.184138544767,-0.00579609567192,-0.0224533689107,52.4999920875,2.41328056523,0.294110181564,-0.00696696265698,-0.0370686467996,52.4999920875
1789944700.78,4.24002027512,,0,-0.0518706594805,0.0137261248083,0.00741181506047,-0.00588428685057,53.0002527125,3.70328766055,-1.51612652467,0.0412163753212,0.192560041919,53.0002527125,2.55482938327,0.183888598665,-0.00669469858109,-0.0224533689107,53.0002527125,2.42504512929,0.293801671956,-0.00845048141025,-0.0370686467996,53.0002527125
1789944700.81,4.27003574371,,0,-0.0514553514766,0.0139459430938,0.00723519556038,-0.00588428685057,53.3754458,3.65779987954,-1.51480265546,0.0469961510538,0.192560041919,53.3754458,2.56034576485,0.183677539871,-0.0073686464856,-0.0224533689107,53.3754458,2.4338597441,0.293531328906,-0.00956311341362,-0.0370686467996,53.3754458
1789944700.84,4.2999625206,,0,-0.0510347816324,0.014159833679,0.00705909822013,-0.00588428685057,53.7495296625,3.61248872652,-1.51330998618,0.0527588393933,0.192560041919,53.7495296625,2.56583922912,0.183446965824,-0.00804060192306,-0.0224533689107,53.7495296625,2.44263972277,0.293228536907,-0.0106724560194,-0.0370686467996,53.7495296625
1789944700.88,4.34003973007,,0,-0.0504616864779,0.0144380182284,0.0068232713788,-0.00588428685057,54.250497,3.55188365302,-1.51104090508,0.0604761427141,0.192560041919,54.250497,2.57318460587,0.183106687243,-0.00894047427834,-0.0224533689107,54.250497,2.45438258759,0.292771042983,-0.0121580705228,-0.0370686467996,54.250497
1789944700.91,4.36997127533,,0,-0.0500265077245,0.0146396117823,0.00664714703556,-0.00588428685057,54.624638225,3.50668418774,-1.50914452003,0.0662397147117,0.192560041919,54.624638225,2.57866112154,0.182829029452,-0.00961253275431,-0.0224533689107,54.624638225,2.46313999316,0.292390531573,-0.0132675832366,-0.0370686467996,54.624638225
1789944700.94,4.39998912811,,0,-0.0495840884389,0.0148364943592,0.00647051285417,-0.00588428685057,54.9998625,3.46141348668,-1.50706938442,0.0720199708815,0.192560041919,54.9998625,2.58414484071,0.182530364896,-0.01028653668,-0.0224533689107,54.9998625,2.47191081051,0.29197556518,-0.0143803077262,-0.0370686467996,54.9998625
1789944700.98,4.43997335434,,0,-0.048985749663,0.0150905104929,0.00623523287492,-0.00588428685057,55.4996681375,3.4012137675,-1.50403577713,0.0797193784422,0.192560041919,55.4996681375,2.59143475508,0.182101114641,-0.011184322309,-0.0224533689107,55.4996681375,2.48357340295,0.291370944603,-0.0158624772178,-0.0370686467996,55.4996681375
1789944701.01,4.46998500824,,0,-0.0485300808535,0.0152749886129,0.00605863719442,-0.00588428685057,55.874810625,3.35611231818,-1.50155656918,0.0854983746917,0.192560041919,55.874810625,2.59689472636,0.181755345786,-0.0118581793222,-0.0224533689107,55.874810625,2.49231054209,0.290878195901,-0.0169749591673,-0.0370686467996,55.874810625
1789944701.04,4.50004482269,,0,-0.0480682074157,0.0154544514274,0.00588175682035,-0.00588428685057,56.2505578875,3.31101535601,-1.49889950905,0.0912866873812,0.192560041919,56.2505578875,2.60235279314,0.181388747188,-0.0125331226744,-0.0224533689107,56.2505578875,2.50104643994,0.290351184908,-0.0180892345721,-0.0370686467996,56.2505578875
1789944701.08,4.53999996185,,0,-0.0474460839749,0.0156847632606,0.00564664692641,-0.00588428685057,56.7500022125,3.25120092198,-1.49509839379,0.0989805289938,0.192560041919,56.7500022125,2.60959003664,0.180870056637,-0.0134302592888,-0.0224533689107,56.7500022125,2.51263274674,0.289598830624,-0.0195703325944,-0.0370686467996,56.7500022125
1789944701.11,4.56999111176,,0,-0.0469731677862,0.0158514660057,0.00547017074401,-0.00588428685057,57.12489085,3.20640667054,-1.49204325918,0.104755614734,0.192560041919,57.12489085,2.61500838599,0.180457170492,-0.014103660319,-0.0224533689107,57.12489085,2.52130916354,0.288995224013,-0.0206820617539,-0.0370686467996,57.12489085
1789944701.14,4.59998607635,,0,-0.0464952744255,0.016012894862,0.00529367363708,-0.00588428685057,57.4998239375,3.16170134893,-1.4888145304,0.110531385218,0.192560041919,57.4998239375,2.62041468975,0.180024035769,-0.0147771411935,-0.0224533689107,57.4998239375,2.52996800295,0.288358197933,-0.0217939227294,-0.0370686467996,57.4998239375
1789944701.18,4.63997173309,,0,-0.0458508191648,0.016219861806,0.00505838658492,-0.00588428685057,57.9996446,3.10226054119,-1.48424092323,0.118231024236,0.192560041919,57.9996446,2.6276010159,0.179415212317,-0.0156749538114,-0.0224533689107,57.9996446,2.54148037618,0.287457120053,-0.0232761367775,-0.0370686467996,57.9996446
1789944701.21,4.66998147964,,0,-0.0453618125105,0.0163690134921,0.00488180010155,-0.00588428685057,58.37476755,3.05777282072,-1.48060612074,0.124009719514,0.192560041919,58.37476755,2.6329780775,0.178934698881,-0.0163487757301,-0.0224533689107,58.37476755,2.55009626911,0.286741915174,-0.0243885607887,-0.0370686467996,58.37476755
1789944701.24,4.69997596741,,0,-0.0448686608286,0.0165127941905,0.00470530323,-0.00588428685057,58.7497001375,3.01341927238,-1.47679987707,0.129785482295,0.192560041919,58.7497001375,2.63833769818,0.178434223395,-0.0170222557064,-0.0224533689107,58.7497001375,2.55868584254,0.285993714984,-0.0255004202815,-0.0370686467996,58.7497001375
1789944701.28,4.7399969101,,0,-0.0442040989644,0.0166963922211,0.00446980889206,-0.00588428685057,59.2499611375,2.95442243571,-1.47145153895,0.137491904625,0.192560041919,59.2499611375,2.64546492092,0.177734996289,-0.0179208592891,-0.0224533689107,59.2499611375,2.57011074503,0.284943479839,-0.0269839401468,-0.0370686467996,59.2499611375
1789944701.31,4.76998376846,,0,-0.0437014455344,0.016827781595,0.00429335835927,-0.00588428685057,59.6247952875,2.91036109478,-1.46724203067,0.143266150996,0.192560041919,59.6247952875,2.65078645446,0.177187513203,-0.0185941624452,-0.0224533689107,59.6247952875,2.57864297017,0.284117653518,-0.028095507724,-0.0370686467996,59.6247952875
1789944701.34,4.80001926422,,0,-0.0431941012118,0.0169540814043,0.00411661965529,-0.00588428685057,60.0002416,2.86635693892,-1.46285207242,0.14904982761,0.192560041919,60.0002416,2.65609991763,0.176618896344,-0.01926856521,-0.0224533689107,60.0002416,2.5871638037,0.283257064515,-0.029208890664,-0.0370686467996,60.0002416
1789944701.38,4.84001016617,,0,-0.0425128639676,0.017114003259,0.00388130200484,-0.00588428685057,60.5001272625,2.80797747463,-1.45673746509,0.15675046794,0.192560041919,60.5001272625,2.66314741081,0.175830375505,-0.0201664945855,-0.0224533689107,60.5001272625,2.59846774378,0.282059334706,-0.0306912974691,-0.0370686467996,60.5001272625
1789944701.41,4.86998653412,,0,-0.0419981275127,0.0172277075634,0.00370491130346,-0.00588428685057,60.8748343125,2.76438078281,-1.45195210797,0.162522756361,0.192560041919,60.8748343125,2.66840903977,0.175215765053,-0.0208395694356,-0.0224533689107,60.8748343125,2.60690895754,0.281122660224,-0.0318024881322,-0.0370686467996,60.8748343125
1789944701.44,4.89997434616,,0,-0.0414798709745,0.0173361631293,0.0035284558161,-0.00588428685057,61.2496789875,2.72091420164,-1.44699186453,0.168297164867,0.192560041919,61.2496789875,2.67365386453,0.174580741275,-0.0215128914974,-0.0224533689107,61.2496789875,2.61532467825,0.280152313682,-0.0329140869212,-0.0370686467996,61.2496789875
1789944701.48,4.93997049332,,0,-0.0407837343058,0.0174725807667,0.00329310786745,-0.00588428685057,61.7496290125,2.66317697631,-1.44010663355,0.175998796689,0.192560041919,61.7496290125,2.68061894991,0.173702352519,-0.0224109364853,-0.0224533689107,61.7496290125,2.62650292946,0.278806232806,-0.0343966845927,-0.0370686467996,61.7496290125
1789944701.51,4.96999120712,,0,-0.0402577313249,0.0175687917324,0.00311645529178,-0.00588428685057,62.1248923625,2.62002361622,-1.43473618794,0.181779654802,0.192560041919,62.1248923625,2.6858234797,0.173019434059,-0.0230850106002,-0.0224533689107,62.1248923625,2.63485732292,0.277756903271,-0.035509524959,-0.0370686467996,62.1248923625
1789944701.54,5.00000190735,,0,-0.039729104508,0.0176596686161,0.00293986433047,-0.00588428685057,62.500024825,2.57704905277,-1.42919415873,0.187558496618,0.192560041919,62.500024825,2.69100539946,0.172316527953,-0.0237588496058,-0.0224533689107,62.500024825,2.64317681584,0.27667454855,-0.0366219771794,-0.0370686467996,62.500024825
1789944701.58,5.0399723053,,0,-0.0390209551662,0.017772475634,0.00270466718433,-0.00588428685057,62.9996545,2.52007550175,-1.42154355554,0.195255193511,0.192560041919,62.9996545,2.69787373763,0.171348941752,-0.0246563191588,-0.0224533689107,62.9996545,2.65420595231,0.27518114342,-0.0381036248557,-0.0370686467996,62.9996545
1789944701.61,5.07002353668,,0,-0.0384856726439,0.0178510976716,0.00252783609705,-0.00588428685057,63.3752970625,2.47744515783,-1.41558891342,0.201041893317,0.192560041919,63.3752970625,2.70301177911,0.170597846047,-0.0253310744415,-0.0224533689107,63.3752970625,2.66245815918,0.274019337852,-0.0392175897735,-0.0370686467996,63.3752970625
1789944701.64,5.09998083115,,0,-0.0379498018107,0.0179241833987,0.00235156130436,-0.00588428685057,63.7497578875,2.43512962211,-1.40947992534,0.20681038869,0.192560041919,63.7497578875,2.70811088909,0.169828931462,-0.0260037070052,-0.0224533689107,63.7497578875,2.67064915648,0.272827868812,-0.0403280502584,-0.0370686467996,63.7497578875
1789944701.68,5.14000701904,,0,-0.037230544036,0.0180135938635,0.00211603566203,-0.00588428685057,64.2500853875,2.37888121986,-1.40104784145,0.21451783544,0.192560041919,64.2500853875,2.71488742567,0.168770115651,-0.0269024300399,-0.0224533689107,64.2500853875,2.68153671842,0.271183996429,-0.041811767329,-0.0370686467996,64.2500853875
1789944701.71,5.1699848175,,0,-0.0366896078311,0.0180743843648,0.00193963641667,-0.00588428685057,64.6248105875,2.33697784147,-1.39453049728,0.220290403458,0.192560041919,64.6248105875,2.71993462972,0.16795354496,-0.0275755374924,-0.0224533689107,64.6248105875,2.68964732244,0.269913906146,-0.0429230118158,-0.0370686467996,64.6248105875
1789944701.74,5.20002031326,,0,-0.0361458864383,0.0181299881042,0.00176289895428,-0.00588428685057,65.0002542625,2.29519266407,-1.38782710901,0.226074039441,0.192560041919,65.0002542625,2.72496665764,0.16711517213,-0.0282499355196,-0.0224533689107,65.0002542625,2.69773479146,0.268607971897,-0.0440363869344,-0.0370686467996,65.0002542625
1789944701.78,5.24003410339,,0,-0.0354190877855,0.0181958177519,0.0015274461241,-0.00588428685057,65.5004270875,2.239843432,-1.37862686719,0.233779103453,0.192560041919,65.5004270875,2.73163071974,0.165966809011,-0.0291483807163,-0.0224533689107,65.5004270875,2.70844717483,0.266816232151,-0.0455196453174,-0.0370686467996,65.5004270875
1789944701.81,5.26997518539,,0,-0.0348736252514,0.0182389137314,0.00135126364999,-0.00588428685057,65.8746918,2.19867137084,-1.37154093313,0.239544577751,0.192560041919,65.8746918,2.73658679551,0.165084007753,-0.0298206610091,-0.0224533689107,65.8746918,2.71641539744,0.265436704853,-0.0466295242324,-0.0370686467996,65.8746918
1789944701.84,5.30009174347,,0,-0.0343237474149,0.0182769405015,0.00117404966039,-0.00588428685057,66.2511477625,2.15747490025,-1.36423936817,0.245343807825,0.192560041919,66.2511477625,2.74154491831,0.164175731874,-0.0304968773774,-0.0224533689107,66.2511477625,2.72438810056,0.264015577187,-0.0477459012812,-0.0370686467996,66.2511477625
1789944701.88,5.33997774124,,0,-0.0335938806954,0.0183190880625,0.000939348671437,-0.00588428685057,66.74972345,2.10325796866,-1.35430039993,0.253024268248,0.192560041919,66.74972345,2.74806874442,0.162941471243,-0.0313924536847,-0.0224533689107,66.74972345,2.73488026895,0.262081695336,-0.0492244233662,-0.0370686467996,66.74972345
1789944701.91,5.37002134323,,0,-0.0330431153018,0.0183446537097,0.000762564570185,-0.00588428685057,67.1252662,2.06268521398,-1.34661178254,0.258809430462,0.192560041919,67.1252662,2.75294979447,0.161988201287,-0.0320670296773,-0.0224533689107,67.1252662,2.7427317167,0.260586096099,-0.0503380922908,-0.0370686467996,67.1252662
1789944701.94,5.39999341965,,0,-0.0324929716712,0.0183648663562,0.000586200224536,-0.00588428685057,67.4999172625,2.02244156288,-1.33876823345,0.264580856406,0.192560041919,67.4999172625,2.75779041453,0.161017000327,-0.0327400039589,-0.0224533689107,67.4999172625,2.75051924898,0.259060708655,-0.0514491169235,-0.0370686467996,67.4999172625
1789944701.98,5.43996858597,,0,-0.0317584272322,0.0183835982239,0.000350974839702,-0.00588428685057,67.999606925,1.9691375233,-1.32803771108,0.272278477395,0.192560041919,67.999606925,2.76420069841,0.1596902726,-0.0336375812655,-0.0224533689107,67.999606925,2.76083374274,0.256974403189,-0.0529309424922,-0.0370686467996,67.999606925
1789944702.01,5.4699640274,,0,-0.0312068720775,0.0183914787408,0.000174473190103,-0.00588428685057,68.3745496625,1.92942582973,-1.31978397851,0.278054396535,0.192560041919,68.3745496625,2.76897544177,0.158671198326,-0.0343110794739,-0.0224533689107,68.3745496625,2.76851781926,0.255370041594,-0.0540428320848,-0.0370686467996,68.3745496625
1789944702.04,5.50002622604,,0,-0.0306539276161,0.0183940648677,-2.42268317736e-06,-0.00588428685057,68.75032985,1.88987645367,-1.31133797889,0.283843216428,0.192560041919,68.75032985,2.77372987521,0.157629578313,-0.0349860819683,-0.0224533689107,68.75032985,2.776170271,0.253728633175,-0.0551572051283,-0.0370686467996,68.75032985
1789944702.08,5.54003190994,,0,-0.0299181280326,0.0183892592158,-0.000237826697306,-0.00588428685057,69.250398975,1.837644875,-1.29982858995,0.291546682961,0.192560041919,69.250398975,2.78000769383,0.156211973899,-0.0358843408918,-0.0224533689107,69.250398975,2.78627628592,0.251492376833,-0.0566401559899,-0.0370686467996,69.250398975
1789944702.11,5.5699968338,,0,-0.0293672266534,0.0183794909759,-0.000414149476354,-0.00588428685057,69.6249617375,1.79882723774,-1.29100593741,0.297316748661,0.192560041919,69.6249617375,2.7846723779,0.155126618403,-0.0365571565628,-0.0224533689107,69.6249617375,2.79378666538,0.249778511355,-0.0577509187697,-0.0370686467996,69.6249617375
1789944702.14,5.59998035431,,0,-0.0288163618973,0.0183644284402,-0.000590579673058,-0.00588428685057,69.9997526875,1.76025315889,-1.28200485184,0.303090329545,0.192560041919,69.9997526875,2.78930704886,0.154020422334,-0.0372303821199,-0.0224533689107,69.9997526875,2.80124971794,0.24803028732,-0.0588623582377,-0.0370686467996,69.9997526875
1789944702.18,5.6399846077,,0,-0.0280822428309,0.0183360943482,-0.000825975908159,-0.00588428685057,70.4998052875,1.70921214804,-1.2697258828,0.310793541514,0.192560041919,70.4998052875,2.79543848372,0.152513083909,-0.0381286113601,-0.0224533689107,70.4998052875,2.81112447783,0.24564588414,-0.0603452600945,-0.0370686467996,70.4998052875
1789944702.21,5.66997718811,,0,-0.0275326919503,0.018308674467,-0.00100246151719,-0.00588428685057,70.87471395,1.6712703043,-1.26031773771,0.316568935736,0.192560041919,70.87471395,2.79999551134,0.151359405079,-0.0388020483607,-0.0224533689107,70.87471395,2.81846475059,0.243819294514,-0.0614570486379,-0.0370686467996,70.87471395
1789944702.24,5.70003986359,,0,-0.0269827640248,0.0182758787982,-0.00117935886743,-0.00588428685057,71.250497275,1.63352571685,-1.25071381713,0.322357803961,0.192560041919,71.250497275,2.80452814296,0.150182765787,-0.0394770564908,-0.0224533689107,71.250497275,2.82576666942,0.241954981135,-0.0625714309857,-0.0370686467996,71.250497275
1789944702.28,5.74001693726,,0,-0.0262531538041,0.0182240295145,-0.00141459515585,-0.00588428685057,71.7502101,1.58378553859,-1.23767303969,0.330055781763,0.192560041919,71.7502101,2.81050021882,0.148586648406,-0.0403746754036,-0.0224533689107,71.7502101,2.83538891561,0.239423940549,-0.0640533252426,-0.0370686467996,71.7502101
1789944702.31,5.76999378204,,0,-0.0257075156453,0.0181789804619,-0.00159098791672,-0.00588428685057,72.124921525,1.54683308144,-1.22769246719,0.33582813758,0.192560041919,72.124921525,2.81493614654,0.147366251763,-0.0410477581124,-0.0224533689107,72.124921525,2.84253716041,0.237487164299,-0.0651645288798,-0.0370686467996,72.124921525
1789944702.34,5.79997825623,,0,-0.0251631731477,0.0181286306322,-0.00176742418012,-0.00588428685057,72.4997253625,1.51017340337,-1.21753633183,0.341601916992,0.192560041919,72.4997253625,2.81933626843,0.146125369734,-0.041721006819,-0.0224533689107,72.4997253625,2.84962858854,0.235516587616,-0.0662760065655,-0.0370686467996,72.4997253625
1789944702.38,5.84000396729,,0,-0.0244390350818,0.0180531741428,-0.00200294869856,-0.00588428685057,73.000050475,1.46171597821,-1.203709122,0.349309326963,0.192560041919,73.000050475,2.8251514236,0.144437458277,-0.0426197255651,-0.0224533689107,73.000050475,2.85900189165,0.232834130086,-0.0677597165559,-0.0370686467996,73.000050475
1789944702.41,5.87002849579,,0,-0.023897931882,0.0179903849576,-0.00217961983916,-0.00588428685057,73.3753532625,1.42573385886,-1.19313458886,0.355090792603,0.192560041919,73.3753532625,2.82946873491,0.143147713793,-0.0432938705204,-0.0224533689107,73.3753532625,2.86596184715,0.230782989406,-0.0688726738737,-0.0370686467996,73.3753532625
1789944702.44,5.89996862411,,0,-0.0233602960865,0.0179224888846,-0.00235579765291,-0.00588428685057,73.749608075,1.39017096771,-1.18241672584,0.360856114393,0.192560041919,73.749608075,2.83373512724,0.141841414743,-0.0439661330301,-0.0224533689107,73.749608075,2.87284054323,0.228704300373,-0.0699825234304,-0.0370686467996,73.749608075
1789944702.48,5.93997859955,,0,-0.022645163935,0.0178235233805,-0.00259122855235,-0.00588428685057,74.2497343125,1.34315324366,-1.16782471115,0.368560460734,0.192560041919,74.2497343125,2.83937478593,0.140064353641,-0.0448644945431,-0.0224533689107,74.2497343125,2.88193461494,0.225874622788,-0.0714656436586,-0.0370686467996,74.2497343125
1789944702.51,5.96997499466,,0,-0.0221117180123,0.0177431490846,-0.00276773485642,-0.00588428685057,74.6246869375,1.30828960488,-1.15668266405,0.374336532189,0.192560041919,74.6246869375,2.84355590078,0.138708487378,-0.0455380105122,-0.0224533689107,74.6246869375,2.8886776794,0.223714247657,-0.0725775625724,-0.0370686467996,74.6246869375
1789944702.54,5.99998426437,,0,-0.0215805326097,0.0176574419488,-0.00294431774448,-0.00588428685057,74.99980225,1.27374787693,-1.14536240951,0.380115109813,0.192560041919,74.99980225,2.84769782914,0.137331816743,-0.0462118187118,-0.0224533689107,74.99980225,2.89535832364,0.2215195601,-0.0736899639347,-0.0370686467996,74.99980225
1789944702.58,6.03998947144,,0,-0.0208765644423,0.0175349457234,-0.00317971898711,-0.00588428685057,75.4998654875,1.22823380993,-1.13000179511,0.387818485651,0.192560041919,75.4998654875,2.85315457817,0.13546514297,-0.0471100670598,-0.0224533689107,75.4998654875,2.90416086428,0.218541926326,-0.0751728973369,-0.0370686467996,75.4998654875
1789944702.61,6.06996107101,,0,-0.0203524662964,0.01743700109,-0.00335608126738,-0.00588428685057,75.8745121625,1.19454075039,-1.11829171381,0.393589844007,0.192560041919,75.8745121625,2.85719344305,0.134043087587,-0.0477830334602,-0.0224533689107,75.8745121625,2.91067701434,0.216272214771,-0.0762839089586,-0.0370686467996,75.8745121625
1789944702.64,6.09996366501,,0,-0.019830849784,0.0173336619197,-0.00353262453654,-0.00588428685057,76.2495433125,1.16116722378,-1.10639637125,0.399367125124,0.192560041919,76.2495433125,2.86119346271,0.132599371813,-0.0484566904813,-0.0224533689107,76.2495433125,2.91713121942,0.21396682374,-0.0773960607376,-0.0370686467996,76.2495433125
1789944702.68,6.14000320435,,0,-0.0191397075056,0.0171874994059,-0.00376823041113,-0.00588428685057,76.75004125,1.11718948612,-1.09025142244,0.40707719743,0.192560041919,76.75004125,2.86646363685,0.130641175431,-0.0493557196677,-0.0224533689107,76.75004125,2.92563597892,0.210838184227,-0.0788802832391,-0.0370686467996,76.75004125
1789944702.71,6.16999673843,,0,-0.0186259197022,0.0170718311363,-0.00394471938009,-0.00588428685057,77.12495705,1.0846732558,-1.07795523548,0.412852701603,0.192560041919,77.12495705,2.87035969105,0.129150736822,-0.0500291694892,-0.0224533689107,77.12495705,2.93192405735,0.208455633666,-0.0799920929487,-0.0370686467996,77.12495705
1789944702.74,6.20001983643,,0,-0.0181151696886,0.0169507451787,-0.00412138568969,-0.00588428685057,77.500249575,1.05249631465,-1.0654732056,0.418634009151,0.192560041919,77.500249575,2.874214586,0.127638571169,-0.0507032960102,-0.0224533689107,77.500249575,2.93814638482,0.206037291977,-0.0811050198332,-0.0370686467996,77.500249575
1789944702.78,6.23999786377,,0,-0.0174408741953,0.0167812795325,-0.00435662586762,-0.00588428685057,77.9999706625,1.01023774455,-1.04858330999,0.426332114235,0.192560041919,77.9999706625,2.87927652434,0.125593628011,-0.0516009297646,-0.0224533689107,77.9999706625,2.9463180728,0.202765279038,-0.0825869385924,-0.0370686467996,77.9999706625
1789944702.81,6.26999187469,,0,-0.0169395153828,0.0166479580453,-0.00453312173885,-0.00588428685057,78.374901125,0.97897872286,-1.03570909837,0.432107844281,0.192560041919,78.374901125,2.88302032172,0.124035786905,-0.0522744059238,-0.0224533689107,78.374901125,2.95236258614,0.200271455606,-0.0836987917836,-0.0370686467996,78.374901125
1789944702.84,6.30001592636,,0,-0.016441747084,0.0165092035108,-0.00470979146721,-0.00588428685057,78.7502009125,0.948078238649,-1.02264870918,0.437889263706,0.192560041919,78.7502009125,2.88672070768,0.122456180852,-0.0529485454903,-0.0224533689107,78.7502009125,2.958337641,0.197741776932,-0.0848117402049,-0.0370686467996,78.7502009125
1789944702.88,6.34000635147,,0,-0.0157853687715,0.0163161526822,-0.00494510551648,-0.00588428685057,79.250078925,0.907534463279,-1.00498343911,0.44558978619,0.192560041919,79.250078925,2.89157518237,0.120320801826,-0.0538464611243,-0.0224533689107,79.250078925,2.96617717092,0.194320494552,-0.086294124324,-0.0370686467996,79.250078925
1789944702.91,6.36999940872,,0,-0.0152982453252,0.0161651862353,-0.0051215943148,-0.00588428685057,79.6249943625,0.877593049734,-0.991532146999,0.451365284779,0.192560041919,79.6249943625,2.8951596715,0.118695672804,-0.0545199102946,-0.0224533689107,79.6249943625,2.97196648964,0.191715581234,-0.0874059329585,-0.0370686467996,79.6249943625
1789944702.94,6.40001678467,,0,-0.0148153436777,0.0160087987177,-0.00529822483028,-0.00588428685057,80.00021085,0.848034129963,-0.977896619164,0.457145420984,0.192560041919,80.00021085,2.89869793387,0.11704901558,-0.0551939002318,-0.0224533689107,80.00021085,2.9776817322,0.189075189305,-0.0885186343544,-0.0370686467996,80.00021085
1789944702.98,6.44002389908,,0,-0.0141791826401,0.0157921235984,-0.00553363745312,-0.00588428685057,80.5002982625,0.809279326037,-0.959453503606,0.464849169233,0.192560041919,80.5002982625,2.90333630282,0.114822904623,-0.0560921920046,-0.0224533689107,80.5002982625,2.9851748267,0.185504159633,-0.0900016394475,-0.0370686467996,80.5002982625
1789944703.01,6.46997690201,,0,-0.0137086679983,0.0156237342376,-0.00570989019738,-0.00588428685057,80.87471225,0.780750092392,-0.945443439715,0.470616943083,0.192560041919,80.87471225,2.90675034373,0.113132696059,-0.0567647404356,-0.0224533689107,80.87471225,2.99069071459,0.182791701019,-0.0911119610362,-0.0370686467996,80.87471225
1789944703.04,6.50001382828,,0,-0.0132419844961,0.015449573414,-0.00588663490922,-0.00588428685057,81.250171325,0.752565233009,-0.931220783237,0.476400816301,0.192560041919,81.250171325,2.91012277139,0.111417540335,-0.0574391661253,-0.0224533689107,81.250171325,2.99613991057,0.180038274253,-0.0922253818233,-0.0370686467996,81.250171325
1789944703.08,6.53999233246,,0,-0.0126290998914,0.01520953191,-0.00612188015941,-0.00588428685057,81.7499031875,0.71571913996,-0.912021087005,0.484099087372,0.192560041919,81.7499031875,2.91453094181,0.109103262383,-0.0583368192345,-0.0224533689107,81.7499031875,3.00326348359,0.176321614187,-0.0937073325358,-0.0370686467996,81.7499031875
1789944703.11,6.56998920441,,0,-0.0121756398485,0.0150232462697,-0.00629839130036,-0.00588428685057,82.1248660875,0.688579881978,-0.897412916316,0.489875317111,0.192560041919,82.1248660875,2.91777736848,0.107343228933,-0.0590103536603,-0.0224533689107,82.1248660875,3.00851028197,0.173493994743,-0.09481928192,-0.0370686467996,82.1248660875
1789944703.14,6.5999789238,,0,-0.0117279560265,0.0148317133124,-0.00647485928007,-0.00588428685057,82.4997373,0.661887898665,-0.882635111477,0.495650134423,0.192560041919,82.4997373,2.92096992203,0.105563429229,-0.0596837233905,-0.0224533689107,82.4997373,3.0136705083,0.170633723773,-0.0959309594057,-0.0370686467996,82.4997373
1789944703.18,6.63999652863,,0,-0.0111396747273,0.0145678938604,-0.00671033392329,-0.00588428685057,82.9999564625,0.626965943433,-0.862646232757,0.503355912255,0.192560041919,82.9999564625,2.92514628138,0.103157055413,-0.0605822518219,-0.0224533689107,82.9999564625,3.02042164099,0.16676512252,-0.0974143552023,-0.0370686467996,82.9999564625
1789944703.21,6.67000961304,,0,-0.0107054942653,0.0143638449239,-0.00688694027201,-0.00588428685057,83.3751216125,0.601302736549,-0.847452176692,0.509135257616,0.192560041919,83.3751216125,2.92821496875,0.101328674528,-0.0612561495431,-0.0224533689107,83.3751216125,3.02538275585,0.163824709238,-0.0985269043572,-0.0370686467996,83.3751216125
1789944703.24,6.69998550415,,0,-0.0102780504461,0.014154761409,-0.00706332507144,-0.00588428685057,83.749816125,0.576129484271,-0.832104050823,0.514907352898,0.192560041919,83.749816125,2.93122473145,0.0994823995206,-0.0619292018725,-0.0224533689107,83.749816125,3.03024906212,0.160854656282,-0.0996380578406,-0.0370686467996,83.749816125
1789944703.28,6.73998498917,,0,-0.00971757509349,0.0138675218598,-0.00729869583346,-0.00588428685057,84.2498146125,0.543259400268,-0.81135377191,0.522609731275,0.192560041919,84.2498146125,2.93515423283,0.0969872763526,-0.0628273339121,-0.0224533689107,84.2498146125,3.03660312355,0.156839491287,-0.101120799227,-0.0370686467996,84.2498146125
1789944703.31,6.76999902725,,0,-0.0093046729315,0.0136458103979,-0.00747530524789,-0.00588428685057,84.624986275,0.519143902239,-0.795581571602,0.52838917696,0.192560041919,84.624986275,2.93803678367,0.0950914802588,-0.0635012433315,-0.0224533689107,84.624986275,3.04126474909,0.153787782451,-0.102233367695,-0.0370686467996,84.624986275
1789944703.34,6.80000734329,,0,-0.0088985743488,0.0134188379415,-0.00765188412287,-0.00588428685057,85.0000930625,0.495508436268,-0.779638680888,0.534167623258,0.192560041919,85.0000930625,2.94086164749,0.0931757906963,-0.064175036218,-0.0224533689107,85.0000930625,3.04583349821,0.150703217648,-0.103345743776,-0.0370686467996,85.0000930625
1789944703.38,6.8400387764,,0,-0.00836759287284,0.0131078070979,-0.00788744065183,-0.00588428685057,85.500486175,0.464728435322,-0.758100886558,0.541876080756,0.192560041919,85.500486175,2.94453994854,0.0905887800552,-0.0650738771104,-0.0224533689107,85.500486175,3.05178316339,0.14653643621,-0.10482965542,-0.0370686467996,85.500486175
1789944703.41,6.86997461319,,0,-0.00797876407441,0.0128690557808,-0.0080635899268,-0.00588428685057,85.8746803625,0.442277938046,-0.741793256159,0.54764046863,0.192560041919,85.8746803625,2.94722251422,0.0886306980904,-0.0657460307213,-0.0224533689107,85.8746803625,3.05612267345,0.143381695112,-0.105939325194,-0.0370686467996,85.8746803625
1789944703.44,6.90000247955,,0,-0.00759599477043,0.0126242699227,-0.00824028293929,-0.00588428685057,86.2500296125,0.420251181058,-0.725261927528,0.553422650015,0.192560041919,86.2500296125,2.94985416933,0.0866463573795,-0.0664202591358,-0.0224533689107,86.2500296125,3.06038020157,0.140183843435,-0.107052420296,-0.0370686467996,86.2500296125
1789944703.48,6.94001960754,,0,-0.00709746928797,0.0122898065717,-0.00847575480513,-0.00588428685057,86.750242875,0.391673502745,-0.702961400111,0.561128336959,0.192560041919,86.750242875,2.95326808054,0.0839704357966,-0.0673187769691,-0.0224533689107,86.750242875,3.06590383607,0.135870239982,-0.108535798596,-0.0370686467996,86.750242875
1789944703.51,6.96997928619,,0,-0.00673310058007,0.012033234672,-0.00865204627977,-0.00588428685057,87.1247391375,0.370865682235,-0.686063743537,0.566897378239,0.192560041919,87.1247391375,2.95575349694,0.0819435084781,-0.0679914731881,-0.0224533689107,87.1247391375,3.06992559172,0.132601903802,-0.109646364171,-0.0370686467996,87.1247391375
1789944703.54,7.00002145767,,0,-0.00637552509804,0.0117706515739,-0.00882882400834,-0.00588428685057,87.50026835,0.350511418593,-0.668945924692,0.572682331911,0.192560041919,87.50026835,2.95818448739,0.0798907531731,-0.0686660248637,-0.0224533689107,87.50026835,3.07385961506,0.129291142773,-0.11075999295,-0.0370686467996,87.50026835
1789944703.58,7.03999519348,,0,-0.00591212708532,0.011413031211,-0.00906403966056,-0.00588428685057,87.9999373375,0.324230885318,-0.645899952483,0.580379634406,0.192560041919,87.9999373375,2.96132290279,0.077127991604,-0.0695635650325,-0.0224533689107,87.9999373375,3.07893895168,0.124834060425,-0.112241757207,-0.0370686467996,87.9999373375
1789944703.61,7.06999206543,,0,-0.00557387495066,0.0111384898877,-0.00924055056614,-0.00588428685057,88.3748997375,0.305117814334,-0.628403674589,0.586155856443,0.192560041919,88.3748997375,2.9636051122,0.0750311919104,-0.0702370985601,-0.0224533689107,88.3748997375,3.08263293257,0.121450467785,-0.113353705109,-0.0370686467996,88.3748997375
1789944703.64,7.09998083115,,0,-0.00524402784703,0.0108587319955,-0.00941701259096,-0.00588428685057,88.7497583,0.286537251227,-0.610739044583,0.591930478883,0.192560041919,88.7497583,2.9658235152,0.0729147772907,-0.0709104455675,-0.0224533689107,88.7497583,3.08622393508,0.118034470919,-0.114465345081,-0.0370686467996,88.7497583
1789944703.68,7.13998222351,,0,-0.00481725888125,0.0104773292653,-0.00965239308559,-0.00588428685057,89.2497774625,0.262582388071,-0.586906858157,0.599633175755,0.192560041919,89.2497774625,2.96868324583,0.0700602866903,-0.071808614745,-0.0224533689107,89.2497774625,3.09085352012,0.11342602445,-0.115948147779,-0.0370686467996,89.2497774625
1789944703.71,7.16998100281,,0,-0.00450732337974,0.0101851233631,-0.0098289134178,-0.00588428685057,89.6247598875,0.245246683553,-0.568832062071,0.605409706273,0.192560041919,89.6247598875,2.97075254406,0.0678960261419,-0.0724821842428,-0.0224533689107,89.6247598875,3.09420380282,0.109931063712,-0.117060155065,-0.0370686467996,89.6247598875
1789944703.74,7.20002651215,,0,-0.00420576649531,0.00988714994615,-0.0100057114236,-0.00588428685057,90.000332175,0.228429815873,-0.550555136711,0.611195323507,0.192560041919,90.000332175,2.97275971521,0.0657081072837,-0.0731568132927,-0.0224533689107,90.000332175,3.09745376216,0.106397167852,-0.118173911582,-0.0370686467996,90.000332175
1789944703.78,7.24000835419,,0,-0.00381852282833,0.00948240305791,-0.0102409743031,-0.00588428685057,90.5001014875,0.20690832721,-0.525964697462,0.618894171488,0.192560041919,90.5001014875,2.97532811623,0.0627652387371,-0.0740545336723,-0.0224533689107,90.5001014875,3.10161283855,0.101642764728,-0.119655973352,-0.0370686467996,90.5001014875
1789944703.81,7.26998138428,,0,-0.00353893040854,0.00917280386787,-0.0104173458982,-0.00588428685057,90.87476795,0.191422291991,-0.507327888325,0.624665834666,0.192560041919,90.87476795,2.97717603257,0.0605354926738,-0.0747275356163,-0.0224533689107,90.87476795,3.10460549354,0.0980396270767,-0.120767043654,-0.0370686467996,90.87476795
1789944703.84,7.3000202179,,0,-0.00326811814917,0.00885722599825,-0.0105941019903,-0.00588428685057,91.2502512,0.1764655365,-0.48847688821,0.630450080295,0.192560041919,91.2502512,2.9789606221,0.0582806475646,-0.0754020047309,-0.0224533689107,91.2502512,3.10749581979,0.0943952230022,-0.121880536132,-0.0370686467996,91.2502512
1789944703.88,7.33997488022,,0,-0.0029227496393,0.00842924589212,-0.010829206453,-0.00588428685057,91.7496839875,0.157453889974,-0.463133794212,0.638143744175,0.192560041919,91.7496839875,2.98122877989,0.0552500669285,-0.0762991206208,-0.0224533689107,91.7496839875,3.11116966795,0.089495944457,-0.12336159994,-0.0370686467996,91.7496839875
1789944703.91,7.36998271942,,0,-0.00267470665003,0.00810163315108,-0.0110057824388,-0.00588428685057,92.1247846375,0.143844333068,-0.443897645013,0.643922095926,0.192560041919,92.1247846375,2.98285227262,0.0529503695088,-0.0769729024826,-0.0224533689107,92.1247846375,3.11379955744,0.0857774133046,-0.12447395782,-0.0370686467996,92.1247846375
1789944703.94,7.40000391006,,0,-0.00243647205613,0.00776857470488,-0.0111824357794,-0.00588428685057,92.5000496125,0.130809036918,-0.424479557756,0.649702979071,0.192560041919,92.5000496125,2.98440711812,0.0506294324627,-0.0776469795165,-0.0224533689107,92.5000496125,3.11631843852,0.0820238514982,-0.125586803006,-0.0370686467996,92.5000496125
1789944703.98,7.44001436234,,0,-0.00213466060042,0.00731644939745,-0.0114178693268,-0.00588428685057,93.000181475,0.11434746894,-0.39833045558,0.657407412064,0.192560041919,93.000181475,2.98637043946,0.0475047620132,-0.0785453511335,-0.0224533689107,93.000181475,3.11949933969,0.0769693840018,-0.127069939915,-0.0370686467996,93.000181475
1789944704.01,7.46999502182,,0,-0.00192046841744,0.00697149286951,-0.0115942824826,-0.00588428685057,93.374936225,0.102701681849,-0.378534592836,0.663180435293,0.192560041919,93.374936225,2.98775925024,0.0451398517347,-0.0792185116657,-0.0224533689107,93.374936225,3.12174963789,0.073143119837,-0.128181272032,-0.0370686467996,93.374936225
1789944704.04,7.49996805191,,0,-0.00171674481308,0.00662133161554,-0.0117706535422,-0.00588428685057,93.74960155,0.0916545419054,-0.35857043835,0.668952080948,0.192560041919,93.74960155,2.98907655172,0.0427553313921,-0.0798915115665,-0.0224533689107,93.74960155,3.12388422812,0.0692844624714,-0.12929233896,-0.0370686467996,93.74960155
1789944704.08,7.54005241394,,0,-0.00146085292409,0.0061447861797,-0.0120065209322,-0.00588428685057,94.250655025,0.0778209909142,-0.331601279309,0.6766707112,0.192560041919,94.250655025,2.99072594448,0.0395348993648,-0.080791538648,-0.0224533689107,94.250655025,3.12655717769,0.0640720924013,-0.130778208903,-0.0370686467996,94.250655025
1789944704.11,7.56997871399,,0,-0.00128236382749,0.00578283820709,-0.012182616972,-0.00588428685057,94.624736125,0.0682012007199,-0.311264673515,0.682433356984,0.192560041919,94.624736125,2.99187280663,0.037107037794,-0.0814634891233,-0.0224533689107,94.624736125,3.12841590267,0.0601417606604,-0.131887543317,-0.0370686467996,94.624736125
1789944704.14,7.59998512268,,0,-0.00111435442782,0.00541463664985,-0.0123591813422,-0.00588428685057,94.9998121,0.0591694551529,-0.290700837842,0.688211328621,0.192560041919,94.9998121,2.99294946877,0.0346525298747,-0.0821372266622,-0.0224533689107,94.9998121,3.13016098068,0.0561676450976,-0.132999828024,-0.0370686467996,94.9998121
1789944704.18,7.63998651505,,0,-0.000907710608046,0.00491554027885,-0.012594562949,-0.00588428685057,95.499833625,0.0480935917594,-0.263017138299,0.695914061887,0.192560041919,95.499833625,2.99426967467,0.0313489351261,-0.0830354000833,-0.0224533689107,95.499833625,3.13230097873,0.0508177654801,-0.134482637728,-0.0370686467996,95.499833625
1789944704.21,7.66998004913,,0,-0.000765967615644,0.00453513764315,-0.0127710536891,-0.00588428685057,95.8747531875,0.0405186630844,-0.242057579801,0.70168962402,0.192560041919,95.8747531875,2.99517249012,0.0288483077746,-0.0837088566632,-0.0224533689107,95.8747531875,3.13376452675,0.0467674780083,-0.135594458596,-0.0370686467996,95.8747531875
1789944704.24,7.69997119904,,0,-0.00063572474099,0.00414947605563,-0.0129475286888,-0.00588428685057,96.2496393125,0.0335755751541,-0.220926684072,0.707464671056,0.192560041919,96.2496393125,2.99599992948,0.0263277067819,-0.0843822531803,-0.0224533689107,96.2496393125,3.13510597793,0.0426842087542,-0.136706180304,-0.0370686467996,96.2496393125
1789944704.28,7.74000406265,,0,-0.000480047605809,0.00362643533997,-0.0131830930497,-0.00588428685057,96.7500490625,0.0253002245868,-0.192450605917,0.715173384851,0.192560041919,96.7500490625,2.99698604419,0.0229316584564,-0.0852811239582,-0.0224533689107,96.7500490625,3.13670480483,0.0371817767717,-0.138190141286,-0.0370686467996,96.7500490625
1789944704.31,7.76998710632,,0,-0.000377267831577,0.00322851979498,-0.0133595224756,-0.00588428685057,97.124838375,0.0198522817221,-0.17092090394,0.720946940509,0.192560041919,97.124838375,2.99763517317,0.0203645694853,-0.0859543465739,-0.0224533689107,97.124838375,3.1377573492,0.0330217395754,-0.139301575898,-0.0370686467996,97.124838375
1789944704.34,7.79999494553,,0,-0.000286428178724,0.00282497922957,-0.0135360975787,-0.00588428685057,97.49993715,0.0150487682454,-0.149200101129,0.726725263376,0.192560041919,97.49993715,2.99820747022,0.0177751505374,-0.0866281250678,-0.0224533689107,97.49993715,3.13868537664,0.0288249018577,-0.140413928219,-0.0370686467996,97.49993715
1789944704.38,7.83997011185,,0,-0.000184377509815,0.00227917146572,-0.0137713222516,-0.00588428685057,97.9996253,0.00966719180053,-0.119995365002,0.734422861065,0.192560041919,97.9996253,2.99884857765,0.0142942464377,-0.0875256996576,-0.0224533689107,97.9996253,3.13972506787,0.0231822298382,-0.141895749302,-0.0370686467996,97.9996253
1789944704.41,7.86999177933,,0,-0.000122185604881,0.00186308192463,-0.0139479782401,-0.00588428685057,98.3748959,0.00639656901135,-0.0978600032637,0.740203830862,0.192560041919,98.3748959,2.9992381698,0.0116564620882,-0.0881997867954,-0.0224533689107,98.3748959,3.14035692417,0.0189055806263,-0.143008611168,-0.0370686467996,98.3748959
1789944704.44,7.89999580383,,0,-7.25899960078e-05,0.00144193371517,-0.0141245322305,-0.00588428685057,98.749949825,0.0037944011674,-0.0755640181567,0.745981462824,0.192560041919,98.749949825,2.99954811154,0.00899998106834,-0.0888734847266,-0.0224533689107,98.749949825,3.14085963388,0.0145980196633,-0.144120830486,-0.0370686467996,98.749949825
1789944704.48,7.94004678726,,0,-2.62307430374e-05,0.00087151543397,-0.0143602026557,-0.00588428685057,99.2505848875,0.00136836533786,-0.045532420453,0.753693647514,0.192560041919,99.2505848875,2.9998370481,0.00542251810804,-0.0897727602264,-0.0224533689107,99.2505848875,3.14132830968,0.00879613408887,-0.145605459631,-0.0370686467996,99.2505848875
1789944704.51,7.96997928619,,0,-6.60353662407e-06,0.000439045417612,-0.0145363329479,-0.00588428685057,99.62473875,0.000343968847009,-0.0228863678817,0.759457414189,0.192560041919,99.62473875,2.99995904059,0.00272535363844,-0.0904448414027,-0.0224533689107,99.62473875,3.1415262055,0.00442122077954,-0.146715009821,-0.0370686467996,99.62473875
1789944704.54,8.00001335144,,0,3.33066907388e-16,0,0,0,100,0,0,0,0,100,3,0,0,0,100,3.14159265359,0,0,0,100
1789944704.73,0,,0,-0.105365214877,0.152124509857,-0.816184266034,0.199292175575,0,-0.0475418034728,-0.112384059584,0.0606490738673,-0.0116502666048,0,2.99239135438,0.00621165382488,-0.00239251638521,0.000404014914275,0,-3.13517689032,-0.000749996689434,-0.000226479461992,8.00572620428e-05,0
1789944704.77,0.0300008188933,,0,-0.101167761204,0.127728000607,-0.810205337746,0.199292175575,0.375010225,-0.0508861760493,-0.110569780662,0.0602995563393,-0.0116502666048,0.375010225,2.9925766342,0.00614005819287,-0.0023803956073,0.000404014914275,0.375010225,-3.13519949239,-0.000756755230822,-0.000224077678644,8.00572620428e-05,0.375010225
1789944704.8,0.0701320618391,,0,-0.0966921552151,0.0953739317945,-0.802207494223,0.199292175575,0.8766508125,-0.0552750479947,-0.108159265749,0.0598320166125,-0.0116502666048,0.8766508125,2.99282112991,0.00604485528524,-0.00236418198498,0.000404014914275,0.8766508125,-3.1352300415,-0.0007656832807,-0.000220864880886,8.00572620428e-05,0.8766508125
1789944704.83,0.100011542439,,0,-0.0941996444863,0.0714933521768,-0.796252747848,0.199292175575,1.2501443,-0.0584801337897,-0.106376716847,0.0594839127162,-0.0116502666048,1.2501443,2.99300069348,0.00597439510814,-0.00235211022984,0.000404014914275,1.2501443,-3.13525301796,-0.000772246871379,-0.000218472811606,8.00572620428e-05,1.2501443
1789944704.87,0.129999876022,,0,-0.092412817264,0.04770466978,-0.790276307324,0.199292175575,1.6249984875,-0.0616434998273,-0.104598131889,0.0591345406184,-0.0116502666048,1.6249984875,2.99317879983,0.00590404090396,-0.00233999449524,0.000404014914275,1.6249984875,-3.13527627423,-0.000778762509484,-0.000216072027613,8.00572620428e-05,1.6249984875
1789944704.9,0.170011132956,,0,-0.0911345427757,0.0162442424901,-0.782302376271,0.199292175575,2.1251392375,-0.0657813929819,-0.102241409871,0.0586683987722,-0.0116502666048,2.1251392375,2.99341315921,0.00581073816974,-0.00232382934946,0.000404014914275,2.1251392375,-3.1353076056,-0.000787343741687,-0.000212868835687,8.00572620428e-05,2.1251392375
1789944704.93,0.19998010993,,0,-0.0909981337114,-0.00711105634874,-0.776329795438,0.199292175575,2.4997513375,-0.0688191685965,-0.100488410285,0.0583192523051,-0.0116502666048,2.4997513375,2.99358625929,0.00574127683312,-0.00231172143943,0.000404014914275,2.4997513375,-3.13533129671,-0.000793687249736,-0.000210469602162,8.00572620428e-05,2.4997513375
1789944704.97,0.230018392205,,0,-0.0915610781479,-0.0303407645574,-0.770343399473,0.199292175575,2.87522995,-0.0718114104371,-0.0987418557406,0.0579692982299,-0.0116502666048,2.87522995,2.99375767632,0.00567201894752,-0.00229958552267,0.000404014914275,2.87522995,-3.13535523231,-0.000799973278685,-0.000208064818989,8.00572620428e-05,2.87522995
1789944705,0.269987136126,,0,-0.0933869513332,-0.0609712349587,-0.762377942323,0.199292175575,3.3748392,-0.0757118189926,-0.0964342015831,0.0575036517531,-0.0116502666048,3.3748392,2.99398254727,0.0055804301186,-0.00228343755561,0.000404014914275,3.3748392,-3.13538737158,-0.000808225421593,-0.000204865031097,8.00572620428e-05,3.3748392
1789944705.03,0.299975514412,,0,-0.095557288065,-0.0837440985955,-0.756401493827,0.199292175575,3.7496938875,-0.078577919765,-0.0947149990682,0.0571542791893,-0.0116502666048,3.7496938875,2.99414887037,0.00551213520273,-0.00227132180485,0.000404014914275,3.7496938875,-3.1354117007,-0.000814332993117,-0.000202464243901,8.00572620428e-05,3.7496938875
1789944705.07,0.329967051744,,0,-0.0984081962795,-0.106340120852,-0.750424412579,0.199292175575,4.1245882625,-0.0813929168382,-0.0930060933132,0.0568048696359,-0.0116502666048,4.1245882625,2.99431316814,0.00544419644557,-0.00225920477135,0.000404014914275,4.1245882625,-3.13543621451,-0.000820369204135,-0.000200063202524,8.00572620428e-05,4.1245882625
1789944705.1,0.369984596968,,0,-0.10326240143,-0.136210672841,-0.742449233559,0.199292175575,4.6248072875,-0.0850694309385,-0.0907422315734,0.0563386548357,-0.0116502666048,4.6248072875,2.99452922676,0.00535411216409,-0.00224303709563,0.000404014914275,4.6248072875,-3.13546920299,-0.000828311135811,-0.000196859509279,8.00572620428e-05,4.6248072875
1789944705.13,0.399984866381,,0,-0.107681972415,-0.158394679736,-0.736470411094,0.199292175575,4.999810875,-0.0877664234767,-0.0890572984794,0.0559891434939,-0.0116502666048,4.999810875,2.9946888441,0.00528700221766,-0.00223091653225,0.000404014914275,4.999810875,-3.13549414079,-0.000834180951131,-0.000194457768441,8.00572620428e-05,4.999810875
1789944705.17,0.429990589619,,0,-0.112765357227,-0.180403279502,-0.730490508467,0.199292175575,5.3748822125,-0.0904134984358,-0.0873825492593,0.0556395690077,-0.0116502666048,5.3748822125,2.99484648186,0.00522024386574,-0.00221879377911,0.000404014914275,5.3748822125,-3.13551925815,-0.000839979754478,-0.000192055593693,8.00572620428e-05,5.3748822125
1789944705.2,0.470053851604,,0,-0.120577013001,-0.209509192472,-0.72250620864,0.199292175575,5.8756733125,-0.093869802914,-0.0851627949115,0.0551728210214,-0.0116502666048,5.8756733125,2.99505384567,0.00513167592706,-0.00220260761324,0.000404014914275,5.8756733125,-3.13555306378,-0.000847609884404,-0.000188848236547,8.00572620428e-05,5.8756733125
1789944705.23,0.499999374151,,0,-0.127173931703,-0.231055663408,-0.716538300014,0.199292175575,6.2499923625,-0.0963953618905,-0.0835158394729,0.0548239476832,-0.0116502666048,6.2499923625,2.99520653062,0.00506589883496,-0.00219050917493,0.000404014914275,6.2499923625,-3.13557853021,-0.000853229148753,-0.000186450879885,8.00572620428e-05,6.2499923625
1789944705.27,0.530034840107,,0,-0.134436103061,-0.252487336482,-0.710552465255,0.199292175575,6.625435775,-0.0988791230904,-0.0818744312979,0.0544740264152,-0.0116502666048,6.625435775,2.99535770105,0.00500028809269,-0.00217837439588,0.000404014914275,6.625435775,-3.1356042411,-0.000858793178107,-0.000184046322153,8.00572620428e-05,6.625435775
1789944705.3,0.569994032383,,0,-0.145090456449,-0.28072133027,-0.702588910947,0.199292175575,7.124925675,-0.102107392753,-0.0797069944234,0.0540084911751,-0.0116502666048,7.124925675,2.99555577368,0.00491356456475,-0.00216223028635,0.000404014914275,7.124925675,-3.13563870386,-0.000866083605234,-0.000180847298648,8.00572620428e-05,7.124925675
1789944705.33,0.599982976913,,0,-0.153824014415,-0.301701580948,-0.69661235862,0.199292175575,7.499786875,-0.104473484054,-0.0780925781382,0.0536591125415,-0.0116502666048,7.499786875,2.99570215559,0.00484890333771,-0.0021501143251,0.000404014914275,7.499786875,-3.13566475772,-0.000871471016961,-0.000178446469742,8.00572620428e-05,7.499786875
1789944705.37,0.630049824715,,0,-0.163209218717,-0.32255647455,-0.690620260308,0.199292175575,7.87562315,-0.106797284308,-0.0764844808888,0.0533088251172,-0.0116502666048,7.87562315,2.99584697705,0.00478443867951,-0.00213796684827,0.000404014914275,7.87562315,-3.13569104045,-0.000876800162852,-0.00017603939589,8.00572620428e-05,7.87562315
1789944705.4,0.670003712177,,0,-0.176645689043,-0.34999033449,-0.682657774206,0.199292175575,8.37504605,-0.109810707577,-0.0743638877569,0.0528433523225,-0.0116502666048,8.37504605,2.99603643157,0.00469934117749,-0.00212182490426,0.000404014914275,8.37504605,-3.13572621163,-0.000883769713249,-0.000172840801492,8.00572620428e-05,8.37504605
1789944705.43,0.700004696846,,0,-0.187452082717,-0.37038108863,-0.676678802074,0.199292175575,8.750059025,-0.112017972677,-0.0727837753186,0.0524938322314,-0.0116502666048,8.750059025,2.99617646362,0.0046358660472,-0.00210970403746,0.000404014914275,8.750059025,-3.13575280306,-0.000888919088442,-0.000170439000531,8.00572620428e-05,8.750059025
1789944705.47,0.730026841164,,0,-0.198875771497,-0.390606619792,-0.670695624677,0.199292175575,9.1253357625,-0.114179492737,-0.0712130485513,0.052144066308,-0.0116502666048,9.1253357625,2.99631469328,0.00457271029448,-0.00209757464555,0.000404014914275,9.1253357625,-3.13577956676,-0.000893999952848,-0.000168035510282,8.00572620428e-05,9.1253357625
1789944705.5,0.770008921623,,0,-0.21502697035,-0.417263104509,-0.662727518137,0.199292175575,9.6251111875,-0.116985181579,-0.0691375345621,0.0516782649525,-0.0116502666048,9.6251111875,2.99649584729,0.00448916791534,-0.00208142130751,0.000404014914275,9.6251111875,-3.13581544415,-0.000900654366043,-0.00016483465811,8.00572620428e-05,9.6251111875
1789944705.53,0.799988865852,,0,-0.227833452642,-0.437042112902,-0.656752738913,0.199292175575,9.999861175,-0.119034752896,-0.0675934558623,0.0513289899713,-0.0116502666048,9.999861175,2.99662949897,0.004426948471,-0.00206930894078,0.000404014914275,9.999861175,-3.13584251949,-0.000905560131181,-0.000162434541474,8.00572620428e-05,9.999861175
1789944705.57,0.830029904842,,0,-0.24125807861,-0.456681691251,-0.650765803862,0.199292175575,10.3753736,-0.121042218925,-0.06605673894,0.0509790043821,-0.0116502666048,10.3753736,2.99676155699,0.00436496667744,-0.00205717193117,0.000404014914275,10.3753736,-3.13586979635,-0.000910403701975,-0.000160029541745,8.00572620428e-05,10.3753736
1789944705.6,0.870024561882,,0,-0.260041255331,-0.482549455856,-0.642795181458,0.199292175575,10.875306825,-0.123643487516,-0.0640271688186,0.0505130559537,-0.0116502666048,10.875306825,2.99693449135,0.00428301391521,-0.00204101349284,0.000404014914275,10.875306825,-3.13590633477,-0.000916740000063,-0.000156827678929,8.00572620428e-05,10.875306825
1789944705.63,0.900008022785,,0,-0.274797819334,-0.501733119776,-0.636819705308,0.199292175575,11.250100525,-0.125540592344,-0.0625178476607,0.0501637402315,-0.0116502666048,11.250100525,2.99706199545,0.00422199880204,-0.00202889971328,0.000404014914275,11.250100525,-3.13593389197,-0.000921406256006,-0.000154427282333,8.00572620428e-05,11.250100525
1789944705.67,0.930025339127,,0,-0.290144503909,-0.52075895496,-0.6308374885,0.199292175575,11.6253170125,-0.127394663284,-0.0610173153428,0.0498140304624,-0.0116502666048,11.6253170125,2.99718781629,0.00416127868882,-0.00201677226871,0.000404014914275,11.6253170125,-3.13596161933,-0.000926005681627,-0.00015202417796,8.00572620428e-05,11.6253170125
1789944705.7,0.97001516819,,0,-0.311471838305,-0.545826666895,-0.622867834456,0.199292175575,12.1251895,-0.129795026733,-0.0590345777373,0.0493481386426,-0.0116502666048,12.1251895,2.9973526167,0.00408095141826,-0.0020006157935,0.000404014914275,12.1251895,-3.13599877082,-0.0009320210848,-0.000148822704142,8.00572620428e-05,12.1251895
1789944705.73,0.999978005886,,0,-0.32810506244,-0.564400101033,-0.616896473491,0.199292175575,12.4997250875,-0.131541771292,-0.0575611966522,0.0489990634868,-0.0116502666048,12.4997250875,2.99747399739,0.00402118863001,-0.00198851035644,0.000404014914275,12.4997250875,-3.13602676327,-0.000936444300122,-0.000146423960648,8.00572620428e-05,12.4997250875
1789944705.77,1.02998352051,,0,-0.345316981071,-0.582820677469,-0.610916610921,0.199292175575,12.8747939125,-0.133246918905,-0.0560961995033,0.0486494913423,-0.0116502666048,12.8747939125,2.99759376185,0.00396170424404,-0.0019763876845,0.000404014914275,12.8747939125,-3.13605492731,-0.000940801786159,-0.000144021801992,8.00572620428e-05,12.8747939125
1789944705.8,1.07003164291,,0,-0.369145623853,-0.607126915615,-0.602935335952,0.199292175575,13.3753952875,-0.135454577122,-0.0541572219691,0.0481829201838,-0.0116502666048,13.3753952875,2.99775084003,0.00388287764253,-0.00196020765077,0.000404014914275,13.3753952875,-3.13609271928,-0.000946505387163,-0.000140815659955,8.00572620428e-05,13.3753952875
1789944705.83,1.09998214245,,0,-0.387598914312,-0.625095746411,-0.596966435049,0.199292175575,13.749776575,-0.137055054502,-0.0527193446083,0.0478339888389,-0.0116502666048,13.749776575,2.99786625679,0.00382434964469,-0.00194810720087,0.000404014914275,13.749776575,-3.13612113039,-0.00095068698002,-0.000138417904688,8.00572620428e-05,13.749776575
1789944705.87,1.12999200821,,0,-0.406625905747,-0.642920923526,-0.590985691807,0.199292175575,14.1249006375,-0.138615671018,-0.0512890962802,0.0474843652118,-0.0116502666048,14.1249006375,2.99798014983,0.00376606902072,-0.00193598274359,0.000404014914275,14.1249006375,-3.1361497224,-0.00095480484135,-0.000136015392259,8.00572620428e-05,14.1249006375
1789944705.9,1.17002773285,,0,-0.432837220333,-0.666421751919,-0.583006882879,0.199292175575,14.6253473375,-0.140631136941,-0.0493973616445,0.0470179382137,-0.0116502666048,14.6253473375,2.99812937994,0.0036888843164,-0.00191980770915,0.000404014914275,14.6253473375,-3.13618805687,-0.000960186157388,-0.000132810240851,8.00572620428e-05,14.6253473375
1789944705.93,1.19999432564,,0,-0.453068416664,-0.683802942333,-0.577034795295,0.199292175575,14.9999285,-0.142090344048,-0.0479936298437,0.046668820581,-0.0116502666048,14.9999285,2.99823906269,0.00363153581294,-0.00190770079905,0.000404014914275,14.9999285,-3.13621688955,-0.000964130069203,-0.000130411205468,8.00572620428e-05,14.9999285
1789944705.97,1.2300028801,,0,-0.473847269659,-0.701029188948,-0.571054325481,0.199292175575,15.3750354125,-0.143509602958,-0.0465984116776,0.0463192129382,-0.0116502666048,15.3750354125,2.99834718269,0.0035744703828,-0.00189557689608,0.000404014914275,15.3750354125,-3.13624588006,-0.000968007474461,-0.000128008802877,8.00572620428e-05,15.3750354125
1789944706,1.27005827427,,0,-0.502383237096,-0.723743113127,-0.56307160106,0.199292175575,15.8757277,-0.145339086918,-0.0447524239033,0.0458525570473,-0.0116502666048,15.8757277,2.99848884314,0.00349886643179,-0.00187939392395,0.000404014914275,15.8757277,-3.1362847558,-0.000973070692803,-0.000124802078584,8.00572620428e-05,15.8757277
1789944706.03,1.29998099804,,0,-0.524290848177,-0.740502572076,-0.557108220949,0.199292175575,16.2497627125,-0.146657729221,-0.0433856026364,0.045503948438,-0.0116502666048,16.2497627125,2.99859269944,0.00344281057364,-0.00186730466607,0.000404014914275,16.2497627125,-3.13631392832,-0.000976769279968,-0.000122406541063,8.00572620428e-05,16.2497627125
1789944706.07,1.33002901077,,0,-0.546792059313,-0.757152583494,-0.551119892448,0.199292175575,16.6253625375,-0.147940889544,-0.0420235600357,0.0451538813902,-0.0116502666048,16.6253625375,2.99869530782,0.00338688421796,-0.00185516483158,0.000404014914275,16.6253625375,-3.13634333316,-0.000980411208892,-0.000120000981574,8.00572620428e-05,16.6253625375
1789944706.1,1.36997389793,,0,-0.577474035883,-0.779008036694,-0.543159179448,0.199292175575,17.124674225,-0.149583617958,-0.0402291857487,0.0446885122479,-0.0116502666048,17.124674225,2.99882912093,0.00331310210201,-0.00183902648209,0.000404014914275,17.124674225,-3.13638259051,-0.000985140770704,-0.000116803099446,8.00572620428e-05,17.124674225
1789944706.13,1.39997947216,,0,-0.601092180251,-0.79521608831,-0.537179316878,0.199292175575,17.49974305,-0.150770650274,-0.0388935288708,0.0443389401034,-0.0116502666048,17.49974305,2.99892770619,0.00325810305532,-0.00182690381016,0.000404014914275,17.49974305,-3.13641220238,-0.000988609467812,-0.000114400940789,8.00572620428e-05,17.49974305
1789944706.17,1.43000411987,,0,-0.625209472146,-0.811254866028,-0.53119564444,0.199292175575,17.8750508375,-0.151918481082,-0.0375675201394,0.0439891452408,-0.0116502666048,17.8750508375,2.99902470787,0.00320343306244,-0.00181477341467,0.000404014914275,17.8750508375,-3.13644193621,-0.000992008228,-0.000111997251678,8.00572620428e-05,17.8750508375
1789944706.2,1.46999025345,,0,-0.658070954633,-0.832336001977,-0.523226721201,0.199292175575,18.3748774875,-0.153385618123,-0.035817878123,0.0435232961425,-0.0116502666048,18.3748774875,2.99915135426,0.00313119028099,-0.00179861842098,0.000404014914275,18.3748774875,-3.13648169146,-0.000996422563482,-0.00010879607143,8.00572620428e-05,18.3748774875
1789944706.23,1.49998795986,,0,-0.683273658289,-0.847941943842,-0.517248409921,0.199292175575,18.7498490125,-0.154440542779,-0.0345175202086,0.0431738146836,-0.0116502666048,18.7498490125,2.9992444754,0.00307741760471,-0.00178649889389,0.000404014914275,18.7498490125,-3.13651163046,-0.00099965017749,-0.000106394535939,8.00572620428e-05,18.7498490125
1789944706.27,1.52998769283,,0,-0.708943536377,-0.86336956946,-0.511269701253,0.199292175575,19.1248454625,-0.155456683158,-0.0332275605502,0.0428243099942,-0.0116502666048,19.1248454625,2.99933599496,0.00302400494853,-0.00177437856121,0.000404014914275,19.1248454625,-3.1365416672,-0.00100280595827,-0.000103992840814,8.00572620428e-05,19.1248454625
1789944706.3,1.56998574734,,0,-0.743883560223,-0.883659984615,-0.503298386109,0.199292175575,19.6248221375,-0.156751591578,-0.0315239874043,0.0423583210694,-0.0116502666048,19.6248221375,2.99945553445,0.00295335629885,-0.00175821871853,0.000404014914275,19.6248221375,-3.1365818599,-0.00100690143801,-0.000100790699719,8.00572620428e-05,19.6248221375
1789944706.33,1.59998452663,,0,-0.770617809506,-0.898668625113,-0.497319873146,0.199292175575,19.9998063125,-0.157678264074,-0.0302585335754,0.0420088278205,-0.0116502666048,19.9998063125,2.99954334209,0.00290079375456,-0.00174609878258,0.000404014914275,19.9998063125,-3.13661211066,-0.00100988900868,-9.83890832106e-05,8.00572620428e-05,19.9998063125
1789944706.37,1.62998497486,,0,-0.797801246801,-0.913498798765,-0.491341002851,0.199292175575,20.3748129,-0.15856718382,-0.0290034894063,0.0416593136826,-0.0116502666048,20.3748129,2.99962958348,0.00284859168399,-0.00173397812224,0.000404014914275,20.3748129,-3.13664245178,-0.00101280470599,-9.59873231592e-05,8.00572620428e-05,20.3748129
1789944706.4,1.67002248764,,0,-0.834767124018,-0.933011126514,-0.483361844365,0.199292175575,20.875281525,-0.159695145404,-0.0273448927435,0.0411928662499,-0.0116502666048,20.875281525,2.99974224848,0.00277949137034,-0.00171780237915,0.000404014914275,20.875281525,-3.13668307801,-0.00101658363156,-9.27820313307e-05,8.00572620428e-05,20.875281525
1789944706.43,1.6999822855,,0,-0.862935902572,-0.94740306644,-0.477391108579,0.199292175575,21.2497779,-0.160495955642,-0.0261159949644,0.040843827641,-0.0116502666048,21.2497779,2.99982475211,0.00272820782793,-0.00170569820948,0.000404014914275,21.2497779,-3.13671357585,-0.00101932742525,-9.03835389765e-05,8.00572620428e-05,21.2497779
1789944706.47,1.73001170158,,0,-0.891600254686,-0.961649006411,-0.471406471965,0.199292175575,21.6251461625,-0.161261841636,-0.024894729757,0.0404939764144,-0.0116502666048,21.6251461625,2.99990591147,0.00267716879404,-0.00169356585937,0.000404014914275,21.6251461625,-3.13674422609,-0.00102200549765,-8.79794625482e-05,8.00572620428e-05,21.6251461625
1789944706.5,1.76999521255,,0,-0.93042508575,-0.980338207093,-0.463438063697,0.199292175575,22.1249405125,-0.162224976836,-0.0232849494554,0.0400281574204,-0.0116502666048,22.1249405125,3.00001160474,0.00260977696832,-0.00167741190965,0.000404014914275,22.1249405125,-3.13678515897,-0.00102545923557,-8.47784891686e-05,8.00572620428e-05,22.1249405125
1789944706.53,1.79998600483,,0,-0.960033744054,-0.994147462551,-0.457461130323,0.199292175575,22.4998256125,-0.162905362028,-0.0220897120794,0.0396787565115,-0.0116502666048,22.4998256125,3.0000891215,0.00255965172512,-0.00166529517593,0.000404014914275,22.4998256125,-3.13681595109,-0.00102796580727,-8.23775071937e-05,8.00572620428e-05,22.4998256125
1789944706.57,1.83003723621,,0,-0.99011472058,-1.00780472746,-0.451472162692,0.199292175575,22.875465525,-0.163551320494,-0.0209025786371,0.0393286521012,-0.0116502666048,22.875465525,3.00016529198,0.00250979004611,-0.00165315404576,0.000404014914275,22.875465525,-3.13684687952,-0.00103040520081,-7.9971690961e-05,8.00572620428e-05,22.875465525
1789944706.6,1.870008111,,0,-1.03075603587,-1.02569124057,-0.443506290217,0.199292175575,23.375100825,-0.164355520743,-0.0193398866277,0.0388629813452,-0.0116502666048,23.375100825,3.00026429406,0.0024440348573,-0.00163700523673,0.000404014914275,23.375100825,-3.1368881287,-0.00103353778278,-7.67717362299e-05,8.00572620428e-05,23.375100825
1789944706.63,1.89998877048,,0,-1.06170541263,-1.03889830742,-0.437531369495,0.199292175575,23.7498596875,-0.164917930723,-0.0181799827729,0.0385136980924,-0.0116502666048,23.7498596875,3.00033683407,0.00239513785264,-0.00162489258316,0.000404014914275,23.7498596875,-3.13691914904,-0.00103580347442,-7.43715627533e-05,8.00572620428e-05,23.7498596875
1789944706.67,1.92997562885,,0,-1.09305447076,-1.05192887137,-0.431555234486,0.199292175575,24.1246947125,-0.165445826706,-0.0170303181421,0.0381643438544,-0.0116502666048,24.1246947125,3.00040792785,0.00234659416726,-0.00161277746792,0.000404014914275,24.1246947125,-3.13695024255,-0.00103799764567,-7.19709014878e-05,8.00572620428e-05,24.1246947125
1789944706.7,1.96999084949,,0,-1.13549107567,-1.06903811808,-0.423580502877,0.199292175575,24.624885675,-0.166096869215,-0.0155124886851,0.0376981552091,-0.0116502666048,24.624885675,3.00050054057,0.002282381889,-0.00159661069921,0.000404014914275,24.624885675,-3.13699183508,-0.00104081348648,-6.87673879713e-05,8.00572620428e-05,24.624885675
1789944706.73,1.99999177456,,0,-1.16775287142,-1.08165621374,-0.417601564823,0.199292175575,24.9998965125,-0.166545344605,-0.0143867542675,0.0373486371102,-0.0116502666048,24.9998965125,3.00056829731,0.00223466400098,-0.0015844899015,0.000404014914275,24.9998965125,-3.13702309097,-0.00104284053989,-6.63656007003e-05,8.00572620428e-05,24.9998965125
1789944706.77,2.0299706459,,0,-1.20036640561,-1.09408585976,-0.411627021162,0.199292175575,25.374631725,-0.166959911633,-0.0132723215294,0.0369993758997,-0.0116502666048,25.374631725,3.00063457969,0.00218734441824,-0.00157237801232,0.000404014914275,25.374631725,-3.13705438356,-0.00104479412718,-6.3965578692e-05,8.00572620428e-05,25.374631725
1789944706.8,2.07004332542,,0,-1.24453796,-1.11042093119,-0.403640806536,0.199292175575,25.875542925,-0.16746218946,-0.0117990036014,0.0365325159776,-0.0116502666048,25.875542925,3.00072097476,0.00212465906873,-0.00155618796468,0.000404014914275,25.875542925,-3.13709630199,-0.00104729313371,-6.07574523562e-05,8.00572620428e-05,25.875542925
1789944706.83,2.09999465942,,0,-1.27797671649,-1.12242112503,-0.397671738029,0.199292175575,26.249934725,-0.167799251298,-0.0107100312763,0.0361835748348,-0.0116502666048,26.249934725,3.00078391495,0.00207823036513,-0.001544087175,0.000404014914275,26.249934725,-3.13712769672,-0.00104907699206,-5.8359629761e-05,8.00572620428e-05,26.249934725
1789944706.87,2.1299841404,,0,-1.31181534399,-1.13425743042,-0.391695092035,0.199292175575,26.6248018,-0.168104219649,-0.00963014771134,0.0358341907256,-0.0116502666048,26.6248018,3.00084554723,0.00203210584755,-0.00153197102387,0.000404014914275,26.6248018,-3.13715918375,-0.00105079116012,-5.59587632287e-05,8.00572620428e-05,26.6248018
1789944706.9,2.16997027397,,0,-1.35748078862,-1.14976043282,-0.383726192711,0.199292175575,27.12462695,-0.168460767684,-0.00820659502684,0.0353683430254,-0.0116502666048,27.12462695,3.00092558262,0.00197117142172,-0.00151581607865,0.000404014914275,27.12462695,-3.13720124459,-0.00105296472688,-5.27575925879e-05,8.00572620428e-05,27.12462695
1789944706.93,2.20001888275,,0,-1.39220205702,-1.16120097398,-0.377737700391,0.199292175575,27.50023705,-0.16869145118,-0.00714907817063,0.035018266401,-0.0116502666048,27.50023705,3.00098413146,0.00192580535418,-0.00150367591207,0.000404014914275,27.50023705,-3.13723290838,-0.00105451388656,-5.03519672918e-05,8.00572620428e-05,27.50023705
1789944706.97,2.23000597954,,0,-1.42719187338,-1.17243857278,-0.371761535488,0.199292175575,27.87507395,-0.168890138087,-0.00610422515752,0.0346689104155,-0.0116502666048,27.87507395,3.00104120624,0.00188089634538,-0.00149156073623,0.000404014914275,27.87507395,-3.13726455231,-0.00105598779415,-4.79512940177e-05,8.00572620428e-05,27.87507395
1789944707,2.26998257637,,0,-1.47435685405,-1.18714106735,-0.363794523062,0.199292175575,28.37478075,-0.169106585353,-0.0047275912206,0.03420317302,-0.0116502666048,28.37478075,3.00111521043,0.00182159173495,-0.00147540961623,0.000404014914275,28.37478075,-3.13730680452,-0.00105784075045,-4.47508813591e-05,8.00572620428e-05,28.37478075
1789944707.03,2.29998517036,,0,-1.51013712052,-1.19796618445,-0.3578152215,0.199292175575,28.7498143875,-0.169233084063,-0.00370664754981,0.033853633671,-0.0116502666048,28.7498143875,3.00116920085,0.00177750731547,-0.0014632880816,0.000404014914275,28.7498143875,-3.13733856237,-0.00105914736508,-4.23489480637e-05,8.00572620428e-05,28.7498143875
1789944707.07,2.32997369766,,0,-1.54622235609,-1.20860692193,-0.35183874331,0.199292175575,29.1246709375,-0.169329070836,-0.00269666565376,0.0335042593713,-0.0116502666048,29.1246709375,3.00122184951,0.00173380713336,-0.00145117227064,0.000404014914275,29.1246709375,-3.13737034332,-0.00106038134932,-3.99481489396e-05,8.00572620428e-05,29.1246709375
1789944707.1,2.37000513077,,0,-1.59488431294,-1.22253182046,-0.343860807082,0.199292175575,29.6250629,-0.169410301136,-0.00136477951756,0.0330378833897,-0.0116502666048,29.6250629,3.00129009772,0.001676038457,-0.00143499900538,0.000404014914275,29.6250629,-3.13741282297,-0.00106191638166,-3.67433481023e-05,8.00572620428e-05,29.6250629
1789944707.13,2.40000319481,,0,-1.63171172025,-1.23275730871,-0.337882427844,0.199292175575,30.0000386875,-0.169436429166,-0.000378948953242,0.0326883979581,-0.0116502666048,30.0000386875,3.00133973178,0.00163317304967,-0.00142287934052,0.000404014914275,30.0000386875,-3.13744469458,-0.00106298258982,-3.43417853119e-05,8.00572620428e-05,30.0000386875
1789944707.17,2.42998719215,,0,-1.66882583546,-1.24279882444,-0.331906830325,0.199292175575,30.37484,-0.169433149758,0.000595946337402,0.032339075141,-0.0116502666048,30.37484,3.00138806321,0.00159069090023,-0.00141076531491,0.000404014914275,30.37484,-3.13747658224,-0.00106397630991,-3.19413399608e-05,8.00572620428e-05,30.37484
1789944707.2,2.46998858452,,0,-1.71880283463,-1.25591608859,-0.32393488203,0.199292175575,30.8748563875,-0.169383562449,0.00188023091533,0.0318730492033,-0.0116502666048,30.8748563875,3.00145056856,0.00153458167124,-0.00139460418868,0.000404014914275,30.8748563875,-3.13751916739,-0.00106518995538,-2.8738944524e-05,8.00572620428e-05,30.8748563875
1789944707.23,2.49998307228,,0,-1.75661845341,-1.26554276077,-0.317957177795,0.199292175575,31.2497898375,-0.169312880149,0.00283101193996,0.0315236032311,-0.0116502666048,31.2497898375,3.00149597231,0.00149293271264,-0.00138248589223,0.000404014914275,31.2497898375,-3.13755112998,-0.00106601595773,-2.63376528876e-05,8.00572620428e-05,31.2497898375
1789944707.27,2.52997493744,,0,-1.79471647798,-1.27498923951,-0.31198004473,0.199292175575,31.6246874625,-0.169213847482,0.00377122210069,0.0311741906487,-0.0116502666048,31.6246874625,3.0015401281,0.00145165116589,-0.00137036875368,0.000404014914275,31.6246874625,-3.13758311322,-0.00106676986551,-2.39365906953e-05,8.00572620428e-05,31.6246874625
1789944707.3,2.56998467445,,0,-1.84597600045,-1.28731195826,-0.304006423377,0.199292175575,32.1248087875,-0.169038134898,0.0050091675664,0.030708066907,-0.0116502666048,32.1248087875,3.00159711572,0.00139714648375,-0.00135420423574,0.000404014914275,32.1248087875,-3.13762581267,-0.00106766348457,-2.07335231778e-05,8.00572620428e-05,32.1248087875
1789944707.33,2.59997177124,,0,-1.88471441544,-1.2963385957,-0.29803024851,0.199292175575,32.4996463125,-0.16887417068,0.00592477235211,0.030358710339,-0.0116502666048,32.4996463125,3.00163840491,0.00135671960783,-0.0013420890397,0.000404014914275,32.4996463125,-3.13765783766,-0.00106824922621,-1.83328459008e-05,8.00572620428e-05,32.4996463125
1789944707.37,2.63001298904,,0,-1.92379166076,-1.30520187564,-0.292043257657,0.199292175575,32.8751622375,-0.168682536577,0.0068315296322,0.0300087214878,-0.0116502666048,32.8751622375,3.00167855871,0.00131658385057,-0.00132995191696,0.000404014914275,32.8751622375,-3.13768993714,-0.00106876384329,-1.59278237561e-05,8.00572620428e-05,32.8751622375
1789944707.4,2.66997694969,,0,-1.9761837229,-1.31671391965,-0.284078763288,0.199292175575,33.3747111,-0.168385682207,0.00802149204486,0.0295431312934,-0.0116502666048,33.3747111,3.00173011681,0.00126375640213,-0.00131380590169,0.000404014914275,33.3747111,-3.13773266099,-0.00106933645111,-1.27284226211e-05,8.00572620428e-05,33.3747111
1789944707.43,2.70000219345,,0,-2.01584569023,-1.32515365473,-0.278094943174,0.199292175575,33.75002815,-0.168131569649,0.00890328382701,0.0291933277978,-0.0116502666048,33.75002815,3.00176747116,0.00122449101597,-0.00130167520683,0.000404014914275,33.75002815,-3.13776477358,-0.00106968253992,-1.03246741874e-05,8.00572620428e-05,33.75002815
1789944707.47,2.72997426987,,0,-2.05568726783,-1.33339921392,-0.272121749518,0.199292175575,34.1246786875,-0.167851659799,0.00977303464975,0.0288441455062,-0.0116502666048,34.1246786875,3.00180358881,0.00118565861871,-0.00128956605444,0.000404014914275,34.1246786875,-3.13779683843,-0.00106995603284,-7.92519448697e-06,8.00572620428e-05,34.1246786875
1789944707.5,2.76997876167,,0,-2.10924496006,-1.34412585917,-0.264149150335,0.199292175575,34.6247359,-0.167437737396,0.0109176101433,0.0283780815187,-0.0116502666048,34.6247359,3.001849993,0.00113439336009,-0.0012734036087,0.000404014914275,34.6247359,-3.13783964705,-0.00107020901643,-4.72253758317e-06,8.00572620428e-05,34.6247359
1789944707.53,2.79997730255,,0,-2.14968466874,-1.35196026314,-0.258170685401,0.199292175575,34.9997170625,-0.167097509109,0.0117636677298,0.0280285910775,-0.0116502666048,34.9997170625,3.00188345194,0.0010963749593,-0.00126128377012,0.000404014914275,34.9997170625,-3.13787175348,-0.00107031466329,-2.32094036818e-06,8.00572620428e-05,34.9997170625
1789944707.57,2.82996916771,,0,-2.19034759419,-1.35961363172,-0.252193556323,0.199292175575,35.3746144375,-0.166732142077,0.0125990555965,0.0276791787281,-0.0116502666048,35.3746144375,3.00191576874,0.00105872850855,-0.00124916663965,0.000404014914275,35.3746144375,-3.13790385481,-0.00107034826639,8.01202229817e-08,8.00572620428e-05,35.3746144375
1789944707.6,2.86997866631,,0,-2.24494489696,-1.36954428133,-0.244219958885,0.199292175575,35.8747342625,-0.16620602948,0.0136971633973,0.0272130563844,-0.0116502666048,35.8747342625,3.00195713253,0.00100907323532,-0.00123300217019,0.000404014914275,35.8747342625,-3.13794667809,-0.00107028098431,3.28317813361e-06,8.00572620428e-05,35.8747342625
1789944707.63,2.89998602867,,0,-2.28615036068,-1.37678295207,-0.238239726827,0.199292175575,36.2498262625,-0.165782814347,0.0145085101842,0.0268634626403,-0.0116502666048,36.2498262625,3.00198685885,0.000972255991247,-0.00122087874922,0.000404014914275,36.2498262625,-3.13797879255,-0.00107014642135,5.68548521634e-06,8.00572620428e-05,36.2498262625
1789944707.67,2.92997837067,,0,-2.32754938158,-1.38383865331,-0.232262513847,0.199292175575,36.6247289,-0.165335642152,0.0153089649259,0.0265140453861,-0.0116502666048,36.6247289,3.00201547166,0.000935820850513,-0.00120876144866,0.000404014914275,36.6247289,-3.13801088569,-0.00106993989402,8.08657951161e-06,8.00572620428e-05,36.6247289
1789944707.7,2.96997380257,,0,-2.38308042716,-1.39296872427,-0.224291711681,0.199292175575,37.1246734,-0.164702269227,0.0163600908747,0.0260480864491,-0.0116502666048,37.1246734,3.00205193785,0.000887798899649,-0.00119260264592,0.000404014914275,37.1246734,-3.13805367122,-0.00106955243515,1.12885145391e-05,8.00572620428e-05,37.1246734
1789944707.73,2.99997377396,,0,-2.42496939178,-1.39960777362,-0.218312965147,0.199292175575,37.499672225,-0.164199798899,0.0171362884325,0.0256985795461,-0.0116502666048,37.499672225,3.00207803689,0.000852202737949,-0.00118048223646,0.000404014914275,37.499672225,-3.13808575225,-0.00106917775523,1.3690224875e-05,8.00572620428e-05,37.499672225
1789944707.77,3.0300052166,,0,-2.46709905636,-1.40607413874,-0.212327951074,0.199292175575,37.8750641625,-0.163673636981,0.0179027980133,0.0253487062538,-0.0116502666048,37.8750641625,3.00210309918,0.000816933443781,-0.00116834912115,0.000404014914275,37.8750641625,-3.13811785457,-0.00106873051811,1.60944529317e-05,8.00572620428e-05,37.8750641625
1789944707.8,3.06997346878,,0,-2.52346490489,-1.41440134239,-0.204362584004,0.199292175575,38.3746677625,-0.162937969945,0.0189066369643,0.0248830650429,-0.0116502666048,38.3746677625,3.00213482172,0.000770559229272,-0.0011522013367,0.000404014914275,38.3746677625,-3.13816055619,-0.00106802330608,1.92942046375e-05,8.00572620428e-05,38.3746677625
1789944707.83,3.09996962547,,0,-2.565982584,-1.42044178041,-0.198384580232,0.199292175575,38.74962,-0.162359700958,0.0196477925528,0.0245336015604,-0.0116502666048,38.74962,3.00215741901,0.000736179352135,-0.00114008243301,0.000404014914275,38.74962,-3.13819258377,-0.00106740853708,2.16956166e-05,8.00572620428e-05,38.74962
1789944707.87,3.1299726963,,0,-2.60868850826,-1.42630421567,-0.192405214896,0.199292175575,39.1246576375,-0.161759218127,0.0203786307979,0.0241840584833,-0.0116502666048,39.1246576375,3.00217899528,0.000702155289564,-0.00112796076909,0.000404014914275,39.1246576375,-3.13822459912,-0.00106672157025,2.40975755137e-05,8.00572620428e-05,39.1246576375
1789944707.9,3.16996908188,,0,-2.6658874726,-1.43384034704,-0.184434223204,0.199292175575,39.624614025,-0.160924924361,0.0213365901716,0.0237180884669,-0.0116502666048,39.624614025,3.00220618114,0.000657363949805,-0.00111180158213,0.000404014914275,39.624614025,-3.13826724413,-0.00106569371667,2.72995866756e-05,8.00572620428e-05,39.624614025
1789944707.93,3.19997167587,,0,-2.70898843882,-1.43928414571,-0.178454951535,0.199292175575,39.9996457875,-0.160274149931,0.0220429495852,0.0233685508654,-0.0116502666048,39.9996457875,3.00222540515,0.000624188914764,-0.0010996801081,0.000404014914275,39.9996457875,-3.138299205,-0.00106483862783,2.97015079624e-05,8.00572620428e-05,39.9996457875
1789944707.97,3.22997069359,,0,-2.75224490344,-1.44454793754,-0.172476388748,0.199292175575,40.3746330875,-0.159602421124,0.0227387401038,0.023019054704,-0.0116502666048,40.3746330875,3.00224363718,0.000591381423193,-0.00108756007115,0.000404014914275,40.3746330875,-3.13833113535,-0.00106391158944,3.21031444855e-05,8.00572620428e-05,40.3746330875
1789944708,3.26997351646,,0,-2.81016670069,-1.45128801552,-0.164504149088,0.199292175575,40.87466775,-0.158674514964,0.0236502446182,0.0225530117336,-0.0116502666048,40.87466775,3.00226642822,0.000548199261289,-0.00107139835425,0.000404014914275,40.87466775,-3.13837366823,-0.00106256331995,3.5305656966e-05,8.00572620428e-05,40.87466775
1789944708.03,3.29998111725,,0,-2.85378978683,-1.45613469041,-0.158523835122,0.199292175575,41.2497648875,-0.157954722193,0.0243217648933,0.0222034132012,-0.0116502666048,41.2497648875,3.0022823979,0.000516230885737,-0.00105927476722,0.000404014914275,41.2497648875,-3.13840553713,-0.00106146783145,3.77079969523e-05,8.00572620428e-05,41.2497648875
1789944708.07,3.32997727394,,0,-2.89753861023,-1.46080013333,-0.152545841514,0.199292175575,41.6247164875,-0.157215226869,0.024982540051,0.0218539503129,-0.0116502666048,41.6247164875,3.00229740809,0.000484638504016,-0.00104715588414,0.000404014914275,41.6247164875,-3.13843735973,-0.00106030072108,4.01094048319e-05,8.00572620428e-05,41.6247164875
1789944708.1,3.36997103691,,0,-2.95608122144,-1.46674161606,-0.1445754188,0.199292175575,42.1246371875,-0.156198730351,0.0258472421649,0.021388013558,-0.0116502666048,42.1246371875,3.00231595741,0.000443082021225,-0.00103099785064,0.000404014914275,42.1246371875,-3.1384797321,-0.00105863257384,4.33111874303e-05,8.00572620428e-05,42.1246371875
1789944708.13,3.39997529984,,0,-3.00015384404,-1.47098978244,-0.138595811922,0.199292175575,42.499689975,-0.155413629066,0.0264837287972,0.0210384563608,-0.0116502666048,42.499689975,3.00232878948,0.000412329589701,-0.00101887569705,0.000404014914275,42.499689975,-3.13851147569,-0.0010572970194,4.57132433734e-05,8.00572620428e-05,42.499689975
1789944708.17,3.43003582954,,0,-3.04443447132,-1.47506601818,-0.132604959584,0.199292175575,42.8754481,-0.154608058085,0.0271108946313,0.0206882417739,-0.0116502666048,42.8754481,3.00234072585,0.000381884066538,-0.00100673074612,0.000404014914275,42.8754481,-3.13854323771,-0.00105588667801,4.81198167076e-05,8.00572620428e-05,42.8754481
1789944708.2,3.4699857235,,0,-3.10346681266,-1.48020453009,-0.124643270452,0.199292175575,43.3748210125,-0.15350859707,0.0279280895857,0.0202228155687,-0.0116502666048,43.3748210125,3.00235518299,0.000341987743066,-0.000990590417765,0.000404014914275,43.3748210125,-3.13858538096,-0.00105390041411,5.13180909567e-05,8.00572620428e-05,43.3748210125
1789944708.23,3.49997830391,,0,-3.1479171785,-1.48385327003,-0.118665977555,0.199292175575,43.7497286625,-0.152661917317,0.0285293846084,0.0198733936427,-0.0116502666048,43.7497286625,3.00236499636,0.000312459066192,-0.000978472955199,0.000404014914275,43.7497286625,-3.13861696674,-0.0010523252425,5.37192173549e-05,8.00572620428e-05,43.7497286625
1789944708.27,3.52998185158,,0,-3.19249071119,-1.48732397941,-0.112686484473,0.199292175575,44.1247743125,-0.15179703883,0.0291204150989,0.0195238430978,-0.0116502666048,44.1247743125,3.00237393267,0.00028328315513,-0.000966351032308,0.000404014914275,44.1247743125,-3.1386485158,-0.00105067743525,5.61212275853e-05,8.00572620428e-05,44.1247743125
1789944708.3,3.56997060776,,0,-3.2520548334,-1.49167082144,-0.104717050049,0.199292175575,44.624633025,-0.15061706529,0.0298918331981,0.0190579641166,-0.0116502666048,44.624633025,3.00238449246,0.000244963065798,-0.000950195002318,0.000404014914275,44.624633025,-3.1386904853,-0.00104836921087,5.93226131798e-05,8.00572620428e-05,44.624633025
1789944708.33,3.5999879837,,0,-3.29687726384,-1.49472437422,-0.0987348075322,0.199292175575,44.999851125,-0.149711255196,0.030458655925,0.0187082528446,-0.0116502666048,44.999851125,3.00239141936,0.000216622654976,-0.000938067505637,0.000404014914275,44.999851125,-3.13872192758,-0.00104655242973,6.17257278802e-05,8.00572620428e-05,44.999851125
1789944708.37,3.6299700737,,0,-3.34173556021,-1.49759506658,-0.0927596311184,0.199292175575,45.374626025,-0.14878968774,0.0310143302842,0.0183589546444,-0.0116502666048,45.374626025,3.00239749433,0.000188679111039,-0.00092595433371,0.000404014914275,45.374626025,-3.1387532772,-0.00104466578692,6.41260040703e-05,8.00572620428e-05,45.374626025
1789944708.4,3.66997885704,,0,-3.40172445073,-1.50114675268,-0.084786217428,0.199292175575,45.874734325,-0.147534276644,0.0317395232807,0.0178928430423,-0.0116502666048,45.874734325,3.00240430636,0.000151956267184,-0.000909790236754,0.000404014914275,45.874734325,-3.13879502071,-0.00104203611761,6.73289881681e-05,8.00572620428e-05,45.874734325
1789944708.43,3.69999504089,,0,-3.44682043254,-1.50360193249,-0.0788042284105,0.199292175575,46.249936525,-0.146573569573,0.0322713497315,0.0175431465895,-0.0116502666048,46.249936525,3.00240845948,0.000124829846139,-0.00089766325398,0.000404014914275,46.249936525,-3.13882626796,-0.00103997909422,6.97320010357e-05,8.00572620428e-05,46.249936525
1789944708.47,3.72997546196,,0,-3.49193379494,-1.50587496275,-0.0728293355895,0.199292175575,46.6246936375,-0.145598224277,0.0327920674174,0.0171938649676,-0.0116502666048,46.6246936375,3.00241180034,9.80989622897e-05,-0.000885550656966,0.000404014914275,46.6246936375,-3.13885741542,-0.00103785251004,7.21321633043e-05,8.00572620428e-05,46.6246936375
1789944708.5,3.76998281479,,0,-3.55223614326,-1.50862918445,-0.064856167427,0.199292175575,47.1247865375,-0.144272662005,0.0334706261239,0.0167277677187,-0.0116502666048,47.1247865375,3.00241502063,6.29936866467e-05,-0.000869387057756,0.000404014914275,47.1247865375,-3.13889887866,-0.00103490261781,7.53350487716e-05,8.00572620428e-05,47.1247865375
1789944708.53,3.79998826981,,0,-3.59753133549,-1.51048550093,-0.0588763429218,0.199292175575,47.499852975,-0.143260887616,0.0339673035858,0.0163781977993,-0.0116502666048,47.499852975,3.00241652124,3.70893252592e-05,-0.000857264462988,0.000404014914275,47.499852975,-3.13892989696,-0.0010326061274,7.77371921372e-05,8.00572620428e-05,47.499852975
1789944708.57,3.83001637459,,0,-3.64291398832,-1.51216359603,-0.0528919777437,0.199292175575,47.8752042125,-0.142233582633,0.0344538572853,0.0160283624404,-0.0116502666048,47.8752042125,3.00241725029,1.15294505388e-05,-0.000845132663145,0.000404014914275,47.8752042125,-3.13896086875,-0.00103023573402,8.01411595275e-05,8.00572620428e-05,47.8752042125
1789944708.6,3.86997675896,,0,-3.7033806594,-1.51411805939,-0.0449281960434,0.199292175575,48.374708375,-0.140844121652,0.0350850542487,0.0155628139073,-0.0116502666048,48.374708375,3.00241704054,-2.19197609028e-05,-0.000828988092633,0.000404014914275,48.374708375,-3.13900197248,-0.00102696934775,8.33402743778e-05,8.00572620428e-05,48.374708375
1789944708.63,3.90000247955,,0,-3.74886274607,-1.51537723189,-0.0389442722975,0.199292175575,48.750031925,-0.139783699089,0.0355470898233,0.0152130043536,-0.0116502666048,48.750031925,3.00241601051,-4.66287406372e-05,-0.000816857187683,0.000404014914275,48.750031925,-3.13903277021,-0.00102443089438,8.57440644412e-05,8.00572620428e-05,48.750031925
1789944708.67,3.92996764183,,0,-3.79428781234,-1.51645472895,-0.0329724563484,0.199292175575,49.12459605,-0.138711748218,0.0359977190367,0.0148639026003,-0.0116502666048,49.12459605,3.00241424836,-7.09245881405e-05,-0.000804750828255,0.000404014914275,49.12459605,-3.13906342856,-0.00102182562027,8.81429907058e-05,8.00572620428e-05,49.12459605
1789944708.7,3.96997833252,,0,-3.85498638288,-1.51761445916,-0.0249986512481,0.199292175575,49.6247289,-0.1372596838,0.0365831079476,0.0143977681171,-0.0116502666048,49.6247289,3.00241077079,-0.000102799790453,-0.000788585937813,0.000404014914275,49.6247289,-3.13910424104,-0.00101823488401,9.13461320361e-05,8.00572620428e-05,49.6247289
1789944708.73,3.99996972084,,0,-3.90051201946,-1.51827457248,-0.0190216120504,0.199292175575,49.9996206375,-0.136156084533,0.0370096766987,0.0140483610219,-0.0116502666048,49.9996206375,3.00240733485,-0.000126268836894,-0.000776468989558,0.000404014914275,49.9996206375,-3.13913473783,-0.00101545928623,9.37471565214e-05,8.00572620428e-05,49.9996206375
1789944708.77,4.02997207642,,0,-3.94607168606,-1.51875557171,-0.0130423525385,0.199292175575,50.3746516375,-0.13503943208,0.0374259188825,0.0136988241311,-0.0116502666048,50.3746516375,3.00240319882,-0.000149382995452,-0.000764347540173,0.000404014914275,50.3746516375,-3.13916516157,-0.00101261060732,9.61490729247e-05,8.00572620428e-05,50.3746516375
1789944708.8,4.07003450394,,0,-4.00692514063,-1.51911814853,-0.00505821254465,0.199292175575,50.8754327125,-0.133529188256,0.0379653784773,0.0132320854883,-0.0116502666048,50.8754327125,3.0023966051,-0.000179680435548,-0.000748161698326,0.000404014914275,50.8754327125,-3.13920565125,-0.00100869439036,9.93563658645e-05,8.00572620428e-05,50.8754327125
1789944708.83,4.09997367859,,0,-4.05240722736,-1.51918026931,0.000908373977768,0.199292175575,51.2496688375,-0.132386668867,0.0383563111459,0.012883289438,-0.0116502666048,51.2496688375,3.00239089217,-0.000201898499551,-0.000736065940249,0.000404014914275,51.2496688375,-3.13923580555,-0.00100568389191,0.000101753191426,8.00572620428e-05,51.2496688375
1789944708.87,4.12999248505,,0,-4.09800984419,-1.51906320729,0.00689088015846,0.199292175575,51.624903475,-0.131229507334,0.0387378024786,0.0125335627527,-0.0116502666048,51.624903475,3.00238450161,-0.000223812260157,-0.000723937909057,0.000404014914275,51.624903475,-3.13926594874,-0.00100259331529,0.000104156412043,8.00572620428e-05,51.624903475
1789944708.9,4.1699795723,,0,-4.15874514825,-1.51862833001,0.0148599969103,0.199292175575,52.1247422625,-0.1296705986,0.0392296691393,0.012067702342,-0.0116502666048,52.1247422625,3.00237497753,-0.00025243743635,-0.000707782523066,0.000404014914275,52.1247422625,-3.13930595542,-0.000998364397597,0.000107357670026,8.00572620428e-05,52.1247422625
1789944708.93,4.19998407364,,0,-4.20430364805,-1.51809274933,0.0208397118048,0.199292175575,52.499801825,-0.128488141856,0.0395865134266,0.0117181388303,-0.0116502666048,52.499801825,3.00236708642,-0.000273492420156,-0.000695660150507,0.000404014914275,52.499801825,-3.13933586242,-0.000995107118724,0.00010975976936,8.00572620428e-05,52.499801825
1789944708.97,4.23000669479,,0,-4.24987036967,-1.51737727174,0.026822970712,0.199292175575,52.875083675,-0.127294425309,0.0399330713085,0.0113683681419,-0.0116502666048,52.875083675,3.00235856379,-0.00029419583031,-0.00068353059335,0.000404014914275,52.875083675,-3.13936568824,-0.000991775770838,0.000112163292352,8.00572620428e-05,52.875083675
1789944709,4.26997423172,,0,-4.31049297614,-1.5161460413,0.0347882299645,0.199292175575,53.3746805125,-0.125689434354,0.0403781341811,0.0109027332338,-0.0116502666048,53.3746805125,3.0023462638,-0.000321192317218,-0.000667383027473,0.000404014914275,53.3746805125,-3.13940523685,-0.000987228914178,0.000115363000747,8.00572620428e-05,53.3746805125
1789944709.03,4.29997968674,,0,-4.35596876726,-1.51501249869,0.0407680425121,0.199292175575,53.7497462,-0.124473022646,0.0407000290151,0.0105531640135,-0.0116502666048,53.7497462,3.00233632773,-0.00034103544473,-0.000655260456946,0.000404014914275,53.7497462,-3.13943480661,-0.000983731379533,0.000117765139309,8.00572620428e-05,53.7497462
1789944709.07,4.33003902435,,0,-4.40148938509,-1.51369701206,0.0467585893349,0.199292175575,54.1254851625,-0.12324490079,0.0410119845048,0.0102029672865,-0.0116502666048,54.1254851625,3.00232578231,-0.000360549471529,-0.000643116125368,0.000404014914275,54.1254851625,-3.13946432314,-0.000980155295542,0.000120171589916,8.00572620428e-05,54.1254851625
1789944709.1,4.3699798584,,0,-4.46190834189,-1.51167047081,0.0547184914144,0.199292175575,54.6247459875,-0.121598832074,0.0414102071774,0.00973764554922,-0.0116502666048,54.6247459875,3.00231087296,-0.000385913829518,-0.000626979419815,0.000404014914275,54.6247459875,-3.13950337469,-0.000975291681587,0.000123369146291,8.00572620428e-05,54.6247459875
1789944709.13,4.399974823,,0,-4.50722562173,-1.50993952861,0.0606962913104,0.199292175575,54.9996854375,-0.120352398325,0.0416970484476,0.00938819398496,-0.0116502666048,54.9996854375,3.00229901719,-0.000404538427019,-0.000614860929435,0.000404014914275,54.9996854375,-3.13953257286,-0.000971555190663,0.000125770476355,8.00572620428e-05,54.9996854375
1789944709.17,4.42999267578,,0,-4.552522469,-1.50802777027,0.066678607765,0.199292175575,55.374908175,-0.119096566684,0.0419736127057,0.00903847839072,-0.0116502666048,55.374908175,3.00228659863,-0.00042281318836,-0.000602733282865,0.000404014914275,55.374908175,-3.1395616798,-0.000967743766692,0.000128173620757,8.00572620428e-05,55.374908175
1789944709.2,4.46997833252,,0,-4.61276669213,-1.50520225448,0.0746474588603,0.199292175575,55.8747303,-0.117411117958,0.0423257096406,0.00857263350982,-0.0116502666048,55.8747303,3.00226921458,-0.000446590960772,-0.000586578435426,0.000404014914275,55.8747303,-3.13960027246,-0.000962554645523,0.000131374772024,8.00572620428e-05,55.8747303
1789944709.23,4.49998426437,,0,-4.65789671172,-1.50287269643,0.0806273433524,0.199292175575,56.2498005,-0.116137302294,0.0425776922068,0.00822306008377,-0.0116502666048,56.2498005,3.0022555521,-0.000464009733274,-0.00057445571905,0.000404014914275,56.2498005,-3.13962909501,-0.000958576625304,0.000133776939487,8.00572620428e-05,56.2498005
1789944709.27,4.52998542786,,0,-4.70294799105,-1.50036406318,0.0866064111452,0.199292175575,56.624819475,-0.114856258578,0.0428191533414,0.00787353440052,-0.0116502666048,56.624819475,3.00224137439,-0.000481062451758,-0.000562334658327,0.000404014914275,56.624819475,-3.1396577932,-0.000954527084633,0.000136178778875,8.00572620428e-05,56.624819475
1789944709.3,4.56997823715,,0,-4.76288034218,-1.49674105547,0.0945766600759,0.199292175575,57.124729275,-0.113137629074,0.0431247210512,0.00740760780465,-0.0116502666048,57.124729275,3.00222168997,-0.000503228684957,-0.000546176977128,0.000404014914275,57.124729275,-3.13969585763,-0.00094901689344,0.000139380491663,8.00572620428e-05,57.124729275
1789944709.33,4.5999789238,,0,-4.80774009897,-1.49381400812,0.100555556278,0.199292175575,57.4997374875,-0.11184057797,0.0433417113025,0.00705809215228,-0.0116502666048,57.4997374875,3.00220634881,-0.000519432538435,-0.000534056264262,0.000404014914275,57.4997374875,-3.13972426568,-0.000944799359771,0.000141782262122,8.00572620428e-05,57.4997374875
1789944709.37,4.63003778458,,0,-4.85259566209,-1.49070142139,0.106545991298,0.199292175575,57.8754694375,-0.110534652895,0.043548604255,0.00670790196112,-0.0116502666048,57.8754694375,3.00219049598,-0.000535302981432,-0.000521912159336,0.000404014914275,57.8754694375,-3.13975260057,-0.000940501423165,0.000144188667817,8.00572620428e-05,57.8754694375
1789944709.4,4.66999769211,,0,-4.9120770106,-1.48628472041,0.114509720784,0.199292175575,58.374970325,-0.108789215861,0.0438073508784,0.00624235648043,-0.0116502666048,58.374970325,3.00216869283,-0.000555836061398,-0.000505767694677,0.000404014914275,58.374970325,-3.1397900671,-0.000934675715752,0.000147387761692,8.00572620428e-05,58.374970325
1789944709.43,4.69997739792,,0,-4.95658279912,-1.48276221162,0.120484409928,0.199292175575,58.7497146625,-0.107473138414,0.0439892584239,0.00589308676518,-0.0116502666048,58.7497146625,3.00215180365,-0.000570817188875,-0.000493655510565,0.000404014914275,58.7497146625,-3.13981802166,-0.000930221120761,0.000149787842142,8.00572620428e-05,58.7497146625
1789944709.47,4.72998762131,,0,-5.00102614732,-1.47905666428,0.126465276731,0.199292175575,59.124846475,-0.106150395523,0.0441608668633,0.00554345591498,-0.0116502666048,59.124846475,3.00213445263,-0.000585450125245,-0.0004815308028,0.000404014914275,59.124846475,-3.13984587029,-0.000925689854886,0.000152190404207,8.00572620428e-05,59.124846475
1789944709.5,4.77000141144,,0,-5.06010557865,-1.47383675293,0.134439730727,0.199292175575,59.625020025,-0.104379034274,0.0443733553808,0.00507728349848,-0.0116502666048,59.625020025,3.00211064532,-0.000604394606587,-0.000465364596886,0.000404014914275,59.625020025,-3.13988278805,-0.000919536035428,0.000155393806204,8.00572620428e-05,59.625020025
1789944709.53,4.79998922348,,0,-5.10424128548,-1.46971559936,0.140416055064,0.199292175575,59.999866925,-0.103046146547,0.0445203733591,0.0047279181928,-0.0116502666048,59.999866925,3.00209231346,-0.000618168186418,-0.000453249097832,0.000404014914275,59.999866925,-3.13991029264,-0.000914840128147,0.000157794543524,8.00572620428e-05,59.999866925
1789944709.57,4.82998561859,,0,-5.14826336316,-1.46541396632,0.146394098694,0.199292175575,60.3748216625,-0.101708621912,0.0446569524306,0.00437845238027,-0.0116502666048,60.3748216625,3.00207356856,-0.000631582255312,-0.000441130113342,0.000404014914275,60.3748216625,-3.13993766318,-0.000910070846144,0.000160195971498,8.00572620428e-05,60.3748216625
1789944709.6,4.86999607086,,0,-5.20677610221,-1.45939713744,0.154367891637,0.199292175575,60.87495375,-0.0999184916798,0.0448228116546,0.00391231860771,-0.0116502666048,60.87495375,3.00204794981,-0.000648908738544,-0.000424965247545,0.000404014914275,60.87495375,-3.13997394655,-0.00090359723484,0.000163399107945,8.00572620428e-05,60.87495375
1789944709.63,4.89999246597,,0,-5.25048212329,-1.45467702885,0.160345899196,0.199292175575,61.249906225,-0.0985722700556,0.044934925047,0.00356285490388,-0.0116502666048,61.249906225,3.00202829565,-0.00066147431962,-0.000412846336182,0.000404014914275,61.249906225,-3.14000097716,-0.000898659866208,0.000165800521428,8.00572620428e-05,61.249906225
1789944709.67,4.92998218536,,0,-5.29403437068,-1.44977869251,0.166322600992,0.199292175575,61.6247768,-0.0972231377541,0.0450365348025,0.00321346753259,-0.0116502666048,61.6247768,3.00200827443,-0.000673673753857,-0.000400730071924,0.000404014914275,61.6247768,-3.14002785273,-0.000893651566359,0.000168201410377,8.00572620428e-05,61.6247768
1789944709.7,4.96999073029,,0,-5.35190289265,-1.44296483784,0.174296022455,0.199292175575,62.1248855875,-0.0954188368669,0.0451557772012,0.00274735547613,-0.0116502666048,62.1248855875,3.00198100521,-0.000689383091695,-0.000384565959211,0.000404014914275,62.1248855875,-3.1400634711,-0.000886857972405,0.000171404397597,8.00572620428e-05,62.1248855875
1789944709.73,4.99997806549,,0,-5.39509420938,-1.4376485702,0.180272251131,0.199292175575,62.4997264875,-0.0940635553919,0.0452329247248,0.00239799576258,-0.0116502666048,62.4997264875,3.0019601614,-0.000700733523241,-0.000372450654085,0.000404014914275,62.4997264875,-3.14008998812,-0.000881682026907,0.000173805096489,8.00572620428e-05,62.4997264875
1789944709.77,5.03003406525,,0,-5.43822156231,-1.43214032789,0.186262137101,0.199292175575,62.875424,-0.0927030132109,0.0452997362672,0.0020478376679,-0.0116502666048,62.875424,3.00193893389,-0.000711745342309,-0.00036030766222,0.000404014914275,62.875424,-3.14011640892,-0.000876422015603,0.000176211281626,8.00572620428e-05,62.875424
1789944709.8,5.06999158859,,0,-5.49529552143,-1.42453866012,0.194225357595,0.199292175575,63.3748929625,-0.0908914373108,0.0453722623494,0.00158232194199,-0.0116502666048,63.3748929625,3.00191021098,-0.000725819816102,-0.000344164229415,0.000404014914275,63.3748929625,-3.14015128704,-0.000869317140483,0.000179410171035,8.00572620428e-05,63.3748929625
1789944709.83,5.09998416901,,0,-5.53793305686,-1.41862367519,0.200202672214,0.199292175575,63.749801975,-0.0895299403937,0.0454144804137,0.00123289874613,-0.0116502666048,63.749801975,3.00188828868,-0.000735960519315,-0.000332046722811,0.000404014914275,63.749801975,-3.14017727917,-0.000863900132991,0.000181811306159,8.00572620428e-05,63.749801975
1789944709.87,5.12999677658,,0,-5.58041887356,-1.41252527235,0.206183990414,0.199292175575,64.1249621,-0.0881664214369,0.0454462360714,0.000883241508071,-0.0116502666048,64.1249621,3.00186605271,-0.000745744212511,-0.000319921099952,0.000404014914275,64.1249621,-3.140203125,-0.000858407408263,0.000184214049554,8.00572620428e-05,64.1249621
1789944709.9,5.16997432709,,0,-5.63672105588,-1.40412332228,0.214151170245,0.199292175575,64.6246794,-0.0863490180705,0.0454722360794,0.000417494326306,-0.0116502666048,64.6246794,3.00183598847,-0.000758210974627,-0.000303769640582,0.000404014914275,64.6246794,-3.14023729382,-0.000850979039058,0.000187414529461,8.00572620428e-05,64.6246794
1789944709.93,5.19998645782,,0,-5.6787642592,-1.39760646456,0.22013232662,0.199292175575,64.999829375,-0.0849841698786,0.045479519104,6.78465482622e-05,-0.0116502666048,64.999829375,3.00181309805,-0.000767145756311,-0.000291644345783,0.000404014914275,64.999829375,-3.14026274864,-0.000845318299986,0.000189817207849,8.00572620428e-05,64.999829375
1789944709.97,5.23001241684,,0,-5.72062863957,-1.39090693772,0.226116270495,0.199292175575,65.3751541875,-0.0836186244989,0.0454763045576,-0.000281964182061,-0.0116502666048,65.3751541875,3.0017899341,-0.000775720543265,-0.000279513400027,0.000404014914275,65.3751541875,-3.14028804423,-0.000839582763146,0.000192221005998,8.00572620428e-05,65.3751541875
1789944710,5.27027654648,,0,-5.77644681995,-1.38164101984,0.23414059377,0.199292175575,65.8784556375,-0.0817879166044,0.0454555078186,-0.00075105186807,-0.0116502666048,65.8784556375,3.00175847822,-0.000786647408932,-0.000263246096653,0.000404014914275,65.8784556375,-3.1403216926,-0.000831778259885,0.000195444440884,8.00572620428e-05,65.8784556375
1789944710.03,5.29998731613,,0,-5.81739229329,-1.37459655017,0.240061727527,0.199292175575,66.249840875,-0.0804377786528,0.0454280514164,-0.00109719083047,-0.0116502666048,66.249840875,3.00173499186,-0.000794290347461,-0.000251242482661,0.000404014914275,66.249840875,-3.1403463188,-0.000825936110893,0.000197823007706,8.00572620428e-05,66.249840875
1789944710.07,5.33001661301,,0,-5.85856161564,-1.36729775587,0.246046374105,0.199292175575,66.6252097625,-0.0790741437718,0.0453898503729,-0.00144704263963,-0.0116502666048,66.6252097625,3.00171102825,-0.000801652871784,-0.000239110112349,0.000404014914275,66.6252097625,-3.1403710317,-0.000819959486028,0.000200227088137,8.00572620428e-05,66.6252097625
1789944710.1,5.37001943588,,0,-5.91305806617,-1.35729581155,0.254018575501,0.199292175575,67.125242025,-0.0772597146828,0.0453226435164,-0.00191308337316,-0.0116502666048,67.125242025,3.00167877307,-0.000810894639777,-0.000222948473016,0.000404014914275,67.125242025,-3.14040367114,-0.000811885831641,0.000203429585247,8.00572620428e-05,67.125242025
1789944710.13,5.39999818802,,0,-5.95363317131,-1.3495910756,0.25999312275,0.199292175575,67.4999774625,-0.0759019066196,0.0452600562804,-0.00226234479342,-0.0116502666048,67.4999774625,3.00165436502,-0.000817396824991,-0.000210836576563,0.000404014914275,67.4999774625,-3.14042791876,-0.000805751274717,0.000205829608696,8.00572620428e-05,67.4999774625
1789944710.17,5.43003177643,,0,-5.99404802245,-1.34169267724,0.26597857407,0.199292175575,67.875396825,-0.0745436594372,0.045186855685,-0.00261224364636,-0.0116502666048,67.875396825,3.00162972243,-0.000823546782076,-0.000198702574838,0.000404014914275,67.875396825,-3.14045202514,-0.000799533374691,0.000208234012398,8.00572620428e-05,67.875396825
1789944710.2,5.47002840042,,0,-6.04749629586,-1.33089503197,0.2739495835,0.199292175575,68.375354325,-0.0727385525226,0.0450730561919,-0.00307821469964,-0.0116502666048,68.375354325,3.00159662873,-0.000831171052493,-0.000182543351918,0.000404014914275,68.375354325,-3.14048383634,-0.000791140687268,0.000211436030685,8.00572620428e-05,68.375354325
1789944710.23,5.49999570847,,0,-6.08725590118,-1.32259597902,0.279921858618,0.199292175575,68.74994725,-0.0713892631326,0.044975578752,-0.00342734329521,-0.0116502666048,68.74994725,3.00157164051,-0.000836459996133,-0.000170436061639,0.000404014914275,68.74994725,-3.1405074495,-0.000784768544377,0.000213835141402,8.00572620428e-05,68.74994725
1789944710.27,5.52999973297,,0,-6.12681203341,-1.31410752906,0.28590139953,0.199292175575,69.1249959,-0.0700414158764,0.0448675011336,-0.00377689663619,-0.0116502666048,69.1249959,3.00154646856,-0.000841391887432,-0.000158314041785,0.000404014914275,69.1249959,-3.140530899,-0.000778316622773,0.000216237170846,8.00572620428e-05,69.1249959
1789944710.3,5.56999492645,,0,-6.17913936325,-1.30251342113,0.293872149482,0.199292175575,69.624937125,-0.0682500718307,0.0447071250048,-0.00424285252083,-0.0116502666048,69.624937125,3.00151269452,-0.000847400568762,-0.000142155344892,0.000404014914275,69.624937125,-3.1405618542,-0.000769604121933,0.000219439084898,8.00572620428e-05,69.624937125
1789944710.33,5.60001468658,,0,-6.21810716624,-1.29360165517,0.299854849374,0.199292175575,70.0001839125,-0.066909939755,0.04457450614,-0.00459259053019,-0.0116502666048,70.0001839125,3.00148719355,-0.000851485989598,-0.000130026920998,0.000404014914275,70.0001839125,-3.14058485828,-0.000762980543799,0.00022184238333,8.00572620428e-05,70.0001839125
1789944710.37,5.63003158569,,0,-6.25680126866,-1.28451111769,0.305837009982,0.199292175575,70.375396875,-0.0655740666842,0.0444314016039,-0.00494229701393,-0.0116502666048,70.375396875,3.0014615777,-0.00085520699923,-0.000117899590367,0.000404014914275,70.375396875,-3.14060766039,-0.000756285426073,0.000224245465127,8.00572620428e-05,70.375396875
1789944710.4,5.67010879517,,0,-6.30803316654,-1.27209396657,0.313824088938,0.199292175575,70.8763622875,-0.0637974731611,0.0442239717755,-0.00540920746316,-0.0116502666048,70.8763622875,3.00142721302,-0.000859607627316,-0.000101707790512,0.000404014914275,70.8763622875,-3.14063778927,-0.000747233994947,0.000227453938671,8.00572620428e-05,70.8763622875
1789944710.43,5.70001077652,,0,-6.34592986616,-1.26262096962,0.319783281521,0.199292175575,71.25013465,-0.0624775674334,0.0440570184446,-0.00575757127697,-0.0116502666048,71.25013465,3.00140146555,-0.000862468253909,-8.96270217927e-05,0.000404014914275,71.25013465,-3.14066003086,-0.000740396924987,0.000229847794029,8.00572620428e-05,71.25013465
1789944710.47,5.73003387451,,0,-6.38369287554,-1.25293020297,0.325766688104,0.199292175575,71.6254257625,-0.0611574783159,0.0438789064554,-0.00610735059818,-0.0116502666048,71.6254257625,3.00137553284,-0.000864977062792,-7.74971652611e-05,0.000404014914275,71.6254257625,-3.14068215606,-0.000733460056517,0.000232251376344,8.00572620428e-05,71.6254257625
1789944710.5,5.7700009346,,0,-6.43350635233,-1.23975113665,0.333731785531,0.199292175575,72.12501245,-0.0594087746815,0.04362550956,-0.00657297604631,-0.0116502666048,72.12501245,3.00134090476,-0.000867751709157,-6.13499274433e-05,0.000404014914275,72.12501245,-3.14071128386,-0.000724113740886,0.000235451019732,8.00572620428e-05,72.12501245
1789944710.53,5.79999399185,,0,-6.47053936507,-1.22965183474,0.33970918206,0.199292175575,72.4999266,-0.05810331789,0.043423125202,-0.00692240403042,-0.0116502666048,72.4999266,3.00131485239,-0.000869410062151,-4.92322547894e-05,0.000404014914275,72.4999266,-3.14073289604,-0.000717015818097,0.00023785218776,8.00572620428e-05,72.4999266
1789944710.57,5.83001804352,,0,-6.50730432142,-1.21936260888,0.345692714396,0.199292175575,72.8752256,-0.0568027580558,0.0432100365137,-0.00727219070294,-0.0116502666048,72.8752256,3.00128872893,-0.000870706110682,-3.71021433244e-05,0.000404014914275,72.8752256,-3.1407543161,-0.0007098384798,0.000240255820591,8.00572620428e-05,72.8752256
1789944710.6,5.86999988556,,0,-6.55577807895,-1.20538194107,0.353660752977,0.199292175575,73.3749967625,-0.0550810841688,0.0429099703336,-0.00773798808571,-0.0116502666048,73.3749967625,3.00125389127,-0.000871866601039,-2.09489430544e-05,0.000404014914275,73.3749967625,-3.14078250376,-0.000700168658141,0.000243456645464,8.00572620428e-05,73.3749967625
1789944710.63,5.9000287056,,0,-6.59181389854,-1.19467207966,0.35964525766,0.199292175575,73.75035675,-0.0537960906552,0.0426723551544,-0.00808783159988,-0.0116502666048,73.75035675,3.00122770254,-0.000872313516704,-8.81686040066e-06,0.000404014914275,73.75035675,-3.14080341886,-0.000692821852501,0.000245860668895,8.00572620428e-05,73.75035675
1789944710.66,5.93000793457,,0,-6.62746689729,-1.18380058469,0.365619910732,0.199292175575,74.125098825,-0.0525204873394,0.04242465168,-0.00843709920642,-0.0116502666048,74.125098825,3.00120154899,-0.000872396283885,3.29525058387e-06,0.000404014914275,74.125098825,-3.14082407837,-0.000685415129295,0.000248260734855,8.00572620428e-05,74.125098825
1789944710.7,5.97000789642,,0,-6.67452451757,-1.16901628466,0.373591635023,0.199292175575,74.6251011625,-0.0508303673525,0.0420778458336,-0.00890311204922,-0.0116502666048,74.6251011625,3.00116665992,-0.000871941258292,1.94559227057e-05,0.000404014914275,74.6251011625,-3.14085129564,-0.000675420607067,0.000251463040307,8.00572620428e-05,74.6251011625
1789944710.73,5.9999871254,,0,-6.70940158363,-1.15772685695,0.379566198414,0.199292175575,74.9998376125,-0.0495729722336,0.0418057049318,-0.00925237441314,-0.0116502666048,74.9998376125,3.00114053062,-0.000871176439565,3.15678518835e-05,0.000404014914275,74.9998376125,-3.14087143066,-0.000667846042557,0.000253863070241,8.00572620428e-05,74.9998376125
1789944710.77,6.03001976013,,0,-6.74399916647,-1.14623758325,0.385551479938,0.199292175575,75.375246325,-0.0483216594115,0.0415225771204,-0.00960226334006,-0.0116502666048,75.375246325,3.00111438291,-0.000870046168605,4.37015093874e-05,0.000404014914275,75.375246325,-3.14089137303,-0.000660185745549,0.000256267405734,8.00572620428e-05,75.375246325
1789944710.8,6.07010269165,,0,-6.7896319041,-1.13062344176,0.393539700837,0.199292175575,75.8762833625,-0.0466651502425,0.0411283310393,-0.0100692405453,-0.0116502666048,75.8762833625,3.00107954832,-0.000867969928568,5.98956242478e-05,0.000404014914275,75.8762833625,-3.14091762851,-0.00064984947685,0.000259476338007,8.00572620428e-05,75.8762833625
1789944710.83,6.09999036789,,0,-6.82324677284,-1.11877250863,0.399496048326,0.199292175575,76.249877275,-0.0454404757947,0.040822183103,-0.0104174380399,-0.0116502666048,76.249877275,3.00105363541,-0.000865999351445,7.19706252504e-05,0.000404014914275,76.249877275,-3.14093693464,-0.000642058618313,0.000261869050467,8.00572620428e-05,76.249877275
1789944710.87,6.13002443314,,0,-6.85666695978,-1.10668413957,0.405481599292,0.199292175575,76.6253028875,-0.0442191714463,0.0405040507313,-0.010767342718,-0.0116502666048,76.6253028875,3.00102766022,-0.000863655562525,8.41048289824e-05,0.000404014914275,76.6253028875,-3.14095609979,-0.000634157522829,0.000264273494198,8.00572620428e-05,76.6253028875
1789944710.9,6.16998386383,,0,-6.90056369039,-1.09032217374,0.41344522116,0.199292175575,77.124797025,-0.0426093689214,0.0400644914023,-0.0112328819076,-0.0116502666048,77.124797025,3.0009932204,-0.000859972214745,0.000100249075474,0.000404014914275,77.124797025,-3.14098122859,-0.000623533361663,0.000267472544842,8.00572620428e-05,77.124797025
1789944710.93,6.19997262955,,0,-6.93307458894,-1.07783373502,0.419421800989,0.199292175575,77.49965995,-0.0414129769974,0.0397223893369,-0.0115822621489,-0.0116502666048,77.49965995,3.00096747756,-0.000856784167989,0.000112365092475,0.000404014914275,77.49965995,-3.14099980712,-0.000615476118986,0.000269873384796,8.00572620428e-05,77.49965995
1789944710.97,6.23001861572,,0,-6.96526889956,-1.06514185555,0.425409722138,0.199292175575,77.875234225,-0.0402247610523,0.0393691306708,-0.0119323053836,-0.0116502666048,77.875234225,3.00094178721,-0.000853225688962,0.000124504101156,0.000404014914275,77.875234225,-3.1410181775,-0.000607331382727,0.000272278780648,8.00572620428e-05,77.875234225
1789944711,6.26999282837,,0,-7.00750504902,-1.04797722796,0.433376261045,0.199292175575,78.374911325,-0.0386606703566,0.0388828385116,-0.0123980150981,-0.0116502666048,78.374911325,3.000907784,-0.0008479259465,0.000140654261214,0.000404014914275,78.374911325,-3.14104223667,-0.000596383301892,0.00027547900309,8.00572620428e-05,78.374911325
1789944711.03,6.29996871948,,0,-7.03872353885,-1.03489683431,0.439350229151,0.199292175575,78.7496104375,-0.0375007436076,0.0385059622809,-0.0127472426627,-0.0116502666048,78.7496104375,3.00088243164,-0.000843528189276,0.000152764983599,0.000404014914275,78.7496104375,-3.14105998969,-0.000588089594875,0.000277878793893,8.00572620428e-05,78.7496104375
1789944711.07,6.33000612259,,0,-7.06960971597,-1.02161013525,0.445336383175,0.199292175575,79.125073875,-0.0363499401975,0.0381178168111,-0.0130971825944,-0.0116502666048,79.125073875,3.00085716526,-0.000838757319651,0.00016490040988,0.000404014914275,79.125073875,-3.14107752847,-0.000579706813836,0.000280283479877,8.00572620428e-05,79.125073875
1789944711.1,6.3699965477,,0,-7.11010654218,-1.00364139439,0.453306246476,0.199292175575,79.6249594875,-0.034836173478,0.0375847334103,-0.013563086647,-0.0116502666048,79.6249594875,3.00082375881,-0.000831839748197,0.000181057309311,0.000404014914275,79.6249594875,-3.14110048646,-0.000568434023006,0.000283485037755,8.00572620428e-05,79.6249594875
1789944711.13,6.39996957779,,0,-7.13998392697,-0.989965039124,0.459279581828,0.199292175575,79.9996189125,-0.0337158001006,0.0371729772491,-0.013912277222,-0.0116502666048,79.9996189125,3.00079890942,-0.000826231485377,0.000193166748949,0.000404014914275,79.9996189125,-3.14111739629,-0.000559901235346,0.000285884574376,8.00572620428e-05,79.9996189125
1789944711.17,6.42996931076,,0,-7.16947532992,-0.976096958559,0.465258352078,0.199292175575,80.374619225,-0.0326069228154,0.036750365956,-0.0142617855114,-0.0116502666048,80.374619225,3.0007742112,-0.000820254671065,0.000205287206477,0.000404014914275,80.374619225,-3.14113406433,-0.00055128866514,0.000288286294239,8.00572620428e-05,80.374619225
1789944711.2,6.46999073029,,0,-7.20816515763,-0.957317164839,0.473234261305,0.199292175575,80.87488405,-0.0311476755686,0.0361702622965,-0.0147280429982,-0.0116502666048,80.87488405,3.00074155236,-0.000811715279191,0.000221456362508,0.000404014914275,80.87488405,-3.14115589583,-0.000539686992065,0.000291490280814,8.00572620428e-05,80.87488405
1789944711.23,6.49997806549,,0,-7.2366590145,-0.943036454773,0.479210531633,0.199292175575,81.2497275625,-0.0300696949649,0.0357233671415,-0.0150774051466,-0.0116502666048,81.2497275625,3.00071731245,-0.000804892705721,0.000233571752074,0.000404014914275,81.2497275625,-3.14117194826,-0.000530909937101,0.000293890996438,8.00572620428e-05,81.2497275625
1789944711.27,6.52998304367,,0,-7.26473817694,-0.928568048378,0.485190286386,0.199292175575,81.624789625,-0.0290046561146,0.0352657257724,-0.0154269709883,-0.0116502666048,81.624789625,3.00069326863,-0.00079770252658,0.000245694205436,0.000404014914275,81.624789625,-3.14118774554,-0.000522055710345,0.000296293111784,8.00572620428e-05,81.624789625
1789944711.3,6.56999206543,,0,-7.30149882276,-0.908996553373,0.493163771623,0.199292175575,82.1249024125,-0.02760618038,0.0346391833167,-0.0158930867729,-0.0116502666048,82.1249024125,3.00066155429,-0.000787549183699,0.000261858447434,0.000404014914275,82.1249024125,-3.14120839449,-0.000510137237714,0.000299496124622,8.00572620428e-05,82.1249024125
1789944711.33,6.6000084877,,0,-7.32856065699,-0.894103719872,0.499145826407,0.199292175575,82.5001087375,-0.0265736454001,0.0341568799917,-0.0162427870703,-0.0116502666048,82.5001087375,3.0006380346,-0.000779507101214,0.000273985563532,0.000404014914275,82.5001087375,-3.14122357174,-0.000501111345071,0.000301899163909,8.00572620428e-05,82.5001087375
1789944711.37,6.63002157211,,0,-7.35516938387,-0.879033269212,0.505127114514,0.199292175575,82.875266975,-0.025555874525,0.0336641437168,-0.0165924425492,-0.0116502666048,82.875266975,3.00061476474,-0.000771102105748,0.000286111125385,0.000404014914275,82.875266975,-3.1412384751,-0.000492014492234,0.000304301895215,8.00572620428e-05,82.875266975
1789944711.4,6.66999673843,,0,-7.38990331224,-0.858681403847,0.513093886992,0.199292175575,83.374958725,-0.0242235205662,0.0329915464595,-0.0170581659178,-0.0116502666048,83.374958725,3.00058417258,-0.000759341902699,0.000302261758949,0.000404014914275,83.374958725,-3.14125789955,-0.000479785953645,0.000307502211484,8.00572620428e-05,83.374958725
1789944711.43,6.69997644424,,0,-7.41541477742,-0.843209486494,0.519068589887,0.199292175575,83.749703925,-0.0232421647383,0.0324749136976,-0.0174074364369,-0.0116502666048,83.749703925,3.00056154545,-0.000750098651502,0.000314373970937,0.000404014914275,83.749703925,-3.1412721448,-0.000470531178598,0.000309902297458,8.00572620428e-05,83.749703925
1789944711.47,6.72998380661,,0,-7.44048296388,-0.827543699722,0.525048891498,0.199292175575,84.1248002875,-0.0222755568176,0.0319473110959,-0.017757034247,-0.0116502666048,84.1248002875,3.00053918007,-0.000740483108705,0.000326497532916,0.000404014914275,84.1248002875,-3.14128612447,-0.000461195676352,0.000312304632481,8.00572620428e-05,84.1248002875
1789944711.5,6.76996564865,,0,-7.47314776751,-0.80639207949,0.533016925894,0.199292175575,84.6245711875,-0.0210125666152,0.0312280435027,-0.0182228313851,-0.0116502666048,84.6245711875,3.00050983958,-0.000727106275628,0.000342650724702,0.000404014914275,84.6245711875,-3.14130431338,-0.00044864522784,0.000315505455673,8.00572620428e-05,84.6245711875
1789944711.53,6.7999663353,,0,-7.49709925439,-0.790311563602,0.538995811932,0.199292175575,84.9995787625,-0.0200839594208,0.0306761046864,-0.0185723464433,-0.0116502666048,84.9995787625,3.00048818196,-0.000716644732184,0.000354771416963,0.000404014914275,84.9995787625,-3.14131763067,-0.000439143845751,0.000317907222049,8.00572620428e-05,84.9995787625
1789944711.57,6.82998323441,,0,-7.52057833607,-0.774042728454,0.544977970547,0.199292175575,85.3747916,-0.0191715735192,0.030113369489,-0.0189220528105,-0.0116502666048,85.3747916,3.00046683207,-0.000705813535837,0.000366898743553,0.000404014914275,85.3747916,-3.14133066888,-0.000429565149409,0.000320310303046,8.00572620428e-05,85.3747916
1789944711.6,6.87000322342,,0,-7.55111688386,-0.752073186531,0.552953618303,0.199292175575,85.875040025,-0.0179817174096,0.0293467818426,-0.0193882950121,-0.0116502666048,85.875040025,3.00043888363,-0.000690806761162,0.000383067369517,0.000404014914275,85.875040025,-3.14134760266,-0.000416682261973,0.000323514184585,8.00572620428e-05,85.875040025
1789944711.63,6.89997911453,,0,-7.57341148252,-0.73540847906,0.558927540571,0.199292175575,86.2497362625,-0.0171107900132,0.0287603700172,-0.0197375198971,-0.0116502666048,86.2497362625,3.00041835013,-0.000679142536705,0.000395177998978,0.000404014914275,86.2497362625,-3.1413599473,-0.000406948730726,0.000325913956975,8.00572620428e-05,86.2497362625
1789944711.67,6.92998075485,,0,-7.59522250686,-0.718550040398,0.564906634272,0.199292175575,86.6247568625,-0.0162568668102,0.0281629686969,-0.0200870470949,-0.0116502666048,86.6247568625,3.0003981544,-0.000667104718796,0.000407299112223,0.000404014914275,86.6247568625,-3.14137200939,-0.000397134745184,0.000328315806771,8.00572620428e-05,86.6247568625
1789944711.7,6.96996974945,,0,-7.62350296086,-0.695800513466,0.572876174121,0.199292175575,87.1246221875,-0.0151468366414,0.0273503880378,-0.0205529322392,-0.0116502666048,87.1246221875,3.00037180737,-0.000650494104707,0.000423455355938,0.000404014914275,87.1246221875,-3.14138762714,-0.000383941638875,0.000331517234716,8.00572620428e-05,87.1246221875
1789944711.73,6.99996900558,,0,-7.64411781292,-0.678524949646,0.578854800681,0.199292175575,87.4996134875,-0.0143356448491,0.0267285719987,-0.0209024321287,-0.0116502666048,87.4996134875,3.00035248536,-0.000637608940478,0.000435575522172,0.000404014914275,87.4996134875,-3.14139899559,-0.000373960328473,0.000333918896857,8.00572620428e-05,87.4996134875
1789944711.77,7.02997303009,,0,-7.66421476603,-0.661067336277,0.584834345579,0.199292175575,87.8746623875,-0.0135431441214,0.0260961732772,-0.0212519857027,-0.0116502666048,87.8746623875,3.00033355248,-0.000624358116712,0.000447697550106,0.000404014914275,87.8746623875,-3.1414100652,-0.000363905420113,0.000336320927902,8.00572620428e-05,87.8746623875
1789944711.8,7.06997013092,,0,-7.69018564994,-0.637516217617,0.592805464819,0.199292175575,88.374626775,-0.012516494948,0.0252368355103,-0.0217179631753,-0.0116502666048,88.374626775,3.00030894235,-0.000606128324307,0.000463856995639,0.000404014914275,88.374626775,-3.1414243505,-0.000350389504489,0.000339522990301,8.00572620428e-05,88.374626775
1789944711.83,7.09997558594,,0,-7.70904670862,-0.619639249531,0.598785269395,0.199292175575,88.7496919625,-0.0117690872077,0.0245799389131,-0.0220675319296,-0.0116502666048,88.7496919625,3.00029096596,-0.000592028325498,0.000475979550005,0.000404014914275,88.7496919625,-3.14143471082,-0.000340166005873,0.000341925125661,8.00572620428e-05,88.7496919625
1789944711.87,7.13002967834,,0,-7.7273981813,-0.601553190946,0.60477484965,0.199292175575,89.1253703,-0.01104037422,0.0239114538126,-0.0224176721527,-0.0116502666048,89.1253703,3.00027338978,-0.000577540643969,0.00048812192211,0.000404014914275,89.1253703,-3.14144477947,-0.000329853540633,0.000344331187989,8.00572620428e-05,89.1253703
1789944711.9,7.17000150681,,0,-7.75095816326,-0.577219960486,0.612740943339,0.199292175575,89.625019475,-0.010102620154,0.023006068962,-0.0228833558405,-0.0116502666048,89.625019475,3.00025069861,-0.000557706708187,0.000504271179599,0.000404014914275,89.625019475,-3.14145768843,-0.000316026001147,0.000347531231584,8.00572620428e-05,89.625019475
1789944711.93,7.19998311996,,0,-7.76798776695,-0.558759527923,0.618716011737,0.199292175575,89.9997876,-0.00942320195624,0.0223147566344,-0.0232326477262,-0.0116502666048,89.9997876,3.00023420621,-0.000542406345083,0.00051638413255,0.000404014914275,89.9997876,-3.14146700679,-0.000305570529674,0.000349931464383,8.00572620428e-05,89.9997876
1789944711.97,7.23001384735,,0,-7.78448799465,-0.540088979843,0.624700961638,0.199292175575,90.3751755125,-0.00876359568446,0.021611802752,-0.0235825172671,-0.0116502666048,90.3751755125,3.00021815187,-0.000526716613118,0.000528517117773,0.000404014914275,90.3751755125,-3.14147602523,-0.00029502562598,0.000352335666661,8.00572620428e-05,90.3751755125
1789944712,7.26999282837,,0,-7.80557873803,-0.514954935436,0.632668418884,0.199292175575,90.8749102125,-0.00791855233359,0.0206596922514,-0.0240482806661,-0.0116502666048,90.8749102125,3.00019752105,-0.000505264276624,0.000544669139532,0.000404014914275,90.8749102125,-3.14148753757,-0.000280875699423,0.000355536258008,8.00572620428e-05,90.8749102125
1789944712.03,7.29998540878,,0,-7.82073810455,-0.495889945895,0.63864570361,0.199292175575,91.24981735,-0.00730978380149,0.0199331824623,-0.0243977021144,-0.0116502666048,91.24981735,3.00018261367,-0.000488746532106,0.000556786585533,0.000404014914275,91.24981735,-3.14149580148,-0.000270176245034,0.000357937381124,8.00572620428e-05,91.24981735
1789944712.07,7.33002948761,,0,-7.83534748616,-0.476612530927,0.644633237334,0.199292175575,91.625367325,-0.00672197515773,0.0191949199399,-0.0247477227009,-0.0116502666048,91.625367325,3.00016818289,-0.000471836096666,0.00056892480881,0.000404014914275,91.625367325,-3.14150375675,-0.000259386243556,0.000360342621344,8.00572620428e-05,91.625367325
1789944712.1,7.36999082565,,0,-7.85387675561,-0.450692962663,0.652597230284,0.199292175575,92.1248847375,-0.00597480330763,0.0181966642365,-0.0252132835833,-0.0116502666048,92.1248847375,3.00014978622,-0.000448778480473,0.000585069807577,0.000404014914275,92.1248847375,-3.14151383362,-0.000244922528211,0.000363541821055,8.00572620428e-05,92.1248847375
1789944712.13,7.39998912811,,0,-7.86710235911,-0.431026311308,0.658575708969,0.199292175575,92.4998667625,-0.00544032685594,0.0174350598683,-0.0255627748284,-0.0116502666048,92.4998667625,3.00013658858,-0.000431045438293,0.000597189674032,0.000404014914275,92.4998667625,-3.141521017,-0.000233980774038,0.000365943423794,8.00572620428e-05,92.4998667625
1789944712.17,7.43007278442,,0,-7.87977025743,-0.411123813072,0.664571131475,0.199292175575,92.8759115375,-0.00492743810392,0.0166607681623,-0.0259132565791,-0.0116502666048,92.8759115375,3.00012389326,-0.000412897012591,0.000609343889835,0.000404014914275,92.8759115375,-3.14152789003,-0.000222935658253,0.000368351833002,8.00572620428e-05,92.8759115375
1789944712.2,7.47003650665,,0,-7.89566739574,-0.38440608377,0.672535543736,0.199292175575,93.37545525,-0.00428243226112,0.0156158806005,-0.0263788419736,-0.0116502666048,93.37545525,3.00010788334,-0.000388222877588,0.000625489738649,0.000404014914275,93.37545525,-3.14153650432,-0.00020815110191,0.000371551201153,8.00572620428e-05,93.37545525
1789944712.23,7.49999141693,,0,-7.90687965708,-0.364170862136,0.678505342848,0.199292175575,93.749892875,-0.00382654549432,0.014820475218,-0.0267278258262,-0.0116502666048,93.749892875,3.00009653655,-0.00036930506439,0.000637592009447,0.000404014914275,93.749892875,-3.14154257243,-0.000196985364168,0.000373949317238,8.00572620428e-05,93.749892875
1789944712.27,7.52999591827,,0,-7.91750005152,-0.343723047655,0.684484973641,0.199292175575,94.1249471625,-0.00339395032567,0.0140132802263,-0.0270773844215,-0.0116502666048,94.1249471625,3.00008574462,-0.00034999267569,0.000649714211512,0.000404014914275,94.1249471625,-3.14154831416,-0.00018572922439,0.000376351382788,8.00572620428e-05,94.1249471625
1789944712.3,7.57001638412,,0,-7.93070583773,-0.316169808365,0.692460806938,0.199292175575,94.625207225,-0.00285493648104,0.0129202915933,-0.0275436374695,-0.0116502666048,94.625207225,3.00007226226,-0.000323667041685,0.000665883213613,0.000404014914275,94.625207225,-3.14155544495,-0.000170603226637,0.000379555338861,8.00572620428e-05,94.625207225
1789944712.33,7.59999132156,,0,-7.93987094068,-0.295324010152,0.698434519551,0.199292175575,94.9998903125,-0.00248008129109,0.0120894470204,-0.0278928500984,-0.0116502666048,94.9998903125,3.00006286141,-0.000303525927863,0.000677993418051,0.000404014914275,94.9998903125,-3.14156038785,-0.000159190224435,0.000381955027031,8.00572620428e-05,94.9998903125
1789944712.37,7.62999296188,,0,-7.94841597002,-0.274280005419,0.704413649124,0.199292175575,95.3749131625,-0.00212998152899,0.0112473672704,-0.0282423793933,-0.0116502666048,95.3749131625,3.00005406203,-0.000283003057081,0.000690114604019,0.000404014914275,95.3749131625,-3.14156499158,-0.000147694845252,0.000384356891237,8.00572620428e-05,95.3749131625
1789944712.4,7.66999769211,,0,-7.95882261142,-0.245940845624,0.712386225787,0.199292175575,95.8749689625,-0.0017027598878,0.010108223727,-0.0287084420642,-0.0116502666048,95.8749689625,3.00004329717,-0.000255072108172,0.000706277004112,0.000404014914275,95.8749689625,-3.14157059163,-0.000132254793728,0.000387559539094,8.00572620428e-05,95.8749689625
1789944712.43,7.69998073578,,0,-7.96587559324,-0.224491650903,0.718361641551,0.199292175575,96.249758875,-0.00141263973094,0.00924221622047,-0.0290577542564,-0.0116502666048,96.249758875,3.00003596857,-0.000233714065386,0.000718390661262,0.000404014914275,96.249758875,-3.14157438248,-0.000120598535855,0.000389959911433,8.00572620428e-05,96.249758875
1789944712.47,7.73000335693,,0,-7.97229073846,-0.202834853615,0.724344882323,0.199292175575,96.6250395875,-0.00114831380914,0.00836458057098,-0.0294075238845,-0.0116502666048,96.6250395875,3.00002927748,-0.000211964133647,0.000730520181653,0.000404014914275,96.6250395875,-3.14157782704,-0.000108854901459,0.00039236342714,8.00572620428e-05,96.6250395875
1789944712.5,7.76998186111,,0,-7.97981879547,-0.173717372271,0.732312283767,0.199292175575,97.1247707875,-0.000837535258167,0.0071796018001,-0.0298732840214,-0.0116502666048,97.1247707875,3.00002139157,-0.00018243617098,0.000746672090287,0.000404014914275,97.1247707875,-3.14158186449,-9.310482479e-05,0.00039556399607,8.00572620428e-05,97.1247707875
1789944712.53,7.79998636246,,0,-7.98470056827,-0.151654968221,0.738291954418,0.199292175575,97.499827575,-0.000635614086801,0.00627802335723,-0.0302228449467,-0.0116502666048,97.499827575,3.00001625558,-0.000159850754361,0.000758794373155,0.000404014914275,97.499827575,-3.14158447964,-8.12000711809e-05,0.000397966077632,8.00572620428e-05,97.499827575
1789944712.57,7.82999181747,,0,-7.98891780026,-0.129412438338,0.744271814796,0.199292175575,97.8748962625,-0.000460896606278,0.0053659273936,-0.0305724169631,-0.0116502666048,97.8748962625,3.00001180258,-0.000136900880272,0.000770917040646,0.000404014914275,97.8748962625,-3.14158673658,-6.92228630618e-05,0.000400368235408,8.00572620428e-05,97.8748962625
1789944712.6,7.86997699738,,0,-7.99349531188,-0.0994930402682,0.752240611883,0.199292175575,98.374715,-0.000270901659814,0.0041341605888,-0.0310382586867,-0.0116502666048,98.374715,3.00000694912,-0.000105752400085,0.000787071778596,0.000404014914275,98.374715,-3.14158918357,-5.31499400036e-05,0.000403569364979,8.00572620428e-05,98.374715
1789944712.63,7.89997720718,,0,-7.99614068448,-0.0768362738793,0.758219342075,0.199292175575,98.7497128,-0.000160897047567,0.00319777573248,-0.0313877646344,-0.0116502666048,98.7497128,3.00000413256,-8.19585806734e-05,0.000799192154918,0.000404014914275,98.7497128,-3.1415905961,-4.10069047372e-05,0.00040597106875,8.00572620428e-05,98.7497128
1789944712.67,7.92999458313,,0,-7.99810461272,-0.0539867708475,0.764201560478,0.199292175575,99.1249293875,-7.91016992945e-05,0.00225035026,-0.0317374744968,-0.0116502666048,99.1249293875,3.00000203426,-5.77869516404e-05,0.000811319602713,0.000404014914275,99.1249293875,-3.14159164376,-2.87846710195e-05,0.000408374173764,8.00572620428e-05,99.1249293875
1789944712.7,7.96996068954,,0,-7.99964980903,-0.0232854033722,0.772166503852,0.199292175575,99.6245064125,-1.46348311073e-05,0.000972620761706,-0.0322030909392,-0.0116502666048,99.6245064125,3.00000037699,-2.50389556441e-05,0.000827466528227,0.000404014914275,99.6245064125,-3.14159246717,-1.23995851379e-05,0.000411573755268,8.00572620428e-05,99.6245064125
1789944712.73,7.99999666214,,0,-8,-2.45429400714e-06,0.778152510002,0.199292175575,99.999960575,-1.61759494688e-13,1.02672290003e-07,-0.0325530222265,-0.0116502666048,99.999960575,3,-2.64810562887e-09,0.000839601654729,0.000404014914275,99.999960575,-3.14159265359,-1.30568821423e-09,0.00041397838185,8.00572620428e-05,99.999960575
1789944712.77,8.02997875214,,0,-8,0,0,0,100,2.22044604925e-16,0,0,0,100,3,0,0,0,100,-3.14159265359,0,0,0,100
1789944712.84,0,,0,-8.00522938604,-0.0558752752597,0.0284278925715,-0.005360870791,0,-0.0224709514743,-0.104307369434,-0.695739663582,0.17719452119,0,3.00074816811,0.0112813541018,-0.193210817811,0.0479501621372,0,3.13686146059,-0.000422636612916,0.0742859454685,-0.018558278973,0
1789944712.87,0.0300003048033,,0,-8.00689289266,-0.055024842253,0.0282670648127,-0.005360870791,0.3750038125,-0.0259124961861,-0.125100032386,-0.690423773902,0.17719452119,0.3750038125,3.00099988132,0.00550654864984,-0.191772298323,0.0479501621372,0.3750038125,3.13688212721,0.00179761301301,0.073729191439,-0.018558278973,0.3750038125
1789944712.9,0.0600305758417,,0,-8.00853258197,-0.0541783918709,0.0281060764047,-0.005360870791,0.7503822125,-0.0299798024241,-0.145753747575,-0.685102574234,0.17719452119,0.7503822125,3.00107898912,-0.000230804489497,-0.190332341911,0.0479501621372,0.7503822125,3.13696927138,0.00400335259833,0.0731718812736,-0.018558278973,0.7503822125
1789944712.94,0.0999980643392,,0,-8.0106755647,-0.0530593444388,0.0278918158871,-0.005360870791,1.2499757625,-0.0363505188787,-0.172994048505,-0.678020555043,0.17719452119,1.2499757625,3.00091825625,-0.00779961153035,-0.188415894573,0.0479501621372,1.2499757625,3.13718752021,0.00691302609703,0.0724301535557,-0.018558278973,1.2499757625
1789944712.97,0.13001075387,,0,-8.01225548052,-0.0522246504759,0.0277309217393,-0.005360870791,1.625134375,-0.0418471044742,-0.193263463558,-0.672702470986,0.17719452119,1.625134375,3.00059952609,-0.0134328833468,-0.186976781269,0.0479501621372,1.625134375,3.13742753624,0.00907849147831,0.0718731697005,-0.018558278973,1.625134375
1789944713,0.160017490387,,0,-8.0138101115,-0.051394949476,0.0275700594994,-0.005360870791,2.0002185875,-0.0479483645714,-0.213369296332,-0.667385441591,0.17719452119,2.0002185875,3.00011248767,-0.0190218591822,-0.185537953365,0.0479501621372,2.0002185875,3.13773222603,0.0112268158021,0.0713162963042,-0.018558278973,2.0002185875
1789944713.04,0.200117990375,,0,-8.01584896557,-0.0502936864153,0.027355085868,-0.005360870791,2.5014749125,-0.0570392717348,-0.239989321361,-0.660279851631,0.17719452119,2.5014749125,2.99920103962,-0.0264234718513,-0.183615127601,0.0479501621372,2.5014749125,3.13823956768,0.0140717140443,0.0705720999269,-0.018558278973,2.5014749125
1789944713.07,0.23001216352,,0,-8.01734025455,-0.0494783241209,0.0271948270638,-0.005360870791,2.8751520875,-0.0645077986862,-0.259648666161,-0.654982767783,0.17719452119,2.8751520875,2.99832930036,-0.0318910688146,-0.18218169711,0.0479501621372,2.8751520875,3.13869168111,0.0161731162681,0.0700173155061,-0.018558278973,2.8751520875
1789944713.1,0.259992986917,,0,-8.01881145675,-0.0486654105383,0.0270341038259,-0.005360870791,3.2499121875,-0.0725858449011,-0.27920594322,-0.649670332864,0.17719452119,3.2499121875,2.9972915188,-0.0373314733228,-0.180744112506,0.0479501621372,3.2499121875,3.13920794834,0.0182639514171,0.0694609233074,-0.018558278973,3.2499121875
1789944713.14,0.300026029348,,0,-8.0207380758,-0.0475874487216,0.0268194918229,-0.005360870791,3.7503253,-0.0842820108028,-0.305072237531,-0.642576695915,0.17719452119,3.7503253,2.99565270451,-0.0445287876911,-0.178824521315,0.0479501621372,3.7503253,3.13999457216,0.0210298127968,0.0687179788159,-0.018558278973,3.7503253
1789944713.17,0.330005437136,,0,-8.02215269107,-0.0467858253951,0.0266587761063,-0.005360870791,4.1250678625,-0.0937158618651,-0.324256676449,-0.6372645096,0.17719452119,4.1250678625,2.9942376127,-0.0498682924824,-0.177387003985,0.0479501621372,4.1250678625,3.14065583074,0.0230815971513,0.0681616126545,-0.018558278973,4.1250678625
1789944713.2,0.360012292862,,0,-8.02354460976,-0.0459882922775,0.0264979131158,-0.005360870791,4.500153825,-0.103731894666,-0.34329922011,-0.631947455398,0.17719452119,4.500153825,2.99266157615,-0.0551695350257,-0.175948169367,0.0479501621372,4.500153825,3.1413790406,0.0251185592236,0.06760473666,-0.018558278973,4.500153825
1789944713.24,0.400035947561,,0,-8.0253640621,-0.0449320433462,0.0262833516015,-0.005360870791,5.0004492125,-0.117976238031,-0.368450128718,-0.624855487266,0.17719452119,5.0004492125,2.99031307852,-0.062173214164,-0.174029029772,0.0479501621372,5.0004492125,3.14243832596,0.0278094820871,0.0668619669504,-0.018558278973,5.0004492125
1789944713.27,0.429997205734,,0,-8.02669850983,-0.0441469671545,0.0261227331525,-0.005360870791,5.374964975,-0.129295133462,-0.387092055322,-0.619546515969,0.17719452119,5.374964975,2.98837239462,-0.0673658214639,-0.172592382449,0.0479501621372,5.374964975,3.14330146015,0.0298044212583,0.0663059375104,-0.018558278973,5.374964975
1789944713.3,0.460060805082,,0,-8.02801394592,-0.0433640462815,0.0259615660559,-0.005360870791,5.750760025,-0.141211692622,-0.405637780436,-0.614219410053,0.17719452119,5.750760025,2.98626935614,-0.0725329013386,-0.171150827763,0.0479501621372,5.750760025,3.14422736875,0.031789430032,0.0657480087604,-0.018558278973,5.750760025
1789944713.34,0.500014841557,,0,-8.02972585099,-0.0423310551905,0.0257473775081,-0.005360870791,6.2501857625,-0.157906932326,-0.4300369088,-0.607139769699,0.17719452119,6.2501857625,2.9832352757,-0.0793327995438,-0.169235024155,0.0479501621372,6.2501857625,3.14554976589,0.0344015173138,0.0650065301874,-0.018558278973,6.2501857625
1789944713.37,0.530022025108,,0,-8.03098451836,-0.0415608628529,0.0255865129576,-0.005360870791,6.6252753625,-0.171083667619,-0.448175678226,-0.601822663933,0.17719452119,6.6252753625,2.98077874683,-0.0843894754597,-0.167796175585,0.0479501621372,6.6252753625,3.14661124135,0.0363438239694,0.0644496487925,-0.018558278973,6.6252753625
1789944713.4,0.560003399849,,0,-8.03221909356,-0.0407961540714,0.0254257868195,-0.005360870791,7.000042225,-0.184790266717,-0.46613949513,-0.596510133152,0.17719452119,7.000042225,2.97817343747,-0.089398680409,-0.166358565039,0.0479501621372,7.000042225,3.14772976115,0.038267770538,0.0638932465538,-0.018558278973,7.000042225
1789944713.44,0.600079596043,,0,-8.03383368889,-0.0397814894495,0.0252109433287,-0.005360870791,7.5009951,-0.203948508153,-0.48990307599,-0.589408844766,0.17719452119,7.5009951,2.97445759519,-0.0960271980453,-0.164436903313,0.0479501621372,7.5009951,3.14931449964,0.0408134677173,0.0631495006972,-0.018558278973,7.5009951
1789944713.47,0.630003392696,,0,-8.03501283763,-0.0390294831275,0.0250505258641,-0.005360870791,7.875042225,-0.218871351583,-0.507461077874,-0.584106516669,0.17719452119,7.875042225,2.97151069251,-0.100926302065,-0.163002053689,0.0479501621372,7.875042225,3.15056398263,0.0426948300132,0.0625941670256,-0.018558278973,7.875042225
1789944713.5,0.660010933876,,0,-8.03617276364,-0.0382801911045,0.0248896591103,-0.005360870791,8.2501369625,-0.234361212744,-0.524908922489,-0.578789338076,0.17719452119,8.2501369625,2.96840896647,-0.105796010591,-0.161563185411,0.0479501621372,8.2501369625,3.15187324915,0.0445647739795,0.0620372780033,-0.018558278973,8.2501369625
1789944713.54,0.700016379356,,0,-8.03768431795,-0.0372887602893,0.0246751953514,-0.005360870791,8.7502044125,-0.255821667617,-0.547921825294,-0.571700601087,0.17719452119,8.7502044125,2.96404778143,-0.112221039322,-0.159644920186,0.0479501621372,8.7502044125,3.15370552576,0.0470317492238,0.0612948467039,-0.018558278973,8.7502044125
1789944713.57,0.730004310608,,0,-8.03879145991,-0.0365512126849,0.0245144339281,-0.005360870791,9.12505355,-0.27250897141,-0.564986270081,-0.566386904012,0.17719452119,9.12505355,2.96061093773,-0.116986899958,-0.158206994033,0.0479501621372,9.12505355,3.15514338769,0.0488615103499,0.0607383223145,-0.018558278973,9.12505355
1789944713.6,0.760093986988,,0,-8.03988020221,-0.035816007221,0.0243531268592,-0.005360870791,9.501174975,-0.289764842912,-0.581948474884,-0.561055171547,0.17719452119,9.501174975,2.9570194335,-0.121725596342,-0.156764187368,0.0479501621372,9.501174975,3.15664102826,0.0506807078488,0.0601799090079,-0.018558278973,9.501174975
1789944713.64,0.80001103878,,0,-8.04129052622,-0.0348481734317,0.0241391367707,-0.005360870791,10.0001379625,-0.313439608781,-0.60420296783,-0.553982090934,0.17719452119,10.0001379625,2.95203612474,-0.127944957348,-0.154850158876,0.0479501621372,10.0001379625,3.15871179976,0.0530681265212,0.0594391174624,-0.018558278973,10.0001379625
1789944713.67,0.830008149147,,0,-8.04232503496,-0.0341264805622,0.0239783260381,-0.005360870791,10.375102075,-0.331812410231,-0.620741117802,-0.548666764024,0.17719452119,10.375102075,2.94812868983,-0.132568444096,-0.153411791677,0.0479501621372,10.375102075,3.16033035019,0.0548427797682,0.058882422374,-0.018558278973,10.375102075
1789944713.7,0.860028505325,,0,-8.04333874257,-0.0334090588928,0.0238173909117,-0.005360870791,10.7503562375,-0.350693701135,-0.637132431106,-0.543347325492,0.17719452119,10.7503562375,2.94408002829,-0.137152310336,-0.151972311842,0.0479501621372,10.7503562375,3.16200319804,0.0566020871459,0.0583252966593,-0.018558278973,10.7503562375
1789944713.74,0.899992823601,,0,-8.04465495089,-0.0324614934489,0.0236031472059,-0.005360870791,11.2499105875,-0.376588301658,-0.658705449671,-0.536265861983,0.17719452119,11.2499105875,2.93847797451,-0.143187492914,-0.150056014875,0.0479501621372,11.2499105875,3.16431164322,0.0589181994295,0.0575836271402,-0.018558278973,11.2499105875
1789944713.77,0.930002450943,,0,-8.04561850272,-0.0317555867771,0.0234422697089,-0.005360870791,11.625030375,-0.396596453216,-0.674718776082,-0.530948328292,0.17719452119,11.625030375,2.93411362519,-0.147669019986,-0.148617050505,0.0479501621372,11.625030375,3.16610559941,0.0606379035059,0.057026700927,-0.018558278973,11.625030375
1789944713.8,0.959985733032,,0,-8.04656012687,-0.031055119832,0.023281533101,-0.005360870791,11.99982165,-0.417064614848,-0.69055871136,-0.525635451451,0.17719452119,11.99982165,2.92961943254,-0.152103496334,-0.147179346313,0.0479501621372,11.99982165,3.16794927407,0.0623394103703,0.056470262444,-0.018558278973,11.99982165
1789944713.84,1.00000846386,,0,-8.047784449,-0.0301276224526,0.0230669763149,-0.005360870791,12.5001060125,-0.445121766325,-0.711454170196,-0.518543639605,0.17719452119,12.5001060125,2.92341446738,-0.157955614595,-0.145260249009,0.0479501621372,12.5001060125,3.17048929796,0.0645846419948,0.0557275091028,-0.018558278973,12.5001060125
1789944713.87,1.03000688553,,0,-8.04867787429,-0.029438062411,0.0229061588168,-0.005360870791,12.8750859,-0.466696769063,-0.726929916066,-0.513228089075,0.17719452119,12.8750859,2.91861090873,-0.162291613083,-0.143821821297,0.0479501621372,12.8750859,3.17245172449,0.0662480272725,0.0551707905938,-0.018558278973,12.8750859
1789944713.9,1.05999016762,,0,-8.04955025098,-0.0287536709552,0.0227454224716,-0.005360870791,13.2498765625,-0.48872239147,-0.742238515172,-0.507915220916,0.17719452119,13.2498765625,2.91368044607,-0.166582305649,-0.142384119454,0.0479501621372,13.2498765625,3.17446277163,0.0678938851408,0.0546143530201,-0.018558278973,13.2498765625
1789944713.94,1.10002028942,,0,-8.05068310003,-0.0278474620266,0.022530825672,-0.005360870791,13.750254225,-0.518839409202,-0.762428499811,-0.500822086491,0.17719452119,13.750254225,2.90689855409,-0.172243554178,-0.14046466425,0.0479501621372,13.750254225,3.17722413742,0.0700652402654,0.0538714611599,-0.018558278973,13.750254225
1789944713.97,1.13002586365,,0,-8.05150855873,-0.0271738265016,0.0223699700367,-0.005360870791,14.1253230375,-0.541941116209,-0.77737615263,-0.495505275399,0.17719452119,14.1253230375,2.90166728286,-0.176436681871,-0.13902589542,0.0479501621372,14.1253230375,3.17935064783,0.0716733263719,0.0533146106274,-0.018558278973,14.1253230375
1789944714,1.16005015373,,0,-8.05231437417,-0.0265046010001,0.0222090138582,-0.005360870791,14.5006262875,-0.56550379877,-0.792173465301,-0.490185141024,0.17719452119,14.5006262875,2.89630745547,-0.180589219017,-0.137586227285,0.0479501621372,14.5006262875,3.18152653309,0.0732656933654,0.0527574120344,-0.018558278973,14.5006262875
1789944714.04,1.20000290871,,0,-8.053355638,-0.0256215680403,0.0219948322419,-0.005360870791,15.0000358625,-0.597542658997,-0.811616296507,-0.483105729783,0.17719452119,15.0000358625,2.88898311713,-0.186047899772,-0.135670485678,0.0479501621372,15.0000358625,3.18449560925,0.0753586863226,0.0520159574572,-0.018558278973,15.0000358625
1789944714.07,1.23001646996,,0,-8.0541147525,-0.0249638372129,0.0218339328887,-0.005360870791,15.3752066125,-0.622119031706,-0.826036257459,-0.47778747367,0.17719452119,15.3752066125,2.88333824747,-0.190098270374,-0.134231325814,0.0479501621372,15.3752066125,3.18678074412,0.0769115167518,0.0514589555819,-0.018558278973,15.3752066125
1789944714.1,1.26002025604,,0,-8.05485395766,-0.0243111503223,0.0216730866563,-0.005360870791,15.7502535,-0.647117478349,-0.840291916375,-0.472470973377,0.17719452119,15.7502535,2.87757438295,-0.194104130681,-0.132792641089,0.0479501621372,15.7502535,3.18911145689,0.0784471251278,0.0509021376006,-0.018558278973,15.7502535
1789944714.14,1.30005192757,,0,-8.05580986511,-0.0234478358526,0.0214584820191,-0.005360870791,16.2506494375,-0.681132452318,-0.859063740617,-0.465377579893,0.17719452119,16.2506494375,2.86969817973,-0.199381621625,-0.130873115782,0.0479501621372,16.2506494375,3.19229241451,0.0804699528112,0.0501592186082,-0.018558278973,16.2506494375
1789944714.17,1.33001470566,,0,-8.05650281852,-0.02280728704,0.0212978555664,-0.005360870791,16.6251838625,-0.70708047367,-0.872928194896,-0.460068344045,0.17719452119,16.6251838625,2.86366562547,-0.20328141657,-0.12943639687,0.0479501621372,16.6251838625,3.19472594835,0.0819645306374,0.0496031614607,-0.018558278973,16.6251838625
1789944714.2,1.36000180244,,0,-8.05717719122,-0.022171036433,0.0211370985979,-0.005360870791,17.0000226125,-0.733463115143,-0.886644641361,-0.454754794218,0.17719452119,17.0000226125,2.8575118245,-0.207141279727,-0.127998510563,0.0479501621372,17.0000226125,3.19720604575,0.0834436415554,0.0490466524933,-0.018558278973,17.0000226125
1789944714.24,1.40010285378,,0,-8.05804933473,-0.0213277276893,0.0209221222325,-0.005360870791,17.5012853125,-0.769382205317,-0.90473829814,-0.447649113889,0.17719452119,17.5012853125,2.84910284743,-0.212235595923,-0.126075660344,0.0479501621372,17.5012853125,3.20059145685,0.0853955404466,0.0483024466513,-0.018558278973,17.5012853125
1789944714.27,1.43003046513,,0,-8.05867827737,-0.0207039789855,0.0207616840911,-0.005360870791,17.87538065,-0.796658555361,-0.918056020571,-0.442346102352,0.17719452119,17.87538065,2.84269489325,-0.21598726767,-0.124640625777,0.0479501621372,17.87538065,3.20316869118,0.0868328070726,0.0477470414004,-0.018558278973,17.87538065
1789944714.3,1.46001064777,,0,-8.05928968099,-0.0200839481964,0.0206009639679,-0.005360870791,18.2501334875,-0.824380080894,-0.931238024673,-0.437033770384,0.17719452119,18.2501334875,2.83616374691,-0.219702472785,-0.123203069031,0.0479501621372,18.2501334875,3.20579333295,0.0882559339918,0.0471906599841,-0.018558278973,18.2501334875
1789944714.34,1.50004684925,,0,-8.06007731274,-0.0192634602844,0.0203863350566,-0.005360870791,18.750586025,-0.862011680459,-0.94859318509,-0.429939574563,0.17719452119,18.750586025,2.82726946602,-0.224596626269,-0.121283326606,0.0479501621372,18.750586025,3.20936438784,0.0901303953247,0.0464476569598,-0.018558278973,18.750586025
1789944714.37,1.53003406525,,0,-8.06064582749,-0.0186545421182,0.0202255777129,-0.005360870791,19.12542565,-0.890649816569,-0.961406186855,-0.424626012333,0.17719452119,19.12542565,2.82048013348,-0.228212010881,-0.119845436943,0.0479501621372,19.12542565,3.2120879435,0.091514885026,0.0458911466933,-0.018558278973,19.12542565
1789944714.4,1.56008601189,,0,-8.06119732318,-0.0180491457852,0.0200644733492,-0.005360870791,19.501074425,-0.919732843003,-0.974086992489,-0.419300979947,0.17719452119,19.501074425,2.81356802818,-0.231791941908,-0.118404443369,0.0479501621372,19.501074425,3.21485877844,0.0928856211222,0.0453334351123,-0.018558278973,19.501074425
1789944714.44,1.60004377365,,0,-8.06190256602,-0.0172516938992,0.0198502649286,-0.005360870791,20.0005465,-0.958988031826,-0.9906998665,-0.412220682733,0.17719452119,20.0005465,2.80421212622,-0.236484839782,-0.116488462011,0.0479501621372,20.0005465,3.21860627323,0.0946822286263,0.0445918877438,-0.018558278973,20.0005465
1789944714.47,1.62999856472,,0,-8.06241045667,-0.0166594867558,0.0196896806927,-0.005360870791,20.3749824875,-0.988848474402,-1.00296838931,-0.406912842291,0.17719452119,20.3749824875,2.79707620402,-0.239952724852,-0.115052120706,0.0479501621372,20.3749824875,3.22146239083,0.0960096471047,0.0440359767427,-0.018558278973,20.3749824875
1789944714.5,1.66003382206,,0,-8.0629019709,-0.0160705211192,0.0195286658127,-0.005360870791,20.7504226125,-1.01915558127,-1.01511017717,-0.401590767637,0.17719452119,20.7504226125,2.78981749502,-0.243386711206,-0.113611927517,0.0479501621372,20.7504226125,3.22436583967,0.0973239060736,0.0434785749365,-0.018558278973,20.7504226125
1789944714.54,1.70000100136,,0,-8.0635287238,-0.0152942973883,0.0193144070106,-0.005360870791,21.2500121625,-1.06004551614,-1.03101909826,-0.394508805148,0.17719452119,21.2500121625,2.77999978825,-0.247889160569,-0.111695495523,0.0479501621372,21.2500121625,3.22829012849,0.0990467991505,0.0427368531572,-0.018558278973,21.2500121625
1789944714.57,1.73000824451,,0,-8.06397899218,-0.0147171385533,0.0191535419777,-0.005360870791,21.6251028875,-1.09116038914,-1.04277744964,-0.389191683435,0.17719452119,21.6251028875,2.77251124289,-0.251219248106,-0.110256642636,0.0479501621372,21.6251028875,3.23128140867,0.100320859662,0.0421799700921,-0.018558278973,21.6251028875
1789944714.6,1.7600171566,,0,-8.06441203768,-0.0141447750811,0.0189926679814,-0.005360870791,22.0002145125,-1.12262746708,-1.05437689061,-0.383874265452,0.17719452119,22.0002145125,2.76492299299,-0.254506341556,-0.108817709577,0.0479501621372,22.0002145125,3.23431083902,0.101578279234,0.0416230559974,-0.018558278973,22.0002145125
1789944714.64,1.80007886887,,0,-8.06496351758,-0.0133881987897,0.0187779024805,-0.005360870791,22.5009855375,-1.16517372722,-1.06961334622,-0.376775554892,0.17719452119,22.5009855375,2.75464023185,-0.258827283506,-0.10689674543,0.0479501621372,22.5009855375,3.23841343809,0.103230876421,0.0408795801268,-0.018558278973,22.5009855375
1789944714.67,1.83000874519,,0,-8.06535583801,-0.0128285796986,0.0186174523039,-0.005360870791,22.8751089375,-1.19735508321,-1.08081082517,-0.371472145554,0.17719452119,22.8751089375,2.74684589975,-0.262005212602,-0.105461603215,0.0479501621372,22.8751089375,3.24152135199,0.104446084794,0.0403241332126,-0.018558278973,22.8751089375
1789944714.7,1.86002802849,,0,-8.06573257928,-0.0122721111836,0.0184565223884,-0.005360870791,23.25035095,-1.22996691292,-1.09188234112,-0.366152879255,0.17719452119,23.25035095,2.73893336788,-0.265149497108,-0.104022169988,0.0479501621372,23.25035095,3.24467484233,0.105648227497,0.0397670255365,-0.018558278973,23.25035095
1789944714.74,1.90004110336,,0,-8.06620890649,-0.0115379005611,0.0182420174902,-0.005360870791,23.750514325,-1.2739476993,-1.10639139364,-0.359062782475,0.17719452119,23.750514325,2.72824116234,-0.269273358275,-0.102103536793,0.0479501621372,23.750514325,3.24893378852,0.107224571947,0.0390244518209,-0.018558278973,23.750514325
1789944714.77,1.93000483513,,0,-8.06654645895,-0.0109937099543,0.0180813863145,-0.005360870791,24.1250597625,-1.30725959948,-1.11707067545,-0.353753390518,0.17719452119,24.1250597625,2.72012713344,-0.27231122609,-0.100666775637,0.0479501621372,24.1250597625,3.2521640617,0.108385555386,0.0384683783235,-0.018558278973,24.1250597625
1789944714.8,1.96002340317,,0,-8.06686835197,-0.0104533478116,0.0179204605912,-0.005360870791,24.500292,-1.3409510612,-1.12761001323,-0.348434262785,0.17719452119,24.500292,2.71190759739,-0.27531149534,-0.0992273799068,0.0479501621372,24.500292,3.25543489061,0.109531959867,0.0379112851601,-0.018558278973,24.500292
1789944714.84,2.00002574921,,0,-8.06727222997,-0.00974077576719,0.017706012947,-0.005360870791,25.000321875,-1.38633504702,-1.14140644394,-0.341346058443,0.17719452119,25.000321875,2.70081559975,-0.279242462976,-0.0973092588204,0.0479501621372,25.000321875,3.25984656544,0.111033653484,0.0371689096469,-0.018558278973,25.000321875
1789944714.87,2.03000211716,,0,-8.06755629114,-0.00921242396152,0.0175453139885,-0.005360870791,25.3750253625,-1.42070273246,-1.15155911713,-0.336034426038,0.17719452119,25.3750253625,2.69240144509,-0.282137889004,-0.0958718913821,0.0479501621372,25.3750253625,3.26319155747,0.112139501065,0.0366126014986,-0.018558278973,25.3750253625
1789944714.9,2.06000947952,,0,-8.06782485704,-0.00868834797574,0.0173844480979,-0.005360870791,25.7501180875,-1.45540854056,-1.16156286565,-0.330717275973,0.17719452119,25.7501180875,2.68389226777,-0.284993168678,-0.0944330308237,0.0479501621372,25.7501180875,3.2665729746,0.113229795346,0.0360557154641,-0.018558278973,25.7501180875
1789944714.94,2.1000084877,,0,-8.06815853326,-0.00799727447619,0.0171700181768,-0.005360870791,26.2501066375,-1.50213266295,-1.17464950462,-0.323629657436,0.17719452119,26.2501066375,2.67241777054,-0.288732045038,-0.0925150682605,0.0479501621372,26.2501066375,3.27113070801,0.114657144995,0.0353134013046,-0.018558278973,26.2501066375
1789944714.97,2.13002061844,,0,-8.06839084017,-0.0074843793723,0.0170091268273,-0.005360870791,26.625258725,-1.5375313932,-1.18428252972,-0.318311665874,0.17719452119,26.625258725,2.66371084667,-0.291487027637,-0.0910759799868,0.0479501621372,26.625258725,3.2745876377,0.115708618691,0.0347564271368,-0.018558278973,26.625258725
1789944715,2.16000628471,,0,-8.06860764046,-0.00697676214232,0.0168483783987,-0.005360870791,27.0000775625,-1.57318501095,-1.1937476059,-0.312998398319,0.17719452119,27.0000775625,2.65492973122,-0.294196430343,-0.0896381700644,0.0479501621372,27.0000775625,3.27807276119,0.116742464622,0.0341999477328,-0.018558278973,27.0000775625
1789944715.04,2.20010399818,,0,-8.0688739063,-0.00630548861293,0.016633419172,-0.005360870791,27.5013003,-1.62130140731,-1.20615570924,-0.30589328448,0.17719452119,27.5013003,2.64306154954,-0.297752177485,-0.087715473142,0.0479501621372,27.5013003,3.28278117393,0.11809888861,0.0334558012215,-0.018558278973,27.5013003
1789944715.07,2.23001480103,,0,-8.06905509116,-0.00581036968418,0.0164730718491,-0.005360870791,27.875183875,-1.65751439531,-1.21522592375,-0.300593274796,0.17719452119,27.875183875,2.63411655422,-0.300354358174,-0.0862812508986,0.0479501621372,27.875183875,3.28632847554,0.119091273001,0.0329007103665,-0.018558278973,27.875183875
1789944715.1,2.26003479958,,0,-8.06922212061,-0.00531826137671,0.0163121377521,-0.005360870791,28.2504356375,-1.69413029856,-1.22416993161,-0.295273870286,0.17719452119,28.2504356375,2.62506121154,-0.302922926936,-0.0848417802703,0.0479501621372,28.2504356375,3.28991835387,0.120070594522,0.032343588215,-0.018558278973,28.2504356375
1789944715.14,2.30000591278,,0,-8.06942172311,-0.0046705313828,0.0160978583803,-0.005360870791,28.75007315,-1.74329558687,-1.23583077362,-0.288191227902,0.17719452119,28.75007315,2.61288581423,-0.306275833291,-0.0829251642916,0.0479501621372,28.75007315,3.29474333557,0.121348575015,0.0316017952276,-0.018558278973,28.75007315
1789944715.17,2.3300049305,,0,-8.06955461529,-0.00419002265344,0.0159370371779,-0.005360870791,29.125061675,-1.7804982564,-1.24439651325,-0.282875554931,0.17719452119,29.125061675,2.60366072211,-0.308741935842,-0.0814867034457,0.0479501621372,29.125061675,3.29839781785,0.122288249147,0.0310450638949,-0.018558278973,29.125061675
1789944715.2,2.36011147499,,0,-8.06967356434,-0.00371264197969,0.0157756395049,-0.005360870791,29.5013943625,-1.8180902176,-1.25283263338,-0.277540827701,0.17719452119,29.5013943625,2.59432883549,-0.311173493438,-0.0800430863751,0.0479501621372,29.5013943625,3.30209348843,0.123214500245,0.0304863369348,-0.018558278973,29.5013943625
1789944715.24,2.40000581741,,0,-8.06980918013,-0.00308755142377,0.0155617718266,-0.005360870791,30.000071925,-1.8682899641,-1.2637638973,-0.270471793148,0.17719452119,30.000071925,2.58185162758,-0.314328591252,-0.078130152777,0.0479501621372,30.000071925,3.30703309681,0.124415960228,0.029745969149,-0.018558278973,30.000071925
1789944715.27,2.43002390862,,0,-8.06989487589,-0.00262282947126,0.0154008478241,-0.005360870791,30.37530015,-1.90634701649,-1.27180315475,-0.265152722295,0.17719452119,30.37530015,2.57238104562,-0.316652318491,-0.0766907724388,0.0479501621372,30.37530015,3.31078116552,0.125300521011,0.0291888819428,-0.018558278973,30.37530015
1789944715.3,2.4600045681,,0,-8.06996661265,-0.0021635113543,0.0152401254439,-0.005360870791,30.75005825,-1.9445948682,-1.27967297049,-0.259840315727,0.17719452119,30.75005825,2.56285335294,-0.3189300078,-0.0752531955062,0.0479501621372,30.75005825,3.31455079104,0.126167282151,0.0286324927134,-0.018558278973,30.75005825
1789944715.34,2.50000762939,,0,-8.07004102272,-0.00155815130843,0.0150256750122,-0.005360870791,31.250094625,-1.99599152288,-1.28992556301,-0.252752019244,0.17719452119,31.250094625,2.55003552481,-0.321901988896,-0.0733350494858,0.0479501621372,31.250094625,3.3196205608,0.127297816396,0.0278901075499,-0.018558278973,31.250094625
1789944715.37,2.53001046181,,0,-8.07008103309,-0.00110974976216,0.0148648331328,-0.005360870791,31.6251313625,-2.03480604395,-1.29742911326,-0.247435662833,0.17719452119,31.6251313625,2.54034472767,-0.324080674111,-0.0718964036961,0.0479501621372,31.6251313625,3.32345233889,0.12812624873,0.0273333046379,-0.018558278973,31.6251313625
1789944715.4,2.55999040604,,0,-8.07010764722,-0.000666511005974,0.0147041141408,-0.005360870791,31.9998815625,-2.0738133915,-1.30476760706,-0.242123368253,0.17719452119,31.9998815625,2.53059668893,-0.326214580609,-0.070458857068,0.0479501621372,31.9998815625,3.32730576614,0.128937361537,0.0267769271374,-0.018558278973,31.9998815625
1789944715.44,2.60001158714,,0,-8.07012260329,-8.23299130711e-05,0.0144895663824,-0.005360870791,32.500144875,-2.12622359041,-1.31431573716,-0.235031854803,0.17719452119,32.500144875,2.5174853198,-0.328996018564,-0.0685398405124,0.0479501621372,32.500144875,3.33248722251,0.129994140414,0.0260342050483,-0.018558278973,32.500144875
1789944715.47,2.63002610207,,0,-8.07011857193,0.000350152323756,0.0143286625743,-0.005360870791,32.8753260125,-2.16577717628,-1.32129028406,-0.229713451441,0.17719452119,32.8753260125,2.50758001512,-0.331031608567,-0.0671006408025,0.0479501621372,32.8753260125,3.33640057354,0.130767184532,0.0254771877511,-0.018558278973,32.8753260125
1789944715.5,2.66003155708,,0,-8.07010163935,0.000777676952918,0.0141678072606,-0.005360870791,33.250394075,-2.20552568999,-1.32810317191,-0.224396650981,0.17719452119,33.250394075,2.49761727404,-0.333023407748,-0.0656618748497,0.0479501621372,33.250394075,3.34033568645,0.13152328463,0.0249203383321,-0.018558278973,33.250394075
1789944715.54,2.70000815392,,0,-8.07005928644,0.0013397753061,0.0139534973855,-0.005360870791,33.7501027125,-2.2587962815,-1.33693221703,-0.217313000361,0.17719452119,33.7501027125,2.48425214245,-0.335610036793,-0.0637449860346,0.0479501621372,33.7501027125,3.34561326759,0.13250468797,0.0241784397481,-0.018558278973,33.7501027125
1789944715.57,2.73003029823,,0,-8.07001279945,0.00175627244564,0.0137925528669,-0.005360870791,34.125378775,-2.29903090991,-1.34337655142,-0.211993251384,0.17719452119,34.125378775,2.47414791816,-0.337502184828,-0.0623054221911,0.0479501621372,34.125378775,3.34960214722,0.133222211618,0.0236212815193,-0.018558278973,34.125378775
1789944715.6,2.76000356674,,0,-8.06995398686,0.00216727121217,0.0136318704521,-0.005360870791,34.5000436875,-2.33939062587,-1.34965107097,-0.206682165802,0.17719452119,34.5000436875,2.46400412788,-0.339348138244,-0.060868202727,0.0479501621372,34.5000436875,3.35360576958,0.13392188054,0.0230650306419,-0.018558278973,34.5000436875
1789944715.64,2.80001544952,,0,-8.06985641525,0.00270841804728,0.0134173714079,-0.005360870791,35.0001934125,-2.39355638783,-1.35777899271,-0.199592262518,0.17719452119,35.0001934125,2.45037792583,-0.341745212326,-0.0589496218945,0.0479501621372,35.0001934125,3.35898251386,0.134829902523,0.0223224771919,-0.018558278973,35.0001934125
1789944715.67,2.82999992371,,0,-8.06976919722,0.00310832124102,0.0132566284098,-0.005360870791,35.3749995875,-2.43435763144,-1.36368401058,-0.194279174461,0.17719452119,35.3749995875,2.44010458409,-0.343491231636,-0.0575118605456,0.0479501621372,35.3749995875,3.36303527162,0.135490888111,0.0217660165874,-0.018558278973,35.3749995875
1789944715.7,2.86002826691,,0,-8.06966990679,0.00350397933198,0.0130956501553,-0.005360870791,35.7503543125,-2.47539364185,-1.36943801061,-0.188958310399,0.17719452119,35.7503543125,2.42976438661,-0.34519660111,-0.0560719949518,0.0479501621372,35.7503543125,3.36711357272,0.136136119253,0.0212087415714,-0.018558278973,35.7503543125
1789944715.74,2.90000009537,,0,-8.06951944169,0.00402315353085,0.0128813664413,-0.005360870791,36.25000195,-2.53028162677,-1.37684946059,-0.181875524488,0.17719452119,36.25000195,2.41592196931,-0.347399594213,-0.0541553401334,0.0479501621372,36.25000195,3.3725719255,0.136969045357,0.0204669335518,-0.018558278973,36.25000195
1789944715.77,2.93002295494,,0,-8.06939287368,0.00440747340576,0.0127204175643,-0.005360870791,36.625288175,-2.57169980745,-1.38223003161,-0.176555631452,0.17719452119,36.625288175,2.40546783588,-0.349003883941,-0.0527157373065,0.0479501621372,36.625288175,3.37669327366,0.137575158037,0.0199097602351,-0.018558278973,36.625288175
1789944715.8,2.95999574661,,0,-8.06925507993,0.0047863310639,0.0125597376208,-0.005360870791,36.999947325,-2.61320752822,-1.38744229358,-0.171244627556,0.17719452119,36.999947325,2.39498377221,-0.350562380242,-0.0512785399474,0.0479501621372,36.999947325,3.38082563683,0.138163571893,0.0193535179131,-0.018558278973,36.999947325
1789944715.84,3.00003147125,,0,-8.06905344778,0.00528487175653,0.0123451117706,-0.005360870791,37.500392725,-2.66889000206,-1.39415617219,-0.164150532914,0.17719452119,37.500392725,2.38090820265,-0.352576920494,-0.0493588249017,0.0479501621372,37.500392725,3.38637241467,0.138923529129,0.0186105254856,-0.018558278973,37.500392725
1789944715.87,3.03001856804,,0,-8.06888944348,0.00565265529637,0.0121843549093,-0.005360870791,37.875231225,-2.71076968251,-1.39899889849,-0.158836986631,0.17719452119,37.875231225,2.37031347348,-0.354035488534,-0.0479209395537,0.0479501621372,37.875231225,3.39054660978,0.139473260412,0.0180540168893,-0.018558278973,37.875231225
1789944715.9,3.0600130558,,0,-8.06871443745,0.00601570866073,0.0120235577182,-0.005360870791,38.2501637625,-2.75280275305,-1.40368344199,-0.153522107314,0.17719452119,38.2501637625,2.35967297855,-0.355451288281,-0.0464826934766,0.0479501621372,38.2501637625,3.39473809277,0.14000643526,0.0174973686792,-0.018558278973,38.2501637625
1789944715.94,3.10000753403,,0,-8.06846428423,0.00649229536226,0.0118091532613,-0.005360870791,38.7500929375,-2.80906303108,-1.40968174097,-0.146435330451,0.17719452119,38.7500929375,2.34542027663,-0.357271983386,-0.0445649586767,0.0479501621372,38.7500929375,3.40035135296,0.140691388449,0.0167551426715,-0.018558278973,38.7500929375
1789944715.97,3.13001847267,,0,-8.06826414957,0.00684428657313,0.0116482677659,-0.005360870791,39.125231375,-2.85143424184,-1.41399662624,-0.141117532386,0.17719452119,39.125231375,2.33467830732,-0.358587832196,-0.0431259227646,0.0479501621372,39.125231375,3.40458111455,0.1411858709,0.0161981887694,-0.018558278973,39.125231375
1789944716,3.16006851196,,0,-8.06805324396,0.00719189632692,0.0114871737166,-0.005360870791,39.5008561,-2.89398772263,-1.41815720155,-0.135792840922,0.17719452119,39.5008561,2.32388349633,-0.3598621157,-0.0416850214472,0.0479501621372,39.5008561,3.40883097642,0.141664247042,0.0156405128945,-0.018558278973,39.5008561
1789944716.04,3.20002126694,,0,-8.0677567962,0.00764656290553,0.0112729917251,-0.005360870791,40.00026655,-2.95075361957,-1.42344108913,-0.128713417277,0.17719452119,40.00026655,2.30947322447,-0.361489280803,-0.0397692764832,0.0479501621372,40.00026655,3.41450315052,0.142274318256,0.0148990570182,-0.018558278973,40.00026655
1789944716.07,3.23004364967,,0,-8.06752217238,0.0079825883543,0.0111120459145,-0.005360870791,40.375545625,-2.99354584011,-1.42722550904,-0.123393625596,0.17719452119,40.375545625,2.29860276888,-0.362661637286,-0.0383297010838,0.0479501621372,40.375545625,3.41878118734,0.142713258943,0.0143418943169,-0.018558278973,40.375545625
1789944716.1,3.26001477242,,0,-8.06727795928,0.00831322005889,0.0109513751059,-0.005360870791,40.750183475,-3.03637588068,-1.43084415925,-0.11808292364,0.17719452119,40.750183475,2.28771642688,-0.363788881913,-0.0368925854318,0.0479501621372,40.750183475,3.42306480855,0.143134765156,0.0137856836182,-0.018558278973,40.750183475
1789944716.14,3.30001950264,,0,-8.06693668463,0.00874703783932,0.0107369145743,-0.005360870791,41.2502434,-3.09370910474,-1.43542625269,-0.110994293322,0.17719452119,41.2502434,2.2731341181,-0.365226392869,-0.0349743490732,0.0479501621372,41.2502434,3.4288017185,0.143671408407,0.0130432634909,-0.018558278973,41.2502434
1789944716.17,3.33002114296,,0,-8.06666945089,0.00906675051503,0.010576079514,-0.005360870791,41.6252642375,-3.13682344065,-1.43867652012,-0.105678162303,0.17719452119,41.6252642375,2.26216119309,-0.366254101672,-0.0335357642762,0.0479501621372,41.6252642375,3.43311788685,0.144054375901,0.012486484185,-0.018558278973,41.6252642375
1789944716.2,3.35999703407,,0,-8.06639294051,0.00938136822875,0.0104153832413,-0.005360870791,41.9999614625,-3.1799955716,-1.44176469643,-0.100366618673,0.17719452119,41.9999614625,2.25116758997,-0.367237819553,-0.0320984208609,0.0479501621372,41.9999614625,3.43744155538,0.144420330234,0.0119301853345,-0.018558278973,41.9999614625
1789944716.24,3.40007853508,,0,-8.06600861048,0.00979452825116,0.0102005104318,-0.005360870791,42.5009827,-3.23786267013,-1.44564522575,-0.0932643612105,0.17719452119,42.5009827,2.23642280509,-0.368485861808,-0.0301764968951,0.0479501621372,42.5009827,3.44323955159,0.144883604999,0.0111863379827,-0.018558278973,42.5009827
1789944716.27,3.43001532555,,0,-8.06571084799,0.0100974953784,0.010040023796,-0.005360870791,42.8751911125,-3.28118147816,-1.44835784918,-0.0879597467722,0.17719452119,42.8751911125,2.2253782566,-0.369367759155,-0.0287410285709,0.0479501621372,42.8751911125,3.44758181434,0.145210170735,0.0106307648537,-0.018558278973,42.8751911125
1789944716.3,3.46004247665,,0,-8.06540314776,0.0103965511778,0.00987905252668,-0.005360870791,43.25052955,-3.32471028175,-1.45091914157,-0.0826391135948,0.17719452119,43.25052955,2.21427448273,-0.370209151637,-0.0273012254561,0.0479501621372,43.25052955,3.45194675977,0.145521015203,0.0100735140191,-0.018558278973,43.25052955
1789944716.34,3.50004529953,,0,-8.06497940924,0.0107874518364,0.00966460257738,-0.005360870791,43.7505648,-3.38281536915,-1.45408316355,-0.0755508330586,0.17719452119,43.7505648,2.19944374019,-0.371262912106,-0.0253830837512,0.0479501621372,43.7505648,3.4577758727,0.145909135454,0.00933113052582,-0.018558278973,43.7505648
1789944716.37,3.53001666069,,0,-8.06465177792,0.0110747053315,0.00950392998899,-0.005360870791,44.1252068,-3.42642935701,-1.4562679394,-0.070240072274,0.17719452119,44.1252068,2.18830530037,-0.372002141253,-0.0239459521797,0.0479501621372,44.1252068,3.46215307564,0.146180466838,0.00877491366574,-0.018558278973,44.1252068
1789944716.4,3.56008434296,,0,-8.06431451427,0.0113580441119,0.00934274050008,-0.005360870791,44.5010540625,-3.47024705072,-1.45829980426,-0.0649122262165,0.17719452119,44.5010540625,2.17710941427,-0.372700467713,-0.0225041972057,0.0479501621372,44.5010540625,3.4665522804,0.146435920016,0.00821690739785,-0.018558278973,44.5010540625
1789944716.44,3.60004043579,,0,-8.06385329112,0.0117270636768,0.0091285413752,-0.005360870791,45.0005044625,-3.52856485619,-1.4607519951,-0.0578322362576,0.17719452119,45.0005044625,2.16220032844,-0.373561370291,-0.0205882989929,0.0479501621372,45.0005044625,3.47240964049,0.146749421028,0.00747539220934,-0.018558278973,45.0005044625
1789944716.47,3.63001489639,,0,-8.06349770091,0.0119982792512,0.00896785171244,-0.005360870791,45.375186275,-3.57237541762,-1.46240588779,-0.0525209111084,0.17719452119,45.375186275,2.15099396254,-0.374156954215,-0.0191510147002,0.0479501621372,45.375186275,3.47681166253,0.146965155449,0.00691911624114,-0.018558278973,45.375186275
1789944716.5,3.66002488136,,0,-8.06313361943,0.0122649897938,0.00880697239815,-0.005360870791,45.7503103,-3.61628495612,-1.46390224595,-0.0472033173486,0.17719452119,45.7503103,2.13975713386,-0.374710082824,-0.0177120340745,0.0479501621372,45.7503103,3.48122510745,0.147164440837,0.00636218373671,-0.018558278973,45.7503103
1789944716.54,3.70004105568,,0,-8.06263582603,0.0126131199305,0.00859245025937,-0.005360870791,46.250513875,-3.6749007881,-1.46564927632,-0.0401126507111,0.17719452119,46.250513875,2.12474895895,-0.375380461272,-0.0157932466727,0.0479501621372,46.250513875,3.4871189775,0.147404173086,0.00561955033766,-0.018558278973,46.250513875
1789944716.57,3.7300298214,,0,-8.06225373611,0.0128683852796,0.00843168502441,-0.005360870791,46.6253719,-3.7188708601,-1.46677252307,-0.0347988276507,0.17719452119,46.6253719,2.11348492263,-0.375832518055,-0.0143552864265,0.0479501621372,46.6253719,3.49154187194,0.147564350866,0.0050630127534,-0.018558278973,46.6253719
1789944716.6,3.76000738144,,0,-8.06186420683,0.013118739088,0.00827097838913,-0.005360870791,47.0000932875,-3.76285618351,-1.46773609318,-0.0294869415037,0.17719452119,47.0000932875,2.10221208903,-0.376241311161,-0.0129178503236,0.0479501621372,47.0000932875,3.49596770505,0.147707789578,0.00450667802969,-0.018558278973,47.0000932875
1789944716.64,3.80005550385,,0,-8.06133225072,0.0134456771694,0.00805628561383,-0.005360870791,47.5006947375,-3.82165799827,-1.46877489277,-0.0223906347645,0.17719452119,47.5006947375,2.08713448752,-0.376720194257,-0.0109975366681,0.0479501621372,47.5006947375,3.50188653909,0.14787339118,0.00376345392062,-0.018558278973,47.5006947375
1789944716.67,3.83003401756,,0,-8.06092557284,0.0136847839318,0.0078955745183,-0.005360870791,47.875426525,-3.86569899526,-1.46936650787,-0.0170786011916,0.17719452119,47.875426525,2.07583623847,-0.377028337665,-0.00956006067061,0.0479501621372,47.875426525,3.50632117571,0.147977874762,0.00320710375642,-0.018558278973,47.875426525
1789944716.7,3.86000943184,,0,-8.06051184567,0.0139190469289,0.00773488136025,-0.005360870791,48.2501164875,-3.90975042307,-1.46979883656,-0.0117671605116,0.17719452119,48.2501164875,2.0645306601,-0.377293360459,-0.00812274511437,0.0479501621372,48.2501164875,3.51075819916,0.148065670906,0.00265081568823,-0.018558278973,48.2501164875
1789944716.74,3.90002250671,,0,-8.05994876703,0.0142242518462,0.00752037641378,-0.005360870791,48.750279975,-3.96856912798,-1.47012782855,-0.00467706213687,0.17719452119,48.750279975,2.04942800059,-0.377579991281,-0.00620411148871,0.0479501621372,48.750279975,3.51668468644,0.14815688187,0.00190824180558,-0.018558278973,48.750279975
1789944716.77,3.93003559113,,0,-8.05951848919,0.0144475476568,0.00735947969811,-0.005360870791,49.125444575,-4.01269362958,-1.47018839446,0.0006411067963,0.17719452119,49.125444575,2.03809305063,-0.377744599802,-0.00476497521686,0.0479501621372,49.125444575,3.52113211967,0.148205795694,0.00135124906097,-0.018558278973,49.125444575
1789944716.8,3.96003937721,,0,-8.05908171893,0.0146659472339,0.00719863303688,-0.005360870791,49.5004924625,-4.05680382746,-1.4700894009,0.00595762126422,0.17719452119,49.5004924625,2.02675733657,-0.377865984229,-0.00332628665567,0.0479501621372,49.5004924625,3.52557938599,0.148237984984,0.000794429595016,-0.018558278973,49.5004924625
1789944716.84,4.00004339218,,0,-8.05848931693,0.0149496330038,0.00698417583433,-0.005360870791,50.000544625,-4.11560688042,-1.46970928599,0.0130461415446,0.17719452119,50.000544625,2.01163897041,-0.377960681442,-0.00140808007416,0.0479501621372,50.000544625,3.53150996164,0.148254915761,5.20209923996e-05,-0.018558278973,50.000544625
1789944716.87,4.0300321579,,0,-8.05803788332,0.0151566674931,0.00682341130164,-0.005360870791,50.3754010125,-4.15967461078,-1.46923837516,0.0183599413924,0.17719452119,50.3754010125,2.00030407474,-0.377981346618,2.98738905448e-05,0.0479501621372,50.3754010125,3.53595584579,0.148248130963,-0.000504514160722,-0.018558278973,50.3754010125
1789944716.9,4.06006097794,,0,-8.05757968965,0.0153591514459,0.00666242907471,-0.005360870791,50.750765,-4.20378546707,-1.46860714989,0.0236809367554,0.17719452119,50.750765,1.98895385777,-0.37795883005,0.00146977501543,0.0479501621372,50.750765,3.54040729533,0.148224613402,-0.00106180292844,-0.018558278973,50.750765
1789944716.94,4.10001277924,,0,-8.05696080872,0.0156210470686,0.00644825433644,-0.005360870791,51.2501585375,-4.26243771862,-1.4675196494,0.0307601206564,0.17719452119,51.2501585375,1.97385552458,-0.377861843228,0.0033854551029,0.0479501621372,51.2501585375,3.54632804383,0.148167382171,-0.00180323369533,-0.018558278973,51.2501585375
1789944716.97,4.13002061844,,0,-8.05648917371,0.0158121324111,0.00628738549193,-0.005360870791,51.62525815,-4.30646035535,-1.46651682075,0.0360773683553,0.17719452119,51.62525815,1.96251839831,-0.377738663559,0.00482434208186,0.0479501621372,51.62525815,3.55077335058,0.148104915127,-0.00236012995545,-0.018558278973,51.62525815
1789944717,4.16002178192,,0,-8.05601198878,0.0159983476187,0.00612655408775,-0.005360870791,52.0002704625,-4.35044027116,-1.46535472139,0.0413933785276,0.17719452119,52.0002704625,1.95118825323,-0.377572349554,0.00626289417688,0.0479501621372,52.0002704625,3.55521549827,0.14802575713,-0.00291689660454,-0.018558278973,52.0002704625
1789944717.04,4.2000784874,,0,-8.05536628791,0.0162394570745,0.0059118145871,-0.005360870791,52.5009808625,-4.40910263204,-1.46355447507,0.0484912296942,0.17719452119,52.5009808625,1.93606943927,-0.377283008643,0.00818362576599,0.0479501621372,52.5009808625,3.5611424022,0.147894026652,-0.00366028246757,-0.018558278973,52.5009808625
1789944717.07,4.23001146317,,0,-8.05487756815,0.0164140136539,0.00575134777037,-0.005360870791,52.8751430625,-4.45288865731,-1.46202360661,0.0537951890444,0.17719452119,52.8751430625,1.92478011655,-0.377016567103,0.00961891681843,0.0479501621372,52.8751430625,3.56556758782,0.147776149553,-0.00421578698667,-0.018558278973,52.8751430625
1789944717.1,4.26003932953,,0,-8.05438211845,0.0165842985464,0.00559037123669,-0.005360870791,53.250493775,-4.49676533276,-1.46032835486,0.0591159962268,0.17719452119,53.250493775,1.91346359458,-0.376706111769,0.0110587670202,0.0479501621372,53.250493775,3.57000303406,0.147641190807,-0.00477305604549,-0.018558278973,53.250493775
1789944717.14,4.30002737045,,0,-8.05371453336,0.0168035600854,0.00537600083736,-0.005360870791,53.7503435375,-4.55511176251,-1.45782275508,0.0662016473734,0.17719452119,53.7503435375,1.89840923044,-0.376225556922,0.0129761971927,0.0479501621372,53.7503435375,3.57590289327,0.14743548823,-0.00551516415246,-0.018558278973,53.7503435375
1789944717.17,4.33005142212,,0,-8.05320762916,0.0169625514107,0.00521504756449,-0.005360870791,54.1256400125,-4.59885038467,-1.45575527182,0.0715216857088,0.17719452119,54.1256400125,1.88711960523,-0.375814351532,0.0144158393388,0.0479501621372,54.1256400125,3.58032688533,0.147261538061,-0.00607235268691,-0.018558278973,54.1256400125
1789944717.2,4.36003160477,,0,-8.05269676775,0.0171164907047,0.00505432723219,-0.005360870791,54.5003933375,-4.64246137672,-1.45353139999,0.0768340245878,0.17719452119,54.5003933375,1.87585928495,-0.375360611639,0.0158533979544,0.0479501621372,54.5003933375,3.5847390131,0.14707114707,-0.00662873482702,-0.018558278973,54.5003933375
1789944717.24,4.40002059937,,0,-8.05200830773,0.017314323136,0.00483994995485,-0.005360870791,55.0002591375,-4.70052370482,-1.45031718437,0.083919903075,0.17719452119,55.0002591375,1.86086207733,-0.374688306383,0.017770889647,0.0479501621372,55.0002591375,3.59061478209,0.146791230189,-0.00737086674425,-0.018558278973,55.0002591375
1789944717.27,4.43002891541,,0,-8.05148657878,0.017457148215,0.00467907918043,-0.005360870791,55.37536325,-4.74400671708,-1.44771910649,0.0892372145639,0.17719452119,55.37536325,1.84962652465,-0.374133442124,0.019209793888,0.0479501621372,55.37536325,3.5950163393,0.146561686931,-0.00792776968535,-0.018558278973,55.37536325
1789944717.3,4.46005296707,,0,-8.05096036397,0.0175952157676,0.00451812542509,-0.005360870791,55.75066085,-4.78743173779,-1.44496000135,0.0945572688468,0.17719452119,55.75066085,1.83840248844,-0.373535079126,0.0206494403496,0.0479501621372,55.75066085,3.59941302238,0.14631530061,-0.00848495989004,-0.018558278973,55.75066085
1789944717.34,4.50003147125,,0,-8.05025337682,0.0177715603536,0.00430380486041,-0.005360870791,56.2503944125,-4.84512188625,-1.4410381215,0.101641272793,0.17719452119,56.2503944125,1.82348605978,-0.372671222396,0.0225664247773,0.0479501621372,56.2503944125,3.60525553732,0.145961252267,-0.00922689547925,-0.018558278973,56.2503944125
1789944717.37,4.53000020981,,0,-8.04971888027,0.0178981318207,0.00414314731998,-0.005360870791,56.625001325,-4.88826127596,-1.43791250918,0.106951536193,0.17719452119,56.625001325,1.81232799121,-0.371973406939,0.0240034217527,0.0479501621372,56.625001325,3.60962555819,0.145676401834,-0.00978306024624,-0.018558278973,56.625001325
1789944717.4,4.56002044678,,0,-8.04917972585,0.0180200956521,0.00398221107325,-0.005360870791,57.0002581,-4.9313791957,-1.43462191932,0.112271011758,0.17719452119,57.0002581,1.80117218048,-0.371231204076,0.025442911609,0.0479501621372,57.0002581,3.61399435064,0.145374346397,-0.0103401898396,-0.018558278973,57.0002581
1789944717.44,4.60003948212,,0,-8.04845545502,0.0181751655535,0.00376767642219,-0.005360870791,57.50049085,-4.98869899197,-1.42998710074,0.119362091968,0.17719452119,57.50049085,1.78633690546,-0.370174618013,0.0273618109266,0.0479501621372,57.50049085,3.61980355328,0.14494568582,-0.0110828665537,-0.018558278973,57.50049085
1789944717.47,4.63000917435,,0,-8.0479090823,0.018285674258,0.00360701259347,-0.005360870791,57.875112425,-5.03150091401,-1.42633027487,0.124672563217,0.17719452119,57.875112425,1.77525537669,-0.369333057991,0.0287988641475,0.0479501621372,57.875112425,3.62414247528,0.144605200967,-0.0116390530895,-0.018558278973,57.875112425
1789944717.5,4.65999555588,,0,-8.04735916284,0.0183914254374,0.00344625928108,-0.005360870791,58.24994265,-5.07421460168,-1.42251212592,0.129985992196,0.17719452119,58.24994265,1.76419356447,-0.368447925173,0.0302367177525,0.0479501621372,58.24994265,3.62847335105,0.144247843791,-0.0121955494002,-0.018558278973,58.24994265
1789944717.54,4.7000169754,,0,-8.04662040372,0.0185250572898,0.00323170803813,-0.005360870791,58.7502140875,-5.13103998168,-1.41716795402,0.137077620823,0.17719452119,58.7502140875,1.74947237456,-0.367199398082,0.0321557654757,0.0479501621372,58.7502140875,3.63423643183,0.143744894241,-0.0129382835521,-0.018558278973,58.7502140875
1789944717.57,4.73001289368,,0,-8.0460632996,0.0186195833181,0.00307090429604,-0.005360870791,59.1251619,-5.17348663882,-1.41297648235,0.142392716672,0.17719452119,59.1251619,1.73847260743,-0.3662132878,0.0335940701479,0.0479501621372,59.1251619,3.63854227444,0.143348450851,-0.0134949544405,-0.018558278973,59.1251619
1789944717.6,4.76006555557,,0,-8.04550236771,0.0187094515048,0.00290979547751,-0.005360870791,59.5008210625,-5.21588534001,-1.40861717396,0.147717896306,0.17719452119,59.5008210625,1.72748228471,-0.365182040684,0.0350351035679,0.0479501621372,59.5008210625,3.64284410911,0.142934509978,-0.0140526814434,-0.018558278973,59.5008210625
1789944717.64,4.80002164841,,0,-8.04475254694,0.0188214360559,0.00269559646521,-0.005360870791,60.0002712,-5.27204826492,-1.40257351206,0.154797882544,0.17719452119,60.0002712,1.71291954333,-0.363743901895,0.0369510007737,0.0479501621372,60.0002712,3.64854378722,0.142358206897,-0.0147941962422,-0.018558278973,60.0002712
1789944717.67,4.83002614975,,0,-8.04418663044,0.0188999028934,0.00253474636767,-0.005360870791,60.3753271,-5.31406126504,-1.39784912202,0.160114510594,0.17719452119,60.3753271,1.70202244839,-0.362613622621,0.038389720071,0.0479501621372,60.3753271,3.65280842713,0.141905961134,-0.015351027604,-0.018558278973,60.3753271
1789944717.7,4.86003494263,,0,-8.04361835329,0.0189735533556,0.00237387403323,-0.005360870791,60.75043485,-5.35593589715,-1.39296452315,0.165431873646,0.17719452119,60.75043485,1.69115841525,-0.361440010124,0.0398286382655,0.0479501621372,60.75043485,3.65705983368,0.141436941955,-0.0159079359455,-0.018558278973,60.75043485
1789944717.74,4.90001630783,,0,-8.04285792004,0.0190641798836,0.00215953784698,-0.005360870791,61.2502048375,-5.41149473491,-1.38620866709,0.172516393937,0.17719452119,61.2502048375,1.67673981006,-0.359809272636,0.04174576242,0.0479501621372,61.2502048375,3.66270179645,0.140786084272,-0.0166499256136,-0.018558278973,61.2502048375
1789944717.77,4.93004989624,,0,-8.04228440381,0.0191266208348,0.00199853145325,-0.005360870791,61.625625175,-5.45304900239,-1.38094745768,0.177838188093,0.17719452119,61.625625175,1.66595247681,-0.358533870006,0.0431858797043,0.0479501621372,61.625625175,3.66692252013,0.140277656659,-0.017207298042,-0.018558278973,61.625625175
1789944717.8,4.96004247665,,0,-8.04170987003,0.0191841509693,0.00183774446923,-0.005360870791,62.0005339125,-5.49438655879,-1.3755339117,0.183152730032,0.17719452119,62.0005339125,1.65521871817,-0.357217041843,0.0446240344842,0.0479501621372,62.0005339125,3.6711220027,0.139753216187,-0.0177639109172,-0.018558278973,62.0005339125
1789944717.84,5.00009727478,,0,-8.04094004307,0.0192534603953,0.00162301786148,-0.005360870791,62.50121425,-5.54933396245,-1.3680556924,0.190250155045,0.17719452119,62.50121425,1.64094690425,-0.35539118712,0.0465446507532,0.0479501621372,62.50121425,3.6767052891,0.13902680586,-0.0185072521476,-0.018558278973,62.50121425
1789944717.87,5.03001499176,,0,-8.04036331485,0.0192996186786,0.00146263112008,-0.005360870791,62.8751897375,-5.59017756974,-1.3622844784,0.195551467641,0.17719452119,62.8751897375,1.63033534167,-0.35397720261,0.0479792255741,0.0479501621372,62.8751897375,3.68085633285,0.138464799513,-0.0190624794617,-0.018558278973,62.8751897375
1789944717.9,5.06002473831,,0,-8.039783504,0.0193410978893,0.00130175282436,-0.005360870791,63.2503113875,-5.63097050843,-1.35633624199,0.200869027734,0.17719452119,63.2503113875,1.61973440133,-0.352515767335,0.0494181970892,0.0479501621372,63.2503113875,3.6850029571,0.137884382968,-0.01961940844,-0.018558278973,63.2503113875
1789944717.94,5.10003137589,,0,-8.03900874933,0.0193888864014,0.00108728300767,-0.005360870791,63.7503929625,-5.6850701709,-1.34815836814,0.207957964953,0.17719452119,63.7503929625,1.6056715293,-0.3505003443,0.0513365164974,0.0479501621372,63.7503929625,3.69050333355,0.137084627126,-0.0203618607103,-0.018558278973,63.7503929625
1789944717.97,5.13001585007,,0,-8.03842691928,0.0194190781056,0.000926540170431,-0.005360870791,64.1251987625,-5.72539969663,-1.34184320505,0.213271047694,0.17719452119,64.1251987625,1.5951852573,-0.348939491139,0.0527742764078,0.0479501621372,64.1251987625,3.69460450588,0.136465745069,-0.020918320758,-0.018558278973,64.1251987625
1789944718,5.16004943848,,0,-8.0378433065,0.0194444874188,0.000765535497539,-0.005360870791,64.5006150875,-5.76560269899,-1.33535805573,0.218592784971,0.17719452119,64.5006150875,1.58472946846,-0.347332879637,0.0542143783,0.0479501621372,64.5006150875,3.69869350542,0.135829128961,-0.0214756872293,-0.018558278973,64.5006150875
1789944718.04,5.20002126694,,0,-8.03706551906,0.0194708046491,0.000551251354616,-0.005360870791,65.000263725,-5.81880297101,-1.3264789323,0.225675585058,0.17719452119,65.000263725,1.57088973742,-0.345127522181,0.0561310369544,0.0479501621372,65.000263725,3.7041054986,0.134955879368,-0.0222174967335,-0.018558278973,65.000263725
1789944718.07,5.22999477386,,0,-8.03648168258,0.019484919545,0.000390565985909,-0.005360870791,65.374935525,-5.85846033933,-1.31963499207,0.230986768274,0.17719452119,65.374935525,1.5605704034,-0.343423525029,0.0575682828391,0.0479501621372,65.374935525,3.70814056791,0.134281601195,-0.0227737578365,-0.018558278973,65.374935525
1789944718.1,5.26001882553,,0,-8.03589651535,0.0194942296468,0.000229611158393,-0.005360870791,65.750235625,-5.89797616112,-1.31261997828,0.236306857996,0.17719452119,65.750235625,1.55028561624,-0.341673482322,0.0590079388907,0.0479501621372,65.750235625,3.71216189147,0.13358947711,-0.0233309517529,-0.018558278973,65.750235625
1789944718.14,5.3000459671,,0,-8.03511609289,0.0194991258045,1.50315028289e-05,-0.005360870791,66.2505733125,-5.95032522585,-1.30301937297,0.243399425753,0.17719452119,66.2505733125,1.53665722928,-0.339273158705,0.0609272407498,0.0479501621372,66.2505733125,3.71749019113,0.13264074207,-0.0240737842637,-0.018558278973,66.2505733125
1789944718.17,5.3300151825,,0,-8.03453173162,0.0194971688056,-0.00014563098032,-0.005360870791,66.62519175,-5.98926593047,-1.29564524462,0.248709852526,0.17719452119,66.62519175,1.52651696744,-0.337425667601,0.0623642819352,0.0479501621372,66.62519175,3.72145447011,0.131910929155,-0.0246299661414,-0.018558278973,66.62519175
1789944718.2,5.36001014709,,0,-8.0339470032,0.0194903890092,-0.000306430428357,-0.005360870791,67.00012955,-6.02801616139,-1.28810547554,0.254024806442,0.17719452119,67.00012955,1.51642414673,-0.335533479052,0.0638025481993,0.0479501621372,67.00012955,3.72539997832,0.131163804274,-0.0251866221646,-0.018558278973,67.00012955
1789944718.24,5.40002346039,,0,-8.0331674386,0.0194738363717,-0.000520934458117,-0.005360870791,67.5002909,-6.07935176434,-1.27779935721,0.261114874517,0.17719452119,67.5002909,1.50305006345,-0.33294216867,0.0657211736255,0.0479501621372,67.5002909,3.7306278631,0.130141158072,-0.0259291928738,-0.018558278973,67.5002909
1789944718.27,5.43002223969,,0,-8.03258350285,0.0194557966749,-0.000681754851076,-0.005360870791,67.8752775375,-6.11756608848,-1.26988645825,0.266430520731,0.17719452119,67.8752775375,1.49309194248,-0.330949027682,0.0671596272309,0.0479501621372,67.8752775375,3.73452020791,0.129354959374,-0.0264859214042,-0.018558278973,67.8752775375
1789944718.3,5.4600186348,,0,-8.03200023107,0.0194329347247,-0.000842561332576,-0.005360870791,68.2502317375,-6.15553736783,-1.26181480077,0.271745707126,0.17719452119,68.2502317375,1.48319511439,-0.328912912635,0.0685979564056,0.0479501621372,68.2502317375,3.7383883835,0.12855212959,-0.0270426017759,-0.018558278973,68.2502317375
1789944718.34,5.50001716614,,0,-8.03122367417,0.0193949451697,-0.00105698807466,-0.005360870791,68.750212875,-6.20578878576,-1.25080363763,0.278833220588,0.17719452119,68.750212875,1.47009447985,-0.326130740658,0.0705158905343,0.0479501621372,68.750212875,3.74350844432,0.127455620823,-0.0277849049303,-0.018558278973,68.750212875
1789944718.37,5.53002023697,,0,-8.03064226208,0.0193608191412,-0.00121783178205,-0.005360870791,69.125253875,-6.2431906975,-1.24235797147,0.284149637421,0.17719452119,69.125253875,1.46034144286,-0.323993450358,0.071954552675,0.0479501621372,69.125253875,3.74731994152,0.126613629489,-0.0283417141707,-0.018558278973,69.125253875
1789944718.4,5.56003189087,,0,-8.03006178137,0.0193218555066,-0.00137872124447,-0.005360870791,69.5004015625,-6.28034734871,-1.23375032476,0.28946756661,0.17719452119,69.5004015625,1.45065043246,-0.321812369062,0.0733936240702,0.0479501621372,69.5004015625,3.75110699891,0.125754685402,-0.0288986818059,-0.018558278973,69.5004015625
1789944718.44,5.60002946854,,0,-8.0292901176,0.0192624221199,-0.00159314207887,-0.005360870791,70.000368925,-6.32946070685,-1.22203064079,0.296554884803,0.17719452119,70.000368925,1.43783799655,-0.318838460608,0.0753115053578,0.0479501621372,70.000368925,3.75611354414,0.124583968899,-0.0296409645092,-0.018558278973,70.000368925
1789944718.47,5.62999725342,,0,-8.0287136088,0.019212272323,-0.00175379441389,-0.005360870791,70.3749637,-6.36594805405,-1.21306404266,0.301864976147,0.17719452119,70.3749637,1.42831721089,-0.316560025931,0.0767484557736,0.0479501621372,70.3749637,3.75983363158,0.123687367678,-0.0301971112561,-0.018558278973,70.3749637
1789944718.5,5.66003370285,,0,-8.02813735605,0.0191571763437,-0.00191481583951,-0.005360870791,70.7504190875,-6.40224719883,-1.20391716482,0.307187267156,0.17719452119,70.7504190875,1.41884371481,-0.314233146224,0.0781887075101,0.0479501621372,70.7504190875,3.76353505312,0.122771982709,-0.0307545357219,-0.018558278973,70.7504190875
1789944718.54,5.70001840591,,0,-8.0273729473,0.0190763273008,-0.0021291693789,-0.005360870791,71.2502295375,-6.45013817777,-1.19149268416,0.314272361026,0.17719452119,71.2502295375,1.40634216843,-0.311068452527,0.0801059868793,0.0479501621372,71.2502295375,3.76841928801,0.121527432273,-0.0314965854631,-0.018558278973,71.2502295375
1789944718.57,5.73001861572,,0,-8.02680163758,0.0190100395688,-0.00228999610841,-0.005360870791,71.62523095,-6.48574087193,-1.18198473968,0.319588216685,0.17719452119,71.62523095,1.39704634344,-0.308643686133,0.0815444971618,0.0479501621372,71.62523095,3.77205086762,0.120574179861,-0.0320533359294,-0.018558278973,71.62523095
1789944718.6,5.76004362106,,0,-8.0262319166,0.0189388658989,-0.00245095652195,-0.005360870791,72.000544075,-6.52108516849,-1.17230921675,0.324908491043,0.17719452119,72.000544075,1.38781627398,-0.306173694906,0.0829842031775,0.0479501621372,72.000544075,3.77565658158,0.11960341167,-0.0326105491835,-0.018558278973,72.000544075
1789944718.64,5.80009555817,,0,-8.02547539829,0.0188364000326,-0.00266567072465,-0.005360870791,72.5011954875,-6.56777612773,-1.15915381992,0.332005506029,0.17719452119,72.5011954875,1.37562044448,-0.302811542075,0.0849047084898,0.0479501621372,72.5011954875,3.78042059575,0.118282404935,-0.03335384747,-0.018558278973,72.5011954875
1789944718.67,5.83000135422,,0,-8.0249132999,0.0187542842486,-0.00282599091084,-0.005360870791,72.8750157875,-6.60229209219,-1.14914575146,0.337304618754,0.17719452119,72.8750157875,1.36660285722,-0.300250971761,0.0863386880094,0.0479501621372,72.8750157875,3.78394290721,0.117276638549,-0.033908844383,-0.018558278973,72.8750157875
1789944718.7,5.86003398895,,0,-8.0243513593,0.0186669948609,-0.00298699161133,-0.005360870791,73.25042285,-6.63665096991,-1.13893571783,0.34262622473,0.17719452119,73.25042285,1.35762470368,-0.297636375058,0.0877787543705,0.0479501621372,73.25042285,3.78744964957,0.11624989961,-0.0344661971026,-0.018558278973,73.25042285
1789944718.74,5.90002775192,,0,-8.02360723656,0.0185432455386,-0.00320139456187,-0.005360870791,73.7503485125,-6.68192571666,-1.12509099297,0.349712951801,0.17719452119,73.7503485125,1.34579173208,-0.294087398179,0.0896964756964,0.0479501621372,73.7503485125,3.79207119159,0.114856614488,-0.0352084178954,-0.018558278973,73.7503485125
1789944718.77,5.93001174927,,0,-8.0230526994,0.0184448451652,-0.00336213481517,-0.005360870791,74.1251482875,-6.71550242582,-1.11452555371,0.355025949135,0.17719452119,74.1251482875,1.33701435658,-0.291376386129,0.0911342124948,0.0479501621372,74.1251482875,3.79549914,0.11379258361,-0.0357648689981,-0.018558278973,74.1251482875
1789944718.8,5.96010971069,,0,-8.02249909976,0.0183412246228,-0.00352348452443,-0.005360870791,74.5013691375,-6.74888543711,-1.103759843,0.360359091005,0.17719452119,74.5013691375,1.3282861026,-0.288611740561,0.0925774005554,0.0479501621372,74.5013691375,3.79890774791,0.112707738766,-0.0363234299173,-0.018558278973,74.5013691375
1789944718.84,6.00001811981,,0,-8.02176998967,0.0181963381275,-0.00373742943145,-0.005360870791,75.000226775,-6.79264611071,-1.0892373036,0.367430678223,0.17719452119,75.000226775,1.31684224077,-0.284878920049,0.0944910249235,0.0479501621372,75.000226775,3.8033766345,0.111243342271,-0.0370640650536,-0.018558278973,75.000226775
1789944718.87,6.03000450134,,0,-8.021226054,0.0180818564259,-0.00389818188073,-0.005360870791,75.3750549875,-6.8251422718,-1.07813976836,0.372744078674,0.17719452119,75.3750549875,1.30834248575,-0.282023930084,0.0959288708085,0.0479501621372,75.3750549875,3.80669565901,0.110123586115,-0.0376205583764,-0.018558278973,75.3750549875
1789944718.9,6.06005573273,,0,-8.02068445244,0.0179622897346,-0.00405928382126,-0.005360870791,75.7506981125,-6.85737282299,-1.06685825705,0.378069030968,0.17719452119,75.7506981125,1.29991079079,-0.279119476772,0.0973698427085,0.0479501621372,75.7506981125,3.80998796114,0.108984653891,-0.038178261569,-0.018558278973,75.7506981125
1789944718.94,6.10000991821,,0,-8.01997008019,0.0177958253389,-0.00427347322152,-0.005360870791,76.2501258375,-6.89969466351,-1.05161137326,0.385148699496,0.17719452119,76.2501258375,1.28883701774,-0.27519086848,0.0992856539396,0.0479501621372,76.2501258375,3.81431168775,0.107444458649,-0.0389197430928,-0.018558278973,76.2501258375
1789944718.97,6.13004255295,,0,-8.01943757595,0.0176650639942,-0.00443447434551,-0.005360870791,76.6255338875,-6.93110283922,-1.03996442832,0.39047031947,0.17719452119,76.6255338875,1.28061730067,-0.272187433223,0.100725724089,0.0479501621372,76.6255338875,3.81752089312,0.10626722645,-0.0394770972785,-0.018558278973,76.6255338875
1789944719,6.16000127792,,0,-8.01891037019,0.0175298078196,-0.00459507828795,-0.005360870791,77.000015825,-6.96208265018,-1.0281869844,0.395778811279,0.17719452119,77.000015825,1.27250837479,-0.269148318083,0.102162241658,0.0479501621372,77.000015825,3.82068670686,0.105076221493,-0.0400330764998,-0.018558278973,77.000015825
1789944719.04,6.20001173019,,0,-8.01821272775,0.0173416651354,-0.00480956980544,-0.005360870791,77.500148,-7.00290231957,-1.01220981641,0.402868465781,0.17719452119,77.500148,1.26182188097,-0.26502236774,0.104080755169,0.0479501621372,77.500148,3.82485862528,0.103459620649,-0.0407756038939,-0.018558278973,77.500148
1789944719.07,6.23001480103,,0,-8.01769461193,0.0171949499528,-0.0049704128588,-0.005360870791,77.875187475,-7.03308968401,-1.00004273586,0.408184860997,0.17719452119,77.875187475,1.25391743505,-0.261878034282,0.10551941146,0.0479501621372,77.875187475,3.8279443042,0.102227870779,-0.0413324108702,-0.018558278973,77.875187475
1789944719.1,6.26000356674,,0,-8.01718122056,0.0170434842816,-0.00513117723066,-0.005360870791,78.2500434875,-7.06289510798,-0.987722215598,0.413498655529,0.17719452119,78.2500434875,1.2461117734,-0.25869210641,0.106957363986,0.0479501621372,78.2500434875,3.83099129404,0.100980029748,-0.0418889454665,-0.018558278973,78.2500434875
1789944719.14,6.30001163483,,0,-8.01650350208,0.0168339036459,-0.00534565704001,-0.005360870791,78.7501483625,-7.10207945462,-0.971036985034,0.420587923039,0.17719452119,78.7501483625,1.23584803229,-0.254374538255,0.108875772773,0.0479501621372,78.7501483625,3.83499761916,0.0992892676288,-0.0426314323294,-0.018558278973,78.7501483625
1789944719.17,6.33001804352,,0,-8.01600080953,0.0166710868243,-0.00550651696403,-0.005360870791,79.125227175,-7.13102654455,-0.958336924481,0.425904875886,0.17719452119,79.125227175,1.22826442292,-0.251085991966,0.110314579963,0.0479501621372,79.125227175,3.83795764744,0.0980017011316,-0.0431882977086,-0.018558278973,79.125227175
1789944719.2,6.36010313034,,0,-8.01550177914,0.0165029981889,-0.00566779780754,-0.005360870791,79.50128745,-7.15966439367,-0.945443463029,0.431235741515,0.17719452119,79.50128745,1.22076068583,-0.247745497702,0.111757152056,0.0479501621372,79.50128745,3.84088638216,0.0966939903657,-0.0437466202281,-0.018558278973,79.50128745
1789944719.24,6.40000915527,,0,-8.01484777523,0.0162725486805,-0.00588173036311,-0.005360870791,80.0001162875,-7.1970482996,-0.92809334482,0.438306920477,0.17719452119,80.0001162875,1.2109635732,-0.243247501846,0.113670665947,0.0479501621372,80.0001162875,3.84471005212,0.0949334471553,-0.0444872126062,-0.018558278973,80.0001162875
1789944719.27,6.42999505997,,0,-8.01436250036,0.0160937709912,-0.00604247964412,-0.005360870791,80.3749371125,-7.22467995074,-0.914870758541,0.443620216206,0.17719452119,80.3749371125,1.20372095325,-0.239817454264,0.115108483493,0.0479501621372,80.3749371125,3.84753661124,0.0935911252098,-0.045043694961,-0.018558278973,80.3749371125
1789944719.3,6.46002340317,,0,-8.01388197853,0.0159099079967,-0.00620345804875,-0.005360870791,80.7502921875,-7.25195125435,-0.901469661972,0.448941085229,0.17719452119,80.7502921875,1.19657173071,-0.236339311534,0.11654835043,0.0479501621372,80.7502921875,3.85032661173,0.0922301678017,-0.0456009704967,-0.018558278973,80.7502921875
1789944719.34,6.50000810623,,0,-8.01325084117,0.0156575789467,-0.00641781104669,-0.005360870791,81.250101375,-7.28763551319,-0.883377224206,0.456026161203,0.17719452119,81.250101375,1.18721544438,-0.23164082577,0.118465624956,0.0479501621372,81.250101375,3.85397775989,0.090391989787,-0.0463430183634,-0.018558278973,81.250101375
1789944719.37,6.53001785278,,0,-8.01278387285,0.015462567088,-0.00657869024841,-0.005360870791,81.6252251375,-7.31393943082,-0.869612134079,0.461343751241,0.17719452119,81.6252251375,1.18031748685,-0.228064092275,0.119904604575,0.0479501621372,81.6252251375,3.85666946283,0.0889928836551,-0.0468999504782,-0.018558278973,81.6252251375
1789944719.4,6.55999851227,,0,-8.01232327514,0.015262924148,-0.00673941283764,-0.005360870791,81.999983725,-7.33980286671,-0.855701096571,0.466656164719,0.17719452119,81.999983725,1.17353407166,-0.224447720056,0.121342183377,0.0479501621372,81.999983725,3.85931636946,0.087578450443,-0.0474563404313,-0.018558278973,81.999983725
1789944719.44,6.60001945496,,0,-8.01171789794,0.014988915604,-0.00695395816755,-0.005360870791,82.500241375,-7.37367294551,-0.836883329517,0.4737475979,0.17719452119,82.500241375,1.16464922262,-0.219553131942,0.123261178212,0.0479501621372,82.500241375,3.86278311017,0.0856643567276,-0.0481990541135,-0.018558278973,82.500241375
1789944719.47,6.63000154495,,0,-8.01127164708,0.0147780111877,-0.00711468880881,-0.005360870791,82.8750187375,-7.39855081035,-0.822599696617,0.479060277525,0.17719452119,82.8750187375,1.1581221562,-0.215835940041,0.124698829035,0.0479501621372,82.8750187375,3.86532976791,0.0842109022653,-0.0487554719411,-0.018558278973,82.8750187375
1789944719.5,6.66003036499,,0,-8.01083111314,0.0145619486164,-0.00727566930953,-0.005360870791,83.2503787,-7.42303569879,-0.808134202104,0.484381215831,0.17719452119,83.2503787,1.15169730123,-0.2120697652,0.12613871472,0.0479501621372,83.2503787,3.86783645415,0.0827384668298,-0.0493127547331,-0.018558278973,83.2503787
1789944719.54,6.70002555847,,0,-8.01025458275,0.0142666698114,-0.00749007789971,-0.005360870791,83.7503175125,-7.45496781154,-0.788619603592,0.491468129311,0.17719452119,83.7503175125,1.14331694626,-0.206986483319,0.12805648649,0.0479501621372,83.7503175125,3.87110594938,0.0807513550367,-0.0500549950492,-0.018558278973,83.7503175125
1789944719.57,6.7299990654,,0,-8.00983034849,0.0140397573552,-0.00765076229274,-0.005360870791,84.1249870375,-7.47838398383,-0.773808956091,0.496779280278,0.17719452119,84.1249870375,1.13717056317,-0.203126634723,0.129493723647,0.0479501621372,84.1249870375,3.87350378677,0.0792426920265,-0.0506112527746,-0.018558278973,84.1249870375
1789944719.6,6.76005840302,,0,-8.00941180041,0.0138073568581,-0.00781190768849,-0.005360870791,84.5007314875,-7.5014190962,-0.758795937057,0.502105668911,0.17719452119,84.5007314875,1.13112338755,-0.199212447555,0.130935084231,0.0479501621372,84.5007314875,3.87586283732,0.0777129558233,-0.0511691064007,-0.018558278973,84.5007314875
1789944719.64,6.80000591278,,0,-8.00886652457,0.0134910152842,-0.00802605970203,-0.005360870791,85.0000720375,-7.53132839437,-0.738596817447,0.509184101684,0.17719452119,85.0000720375,1.12327038069,-0.193943692787,0.132850561058,0.0479501621372,85.0000720375,3.87892623118,0.0756540835581,-0.0519104584991,-0.018558278973,85.0000720375
1789944719.67,6.82999801636,,0,-8.0084655316,0.0132478839109,-0.00818684469716,-0.005360870791,85.3749761375,-7.55325081995,-0.7232455041,0.514498577884,0.17719452119,85.3749761375,1.11751352563,-0.189937628647,0.134288698049,0.0479501621372,85.3749761375,3.88117184206,0.0740888211055,-0.0524670644891,-0.018558278973,85.3749761375
1789944719.7,6.86002969742,,0,-8.00807139156,0.012999601788,-0.00834784061039,-0.005360870791,85.7503720375,-7.57473827832,-0.707714345578,0.519820025624,0.17719452119,85.7503720375,1.11187015511,-0.185883091357,0.13572872159,0.0479501621372,85.7503720375,3.8833731094,0.0725047785657,-0.0530244006361,-0.018558278973,85.7503720375
1789944719.74,6.90001821518,,0,-8.00755828699,0.0126614968797,-0.0085622144514,-0.005360870791,86.250229825,-7.60262129252,-0.686785783555,0.52690579053,0.17719452119,86.250229825,1.10454597849,-0.180417148367,0.137646182547,0.0479501621372,86.250229825,3.88622988248,0.07036956762,-0.0537665206575,-0.018558278973,86.250229825
1789944719.77,6.93001174927,,0,-8.0071824038,0.012402277554,-0.00872300400863,-0.005360870791,86.6251445625,-7.62298238483,-0.670902502584,0.532220417522,0.17719452119,86.6251445625,1.09919682292,-0.176267134013,0.139084360343,0.0479501621372,86.6251445625,3.88831622213,0.0687485913133,-0.0543231424407,-0.018558278973,86.6251445625
1789944719.8,6.96005105972,,0,-8.00681380649,0.0121378248549,-0.00888404144717,-0.005360870791,87.0006372875,-7.64289497605,-0.654834963782,0.537543237811,0.17719452119,87.0006372875,1.09396482997,-0.172067486462,0.140524755306,0.0479501621372,87.0006372875,3.89035679626,0.0671083825446,-0.0548806223401,-0.018558278973,87.0006372875
1789944719.84,7.00013208389,,0,-8.00633450419,0.0117774377246,-0.00909891038068,-0.005360870791,87.5016494875,-7.66870772146,-0.63314737603,0.544645367162,0.17719452119,87.5016494875,1.08718158718,-0.166396601518,0.142446644604,0.0479501621372,87.5016494875,3.89300228413,0.0648938068427,-0.0556244562742,-0.018558278973,87.5016494875
1789944719.87,7.03000211716,,0,-8.00598679531,0.0115032619547,-0.00925903946791,-0.005360870791,87.8750242,-7.68737606145,-0.616799783589,0.549938163435,0.17719452119,87.8750242,1.08227508406,-0.16212033258,0.143878914844,0.0479501621372,87.8750242,3.89491576372,0.0632240266209,-0.0561787916403,-0.018558278973,87.8750242
1789944719.9,7.06001758575,,0,-8.00564571035,0.0112229291486,-0.00941995051855,-0.005360870791,88.250222225,-7.70564129405,-0.600213104795,0.555256806186,0.17719452119,88.250222225,1.0774739358,-0.157780085438,0.145318179335,0.0479501621372,88.250222225,3.8967880953,0.0615294128394,-0.0567358340097,-0.018558278973,88.250222225
1789944719.94,7.10002946854,,0,-8.00520425789,0.010841728302,-0.00963444885507,-0.005360870791,88.7503703,-7.72921056802,-0.577854415384,0.56234668608,0.17719452119,88.7503703,1.07127769865,-0.151927253971,0.147236753838,0.0479501621372,88.7503703,3.89920438701,0.0592444519681,-0.05747838501,-0.018558278973,88.7503703
1789944719.97,7.13000679016,,0,-8.00488360806,0.0105505074895,-0.00979515181279,-0.005360870791,89.1250831125,-7.74627946018,-0.560917319267,0.567658450671,0.17719452119,89.1250831125,1.06678974194,-0.147491989585,0.148674157047,0.0479501621372,89.1250831125,3.90095445043,0.0575130825446,-0.0580347070028,-0.018558278973,89.1250831125
1789944720,7.16008472443,,0,-8.00457072236,0.0102534614118,-0.00995639745683,-0.005360870791,89.5010613125,-7.76289329055,-0.543762988994,0.572988152842,0.17719452119,89.5010613125,1.06242091045,-0.142998439937,0.150116414299,0.0479501621372,89.5010613125,3.90265800744,0.0557591049192,-0.0585929076686,-0.018558278973,89.5010613125
1789944720.04,7.20004653931,,0,-8.00416898491,0.00985130781026,-0.0101706262005,-0.005360870791,90.000580775,-7.78416351175,-0.520724006991,0.5800691218,0.17719452119,90.000580775,1.05682684254,-0.136961267859,0.152032577437,0.0479501621372,90.000580775,3.90483924644,0.0534028230002,-0.0593345253916,-0.018558278973,90.000580775
1789944720.07,7.22999715805,,0,-8.0038785155,0.00954428424116,-0.0103311889286,-0.005360870791,90.3749666125,-7.79949867697,-0.503270957308,0.585376251338,0.17719452119,90.3749666125,1.05279313929,-0.1323862534,0.153468726365,0.0479501621372,90.3749666125,3.90641201104,0.0516173786284,-0.0598903619369,-0.018558278973,90.3749666125
1789944720.1,7.26005268097,,0,-8.00359634703,0.00923135301648,-0.0104923130149,-0.005360870791,90.750661375,-7.81435957989,-0.485597100703,0.590701935622,0.17719452119,90.750661375,1.04888372757,-0.127752004063,0.154909896348,0.0479501621372,90.750661375,3.90793626674,0.0498089568053,-0.0604481417938,-0.018558278973,90.750661375
1789944720.14,7.30002737045,,0,-8.00323576993,0.00880764651122,-0.0107066102973,-0.005360870791,91.25034065,-7.83329716253,-0.461842605691,0.597785170013,0.17719452119,91.25034065,1.04390120473,-0.121521271954,0.156826672528,0.0479501621372,91.25034065,3.90987885295,0.0473777545294,-0.0611899967844,-0.018558278973,91.25034065
1789944720.17,7.33000040054,,0,-8.0029766096,0.00848432653419,-0.010867293007,-0.005360870791,91.62500625,-7.84687076646,-0.443845447151,0.60309626534,0.17719452119,91.62500625,1.04032947891,-0.116799128098,0.158263894629,0.0479501621372,91.62500625,3.91127134843,0.0455353552426,-0.0617462486825,-0.018558278973,91.62500625
1789944720.2,7.36006546021,,0,-8.00272646477,0.00815517941739,-0.0110284671477,-0.005360870791,92.000817725,-7.85994157173,-0.425633324386,0.60842360409,0.17719452119,92.000817725,1.03688966719,-0.112019266025,0.159705512322,0.0479501621372,92.000817725,3.91261237491,0.0436705719315,-0.062304201818,-0.018558278973,92.000817725
1789944720.24,7.40001296997,,0,-8.00240954253,0.00771034258336,-0.0112426203889,-0.005360870791,92.5001611375,-7.87645720345,-0.401186955328,0.615502077441,0.17719452119,92.5001611375,1.03254271912,-0.105601174935,0.161621000129,0.0479501621372,92.5001611375,3.91430699418,0.0411668688553,-0.0630455581662,-0.018558278973,92.5001611375
1789944720.27,7.43000221252,,0,-8.00218339488,0.00737077430342,-0.011403388819,-0.005360870791,92.8750266125,-7.88821092076,-0.382648836702,0.620816006109,0.17719452119,92.8750266125,1.02944871317,-0.100732722201,0.163058988954,0.0479501621372,92.8750266125,3.91551312364,0.0392678353717,-0.0636021068112,-0.018558278973,92.8750266125
1789944720.3,7.46005725861,,0,-8.00196703982,0.00702562247239,-0.0115645105947,-0.005360870791,93.2507159875,-7.89943029188,-0.363910087544,0.626141614023,0.17719452119,93.2507159875,1.02649503964,-0.0958103028501,0.164500138269,0.0479501621372,93.2507159875,3.91666451407,0.0373478825527,-0.0641598786695,-0.018558278973,93.2507159875
1789944720.34,7.50001573563,,0,-8.00169559635,0.00655924296276,-0.011778722591,-0.005360870791,93.7501964,-7.91346981178,-0.338748988659,0.633222029426,0.17719452119,93.7501964,1.02279844669,-0.0891988546512,0.16641615161,0.0479501621372,93.7501964,3.91810545831,0.0347693385569,-0.0649014384164,-0.018558278973,93.7501964
1789944720.37,7.52999448776,,0,-8.0015042765,0.00620372466096,-0.0119394338742,-0.005360870791,94.124928625,-7.92333968598,-0.319686268959,0.638534069201,0.17719452119,94.124928625,1.02019938754,-0.0841883883014,0.167853629286,0.0479501621372,94.124928625,3.91911854636,0.0328153464199,-0.0654577892302,-0.018558278973,94.124928625
1789944720.4,7.56001424789,,0,-8.00132344633,0.0058428904653,-0.0121003657893,-0.005360870791,94.5001753,-7.93264806531,-0.30043780358,0.643853401593,0.17719452119,94.5001753,1.01774792425,-0.0791278610295,0.169293080399,0.0479501621372,94.5001753,3.92007407588,0.0308419587829,-0.0660149038285,-0.018558278973,94.5001753
1789944720.44,7.60003566742,,0,-8.0010993513,0.00535431830372,-0.0123149176488,-0.005360870791,95.000448175,-7.94415459775,-0.274527701811,0.650945050597,0.17719452119,95.000448175,1.01471717709,-0.0723140401344,0.171212133636,0.0479501621372,95.000448175,3.92125535965,0.0281850586918,-0.0667576401146,-0.018558278973,95.000448175
1789944720.47,7.62999582291,,0,-8.00094448702,0.00498295773223,-0.0124755291983,-0.005360870791,95.37494785,-7.95208650222,-0.254945880115,0.656253793845,0.17719452119,95.37494785,1.01262770525,-0.0671630090284,0.172648719247,0.0479501621372,95.37494785,3.92206973926,0.0261766725736,-0.0673136456701,-0.018558278973,95.37494785
1789944720.5,7.66005706787,,0,-8.00080035493,0.0046055072341,-0.0126366829302,-0.005360870791,95.7507117375,-7.9594531378,-0.235138099253,0.661580458015,0.17719452119,95.7507117375,1.01068693644,-0.0619513311441,0.174090154394,0.0479501621372,95.7507117375,3.92282614043,0.0241447643157,-0.0678715281543,-0.018558278973,95.7507117375
1789944720.54,7.70002365112,,0,-8.00062643675,0.00409617660217,-0.0128509403117,-0.005360870791,96.250297975,-7.96832060431,-0.208555258805,0.668662373547,0.17719452119,96.250297975,1.00835048577,-0.0549551908585,0.176006573681,0.0479501621372,96.250297975,3.92373672692,0.0214173277435,-0.0686132450156,-0.018558278973,96.250297975
1789944720.57,7.73001527786,,0,-8.00050938972,0.00370834553383,-0.0130117213076,-0.005360870791,96.62519275,-7.97427398052,-0.188421323607,0.673976717559,0.17719452119,96.62519275,1.00678166676,-0.0496549098061,0.1774446749,0.0479501621372,96.62519275,3.92434812439,0.0193511614399,-0.0691698371612,-0.018558278973,96.62519275
1789944720.6,7.76003742218,,0,-8.00040394641,0.00331529410283,-0.0131726643948,-0.005360870791,97.000465475,-7.97962620126,-0.168107463698,0.679296419225,0.17719452119,97.000465475,1.00537111864,-0.0443060891015,0.178884225941,0.0479501621372,97.000465475,3.92489782602,0.0172661938004,-0.0697269904349,-0.018558278973,97.000465475
1789944720.64,7.80002593994,,0,-8.00028196193,0.00278425252733,-0.0133870376783,-0.005360870791,97.5003219625,-7.9858035561,-0.140801731678,0.686382165702,0.17719452119,97.5003219625,1.00374292002,-0.0371144357214,0.180801681911,0.0479501621372,97.5003219625,3.92553232818,0.0144630766169,-0.0704691085263,-0.018558278973,97.5003219625
1789944720.67,7.8300113678,,0,-8.00020451694,0.00238042421574,-0.0135477865572,-0.005360870791,97.87514185,-7.98971620767,-0.12014049583,0.691695448142,0.17719452119,97.87514185,1.00271151982,-0.031671433585,0.182239495861,0.0479501621372,97.87514185,3.92593424805,0.0123416755452,-0.0710255894892,-0.018558278973,97.87514185
1789944720.7,7.86002779007,,0,-8.00013919198,0.00197134973127,-0.0137087020359,-0.005360870791,98.2503502,-7.99301001742,-0.0992982770427,0.697014237256,0.17719452119,98.2503502,1.00184316397,-0.0261796095847,0.183678799959,0.0479501621372,98.2503502,3.92627262333,0.010201363498,-0.0715826471878,-0.018558278973,98.2503502
1789944720.74,7.90004444122,,0,-8.0000713388,0.00141848390295,-0.0139232250593,-0.005360870791,98.7505558375,-7.9964236195,-0.0712643687292,0.70410493313,0.17719452119,98.7505558375,1.00094312494,-0.018791044197,0.185597595272,0.0479501621372,98.7505558375,3.92662333426,0.00732202116662,-0.0723252836489,-0.018558278973,98.7505558375
1789944720.77,7.93000841141,,0,-8.00003511005,0.00099888516181,-0.014083856905,-0.005360870791,99.1251028375,-7.99824209127,-0.0500871924931,0.709414347237,0.17719452119,99.1251028375,1.00046360685,-0.0132083169227,0.187034362422,0.0479501621372,99.1251028375,3.92681017854,0.00514655266427,-0.0728813594661,-0.018558278973,99.1251028375
1789944720.8,7.96002054214,,0,-8.00001149824,0.000573780556524,-0.0142447494553,-0.005360870791,99.500257725,-7.99942502909,-0.0287161683062,0.71473237849,0.17719452119,99.500257725,1.00015164473,-0.00757337310609,0.188473461437,0.0479501621372,99.500257725,3.92693173157,0.00295085068173,-0.0734383377909,-0.018558278973,99.500257725
1789944720.84,8.00001907349,,0,-8,0,0,0,100,-8,0,0,0,100,1,0,0,0,100,3.92699081699,0,0,0,100
1789944720.94,0,,0,-8.0707160185,0.00422812454482,0.754515564462,-0.188761020008,0,-7.99197509298,-0.152371579323,0.0754334546288,-0.0140967518034,0,1.00231344288,0.0165482227227,-0.00849099663116,0.00160561719771,0,-2.35279746973,-0.00654680169969,0.0765860079999,-0.0189419144468,0
1789944720.98,0.0400208681822,,0,-8.06994457943,0.0342733266814,0.746961184408,-0.188761020008,0.5002608625,-7.99801287685,-0.149363956089,0.0748692903716,-0.0140967518034,0.5002608625,1.0029689344,0.0162096914932,-0.00842673843563,0.00160561719771,0.5002608625,-2.35299834803,-0.00349693245393,0.0758279361232,-0.0189419144468,0.5002608625
1789944721.01,0.0699919834733,,0,-8.06858273102,0.0565758072729,0.74130380617,-0.188761020008,0.8748998,-8.00245591807,-0.147126371306,0.0744467950022,-0.0140967518034,0.8748998,1.0034509794,0.0159578538836,-0.00837861629795,0.00160561719771,0.8748998,-2.35306918309,-0.00123279211545,0.075260225827,-0.0189419144468,0.8748998
1789944721.04,0.10000628978,,0,-8.06655159321,0.0787405023238,0.735638275343,-0.188761020008,1.2500786125,-8.00683834437,-0.144898252084,0.074023690794,-0.0140967518034,1.2500786125,1.00392617655,0.0157070987555,-0.00833042481367,0.00160561719771,1.2500786125,-2.35307237045,0.00101755926452,0.0746916974295,-0.0189419144468,1.2500786125
1789944721.08,0.140012800694,,0,-8.0628147733,0.108019760729,0.728086606653,-0.188761020008,1.750159925,-8.01257612924,-0.141948103998,0.0734597290225,-0.0140967518034,1.750159925,1.0045479133,0.0153751124851,-0.00826618968122,0.00160561719771,1.750159925,-2.35297209081,0.00399055457055,0.0739338976344,-0.0189419144468,1.750159925
1789944721.11,0.169997155666,,0,-8.05924942056,0.129766117739,0.722426728275,-0.188761020008,2.124964425,-8.01679939321,-0.139751797963,0.0730370469416,-0.0140967518034,2.124964425,1.00500521752,0.0151279778524,-0.00821804627714,0.00160561719771,2.124964425,-2.35281928612,0.00619890019715,0.0733659364526,-0.0189419144468,2.124964425
1789944721.14,0.200009286404,,0,-8.05503035814,0.151362672894,0.716761607626,-0.188761020008,2.500116075,-8.02096081287,-0.13756614914,0.0726139733657,-0.0140967518034,2.500116075,1.00545554651,0.014882059875,-0.00816985828186,0.00160561719771,2.500116075,-2.35260028787,0.00839223760928,0.0727974492159,-0.0189419144468,2.500116075
1789944721.18,0.239992588758,,0,-8.04840745914,0.179870285239,0.709214318946,-0.188761020008,2.9999073375,-8.02640326911,-0.134674070773,0.0720503386952,-0.0140967518034,2.9999073375,1.00604406706,0.0145566853937,-0.00810566040615,0.00160561719771,2.9999073375,-2.35220675096,0.0112877790516,0.072040088949,-0.0189419144468,2.9999073375
1789944721.21,0.270011246204,,0,-8.04268929882,0.201074910436,0.703547963422,-0.188761020008,3.3751407625,-8.03041360666,-0.132517566582,0.0716271728984,-0.0140967518034,3.3751407625,1.0064773946,0.0143140876439,-0.00805746190693,0.00160561719771,3.3751407625,-2.35183553378,0.0134417925202,0.0714714777943,-0.0189419144468,3.3751407625
1789944721.24,0.300005376339,,0,-8.0363426107,0.222092301916,0.697886243114,-0.188761020008,3.7500672375,-8.034356198,-0.130375513757,0.0712043532614,-0.0140967518034,3.7500672375,1.00690311582,0.0140731334252,-0.00800930283524,0.00160561719771,3.7500672375,-2.35140029471,0.0155769959395,0.0709033317772,-0.0189419144468,3.7500672375
1789944721.28,0.339995890856,,0,-8.02690499294,0.249850194981,0.690337592712,-0.188761020008,4.249948675,-8.03951319572,-0.127539287054,0.070640616897,-0.0140967518034,4.249948675,1.00745952039,0.0137541211646,-0.00794509337661,0.00160561719771,4.249948675,-2.35072086875,0.0183973103466,0.0701458348634,-0.0189419144468,4.249948675
1789944721.31,0.370009660721,,0,-8.01909596144,0.270484804834,0.684672163817,-0.188761020008,4.6251207375,-8.04330937598,-0.12542544554,0.0702175203011,-0.0140967518034,4.6251207375,1.00786876201,0.0135163821901,-0.00789690275936,0.00160561719771,4.6251207375,-2.35013718696,0.0204941192646,0.0695773166946,-0.0189419144468,4.6251207375
1789944721.34,0.399996459484,,0,-8.01067800605,0.290931060954,0.679011825806,-0.188761020008,4.999955675,-8.04703897638,-0.123326185108,0.0697948038946,-0.0140967518034,4.999955675,1.00827053173,0.0132803012777,-0.0078487554456,0.00160561719771,4.999955675,-2.3494914369,0.0225720036376,0.0690093093891,-0.0189419144468,4.999955675
1789944721.38,0.439999729395,,0,-7.99849852539,0.31794272622,0.671460766247,-0.188761020008,5.49999665,-8.05191673346,-0.120545443415,0.0692308876133,-0.0140967518034,5.49999665,1.00879552441,0.0129676100359,-0.00778452549448,0.00160561719771,5.49999665,-2.34853346836,0.0253174462104,0.0682515707197,-0.0189419144468,5.49999665
1789944721.41,0.469996809959,,0,-7.98865992806,0.337999651965,0.665798489849,-0.188761020008,5.87495995,-8.05550165845,-0.118475062345,0.0688080264472,-0.0140967518034,5.87495995,1.00918101951,0.0127348195128,-0.00773636169264,0.00160561719771,5.87495995,-2.34774339732,0.0273562707522,0.0676833688997,-0.0189419144468,5.87495995
1789944721.44,0.500004827976,,0,-7.97821829614,0.357893980928,0.660134138967,-0.188761020008,6.250060625,-8.05902594777,-0.116416614317,0.0683850103579,-0.0140967518034,6.250060625,1.00955969066,0.0125033892691,-0.00768818024507,0.00160561719771,6.250060625,-2.34689210031,0.0293787885022,0.0671149589081,-0.0189419144468,6.250060625
1789944721.48,0.539998590946,,0,-7.9633788551,0.384144240094,0.652584883398,-0.188761020008,6.7499821375,-8.06362734082,-0.113692917153,0.0678212287993,-0.0140967518034,6.7499821375,1.01005361623,0.0121971944239,-0.00762396563883,0.00160561719771,6.7499821375,-2.34566366008,0.0320478166692,0.0663574012666,-0.0189419144468,6.7499821375
1789944721.51,0.569984853268,,0,-7.95156725842,0.403627957997,0.646924645619,-0.188761020008,7.1248104375,-8.06700613839,-0.111665549612,0.0673985198782,-0.0140967518034,7.1248104375,1.01041594409,0.0119693020438,-0.00757581917766,0.00160561719771,7.1248104375,-2.34467291742,0.0340291111642,0.0657894040193,-0.0189419144468,7.1248104375
1789944721.54,0.600012719631,,0,-7.93915635244,0.422968646038,0.641256548586,-0.188761020008,7.5001591875,-8.07032889818,-0.10964806894,0.0669752240247,-0.0140967518034,7.5001591875,1.01077194888,0.0117425399754,-0.007527605865,0.00160561719771,7.5001591875,-2.34362151982,0.0359960890859,0.0652206181065,-0.0189419144468,7.5001591875
1789944721.58,0.640027046204,,0,-7.92172018416,0.448476985858,0.633703401141,-0.188761020008,8.000338425,-8.07466292511,-0.106979385109,0.0664111518192,-0.0140967518034,8.000338425,1.0112358096,0.0114426132173,-0.00746335815415,0.00160561719771,8.000338425,-2.34212914847,0.0385906846108,0.0644626699205,-0.0189419144468,8.000338425
1789944721.61,0.670009374619,,0,-7.90798983182,0.467392027202,0.628043912178,-0.188761020008,8.3751171375,-8.07784062637,-0.104994562285,0.0659884988199,-0.0140967518034,8.3751171375,1.01157553809,0.0112195662717,-0.00741521806246,0.00160561719771,8.3751171375,-2.34094322221,0.0405149097211,0.0638947478158,-0.0189419144468,8.3751171375
1789944721.64,0.700005352497,,0,-7.89368825887,0.486145895155,0.622381841907,-0.188761020008,8.7500667875,-8.08096041688,-0.103021514957,0.0655656530475,-0.0140967518034,8.7500667875,1.01190875115,0.0109978619321,-0.00736705601396,0.00160561719771,8.7500667875,-2.3396992784,0.0424229732149,0.0633265666804,-0.0189419144468,8.7500667875
1789944721.68,0.740024209023,,0,-7.87373690729,0.510901741561,0.614827845415,-0.188761020008,9.25030225,-8.08503086674,-0.100408941801,0.0650015174349,-0.0140967518034,9.25030225,1.01234299075,0.0107043266221,-0.00730280108104,0.00160561719771,9.25030225,-2.3379510537,0.0449420609573,0.0625685332937,-0.0189419144468,9.25030225
1789944721.71,0.770026385784,,0,-7.85813285539,0.529262988638,0.609164595199,-0.188761020008,9.6253300375,-8.08801416663,-0.0984650962579,0.0645785835437,-0.0140967518034,9.6253300375,1.01266086483,0.0104859489904,-0.00725462899582,0.00160561719771,9.6253300375,-2.33657461721,0.0468107309212,0.0620002337524,-0.0189419144468,9.6253300375
1789944721.74,0.800016701221,,0,-7.84198698931,0.547447143336,0.603503591428,-0.188761020008,10.0002090625,-8.09093818833,-0.0965347031892,0.064155817418,-0.0140967518034,10.0002090625,1.01297208655,0.0102691023925,-0.00720647601905,0.00160561719771,10.0002090625,-2.33514295137,0.0486616195327,0.0614321596389,-0.0189419144468,10.0002090625
1789944721.78,0.840036213398,,0,-7.81959718932,0.571447880157,0.595949475828,-0.188761020008,10.5004524125,-8.09475023176,-0.0939785098886,0.0635916729103,-0.0140967518034,10.5004524125,1.01337729693,0.00998198880042,-0.00714222007299,0.00160561719771,10.5004524125,-2.33314654801,0.051104933594,0.0606741142998,-0.0189419144468,10.5004524125
1789944721.81,0.869990885258,,0,-7.80221312594,0.58921467294,0.590295198934,-0.188761020008,10.874885975,-8.0975368617,-0.0920799657469,0.0631694091505,-0.0140967518034,10.874885975,1.01367310715,0.00976876619457,-0.0070941243156,0.00160561719771,10.874885975,-2.33158857974,0.0529139094451,0.0601067152192,-0.0189419144468,10.874885975
1789944721.85,0.899990439415,,0,-7.78427216389,0.606838334473,0.584632449689,-0.188761020008,11.2498805875,-8.100270859,-0.0901912540544,0.0627465126721,-0.0140967518034,11.2498805875,1.01396298089,0.00955666802964,-0.00704595649169,0.00160561719771,11.2498805875,-2.32997422326,0.0547085613791,0.0595384659498,-0.0189419144468,11.2498805875
1789944721.88,0.939993143082,,0,-7.75953123239,0.630074185804,0.577081497913,-0.188761020008,11.749914425,-8.1038286997,-0.0876925026206,0.06218260444,-0.0140967518034,11.749914425,1.01433965308,0.00927609536419,-0.00698172745737,0.00160561719771,11.749914425,-2.32773829757,0.0570751056051,0.0587807380962,-0.0189419144468,11.749914425
1789944721.91,0.970008075237,,0,-7.74036050723,0.647310217828,0.571415849677,-0.188761020008,12.1251010125,-8.10643283727,-0.0858324461403,0.0617594914637,-0.0140967518034,12.1251010125,1.01461493674,0.00906726257116,-0.00693353497439,0.00160561719771,12.1251010125,-2.32599880015,0.058830872822,0.0582121979168,-0.0189419144468,12.1251010125
1789944721.94,1.00000619888,,0,-7.72068613808,0.664366707611,0.565753367152,-0.188761020008,12.5000779625,-8.10897992745,-0.0839861180394,0.061336614904,-0.0140967518034,12.5000779625,1.01488382541,0.00885999174628,-0.00688536941922,0.00160561719771,12.5000779625,-2.3242078754,0.0605686086026,0.0576439754123,-0.0189419144468,12.5000779625
1789944721.98,1.04000878334,,0,-7.69365913114,0.686847255223,0.558202445577,-0.188761020008,13.0001098,-8.11229066094,-0.0815437760565,0.0607727089275,-0.0140967518034,13.0001098,1.01523275578,0.00858584408982,-0.00682114064181,0.00160561719771,13.0001098,-2.32173905782,0.0628593589769,0.0568862505894,-0.0189419144468,13.0001098
1789944722.01,1.06999635696,,0,-7.67281207627,0.703501549544,0.552541950517,-0.188761020008,13.3749551375,-8.11470870347,-0.0797276850362,0.0603499807925,-0.0140967518034,13.3749551375,1.01548716511,0.00838201620041,-0.00677299199218,0.00160561719771,13.3749551375,-2.31982856225,0.0645567258091,0.0563182275243,-0.0189419144468,13.3749551375
1789944722.05,1.1000007391,,0,-7.65145610408,0.719995243976,0.546878298995,-0.188761020008,13.7500095,-8.11707377885,-0.077923268528,0.0599270169316,-0.0140967518034,13.7500095,1.01573562054,0.00817951972214,-0.00672481649342,0.00160561719771,13.7500095,-2.31786631444,0.0662379912297,0.0557498877125,-0.0189419144468,13.7500095
1789944722.08,1.14000082016,,0,-7.62222077991,0.741719385457,0.539327851777,-0.188761020008,14.250009925,-8.12014292091,-0.0755374632339,0.0593631463802,-0.0140967518034,14.250009925,1.01605743887,0.0079118113297,-0.00666059175092,0.00160561719771,14.250009925,-2.3151723946,0.0684528350764,0.0549922104906,-0.0189419144468,14.250009925
1789944722.11,1.17001283169,,0,-7.59971823142,0.757820700129,0.533662749816,-0.188761020008,14.6251603375,-8.12238328241,-0.0737622031538,0.0589400741999,-0.0140967518034,14.6251603375,1.01629189598,0.00771263653774,-0.00661240391459,0.00160561719771,14.6251603375,-2.31309330484,0.0700947324117,0.0544237251291,-0.0189419144468,14.6251603375
1789944722.15,1.20004725456,,0,-7.57671765962,0.77376382701,0.527993417342,-0.188761020008,15.0005909,-8.12457216893,-0.0719983288505,0.0585166860832,-0.0140967518034,15.0005909,1.01652056557,0.00751476084391,-0.00656418009318,0.00160561719771,15.0005909,-2.31096358704,0.0717207753444,0.0538548152415,-0.0189419144468,15.0005909
1789944722.18,1.24004685879,,0,-7.54534704792,0.794732343587,0.520443053179,-0.188761020008,15.500585825,-8.12740541081,-0.0696689623375,0.0579528217343,-0.0140967518034,15.500585825,1.01681591884,0.00725348077292,-0.00649995605715,0.00160561719771,15.500585825,-2.30805190421,0.0738597928651,0.053097146354,-0.0189419144468,15.500585825
1789944722.21,1.27000391483,,0,-7.52130650277,0.810238598698,0.514788324013,-0.188761020008,15.8750493375,-8.12946654852,-0.0679391903634,0.0575305241987,-0.0140967518034,15.8750493375,1.01703030253,0.00705948152469,-0.0064518564527,0.00160561719771,15.8750493375,-2.30581553989,0.0754419288894,0.0525297018886,-0.0189419144468,15.8750493375
1789944722.24,1.30000245571,,0,-7.49676976302,0.825596551435,0.509125773156,-0.188761020008,16.2500308125,-8.13147880079,-0.0662197028092,0.057107642536,-0.0140967518034,16.2500308125,1.01723918069,0.00686665784912,-0.0064036903163,0.00160561719771,16.2500308125,-2.30352884302,0.0770092190776,0.0519614725271,-0.0189419144468,16.2500308125
1789944722.28,1.34003245831,,0,-7.46331520542,0.845825640783,0.501569661975,-0.188761020008,16.7504063125,-8.13408397409,-0.0639449759407,0.0565433489974,-0.0140967518034,16.7504063125,1.01750893979,0.0066116042934,-0.00633941739565,0.00160561719771,16.7504063125,-2.30040473177,0.0790740626006,0.0512032269341,-0.0189419144468,16.7504063125
1789944722.31,1.37002968788,,0,-7.43771800153,0.860786392701,0.495907362548,-0.188761020008,17.1253711375,-8.13597676711,-0.062255176932,0.0561204861116,-0.0140967518034,17.1253711375,1.01770442434,0.00642216200285,-0.00629125339792,0.00160561719771,17.1253711375,-2.29800978049,0.0806014930603,0.0506350228033,-0.0189419144468,17.1253711375
1789944722.34,1.40002775192,,0,-7.41167380211,0.875577718573,0.490244898711,-0.188761020008,17.50034685,-8.13781911393,-0.0605780141074,0.0556976109475,-0.0140967518034,17.50034685,1.01789425324,0.00623415905897,-0.00624308800171,0.00160561719771,17.50034685,-2.29556919472,0.0821119226031,0.050066802174,-0.0189419144468,17.50034685
1789944722.38,1.44003307819,,0,-7.37625575377,0.895039071223,0.482693454646,-0.188761020008,18.0004132875,-8.14019813696,-0.0583610940353,0.0551336659511,-0.0140967518034,18.0004132875,1.01813867408,0.00598568719203,-0.00617885477994,0.00160561719771,18.0004132875,-2.29224441943,0.0840997032363,0.0493090249199,-0.0189419144468,18.0004132875
1789944722.41,1.4699999094,,0,-7.3492184038,0.909419099176,0.477036889212,-0.188761020008,18.3749984,-8.14192234066,-0.0567152435078,0.0547112312823,-0.0140967518034,18.3749984,1.01831527889,0.00580124756086,-0.00613073955605,0.00160561719771,18.3749984,-2.28970216465,0.0855688323571,0.0487413961876,-0.0189419144468,18.3749984
1789944722.44,1.50001478195,,0,-7.32170824297,0.923652291088,0.471371244374,-0.188761020008,18.7501847625,-8.14360006254,-0.0550794407246,0.0542881185597,-0.0140967518034,18.7501847625,1.01848664847,0.00561795721704,-0.00608254710197,0.00160561719771,18.7501847625,-2.28711195387,0.0870232685925,0.0481728563491,-0.0189419144468,18.7501847625
1789944722.48,1.54011595249,,0,-7.2842917065,0.942403066036,0.463801702469,-0.188761020008,19.2514496625,-8.14576531476,-0.0529137569916,0.0537228220091,-0.0140967518034,19.2514496625,1.01870706181,0.00537533082886,-0.00601815993845,0.00160561719771,19.2514496625,-2.28358368713,0.0889398272548,0.0474132630011,-0.0189419144468,19.2514496625
1789944722.51,1.57000231743,,0,-7.25592039732,0.956180119694,0.458160318896,-0.188761020008,19.6250294125,-8.14732278563,-0.0513144718975,0.0533015211279,-0.0140967518034,19.6250294125,1.01886503044,0.00519618687924,-0.00597017385275,0.00160561719771,19.6250294125,-2.28090450727,0.0903483786315,0.046847157748,-0.0189419144468,19.6250294125
1789944722.55,1.60001432896,,0,-7.22701802029,0.96984542264,0.452495220709,-0.188761020008,20.000179575,-8.14883889484,-0.0497211345722,0.0528784492295,-0.0140967518034,20.000179575,1.01901829697,0.00501773305046,-0.00592198604854,0.00160561719771,20.000179575,-2.27817195779,0.0917458254495,0.0462786727654,-0.0189419144468,20.000179575
1789944722.58,1.63999605179,,0,-7.18788229623,0.987786080577,0.444948234047,-0.188761020008,20.4999508375,-8.15078471647,-0.0476182313113,0.0523148371139,-0.0140967518034,20.4999508375,1.01921419832,0.00478224529372,-0.00585779074182,0.00160561719771,20.4999508375,-2.27446701632,0.0935809858367,0.0455213428056,-0.0189419144468,20.4999508375
1789944722.61,1.66997885704,,0,-7.15806657554,1.00104202018,0.4392886541,-0.188761020008,20.874735575,-8.15218899205,-0.0460560233693,0.0518921773199,-0.0140967518034,20.874735575,1.01935495756,0.00460733414695,-0.00580964987622,0.00160561719771,20.874735575,-2.27164082231,0.0949373281194,0.0449534115709,-0.0189419144468,20.874735575
1789944722.64,1.70012307167,,0,-7.12769225376,1.01419825902,0.433598606426,-0.188761020008,21.251537925,-8.15355380134,-0.0444981804827,0.0514672421834,-0.0140967518034,21.251537925,1.0194912097,0.00443293645861,-0.00576124984955,0.00160561719771,21.251537925,-2.26875867616,0.0962838062148,0.0443824229407,-0.0189419144468,21.251537925
1789944722.68,1.73999845982,,0,-7.08690795156,1.03133811336,0.426071682606,-0.188761020008,21.7499806,-8.15528741597,-0.0424571101537,0.0509051283691,-0.0140967518034,21.7499806,1.01966341151,0.00420448074043,-0.00569722519907,0.00160561719771,21.7499806,-2.26488423458,0.0980385144212,0.0436271062602,-0.0189419144468,21.7499806
1789944722.71,1.76998400688,,0,-7.05579200742,1.04402924813,0.420411578848,-0.188761020008,22.124800025,-8.15653769403,-0.0409370291087,0.0504824294567,-0.0140967518034,22.124800025,1.01978693113,0.00403436811863,-0.00564907987789,0.00160561719771,22.124800025,-2.26192496724,0.0993381817174,0.0430591224617,-0.0189419144468,22.124800025
1789944722.74,1.80002105236,,0,-7.0242436918,1.05657200235,0.414741762391,-0.188761020008,22.5002626375,-8.15774461043,-0.0394270471199,0.0500590051959,-0.0140967518034,22.5002626375,1.01990557037,0.00386541096701,-0.00560085193967,0.00160561719771,22.5002626375,-2.25892180649,0.100623004061,0.042490164007,-0.0189419144468,22.5002626375
1789944722.78,1.84004056454,,0,-6.98163006397,1.07301862091,0.407187633011,-0.188761020008,23.0005069,-8.15928252701,-0.0374349971318,0.0494948596592,-0.0140967518034,23.0005069,1.02005579443,0.00364255319225,-0.00553659587639,0.00160561719771,23.0005069,-2.25486109705,0.102308272581,0.0417321172851,-0.0189419144468,23.0005069
1789944722.81,1.87000751495,,0,-6.94929300708,1.08513602852,0.401531044927,-0.188761020008,23.3750935125,-8.16038217852,-0.0359581177467,0.0490724232988,-0.0140967518034,23.3750935125,1.02016247179,0.00347735935236,-0.00548848045983,0.00160561719771,23.3750935125,-2.25177657919,0.103550350898,0.0411644862798,-0.0189419144468,23.3750935125
1789944722.84,1.90000808239,,0,-6.91655840428,1.09709726363,0.395868096917,-0.188761020008,23.7501012875,-8.16143892435,-0.0344922583261,0.0486495119765,-0.0140967518034,23.7501012875,1.02026433204,0.00331342408243,-0.0054403109452,0.00160561719771,23.7501012875,-2.24865156471,0.104776786875,0.0405962170645,-0.0189419144468,23.7501012875
1789944722.88,1.9399907589,,0,-6.87237913607,1.11277424252,0.388320930554,-0.188761020008,24.24988445,-8.16277928066,-0.0325583893922,0.0480858864407,-0.0140967518034,24.24988445,1.02039248016,0.00309718939759,-0.00537611410994,0.00160561719771,24.24988445,-2.24443006377,0.106384790944,0.039838869072,-0.0189419144468,24.24988445
1789944722.91,1.96998918056,,0,-6.83882377001,1.12433833027,0.382658394799,-0.188761020008,24.624864925,-8.16373440852,-0.0311222307869,0.0476630059057,-0.0140967518034,24.624864925,1.02048297922,0.00293663682428,-0.00532794810198,0.00160561719771,24.624864925,-2.24122084582,0.107571371814,0.0392706412259,-0.0189419144468,24.624864925
1789944722.94,1.99999117851,,0,-6.80492005403,1.1357338763,0.37699519536,-0.188761020008,24.99988935,-8.16464674855,-0.0296985918409,0.0472400758066,-0.0140967518034,24.99988935,1.02056869341,0.00277751059228,-0.00527977644867,0.00160561719771,24.99988935,-2.23797590563,0.108741042814,0.03870234678,-0.0189419144468,24.99988935
1789944722.98,2.04000926018,,0,-6.75917040658,1.15066932453,0.369441357238,-0.188761020008,25.500114325,-8.16579755123,-0.027819426134,0.0466759520211,-0.0140967518034,25.500114325,1.02067563335,0.00256751015885,-0.00521552286287,0.00160561719771,25.500114325,-2.23359351937,0.110274666079,0.0379443292855,-0.0189419144468,25.500114325
1789944723.01,2.06999182701,,0,-6.72450493153,1.1616613585,0.363781777103,-0.188761020008,25.874899075,-8.16661073822,-0.0264262875913,0.0462532922131,-0.0140967518034,25.874899075,1.02075027736,0.00241185598278,-0.00516738199566,0.00160561719771,25.874899075,-2.23027020806,0.111403828477,0.0373763980319,-0.0189419144468,25.874899075
1789944723.05,2.09999752045,,0,-6.68948564548,1.17249188305,0.3581178851,-0.188761020008,26.2499693625,-8.16738291713,-0.0250447746591,0.0458303103929,-0.0140967518034,26.2499693625,1.02082032764,0.00225752826534,-0.00511920445135,0.00160561719771,26.2499693625,-2.22691072639,0.112516803528,0.0368080340881,-0.0189419144468,26.2499693625
1789944723.08,2.14000344276,,0,-6.64229452713,1.18666764642,0.350566336838,-0.188761020008,26.7500427,-8.16834833048,-0.0232225740669,0.0452663576151,-0.0140967518034,26.7500427,1.02090656258,0.0020540149235,-0.00505497034328,0.00160561719771,26.7500427,-2.22238014118,0.113974182867,0.036050246378,-0.0189419144468,26.7500427
1789944723.11,2.16999340057,,0,-6.60654951061,1.19709626019,0.344905385543,-0.188761020008,27.12491825,-8.16902448353,-0.0218713733389,0.0448435954083,-0.0140967518034,27.12491825,1.02096589657,0.00190313818874,-0.00500681781288,0.00160561719771,27.12491825,-2.21894592373,0.115046813138,0.0354821775303,-0.0189419144468,27.12491825
1789944723.14,2.19999551773,,0,-6.57047974505,1.2073591873,0.339242160998,-0.188761020008,27.4999443375,-8.1696605514,-0.020532316309,0.0444206634343,-0.0140967518034,27.4999443375,1.02102074853,0.0017536458334,-0.00495864594602,0.00160561719771,27.4999443375,-2.21547839529,0.116102827467,0.0349138805651,-0.0189419144468,27.4999443375
1789944723.18,2.24001812935,,0,-6.52188848331,1.22078534054,0.331687465902,-0.188761020008,28.0002260625,-8.17044688084,-0.0187657787323,0.0438564756496,-0.0140967518034,28.0002260625,1.02108697966,0.00155647417926,-0.00489438507071,0.00160561719771,28.0002260625,-2.21080390526,0.117484998966,0.0341557770744,-0.0189419144468,28.0002260625
1789944723.21,2.26998853683,,0,-6.48515280737,1.23064140686,0.326030202242,-0.188761020008,28.3748574125,-8.17098966738,-0.0174577089501,0.0434339888369,-0.0140967518034,28.3748574125,1.02113143704,0.00141050808019,-0.00484626390764,0.00160561719771,28.3748574125,-2.20726756525,0.118500157845,0.0335880782759,-0.0189419144468,28.3748574125
1789944723.25,2.30001497269,,0,-6.44805501676,1.2403458124,0.3203623976,-0.188761020008,28.7501868,-8.17149434263,-0.0161598994431,0.0430107148193,-0.0140967518034,28.7501868,1.02117161204,0.00126571625665,-0.00479805308209,0.00160561719771,28.7501868,-2.20369438218,0.119500146431,0.0330193217041,-0.0189419144468,28.7501868
1789944723.28,2.34002256393,,0,-6.39817727089,1.25301170532,0.312810505039,-0.188761020008,29.2502829375,-8.17210659154,-0.0144504217935,0.042446736329,-0.0140967518034,29.2502829375,1.02121842764,0.00107504221929,-0.00473381604538,0.00160561719771,29.2502829375,-2.1988872338,0.120806013891,0.032261499444,-0.0189419144468,29.2502829375
1789944723.31,2.36999225616,,0,-6.36048524474,1.2623017732,0.307153392765,-0.188761020008,29.6249042625,-8.1725206672,-0.0131846363185,0.0420242608219,-0.0140967518034,29.6249042625,1.02124852763,0.000933892213414,-0.00468569617002,0.00160561719771,29.6249042625,-2.19525230969,0.121764374889,0.0316938158369,-0.0189419144468,29.6249042625
1789944723.35,2.40001511574,,0,-6.32244986501,1.27143829892,0.301486263132,-0.188761020008,30.00018895,-8.17289763051,-0.0119293045648,0.0416010372143,-0.0140967518034,30.00018895,1.02127446114,0.000793938236777,-0.00463749108616,0.00160561719771,30.00018895,-2.19158240681,0.122707374383,0.0311251270014,-0.0189419144468,30.00018895
1789944723.38,2.44002366066,,0,-6.27134211685,1.28334926935,0.293934198421,-0.188761020008,30.5002964875,-8.17334176064,-0.0102761874355,0.0410370458678,-0.0140967518034,30.5002964875,1.02130253105,0.000609683743337,-0.00457325258512,0.00160561719771,30.5002964875,-2.18664834755,0.123937487182,0.0303672874663,-0.0189419144468,30.5002964875
1789944723.41,2.46999716759,,0,-6.23274444109,1.29207471734,0.288276367534,-0.188761020008,30.8749654,-8.17363140327,-0.00905249534951,0.0406145166943,-0.0140967518034,30.8749654,1.02131875829,0.000473328549988,-0.00452512659717,0.00160561719771,30.8749654,-2.18291994952,0.124839192651,0.0297995317474,-0.0189419144468,30.8749654
1789944723.44,2.49999904633,,0,-6.19385093666,1.30063858478,0.282613190369,-0.188761020008,31.24998835,-8.17388477942,-0.00784032959521,0.0401915882586,-0.0140967518034,31.24998835,1.02133092968,0.000338289060119,-0.00447695513333,0.00160561719771,31.24998835,-2.17916121836,0.12572470841,0.0292312395366,-0.0189419144468,31.24998835
1789944723.48,2.5399992466,,0,-6.14160122828,1.31179212201,0.275062736921,-0.188761020008,31.7499891875,-8.17416639012,-0.00624394081125,0.039627717242,-0.0140967518034,31.7499891875,1.02134089682,0.000160495052891,-0.00441273033785,0.00160561719771,31.7499891875,-2.17410903858,0.126878806368,0.0284735616896,-0.0189419144468,31.7499891875
1789944723.51,2.56998825073,,0,-6.10213884151,1.31995614189,0.269401952113,-0.188761020008,32.1248537125,-8.17433588445,-0.00506187773491,0.0392049674685,-0.0140967518034,32.1248537125,1.02134373285,2.88829737099e-05,-0.00436457922359,0.00160561719771,32.1248537125,-2.1702913308,0.127724186918,0.0279055095487,-0.0189419144468,32.1248537125
1789944723.55,2.60002875328,,0,-6.06236591646,1.32796395457,0.263731465743,-0.188761020008,32.5003606875,-8.1744703198,-0.00389049933777,0.0387814931783,-0.0140967518034,32.5003606875,1.02134263839,-0.000101506938924,-0.00431634558704,0.00160561719771,32.5003606875,-2.16644191908,0.128553937072,0.0273364838691,-0.0189419144468,32.5003606875
1789944723.58,2.64002656937,,0,-6.00904158256,1.33836159262,0.256181475704,-0.188761020008,33.0003308375,-8.17459505934,-0.00235060827581,0.0382176567692,-0.0140967518034,33.0003308375,1.02133514282,-0.000272866114578,-0.00425212473335,0.00160561719771,33.0003308375,-2.16127840402,0.129632179425,0.0265788525245,-0.0189419144468,33.0003308375
1789944723.61,2.66999197006,,0,-5.96882275289,1.34595344867,0.250525159436,-0.188761020008,33.37489945,-8.17464840128,-0.0012117264542,0.0377952407081,-0.0140967518034,33.37489945,1.0213250644,-0.00039956224515,-0.00420401162887,0.00160561719771,33.37489945,-2.15738206434,0.130420123476,0.0260112487955,-0.0189419144468,33.37489945
1789944723.64,2.69998049736,,0,-5.92834773034,1.35338146245,0.244864486185,-0.188761020008,33.7497565875,-8.17466780768,-8.4639900641e-05,0.0373724992658,-0.0140967518034,33.7497565875,1.02131119895,-0.000524912569041,-0.00415586146354,0.00160561719771,33.7497565875,-2.1534593402,0.131191646289,0.0254432078493,-0.0189419144468,33.7497565875
1789944723.68,2.73999023438,,0,-5.87400543369,1.36302732434,0.237312222897,-0.188761020008,34.249877275,-8.17464143214,0.00139933805521,0.0368084930895,-0.0140967518034,34.249877275,1.02128688822,-0.000689902038503,-0.00409162127339,0.00160561719771,34.249877275,-2.14819024549,0.13219445941,0.0246853483872,-0.0189419144468,34.249877275
1789944723.71,2.77000617981,,0,-5.83298672173,1.37006546003,0.231646367968,-0.188761020008,34.62507755,-8.17458291159,0.0024978322777,0.0363853646773,-0.0140967518034,34.62507755,1.02126434415,-0.00081199293296,-0.00404342703226,0.00160561719771,34.62507755,-2.14421125879,0.132926882401,0.0241167874664,-0.0189419144468,34.62507755
1789944723.74,2.79998350143,,0,-5.79181256628,1.37692478801,0.225987814504,-0.188761020008,34.9997943125,-8.17449174783,0.00358223480266,0.0359627815415,-0.0140967518034,34.9997943125,1.02123819317,-0.000932482687214,-0.00399529489801,0.00160561719771,34.9997943125,-2.14021571319,0.133641328573,0.0235489592379,-0.0189419144468,34.9997943125
1789944723.78,2.83999300003,,0,-5.73654369647,1.38581535687,0.218435589157,-0.188761020008,35.4999124875,-8.17431979121,0.00500980332356,0.0353987781987,-0.0140967518034,35.4999124875,1.02119770444,-0.00109104715364,-0.0039310550306,0.00160561719771,35.4999124875,-2.13485015072,0.134568348879,0.0227911035831,-0.0189419144468,35.4999124875
1789944723.81,2.87000370026,,0,-5.69485693071,1.39228575278,0.212770744099,-0.188761020008,35.8750458875,-8.17415356637,0.00606579639295,0.034975725204,-0.0140967518034,35.8750458875,1.02116319838,-0.00120829771489,-0.00388286937952,0.00160561719771,35.8750458875,-2.13080148617,0.135243795286,0.0222226440016,-0.0189419144468,35.8750458875
1789944723.84,2.90006399155,,0,-5.65290900825,1.39859643831,0.207096515353,-0.188761020008,36.2508006875,-8.17395548752,0.0071108110227,0.0345519714317,-0.0140967518034,36.2508006875,1.02112512943,-0.00132429282019,-0.00383460391,0.00160561719771,36.2508006875,-2.12672605102,0.135903258288,0.0216532427797,-0.0189419144468,36.2508006875
1789944723.88,2.93999099731,,0,-5.59690425925,1.40671471117,0.199559865055,-0.188761020008,36.7498874625,-8.17364418342,0.0084791293382,0.03398913124,-0.0140967518034,36.7498874625,1.02106921501,-0.00147611702218,-0.00377049652528,0.00160561719771,36.7498874625,-2.12128279108,0.136752707829,0.0208969500602,-0.0189419144468,36.7498874625
1789944723.91,2.97000527382,,0,-5.55459366638,1.41261933717,0.193894335361,-0.188761020008,37.1250662,-8.17337444213,0.00949293969915,0.0335660271165,-0.0140967518034,37.1250662,1.02102321929,-0.00158856261561,-0.00372230505062,0.00160561719771,37.1250662,-2.11716892718,0.137371383147,0.0203284217763,-0.0189419144468,37.1250662
1789944723.94,3.000020504,,0,-5.51210708173,1.41835409152,0.188228629931,-0.188761020008,37.500256575,-8.17307445284,0.0104940817425,0.0331429098688,-0.0140967518034,37.500256575,1.02097386871,-0.0016995651963,-0.00367411208114,0.00160561719771,37.500256575,-2.11303662181,0.137973012884,0.0197598758576,-0.0189419144468,37.500256575
1789944723.98,3.03998780251,,0,-5.45527100418,1.42572631528,0.180684366146,-0.188761020008,37.999847525,-8.17262871202,0.0118074546117,0.0325795010988,-0.0140967518034,37.999847525,1.02090302432,-0.00184512705497,-0.00360993993545,0.00160561719771,37.999847525,-2.10750663583,0.138747632549,0.0190028191349,-0.0189419144468,37.999847525
1789944724.01,3.06998682022,,0,-5.41242018438,1.43106172914,0.175021723929,-0.188761020008,38.37483505,-8.17225990379,0.0127784640141,0.0321566126133,-0.0140967518034,38.37483505,1.02084605521,-0.00195269917065,-0.00356177302193,0.00160561719771,38.37483505,-2.10333587985,0.139309174864,0.0184345806055,-0.0189419144468,38.37483505
1789944724.05,3.10000538826,,0,-5.36938388351,1.43623056778,0.169355405403,-0.188761020008,38.750066025,-8.171861889,0.0137374052273,0.0317334495794,-0.0140967518034,38.750066025,1.02078584062,-0.00205889475768,-0.0035135748374,0.00160561719771,38.750066025,-2.09914581006,0.139854018551,0.0178659731634,-0.0189419144468,38.750066025
1789944724.08,3.14000368118,,0,-5.31180343212,1.44285352373,0.161805257937,-0.188761020008,39.2500466,-8.1712871797,0.0149954173715,0.0311696014136,-0.0140967518034,39.2500466,1.02070069451,-0.00219814789712,-0.00344935264462,0.00160561719771,39.2500466,-2.09353777701,0.14055347736,0.0171083260213,-0.0189419144468,39.2500466
1789944724.11,3.17002367973,,0,-5.26841693849,1.44762585886,0.156138655703,-0.188761020008,39.6252963625,-8.1708230361,0.0159247762225,0.0307464171923,-0.0140967518034,39.6252963625,1.02063315912,-0.00230097390746,-0.00340115204685,0.00160561719771,39.6252963625,-2.08931074069,0.141058533762,0.0165396901095,-0.0189419144468,39.6252963625
1789944724.14,3.19999933243,,0,-5.22495412736,1.45222141027,0.15048042351,-0.188761020008,39.99999185,-8.17033193061,0.0168400864847,0.0303238580492,-0.0140967518034,39.99999185,1.02056266513,-0.00240220425862,-0.00335302264536,0.00160561719771,39.99999185,-2.08507507526,0.141545811518,0.0159718941201,-0.0189419144468,39.99999185
1789944724.18,3.24000382423,,0,-5.16674043052,1.45809025257,0.142929145177,-0.188761020008,40.5000473125,-8.16963413838,0.0180418954501,0.0297599254298,-0.0140967518034,40.5000473125,1.02046390042,-0.00253505526306,-0.00328879083333,0.00160561719771,40.5000473125,-2.07940003653,0.142169601257,0.0152141334969,-0.0189419144468,40.5000473125
1789944724.21,3.27000617981,,0,-5.12293058536,1.46229352887,0.137265840976,-0.188761020008,40.875078675,-8.1690795055,0.0189284232813,0.0293369875069,-0.0140967518034,40.875078675,1.02038636942,-0.00263300459103,-0.00324061828891,0.00160561719771,40.875078675,-2.07512782954,0.142617538147,0.0146458285383,-0.0189419144468,40.875078675
1789944724.25,3.29998898506,,0,-5.07902641441,1.46632426804,0.131606300102,-0.188761020008,41.249860825,-8.1684988597,0.0198016854513,0.028914330631,-0.0140967518034,41.249860825,1.0203059758,-0.0027294449737,-0.00319247775567,0.00160561719771,41.249860825,-2.07084529106,0.143048143795,0.0140779012245,-0.0189419144468,41.249860825
1789944724.28,3.34002113342,,0,-5.02022277997,1.47144150672,0.124049779687,-0.188761020008,41.750263425,-8.1676831365,0.0209478943795,0.0283500065307,-0.0140967518034,41.750263425,1.02019416916,-0.00285596034412,-0.00312820135404,0.00160561719771,41.750263425,-2.06510768008,0.14359653532,0.0133196145655,-0.0189419144468,41.750263425
1789944724.31,3.37000346184,,0,-4.9760505497,1.47507597188,0.118390274679,-0.188761020008,42.1250432,-8.16704238953,0.0217915590152,0.0279273523331,-0.0140967518034,42.1250432,1.02010714184,-0.00294902959273,-0.00308006112588,0.00160561719771,42.1250432,-2.0607964122,0.143987375239,0.0127516908507,-0.0189419144468,42.1250432
1789944724.34,3.40002536774,,0,-4.9317133977,1.47854521142,0.112723301718,-0.188761020008,42.5003175125,-8.16637564242,0.0226236396286,0.0275041404258,-0.0140967518034,42.5003175125,1.02001722543,-0.00304077543326,-0.00303185737468,0.00160561719771,42.5003175125,-2.05646796991,0.144361669464,0.012183017737,-0.0189419144468,42.5003175125
1789944724.38,3.43999767303,,0,-4.87252443073,1.48290022625,0.105178080726,-0.188761020008,42.99997185,-8.1654494996,0.0237117828595,0.0269406601712,-0.0140967518034,42.99997185,1.01989327345,-0.00316068316993,-0.0029676770869,0.00160561719771,42.99997185,-2.05068796385,0.14483352069,0.0114258649599,-0.0189419144468,42.99997185
1789944724.41,3.46999454498,,0,-4.82799564187,1.48597031155,0.0995158469881,-0.188761020008,43.374932325,-8.16472616376,0.0245135752771,0.026517802191,-0.0140967518034,43.374932325,1.019797135,-0.00324898172331,-0.00291951364793,0.00160561719771,43.374932325,-2.04633836085,0.145167738445,0.0108576674208,-0.0189419144468,43.374932325
1789944724.44,3.50003147125,,0,-4.78331783462,1.48887429657,0.0938460731912,-0.188761020008,43.7503921125,-8.1639779562,0.0253037256437,0.0260943811161,-0.0140967518034,43.7503921125,1.01969823629,-0.00333595022061,-0.00287128607258,0.00160561719771,43.7503921125,-2.04197317661,0.145485323069,0.010288713247,-0.0189419144468,43.7503921125
1789944724.48,3.54000163078,,0,-4.72373433035,1.49247455579,0.0863012644535,-0.188761020008,44.25001915,-8.16294586782,0.0263354617267,0.0255309316487,-0.0140967518034,44.25001915,1.0195626213,-0.00344943341475,-0.00280710929147,0.00160561719771,44.25001915,-2.03615008743,0.145881433681,0.009531601839,-0.0189419144468,44.25001915
1789944724.51,3.57000303268,,0,-4.67891977985,1.49497877682,0.0806381399524,-0.188761020008,44.6250386125,-8.1621443363,0.0270950852311,0.025108007146,-0.0140967518034,44.6250386125,1.01945787682,-0.00353292846142,-0.0027589382756,0.00160561719771,44.6250386125,-2.03176921287,0.146158871831,0.00896331491303,-0.0189419144468,44.6250386125
1789944724.55,3.59999966621,,0,-4.63404004272,1.49731272499,0.0749759477419,-0.188761020008,44.9999963375,-8.16132034273,0.027841898422,0.0246851522671,-0.0140967518034,44.9999963375,1.0193506669,-0.00361496491412,-0.00271077518986,0.00160561719771,44.9999963375,-2.02738099365,0.146419219024,0.00839512154118,-0.0189419144468,44.9999963375
1789944724.58,3.63999342918,,0,-4.57409911193,1.50016032505,0.067426708028,-0.188761020008,45.4999168,-8.16018725241,0.0288178736273,0.0241213718926,-0.0140967518034,45.4999168,1.01920394049,-0.00372209458792,-0.0026465607185,0.00160561719771,45.4999168,-2.02151864454,0.146739821757,0.00763756549071,-0.0189419144468,45.4999168
1789944724.61,3.67000055313,,0,-4.52905390736,1.50209863211,0.0617625074003,-0.188761020008,45.875007525,-8.15931171065,0.0295353432489,0.0236983670243,-0.0140967518034,45.875007525,1.01909106634,-0.00380078774082,-0.002598380549,0.00160561719771,45.875007525,-2.01711203158,0.146960476169,0.00706917057689,-0.0189419144468,45.875007525
1789944724.64,3.6999900341,,0,-4.48397981935,1.50386597492,0.0561016618109,-0.188761020008,46.249876075,-8.15841536753,0.0302397059557,0.0232756127116,-0.0140967518034,46.249876075,1.01897592144,-0.00387798981144,-0.00255022891774,0.00160561719771,46.249876075,-2.01270166899,0.14716395906,0.00650111233666,-0.0189419144468,46.249876075
1789944724.68,3.7400021553,,0,-4.42376407229,1.50595962062,0.0485489347371,-0.188761020008,46.750027475,-8.15718693176,0.0311597281463,0.0227115718996,-0.0140967518034,46.750027475,1.0188187306,-0.00397874458475,-0.00248598478259,0.00160561719771,46.750027475,-2.00680832637,0.147408919585,0.00574320633431,-0.0189419144468,46.750027475
1789944724.71,3.76998186111,,0,-4.37859486077,1.50733027626,0.0428899329654,-0.188761020008,47.124773925,-8.15624262887,0.0318342796587,0.022288955284,-0.0140967518034,47.124773925,1.018698339,-0.0040525521515,-0.002437848835,0.00160561719771,47.124773925,-2.00238655294,0.147572586941,0.0051753331187,-0.0189419144468,47.124773925
1789944724.74,3.79998755455,,0,-4.3333481668,1.50853223746,0.0372260594606,-0.188761020008,47.4998429875,-8.15527745434,0.0324967255887,0.0218659748454,-0.0140967518034,47.4998429875,1.01857564984,-0.00412497829177,-0.00238967144803,0.00160561719771,47.4998429875,-1.99795631552,0.147719348527,0.00460697103122,-0.0189419144468,47.4998429875
1789944724.78,3.8400375843,,0,-4.27290328116,1.50987176116,0.0296661387043,-0.188761020008,48.0004707625,-8.15395856747,0.0333611569976,0.0213013968062,-0.0140967518034,48.0004707625,1.01840854419,-0.00421939744249,-0.00232536612282,0.00160561719771,48.0004707625,-1.99203663079,0.147888667132,0.00384834315252,-0.0189419144468,48.0004707625
1789944724.81,3.86998867989,,0,-4.22766864659,1.51067562654,0.0240125568278,-0.188761020008,48.3748583,-8.15294987614,0.033992832363,0.0208791849506,-0.0140967518034,48.3748583,1.0182811332,-0.00428832432066,-0.00227727627731,0.00160561719771,48.3748583,-1.9876055756,0.147995432828,0.00328101381609,-0.0189419144468,48.3748583
1789944724.84,3.90004658699,,0,-4.18225099068,1.51131212202,0.0183388062138,-0.188761020008,48.7505814375,-8.15191875655,0.034614047766,0.0204554668853,-0.0140967518034,48.7505814375,1.01815121392,-0.00435604903467,-0.00222901487482,0.00160561719771,48.7505814375,-1.9831557545,0.148085496285,0.002711660574,-0.0189419144468,48.7505814375
1789944724.88,3.93998432159,,0,-4.12187998782,1.51189399334,0.0108001188072,-0.188761020008,49.2498031125,-8.15052018611,0.0354197504424,0.0198924745615,-0.0140967518034,49.2498031125,1.01797548258,-0.00444379033996,-0.00216489016227,0.00160561719771,49.2498031125,-1.97723959387,0.148178687473,0.00195516343337,-0.0189419144468,49.2498031125
1789944724.91,3.96998643875,,0,-4.07651586397,1.51213306564,0.00513687708545,-0.188761020008,49.6248303375,-8.14944862699,0.0360102235457,0.0194695413047,-0.0140967518034,49.6248303375,1.01784119207,-0.00450801912731,-0.00211671814931,0.00160561719771,49.6248303375,-1.97279311582,0.148228821535,0.00138686474447,-0.0189419144468,49.6248303375
1789944724.95,3.99997830391,,0,-4.0311628114,1.5122022338,-0.000524405485653,-0.188761020008,49.999727825,-8.14835992248,0.0365878100445,0.0190467543581,-0.0140967518034,49.999727825,1.01770504369,-0.00457078117982,-0.00206856280104,0.00160561719771,49.999727825,-1.96834692822,0.148261896902,0.000818762653706,-0.0189419144468,49.999727825
1789944724.98,4.04001379013,,0,-3.97062354751,1.51202996236,-0.00808153861916,-0.188761020008,50.500171,-8.14687999924,0.0373390581007,0.0184823844997,-0.0140967518034,50.500171,1.01752040977,-0.0046523102589,-0.00200428118758,0.00160561719771,50.500171,-1.96241074228,0.14827949603,6.04145091973e-05,-0.0189419144468,50.500171
1789944725.01,4.07000875473,,0,-3.9252742458,1.51170263839,-0.0137434812875,-0.188761020008,50.8751122,-8.14575175208,0.0378871011455,0.0180595482567,-0.0140967518034,50.8751122,1.01737996793,-0.00471170696521,-0.00195612022447,0.00160561719771,50.8751122,-1.95796311292,0.148272786993,-0.000507753821443,-0.0189419144468,50.8751122
1789944725.05,4.10008525848,,0,-3.87981497582,1.51120391127,-0.0194207043493,-0.188761020008,51.2510652875,-8.14460414603,0.0384238887552,0.0176355708676,-0.0140967518034,51.2510652875,1.01723738001,-0.00476981351514,-0.00190782928505,0.00160561719771,51.2510652875,-1.9535039395,0.148248948419,-0.001077455519,-0.0189419144468,51.2510652875
1789944725.08,4.14002513885,,0,-3.81947534846,1.51027769868,-0.0269597741857,-0.188761020008,51.7503122875,-8.14305558882,0.0391170057636,0.0170725499838,-0.0140967518034,51.7503122875,1.01704537018,-0.00484473113112,-0.00184370131952,0.00160561719771,51.7503122875,-1.94758397259,0.14819080718,-0.00183399103595,-0.0189419144468,51.7503122875
1789944725.11,4.17000198364,,0,-3.77421481579,1.50938471545,-0.0326182506355,-0.188761020008,52.12502395,-8.14187537341,0.0396224546637,0.0166499725995,-0.0140967518034,52.12502395,1.01689931882,-0.00489927822499,-0.00179556984036,0.00160561719771,52.12502395,-1.94314257576,0.148127318995,-0.00240181153621,-0.0189419144468,52.12502395
1789944725.15,4.20004320145,,0,-3.72888627907,1.50831963848,-0.0382889057575,-0.188761020008,52.5005421,-8.14067760784,0.0401162829357,0.0162264857068,-0.0140967518034,52.5005421,1.01675133441,-0.00495249522436,-0.00174733476839,0.00160561719771,52.5005421,-1.93869378541,0.148046617656,-0.00297085414985,-0.0189419144468,52.5005421
1789944725.18,4.24003982544,,0,-3.66859157104,1.50663723873,-0.0458386658856,-0.188761020008,53.000497025,-8.13906027265,0.0407540084831,0.0156626664676,-0.0140967518034,53.000497025,1.01655187196,-0.00502109805203,-0.00168311587033,0.00160561719771,53.000497025,-1.93277503281,0.147912643404,-0.00372846242319,-0.0189419144468,53.000497025
1789944725.21,4.26999139786,,0,-3.62348657512,1.50517962169,-0.0514923863127,-0.188761020008,53.3748937375,-8.1378326569,0.0412168094056,0.015240444265,-0.0140967518034,53.3748937375,1.01640073358,-0.00507079009107,-0.0016350248463,0.00160561719771,53.3748937375,-1.92834654945,0.14779247302,-0.00429580566297,-0.0189419144468,53.3748937375
1789944725.25,4.29997348785,,0,-3.57838208644,1.50355092938,-0.0571518424322,-0.188761020008,53.749670275,-8.13659010274,0.0416674142998,0.0148177937185,-0.0140967518034,53.749670275,1.01624797285,-0.00511908994023,-0.00158688503399,0.00160561719771,53.749670275,-1.92391743325,0.14765516194,-0.00486372447177,-0.0189419144468,53.749670275
1789944725.28,4.34007883072,,0,-3.51812972327,1.50110703293,-0.0647221590128,-0.188761020008,54.250986475,-8.13490725359,0.0422503494501,0.0142524393148,-0.0140967518034,54.250986475,1.0160414113,-0.00518144116898,-0.00152249128102,0.00160561719771,54.250986475,-1.91799979441,0.147444867414,-0.00562339555747,-0.0189419144468,54.250986475
1789944725.31,4.36999511719,,0,-3.47325245465,1.49908633948,-0.0703691280246,-0.188761020008,54.6249361,-8.13363697859,0.0426704169455,0.0138307213108,-0.0140967518034,54.6249361,1.01588572933,-0.00522626948666,-0.0014744576851,0.00160561719771,54.6249361,-1.91359143907,0.147268161904,-0.00619006130181,-0.0189419144468,54.6249361
1789944725.34,4.40000772476,,0,-3.42829340093,1.49688935916,-0.0760343519258,-0.188761020008,55.0000945875,-8.13235015949,0.0430791650431,0.0134076400239,-0.0140967518034,55.0000945875,1.01572821815,-0.00526979877326,-0.00142626881155,0.00160561719771,55.0000945875,-1.90917440023,0.147073850513,-0.00675855889975,-0.0189419144468,55.0000945875
1789944725.38,4.44003152847,,0,-3.36844487108,1.4936949731,-0.0835893163839,-0.188761020008,55.50039415,-8.13061537216,0.0436045010396,0.0128434321232,-0.0140967518034,55.50039415,1.01551617469,-0.00532559767289,-0.00136200564502,0.00160561719771,55.50039415,-1.90329353733,0.146788174493,-0.0075166894206,-0.0189419144468,55.50039415
1789944725.41,4.46998500824,,0,-3.32374195706,1.4911065092,-0.0892433526082,-0.188761020008,55.874811775,-8.1293035702,0.0439828817772,0.0124211863367,-0.0140967518034,55.874811775,1.01535605107,-0.00536567410109,-0.0013139119348,0.00160561719771,55.874811775,-1.89890018781,0.146554526606,-0.00808406435021,-0.0189419144468,55.874811775
1789944725.45,4.50000047684,,0,-3.27902688892,1.48834280706,-0.0949090852204,-0.188761020008,56.25000395,-8.12797787582,0.0443493582889,0.0119980670592,-0.0140967518034,56.25000395,1.01519441372,-0.00540438839074,-0.00126571873411,0.00160561719771,56.25000395,-1.89450502581,0.146303347791,-0.00865261299661,-0.0189419144468,56.25000395
1789944725.48,4.5400223732,,0,-3.21953817568,1.484393161,-0.102463715005,-0.188761020008,56.75028135,-8.1261934588,0.0448182573141,0.0114338841519,-0.0140967518034,56.75028135,1.01497712171,-0.00545375930951,-0.00120145841434,0.00160561719771,56.75028135,-1.88865677729,0.145941880902,-0.00941070993345,-0.0189419144468,56.75028135
1789944725.51,4.56999492645,,0,-3.17509388777,1.48123726699,-0.108121378273,-0.188761020008,57.1249391625,-8.12484506538,0.0451546288694,0.0110113674964,-0.0140967518034,57.1249391625,1.01481312576,-0.00548904896229,-0.00115333385218,0.00160561719771,57.1249391625,-1.88428682812,0.145651308909,-0.00997844883195,-0.0189419144468,57.1249391625
1789944725.54,4.60000944138,,0,-3.13068509243,1.47790705241,-0.113786914196,-0.188761020008,57.5001183125,-8.12348488303,0.0454787781084,0.0105882629076,-0.0140967518034,57.5001183125,1.01464786336,-0.00552294228918,-0.00110514232454,0.00160561719771,57.5001183125,-1.87991978133,0.145343280426,-0.0105469777409,-0.0189419144468,57.5001183125
1789944725.58,4.64002323151,,0,-3.07164160119,1.47320289898,-0.121339949894,-0.188761020008,58.00029015,-8.1216567808,0.0458911690273,0.0100241990475,-0.0140967518034,58.00029015,1.01442600217,-0.00556587779775,-0.00104089556421,0.00160561719771,58.00029015,-1.87411269772,0.144906092378,-0.0113049147132,-0.0189419144468,58.00029015
1789944725.61,4.67001485825,,0,-3.02751317799,1.46947881341,-0.12700121189,-0.188761020008,58.375186275,-8.12027598207,0.0461854716731,0.00960141363736,-0.0140967518034,58.375186275,1.01425861116,-0.00559637388732,-0.000992740390962,0.00160561719771,58.375186275,-1.86977188868,0.14455851974,-0.0118730147393,-0.0189419144468,58.375186275
1789944725.65,4.7000169754,,0,-2.98348347202,1.46558353212,-0.132664472865,-0.188761020008,58.750214775,-8.11888605478,0.0464671914709,0.00917847894267,-0.0140967518034,58.750214775,1.01409026761,-0.00562543572493,-0.000944568214224,0.00160561719771,58.750214775,-1.86544023242,0.14419377707,-0.0124413153603,-0.0189419144468,58.750214775
1789944725.68,4.74010896683,,0,-2.92483430834,1.46011307874,-0.140232232678,-0.188761020008,59.2513616625,-8.1170158786,0.0468238435668,0.00861331547946,-0.0140967518034,59.2513616625,1.01386399216,-0.00566201472538,-0.000880196209332,0.00160561719771,59.2513616625,-1.85966945362,0.143679759824,-0.0132007298778,-0.0189419144468,59.2513616625
1789944725.71,4.77000379562,,0,-2.88124791974,1.45583650606,-0.145875219021,-0.188761020008,59.62504755,-8.11561229973,0.0470750383651,0.00819189490278,-0.0140967518034,59.62504755,1.0136943408,-0.00568761060481,-0.000832196490331,0.00160561719771,59.62504755,-1.85538014885,0.143276661481,-0.0137669959667,-0.0189419144468,59.62504755
1789944725.74,4.80001497269,,0,-2.83762335852,1.4513736407,-0.151540125237,-0.188761020008,60.000185,-8.1141959054,0.0473145371008,0.00776883734079,-0.0140967518034,60.000185,1.01352328241,-0.00571186259285,-0.000784010319033,0.00160561719771,60.000185,-1.85108655856,0.142854970109,-0.0143354616854,-0.0189419144468,60.000185
1789944725.78,4.83998537064,,0,-2.77973399161,1.44516568704,-0.159085036661,-0.188761020008,60.4998188375,-8.11229865396,0.0476138021318,0.00720538020481,-0.0140967518034,60.4998188375,1.01329436602,-0.00574191742649,-0.00071983266447,0.00160561719771,60.4998188375,-1.84538819759,0.142266840225,-0.0150925833977,-0.0189419144468,60.4998188375
1789944725.81,4.86999177933,,0,-2.73644257631,1.44030717747,-0.16474903135,-0.188761020008,60.874895925,-8.11086676598,0.047823661827,0.00678239071604,-0.0140967518034,60.874895925,1.01312175626,-0.0057627940208,-0.000671654246697,0.00160561719771,60.874895925,-1.84112619477,0.141805442281,-0.0156609576459,-0.0189419144468,60.874895925
1789944725.84,4.89998722076,,0,-2.69331447899,1.43528049207,-0.170411055564,-0.188761020008,61.249842525,-8.10942927263,0.0480207628423,0.00635954838326,-0.0140967518034,61.249842525,1.01294860212,-0.00578221845692,-0.000623492589963,0.00160561719771,61.249842525,-1.83687976792,0.141327159021,-0.0162291341595,-0.0189419144468,61.249842525
1789944725.88,4.94001579285,,0,-2.63600131896,1.42830802191,-0.177966819991,-0.188761020008,61.7501950625,-8.10750214366,0.0482640308261,0.00579528074044,-0.0140967518034,61.7501950625,1.01271666797,-0.00580588943916,-0.000559222618832,0.00160561719771,61.7501950625,-1.8312358998,0.140662361037,-0.0169873449562,-0.0189419144468,61.7501950625
1789944725.91,4.96999168396,,0,-2.59326678927,1.4228884338,-0.183625169782,-0.188761020008,62.1248983375,-8.10605282796,0.0484314181765,0.00537271281503,-0.0140967518034,62.1248983375,1.01254238507,-0.00582193145813,-0.000511092217042,0.00160561719771,62.1248983375,-1.82702708526,0.140144633556,-0.0175551527464,-0.0189419144468,62.1248983375
1789944725.95,5.00004911423,,0,-2.55058257357,1.41728391207,-0.189298794115,-0.188761020008,62.5006131125,-8.10459475286,0.0485865390396,0.00494900418047,-0.0140967518034,62.5006131125,1.01236717061,-0.00583656816518,-0.000462831888708,0.00160561719771,62.5006131125,-1.8228227482,0.139608418748,-0.0181244933163,-0.0189419144468,62.5006131125
1789944725.98,5.0400018692,,0,-2.49411099809,1.40957021422,-0.196840352577,-0.188761020008,63.0000249125,-8.10264977753,0.0487730154429,0.00438579744509,-0.0140967518034,63.0000249125,1.0121336302,-0.00585377818833,-0.000398682754723,0.00160561719771,63.0000249125,-1.81725964769,0.138869173983,-0.0188812785635,-0.0189419144468,63.0000249125
1789944726.01,5.07000827789,,0,-2.45190474759,1.40357882449,-0.20250433594,-0.188761020008,63.37510125,-8.10118437827,0.0488982700291,0.00396280880212,-0.0140967518034,63.37510125,1.01195780886,-0.00586501828379,-0.000350504433288,0.00160561719771,63.37510125,-1.81310130973,0.138294092986,-0.0194496516752,-0.0189419144468,63.37510125
1789944726.05,5.10000753403,,0,-2.40989039891,1.39741890683,-0.208167026102,-0.188761020008,63.75009195,-8.09971574681,0.0490108081212,0.00353991673601,-0.0140967518034,63.75009195,1.01178171218,-0.00587481066411,-0.000302337111936,0.00160561719771,63.75009195,-1.80896142697,0.137702094467,-0.0200178950158,-0.0189419144468,63.75009195
1789944726.08,5.14005947113,,0,-2.35409010534,1.3889300212,-0.215727263411,-0.188761020008,64.2507406875,-8.09775008253,0.049141281824,0.00297531505655,-0.0140967518034,64.2507406875,1.01154618955,-0.00588563201047,-0.0002380290941,0.00160561719771,64.2507406875,-1.80346245532,0.136885146878,-0.0207765546601,-0.0189419144468,64.2507406875
1789944726.11,5.17001342773,,0,-2.31258324664,1.38238336865,-0.221381475749,-0.188761020008,64.625169975,-8.09627681605,0.0492240811872,0.00255305611785,-0.0140967518034,64.625169975,1.01136978971,-0.00589204168541,-0.000189933885833,0.00160561719771,64.625169975,-1.79937155655,0.136254300897,-0.0213439472625,-0.0189419144468,64.625169975
1789944726.15,5.19999170303,,0,-2.27124254034,1.37566198661,-0.22704014549,-0.188761020008,64.9998944375,-8.09480009477,0.049294282374,0.00213046429845,-0.0140967518034,64.9998944375,1.01119308021,-0.00589701404893,-0.000141800762522,0.00160561719771,64.9998944375,-1.79529660669,0.135605941624,-0.0219117871593,-0.0189419144468,64.9998944375
1789944726.18,5.24000072479,,0,-2.21638721728,1.36642722781,-0.234592311566,-0.188761020008,65.5000086875,-8.09282631824,0.0493682378626,0.001566465382,-0.0140967518034,65.5000086875,1.01095704939,-0.00590140229465,-7.75613992727e-05,0.00160561719771,65.5000086875,-1.78988886921,0.134714109406,-0.0226696368663,-0.0189419144468,65.5000086875
1789944726.21,5.27004766464,,0,-2.17543710064,1.35929325407,-0.240263990151,-0.188761020008,65.8755946125,-8.09134231364,0.0494089418736,0.00114290205676,-0.0140967518034,65.8755946125,1.01077970295,-0.00590300798488,-2.93176216409e-05,0.00160561719771,65.8755946125,-1.78585145022,0.134024407165,-0.023238782183,-0.0189419144468,65.8755946125
1789944726.24,5.30001592636,,0,-2.13480996888,1.35200815843,-0.245920859489,-0.188761020008,66.25019985,-8.08986115578,0.0494368626517,0.000720444692175,-0.0140967518034,66.25019985,1.01060279317,-0.00590316558032,1.88001872936e-05,0.00160561719771,66.25019985,-1.78184547105,0.133319471679,-0.0238064414118,-0.0189419144468,66.25019985
1789944726.28,5.3400220871,,0,-2.08092037546,1.34201880099,-0.253472427948,-0.188761020008,66.750274525,-8.08788295984,0.0494544039731,0.000156490406045,-0.0140967518034,66.750274525,1.01036666346,-0.00590112858305,8.3034467159e-05,0.00160561719771,66.750274525,-1.77653114871,0.132351913744,-0.0245642311486,-0.0189419144468,66.750274525
1789944726.31,5.37001466751,,0,-2.04078463219,1.33433161003,-0.259133856809,-0.188761020008,67.1251817,-8.08639968797,0.0494527571249,-0.000266307465577,-0.0140967518034,67.1251817,1.01018971799,-0.00589791599557,0.000131191059777,0.00160561719771,67.1251817,-1.77257270775,0.131606649582,-0.0251323479194,-0.0189419144468,67.1251817
1789944726.34,5.40001964569,,0,-2.00086524987,1.32647127571,-0.2647976684,-0.188761020008,67.5002466625,-8.0849160316,0.0494384207806,-0.000689283280497,-0.0140967518034,67.5002466625,1.01001281614,-0.00589325680388,0.000179367920101,0.00160561719771,67.5002466625,-1.76863522306,0.130844021716,-0.0257007037939,-0.0189419144468,67.5002466625
1789944726.38,5.44003200531,,0,-1.94800392752,1.3157249814,-0.272350450969,-0.188761020008,68.0004017375,-8.08293858371,0.0493995565003,-0.00125332823693,-0.0140967518034,68.0004017375,1.00977717349,-0.00588479457119,0.000243612527296,0.00160561719771,68.0004017375,-1.7634206145,0.129800511789,-0.0264586153652,-0.0189419144468,68.0004017375
1789944726.41,5.47000455856,,0,-1.90869153288,1.30747716904,-0.278008091774,-0.188761020008,68.3750580625,-8.08145858143,0.0493556591958,-0.00167584321494,-0.0140967518034,68.3750580625,1.00960090807,-0.00587677168925,0.000291736898388,0.00160561719771,68.3750580625,-1.75954213745,0.128998972536,-0.0270263520096,-0.0189419144468,68.3750580625
1789944726.45,5.49999284744,,0,-1.86960860883,1.29905535495,-0.283668679138,-0.188761020008,68.7499095125,-8.07997931509,0.0492990653015,-0.00209857824324,-0.0140967518034,68.7499095125,1.00942481316,-0.00586730109388,0.000339886333164,0.00160561719771,68.7499095125,-1.75568593866,0.128179986047,-0.0275943843373,-0.0189419144468,68.7499095125
1789944726.48,5.5400056839,,0,-1.81785857004,1.28755380525,-0.291221578929,-0.188761020008,69.25007235,-8.07800854073,0.0492038100855,-0.00266263195376,-0.0140967518034,69.25007235,1.00919033391,-0.00585241588231,0.000404131937448,0.00160561719771,69.25007235,-1.75057936155,0.127060687798,-0.0283523076715,-0.0189419144468,69.25007235
1789944726.51,5.57000017166,,0,-1.77937093024,1.27873385808,-0.296883365114,-0.188761020008,69.6250031875,-8.07653395981,0.0491176046606,-0.00308545651054,-0.0140967518034,69.6250031875,1.00901498283,-0.005839571899,0.000452291569499,0.00160561719771,69.6250031875,-1.74678108296,0.126201754724,-0.0289204602993,-0.0189419144468,69.6250031875
1789944726.54,5.59998607635,,0,-1.74116117469,1.26974665907,-0.302543547586,-0.188761020008,69.999827825,-8.07506257125,0.0490187466443,-0.00350816130131,-0.0140967518034,69.999827825,1.00884008815,-0.00582528764497,0.000500437560227,0.00160561719771,69.999827825,-1.74300988796,0.125326030749,-0.0294884519966,-0.0189419144468,69.999827825
1789944726.58,5.64005565643,,0,-1.69052779555,1.25747231543,-0.310107132194,-0.188761020008,70.500698225,-8.07310137557,0.048866859213,-0.00407301295846,-0.0140967518034,70.500698225,1.00860708998,-0.00580394632635,0.000564774050472,0.00160561719771,70.500698225,-1.7380119961,0.124129232993,-0.0302474475378,-0.0189419144468,70.500698225
1789944726.61,5.67001676559,,0,-1.65299262935,1.2480964562,-0.315762611685,-0.188761020008,70.875211425,-8.07163916415,0.0487385003642,-0.00449536652866,-0.0140967518034,70.875211425,1.00843345831,-0.00578630444632,0.000612880037247,0.00160561719771,70.875211425,-1.73430661414,0.123214485778,-0.0308149672973,-0.0189419144468,70.875211425
1789944726.64,5.700050354,,0,-1.61565097685,1.23852781289,-0.321431797868,-0.188761020008,71.2506323,-8.07017745922,0.0485971302239,-0.00491874372039,-0.0140967518034,71.2506323,1.00825995801,-0.00576717325904,0.000661102614309,0.00160561719771,71.2506323,-1.73062001434,0.122280456213,-0.031383862505,-0.0189419144468,71.2506323
1789944726.68,5.74000883102,,0,-1.56642020733,1.22553327194,-0.328974355065,-0.188761020008,71.7501102375,-8.06823968035,0.0483893320427,-0.00548202504169,-0.0140967518034,71.7501102375,1.0080300568,-0.00573947495261,0.000725260243615,0.00160561719771,71.7501102375,-1.72575915924,0.121011290556,-0.0321407479738,-0.0189419144468,71.7501102375
1789944726.71,5.77001667023,,0,-1.52979369821,1.21557651141,-0.334638645165,-0.188761020008,72.1252068875,-8.06679015791,0.0482184820958,-0.00590503659187,-0.0140967518034,72.1252068875,1.00785816194,-0.00571698863736,0.000773441174179,0.00160561719771,72.1252068875,-1.72214244096,0.120038291349,-0.0327091518661,-0.0189419144468,72.1252068875
1789944726.74,5.79998636246,,0,-1.49351426741,1.20546269308,-0.340295771596,-0.188761020008,72.49982915,-8.06534777572,0.0480351786773,-0.00632751315623,-0.0140967518034,72.49982915,1.00768717959,-0.00569308770189,0.000821561169964,0.00160561719771,72.49982915,-1.71855969412,0.119049498533,-0.0332768368938,-0.0189419144468,72.49982915
1789944726.78,5.84000492096,,0,-1.44554759632,1.19169331107,-0.347849762614,-0.188761020008,73.00006425,-8.06343068248,0.047770671134,-0.00689164836007,-0.0140967518034,73.00006425,1.00746002403,-0.00565892410119,0.00088581605632,0.00160561719771,73.00006425,-1.71382232394,0.117702631401,-0.0340348697312,-0.0189419144468,73.00006425
1789944726.81,5.87001466751,,0,-1.40994284547,1.18116948377,-0.353514404376,-0.188761020008,73.3751841875,-8.06200027071,0.0475575079611,-0.00731468617251,-0.0140967518034,73.3751841875,1.00729060811,-0.0056316181301,0.000933999978148,0.00160561719771,73.3751841875,-1.71030552645,0.11667272943,-0.0346033089123,-0.0189419144468,73.3751841875
1789944726.84,5.89998960495,,0,-1.37469716347,1.17048815285,-0.359172482162,-0.188761020008,73.74986945,-8.06057809228,0.0473319186579,-0.0077372337845,-0.0140967518034,73.74986945,1.00712222817,-0.00560290033253,0.000982128066244,0.00160561719771,73.74986945,-1.70682391266,0.11562699188,-0.0351710894072,-0.0189419144468,73.74986945
1789944726.88,5.94008684158,,0,-1.3280544522,1.15593454191,-0.366741299603,-0.188761020008,74.251086375,-8.058686579,0.0470103436926,-0.0083024762318,-0.0140967518034,74.251086375,1.00689837347,-0.00556222884189,0.00104650906741,0.00160561719771,74.251086375,-1.70221605376,0.114201496873,-0.0359306100562,-0.0189419144468,74.251086375
1789944726.91,5.96999168396,,0,-1.29365104854,1.1448827339,-0.372386199983,-0.188761020008,74.6248990125,-8.05728450948,0.0467557546187,-0.00872403974955,-0.0140967518034,74.6248990125,1.00673251007,-0.00553021501721,0.00109452506737,0.00160561719771,74.6248990125,-1.69881700771,0.113118521616,-0.0364970682161,-0.0189419144468,74.6248990125
1789944726.95,6.00000143051,,0,-1.25946198792,1.13362253647,-0.378050862509,-0.188761020008,75.000020325,-8.05588537494,0.0464876011162,-0.00914707911263,-0.0140967518034,75.000020325,1.00656705003,-0.00549664564753,0.00114270916581,0.00160561719771,75.000020325,-1.69543887388,0.112014725988,-0.0370655094808,-0.0189419144468,75.000020325
1789944726.98,6.04000425339,,0,-1.21441856803,1.11834846823,-0.385601805036,-0.188761020008,75.50005355,-8.05403321636,0.0461104147385,-0.00971098665393,-0.0140967518034,75.50005355,1.00634810102,-0.00544964957911,0.00120693812145,0.00160561719771,75.50005355,-1.69098784554,0.110516851543,-0.0378232364063,-0.0189419144468,75.50005355
1789944727.01,6.07001686096,,0,-1.18102838273,1.10669048611,-0.391267040829,-0.188761020008,75.875212825,-8.05265375355,0.0458126124734,-0.0101340688288,-0.0140967518034,75.875212825,1.00618509291,-0.00541270291503,0.00125512709616,0.00160561719771,75.875212825,-1.68768805205,0.109373141403,-0.0383917351976,-0.0189419144468,75.875212825
1789944727.04,6.09998941422,,0,-1.14803499456,1.09487855589,-0.396924629158,-0.188761020008,76.249865675,-8.05128526264,0.045502540053,-0.0105565798879,-0.0140967518034,76.249865675,1.00602343311,-0.00537436276891,0.00130325102089,0.00160561719771,76.249865675,-1.68442722463,0.108213947475,-0.0389594665761,-0.0189419144468,76.249865675
1789944727.08,6.14003181458,,0,-1.10451362698,1.07883339864,-0.404483079655,-0.188761020008,76.7503960875,-8.04947184426,0.0450685275693,-0.0111210481276,-0.0140967518034,76.7503960875,1.00580929254,-0.00532089020677,0.00136754383995,0.00160561719771,76.7503960875,-1.68012551132,0.106638729946,-0.0397179469162,-0.0189419144468,76.7503960875
1789944727.11,6.17001056671,,0,-1.0723542428,1.06662271216,-0.410141883982,-0.188761020008,77.1251294625,-8.0481258104,0.0447287988164,-0.0115436499979,-0.0140967518034,77.1251294625,1.00565040106,-0.00527917156061,0.00141567810807,0.00160561719771,77.1251294625,-1.67694655675,0.105439526978,-0.0402858003186,-0.0189419144468,77.1251294625
1789944727.15,6.19998550415,,0,-1.04056728534,1.05424389036,-0.415800003674,-0.188761020008,77.4998175,-8.04679031201,0.044376444423,-0.0119662007394,-0.0140967518034,77.4998175,1.00549280087,-0.00523601522235,0.00146380655261,0.00160561719771,77.4998175,-1.67380418588,0.104223448695,-0.0408535850187,-0.0189419144468,77.4998175
1789944727.18,6.2400302887,,0,-0.998685510316,1.03744183552,-0.423358936455,-0.188761020008,78.00037985,-8.04502300321,0.0438859552749,-0.0125307049962,-0.0140967518034,78.00037985,1.00528431557,-0.0051761097218,0.00152810347403,0.00160561719771,78.00037985,-1.66966351829,0.102572279736,-0.0416121137554,-0.0189419144468,78.00037985
1789944727.21,6.27000141144,,0,-0.967783304763,1.02466855537,-0.429016297893,-0.188761020008,78.375017675,-8.04371338729,0.0435040658986,-0.012953199111,-0.0140967518034,78.375017675,1.00512987577,-0.00512958976007,0.0015762254688,0.00160561719771,78.375017675,-1.66660809611,0.101316614588,-0.0421798223658,-0.0189419144468,78.375017675
1789944727.25,6.29999303818,,0,-0.937245822223,1.01171684786,-0.434677511378,-0.188761020008,78.7499105875,-8.042414527,0.0431092409795,-0.0133759808982,-0.0140967518034,78.7499105875,1.00497674814,-0.00508159438439,0.00162438022941,0.00160561719771,78.7499105875,-1.6635885209,0.100043062278,-0.0427479175238,-0.0189419144468,78.7499105875
1789944727.28,6.34007930756,,0,-0.897041063054,0.994140553712,-0.442244250748,-0.188761020008,79.2509899,-8.04069733347,0.0425617206532,-0.0139410681544,-0.0140967518034,79.2509899,1.00477436795,-0.00501518887288,0.00168874355434,0.00160561719771,79.2509899,-1.65961270969,0.0983142354844,-0.0435072296413,-0.0189419144468,79.2509899
1789944727.31,6.36999893188,,0,-0.867495277186,0.980824164513,-0.447891959892,-0.188761020008,79.6249885375,-8.03943019437,0.0421382957083,-0.0143628414318,-0.0140967518034,79.6249885375,1.0046250771,-0.00496394317565,0.00173678344588,0.00160561719771,79.6249885375,-1.65669071687,0.0970040255161,-0.0440739696568,-0.0189419144468,79.6249885375
1789944727.35,6.39998960495,,0,-0.838281919003,0.967306667249,-0.453553040866,-0.188761020008,79.999872675,-8.03817295874,0.0417012039755,-0.0147856133231,-0.0140967518034,79.999872675,1.0044769931,-0.00491113368918,0.00178493707935,0.00160561719771,79.999872675,-1.65380140143,0.0956736963528,-0.0446420515176,-0.0189419144468,79.999872675
1789944727.38,6.44004583359,,0,-0.79990136511,0.948987715168,-0.461114052095,-0.188761020008,80.5005726625,-8.03651458799,0.0410976424633,-0.0153502727993,-0.0140967518034,80.5005726625,1.00428172188,-0.00483834815852,0.00184925168021,0.00160561719771,80.5005726625,-1.65000511254,0.0938703183915,-0.0454007888238,-0.0189419144468,80.5005726625
1789944727.41,6.46999979019,,0,-0.771683197207,0.935090872161,-0.46676817968,-0.188761020008,80.8749963375,-8.03529050312,0.0406315179641,-0.0157725254085,-0.0140967518034,80.8749963375,1.00413763132,-0.00478223556112,0.00189734616756,0.00160561719771,80.8749963375,-1.64721378343,0.092501890294,-0.0459681729213,-0.0189419144468,80.8749963375
1789944727.45,6.49999046326,,0,-0.743850050305,0.921007338855,-0.472429230452,-0.188761020008,81.249878475,-8.03407909724,0.0401521513696,-0.0161952950444,-0.0140967518034,81.249878475,1.00399506983,-0.00472461099255,0.00194549954412,0.00160561719771,81.249878475,-1.64446035676,0.091114760036,-0.0465362517514,-0.0189419144468,81.249878475
1789944727.48,6.53999662399,,0,-0.707383888744,0.901956061108,-0.479980890271,-0.188761020008,81.7499592,-8.03248586274,0.0394929539354,-0.0167592561533,-0.0140967518034,81.7499592,1.00380762891,-0.00464549353819,0.00200973460111,0.00160561719771,81.7499592,-1.6408526211,0.0892378510098,-0.0472940506561,-0.0189419144468,81.7499592
1789944727.51,6.56999778748,,0,-0.680541088379,0.88747116696,-0.485643924922,-0.188761020008,82.1249727125,-8.03130863708,0.0389838141385,-0.017182173946,-0.0140967518034,82.1249727125,1.00366917076,-0.00458447674782,0.00205790485271,0.00160561719771,82.1249727125,-1.63819675821,0.0878104538895,-0.0478623285657,-0.0189419144468,82.1249727125
1789944727.54,6.59998655319,,0,-0.654146067518,0.872822380882,-0.491304652347,-0.188761020008,82.4998334375,-8.03014734662,0.0384622015367,-0.0176049194341,-0.0140967518034,82.4998334375,1.00353262012,-0.00452204054027,0.00210605547886,0.00160561719771,82.4998334375,-1.63558503018,0.0863665997834,-0.0484303749483,-0.0189419144468,82.4998334375
1789944727.58,6.64002609253,,0,-0.619594527909,0.852999476558,-0.498862550907,-0.188761020008,83.0003273,-8.02862160154,0.0377460095162,-0.0181693464548,-0.0140967518034,83.0003273,1.00335326519,-0.00443642808051,0.00217034360309,0.00160561719771,83.0003273,-1.63216597745,0.0844122878684,-0.0491887999023,-0.0189419144468,83.0003273
1789944727.61,6.67004585266,,0,-0.594213562231,0.837938831905,-0.504529057628,-0.188761020008,83.3755707375,-8.02749673653,0.0371942234975,-0.0185925235431,-0.0140967518034,83.3755707375,1.00322107111,-0.00437055203885,0.00221854338842,0.00160561719771,83.3755707375,-1.62965421399,0.0829271309876,-0.0497574262295,-0.0189419144468,83.3755707375
1789944727.64,6.70000600815,,0,-0.56933573646,0.822738141579,-0.510184442738,-0.188761020008,83.7500776875,-8.02639078475,0.0366308542864,-0.019014870065,-0.0140967518034,83.7500776875,1.00309112986,-0.00430336261639,0.00226664857239,0.00160561719771,83.7500776875,-1.62719208795,0.0814278693707,-0.050324936518,-0.0189419144468,83.7500776875
1789944727.68,6.74004936218,,0,-0.53680181839,0.802157453448,-0.517743014419,-0.188761020008,84.250616125,-8.02493936823,0.0358581387151,-0.0195793473547,-0.0140967518034,84.250616125,1.0029206444,-0.00421131177588,0.00233094242226,0.00160561719771,84.250616125,-1.62397201507,0.0793975179773,-0.0510834290189,-0.0189419144468,84.250616125
1789944727.71,6.77000713348,,0,-0.513004168224,0.786562339519,-0.523397867979,-0.188761020008,84.625087875,-8.0238739885,0.0352652600386,-0.0200016541801,-0.0140967518034,84.625087875,1.00279553618,-0.00414076151527,0.0023790430848,0.00160561719771,84.625087875,-1.62161645258,0.0778586740286,-0.051650885967,-0.0189419144468,84.625087875
1789944727.74,6.79999160767,,0,-0.489655530322,0.770783597423,-0.529057795624,-0.188761020008,84.9998956375,-8.0228256279,0.0346591809825,-0.0204243399402,-0.0140967518034,84.9998956375,1.0026724537,-0.00406870502289,0.00242718690795,0.00160561719771,84.9998956375,-1.61930519393,0.076301426664,-0.0522188520927,-0.0189419144468,84.9998956375
1789944727.78,6.84001636505,,0,-0.459230918622,0.749457011232,-0.536612902785,-0.188761020008,85.50020465,-8.02145491417,0.0338304111296,-0.0209885584981,-0.0140967518034,85.50020465,1.00251156623,-0.00397027146213,0.00249145128832,0.00160561719771,85.50020465,-1.61629327977,0.0741962094102,-0.0529769969336,-0.0189419144468,85.50020465
1789944727.81,6.86999368668,,0,-0.43700615917,0.733285976658,-0.542271453607,-0.188761020008,85.8749212375,-8.02045026275,0.0331948962948,-0.0214111414366,-0.0140967518034,85.8749212375,1.00239367477,-0.00389486297613,0.00253958340009,0.00160561719771,85.8749212375,-1.61409296441,0.0725995896674,-0.053544824897,-0.0189419144468,85.8749212375
1789944727.84,6.89999628067,,0,-0.415250520033,0.716931414456,-0.547934792729,-0.188761020008,86.2499549125,-8.01946402663,0.0325461596924,-0.0218340819673,-0.0140967518034,86.2499549125,1.00227796863,-0.00381794597498,0.00258775624156,0.00160561719771,86.2499549125,-1.6119389659,0.0709845752783,-0.0541131333599,-0.0189419144468,86.2499549125
1789944727.88,6.94000244141,,0,-0.387009569529,0.694859772115,-0.555486335139,-0.188761020008,86.7500278625,-8.0181796131,0.0316613882976,-0.0223980343081,-0.0140967518034,86.7500278625,1.00212731645,-0.00371313575457,0.00265199029985,0.00160561719771,86.7500278625,-1.6091426739,0.068804576186,-0.0548709204828,-0.0189419144468,86.7500278625
1789944727.91,6.96999979019,,0,-0.366416096657,0.678111482547,-0.561148747633,-0.188761020008,87.125000175,-8.01723998263,0.0309831542784,-0.0228209056379,-0.0140967518034,87.125000175,1.00201713105,-0.00363285949868,0.00270015525934,0.00160561719771,87.125000175,-1.6071034625,0.0671500475077,-0.0554391359599,-0.0189419144468,87.125000175
1789944727.94,6.9999961853,,0,-0.346328563633,0.661194173727,-0.566810880195,-0.188761020008,87.49995395,-8.01632093286,0.0302922695264,-0.0232437560622,-0.0140967518034,87.49995395,1.00190938069,-0.00355114247646,0.00274831783769,0.00160561719771,87.49995395,-1.60511423606,0.0654785566826,-0.0560073233461,-0.0189419144468,87.49995395
1789944727.98,7.04002332687,,0,-0.320319160285,0.638355345368,-0.574366376959,-0.188761020008,88.0002887625,-8.01512720129,0.0293506041902,-0.0238080037159,-0.0140967518034,88.0002887625,1.00176945864,-0.00343984993466,0.00281258553206,0.00160561719771,88.0002887625,-1.60253840829,0.0632215897599,-0.0567655072831,-0.0189419144468,88.0002887625
1789944728.01,7.06999826431,,0,-0.301443132953,0.621053718543,-0.58002455158,-0.188761020008,88.3749804375,-8.01425816639,0.0286306182156,-0.0242305585595,-0.0140967518034,88.3749804375,1.00166761878,-0.00335482040383,0.00286071444384,0.00160561719771,88.3749804375,-1.60066890754,0.0615115148688,-0.0573332974953,-0.0189419144468,88.3749804375
1789944728.05,7.10001182556,,0,-0.283065315235,0.603560211808,-0.585689904972,-0.188761020008,88.7501475,-8.01340984219,0.0278970284258,-0.0246536495167,-0.0140967518034,88.7501475,1.00156822503,-0.00326823756541,0.00290890441884,0.00160561719771,88.7501475,-1.59884864832,0.0597822182265,-0.0579018080874,-0.0189419144468,88.7501475
1789944728.08,7.14005994797,,0,-0.259365536852,0.579953031966,-0.593249437824,-0.188761020008,89.2507495875,-8.01231253869,0.026898390375,-0.025218198587,-0.0140967518034,89.2507495875,1.00143968803,-0.00315045368633,0.00297320644451,0.00160561719771,89.2507495875,-1.59650111591,0.057448166898,-0.0586603970404,-0.0189419144468,89.2507495875
1789944728.11,7.16999101639,,0,-0.24227341089,0.562111791326,-0.598899287895,-0.188761020008,89.62489,-8.01151879593,0.0261372641074,-0.0256401317498,-0.0140967518034,89.62489,1.00134673005,-0.00306074273235,0.00302126454697,0.00160561719771,89.62489,-1.5948079824,0.0556839040574,-0.0592273518952,-0.0189419144468,89.62489
1789944728.14,7.20001268387,,0,-0.225668735869,0.544046896284,-0.604566169307,-0.188761020008,90.00015825,-8.01074573524,0.0253611573006,-0.0260633368202,-0.0140967518034,90.00015825,1.00125621084,-0.0029693163978,0.00306946751944,0.00160561719771,90.00015825,-1.59316304618,0.0538972764209,-0.0597960158221,-0.0189419144468,90.00015825
1789944728.18,7.24002408981,,0,-0.204386493094,0.519706134621,-0.612118801434,-0.188761020008,90.5003033625,-8.0097520078,0.0243070373102,-0.0266273705415,-0.0140967518034,90.5003033625,1.00113987786,-0.00284521682412,0.00313371084696,0.00160561719771,90.5003033625,-1.59105459623,0.0514895792874,-0.0605539122967,-0.0189419144468,90.5003033625
1789944728.21,7.27000761032,,0,-0.189079887788,0.501267827668,-0.61777851559,-0.188761020008,90.8750969875,-8.00903523045,0.0235023192537,-0.0270500403583,-0.0140967518034,90.8750969875,1.00105598416,-0.00275053550358,0.00318185285415,0.00160561719771,90.8750969875,-1.58953806332,0.0496654471814,-0.061121856999,-0.0189419144468,90.8750969875
1789944728.24,7.30006313324,,0,-0.174293909869,0.482614919728,-0.623451825069,-0.188761020008,91.2507909125,-8.00834113757,0.02268294935,-0.0274737254794,-0.0140967518034,91.2507909125,1.00097475981,-0.00265417807634,0.00323011050432,0.00160561719771,91.2507909125,-1.58807303521,0.0478198429157,-0.0616911659739,-0.0189419144468,91.2507909125
1789944728.28,7.33999681473,,0,-0.155520471843,0.457567739829,-0.630989731005,-0.188761020008,91.7499608375,-8.00745738156,0.0215745847628,-0.0280366594427,-0.0140967518034,91.7499608375,1.00087136149,-0.00252390792249,0.00329422856961,0.00160561719771,91.7499608375,-1.58621280727,0.0453411896813,-0.062447584695,-0.0189419144468,91.7499608375
1789944728.31,7.36998128891,,0,-0.142085039996,0.438562984992,-0.636649632412,-0.188761020008,92.1247668625,-8.00682314559,0.020727583075,-0.0284593432434,-0.0140967518034,92.1247668625,1.0007971715,-0.00242441040479,0.00334237216957,0.00160561719771,92.1247668625,-1.58488143264,0.0434602161565,-0.0630155481878,-0.0189419144468,92.1247668625
1789944728.34,7.40001106262,,0,-0.129203017655,0.41935944725,-0.642318077897,-0.188761020008,92.5001386875,-8.00621359728,0.0198666001019,-0.0288826651195,-0.0140967518034,92.5001386875,1.00072588137,-0.00232331585623,0.00339058844619,0.00160561719771,92.5001386875,-1.58360483213,0.0415593344771,-0.0635843690674,-0.0189419144468,92.5001386875
1789944728.38,7.44002103806,,0,-0.112940657158,0.393509356346,-0.649870365724,-0.188761020008,93.000261,-8.00544200679,0.0186997279607,-0.0294466731283,-0.0140967518034,93.000261,1.00063565694,-0.0021863740192,0.00345482884507,0.00160561719771,93.000261,-1.58199314668,0.039000176595,-0.0643422309919,-0.0189419144468,93.000261
1789944728.41,7.47000789642,,0,-0.101433555977,0.373936872684,-0.655530728652,-0.188761020008,93.3750975875,-8.00489456222,0.0178103747123,-0.0298693913956,-0.0140967518034,93.3750975875,1.00057165484,-0.00208205242066,0.00350297637076,0.00160561719771,93.3750975875,-1.58085266513,0.037062234377,-0.0649102407976,-0.0189419144468,93.3750975875
1789944728.44,7.50002002716,,0,-0.0905069340907,0.354177880299,-0.661195879691,-0.188761020008,93.75025125,-8.0043735478,0.0169075770478,-0.0302924672411,-0.0140967518034,93.75025125,1.00051075254,-0.00197619694745,0.00355116462455,0.00160561719771,93.75025125,-1.57976966139,0.0351055983629,-0.065478731084,-0.0189419144468,93.75025125
1789944728.48,7.54013299942,,0,-0.0768338862581,0.327503690125,-0.66876758744,-0.188761020008,94.251659575,-8.00371986213,0.0156811244072,-0.0308579255378,-0.0140967518034,94.251659575,1.00043435624,-0.00183245852707,0.00361557021092,0.00160561719771,94.251659575,-1.5784143645,0.0324638328767,-0.0662385417716,-0.0189419144468,94.251659575
1789944728.51,7.57000160217,,0,-0.0673509544562,0.307444320361,-0.674405619939,-0.188761020008,94.6250174125,-8.00326531579,0.0147531524373,-0.0312789761594,-0.0140967518034,94.6250174125,1.00038124314,-0.00172375019549,0.00366352779211,0.00160561719771,94.6250174125,-1.57747434536,0.0304769292082,-0.0668043107489,-0.0189419144468,94.6250174125
1789944728.54,7.59999275208,,0,-0.0584344390391,0.287133088488,-0.6800668187,-0.188761020008,94.99990935,-8.00283697957,0.0138087136765,-0.031701756847,-0.0140967518034,94.99990935,1.00033120039,-0.00161315392154,0.00371168242748,0.00160561719771,94.99990935,-1.57659043074,0.0284648584594,-0.0673724044294,-0.0189419144468,94.99990935
1789944728.58,7.63999557495,,0,-0.047494490875,0.259777576486,-0.687617761983,-0.188761020008,95.499942625,-8.00231010944,0.01252928011,-0.0322656644447,-0.0140967518034,95.499942625,1.00026965681,-0.00146339207922,0.00377591138954,0.00160561719771,95.499942625,-1.57550586781,0.0257546273883,-0.0681301314307,-0.0189419144468,95.499942625
1789944728.61,7.66999721527,,0,-0.0400110216805,0.239062885153,-0.69328092367,-0.188761020008,95.87496455,-8.00194879376,0.0115549093026,-0.0326885917245,-0.0140967518034,95.87496455,1.00022745907,-0.00134938550235,0.00382408272172,0.00160561719771,95.87496455,-1.57476393121,0.0237020790869,-0.0686984220882,-0.0189419144468,95.87496455
1789944728.64,7.70009469986,,0,-0.0331307330087,0.218111499175,-0.698962122793,-0.188761020008,96.2511809375,-8.00161589156,0.0105646858331,-0.0331128660476,-0.0140967518034,96.2511809375,1.00018858551,-0.00123356367272,0.00387240748187,0.00160561719771,96.2511809375,-1.57408176361,0.0216258620632,-0.0692685227782,-0.0189419144468,96.2511809375
1789944728.68,7.73999738693,,0,-0.0249858862879,0.190070523561,-0.706494257172,-0.188761020008,96.7499686625,-8.00122083998,0.00923215976073,-0.0336753689886,-0.0140967518034,96.7499686625,1.00014246252,-0.0010777646546,0.00393647645381,0.00160561719771,96.7499686625,-1.57327417346,0.0188467588123,-0.0700243623314,-0.0189419144468,96.7499686625
1789944728.71,7.77000904083,,0,-0.019600584159,0.168782490928,-0.712159277778,-0.188761020008,97.1251136875,-8.00095899723,0.00821515954366,-0.0340984350932,-0.0140967518034,97.1251136875,1.00011189709,-0.000958901603286,0.00398466359811,0.00160561719771,97.1251136875,-1.57274017271,0.016736685064,-0.0705928395289,-0.0189419144468,97.1251136875
1789944728.75,7.79999923706,,0,-0.01485985041,0.147339687778,-0.717820289288,-0.188761020008,97.499993225,-8.00072801942,0.00718619563403,-0.0345212017969,-0.0140967518034,97.499993225,1.00008493845,-0.000838678031932,0.00403281664071,0.00160561719771,97.499993225,-1.57227006498,0.0146110617953,-0.071160914419,-0.0189419144468,97.499993225
1789944728.78,7.84001159668,,0,-0.00954112170348,0.118467228937,-0.725372978044,-0.188761020008,98.0001420875,-8.00046826992,0.00579365233159,-0.0350852397473,-0.0140967518034,98.0001420875,1.00005462666,-0.000676032080766,0.00409706044991,0.00160561719771,98.0001420875,-1.57174261337,0.0117486152071,-0.0719188165762,-0.0189419144468,98.0001420875
1789944728.81,7.87001132965,,0,-0.00631436523998,0.0966210452333,-0.731035822046,-0.188761020008,98.375142975,-8.00031031181,0.00473474907978,-0.0355081433022,-0.0140967518034,98.375142975,1.00003619656,-0.000552397445219,0.00414522907984,0.00160561719771,98.375142975,-1.57142260294,0.00958252170174,-0.0724870753545,-0.0189419144468,98.375142975
1789944728.84,7.8999915123,,0,-0.00374702570678,0.0746196043955,-0.736694917821,-0.188761020008,98.74989565,-8.00018438393,0.00366387217132,-0.035930766938,-0.0140967518034,98.74989565,1.00002150567,-0.000427401015335,0.00419336582703,0.00160561719771,98.74989565,-1.57116797813,0.00740083104871,-0.0730549580031,-0.0189419144468,98.74989565
1789944728.88,7.94009208679,,0,-0.00134908836552,0.044925939481,-0.744264344771,-0.188761020008,99.2511529375,-8.00006650137,0.00221169328097,-0.0364960549037,-0.0140967518034,99.2511529375,1.00000775548,-0.000257953639147,0.00425775201274,0.00160561719771,99.2511529375,-1.57093014232,0.00445605480498,-0.0738145398156,-0.0189419144468,99.2511529375
1789944728.91,7.96998739243,,0,-0.000339438275617,0.0225915327757,-0.749907424739,-0.188761020008,99.624845025,-8.00001675363,0.00111433095966,-0.0369174824724,-0.0140967518034,99.624845025,1.00000195366,-0.000129949083619,0.00430575252812,0.00160561719771,99.624845025,-1.57082999652,0.00224087754055,-0.0743808152997,-0.0189419144468,99.624845025
1789944728.94,8.00005054474,,0,3.5527136788e-15,0,0,0,100,-8,0,0,0,100,1,0,0,0,100,-1.57079632679,0,0,0,100
1789944729.05,0,,0,-0.0154039690603,0.0518233781893,-0.0244675669953,0.0044974111804,0,-8.04954419678,-0.026304996939,0.767797266917,-0.191127285575,0,1.00181028652,0.00691357589277,-0.00362650230766,0.000690576330266,0,-1.56630307109,-0.00359256313568,0.148637194483,-0.0370470310227,0
1789944729.09,0.0300216935575,,0,-0.013859149562,0.0510908471675,-0.0243325470975,0.0044974111804,0.3752711625,-8.04998877063,-0.00334055481256,0.762059302226,-0.191127285575,0.3752711625,1.0020162126,0.00680501336275,-0.00360577003708,0.000690576330266,0.3752711625,-1.56634410949,0.000853081802949,0.147524979891,-0.0370470310227,0.3752711625
1789944729.12,0.0700476914644,,0,-0.0118336307494,0.0501205153176,-0.0241525337311,0.0044974111804,0.875596125,-8.04951408219,0.0270085278897,0.754409242067,-0.191127285575,0.875596125,1.00228570906,0.00666124200148,-0.00357812903096,0.000690576330266,0.875596125,-1.56619218654,0.00672824004368,0.146042135538,-0.0370470310227,0.875596125
1789944729.15,0.100004702806,,0,-0.0103429871841,0.0493989955899,-0.0240178047259,0.0044974111804,1.2500587875,-8.04836733179,0.0495226143861,0.748683639488,-0.191127285575,1.2500587875,1.00248365752,0.006554361813,-0.00355744142685,0.000690576330266,1.2500587875,-1.5659252638,0.0110866027746,0.144932317148,-0.0370470310227,1.2500587875
1789944729.19,0.130035787821,,0,-0.00887029211222,0.0486797430054,-0.0238827426109,0.0044974111804,1.6254472875,-8.04654337087,0.0719202070804,0.742943880685,-0.191127285575,1.6254472875,1.00267889103,0.00644783940849,-0.00353670267383,0.000690576330266,1.6254472875,-1.56552713363,0.0154223710609,0.143819754796,-0.0370470310227,1.6254472875
1789944729.22,0.170050397515,,0,-0.00694146302334,0.0477276847895,-0.0237027804296,0.0044974111804,2.1256299875,-8.04307276279,0.101495807586,0.735295995745,-0.191127285575,2.1256299875,1.0029340748,0.00630687247396,-0.00350906952716,0.000690576330266,2.1256299875,-1.56479526907,0.0211476040344,0.142337332076,-0.0370470310227,2.1256299875
1789944729.25,0.200004950166,,0,-0.00552241560739,0.0470196964226,-0.0235680625105,0.0044974111804,2.5000618375,-8.03970347658,0.123435519922,0.729570864296,-0.191127285575,2.5000618375,1.0031214231,0.0062020697008,-0.00348838362533,0.000690576330266,2.5000618375,-1.56409811025,0.0253946337938,0.141227605007,-0.0370470310227,2.5000618375
1789944729.29,0.230040714145,,0,-0.00412075348975,0.0463138402052,-0.0234329793072,0.0044974111804,2.87550895,-8.03566776873,0.145262529378,0.723830209296,-0.191127285575,2.87550895,1.00330613664,0.00609760491687,-0.00346764163419,0.000690576330266,2.87550895,-1.56327182614,0.0296198025725,0.140114868941,-0.0370470310227,2.87550895
1789944729.32,0.270011037588,,0,-0.00228824500325,0.0453808090223,-0.0232532163251,0.0044974111804,3.375138,-8.02928540726,0.174041582327,0.716190789767,-0.191127285575,3.375138,1.00354709723,0.00595955379886,-0.00344003907453,0.000690576330266,3.375138,-1.56197638169,0.0351906456165,0.138634087107,-0.0370470310227,3.375138
1789944729.35,0.300018638372,,0,-0.000936924968506,0.0446850607381,-0.0231182598229,0.0044974111804,3.7502329625,-8.02374124922,0.195446696078,0.710455519206,-0.191127285575,3.7502329625,1.00372438343,0.00585663740941,-0.00341931653831,0.000690576330266,3.7502329625,-1.56085814488,0.0393340418245,0.137522394731,-0.0370470310227,3.7502329625
1789944729.39,0.330004602671,,0,0.000392626907447,0.0439938590972,-0.0229834005592,0.0044974111804,4.1250576625,-8.01756204199,0.21666447134,0.704724381007,-0.191127285575,4.1250576625,1.00389846627,0.00575441633463,-0.00339860893304,0.000690576330266,4.1250576625,-1.55961701449,0.0434411294711,0.136411503347,-0.0370470310227,4.1250576625
1789944729.42,0.370038598776,,0,0.00213550639081,0.0430773460977,-0.0228033512809,0.0044974111804,4.6254824375,-8.00832540651,0.24472423279,0.697072794697,-0.191127285575,4.6254824375,1.00412612234,0.00561890988593,-0.00337096241267,0.000690576330266,4.6254824375,-1.55776897457,0.0488725371372,0.134928363174,-0.0370470310227,4.6254824375
1789944729.45,0.400021702051,,0,0.00341686991104,0.0423956520153,-0.0226685048573,0.0044974111804,5.00027145,-8.00067533897,0.265538740214,0.691342202167,-0.191127285575,5.00027145,1.00429308267,0.00551814832178,-0.003350256779,0.000690576330266,5.00027145,-1.55624314034,0.0529014581669,0.13381757756,-0.0370470310227,5.00027145
1789944729.49,0.430004864931,,0,0.00467785597927,0.0417180003736,-0.0225336582988,0.0044974111804,5.3750608375,-7.99240375481,0.286181447158,0.685611603904,-0.191127285575,5.3750608375,1.00445703133,0.00541800747727,-0.00332955112461,0.000690576330266,5.3750608375,-1.55459700408,0.0568970783583,0.132706790835,-0.0370470310227,5.3750608375
1789944729.52,0.470031648874,,0,0.00632969060649,0.0408196531149,-0.0223536413659,0.0044974111804,5.8753957125,-7.98040164868,0.31347117214,0.677961392181,-0.191127285575,5.8753957125,1.00467123695,0.00528528943495,-0.00330190957086,0.000690576330266,5.8753957125,-1.55221368494,0.0621792278689,0.131223917104,-0.0370470310227,5.8753957125
1789944729.55,0.500025749207,,0,0.00754400324361,0.0401511994439,-0.0222187456957,0.0044974111804,6.2503216,-7.9706952696,0.333720020986,0.672228706807,-0.191127285575,6.2503216,1.00482828213,0.00518656236137,-0.00328119637538,0.000690576330266,6.2503216,-1.55028981596,0.0660985027804,0.130112725825,-0.0370470310227,6.2503216
1789944729.59,0.530063927174,,0,0.0087400695225,0.039485817243,-0.0220836515457,0.0044974111804,6.6257991375,-7.96036850939,0.353826336877,0.666487586604,-0.191127285575,6.6257991375,1.00498259996,0.00508831266988,-0.00326045270338,0.000690576330266,6.6257991375,-1.54824580312,0.0699901416014,0.128999899587,-0.0370470310227,6.6257991375
1789944729.62,0.570017278194,,0,0.0103000823822,0.0386070908595,-0.0219039648892,0.0044974111804,7.12521605,-7.94570204521,0.380302205279,0.658851410696,-0.191127285575,7.12521605,1.00518330017,0.00495859782536,-0.00323286186349,0.000690576330266,7.12521605,-1.54534689671,0.0751145515867,0.127519746479,-0.0370470310227,7.12521605
1789944729.65,0.600035607815,,0,0.0114491536873,0.0379515970268,-0.0217689601792,0.0044974111804,7.500445,-7.93399002981,0.399993702791,0.653114091441,-0.191127285575,7.500445,1.00533069547,0.00486186389528,-0.00321213192498,0.000690576330266,7.500445,-1.54303479741,0.078925788106,0.126407656995,-0.0370470310227,7.500445
1789944729.69,0.630009651184,,0,0.0125769576239,0.0373011135911,-0.0216341545786,0.0044974111804,7.87512055,-7.92170806581,0.419484314789,0.647385233774,-0.191127285575,7.87512055,1.00547498534,0.00476589353347,-0.00319143255967,0.000690576330266,7.87512055,-1.54061245358,0.08269809445,0.125297207657,-0.0370470310227,7.87512055
1789944729.72,0.670025765896,,0,0.0140523302158,0.0364389994948,-0.0214541856331,0.0044974111804,8.37532205,-7.90440564659,0.445237134897,0.639737061379,-0.191127285575,8.37532205,1.00566315007,0.00463873769163,-0.00316379837437,0.000690576330266,8.37532205,-1.53720327378,0.0876823410298,0.123814729218,-0.0370470310227,8.37532205
1789944729.75,0.700033187866,,0,0.0151361307766,0.035797240105,-0.0213192300393,0.0044974111804,8.7504144875,-7.8907580771,0.464347927909,0.634001829425,-0.191127285575,8.7504144875,1.00580092521,0.00454411125668,-0.00314307597765,0.000690576330266,8.7504144875,-1.53451657788,0.0913810191324,0.122703044324,-0.0370470310227,8.7504144875
1789944729.79,0.730001986027,,0,0.0161993788026,0.03516034725,-0.0211844478657,0.0044974111804,9.125024925,-7.87655825969,0.483262395448,0.62827396734,-0.191127285575,9.125024925,1.00593569858,0.00445022704535,-0.00312238020956,0.000690576330266,9.125024925,-1.53172305968,0.0950416498769,0.121592787964,-0.0370470310227,9.125024925
1789944729.82,0.770020365715,,0,0.0175895243221,0.0343161809074,-0.0210044686931,0.0044974111804,9.62525485,-7.85671783471,0.508251868128,0.620625360321,-0.191127285575,9.62525485,1.00611129669,0.00432582737318,-0.00309474445388,0.000690576330266,9.62525485,-1.52782267749,0.0998779330844,0.12011022528,-0.0370470310227,9.62525485
1789944729.85,0.800020754337,,0,0.0186095912162,0.0336880624799,-0.0208695445902,0.0044974111804,10.0002597625,-7.8411916503,0.526784863312,0.614891466641,-0.191127285575,10.0002597625,1.00623968365,0.00423329459082,-0.00307402689258,0.000690576330266,10.0002597625,-1.52477241594,0.103464615445,0.11899879979,-0.0370470310227,10.0002597625
1789944729.88,0.830015361309,,0,0.0196106825622,0.0330641125248,-0.0207346466668,0.0044974111804,10.3751919125,-7.82511522235,0.545142293522,0.609158685513,-0.191127285575,10.3751919125,1.0063652798,0.00414140111677,-0.00305331335112,0.000690576330266,10.3751919125,-1.52161567562,0.107017268382,0.117887589951,-0.0370470310227,10.3751919125
1789944729.92,0.870007514954,,0,0.0209164537632,0.0322384862503,-0.0205547855917,0.0044974111804,10.8750936,-7.80282872032,0.569351008204,0.601515097306,-0.191127285575,10.8750936,1.00652846895,0.00401984484086,-0.00302569572929,0.000690576330266,10.8750936,-1.51724194852,0.111702218823,0.116406000085,-0.0370470310227,10.8750936
1789944729.95,0.9000197649,,0,0.0218747677494,0.0316236154557,-0.0204198079606,0.0044974111804,11.2502472875,-7.78547114733,0.587317778961,0.595778928829,-0.191127285575,11.2502472875,1.00664775415,0.00392934778217,-0.00300496994875,0.000690576330266,11.2502472875,-1.51383724985,0.115179145206,0.115294133661,-0.0370470310227,11.2502472875
1789944729.99,0.930036067963,,0,0.0228148121794,0.0310127149769,-0.0202848124433,0.0044974111804,11.6254506875,-7.76757452716,0.605114740736,0.590042000238,-0.191127285575,11.6254506875,1.00676434793,0.00383946088339,-0.00298424142178,0.000690576330266,11.6254506875,-1.51032822963,0.118623156028,0.114182119901,-0.0370470310227,11.6254506875
1789944730.02,0.970015466213,,0,0.0240385193398,0.030205334128,-0.0201050085438,0.0044974111804,12.1251934625,-7.74291287708,0.628551534313,0.582400841833,-0.191127285575,12.1251934625,1.00691546977,0.00372070452902,-0.00295663257925,0.000690576330266,12.1251934625,-1.50549488724,0.123158484046,0.112701001014,-0.0370470310227,12.1251934625
1789944730.05,1.00001454353,,0,0.0249356252011,0.0296042260193,-0.0199700903326,0.0044974111804,12.500182,-7.72379570307,0.645937023485,0.576667198529,-0.191127285575,12.500182,1.0070257602,0.00363231900323,-0.0029359159226,0.000690576330266,12.500182,-1.5017497,0.126522740585,0.111589624055,-0.0370470310227,12.500182
1789944730.09,1.03000938892,,0,0.0258146340877,0.029007250803,-0.0198351915006,0.0044974111804,12.875116675,-7.70416241782,0.663148048462,0.570934378793,-0.191127285575,12.875116675,1.00713339319,0.00354456751974,-0.00291520224165,0.000690576330266,12.875116675,-1.49790464778,0.129853180783,0.110478406732,-0.0370470310227,12.875116675
1789944730.12,1.07001757622,,0,0.026959337212,0.0282172785817,-0.0196552578733,0.0044974111804,13.3752200125,-7.67717611727,0.685837178492,0.563287707321,-0.191127285575,13.3752200125,1.00727287944,0.00342848801954,-0.00288757347944,0.000690576330266,13.3752200125,-1.4926214232,0.1342435805,0.108996219224,-0.0370470310227,13.3752200125
1789944730.15,1.10000145435,,0,0.0277965848309,0.0276299598565,-0.0195204081531,0.0044974111804,13.7500181875,-7.65635972743,0.702640800143,0.557556974695,-0.191127285575,13.7500181875,1.00737438382,0.00334221786286,-0.00286686733958,0.000690576330266,13.7500181875,-1.48854745421,0.137495054,0.107885406454,-0.0370470310227,13.7500181875
1789944730.19,1.13002586365,,0,0.0286173801209,0.0270458980741,-0.0193853759954,0.0044974111804,14.125323425,-7.63501289856,0.719294977018,0.55181848899,-0.191127285575,14.125323425,1.00747344289,0.00325645310209,-0.00284613318649,0.000690576330266,14.125323425,-1.48437078472,0.140717552333,0.106773090872,-0.0370470310227,14.125323425
1789944730.22,1.17000079155,,0,0.0296830963613,0.0262745629261,-0.0192055924107,0.0044974111804,14.6250097375,-7.605820284,0.741201158657,0.544178193906,-0.191127285575,14.6250097375,1.0076013526,0.00314323096642,-0.00281852746329,0.000690576330266,14.6250097375,-1.47866069703,0.144956196048,0.105292139327,-0.0370470310227,14.6250097375
1789944730.25,1.20000004768,,0,0.030462693289,0.0257004321095,-0.0190706731695,0.0044974111804,15.0000011375,-7.58334075024,0.757440126746,0.538444506835,-0.191127285575,15.0000011375,1.00769438219,0.00305898782676,-0.0027978106485,0.000690576330266,15.0000011375,-1.47426489829,0.148098217388,0.104180753884,-0.0370470310227,15.0000011375
1789944730.29,1.23002338409,,0,0.0312257286362,0.0251298957406,-0.0189356463278,0.0044974111804,15.3752916,-7.56035813235,0.773519833219,0.532706247043,-0.191127285575,15.3752916,1.00778496506,0.00297529973553,-0.00277707731167,0.000690576330266,15.3752916,-1.46977172351,0.151209363853,0.103068482092,-0.0370470310227,15.3752916
1789944730.32,1.27006697655,,0,0.0322168892105,0.0243752481382,-0.0187555533302,0.0044974111804,15.8758378875,-7.52895848252,0.794698127838,0.525052802784,-0.191127285575,15.8758378875,1.00790188795,0.00286464894538,-0.0027494240782,0.000690576330266,15.8758378875,-1.46363450206,0.155306905115,0.101584981784,-0.0370470310227,15.8758378875
1789944730.35,1.30000019073,,0,0.0329381346079,0.0238158503587,-0.0186209316917,0.0044974111804,16.2500021375,-7.50493630475,0.810328982548,0.519331762987,-0.191127285575,16.2500021375,1.00798640724,0.00278265942527,-0.00272875296023,0.000690576330266,16.2500021375,-1.45894033462,0.158331065659,0.100476047818,-0.0370470310227,16.2500021375
1789944730.39,1.33000648022,,0,0.0336443987499,0.0232591287645,-0.0184859807752,0.0044974111804,16.625081575,-7.48038834794,0.825826192071,0.513596729806,-0.191127285575,16.625081575,1.00806867936,0.00270109038625,-0.0027080312817,0.000690576330266,16.625081575,-1.45414432989,0.161329307391,0.0993644014537,-0.0370470310227,16.625081575
1789944730.42,1.3700274229,,0,0.0345604924921,0.0225229059463,-0.0183059905975,0.0044974111804,17.1253420875,-7.44692882544,0.846227703931,0.505947655099,-0.191127285575,17.1253420875,1.00817461796,0.00259326573381,-0.00268039383619,0.000690576330266,17.1253420875,-1.44760861674,0.165276285786,0.0978817481156,-0.0370470310227,17.1253420875
1789944730.45,1.40002179146,,0,0.0352278394342,0.0219758515853,-0.0181710933891,0.0044974111804,17.50027225,-7.42131999014,0.861317331608,0.50021490436,-0.191127285575,17.50027225,1.00825119882,0.0025131795377,-0.00265968040453,0.000690576330266,17.50027225,-1.4426073878,0.168195526409,0.0967705441667,-0.0370470310227,17.50027225
1789944730.49,1.43008244038,,0,0.0358802577907,0.0214316489856,-0.0180358983486,0.0044974111804,17.8760302,-7.3952031011,0.876267754464,0.494469496599,-0.191127285575,17.8760302,1.00832554802,0.00243353987001,-0.00263892124084,0.000690576330266,17.8760302,-1.43750776807,0.171087771889,0.0956568868522,-0.0370470310227,17.8760302
1789944730.52,1.46999454498,,0,0.0367213238274,0.0207153791299,-0.0178563968686,0.0044974111804,18.3749324375,-7.35983753041,0.895850878356,0.486841190165,-0.191127285575,18.3749324375,1.00842058134,0.00232876481093,-0.00261135883473,0.000690576330266,18.3749324375,-1.43060348502,0.174876139053,0.0941782591186,-0.0370470310227,18.3749324375
1789944730.55,1.50001430511,,0,0.0373351684648,0.0201813612201,-0.0177213857498,0.0044974111804,18.7501792,-7.33272581389,0.910379604286,0.481103598554,-0.191127285575,18.7501792,1.00848931672,0.00225068366351,-0.00259062791216,0.000690576330266,18.7501792,-1.42531147965,0.177686652888,0.0930661168425,-0.0370470310227,18.7501792
1789944730.59,1.52999424934,,0,0.037932259834,0.0196520970418,-0.0175865538303,0.0044974111804,19.1249279,-7.30521737982,0.924717148091,0.47537362241,-0.191127285575,19.1249279,1.00855563086,0.00217332725112,-0.0025699245056,0.000690576330266,19.1249279,-1.41994279501,0.180460116564,0.0919554507054,-0.0370470310227,19.1249279
1789944730.62,1.56999361515,,0,0.0387043107135,0.0189522435923,-0.017406660167,0.0044974111804,19.6249201625,-7.26785101777,0.943578901635,0.467728649295,-0.191127285575,19.6249201625,1.00864051409,0.00207108430564,-0.00254230187985,0.000690576330266,19.6249201625,-1.41265133512,0.184108640964,0.0904735923966,-0.0370470310227,19.6249201625
1789944730.65,1.6000007391,,0,0.0392651975491,0.0184319436632,-0.0172717055537,0.0044974111804,20.000009875,-7.23932716073,0.957528069568,0.461993459007,-0.191127285575,20.000009875,1.00870152001,0.0019951079112,-0.00252157963368,0.000690576330266,20.000009875,-1.40708618877,0.186806818924,0.0893619155793,-0.0370470310227,20.000009875
1789944730.69,1.62999820709,,0,0.0398103570516,0.0179158610758,-0.017136794961,0.0044974111804,20.3749772375,-7.21039681773,0.971300674765,0.456260139473,-0.191127285575,20.3749772375,1.00876023663,0.00191977781129,-0.00250086414687,0.000690576330266,20.3749772375,-1.40144243276,0.189470774805,0.0882506013785,-0.0370470310227,20.3749772375
1789944730.72,1.67004919052,,0,0.040514208184,0.0172331231564,-0.0169566693437,0.0044974111804,20.8756141875,-7.17113140496,0.989421037895,0.448605308968,-0.191127285575,20.8756141875,1.00883512717,0.00182016968091,-0.00247320590465,0.000690576330266,20.8756141875,-1.39378356331,0.192975582574,0.086766832369,-0.0370470310227,20.8756141875
1789944730.75,1.70000851154,,0,0.0410229119897,0.0167271303992,-0.0168219297426,0.0044974111804,21.2501063,-7.14128850563,1.00277519542,0.442879256093,-0.191127285575,21.2501063,1.00888855147,0.00174638391075,-0.00245251667355,0.000690576330266,21.2501063,-1.38796336327,0.195558436085,0.0856569266963,-0.0370470310227,21.2501063
1789944730.79,1.73002481461,,0,0.0415174416048,0.0162242234432,-0.0166869338565,0.0044974111804,21.625310725,-7.11099019885,1.01598271487,0.437142311831,-0.191127285575,21.625310725,1.00893986983,0.00167307940034,-0.00243178808995,0.000690576330266,21.625310725,-1.38205499136,0.198112855375,0.0845449098984,-0.0370470310227,21.625310725
1789944730.82,1.76999092102,,0,0.042152581136,0.0155609039557,-0.016507189966,0.0044974111804,22.1248867125,-7.07003826595,1.03330093643,0.429503703636,-0.191127285575,22.1248867125,1.00900480147,0.00157644188988,-0.00240418846178,0.000690576330266,22.1248867125,-1.37407007023,0.201462196543,0.0830642853299,-0.0370470310227,22.1248867125
1789944730.85,1.80000555515,,0,0.0426122197923,0.0150674735483,-0.0163722021033,0.0044974111804,22.5000688375,-7.03883157954,1.04610621457,0.423767100344,-0.191127285575,22.5000688375,1.00905103787,0.00150459226828,-0.00238346111018,0.000690576330266,22.5000688375,-1.36798602074,0.203938647989,0.0819523346239,-0.0370470310227,22.5000688375
1789944730.89,1.83000195026,,0,0.0430568440746,0.0145783899856,-0.016237296017,0.0044974111804,22.875023675,-7.00726238318,1.05873170995,0.41803397232,-0.191127285575,22.875023675,1.00909510101,0.00143340773092,-0.00236274631532,0.000690576330266,22.875023675,-1.36183189511,0.206380254785,0.0808410575442,-0.0370470310227,22.875023675
1789944730.92,1.87000620365,,0,0.0436270981371,0.0139324265453,-0.016057380096,0.0044974111804,23.3750778,-6.96457607024,1.07530194399,0.410388053316,-0.191127285575,23.3750778,1.00915056029,0.00133944022829,-0.00233512027192,0.000690576330266,23.3750778,-1.35351149974,0.209584603087,0.0793590158896,-0.0370470310227,23.3750778
1789944730.95,1.90000200272,,0,0.0440378082572,0.0134527965524,-0.0159224768476,0.0044974111804,23.75002475,-6.93213781283,1.08752586096,0.404655045893,-0.191127285575,23.75002475,1.00918969041,0.00126970720182,-0.00231440591281,0.000690576330266,23.75002475,-1.34718931632,0.211948370316,0.0782477621866,-0.0370470310227,23.75002475
1789944730.99,1.92999958992,,0,0.0444342156003,0.0129771846195,-0.0157875654904,0.0044974111804,24.1249942375,-6.89933348638,1.09957853129,0.398921693867,-0.191127285575,24.1249942375,1.00922674032,0.00120059138268,-0.0022936903086,0.000690576330266,24.1249942375,-1.34079634348,0.214278943728,0.0771364416877,-0.0370470310227,24.1249942375
1789944731.02,1.97000038624,,0,0.0449407320812,0.0123492658039,-0.015607664973,0.0044974111804,24.62500555,-6.85503223704,1.11538285132,0.391276429474,-0.191127285575,24.62500555,1.00927293739,0.00110939418061,-0.00226606663042,0.000690576330266,24.62500555,-1.33216367506,0.217334832238,0.0756545269192,-0.0370470310227,24.62500555
1789944731.05,2.00000143051,,0,0.0453042198801,0.0118830427161,-0.015472737704,0.0044974111804,25.0000192625,-6.82139430083,1.12703555987,0.38554240124,-0.191127285575,25.0000192625,1.00930520374,0.00104172047789,-0.00224534858295,0.000690576330266,25.0000192625,-1.32560951138,0.219587878655,0.0745430753479,-0.0370470310227,25.0000192625
1789944731.09,2.03000378609,,0,0.0456537951644,0.0114208488363,-0.0153378049345,0.0044974111804,25.3750482625,-6.78740795866,1.13851670578,0.379808139258,-0.191127285575,25.3750482625,1.00933545031,0.000974665618612,-0.0022246296909,0.000690576330266,25.3750482625,-1.31898798275,0.221807670113,0.0734315784681,-0.0370470310227,25.3750482625
1789944731.12,2.06999874115,,0,0.046098351213,0.0108110125705,-0.015157931631,0.0044974111804,25.8749839375,-6.74157141881,1.15355421437,0.372164031376,-0.191127285575,25.8749839375,1.00937266004,0.000886244197845,-0.0021970101914,0.000690576330266,25.8749839375,-1.31005848224,0.224714925374,0.0719498878712,-0.0370470310227,25.8749839375
1789944731.15,2.10000228882,,0,0.046415918598,0.0103582435776,-0.0150229928666,0.0044974111804,26.2500296,-6.70679392423,1.1646344666,0.36642951462,-0.191127285575,26.2500296,1.00939826482,0.000820636701459,-0.00217629037882,0.000690576330266,26.2500296,-1.30328399503,0.226857009618,0.0708383416078,-0.0370470310227,26.2500296
1789944731.19,2.13000941277,,0,0.0467199957383,0.00990947254675,-0.0148880387884,0.0044974111804,26.625117825,-6.67168256004,1.17554389055,0.360694347077,-0.191127285575,26.625117825,1.00942191303,0.000755643535425,-0.00215556821482,0.000690576330266,26.625117825,-1.29644495816,0.228965980835,0.0697266691991,-0.0370470310227,26.625117825
1789944731.22,2.17001318932,,0,0.0471045476906,0.00931749287146,-0.0147081252016,0.0044974111804,27.1251654625,-6.62436975323,1.18982010807,0.353048527268,-0.191127285575,27.1251654625,1.00945042423,0.000669965158303,-0.00212794252982,0.000690576330266,27.1251654625,-1.28723004965,0.231725670058,0.068244646772,-0.0370470310227,27.1251654625
1789944731.25,2.20000362396,,0,0.0473773877347,0.0088784146459,-0.0145732465945,0.0044974111804,27.500043925,-6.58852880897,1.20032217966,0.347316567031,-0.191127285575,27.500043925,1.00946956283,0.00060645813034,-0.00210723195439,0.000690576330266,27.500043925,-1.28025000898,0.233755685559,0.0671335960496,-0.0370470310227,27.500043925
1789944731.29,2.23006176949,,0,0.0476376950393,0.00844239870117,-0.0144380618621,0.0044974111804,27.875773225,-6.55229307612,1.21067559837,0.341571597333,-0.191127285575,27.875773225,1.00948684313,0.000543430196621,-0.0020864743735,0.000690576330266,27.875773225,-1.27319354012,0.235756874212,0.0660200236469,-0.0370470310227,27.875773225
1789944731.32,2.26999235153,,0,0.0479633409479,0.00786946632095,-0.0142584783673,0.0044974111804,28.3749034125,-6.50368001775,1.2241623237,0.333939805503,-0.191127285575,28.3749034125,1.00950688648,0.000460666949586,-0.00205889937404,0.000690576330266,28.3749034125,-1.26372743099,0.238363546557,0.0645407203237,-0.0370470310227,28.3749034125
1789944731.35,2.30000758171,,0,0.0481931435967,0.00744351810501,-0.0141234867087,0.0044974111804,28.7500960875,-6.46678671282,1.23409956953,0.328203040899,-0.191127285575,28.7500960875,1.00951978924,0.000399179311257,-0.00203817143959,0.000690576330266,28.7500960875,-1.25654394425,0.240284074698,0.0634287383501,-0.0370470310227,28.7500960875
1789944731.39,2.3299946785,,0,0.0484100224609,0.00702201931639,-0.0139886228802,0.0044974111804,29.124933475,-6.42963307579,1.24385545846,0.322471708707,-0.191127285575,29.124933475,1.00953084615,0.000338371172537,-0.00201746313339,0.000690576330266,29.124933475,-1.24931019617,0.242169454995,0.0623178093642,-0.0370470310227,29.124933475
1789944731.42,2.37000250816,,0,0.0486798109237,0.00646596423556,-0.0138086912272,0.0044974111804,29.625031325,-6.37961308209,1.25660388943,0.31482512114,-0.191127285575,29.625031325,1.00954277641,0.000258209531819,-0.00198983467434,0.000690576330266,29.625031325,-1.23957204391,0.244633005967,0.0608356381191,-0.0370470310227,29.625031325
1789944731.45,2.4000184536,,0,0.0488676920371,0.00605351081021,-0.0136736976753,0.0044974111804,30.0002292625,-6.34175410761,1.26596753023,0.309088276072,-0.191127285575,30.0002292625,1.00954963353,0.00019879407005,-0.00196910644916,0.000690576330266,30.0002292625,-1.232201942,0.246442349675,0.0597236405487,-0.0370470310227,30.0002292625
1789944731.49,2.43000531197,,0,0.0490430906559,0.00564550065362,-0.0135388341165,0.0044974111804,30.3750659,-6.30365351702,1.27515020667,0.303356955347,-0.191127285575,30.3750659,1.00955471253,0.000140057099481,-0.00194839818439,0.000690576330266,30.3750659,-1.22478520653,0.248216621721,0.0586127137857,-0.0370470310227,30.3750659
1789944731.52,2.47000789642,,0,0.0492581408105,0.00510751063163,-0.0133589260255,0.0044974111804,30.8750982625,-6.2524035295,1.28713234866,0.295711369096,-0.191127285575,30.8750982625,1.00955876362,6.26686602849e-05,-0.00192077334328,0.000690576330266,30.8750982625,-1.21480939803,0.25053164056,0.05713073663,-0.0370470310227,30.8750982625
1789944731.55,2.50000238419,,0,0.0494053490233,0.00470883921962,-0.0132240283584,0.0044974111804,31.2500297,-6.2136644571,1.29591609192,0.289978598861,-0.191127285575,31.2500297,1.00955978241,5.36664115291e-06,-0.00190005984119,0.000690576330266,31.2500297,-1.20726929017,0.252228584228,0.0560195289023,-0.0370470310227,31.2500297
1789944731.59,2.53000950813,,0,0.0495407148121,0.00431404758287,-0.0130890735112,0.0044974111804,31.6251200625,-6.17464791359,1.30453149741,0.284243398635,-0.191127285575,31.6251200625,1.00955909112,-5.13379804833e-05,-0.0018793375591,0.000690576330266,31.6251200625,-1.19967555517,0.253892895861,0.0549078501586,-0.0370470310227,31.6251200625
1789944731.62,2.57002806664,,0,0.04970292342,0.00379384442363,-0.0129090940958,0.0044974111804,32.1253506625,-6.12221702469,1.31575343418,0.276594781296,-0.191127285575,32.1253506625,1.00955553918,-0.000125993182095,-0.00185170176614,0.000690576330266,32.1253506625,-1.18947158443,0.256060557838,0.0534252854741,-0.0370470310227,32.1253506625
1789944731.65,2.60000252724,,0,0.0498108626959,0.00340892222612,-0.0127742868131,0.0044974111804,32.5000308875,-6.08265468368,1.32395834111,0.270865852147,-0.191127285575,32.5000308875,1.00955093386,-0.000181186635259,-0.00183100214255,0.000690576330266,32.5000308875,-1.18177248413,0.257645306933,0.0523148222806,-0.0370470310227,32.5000308875
1789944731.69,2.63006019592,,0,0.0499075770682,0.0030269872629,-0.0126391046533,0.0044974111804,32.8757530375,-6.04273795124,1.33201362629,0.265120991774,-0.191127285575,32.8757530375,1.00954466379,-0.000235910522812,-0.00181024495667,0.000690576330266,32.8757530375,-1.17400477549,0.259201038499,0.0512012710688,-0.0370470310227,32.8757530375
1789944731.72,2.67002034187,,0,0.0500184925901,0.00252551763333,-0.0124593874729,0.0044974111804,33.3752547875,-5.98930085856,1.34245530099,0.257483518685,-0.191127285575,33.3752547875,1.0095337988,-0.000307696804156,-0.00178264942983,0.000690576330266,33.3752547875,-1.16360658026,0.261217469873,0.0497208665225,-0.0370470310227,33.3752547875
1789944731.75,2.70000481606,,0,0.0500886380265,0.00215395214335,-0.0123245353106,0.0044974111804,33.75005975,-5.9489332575,1.3500898712,0.251752682276,-0.191127285575,33.75005975,1.00952377445,-0.000360838036192,-0.00176194291499,0.000690576330266,33.75005975,-1.15575194727,0.262691666247,0.0486100336367,-0.0370470310227,33.75005975
1789944731.79,2.73000073433,,0,0.0501477233895,0.00178629040848,-0.0121896316034,0.0044974111804,34.125007975,-5.90832375573,1.35755542537,0.246019655358,-0.191127285575,34.125007975,1.00951216125,-0.00041337835213,-0.00174122848545,0.000690576330266,34.125007975,-1.14785058352,0.264133099352,0.0474987761548,-0.0370470310227,34.125007975
1789944731.82,2.76999163628,,0,0.0502094595739,0.00130241095692,-0.0120097755565,0.0044974111804,34.6248956875,-5.85383904362,1.36724116843,0.238376280832,-0.191127285575,34.6248956875,1.00949424483,-0.000482459637138,-0.00171361163568,0.000690576330266,34.6248956875,-1.1372500452,0.266002999402,0.0460172277074,-0.0370470310227,34.6248956875
1789944731.85,2.80001616478,,0,0.0502431708236,0.000943851174565,-0.0118747432548,0.0044974111804,35.000201325,-5.81268179607,1.37431213786,0.232637789011,-0.191127285575,35.000201325,1.00947898998,-0.000533598619613,-0.00169287746049,0.000690576330266,35.000201325,-1.12924287678,0.267367943051,0.0449049109397,-0.0370470310227,35.000201325
1789944731.89,2.8299934864,,0,0.0502661496712,0.000589897293438,-0.0117399222776,0.0044974111804,35.3749196125,-5.77137973317,1.38120015047,0.22690827788,-0.191127285575,35.3749196125,1.0094622365,-0.00058403649843,-0.0016721757341,0.000690576330266,35.3749196125,-1.12120785364,0.268697432231,0.043794334938,-0.0370470310227,35.3749196125
1789944731.92,2.87000060081,,0,0.0502804024827,0.000123815711889,-0.0115599936874,0.0044974111804,35.87500895,-5.715942304,1.39012514683,0.21926182047,-0.191127285575,35.87500895,1.00943754001,-0.000650382820331,-0.00164454774534,0.000690576330266,35.87500895,-1.11042338336,0.27041987041,0.042312188922,-0.0370470310227,35.87500895
1789944731.95,2.89999938011,,0,0.0502789354774,-0.000220945673881,-0.0114250770952,0.0044974111804,36.2499929875,-5.67414252533,1.39661672149,0.213528245972,-0.191127285575,36.2499929875,1.00941729248,-0.00069940641971,-0.0016238313373,0.000690576330266,36.2499929875,-1.1022922604,0.2716725123,0.0412008253003,-0.0370470310227,36.2499929875
1789944731.99,2.9300198555,,0,0.050267174615,-0.000561904176384,-0.0112900631295,0.0044974111804,36.6252476625,-5.63212021257,1.40294079515,0.207790533378,-0.191127285575,36.6252476625,1.00939556744,-0.000747843262183,-0.00160309997759,0.000690576330266,36.6252476625,-1.09411815146,0.272892682669,0.0400886595734,-0.0370470310227,36.6252476625
1789944732.02,2.97001242638,,0,0.0502357217913,-0.00100982712388,-0.0111101997337,0.0044974111804,37.1251558,-5.5758487572,1.41109804379,0.200146846549,-0.191127285575,37.1251558,1.00936438456,-0.000811403222024,-0.00157548199943,0.000690576330266,37.1251558,-1.08317278545,0.274466307705,0.0386070505912,-0.0370470310227,37.1251558
1789944732.05,2.99999785423,,0,0.0502004673258,-0.00134094805355,-0.0109753434653,0.0044974111804,37.499972175,-5.53344742583,1.41701358596,0.194415835642,-0.191127285575,37.499972175,1.00933934921,-0.00085833408309,-0.00155477485408,0.000690576330266,37.499972175,-1.07492563843,0.275607297244,0.0374961838814,-0.0370470310227,37.499972175
1789944732.09,3.03001070023,,0,0.0501552985456,-0.00166832535001,-0.010840362704,0.0044974111804,37.8751345625,-5.4908319081,1.4227625049,0.18867953414,-0.191127285575,37.8751345625,1.00931289089,-0.000904686498247,-0.0015340485929,0.000690576330266,37.8751345625,-1.06663711813,0.276715984268,0.0363842916727,-0.0370470310227,37.8751345625
1789944732.12,3.07000350952,,0,0.0500799564853,-0.00209826434224,-0.010660498989,0.0044974111804,38.3750435875,-5.43378291165,1.43015546686,0.181035833741,-0.191127285575,38.3750435875,1.00927549059,-0.000965485017116,-0.0015064305657,0.000690576330266,38.3750435875,-1.05554179081,0.27814146429,0.0349026800601,-0.0370470310227,38.3750435875
1789944732.15,3.100004673,,0,0.0500122288653,-0.00241606725499,-0.0105255716209,0.0044974111804,38.750057575,-5.39079603526,1.43550073076,0.175301801303,-0.191127285575,38.750057575,1.00924585012,-0.00101036883725,-0.00148571250304,0.000690576330266,38.750057575,-1.04718169499,0.27917191134,0.0337912276738,-0.0370470310227,38.750057575
1789944732.19,3.12999892235,,0,0.0499350458191,-0.00272975255752,-0.0103906743946,0.0044974111804,39.1249877875,-5.34766103088,1.44067283082,0.169569049799,-0.191127285575,39.1249877875,1.00921487948,-0.00105462127391,-0.00146499906862,0.000690576330266,39.1249877875,-1.03879306249,0.280168794554,0.0326800235767,-0.0370470310227,39.1249877875
1789944732.22,3.17000746727,,0,0.0498175644693,-0.00314186831413,-0.0102107397554,0.0044974111804,39.6250939375,-5.2898882106,1.44730406603,0.161922335323,-0.191127285575,39.6250939375,1.00917152055,-0.00111268098177,-0.00143737015104,0.000690576330266,39.6250939375,-1.02755817182,0.281446622806,0.0311978277324,-0.0370470310227,39.6250939375
1789944732.25,3.19999837875,,0,0.0497187657054,-0.00344607346018,-0.0100758590255,0.0044974111804,39.9999783,-5.24641051679,1.45207428391,0.156190284874,-0.191127285575,39.9999783,1.0091375071,-0.00115547822146,-0.00141665924965,0.000690576330266,39.9999783,-1.01910351299,0.282365608143,0.0300867595238,-0.0370470310227,39.9999783
1789944732.29,3.2300055027,,0,0.0496108429256,-0.00374639618521,-0.00994090466401,0.0044974111804,40.3750673125,-5.20276848973,1.45667505657,0.15045510529,-0.191127285575,40.3750673125,1.00910219984,-0.00119767718009,-0.00139593704215,0.000690576330266,40.3750673125,-1.01061715538,0.283251746097,0.0289750847812,-0.0370470310227,40.3750673125
1789944732.32,3.27000617981,,0,0.0494530793581,-0.00414044144146,-0.00976100499215,0.0044974111804,40.875076275,-5.14438211344,1.46254046135,0.142809876828,-0.191127285575,40.875076275,1.00905318247,-0.00125296318179,-0.00136831349379,0.000690576330266,40.875076275,-0.999264096734,0.284381131576,0.0274931769776,-0.0370470310227,40.875076275
1789944732.35,3.30000329018,,0,0.0493245062109,-0.00443122101492,-0.00962609515055,0.0044974111804,41.25004155,-5.10044656982,1.46673836958,0.137076589213,-0.191127285575,41.25004155,1.00901498453,-0.00129369808363,-0.00134759812231,0.000690576330266,41.25004155,-0.990721249824,0.285189182433,0.0263818689635,-0.0370470310227,41.25004155
1789944732.39,3.3300011158,,0,0.0491872682527,-0.00471795956194,-0.00949118251605,0.0044974111804,41.6250145875,-5.05638676678,1.47076437667,0.131343182907,-0.191127285575,41.6250145875,1.00897557315,-0.00133381240587,-0.00132688232197,0.000690576330266,41.6250145875,-0.982154486046,0.285963912829,0.0252705379433,-0.0370470310227,41.6250145875
1789944732.42,3.37004637718,,0,0.0489907749486,-0.0050944292312,-0.00931108306019,0.0044974111804,42.125578825,-4.99738653666,1.47587078557,0.12368946419,-0.191127285575,42.125578825,1.00892110394,-0.00138639388425,-0.00129922809684,0.000690576330266,42.125578825,-0.970683155832,0.28694617048,0.0237869844365,-0.0370470310227,42.125578825
1789944732.45,3.40000724792,,0,0.0488339823237,-0.00537137914253,-0.00917633655107,0.0044974111804,42.5000901375,-4.95311345369,1.47949085059,0.117963117744,-0.191127285575,42.5000901375,1.00887898629,-0.00142500998389,-0.00127853780501,0.000690576330266,42.5000901375,-0.962075478676,0.28764222232,0.0226770218595,-0.0370470310227,42.5000901375
1789944732.49,3.43001151085,,0,0.048668707141,-0.00564468496018,-0.00904139453949,0.0044974111804,42.875144825,-4.90867001696,1.48294422785,0.112228462994,-0.191127285575,42.875144825,1.00883565735,-0.00146306086165,-0.00125781749383,0.000690576330266,42.875144825,-0.95343491272,0.288305956161,0.021565448848,-0.0370470310227,42.875144825
1789944732.52,3.47004652023,,0,0.0484355245519,-0.00600305288274,-0.00886134072336,0.0044974111804,43.3755822125,-4.84921246227,1.4872841239,0.104576683837,-0.191127285575,43.3755822125,1.0087760831,-0.00151286414565,-0.00123017027666,0.000690576330266,43.3755822125,-0.94187570001,0.289139639211,0.0200822712944,-0.0370470310227,43.3755822125
1789944732.55,3.49999809265,,0,0.0482517688628,-0.00626644696658,-0.00872663603116,0.0044974111804,43.7499773,-4.80461986081,1.49033063361,0.098852114492,-0.191127285575,43.7499773,1.00873022168,-0.00154939996474,-0.00120948640582,0.000690576330266,43.7499773,-0.933206661184,0.289724518086,0.0189726531807,-0.0370470310227,43.7499773
1789944732.59,3.53002047539,,0,0.0480597234432,-0.00652641344573,-0.00859161359237,0.0044974111804,44.125255525,-4.75983308252,1.49321226235,0.0931140418136,-0.191127285575,44.125255525,1.00868316324,-0.00158540025702,-0.00118875374506,0.000690576330266,44.125255525,-0.924500093668,0.290277424064,0.0178604176572,-0.0370470310227,44.125255525
1789944732.62,3.57002329826,,0,0.047791822347,-0.00686650363009,-0.00841170454341,0.0044974111804,44.62529055,-4.7000279455,1.49678416167,0.085468414852,-0.191127285575,44.62529055,1.00861879902,-0.00163240119924,-0.00116112875685,0.000690576330266,44.62529055,-0.912874288264,0.290962249038,0.0163784326105,-0.0370470310227,44.62529055
1789944732.65,3.60001111031,,0,0.0475821482228,-0.00711673089785,-0.00827683656371,0.0044974111804,45.000139475,-4.65510494001,1.49926124315,0.0797369062491,-0.191127285575,45.000139475,1.00856932773,-0.00166691051953,-0.00114041981325,0.000690576330266,45.000139475,-0.904141739515,0.291436746332,0.0152674694303,-0.0370470310227,45.000139475
1789944732.69,3.63000369072,,0,0.0473649975262,-0.00736295071257,-0.00814194817026,0.0044974111804,45.3750451375,-4.61010341351,1.50156678456,0.0740045301195,-0.191127285575,45.3750451375,1.00851882316,-0.00170080390417,-0.00111970773512,0.000690576330266,45.3750451375,-0.895394136279,0.291877992414,0.0141563380935,-0.0370470310227,45.3750451375
1789944732.72,3.6700656414,,0,0.0470635370323,-0.00768552475505,-0.00796177265418,0.0044974111804,45.875820775,-4.54989022915,1.50437818123,0.0663475790573,-0.191127285575,45.875820775,1.00844979432,-0.00174510751613,-0.00109204183096,0.000690576330266,45.875820775,-0.883689942037,0.292415394705,0.0126721580473,-0.0370470310227,45.875820775
1789944732.75,3.70001673698,,0,0.0468297962271,-0.00792197125954,-0.00782707030065,0.0044974111804,46.2502093625,-4.5048035641,1.5062796363,0.060623109099,-0.191127285575,46.2502093625,1.00839703973,-0.00177750560918,-0.00107135831921,0.000690576330266,46.2502093625,-0.874926265117,0.292778322767,0.0115625591981,-0.0370470310227,46.2502093625
1789944732.79,3.73003053665,,0,0.0465885233272,-0.00815486500783,-0.00769208629673,0.0044974111804,46.6253807625,-4.45956807682,1.50801307492,0.0548866697944,-0.191127285575,46.6253807625,1.00834321075,-0.00180935000574,-0.00105063156012,0.000690576330266,46.6253807625,-0.866133859889,0.293108671681,0.0104506402785,-0.0370470310227,46.6253807625
1789944732.82,3.76999235153,,0,0.0462565463682,-0.00845866337402,-0.00751236176306,0.0044974111804,47.12490295,-4.39926340502,1.51005383393,0.0472488842119,-0.191127285575,47.12490295,1.00827007436,-0.00185078370207,-0.00102303490419,0.000690576330266,47.12490295,-0.854412766596,0.29349671681,0.00897017516034,-0.0370470310227,47.12490295
1789944732.85,3.80000019073,,0,0.0459993573634,-0.00868206883581,-0.00737740379915,0.0044974111804,47.500001975,-4.35392941488,1.51138562205,0.0415135515343,-0.191127285575,47.500001975,1.00821407869,-0.00188117193019,-0.00100231214354,0.000690576330266,47.500001975,-0.845601668144,0.293749213157,0.00785847074307,-0.0370470310227,47.500001975
1789944732.89,3.83006620407,,0,0.0457350083859,-0.00890184495665,-0.00724218472905,0.0044974111804,47.8758267125,-4.30847022891,1.51254738162,0.0357671225798,-0.191127285575,47.8758267125,1.00815706951,-0.00191099529829,-0.000981549290094,0.000690576330266,47.8758267125,-0.8367664264,0.293968741199,0.00674461548633,-0.0370470310227,47.8758267125
1789944732.92,3.87000274658,,0,0.0453737704035,-0.00918748735795,-0.00706257297246,0.0044974111804,48.37503545,-4.24803758523,1.51382338416,0.0281341297051,-0.191127285575,48.37503545,1.00807997524,-0.00194964442296,-0.000953969951056,0.000690576330266,48.37503545,-0.825021299934,0.294208554983,0.00526507935953,-0.0370470310227,48.37503545
1789944732.95,3.89999508858,,0,0.0450950603918,-0.00939728724435,-0.00692768534807,0.0044974111804,48.749938975,-4.20262277296,1.51458122788,0.0224017862583,-0.191127285575,48.749938975,1.008021075,-0.00197794555928,-0.000933257991016,0.000690576330266,48.749938975,-0.816195112502,0.29434980414,0.00415395435784,-0.0370470310227,48.749938975
1789944732.99,3.93000745773,,0,0.0448099260517,-0.00960317779211,-0.0067927075146,0.0044974111804,49.125093225,-4.15715741822,1.51516747985,0.0166656091803,-0.191127285575,49.125093225,1.00796129502,-0.00200564380036,-0.000912532179396,0.000690576330266,49.125093225,-0.807359282202,0.294457789149,0.00304208626679,-0.0370470310227,49.125093225
1789944733.02,3.97000074387,,0,0.0444204785384,-0.00987124408926,-0.00661284104263,0.0044974111804,49.6250099125,-4.09654952725,1.51568114227,0.00902179162068,-0.191127285575,49.6250099125,1.00788036022,-0.00204158672854,-0.000884913728877,0.000690576330266,49.6250099125,-0.795580895309,0.294549824576,0.00156045194435,-0.0370470310227,49.6250099125
1789944733.05,4.00005245209,,0,0.0441208651314,-0.0100679404138,-0.00647768617307,0.0044974111804,50.0006562125,-4.05099751692,1.51586595848,0.00327809100826,-0.191127285575,50.0006562125,1.0078186106,-0.00206786806254,-0.00086416073341,0.000690576330266,50.0006562125,-0.786728634117,0.294579990138,0.000447125533973,-0.0370470310227,50.0006562125
1789944733.09,4.03001356125,,0,0.0438163302196,-0.0102600011057,-0.00634293830573,0.0044974111804,50.3751713,-4.00557972856,1.51587838906,-0.0024483131582,-0.191127285575,50.3751713,1.00775627,-0.00209344940498,-0.00084347023303,0.000690576330266,50.3751713,-0.777902627434,0.294576758482,-0.000662848231234,-0.0370470310227,50.3751713
1789944733.12,4.07009410858,,0,0.0434000570082,-0.0105106172322,-0.00616267951559,0.0044974111804,50.8761783875,-3.94482648081,1.51562674089,-0.0101088031332,-0.191127285575,50.8761783875,1.00767169328,-0.00212670148135,-0.000815791542156,0.000690576330266,50.8761783875,-0.766096753907,0.294520434013,-0.00214771424029,-0.0370470310227,50.8761783875
1789944733.15,4.10001277924,,0,0.043082855867,-0.0106929831566,-0.00602812323347,0.0044974111804,51.2501609875,-3.89948641588,1.51523875834,-0.0158270654684,-0.191127285575,51.2501609875,1.00760770329,-0.0021507997533,-0.000795130459636,0.000690576330266,51.2501609875,-0.757286239086,0.294439596566,-0.00325610983902,-0.0370470310227,51.2501609875
1789944733.19,4.13002204895,,0,0.0427592741953,-0.0108718570944,-0.00589315962981,0.0044974111804,51.6252756875,-3.8540233367,1.51467774125,-0.0215626378197,-0.191127285575,51.6252756875,1.00754280465,-0.00217435001372,-0.000774406833,0.000690576330266,51.6252756875,-0.748451982422,0.294325202029,-0.00436786071326,-0.0370470310227,51.6252756875
1789944733.22,4.17001867294,,0,0.0423197709765,-0.011103966194,-0.00571327841982,0.0044974111804,52.1252333375,-3.79346064414,1.51366243286,-0.0292070817034,-0.191127285575,52.1252333375,1.00745522596,-0.00220477129587,-0.000746786119462,0.000690576330266,52.1252333375,-0.736683860279,0.294120869794,-0.00584961643883,-0.0370470310227,52.1252333375
1789944733.25,4.20000743866,,0,0.0419842255082,-0.0112732792267,-0.00557840565488,0.0044974111804,52.5000955625,-3.74808144739,1.51270059824,-0.0349387936657,-0.191127285575,52.5000955625,1.00738877442,-0.00222685611733,-0.000726076441086,0.000690576330266,52.5000955625,-0.727866272907,0.293928786859,-0.00696061903714,-0.0370470310227,52.5000955625
1789944733.29,4.23011064529,,0,0.0416423590076,-0.0114391681564,-0.00544302013559,0.0044974111804,52.876382925,-3.70256133748,1.51156223731,-0.040692296241,-0.191127285575,52.876382925,1.00732141355,-0.00224840029179,-0.000705288029413,0.000690576330266,52.876382925,-0.719021460126,0.293702465597,-0.0080758454045,-0.0370470310227,52.876382925
1789944733.32,4.26999092102,,0,0.041181879685,-0.0116526614626,-0.00526366163721,0.0044974111804,53.3748877625,-3.64231403037,1.50978742404,-0.048314526356,-0.191127285575,53.3748877625,1.00723119292,-0.00227597828942,-0.000677747578109,0.000690576330266,53.3748877625,-0.707315305864,0.29335093712,-0.00955329533888,-0.0370470310227,53.3748877625
1789944733.35,4.30000209808,,0,0.0408298204865,-0.011808604349,-0.00512868943001,0.0044974111804,53.750026375,-3.59702628425,1.50825138162,-0.0540504643337,-0.191127285575,53.750026375,1.00716258623,-0.00229600724318,-0.0006570226304,0.000690576330266,53.750026375,-0.69851599384,0.293047548832,-0.0106651170841,-0.0370470310227,53.750026375
1789944733.39,4.33001375198,,0,0.0404731359426,-0.0119604991243,-0.00499371492463,0.0044974111804,54.125171375,-3.55178644968,1.5065431669,-0.0597864999775,-0.191127285575,54.125171375,1.0070933866,-0.00231541454384,-0.000636297329806,0.000690576330266,54.125171375,-0.689726137943,0.292710787545,-0.0117769577603,-0.0370470310227,54.125171375
1789944733.42,4.3700261116,,0,0.0399906156581,-0.0121567105039,-0.00481376175606,0.0044974111804,54.625329025,-3.49155562247,1.50399795461,-0.0674340018978,-0.191127285575,54.625329025,1.00700023883,-0.00234032165251,-0.000608665567047,0.000690576330266,54.625329025,-0.678023837824,0.292209904387,-0.0132593062384,-0.0370470310227,54.625329025
1789944733.45,4.40001487732,,0,0.039623906298,-0.0122990470574,-0.00467888985012,0.0044974111804,55.0001888625,-3.44648372989,1.50188974769,-0.0731656773548,-0.191127285575,55.0001888625,1.00692978483,-0.00235826426747,-0.000587956020571,0.000690576330266,55.0001888625,-0.669266945995,0.291795615172,-0.0143703017607,-0.0370470310227,55.0001888625
1789944733.49,4.43003463745,,0,0.0392526069077,-0.0124374785926,-0.00454387974773,0.0044974111804,55.3754328,-3.40143155724,1.49960723033,-0.078903225771,-0.191127285575,55.3754328,1.00685872907,-0.00237560325827,-0.000567225254066,0.000690576330266,55.3754328,-0.660514025237,0.291347532823,-0.0154824356642,-0.0370470310227,55.3754328
1789944733.52,4.4700460434,,0,0.0387513760697,-0.0126156858601,-0.00436393176468,0.0044974111804,55.8755760375,-3.34149528322,1.4962972077,-0.0865505073216,-0.191127285575,55.8755760375,1.00676323105,-0.00239774599062,-0.000539594287542,0.000690576330266,55.8755760375,-0.648869573927,0.290698403375,-0.016964741427,-0.0370470310227,55.8755760375
1789944733.55,4.49999380112,,0,0.0383716257969,-0.0127443596913,-0.00422924369042,0.0044974111804,56.2499249375,-3.29672397432,1.49361949185,-0.0922743704508,-0.191127285575,56.2499249375,1.00669118468,-0.0024135960317,-0.000518912968373,0.000690576330266,56.2499249375,-0.640171537216,0.290173731468,-0.018074222652,-0.0370470310227,56.2499249375
1789944733.59,4.53002405167,,0,0.0379870222102,-0.0128693372024,-0.00409418510594,0.0044974111804,56.625303625,-3.25191261041,1.49076228422,-0.0980139792191,-0.191127285575,56.625303625,1.00661847282,-0.00242886775392,-0.000498174757456,0.000690576330266,56.625303625,-0.631465851511,0.289614252379,-0.0191867559225,-0.0370470310227,56.625303625
1789944733.62,4.57006072998,,0,0.0374685469916,-0.0130296491783,-0.00391412492597,0.0044974111804,57.1257587,-3.1923084446,1.48668497647,-0.105666028822,-0.191127285575,57.1257587,1.0065208378,-0.00244825941361,-0.000470526563123,0.000690576330266,57.1257587,-0.619886511325,0.28881639203,-0.0206699858976,-0.0370470310227,57.1257587
1789944733.65,4.60001516342,,0,0.0370765174649,-0.0131448762785,-0.00377940823918,0.0044974111804,57.500187125,-3.14782413648,1.48343408199,-0.111391107903,-0.191127285575,57.500187125,1.00644729397,-0.00246204388245,-0.000449840850508,0.000690576330266,57.500187125,-0.611244665094,0.288180617227,-0.0217797028157,-0.0370470310227,57.500187125
1789944733.69,4.63012981415,,0,0.0366789657792,-0.0132566538897,-0.00364396856206,0.0044974111804,57.8766250125,-3.10320185425,1.47999286722,-0.117146912033,-0.191127285575,57.8766250125,1.0063729486,-0.00247527770656,-0.000429044122915,0.000690576330266,57.8766250125,-0.60257614168,0.287507921546,-0.0228953753034,-0.0370470310227,57.8766250125
1789944733.72,4.67002916336,,0,0.0361471833792,-0.013398465405,-0.00346452557982,0.0044974111804,58.3753646625,-3.04424663326,1.47516667046,-0.124772732474,-0.191127285575,58.3753646625,1.00627385287,-0.00249184653242,-0.000401490699134,0.000690576330266,58.3753646625,-0.591123429931,0.286564926631,-0.0243735211663,-0.0370470310227,58.3753646625
1789944733.75,4.70002698898,,0,0.0357437229658,-0.0135003693596,-0.00332961402021,0.0044974111804,58.7503347125,-3.00005216627,1.4713377939,-0.1305060931,-0.191127285575,58.7503347125,1.00619892591,-0.00250357958171,-0.000380775063847,0.000690576330266,58.7503347125,-0.582538301746,0.285817110893,-0.0254848433323,-0.0370470310227,58.7503347125
1789944733.79,4.73001623154,,0,0.0353373799914,-0.0135981995988,-0.00319474003646,0.0044974111804,59.125200325,-2.95598739561,1.46733806854,-0.136237856858,-0.191127285575,59.125200325,1.00612367732,-0.00251468820325,-0.000360065198325,0.000690576330266,59.125200325,-0.573978487733,0.285036180364,-0.0265958559703,-0.0370470310227,59.125200325
1789944733.82,4.77002048492,,0,0.0347908830408,-0.0137224047054,-0.00301482354878,0.0044974111804,59.625256025,-2.89739838835,1.46173501129,-0.143883799944,-0.191127285575,59.625256025,1.00602279784,-0.00252853983148,-0.000332439067906,0.000690576330266,59.625256025,-0.562597447123,0.283942583385,-0.0280779022928,-0.0370470310227,59.625256025
1789944733.85,4.80002784729,,0,0.0343777712729,-0.0138108470953,-0.00287986760872,0.0044974111804,60.000349425,-2.85360105661,1.45733137206,-0.149619046615,-0.191127285575,60.000349425,1.00594677619,-0.00253820457333,-0.000311716618012,0.000690576330266,60.000349425,-0.55408985619,0.283083357049,-0.0291895900389,-0.0370470310227,60.000349425
1789944733.89,4.83003139496,,0,0.0339621252069,-0.0138952281684,-0.00274493072418,0.0044974111804,60.3753898625,-2.80994460443,1.45275629082,-0.155353483479,-0.191127285575,60.3753898625,1.00587048465,-0.0025472462539,-0.00029099709409,0.000690576330266,60.3753898625,-0.545609744617,0.28219090016,-0.0303011208167,-0.0370470310227,60.3753898625
1789944733.92,4.87007141113,,0,0.0334036046464,-0.0140015306895,-0.00256485328764,0.0044974111804,60.8758929,-2.75190246736,1.44638268995,-0.163006266437,-0.191127285575,60.8758929,1.00576826641,-0.00255834427501,-0.000263346250016,0.000690576330266,60.8758929,-0.534335438462,0.280947938629,-0.0317844929413,-0.0370470310227,60.8758929
1789944733.95,4.90000915527,,0,0.0329833033853,-0.0140763007753,-0.00243021166715,0.0044974111804,61.2501126875,-2.70867516816,1.44141702655,-0.168728155413,-0.191127285575,61.2501126875,1.00569156084,-0.00256591875764,-0.000242672063811,0.000690576330266,61.2501126875,-0.525938945471,0.279979785868,-0.0328935915075,-0.0370470310227,61.2501126875
1789944733.99,4.93003082275,,0,0.032559634039,-0.0141472330924,-0.00229519174691,0.0044974111804,61.6253839125,-2.66547828097,1.43626538909,-0.17446612106,-0.191127285575,61.6253839125,1.00561442136,-0.00257289297602,-0.000221939789777,0.000690576330266,61.6253839125,-0.517548467503,0.27897556911,-0.0340058062846,-0.0370470310227,61.6253839125
1789944734.02,4.97004175186,,0,0.0319917999443,-0.0142354661013,-0.00211524582817,0.0044974111804,62.1255214125,-2.60815355654,1.42913183918,-0.182113314883,-0.191127285575,62.1255214125,1.00551130706,-0.00258122024399,-0.000194309140227,0.000690576330266,62.1255214125,-0.506413991112,0.277585308867,-0.0354880950429,-0.0370470310227,62.1255214125
1789944734.05,5.00000619888,,0,0.0315643138221,-0.0142968290675,-0.0019804837625,0.0044974111804,62.5000759625,-2.56541314333,1.42358912646,-0.187840322438,-0.191127285575,62.5000759625,1.0054338783,-0.00258673257229,-0.000173616459697,0.000690576330266,62.5000759625,-0.49811242172,0.276505299088,-0.0365981857656,-0.0370470310227,62.5000759625
1789944734.09,5.03007459641,,0,0.0311335571856,-0.0143543458365,-0.00184525413247,0.0044974111804,62.87593005,-2.52269397954,1.41785468272,-0.193587200159,-0.191127285575,62.87593005,1.00535602422,-0.00259164075226,-0.00015285198478,0.000690576330266,62.87593005,-0.489815082111,0.275388105681,-0.0377121280087,-0.0370470310227,62.87593005
1789944734.12,5.07007217407,,0,0.030557984605,-0.0144245546688,-0.00166536687797,0.0044974111804,63.3759045,-2.46613958264,1.4099587042,-0.201231900918,-0.191127285575,63.3759045,1.00525224899,-0.00259720211462,-0.000125230343108,0.000690576330266,63.3759045,-0.478830682504,0.273850063048,-0.0391939335255,-0.0370470310227,63.3759045
1789944734.15,5.10001087189,,0,0.0301254103487,-0.0144723975501,-0.00153072160107,0.0044974111804,63.75013445,-2.42401871823,1.40384848945,-0.20695394528,-0.191127285575,63.75013445,1.00517443989,-0.00260064182583,-0.000104555595464,0.000690576330266,63.75013445,-0.470649781468,0.272660056779,-0.0403030622109,-0.0370470310227,63.75013445
1789944734.19,5.13002109528,,0,0.0296904213486,-0.0145163096405,-0.00139575326164,0.0044974111804,64.1252623125,-2.38198295733,1.39755168822,-0.212689718888,-0.191127285575,64.1252623125,1.00509635006,-0.00260346859189,-8.38312416507e-05,0.000690576330266,64.1252623125,-0.462485506355,0.271433870118,-0.0414148520957,-0.0370470310227,64.1252623125
1789944734.22,5.17008876801,,0,0.0291077120583,-0.0145686243105,-0.00121555172804,0.0044974111804,64.6261102625,-2.32615886395,1.38887625057,-0.220347775622,-0.191127285575,64.6261102625,1.00499197482,-0.00260627319184,-5.61613425042e-05,0.000690576330266,64.6261102625,-0.451643380098,0.269744728381,-0.042899246459,-0.0370470310227,64.6261102625
1789944734.25,5.20000934601,,0,0.0286712905323,-0.0146029808793,-0.00108098786778,0.0044974111804,65.000113925,-2.28470276313,1.3821978297,-0.226066360007,-0.191127285575,65.000113925,1.0049139723,-0.00260764444544,-3.54990963637e-05,0.000690576330266,65.000113925,-0.443591906392,0.268444587663,-0.0440077044819,-0.0370470310227,65.000113925
1789944734.29,5.23001766205,,0,0.0282326121988,-0.0146333946129,-0.000946027821578,0.0044974111804,65.3752187375,-2.24332788604,1.37532788797,-0.231801781176,-0.191127285575,65.3752187375,1.00483570823,-0.0026083987829,-1.47760159732e-05,0.000690576330266,65.3752187375,-0.435556299245,0.26710730704,-0.045119426052,-0.0370470310227,65.3752187375
1789944734.32,5.27004861832,,0,0.0276461142167,-0.0146676614743,-0.000765992368377,0.0044974111804,65.8756050875,-2.18846003343,1.36589551398,-0.239452779961,-0.191127285575,65.8756050875,1.00473128721,-0.00260843696507,1.28683815706e-05,0.000690576330266,65.8756050875,-0.42490029864,0.265271452002,-0.0466024523425,-0.0370470310227,65.8756050875
1789944734.35,5.30001211166,,0,0.0272062940948,-0.0146885944572,-0.000631233590318,0.0044974111804,66.2501505,-2.14764119114,1.35863483987,-0.245179647803,-0.191127285575,66.2501505,1.00465313783,-0.00260774137523,3.35605572892e-05,0.000690576330266,66.2501505,-0.416972888603,0.263858442453,-0.0477125159838,-0.0370470310227,66.2501505
1789944734.39,5.33006095886,,0,0.0267646562855,-0.0147055317949,-0.000496092230981,0.0044974111804,66.62575925,-2.10692753404,1.35118122345,-0.250922774269,-0.191127285575,66.62575925,1.00457479687,-0.00260642115501,5.43114782645e-05,0.000690576330266,66.62575925,-0.409065993345,0.262408018041,-0.0488257311049,-0.0370470310227,66.62575925
1789944734.42,5.37006521225,,0,0.0261760222492,-0.0147217789268,-0.000316176273996,0.0044974111804,67.125813475,-2.05307724479,1.34099028898,-0.258568694802,-0.191127285575,67.125813475,1.00447057954,-0.00260369587938,8.19375271952e-05,0.000690576330266,67.125813475,-0.398607998652,0.260425132937,-0.0503077730559,-0.0370470310227,67.125813475
1789944734.45,5.40000534058,,0,0.0257351269122,-0.0147292295421,-0.000181522658902,0.0044974111804,67.5000666,-2.01304440813,1.33316301259,-0.264291093514,-0.191127285575,67.5000666,1.00439266405,-0.0026009331266,0.000102613555167,0.000690576330266,67.5000666,-0.390833519194,0.258902300811,-0.0514169704264,-0.0370470310227,67.5000666
1789944734.49,5.430082798,,0,0.0252920482275,-0.0147326549803,-4.62522103721e-05,0.0044974111804,67.8760341375,-1.97306673917,1.3251273712,-0.270039705906,-0.191127285575,67.8760341375,1.00431448428,-0.00259753441235,0.000123384297755,0.000690576330266,67.8760341375,-0.383069835546,0.257339054569,-0.0525312489085,-0.0370470310227,67.8760341375
1789944734.52,5.47000169754,,0,0.0247039458935,-0.0147309179474,0.000133280040984,0.0044974111804,68.3750219,-1.92038613609,1.31419536714,-0.277669320033,-0.191127285575,68.3750219,1.00421089888,-0.00259205880554,0.000150951428785,0.000690576330266,68.3750219,-0.37283936021,0.255212540796,-0.0540101301178,-0.0370470310227,68.3750219
1789944734.55,5.50001430511,,0,0.0242619138751,-0.0147248923468,0.000268258787424,0.0044974111804,68.7501786875,-1.88106970798,1.30577572552,-0.28340553591,-0.191127285575,68.7501786875,1.0041331757,-0.00258721735003,0.000171677380592,0.000690576330266,68.7501786875,-0.365204274662,0.253574874336,-0.0551220057294,-0.0370470310227,68.7501786875
1789944734.59,5.53001022339,,0,0.0238203696705,-0.0147148224362,0.000403162292176,0.0044974111804,69.12512635,-1.84203026011,1.29718876279,-0.289138554227,-0.191127285575,69.12512635,1.00405565035,-0.00258175707482,0.000192391779057,0.000690576330266,69.12512635,-0.357623054771,0.251904778449,-0.0562332615442,-0.0370470310227,69.12512635
1789944734.62,5.57001304626,,0,0.0232321054677,-0.0146950963567,0.000583071534526,0.0044974111804,69.6251619125,-1.79037240197,1.28546947444,-0.296784189407,-0.191127285575,69.6251619125,1.00395253403,-0.00257350831664,0.000220016796957,0.000690576330266,69.6251619125,-0.347591535226,0.249625646163,-0.0577152481839,-0.0370470310227,69.6251619125
1789944734.65,5.60001850128,,0,0.0227914515321,-0.0146755762823,0.000718019509679,0.0044974111804,70.000233175,-1.75193545348,1.27647821682,-0.302519097591,-0.191127285575,70.000233175,1.00387541626,-0.00256659568095,0.000240738023841,0.000690576330266,70.000233175,-0.340127491265,0.247877182182,-0.0588268703197,-0.0370470310227,70.000233175
1789944734.68,5.6300163269,,0,0.0223515628142,-0.0146520139125,0.000852931033315,0.0044974111804,70.375203125,-1.71378114728,1.26731737766,-0.308252456688,-0.191127285575,70.375203125,1.00379853598,-0.00255906340942,0.000261453653603,0.000690576330266,70.375203125,-0.332718406217,0.246095849,-0.0599381921893,-0.0370470310227,70.375203125
1789944734.72,5.67001485825,,0,0.0217662339556,-0.0146143002532,0.00103282090082,0.0044974111804,70.8751848375,-1.66333892865,1.25483483972,-0.315897268492,-0.191127285575,70.8751848375,1.0036963937,-0.00254805322513,0.000289075696501,0.000690576330266,70.8751848375,-0.322923274467,0.243668773545,-0.0614200192304,-0.0370470310227,70.8751848375
1789944734.75,5.70000600815,,0,0.0213284148591,-0.0145813017939,0.00116770471141,0.0044974111804,71.2500777625,-1.62584756431,1.24527466947,-0.321629449863,-0.191127285575,71.2500777625,1.00362010705,-0.00253907284855,0.000309787070932,0.000690576330266,71.2500777625,-0.315643088323,0.241810037447,-0.0625311128162,-0.0370470310227,71.2500777625
1789944734.78,5.73000812531,,0,0.0208914944003,-0.0145442443894,0.00130263542999,0.0044974111804,71.6251010625,-1.58863261451,1.23553916849,-0.327363624691,-0.191127285575,71.6251010625,1.00354407266,-0.00252946786101,0.000330505648074,0.000690576330266,71.6251010625,-0.308416645706,0.239917314269,-0.0636425928026,-0.0370470310227,71.6251010625
1789944734.82,5.77006244659,,0,0.0203100279654,-0.0144884605337,0.00148277609113,0.0044974111804,72.125779825,-1.53940860619,1.22227353008,-0.335019094517,-0.191127285575,72.125779825,1.00344302911,-0.00251567572626,0.00035816620027,0.000690576330266,72.125779825,-0.298858374568,0.237338436553,-0.0651264857343,-0.0370470310227,72.125779825
1789944734.85,5.80001592636,,0,0.019876734576,-0.0144420287893,0.00161748886517,0.0044974111804,72.500197375,-1.50294850006,1.21215282749,-0.340744007317,-0.191127285575,72.500197375,1.00336783983,-0.00250463763461,0.000378851312083,0.000690576330266,72.500197375,-0.291778662379,0.235371057198,-0.0662361704216,-0.0370470310227,72.500197375
1789944734.89,5.83003377914,,0,0.0194439651777,-0.0143914490368,0.00175249140292,0.0044974111804,72.8754202875,-1.46671667767,1.20183832122,-0.346481234258,-0.191127285575,72.8754202875,1.00329282983,-0.00249295421028,0.000399580917039,0.000690576330266,72.8754202875,-0.284743342023,0.233366099906,-0.0673482420119,-0.0370470310227,72.8754202875
1789944734.92,5.87000226974,,0,0.0188702048701,-0.0143178118715,0.00193224722508,0.0044974111804,73.3750294375,-1.41895950962,1.18783724275,-0.354120349513,-0.191127285575,73.3750294375,1.00319351613,-0.00247643187001,0.000427182377309,0.000690576330266,73.3750294375,-0.275470183553,0.230644684763,-0.0688289648663,-0.0370470310227,73.3750294375
1789944734.95,5.90002727509,,0,0.0184412022931,-0.0142577687179,0.002067282477,0.0044974111804,73.750343275,-1.38345505254,1.17711859007,-0.359858966713,-0.191127285575,73.750343275,1.00311935666,-0.00246329439371,0.000447917005517,0.000690576330266,73.750343275,-0.268576244243,0.228561388648,-0.0699413059368,-0.0370470310227,73.750343275
1789944734.99,5.93002462387,,0,0.0180144604121,-0.0141937327178,0.00220219192733,0.0044974111804,74.1253074625,-1.34830763271,1.16623786121,-0.3655922377,-0.191127285575,74.1253074625,1.00304566952,-0.00244954746683,0.000468632316924,0.000690576330266,74.1253074625,-0.261751691653,0.226446681872,-0.0710526107277,-0.0370470310227,74.1253074625
1789944735.02,5.97001171112,,0,0.0174487023651,-0.014102077776,0.00238203047937,0.0044974111804,74.62514655,-1.30196745354,1.15146607454,-0.373234868742,-0.191127285575,74.62514655,1.00294810118,-0.00243025610133,0.000496246480345,0.000690576330266,74.62514655,-0.252753939721,0.223575873552,-0.0725340150622,-0.0370470310227,74.62514655
1789944735.05,6.00002241135,,0,0.0170265841543,-0.0140285664675,0.00251700027146,0.0044974111804,75.00027845,-1.26758025588,1.14017902231,-0.378970704084,-0.191127285575,75.00027845,1.00287539443,-0.00241505249253,0.000516971057215,0.000690576330266,75.00027845,-0.246077134502,0.221382404827,-0.0736458169131,-0.0370470310227,75.00027845
1789944735.09,6.03003025055,,0,0.0166067687754,-0.0139510114724,0.00265195847823,0.0044974111804,75.37537815,-1.23353727941,1.1287208255,-0.384706047082,-0.191127285575,75.37537815,1.00280315946,-0.00239922831284,0.00053769385516,0.000690576330266,75.37537815,-0.239467221697,0.219155762891,-0.0747575233309,-0.0370470310227,75.37537815
1789944735.12,6.07003068924,,0,0.0160508888035,-0.0138413333523,0.00283185786675,0.0044974111804,75.875386325,-1.1886975219,1.11317942519,-0.392351263503,-0.191127285575,75.875386325,1.0027076263,-0.00237716772785,0.000565317360007,0.000690576330266,75.875386325,-0.230761051016,0.216135774473,-0.0762394288006,-0.0370470310227,75.875386325
1789944735.15,6.1000123024,,0,0.0156371988374,-0.0137544088825,0.00296669667174,0.0044974111804,76.2501541625,-1.15550001222,1.10133027361,-0.398081532263,-0.191127285575,76.2501541625,1.0026366126,-0.00235990833201,0.000586021823841,0.000690576330266,76.2501541625,-0.22431542375,0.213833357075,-0.0773501516568,-0.0370470310227,76.2501541625
1789944735.19,6.1300201416,,0,0.0152258165329,-0.0136633602461,0.0031016536642,0.0044974111804,76.6252504875,-1.12263170663,1.08929870856,-0.403816823657,-0.191127285575,76.6252504875,1.00256606412,-0.00234201224239,0.00060674443533,0.000690576330266,76.6252504875,-0.21793376753,0.211495576736,-0.0784618480719,-0.0370470310227,76.6252504875
1789944735.22,6.17002010345,,0,0.0146818096181,-0.0135356957342,0.00328155070958,0.0044974111804,77.12525215,-1.07938470773,1.07299307906,-0.4114619405,-0.191127285575,77.12525215,1.00247287608,-0.00231718991954,0.000634367580387,0.000690576330266,77.12525215,-0.2095370814,0.208327454556,-0.0799437342401,-0.0370470310227,77.12525215
1789944735.25,6.19999933243,,0,0.0142775161702,-0.0134352967026,0.00341637915254,0.0044974111804,77.4999911875,-1.04740307477,1.06057192332,-0.417191768903,-0.191127285575,77.4999911875,1.00240369693,-0.00229786180884,0.000655070453133,0.000690576330266,77.4999911875,-0.203327698008,0.205914163545,-0.0810543717399,-0.0370470310227,77.4999911875
1789944735.29,6.23004484177,,0,0.0138754054518,-0.013330619137,0.0035515070916,0.0044974111804,77.8755626375,-1.01572660488,1.04795082831,-0.422934325045,-0.191127285575,77.8755626375,1.00233495483,-0.00227786804086,0.000675819313429,0.000690576330266,77.8755626375,-0.197177612721,0.203462104899,-0.0821674763126,-0.0370470310227,77.8755626375
1789944735.32,6.27002906799,,0,0.0133452776202,-0.0131850197195,0.0037313326731,0.0044974111804,78.375365675,-0.974165201534,1.03088733809,-0.430576404875,-0.191127285575,78.375365675,1.00224442359,-0.00225029389131,0.000703431485228,0.000690576330266,78.375365675,-0.189108411381,0.20014708628,-0.0836487738035,-0.0370470310227,78.375365675
1789944735.35,6.30000925064,,0,0.0129516907296,-0.0130711340984,0.00386616404838,0.0044974111804,78.7501128625,-0.943453787641,1.017892863,-0.436306357893,-0.191127285575,78.7501128625,1.0021772795,-0.00222889483318,0.00072413480823,0.000690576330266,78.7501128625,-0.183145804354,0.197622666169,-0.0847594354579,-0.0370470310227,78.7501128625
1789944735.39,6.33001565933,,0,0.0125612301402,-0.0129530985985,0.00400111644448,0.0044974111804,79.1251964125,-0.913107484161,1.00471471039,-0.442041453955,-0.191127285575,79.1251964125,1.00211072687,-0.00220685505097,0.00074485671395,0.000690576330266,79.1251964125,-0.177254129026,0.19506263798,-0.085871094011,-0.0370470310227,79.1251964125
1789944735.42,6.37003421783,,0,0.0120461190203,-0.0127893788463,0.00418109589592,0.0044974111804,79.6254271125,-0.873256353817,0.986871850952,-0.449690072824,-0.191127285575,79.6254271125,1.00202301575,-0.00217649406435,0.000772492512437,0.000690576330266,79.6254271125,-0.16951717943,0.191596544402,-0.0873536589919,-0.0370470310227,79.6254271125
1789944735.45,6.40001630783,,0,0.0116645665547,-0.0126619995673,0.00431593754328,0.0044974111804,80.00020285,-0.843870880855,0.973303312218,-0.455420462376,-0.191127285575,80.00020285,1.00195811029,-0.00215302276049,0.000793197412716,0.000690576330266,80.00020285,-0.163812149088,0.188960850614,-0.0884644052618,-0.0370470310227,80.00020285
1789944735.49,6.42999887466,,0,0.0112868840019,-0.0125305739821,0.00445078270311,0.0044974111804,80.37498835,-0.814894046796,0.959562604448,-0.461151001199,-0.191127285575,80.37498835,1.00189391618,-0.00212893004544,0.000813902852334,0.000690576330266,80.37498835,-0.158186496018,0.186291784407,-0.0895751804654,-0.0370470310227,80.37498835
1789944735.52,6.4701218605,,0,0.010787751003,-0.0123483752301,0.00463123224196,0.0044974111804,80.8765256,-0.776766785944,0.940906008582,-0.468819597456,-0.191127285575,80.8765256,1.00180915973,-0.0020957179742,0.000841610832621,0.000690576330266,80.8765256,-0.150784414762,0.182667941086,-0.0910616177502,-0.0370470310227,80.8765256
1789944735.55,6.50007152557,,0,0.0104200216425,-0.0122076555513,0.00476592704434,0.0044974111804,81.2508932,-0.748798321595,0.926779421742,-0.474543746511,-0.191127285575,81.2508932,1.00174677476,-0.00207020251589,0.000862293184892,0.000690576330266,81.2508932,-0.14535462357,0.17992408456,-0.0921711543975,-0.0370470310227,81.2508932
1789944735.59,6.53003644943,,0,0.010056378993,-0.0120628253976,0.00490069200185,0.0044974111804,81.6254557875,-0.721241273607,0.912473908304,-0.480270876962,-0.191127285575,81.6254557875,1.00168513135,-0.00204405385976,0.000882986309462,0.000690576330266,81.6254557875,-0.140004743561,0.177145542979,-0.0932812689414,-0.0370470310227,81.6254557875
1789944735.62,6.57000875473,,0,0.0095781617988,-0.0118633399553,0.00508046436998,0.0044974111804,82.125110925,-0.68515321287,0.893123632438,-0.487910695374,-0.191127285575,82.125110925,1.00160413836,-0.00200820706886,0.000910590310362,0.000690576330266,82.125110925,-0.132998725571,0.173387269003,-0.0947621280918,-0.0370470310227,82.125110925
1789944735.65,6.60002803802,,0,0.00922434197295,-0.0117088014896,0.00521547354141,0.0044974111804,82.500352275,-0.658562963721,0.878390772974,-0.493648204227,-0.191127285575,82.500352275,1.00154426678,-0.00198056061838,0.000931320933918,0.000690576330266,82.500352275,-0.127836624639,0.170525882863,-0.0958742543265,-0.0370470310227,82.500352275
1789944735.69,6.63003253937,,0,0.00887539570596,-0.011550290554,0.00535041512125,0.0044974111804,82.8754057625,-0.632430547405,0.863493182712,-0.499382840628,-0.191127285575,82.8754057625,1.00148526381,-0.00195230615724,0.000952041178802,0.000690576330266,82.8754057625,-0.122763440978,0.167632569067,-0.0969858237815,-0.0370470310227,82.8754057625
1789944735.72,6.67001438141,,0,0.00841791888189,-0.0113327767872,0.00553022962113,0.0044974111804,83.375178,-0.598307732097,0.843374205782,-0.50702444952,-0.191127285575,83.375178,1.00140797543,-0.00191368989937,0.000979651649022,0.000690576330266,83.375178,-0.116139105265,0.163725292665,-0.0984670299884,-0.0370470310227,83.375178
1789944735.75,6.70001935959,,0,0.00808038690991,-0.0111648168823,0.00566517512271,0.0044974111804,83.7502423875,-0.573231261578,0.828074823798,-0.512759252584,-0.191127285575,83.7502423875,1.00135099898,-0.00188398443764,0.00100037249609,0.000690576330266,83.7502423875,-0.111270995315,0.160754097672,-0.0995786317484,-0.0370470310227,83.7502423875
1789944735.79,6.73000001907,,0,0.00774822428735,-0.0109929498158,0.00580001059512,0.0044974111804,84.1250009625,-0.548636313371,0.812616053081,-0.518489379719,-0.191127285575,84.1250009625,1.00129496852,-0.00185368222461,0.00102107644821,0.000690576330266,84.1250009625,-0.106496396284,0.157752012276,-0.100689327153,-0.0370470310227,84.1250009625
1789944735.82,6.77001237869,,0,0.00731306298255,-0.010757278478,0.00597996193324,0.0044974111804,84.625153525,-0.516538838495,0.791717154579,-0.526136803851,-0.191127285575,84.625153525,1.00122162334,-0.00181227390619,0.0010487079299,0.000690576330266,84.625153525,-0.100265386586,0.153693554563,-0.102171660553,-0.0370470310227,84.625153525
1789944735.85,6.80002737045,,0,0.00699289573167,-0.0105757632051,0.00611495235946,0.0044974111804,85.000342775,-0.493013199229,0.775838990641,-0.531873516085,-0.191127285575,85.000342775,1.00116770319,-0.00178048571777,0.00106943567513,0.000690576330266,85.000342775,-0.0956984436578,0.150610169873,-0.103283632375,-0.0370470310227,85.000342775
1789944735.89,6.83001422882,,0,0.00667853271331,-0.0103903737535,0.00624981500073,0.0044974111804,85.3751768625,-0.469988317495,0.759803913526,-0.53760479782,-0.191127285575,85.3751768625,1.00111479618,-0.0017481063577,0.00109014379902,0.000690576330266,85.3751768625,-0.091228740618,0.147496375369,-0.104394551581,-0.0370470310227,85.3751768625
1789944735.92,6.87009000778,,0,0.00626719842381,-0.0101362965918,0.00643005182552,0.0044974111804,85.8761229,-0.439972419879,0.73810555309,-0.545264354329,-0.191127285575,85.8761229,1.00104562245,-0.00170386354675,0.00111781911712,0.000690576330266,85.8761229,-0.0854019520266,0.143282942529,-0.105879236652,-0.0370470310227,85.8761229
1789944735.95,6.90002775192,,0,0.00596664019227,-0.00994177856965,0.00656469508307,0.0044974111804,86.2503472375,-0.418120264648,0.721695805903,-0.550986312875,-0.191127285575,86.2503472375,1.0009951163,-0.00167008886216,0.0011384935547,0.000690576330266,86.2503472375,-0.0811599693231,0.140096533285,-0.106988348703,-0.0370470310227,86.2503472375
1789944735.99,6.93002843857,,0,0.00567135316799,-0.00974280836834,0.00669962111986,0.0044974111804,86.625357525,-0.396717614103,0.705079751057,-0.55672028874,-0.191127285575,86.625357525,1.00094552772,-0.00163562234214,0.00115921141295,0.000690576330266,86.625357525,-0.077005272149,0.136870122694,-0.108099790124,-0.0370470310227,86.625357525
1789944736.02,6.97003269196,,0,0.00528700767215,-0.00947119593696,0.00687953695541,0.0044974111804,87.1254114125,-0.368958896049,0.682655604698,-0.564366204113,-0.191127285575,87.1254114125,1.00088103071,-0.00158869630811,0.00118683744323,0.000690576330266,87.1254114125,-0.071616770964,0.132516021057,-0.109581831074,-0.0370470310227,87.1254114125
1789944736.05,7.00001049042,,0,0.0050061966831,-0.00926294415415,0.0070143578832,0.0044974111804,87.5001295625,-0.348749061737,0.665651465863,-0.570095713142,-0.191127285575,87.5001295625,1.00083394202,-0.00155280765323,0.00120753916203,0.000690576330266,87.5001295625,-0.0676936823659,0.129214390863,-0.110692406669,-0.0370470310227,87.5001295625
1789944736.09,7.03011131287,,0,0.00473057325733,-0.00904976926981,0.00714973333278,0.0044974111804,87.8763889375,-0.328971591222,0.648404571395,-0.575848787783,-0.191127285575,87.8763889375,1.00078775153,-0.00151614696868,0.0012283260275,0.000690576330266,87.8763889375,-0.0638545473996,0.125865683076,-0.111807550088,-0.0370470310227,87.8763889375
1789944736.12,7.07002019882,,0,0.00437514564777,-0.00876084747543,0.00732922144205,0.0044974111804,88.3752540125,-0.30355489451,0.625270695011,-0.583476525995,-0.191127285575,88.3752540125,1.00072822883,-0.00146657549631,0.00125588638052,0.000690576330266,88.3752540125,-0.0589207808517,0.121374029296,-0.113286067681,-0.0370470310227,88.3752540125
1789944736.15,7.09999990463,,0,0.00411581378957,-0.0085391001231,0.00746405151307,0.0044974111804,88.749997575,-0.285072664856,0.607692479562,-0.589206423586,-0.191127285575,88.749997575,1.00068482913,-0.00142861433492,0.00127658950326,0.000690576330266,88.749997575,-0.0553331253633,0.117961122958,-0.114396718591,-0.0370470310227,88.749997575
1789944736.19,7.13003921509,,0,0.00386269267247,-0.00831285566638,0.00759915085309,0.0044974111804,89.1254895375,-0.267084676008,0.589906864365,-0.59494776435,-0.191127285575,89.1254895375,1.00064249357,-0.00138995483184,0.00129733397218,0.000690576330266,89.1254895375,-0.0518414301286,0.114508004154,-0.115509587582,-0.0370470310227,89.1254895375
1789944736.22,7.17000675201,,0,0.00353656428184,-0.00800554293308,0.00777890205192,0.0044974111804,89.6250858375,-0.243984676767,0.565975513202,-0.602586683126,-0.191127285575,89.6250858375,1.0005879838,-0.00133755180234,0.00132493472254,0.000690576330266,89.6250858375,-0.0473574608352,0.109861761363,-0.116990272352,-0.0370470310227,89.6250858375
1789944736.25,7.20000839233,,0,0.00329990866801,-0.00777014178017,0.00791383021598,0.0044974111804,90.0001020375,-0.227276725487,0.547811117046,-0.608320749395,-0.191127285575,90.0001020375,1.0005484549,-0.00129749125735,0.00134565290743,0.000690576330266,90.0001020375,-0.044114282518,0.106335228969,-0.118101731296,-0.0370470310227,90.0001020375
1789944736.29,7.23002815247,,0,0.0030702366196,-0.0075305435115,0.00804884169008,0.0044974111804,90.3753497875,-0.211106502302,0.529463316687,-0.614058356105,-0.191127285575,90.3753497875,1.0005101139,-0.00125678382918,0.00136638388456,0.000690576330266,90.3753497875,-0.0409755011525,0.102773143054,-0.119213876498,-0.0370470310227,90.3753497875
1789944736.32,7.27002191544,,0,0.00277554512616,-0.00720504125438,0.00822871117082,0.0044974111804,90.8752748375,-0.190424281491,0.504751808345,-0.621702301528,-0.191127285575,90.8752748375,1.00046095022,-0.00120158437119,0.00139400279708,0.000690576330266,90.8752748375,-0.0369609291599,0.0979756740604,-0.120695535605,-0.0370470310227,90.8752748375
1789944736.35,7.3000125885,,0,0.00256318400029,-0.00695623658399,0.00836359021864,0.0044974111804,91.250154525,-0.17556703127,0.486020771084,-0.627434280496,-0.191127285575,91.250154525,1.00042554426,-0.00115946714458,0.00141471344019,0.000690576330266,91.250154525,-0.0340770466509,0.0943393092184,-0.121806589958,-0.0370470310227,91.250154525
1789944736.39,7.33005475998,,0,0.00235799746923,-0.00670294587425,0.00849870262365,0.0044974111804,91.6256828,-0.161249873126,0.46708497627,-0.633176176484,-0.191127285575,91.6256828,1.00039135278,-0.00111665431723,0.00143545991523,0.000690576330266,91.6256828,-0.0312980153316,0.0906632455621,-0.122919566571,-0.0370470310227,91.6256828
1789944736.42,7.37000989914,,0,0.00209701242618,-0.00635978993016,0.00867839691673,0.0044974111804,92.1251209375,-0.143094904059,0.441633831464,-0.640812676927,-0.191127285575,92.1251209375,1.00034788993,-0.00105874922298,0.00146305192773,0.000690576330266,92.1251209375,-0.027774069342,0.0857224169577,-0.124399782585,-0.0370470310227,92.1251209375
1789944736.45,7.40000629425,,0,0.00191016609233,-0.00609744576572,0.00881330313792,0.0044974111804,92.50007615,-0.130136628082,0.422325760453,-0.646545810685,-0.191127285575,92.50007615,1.00031679257,-0.00101455222214,0.0014837667433,0.000690576330266,92.50007615,-0.0252588371598,0.0819742020226,-0.125511060776,-0.0370470310227,92.50007615
1789944736.49,7.43009233475,,0,0.00173072545117,-0.00583025011367,0.00894861383828,0.0044974111804,92.8761555625,-0.117723876653,0.402787051838,-0.652296133667,-0.191127285575,92.8761555625,1.00028694307,-0.000969598541207,0.00150454366655,0.000690576330266,92.8761555625,-0.0228495061293,0.0781812646669,-0.126625670829,-0.0370470310227,92.8761555625
1789944736.52,7.46999883652,,0,0.00150523437971,-0.00546956230477,0.00912808919738,0.0044974111804,93.3749852,-0.10217152835,0.376604093462,-0.659923330033,-0.191127285575,93.3749852,1.00024945524,-0.000909007785692,0.00153210206179,0.000690576330266,93.3749852,-0.0198307948344,0.0730985946286,-0.128104083393,-0.0370470310227,93.3749852
1789944736.55,7.50000667572,,0,0.00134523494084,-0.00519362365335,0.00926304655863,0.0044974111804,93.75008255,-0.0911684529991,0.356715202139,-0.6656586371,-0.191127285575,93.75008255,1.00022287084,-0.000862721871112,0.0015528247299,0.000690576330266,93.75008255,-0.0176951113168,0.0692377946314,-0.129215782846,-0.0370470310227,93.75008255
1789944736.59,7.53003120422,,0,0.00119349426588,-0.00491347780345,0.00939807925602,0.0044974111804,94.1253892875,-0.0807591423107,0.33664296039,-0.671397145739,-0.191127285575,94.1253892875,1.00019767104,-0.00081578775651,0.00157355896586,0.000690576330266,94.1253892875,-0.0156746878387,0.0653414518719,-0.130328102874,-0.0370470310227,94.1253892875
1789944736.62,7.57000255585,,0,0.00100465180418,-0.00453423177229,0.00957784654208,0.0044974111804,94.6250303,-0.0678414729665,0.309653674068,-0.679036748178,-0.191127285575,94.6250303,1.00016632735,-0.000752338920873,0.00160116218641,0.000690576330266,94.6250303,-0.0131674134431,0.0601024755678,-0.131808920161,-0.0370470310227,94.6250303
1789944736.65,7.60001564026,,0,0.000872898333272,-0.00424474260318,0.00971282904386,0.0044974111804,95.000197525,-0.0588544205436,0.289187403466,-0.684773123646,-0.191127285575,95.000197525,1.00014447139,-0.000703971598367,0.00162188871485,0.000690576330266,95.000197525,-0.011423068986,0.0561297585875,-0.132920826707,-0.0370470310227,95.000197525
1789944736.69,7.63001346588,,0,0.000749957067455,-0.00395135882147,0.00984773999632,0.0044974111804,95.3751658875,-0.0504884861411,0.268559950151,-0.69050645847,-0.191127285575,95.3751658875,1.00012408686,-0.000655008335006,0.00164260425691,0.000690576330266,95.3751658875,-0.00979928924197,0.0521258018578,-0.134032143872,-0.0370470310227,95.3751658875
1789944736.72,7.67010736465,,0,0.000599494832837,-0.00355290859476,0.0100280592362,0.0044974111804,95.8763409875,-0.0402778991933,0.240721157308,-0.698169517387,-0.191127285575,95.8763409875,1.00009915264,-0.000588594685885,0.00167029222982,0.000690576330266,95.8763409875,-0.00781748519744,0.0467221389119,-0.13551750783,-0.0370470310227,95.8763409875
1789944736.75,7.70002365112,,0,0.000497712608226,-0.00325089393365,0.0101626049943,0.0044974111804,96.2502943375,-0.0333896983857,0.219749003072,-0.703887332484,-0.191127285575,96.2502943375,1.00008229461,-0.00053831674883,0.00169095169639,0.000690576330266,96.2502943375,-0.00648054142687,0.0426513825958,-0.136625816739,-0.0370470310227,96.2502943375
1789944736.79,7.73002767563,,0,0.00040476685969,-0.00294394878151,0.0102975461829,0.0044974111804,96.6253467375,-0.0271140053658,0.198543401085,-0.709621952257,-0.191127285575,96.6253467375,1.0000669071,-0.000487270263268,0.00171167188119,0.000690576330266,96.6253467375,-0.00526248673673,0.0385353595349,-0.13773738297,-0.0370470310227,96.6253467375
1789944736.82,7.77000331879,,0,0.000295356263547,-0.00252870319716,0.0104773335184,0.0044974111804,97.125043475,-0.0197461302927,0.170023022726,-0.717262406741,-0.191127285575,97.125043475,1.00004880314,-0.000418293123787,0.00173927818033,0.000690576330266,97.125043475,-0.00383245799246,0.032999604179,-0.139218365413,-0.0370470310227,97.125043475
1789944736.85,7.80001783371,,0,0.000224198216459,-0.00221220590289,0.0106123208864,0.0044974111804,97.500224225,-0.0149669217015,0.1484086887,-0.722998989009,-0.191127285575,97.500224225,1.00003703484,-0.000365778569422,0.00176000545597,0.000690576330266,97.500224225,-0.00290486831756,0.0288043528802,-0.140330312044,-0.0370470310227,97.500224225
1789944736.89,7.82999515533,,0,0.00016267108879,-0.00189205821879,0.0107471403705,0.0044974111804,97.8749383625,-0.0108437668124,0.126649377092,-0.728728436686,-0.191127285575,97.8749383625,1.00002686374,-0.000312708369562,0.00178070695309,0.000690576330266,97.8749383625,-0.00210461518927,0.0245810069759,-0.141440875746,-0.0370470310227,97.8749383625
1789944736.92,7.86999845505,,0,9.56298488062e-05,-0.00145854024391,0.0109270509891,0.0044974111804,98.37497775,-0.00636250643131,0.0973450174819,-0.736374130351,-0.191127285575,98.37497775,1.00001578658,-0.000240921932323,0.00180833218231,0.000690576330266,98.37497775,-0.00123486324572,0.0188932839715,-0.142922873722,-0.0370470310227,98.37497775
1789944736.95,7.90001726151,,0,5.67895326506e-05,-0.00112849394869,0.0110620590811,0.0044974111804,98.7502161,-0.00377295117386,0.0751536357437,-0.742111593334,-0.191127285575,98.7502161,1.00000937222,-0.000186326331064,0.00182906264013,0.000690576330266,98.7502161,-0.000732268575917,0.0145861801434,-0.144034991066,-0.0370470310227,98.7502161
1789944736.99,7.93003034592,,0,2.79225596981e-05,-0.000794462914446,0.0111970398289,0.0044974111804,99.12537845,-0.00185246663241,0.0527945676329,-0.747847894262,-0.191127285575,99.12537845,1.00000460692,-0.000131119667511,0.00184978889924,0.000690576330266,99.12537845,-0.000359532534488,0.0102465740829,-0.145146883163,-0.0370470310227,99.12537845
1789944737.02,7.96999597549,,0,5.1614211391e-06,-0.000343373709628,0.011376781979,0.0044974111804,99.6249496,-0.000341781121822,0.0227536693748,-0.75548642849,-0.191127285575,99.6249496,1.00000085127,-5.66400603205e-05,0.00187738826016,0.000690576330266,99.6249496,-6.63336670135e-05,0.00441609164936,-0.146627493395,-0.0370470310227,99.6249496
1789944737.05,8.00002861023,,0,-2.55351295664e-15,0,0,0,100,3.5527136788e-15,0,0,0,100,1,0,0,0,100,0,0,0,0,100
